dg_id,player_name,course_num,course_name,year,event_completed,sg_ott_vs_expected,sg_app_vs_expected,sg_arg_vs_expected,sg_putt_vs_expected,sg_total_vs_expected,player_name_dg,country,am,dg_rank,owgr_rank
18417,"Scheffler, Scottie",704,Pete Dye Stadium Course,2026,2026-01-25,0.5404458463660098,-1.2432763644222744,0.3297308518999416,0.612608560926236,0.2810286816274683,"Scheffler, Scottie",USA,0,1.0,1.0
18417,"Scheffler, Scottie",233,Nicklaus Tournament Course,2026,2026-01-25,,,,,0.3470286816274686,"Scheffler, Scottie",USA,0,1.0,1.0
18417,"Scheffler, Scottie",202,La Quinta Country Club,2026,2026-01-25,,,,,1.319028681627469,"Scheffler, Scottie",USA,0,1.0,1.0
18417,"Scheffler, Scottie",510,TPC Scottsdale (Stadium Course),2026,2026-02-08,-0.0433873857643331,-0.5885685755950861,0.13621345019649783,0.43369730281083957,-0.1219204995891352,"Scheffler, Scottie",USA,0,1.0,1.0
18417,"Scheffler, Scottie",5,Pebble Beach Golf Links,2026,2026-02-15,0.2604545251032617,-0.9290154895101338,-0.2831020470013965,0.48692547857033225,-0.5234606552738668,"Scheffler, Scottie",USA,0,1.0,1.0
18417,"Scheffler, Scottie",205,Spyglass Hill Golf Course,2026,2026-02-15,0.45312119176992827,-1.1393488228434672,2.61156461966527,-0.8557411880963344,1.009872678059467,"Scheffler, Scottie",USA,0,1.0,1.0
18417,"Scheffler, Scottie",500,The Riviera Country Club,2026,2026-02-22,-0.25022430958714326,-1.263656501658132,-0.06606568557174458,0.5492132192012622,-1.104102756634724,"Scheffler, Scottie",USA,0,1.0,1.0
18417,"Scheffler, Scottie",9,Arnold Palmer's Bay Hill Club & Lodge,2026,2026-03-08,-0.38616315976332827,-1.7441458961859002,0.36568713619763527,-0.4564709934913535,-2.303512935021735,"Scheffler, Scottie",USA,0,1.0,1.0
18417,"Scheffler, Scottie",11,TPC Sawgrass - THE PLAYERS Stadium Course,2026,2026-03-15,-0.7397733109279386,-0.8276733762766261,0.3045684042836494,0.187910358162167,-1.1839233274603402,"Scheffler, Scottie",USA,0,1.0,1.0
19195,"Rahm, Jon",1,Riyadh Golf Club,2026,2026-02-07,0.5757103302871854,-0.6623085577272954,-0.5022269204061661,0.9293291331736482,0.5439489063490615,"Rahm, Jon",ESP,0,2.0,30.0
19195,"Rahm, Jon",1,The Grange Golf Club,2026,2026-02-15,-0.39282368242291477,-0.23816757736547095,0.21748023343651435,0.7417147791774772,0.5158486303727061,"Rahm, Jon",ESP,0,2.0,30.0
19195,"Rahm, Jon",1,Hong Kong Golf Club,2026,2026-03-08,-0.79215651824162,1.3954806507998134,-0.43580528336042273,0.6287936006090384,0.982321497548261,"Rahm, Jon",ESP,0,2.0,30.0
19195,"Rahm, Jon",1,Sentosa Golf Club,2026,2026-03-15,-0.21443353258407016,1.6905085804797824,-0.09502818485966169,-1.864082975936285,-0.3072024178459878,"Rahm, Jon",ESP,0,2.0,30.0
19195,"Rahm, Jon",1,The Club at Steyn City,2026,2026-03-22,0.17958721442513037,0.0818751361382648,0.058960538780226335,0.5189208139107804,1.003787251845306,"Rahm, Jon",ESP,0,2.0,30.0
10091,"McIlroy, Rory",4726,dubai creek resort,2026,2026-01-18,,,,,0.16193453278766268,"McIlroy, Rory",NIR,0,3.0,2.0
10091,"McIlroy, Rory",4727,emirates gc,2026,2026-01-25,,,,,-1.735460876159929,"McIlroy, Rory",NIR,0,3.0,2.0
10091,"McIlroy, Rory",5,Pebble Beach Golf Links,2026,2026-02-15,-1.0947262013490267,1.7877673046272098,-0.28491111890513754,0.3658407137121714,0.859311397449442,"McIlroy, Rory",NIR,0,3.0,2.0
10091,"McIlroy, Rory",205,Spyglass Hill Golf Course,2026,2026-02-15,0.7086071319843065,0.6477673046272096,1.7364222144281958,-2.535492619621162,0.6426447307827752,"McIlroy, Rory",NIR,0,3.0,2.0
10091,"McIlroy, Rory",500,The Riviera Country Club,2026,2026-02-22,0.22809745495613198,0.9201247274721414,0.33324873009619677,0.23080199940587498,1.8279580387005496,"McIlroy, Rory",NIR,0,3.0,2.0
10091,"McIlroy, Rory",9,Arnold Palmer's Bay Hill Club & Lodge,2026,2026-03-08,0.9191227387874548,-1.3440174315094287,0.28410837672432865,0.9127483009405715,0.8936949727987313,"McIlroy, Rory",NIR,0,3.0,2.0
10091,"McIlroy, Rory",11,TPC Sawgrass - THE PLAYERS Stadium Course,2026,2026-03-15,0.44991253716566515,-0.2216923130599594,0.04700963261153163,-1.620387988132851,-1.2096453395861286,"McIlroy, Rory",NIR,0,3.0,2.0
19895,"Schauffele, Xander",4,Torrey Pines Golf Course (South Course),2026,2026-02-01,-1.4622232982379926,-0.17841300091821088,-0.796533086300585,0.054042744605632576,-2.37308709647832,"Schauffele, Xander",USA,0,4.0,10.0
19895,"Schauffele, Xander",104,Torrey Pines Golf Course (North Course),2026,2026-02-01,,,,,-1.2800870964783198,"Schauffele, Xander",USA,0,4.0,10.0
19895,"Schauffele, Xander",510,TPC Scottsdale (Stadium Course),2026,2026-02-08,0.36429233670081385,-0.3690599249876919,-0.727762301263743,-0.3537300871205085,-1.0175458564977755,"Schauffele, Xander",USA,0,4.0,10.0
19895,"Schauffele, Xander",5,Pebble Beach Golf Links,2026,2026-02-15,1.0800204768004638,-1.2185926860796044,-0.10800061733764478,0.9231882807998852,0.724847428453268,"Schauffele, Xander",USA,0,4.0,10.0
19895,"Schauffele, Xander",205,Spyglass Hill Golf Course,2026,2026-02-15,-0.052979523199535916,0.2650739805870621,-0.4180006173376447,-0.0008117192001148021,-0.1584859048800653,"Schauffele, Xander",USA,0,4.0,10.0
19895,"Schauffele, Xander",500,The Riviera Country Club,2026,2026-02-22,0.21765291196126724,0.03685639277315489,0.6433233451384688,-0.15165556472717964,0.794534147177989,"Schauffele, Xander",USA,0,4.0,10.0
19895,"Schauffele, Xander",9,Arnold Palmer's Bay Hill Club & Lodge,2026,2026-03-08,-0.354020931756924,-0.361751377118821,0.2891747370436586,-0.3435928081650675,-0.7094296233459352,"Schauffele, Xander",USA,0,4.0,10.0
19895,"Schauffele, Xander",11,TPC Sawgrass - THE PLAYERS Stadium Course,2026,2026-03-15,0.15994875614581916,1.2449140611563372,0.003528985634975307,0.41290678047403556,1.8997788538109857,"Schauffele, Xander",USA,0,4.0,10.0
19895,"Schauffele, Xander",665,Innisbrook Resort and Golf Club - Copperhead Course,2026,2026-03-22,-0.089077542642018,0.5087552533573687,-0.2505738308639759,0.3639265805775139,0.5985962653010113,"Schauffele, Xander",USA,0,4.0,10.0
12294,"Fleetwood, Tommy",4726,dubai creek resort,2026,2026-01-18,,,,,-1.6361911647215446,"Fleetwood, Tommy",ENG,0,5.0,4.0
12294,"Fleetwood, Tommy",4727,emirates gc,2026,2026-01-25,,,,,-1.7174874844311803,"Fleetwood, Tommy",ENG,0,5.0,4.0
12294,"Fleetwood, Tommy",5,Pebble Beach Golf Links,2026,2026-02-15,0.0500882472908461,0.8489341437199701,0.6933356556513054,-0.008004845623848234,1.7550546092511519,"Fleetwood, Tommy",ENG,0,5.0,4.0
12294,"Fleetwood, Tommy",205,Spyglass Hill Golf Course,2026,2026-02-15,0.47875491395751285,-0.8233991896133632,1.5503356556513053,0.4953284877094851,1.8717212759178181,"Fleetwood, Tommy",ENG,0,5.0,4.0
12294,"Fleetwood, Tommy",500,The Riviera Country Club,2026,2026-02-22,0.31654281941908546,-0.678720368397109,0.8117797586896749,0.0801283204071831,0.7036776145824746,"Fleetwood, Tommy",ENG,0,5.0,4.0
12294,"Fleetwood, Tommy",9,Arnold Palmer's Bay Hill Club & Lodge,2026,2026-03-08,-0.5999826060512605,-0.880647611634723,0.14854762894008922,-1.647884817297743,-2.798593060577046,"Fleetwood, Tommy",ENG,0,5.0,4.0
12294,"Fleetwood, Tommy",11,TPC Sawgrass - THE PLAYERS Stadium Course,2026,2026-03-15,0.6066463323900703,0.8908166283077327,0.44047366893892737,-0.9836701082582036,1.058273076627328,"Fleetwood, Tommy",ENG,0,5.0,4.0
12294,"Fleetwood, Tommy",770,TPC San Antonio - The Oaks Course,2026,2026-04-05,0.22886464330932133,0.6304168635443779,-0.5467058344633079,-0.38393607573714295,0.023929962307255304,"Fleetwood, Tommy",ENG,0,5.0,4.0
17646,"Fitzpatrick, Matt",704,Pete Dye Stadium Course,2026,2026-01-25,-0.4424796629199732,0.25359154832131464,-0.4630521584834567,-0.8222608820507473,-1.6109567790489772,"Fitzpatrick, Matt",ENG,0,6.0,6.0
17646,"Fitzpatrick, Matt",233,Nicklaus Tournament Course,2026,2026-01-25,,,,,-3.1519567790489775,"Fitzpatrick, Matt",ENG,0,6.0,6.0
17646,"Fitzpatrick, Matt",202,La Quinta Country Club,2026,2026-01-25,,,,,2.5210432209510225,"Fitzpatrick, Matt",ENG,0,6.0,6.0
17646,"Fitzpatrick, Matt",510,TPC Scottsdale (Stadium Course),2026,2026-02-08,0.8799391597701076,1.0361697873275884,0.6194040504093172,-0.670904488371944,1.7531034404326142,"Fitzpatrick, Matt",ENG,0,6.0,6.0
17646,"Fitzpatrick, Matt",5,Pebble Beach Golf Links,2026,2026-02-15,0.838717321762839,1.9573914223763902,-0.8265473162107014,-0.8124135169681126,1.0684831594762236,"Fitzpatrick, Matt",ENG,0,6.0,6.0
17646,"Fitzpatrick, Matt",205,Spyglass Hill Golf Course,2026,2026-02-15,0.4000506550961723,2.228058089043057,-0.6428806495440348,1.6219198163652206,3.518483159476224,"Fitzpatrick, Matt",ENG,0,6.0,6.0
17646,"Fitzpatrick, Matt",500,The Riviera Country Club,2026,2026-02-22,0.4193229677539887,0.6846564232339051,0.3080162489764694,-1.2740152969246523,0.06557593170150455,"Fitzpatrick, Matt",ENG,0,6.0,6.0
17646,"Fitzpatrick, Matt",9,Arnold Palmer's Bay Hill Club & Lodge,2026,2026-03-08,-0.09370725836024552,-1.4038941810562837,0.1945210321716821,0.4632803552606293,-0.9400718075908799,"Fitzpatrick, Matt",ENG,0,6.0,6.0
17646,"Fitzpatrick, Matt",11,TPC Sawgrass - THE PLAYERS Stadium Course,2026,2026-03-15,0.6967707676614703,0.9614276150059212,0.9571696916714413,0.12939970452245209,2.668115632785725,"Fitzpatrick, Matt",ENG,0,6.0,6.0
17646,"Fitzpatrick, Matt",665,Innisbrook Resort and Golf Club - Copperhead Course,2026,2026-03-22,0.5243215630616209,1.1549328289218623,0.3810770882745147,-0.1395827904239972,1.872446549954836,"Fitzpatrick, Matt",ENG,0,6.0,6.0
26651,"Young, Cameron",4,Torrey Pines Golf Course (South Course),2026,2026-02-01,0.13692115836602692,0.9843656236016781,0.07042365603386469,-0.27464949663456223,1.0424570900996968,"Young, Cameron",USA,0,7.0,3.0
26651,"Young, Cameron",104,Torrey Pines Golf Course (North Course),2026,2026-02-01,,,,,1.0047904234330298,"Young, Cameron",USA,0,7.0,3.0
26651,"Young, Cameron",510,TPC Scottsdale (Stadium Course),2026,2026-02-08,-0.43069159197890117,-0.4158714936405172,0.20178998154269118,0.5706623988281236,0.01440336496940664,"Young, Cameron",USA,0,7.0,3.0
26651,"Young, Cameron",5,Pebble Beach Golf Links,2026,2026-02-15,0.11911336345793011,-1.4408321714084267,0.5522756516362994,-0.6069718733221967,-1.2729540321629969,"Young, Cameron",USA,0,7.0,3.0
26651,"Young, Cameron",205,Spyglass Hill Golf Course,2026,2026-02-15,0.09178003012459679,2.4328344952582404,-0.27772434836370063,-0.5066385399888633,1.8437126345036703,"Young, Cameron",USA,0,7.0,3.0
26651,"Young, Cameron",500,The Riviera Country Club,2026,2026-02-22,0.23569812961851744,1.32188916735332,-0.06436489661254964,0.2162461340622472,1.8138991547593104,"Young, Cameron",USA,0,7.0,3.0
26651,"Young, Cameron",9,Arnold Palmer's Bay Hill Club & Lodge,2026,2026-03-08,1.5762195642831456,0.5886902219932029,0.10973372950382959,0.4066173794602646,2.7640694746222705,"Young, Cameron",USA,0,7.0,3.0
26651,"Young, Cameron",11,TPC Sawgrass - THE PLAYERS Stadium Course,2026,2026-03-15,0.30733896326893106,1.7925337249092856,-0.08325483170678187,1.131300024214206,3.237416954443758,"Young, Cameron",USA,0,7.0,3.0
23323,"MacIntyre, Robert",6,Waialae Country Club,2026,2026-01-18,0.4296551353968047,0.7727695511401481,-0.057826332512738776,0.21590276739559985,0.9451083066188313,"MacIntyre, Robert",SCO,0,8.0,8.0
23323,"MacIntyre, Robert",704,Pete Dye Stadium Course,2026,2026-01-25,-0.09483572244818927,-2.58647874725928,-0.5633319003817667,1.171512817359792,-2.5075536325456778,"MacIntyre, Robert",SCO,0,8.0,8.0
23323,"MacIntyre, Robert",233,Nicklaus Tournament Course,2026,2026-01-25,,,,,2.4514463674543223,"MacIntyre, Robert",SCO,0,8.0,8.0
23323,"MacIntyre, Robert",202,La Quinta Country Club,2026,2026-01-25,,,,,0.12444636745432258,"MacIntyre, Robert",SCO,0,8.0,8.0
23323,"MacIntyre, Robert",5,Pebble Beach Golf Links,2026,2026-02-15,-0.0013926688744558824,-0.2649192135741605,0.02982088167829991,1.0873341923996545,0.2647904393035687,"MacIntyre, Robert",SCO,0,8.0,8.0
23323,"MacIntyre, Robert",205,Spyglass Hill Golf Course,2026,2026-02-15,-0.11672600220778923,-0.07125254690749373,-1.4775124516550335,0.29966752573298794,-1.9518762273630978,"MacIntyre, Robert",SCO,0,8.0,8.0
23323,"MacIntyre, Robert",500,The Riviera Country Club,2026,2026-02-22,0.10064395565864104,-0.9779962138086815,0.4850980792607165,1.275055057687453,0.34758027068422903,"MacIntyre, Robert",SCO,0,8.0,8.0
23323,"MacIntyre, Robert",9,Arnold Palmer's Bay Hill Club & Lodge,2026,2026-03-08,0.9707063167357257,-1.1051430886908566,-0.04453632198400723,0.30175289154448687,-0.41619376624249194,"MacIntyre, Robert",SCO,0,8.0,8.0
23323,"MacIntyre, Robert",11,TPC Sawgrass - THE PLAYERS Stadium Course,2026,2026-03-15,0.5744943650127692,0.5480453774810053,0.37334555295902133,0.928952968248075,1.9249923387657364,"MacIntyre, Robert",SCO,0,8.0,8.0
23323,"MacIntyre, Robert",770,TPC San Antonio - The Oaks Course,2026,2026-04-05,0.3151388008132281,1.4579236599442107,-0.1472498020602796,0.4720303220090135,1.6110759305067732,"MacIntyre, Robert",SCO,0,8.0,8.0
14578,"Henley, Russell",6,Waialae Country Club,2026,2026-01-18,-0.8117298524344987,0.7057202651306694,-0.4607946525339748,0.16057241128444327,-0.41382322183991804,"Henley, Russell",USA,0,9.0,12.0
14578,"Henley, Russell",704,Pete Dye Stadium Course,2026,2026-01-25,0.3703225106108261,1.5249523565762049,-0.40886527506879317,-0.6572988530610635,0.8239923228996684,"Henley, Russell",USA,0,9.0,12.0
14578,"Henley, Russell",233,Nicklaus Tournament Course,2026,2026-01-25,,,,,-0.1100076771003311,"Henley, Russell",USA,0,9.0,12.0
14578,"Henley, Russell",202,La Quinta Country Club,2026,2026-01-25,,,,,0.8619923228996687,"Henley, Russell",USA,0,9.0,12.0
14578,"Henley, Russell",5,Pebble Beach Golf Links,2026,2026-02-15,0.5018286935181993,-0.46817286866090513,0.47707565533307034,-0.10206946511111864,0.37293417169630794,"Henley, Russell",USA,0,9.0,12.0
14578,"Henley, Russell",205,Spyglass Hill Golf Course,2026,2026-02-15,-0.5285046398151341,-1.893172868660905,-0.937257678000263,2.968597201555548,-0.4270658283036919,"Henley, Russell",USA,0,9.0,12.0
14578,"Henley, Russell",500,The Riviera Country Club,2026,2026-02-22,-0.29839852215441254,-1.1870167130025848,-1.3528334304048335,0.1210550320860585,-2.730102439626627,"Henley, Russell",USA,0,9.0,12.0
14578,"Henley, Russell",9,Arnold Palmer's Bay Hill Club & Lodge,2026,2026-03-08,0.5002765260394105,-0.6146103026139241,0.5234630205871467,0.9954521150191125,1.396038244568535,"Henley, Russell",USA,0,9.0,12.0
14578,"Henley, Russell",11,TPC Sawgrass - THE PLAYERS Stadium Course,2026,2026-03-15,0.22157827410058362,0.3314568661248132,-0.16509492553800897,0.2677383314554942,0.6629020048198777,"Henley, Russell",USA,0,9.0,12.0
14578,"Henley, Russell",770,TPC San Antonio - The Oaks Course,2026,2026-04-05,-0.20181905597469835,-1.205498265241887,0.48016768810844546,-1.1738771103388423,-2.1020615670701077,"Henley, Russell",USA,0,9.0,12.0
23950,"Aberg, Ludvig",233,Nicklaus Tournament Course,2026,2026-01-25,,,,,-0.8545594095469761,"Aberg, Ludvig",SWE,0,10.0,17.0
23950,"Aberg, Ludvig",202,La Quinta Country Club,2026,2026-01-25,,,,,-1.882559409546976,"Aberg, Ludvig",SWE,0,10.0,17.0
23950,"Aberg, Ludvig",4,Torrey Pines Golf Course (South Course),2026,2026-02-01,0.22340321690365672,-2.0970019772653044,-1.987410558561297,-2.762980041633734,-6.779401245673515,"Aberg, Ludvig",SWE,0,10.0,17.0
23950,"Aberg, Ludvig",104,Torrey Pines Golf Course (North Course),2026,2026-02-01,,,,,-3.6864012456735153,"Aberg, Ludvig",SWE,0,10.0,17.0
23950,"Aberg, Ludvig",5,Pebble Beach Golf Links,2026,2026-02-15,-0.8730331718197014,1.5491971560109978,0.5127915974685016,1.0333353125901037,2.167172638082393,"Aberg, Ludvig",SWE,0,10.0,17.0
23950,"Aberg, Ludvig",205,Spyglass Hill Golf Course,2026,2026-02-15,0.38196682818029837,-4.129136177322335,0.20045826413516815,-1.7809980207432297,-5.382827361917608,"Aberg, Ludvig",SWE,0,10.0,17.0
23950,"Aberg, Ludvig",500,The Riviera Country Club,2026,2026-02-22,-0.30470238092160773,0.5416043068857912,0.548012068306899,0.24932196653779135,1.0027285544624756,"Aberg, Ludvig",SWE,0,10.0,17.0
23950,"Aberg, Ludvig",9,Arnold Palmer's Bay Hill Club & Lodge,2026,2026-03-08,0.3504459435855585,1.5160598830482093,0.5437521694580928,0.3578632350255174,2.758493636038788,"Aberg, Ludvig",SWE,0,10.0,17.0
23950,"Aberg, Ludvig",11,TPC Sawgrass - THE PLAYERS Stadium Course,2026,2026-03-15,0.480772055060144,0.9148176155593054,0.4408265379974756,0.3743338490053696,2.2186688287011824,"Aberg, Ludvig",SWE,0,10.0,17.0
23950,"Aberg, Ludvig",770,TPC San Antonio - The Oaks Course,2026,2026-04-05,-0.04271781018913945,-0.21925630717851563,1.394147524605485,0.7431430684864905,1.9013074510164358,"Aberg, Ludvig",SWE,0,10.0,17.0
19841,"DeChambeau, Bryson",1,Riyadh Golf Club,2026,2026-02-07,-0.21851690174143568,0.03568823745473443,-0.18587786991594102,-1.0604397217519932,-1.3937219419173708,"DeChambeau, Bryson",USA,0,11.0,24.0
19841,"DeChambeau, Bryson",1,The Grange Golf Club,2026,2026-02-15,-1.0283836288250776,0.8927455703760462,-0.2604384664493731,0.5489617546366536,0.14621784791971582,"DeChambeau, Bryson",USA,0,11.0,24.0
19841,"DeChambeau, Bryson",1,Hong Kong Golf Club,2026,2026-03-08,-0.5007497923137784,-0.7366255818032696,0.2254278402063689,-0.8622491895140949,-1.8877230996844603,"DeChambeau, Bryson",USA,0,11.0,24.0
19841,"DeChambeau, Bryson",1,Sentosa Golf Club,2026,2026-03-15,-0.3385500177680326,0.5452426178683271,0.8159069427900868,0.2200830632403635,1.2072287465638707,"DeChambeau, Bryson",USA,0,11.0,24.0
19841,"DeChambeau, Bryson",1,The Club at Steyn City,2026,2026-03-22,0.41542085755653235,-0.17573378640639503,0.08609115898622732,1.1498671387020374,1.4360719435964613,"DeChambeau, Bryson",USA,0,11.0,24.0
13562,"Matsuyama, Hideki",6,Waialae Country Club,2026,2026-01-18,-0.052337434870899924,0.5701493172946562,0.2498374250153742,-0.6254883796997189,0.13655388345905495,"Matsuyama, Hideki",JPN,0,12.0,14.0
13562,"Matsuyama, Hideki",4,Torrey Pines Golf Course (South Course),2026,2026-02-01,-0.34195503918877956,0.5871058904573381,-0.21301316325112968,-0.44773026821201833,-0.43548807490576236,"Matsuyama, Hideki",JPN,0,12.0,14.0
13562,"Matsuyama, Hideki",104,Torrey Pines Golf Course (North Course),2026,2026-02-01,,,,,3.7881785917609045,"Matsuyama, Hideki",JPN,0,12.0,14.0
13562,"Matsuyama, Hideki",510,TPC Scottsdale (Stadium Course),2026,2026-02-08,-1.2880799672802898,1.0664552507226825,0.7081554737600223,1.6021537000347978,1.9435100297960481,"Matsuyama, Hideki",JPN,0,12.0,14.0
13562,"Matsuyama, Hideki",5,Pebble Beach Golf Links,2026,2026-02-15,-0.3013959813227234,-0.2532973065452342,0.3053205161754242,1.2610931610986955,0.85584473958468,"Matsuyama, Hideki",JPN,0,12.0,14.0
13562,"Matsuyama, Hideki",205,Spyglass Hill Golf Course,2026,2026-02-15,-0.37239598132272345,1.118036026788099,0.6139871828420909,0.519759827765362,1.7225114062513471,"Matsuyama, Hideki",JPN,0,12.0,14.0
13562,"Matsuyama, Hideki",500,The Riviera Country Club,2026,2026-02-22,0.26594036378339814,-0.8719139469093977,-0.2450691968623656,0.29572117262539893,-0.7434445286159836,"Matsuyama, Hideki",JPN,0,12.0,14.0
13562,"Matsuyama, Hideki",9,Arnold Palmer's Bay Hill Club & Lodge,2026,2026-03-08,0.3292292356456648,-1.2311158998997531,-0.150318798131155,-0.22283173227894193,-1.4239287582878615,"Matsuyama, Hideki",JPN,0,12.0,14.0
13562,"Matsuyama, Hideki",11,TPC Sawgrass - THE PLAYERS Stadium Course,2026,2026-03-15,-0.21672611393604801,0.004500415271065261,-0.2450286615046765,0.5388660724902604,-0.06553960110676993,"Matsuyama, Hideki",JPN,0,12.0,14.0
13562,"Matsuyama, Hideki",770,TPC San Antonio - The Oaks Course,2026,2026-04-05,0.7865273444595071,0.4881141140189462,-1.3405147712920473,-0.09392483345422983,-0.2890658527187271,"Matsuyama, Hideki",JPN,0,12.0,14.0
14609,"Kim, Si Woo",6,Waialae Country Club,2026,2026-01-18,0.5897053437496633,1.1885575896631035,-0.05498122901222832,-0.7425651120689599,1.0513536688778247,"Kim, Si Woo",KOR,0,13.0,28.0
14609,"Kim, Si Woo",704,Pete Dye Stadium Course,2026,2026-01-25,0.32731081259325645,1.3361490635488584,-1.0915222932062343,-0.00020511500050524045,0.6439449840592639,"Kim, Si Woo",KOR,0,13.0,28.0
14609,"Kim, Si Woo",233,Nicklaus Tournament Course,2026,2026-01-25,,,,,3.1029449840592638,"Kim, Si Woo",KOR,0,13.0,28.0
14609,"Kim, Si Woo",202,La Quinta Country Club,2026,2026-01-25,,,,,1.7759449840592638,"Kim, Si Woo",KOR,0,13.0,28.0
14609,"Kim, Si Woo",4,Torrey Pines Golf Course (South Course),2026,2026-02-01,-0.5124046355618906,2.1270031018943865,-0.17729544702572084,0.7103204874984528,2.026110400361306,"Kim, Si Woo",KOR,0,13.0,28.0
14609,"Kim, Si Woo",104,Torrey Pines Golf Course (North Course),2026,2026-02-01,,,,,2.6551104003613055,"Kim, Si Woo",KOR,0,13.0,28.0
14609,"Kim, Si Woo",510,TPC Scottsdale (Stadium Course),2026,2026-02-08,0.6785500606167548,0.6657461332931055,0.8811610427836731,0.0618276208017039,2.0965617792316005,"Kim, Si Woo",KOR,0,13.0,28.0
14609,"Kim, Si Woo",5,Pebble Beach Golf Links,2026,2026-02-15,0.4952002572755214,0.47098509090732577,-0.40048770612731677,0.571565837496914,0.9486273377270398,"Kim, Si Woo",KOR,0,13.0,28.0
14609,"Kim, Si Woo",205,Spyglass Hill Golf Course,2026,2026-02-15,-0.6154664093911452,-1.4320149090926741,-0.11748770612731674,-2.496767495836419,-4.85137266227296,"Kim, Si Woo",KOR,0,13.0,28.0
14609,"Kim, Si Woo",500,The Riviera Country Club,2026,2026-02-22,-0.30515117514262735,0.45139478615410344,0.22848505467759728,-0.5114601302104322,-0.30492777952138905,"Kim, Si Woo",KOR,0,13.0,28.0
14609,"Kim, Si Woo",9,Arnold Palmer's Bay Hill Club & Lodge,2026,2026-03-08,0.2208762859742569,0.20566934905641432,0.22833117760071153,0.23529389027166414,0.6934589519482572,"Kim, Si Woo",KOR,0,13.0,28.0
14609,"Kim, Si Woo",11,TPC Sawgrass - THE PLAYERS Stadium Course,2026,2026-03-15,0.21780083949536178,-1.4671816312752748,0.2092723487502941,0.712864335058879,-0.5327930621895962,"Kim, Si Woo",KOR,0,13.0,28.0
14609,"Kim, Si Woo",770,TPC San Antonio - The Oaks Course,2026,2026-04-05,0.148206947007686,0.43272674724313376,-0.7051826930431879,1.0666274856677604,0.7566471928082714,"Kim, Si Woo",KOR,0,13.0,28.0
22085,"Morikawa, Collin",6,Waialae Country Club,2026,2026-01-18,0.4331976522049681,-0.08524760506313744,-0.7913273801085595,-1.4269003138724599,-1.91719687275345,"Morikawa, Collin",USA,0,14.0,7.0
22085,"Morikawa, Collin",510,TPC Scottsdale (Stadium Course),2026,2026-02-08,-0.27333577778239004,-0.4702145544194378,0.19562790832098892,-0.4964624833198036,-1.0932210179390691,"Morikawa, Collin",USA,0,14.0,7.0
22085,"Morikawa, Collin",5,Pebble Beach Golf Links,2026,2026-02-15,0.6609440365899125,1.839232334263011,0.3771881428899082,0.6496995816433841,3.492245327848228,"Morikawa, Collin",USA,0,14.0,7.0
22085,"Morikawa, Collin",205,Spyglass Hill Golf Course,2026,2026-02-15,-0.5573892967434211,2.214232334263011,-0.5738118571100919,-0.7726337516899491,0.2755786611815616,"Morikawa, Collin",USA,0,14.0,7.0
22085,"Morikawa, Collin",500,The Riviera Country Club,2026,2026-02-22,0.23919887953708696,0.22071797735126808,0.07338563110091861,0.6109974317616496,1.1303475594885934,"Morikawa, Collin",USA,0,14.0,7.0
22085,"Morikawa, Collin",9,Arnold Palmer's Bay Hill Club & Lodge,2026,2026-03-08,0.30278628072803015,0.35636044065237693,0.21859575864393782,0.9867438316334214,1.8620692063403128,"Morikawa, Collin",USA,0,14.0,7.0
16841,"Lee, Min Woo",704,Pete Dye Stadium Course,2026,2026-01-25,0.11858856966914744,1.182110246912964,-1.1020076771540737,-1.154466424318473,-1.1904260179107364,"Lee, Min Woo",AUS,0,15.0,25.0
16841,"Lee, Min Woo",233,Nicklaus Tournament Course,2026,2026-01-25,,,,,4.268573982089264,"Lee, Min Woo",AUS,0,15.0,25.0
16841,"Lee, Min Woo",202,La Quinta Country Club,2026,2026-01-25,,,,,-1.0584260179107363,"Lee, Min Woo",AUS,0,15.0,25.0
16841,"Lee, Min Woo",510,TPC Scottsdale (Stadium Course),2026,2026-02-08,0.36052004103901947,-0.0694407526632535,1.0196233670218076,-0.4169947711335715,0.5504521546062047,"Lee, Min Woo",AUS,0,15.0,25.0
16841,"Lee, Min Woo",5,Pebble Beach Golf Links,2026,2026-02-15,0.06437608492095542,1.5666082079115098,-0.6831045050303219,2.4408023828143794,3.0847702606746727,"Lee, Min Woo",AUS,0,15.0,25.0
16841,"Lee, Min Woo",205,Spyglass Hill Golf Course,2026,2026-02-15,0.5953760849209555,2.793274874578177,-0.8127711716969886,0.5961357161477125,2.868103594008007,"Lee, Min Woo",AUS,0,15.0,25.0
16841,"Lee, Min Woo",500,The Riviera Country Club,2026,2026-02-22,1.2435657884963798,-0.9758465865693924,0.6025814674065385,0.7411866596458483,1.3737025687997737,"Lee, Min Woo",AUS,0,15.0,25.0
16841,"Lee, Min Woo",9,Arnold Palmer's Bay Hill Club & Lodge,2026,2026-03-08,0.09067102067479549,1.71219760969757,0.3723575995344731,0.11671435903795171,2.088757452080188,"Lee, Min Woo",AUS,0,15.0,25.0
16841,"Lee, Min Woo",11,TPC Sawgrass - THE PLAYERS Stadium Course,2026,2026-03-15,0.6115267787606342,0.33970224547784705,-0.6899438630508223,0.24790120201134194,0.3202551475986981,"Lee, Min Woo",AUS,0,15.0,25.0
16841,"Lee, Min Woo",897,Memorial Park Golf Course,2026,2026-03-29,0.4206362896652071,1.515986755356709,-0.22258494515970176,0.5940202781446567,2.1113329380900754,"Lee, Min Woo",AUS,0,15.0,25.0
19396,"Knapp, Jake",6,Waialae Country Club,2026,2026-01-18,0.28836025326909365,-0.020011547201469138,0.47546313981905947,0.9008016904003547,1.6964941490323722,"Knapp, Jake",USA,0,16.0,42.0
19396,"Knapp, Jake",4,Torrey Pines Golf Course (South Course),2026,2026-02-01,0.823160535878598,0.12187161254954068,-0.2604988885983649,1.7390199168044183,2.420962315079399,"Knapp, Jake",USA,0,16.0,42.0
19396,"Knapp, Jake",104,Torrey Pines Golf Course (North Course),2026,2026-02-01,,,,,2.9779623150793983,"Knapp, Jake",USA,0,16.0,42.0
19396,"Knapp, Jake",510,TPC Scottsdale (Stadium Course),2026,2026-02-08,0.843937546472629,1.2375789996997821,0.9315825374037878,-0.3771712147949017,2.5538643178209015,"Knapp, Jake",USA,0,16.0,42.0
19396,"Knapp, Jake",5,Pebble Beach Golf Links,2026,2026-02-15,-0.2428347426487947,0.34340773793081825,1.0792127402687064,0.7956437054399754,1.911350286523235,"Knapp, Jake",USA,0,16.0,42.0
19396,"Knapp, Jake",205,Spyglass Hill Golf Course,2026,2026-02-15,1.0034985906845386,1.3180744045974848,-0.39245392639796006,2.1629770387733087,4.028016953189902,"Knapp, Jake",USA,0,16.0,42.0
19396,"Knapp, Jake",500,The Riviera Country Club,2026,2026-02-22,-0.13830723999711952,1.1956774699293828,0.07978815221580307,0.9377625264885121,2.06992166706441,"Knapp, Jake",USA,0,16.0,42.0
19396,"Knapp, Jake",11,TPC Sawgrass - THE PLAYERS Stadium Course,2026,2026-03-15,-1.120975533698941,-2.3041394304168277,-0.38072265502672564,2.7237506003418783,-1.109232873339784,"Knapp, Jake",USA,0,16.0,42.0
19396,"Knapp, Jake",897,Memorial Park Golf Course,2026,2026-03-29,-0.3989373347933799,1.3872528343967172,0.2737523798281055,0.6733575628621871,1.9055535599811675,"Knapp, Jake",USA,0,16.0,42.0
29433,"Bridgeman, Jacob",6,Waialae Country Club,2026,2026-01-18,0.17200760693434552,0.874401589125277,0.3123368500975765,0.8089343215924516,2.304048303274439,"Bridgeman, Jacob",USA,0,17.0,18.0
29433,"Bridgeman, Jacob",704,Pete Dye Stadium Course,2026,2026-01-25,1.1206955226841637,1.2850390235019673,-0.6358195815021017,0.4376383603000277,2.3640992651129435,"Bridgeman, Jacob",USA,0,17.0,18.0
29433,"Bridgeman, Jacob",233,Nicklaus Tournament Course,2026,2026-01-25,,,,,2.8230992651129436,"Bridgeman, Jacob",USA,0,17.0,18.0
29433,"Bridgeman, Jacob",202,La Quinta Country Club,2026,2026-01-25,,,,,-0.503900734887056,"Bridgeman, Jacob",USA,0,17.0,18.0
29433,"Bridgeman, Jacob",510,TPC Scottsdale (Stadium Course),2026,2026-02-08,0.3306397094594994,0.21100036842574077,-0.5256364997408818,1.4110970267864729,1.4619480923982402,"Bridgeman, Jacob",USA,0,17.0,18.0
29433,"Bridgeman, Jacob",5,Pebble Beach Golf Links,2026,2026-02-15,-0.37413789874842807,1.2444071569038173,0.2439840395616919,0.3475591521036176,1.4834810425292557,"Bridgeman, Jacob",USA,0,17.0,18.0
29433,"Bridgeman, Jacob",205,Spyglass Hill Golf Course,2026,2026-02-15,-0.001804565415094661,2.6810738235704834,1.8966507062283584,0.42022581877028425,5.016814375862589,"Bridgeman, Jacob",USA,0,17.0,18.0
29433,"Bridgeman, Jacob",500,The Riviera Country Club,2026,2026-02-22,0.6328904285505427,1.6670676508330653,-0.3498475311971552,1.498179878843012,3.4468417067508983,"Bridgeman, Jacob",USA,0,17.0,18.0
29433,"Bridgeman, Jacob",9,Arnold Palmer's Bay Hill Club & Lodge,2026,2026-03-08,0.514089347691343,-0.1385388087900518,-0.36120377504633383,0.5889637115425095,0.618061666721345,"Bridgeman, Jacob",USA,0,17.0,18.0
29433,"Bridgeman, Jacob",11,TPC Sawgrass - THE PLAYERS Stadium Course,2026,2026-03-15,0.9518888205703624,-0.8686334776271907,0.3270341475214445,1.9791701520351146,2.4148092198144333,"Bridgeman, Jacob",USA,0,17.0,18.0
29433,"Bridgeman, Jacob",665,Innisbrook Resort and Golf Club - Copperhead Course,2026,2026-03-22,0.6418618610103043,0.6247729103339812,-0.7317988960041508,0.31570732066902674,0.8340999650769111,"Bridgeman, Jacob",USA,0,17.0,18.0
15466,"Cantlay, Patrick",704,Pete Dye Stadium Course,2026,2026-01-25,-0.039299053114442095,-0.025924250912737756,0.4783535629336464,-0.3926380269137748,-0.07123642949335873,"Cantlay, Patrick",USA,0,18.0,35.0
15466,"Cantlay, Patrick",233,Nicklaus Tournament Course,2026,2026-01-25,,,,,2.3877635705066407,"Cantlay, Patrick",USA,0,18.0,35.0
15466,"Cantlay, Patrick",202,La Quinta Country Club,2026,2026-01-25,,,,,-0.939236429493359,"Cantlay, Patrick",USA,0,18.0,35.0
15466,"Cantlay, Patrick",4,Torrey Pines Golf Course (South Course),2026,2026-02-01,-0.05848271029560703,0.3145475421278837,0.10311167006242034,-1.2100505321464432,-0.9844489976863624,"Cantlay, Patrick",USA,0,18.0,35.0
15466,"Cantlay, Patrick",104,Torrey Pines Golf Course (North Course),2026,2026-02-01,,,,,-1.8914489976863624,"Cantlay, Patrick",USA,0,18.0,35.0
15466,"Cantlay, Patrick",5,Pebble Beach Golf Links,2026,2026-02-15,0.020880069471745588,1.1367964740447776,0.30072851237303233,0.6491993325447345,2.0670296101419163,"Cantlay, Patrick",USA,0,18.0,35.0
15466,"Cantlay, Patrick",205,Spyglass Hill Golf Course,2026,2026-02-15,-1.194453263861588,-0.7145368592885557,-0.5922714876269677,0.47653266587806786,-2.0663037231914165,"Cantlay, Patrick",USA,0,18.0,35.0
15466,"Cantlay, Patrick",500,The Riviera Country Club,2026,2026-02-22,0.20630010963146028,-0.6235602287917845,0.2514336264093393,-0.6723942353220402,-0.9229312904225305,"Cantlay, Patrick",USA,0,18.0,35.0
15466,"Cantlay, Patrick",9,Arnold Palmer's Bay Hill Club & Lodge,2026,2026-03-08,0.7511652650319123,-1.5638340841418774,-0.3251547460095008,-1.2687643776565272,-2.4802767551821425,"Cantlay, Patrick",USA,0,18.0,35.0
15466,"Cantlay, Patrick",11,TPC Sawgrass - THE PLAYERS Stadium Course,2026,2026-03-15,0.5994437108759252,-0.9003515987477119,0.2496747603177411,0.18435391359590808,0.02844489015547369,"Cantlay, Patrick",USA,0,18.0,35.0
15466,"Cantlay, Patrick",665,Innisbrook Resort and Golf Club - Copperhead Course,2026,2026-03-22,-0.0824786721569441,0.055053615061146366,0.013156608959960264,0.9327544238005422,0.8455605131485506,"Cantlay, Patrick",USA,0,18.0,35.0
26096,"Bhatia, Akshay",704,Pete Dye Stadium Course,2026,2026-01-25,-4.007764057452197,-2.679834496189568,0.2922365802607781,-0.8324917092862739,-7.318104325330726,"Bhatia, Akshay",USA,0,19.0,21.0
26096,"Bhatia, Akshay",233,Nicklaus Tournament Course,2026,2026-01-25,,,,,-2.2671043253307266,"Bhatia, Akshay",USA,0,19.0,21.0
26096,"Bhatia, Akshay",202,La Quinta Country Club,2026,2026-01-25,,,,,-1.295104325330727,"Bhatia, Akshay",USA,0,19.0,21.0
26096,"Bhatia, Akshay",4,Torrey Pines Golf Course (South Course),2026,2026-02-01,-0.2641910605668969,-0.5489059105479983,0.8306244615086319,-3.9781872507576983,-3.9263019503063212,"Bhatia, Akshay",USA,0,19.0,21.0
26096,"Bhatia, Akshay",104,Torrey Pines Golf Course (North Course),2026,2026-02-01,,,,,0.16669804969367896,"Bhatia, Akshay",USA,0,19.0,21.0
26096,"Bhatia, Akshay",510,TPC Scottsdale (Stadium Course),2026,2026-02-08,0.5720877049137703,0.9473290403393215,-0.12723631731190732,1.4530874015957873,2.9441464246633378,"Bhatia, Akshay",USA,0,19.0,21.0
26096,"Bhatia, Akshay",5,Pebble Beach Golf Links,2026,2026-02-15,0.4229580010474644,0.41362591322758946,0.48956449520982226,0.013348991706756921,1.4355421991889823,"Bhatia, Akshay",USA,0,19.0,21.0
26096,"Bhatia, Akshay",205,Spyglass Hill Golf Course,2026,2026-02-15,0.171624667714131,1.6826259132275894,2.412231161876489,1.6073489917067567,5.968875532522316,"Bhatia, Akshay",USA,0,19.0,21.0
26096,"Bhatia, Akshay",500,The Riviera Country Club,2026,2026-02-22,0.21112356321526468,0.5699724147208043,-0.07495547381301994,0.620582873266024,1.4039952318806717,"Bhatia, Akshay",USA,0,19.0,21.0
26096,"Bhatia, Akshay",9,Arnold Palmer's Bay Hill Club & Lodge,2026,2026-03-08,-0.9577661851078902,0.3217093623360236,1.5333585285073688,2.659319402453908,3.624069557087773,"Bhatia, Akshay",USA,0,19.0,21.0
26096,"Bhatia, Akshay",11,TPC Sawgrass - THE PLAYERS Stadium Course,2026,2026-03-15,1.0265886331524579,1.5235525696060321,-1.107401755456128,0.06155101474862798,1.5353886575749147,"Bhatia, Akshay",USA,0,19.0,21.0
26096,"Bhatia, Akshay",4782,dlf g&cc player course,2026,2026-03-29,,,,,-1.7853874385543729,"Bhatia, Akshay",USA,0,19.0,21.0
18634,"McNealy, Maverick",6,Waialae Country Club,2026,2026-01-18,-0.05243691695289032,0.37715005359146403,-0.06290481323588301,0.13527752555824504,0.2650005837223395,"McNealy, Maverick",USA,0,20.0,27.0
18634,"McNealy, Maverick",4,Torrey Pines Golf Course (South Course),2026,2026-02-01,0.16494627496327074,0.06361222687683502,0.6296038061548201,0.12946945460478268,0.8575102453350151,"McNealy, Maverick",USA,0,20.0,27.0
18634,"McNealy, Maverick",104,Torrey Pines Golf Course (North Course),2026,2026-02-01,,,,,3.414510245335015,"McNealy, Maverick",USA,0,20.0,27.0
18634,"McNealy, Maverick",510,TPC Scottsdale (Stadium Course),2026,2026-02-08,0.5279988659858859,0.6423301081219563,-0.02127182059751817,0.37415408842713777,1.2851888176392654,"McNealy, Maverick",USA,0,20.0,27.0
18634,"McNealy, Maverick",5,Pebble Beach Golf Links,2026,2026-02-15,0.601036982096295,0.9044074731267633,0.5547122204564501,-0.35454556755072775,1.4824309350659481,"McNealy, Maverick",USA,0,20.0,27.0
18634,"McNealy, Maverick",205,Spyglass Hill Golf Course,2026,2026-02-15,-0.5746296845703718,-0.001259193539903447,-0.6009544462102165,-1.2498789008840612,-2.650902398267385,"McNealy, Maverick",USA,0,20.0,27.0
18634,"McNealy, Maverick",500,The Riviera Country Club,2026,2026-02-22,1.1275342717389458,-0.4483125153430182,-0.22555288144551397,-1.6717456687618548,-1.4190114549448154,"McNealy, Maverick",USA,0,20.0,27.0
18634,"McNealy, Maverick",9,Arnold Palmer's Bay Hill Club & Lodge,2026,2026-03-08,0.7125613131238918,-0.19461817020889075,0.6235352240416483,-0.052954390583957456,0.9017349808790751,"McNealy, Maverick",USA,0,20.0,27.0
18634,"McNealy, Maverick",11,TPC Sawgrass - THE PLAYERS Stadium Course,2026,2026-03-15,0.0984073066776337,-0.2055331372852814,0.061693902523975414,0.6536343442812259,0.43909233692192984,"McNealy, Maverick",USA,0,20.0,27.0
18634,"McNealy, Maverick",770,TPC San Antonio - The Oaks Course,2026,2026-04-05,-0.6489734212631579,-0.14251637737098372,0.039483030445853634,1.3502415231182399,0.42906924031296356,"McNealy, Maverick",USA,0,20.0,27.0
19483,"Burns, Sam",704,Pete Dye Stadium Course,2026,2026-01-25,0.5144498948679559,0.5273168964470916,-0.03793723354487097,-1.2043954238782406,-0.2796046432031253,"Burns, Sam",USA,0,21.0,33.0
19483,"Burns, Sam",233,Nicklaus Tournament Course,2026,2026-01-25,,,,,-0.7136046432031252,"Burns, Sam",USA,0,21.0,33.0
19483,"Burns, Sam",202,La Quinta Country Club,2026,2026-01-25,,,,,1.2583953567968746,"Burns, Sam",USA,0,21.0,33.0
19483,"Burns, Sam",510,TPC Scottsdale (Stadium Course),2026,2026-02-08,-0.12565595857240758,-0.2940735611032842,-1.8684773887897401,-1.53428688767405,-3.8752356401728454,"Burns, Sam",USA,0,21.0,33.0
19483,"Burns, Sam",5,Pebble Beach Golf Links,2026,2026-02-15,0.37116512904738225,1.0911132933676786,-0.4565003828547225,0.7407933459696222,1.700972186736518,"Burns, Sam",USA,0,21.0,33.0
19483,"Burns, Sam",205,Spyglass Hill Golf Course,2026,2026-02-15,0.2994984623807156,0.24744662670101203,0.8061662838119442,0.9277933459696223,2.2343055200698516,"Burns, Sam",USA,0,21.0,33.0
19483,"Burns, Sam",500,The Riviera Country Club,2026,2026-02-22,-0.8352237297711907,-0.2008983350320719,0.059256857600189956,-0.7066969574803569,-1.7305563532275996,"Burns, Sam",USA,0,21.0,33.0
19483,"Burns, Sam",9,Arnold Palmer's Bay Hill Club & Lodge,2026,2026-03-08,0.1700224035730027,-2.082566972131173,0.5400860769006638,-0.8855837566884502,-2.2990103053697677,"Burns, Sam",USA,0,21.0,33.0
19483,"Burns, Sam",11,TPC Sawgrass - THE PLAYERS Stadium Course,2026,2026-03-15,0.3745482840841812,-0.1306587366927169,-0.2894695895674676,1.3036014030166134,1.1964670179101429,"Burns, Sam",USA,0,21.0,33.0
19483,"Burns, Sam",897,Memorial Park Golf Course,2026,2026-03-29,0.0787951607667684,0.4626913716744073,-0.2401533210938211,-0.011743899332067098,0.21395188449751235,"Burns, Sam",USA,0,21.0,33.0
18841,"Hovland, Viktor",4727,emirates gc,2026,2026-01-25,,,,,-0.2528030909113631,"Hovland, Viktor",NOR,0,22.0,22.0
18841,"Hovland, Viktor",510,TPC Scottsdale (Stadium Course),2026,2026-02-08,-0.9591217379436433,0.3687671018805264,0.8568676891964843,0.883678179997404,1.2387844424493597,"Hovland, Viktor",NOR,0,22.0,22.0
18841,"Hovland, Viktor",5,Pebble Beach Golf Links,2026,2026-02-15,-1.1751505380270557,-0.29732389469760945,-0.41006758480853966,-0.3587091028431869,-2.1448247962105143,"Hovland, Viktor",NOR,0,22.0,22.0
18841,"Hovland, Viktor",205,Spyglass Hill Golf Course,2026,2026-02-15,0.016182795306277642,0.7860094386357238,-0.12006758480853968,-0.7223757695098536,0.055175203789485705,"Hovland, Viktor",NOR,0,22.0,22.0
18841,"Hovland, Viktor",500,The Riviera Country Club,2026,2026-02-22,0.17841544918250019,-0.2544504816487866,0.008763846430444533,-0.9392459407749201,-0.922282673483506,"Hovland, Viktor",NOR,0,22.0,22.0
18841,"Hovland, Viktor",9,Arnold Palmer's Bay Hill Club & Lodge,2026,2026-03-08,-0.58084103122456,-0.05427618852568106,0.12151063048478544,1.0811861156787717,0.6447788498474429,"Hovland, Viktor",NOR,0,22.0,22.0
18841,"Hovland, Viktor",11,TPC Sawgrass - THE PLAYERS Stadium Course,2026,2026-03-15,-0.622019485378718,-0.4562179435358601,2.0480566638034827,0.1383232200153748,1.1990645153786075,"Hovland, Viktor",NOR,0,22.0,22.0
18841,"Hovland, Viktor",665,Innisbrook Resort and Golf Club - Copperhead Course,2026,2026-03-22,0.8188986287041613,-1.034834967003317,-0.49427982663381165,-1.2637294097988316,-1.8592293941995384,"Hovland, Viktor",NOR,0,22.0,22.0
17536,"Spaun, J.J.",6,Waialae Country Club,2026,2026-01-18,-0.0638101946671816,-0.625647437656461,1.1251165731237447,-0.6081910339820041,-0.5517899316632089,"Spaun, J.J.",USA,0,23.0,5.0
17536,"Spaun, J.J.",4,Torrey Pines Golf Course (South Course),2026,2026-02-01,0.014957953082736453,-1.548716304114567,0.7907329082402348,-2.434753326431632,-3.534448484347384,"Spaun, J.J.",USA,0,23.0,5.0
17536,"Spaun, J.J.",104,Torrey Pines Golf Course (North Course),2026,2026-02-01,,,,,-0.4414484843473836,"Spaun, J.J.",USA,0,23.0,5.0
17536,"Spaun, J.J.",5,Pebble Beach Golf Links,2026,2026-02-15,0.5746458205111132,0.2451836407735536,0.3369854504576976,0.026274519949735342,0.8356358264094875,"Spaun, J.J.",USA,0,23.0,5.0
17536,"Spaun, J.J.",205,Spyglass Hill Golf Course,2026,2026-02-15,-0.22702084615555337,0.5108503074402204,-1.0180145495423023,-2.5483921467169313,-3.631030840257179,"Spaun, J.J.",USA,0,23.0,5.0
17536,"Spaun, J.J.",500,The Riviera Country Club,2026,2026-02-22,-0.19855302619705506,-1.5125978666101068,0.22831484265432309,-1.043657176403958,-2.8758124897978936,"Spaun, J.J.",USA,0,23.0,5.0
17536,"Spaun, J.J.",9,Arnold Palmer's Bay Hill Club & Lodge,2026,2026-03-08,0.3528305869821024,-0.004334541582828311,-1.1956686235170568,-0.21505713357388717,-1.4057390209243916,"Spaun, J.J.",USA,0,23.0,5.0
17536,"Spaun, J.J.",11,TPC Sawgrass - THE PLAYERS Stadium Course,2026,2026-03-15,0.1209396655129382,0.8572931008713452,-0.40745944223527586,0.8401857213270312,1.0958391963951717,"Spaun, J.J.",USA,0,23.0,5.0
17536,"Spaun, J.J.",665,Innisbrook Resort and Golf Club - Copperhead Course,2026,2026-03-22,-0.9045728741010028,0.7733086664846484,-0.26497765276977264,-2.2728452693249412,-2.970953943336883,"Spaun, J.J.",USA,0,23.0,5.0
17536,"Spaun, J.J.",770,TPC San Antonio - The Oaks Course,2026,2026-04-05,0.29582147429550165,1.141153859968989,0.1739814273006189,1.3539737801749072,2.666804607209794,"Spaun, J.J.",USA,0,23.0,5.0
23602,"Hojgaard, Nicolai",4726,dubai creek resort,2026,2026-01-18,,,,,-2.947436488646022,"Hojgaard, Nicolai",DEN,0,24.0,36.0
23602,"Hojgaard, Nicolai",4727,emirates gc,2026,2026-01-25,,,,,1.5363784803463438,"Hojgaard, Nicolai",DEN,0,24.0,36.0
23602,"Hojgaard, Nicolai",4,Torrey Pines Golf Course (South Course),2026,2026-02-01,0.3495750931218675,0.13571869378673862,0.007841634024558175,0.5083040243175848,1.0840118479148986,"Hojgaard, Nicolai",DEN,0,24.0,36.0
23602,"Hojgaard, Nicolai",104,Torrey Pines Golf Course (North Course),2026,2026-02-01,,,,,2.379678514581565,"Hojgaard, Nicolai",DEN,0,24.0,36.0
23602,"Hojgaard, Nicolai",510,TPC Scottsdale (Stadium Course),2026,2026-02-08,1.043207052527271,0.6648921225942132,0.4372554997453054,0.6729180510609838,2.807109502842763,"Hojgaard, Nicolai",DEN,0,24.0,36.0
23602,"Hojgaard, Nicolai",928,PGA National  - Champion Course,2026,2026-03-01,0.038537537871324135,0.7393150320880009,0.34044641849937607,0.18584797016169302,1.3437975101223618,"Hojgaard, Nicolai",DEN,0,24.0,36.0
23602,"Hojgaard, Nicolai",9,Arnold Palmer's Bay Hill Club & Lodge,2026,2026-03-08,0.4311686420036897,-0.3738181515132232,0.350991089998871,0.001453106334263314,0.492820058864455,"Hojgaard, Nicolai",DEN,0,24.0,36.0
23602,"Hojgaard, Nicolai",11,TPC Sawgrass - THE PLAYERS Stadium Course,2026,2026-03-15,-1.335784006185464,0.26504019492873404,0.6325184390683272,1.3828357185878353,1.0505280399512642,"Hojgaard, Nicolai",DEN,0,24.0,36.0
23602,"Hojgaard, Nicolai",665,Innisbrook Resort and Golf Club - Copperhead Course,2026,2026-03-22,-0.4809744654576569,-0.08728331540341888,-0.17682474404972667,0.18191651730038833,-0.4329832672650665,"Hojgaard, Nicolai",DEN,0,24.0,36.0
23602,"Hojgaard, Nicolai",897,Memorial Park Golf Course,2026,2026-03-29,0.7751290707925536,1.296173652801628,0.4082906182599859,0.26445990301432093,2.8844855211037355,"Hojgaard, Nicolai",DEN,0,24.0,36.0
10419,"Noren, Alex",704,Pete Dye Stadium Course,2026,2026-01-25,0.20942972556770076,0.9459524307558433,-1.1485661628373984,2.0007211603278563,1.692321473260834,"Noren, Alex",SWE,0,25.0,19.0
10419,"Noren, Alex",233,Nicklaus Tournament Course,2026,2026-01-25,,,,,-4.1996785267391665,"Noren, Alex",SWE,0,25.0,19.0
10419,"Noren, Alex",202,La Quinta Country Club,2026,2026-01-25,,,,,-2.038678526739166,"Noren, Alex",SWE,0,25.0,19.0
10419,"Noren, Alex",4,Torrey Pines Golf Course (South Course),2026,2026-02-01,-0.004584342120741575,0.06006500423187314,-0.17182070144405948,-3.258816999455648,-3.4183418181144676,"Noren, Alex",SWE,0,25.0,19.0
10419,"Noren, Alex",104,Torrey Pines Golf Course (North Course),2026,2026-02-01,,,,,-0.32534181811446716,"Noren, Alex",SWE,0,25.0,19.0
10419,"Noren, Alex",5,Pebble Beach Golf Links,2026,2026-02-15,0.515002032031954,0.5377223716945929,0.012329466547845946,-0.38751900386713023,0.6117076274610309,"Noren, Alex",SWE,0,25.0,19.0
10419,"Noren, Alex",205,Spyglass Hill Golf Course,2026,2026-02-15,0.23666869869862073,-0.8126109616387404,0.5926627998811793,1.7774809961328697,1.7283742941276978,"Noren, Alex",SWE,0,25.0,19.0
10419,"Noren, Alex",500,The Riviera Country Club,2026,2026-02-22,-0.2571856748642741,0.2791580197691304,0.6467734831412054,0.7224522636696225,1.3709955427561842,"Noren, Alex",SWE,0,25.0,19.0
10419,"Noren, Alex",9,Arnold Palmer's Bay Hill Club & Lodge,2026,2026-03-08,0.41754564519220255,0.08752811823556733,0.2037019965284791,-0.6149883736114945,0.08583173388477894,"Noren, Alex",SWE,0,25.0,19.0
10419,"Noren, Alex",11,TPC Sawgrass - THE PLAYERS Stadium Course,2026,2026-03-15,-0.5324237293255228,-0.1314670533716105,0.6682025585229336,0.3809089590434561,0.4067313124339924,"Noren, Alex",SWE,0,25.0,19.0
10419,"Noren, Alex",770,TPC San Antonio - The Oaks Course,2026,2026-04-05,0.22817983208781473,-1.1281185038602237,0.02385949868745285,0.7582063043520544,-0.09966454986609707,"Noren, Alex",SWE,0,25.0,19.0
27774,"Gotterup, Chris",6,Waialae Country Club,2026,2026-01-18,0.6366876835924306,0.18813272912913132,0.9666949032491712,1.286400876622817,2.8898620024604305,"Gotterup, Chris",USA,0,26.0,11.0
27774,"Gotterup, Chris",4,Torrey Pines Golf Course (South Course),2026,2026-02-01,0.7880385368990455,1.7327381202586323,-0.1426243473438335,-0.7398925950444837,1.4598858548925293,"Gotterup, Chris",USA,0,26.0,11.0
27774,"Gotterup, Chris",104,Torrey Pines Golf Course (North Course),2026,2026-02-01,,,,,0.6835525215591958,"Gotterup, Chris",USA,0,26.0,11.0
27774,"Gotterup, Chris",510,TPC Scottsdale (Stadium Course),2026,2026-02-08,0.5727812579727362,1.4166646726923637,1.2042293671738744,-0.13422006964283956,2.839718289052092,"Gotterup, Chris",USA,0,26.0,11.0
27774,"Gotterup, Chris",5,Pebble Beach Golf Links,2026,2026-02-15,0.1343054290872452,0.20955633427715029,1.23768472605069,-0.6390945078106849,0.7284051388605502,"Gotterup, Chris",USA,0,26.0,11.0
27774,"Gotterup, Chris",205,Spyglass Hill Golf Course,2026,2026-02-15,-0.8183612375794216,0.7118896676104838,-0.6139819406159767,-0.46942784114401803,-1.4049281944727832,"Gotterup, Chris",USA,0,26.0,11.0
27774,"Gotterup, Chris",500,The Riviera Country Club,2026,2026-02-22,-0.047864720519749215,0.3223623599471152,-1.086833356893273,-1.1843913915539164,-2.163475265854407,"Gotterup, Chris",USA,0,26.0,11.0
27774,"Gotterup, Chris",9,Arnold Palmer's Bay Hill Club & Lodge,2026,2026-03-08,-0.31926565371762394,0.5988499823890461,0.2933245120400786,0.2699510491959345,0.6616257210388303,"Gotterup, Chris",USA,0,26.0,11.0
27774,"Gotterup, Chris",11,TPC Sawgrass - THE PLAYERS Stadium Course,2026,2026-03-15,-0.5380184893165554,0.4970033859444302,-0.265759291206317,0.1759482221309305,-0.3332354067979406,"Gotterup, Chris",USA,0,26.0,11.0
27774,"Gotterup, Chris",897,Memorial Park Golf Course,2026,2026-03-29,0.6491810202940582,0.15416694159807817,0.525531118039637,0.8649277033514948,1.9854480100408969,"Gotterup, Chris",USA,0,26.0,11.0
14577,"English, Harris",704,Pete Dye Stadium Course,2026,2026-01-25,0.9579324692369855,-1.7313155594336698,1.0210513934773064,-0.002906978333388488,0.19044424823283457,"English, Harris",USA,0,27.0,20.0
14577,"English, Harris",233,Nicklaus Tournament Course,2026,2026-01-25,,,,,-0.24355575176716537,"English, Harris",USA,0,27.0,20.0
14577,"English, Harris",202,La Quinta Country Club,2026,2026-01-25,,,,,1.7284442482328344,"English, Harris",USA,0,27.0,20.0
14577,"English, Harris",4,Torrey Pines Golf Course (South Course),2026,2026-02-01,0.6920389538636533,1.7282681064507681,-0.9223614645200076,-0.6178666741919004,0.7853673708571832,"English, Harris",USA,0,27.0,20.0
14577,"English, Harris",104,Torrey Pines Golf Course (North Course),2026,2026-02-01,,,,,0.7477007041905165,"English, Harris",USA,0,27.0,20.0
14577,"English, Harris",510,TPC Scottsdale (Stadium Course),2026,2026-02-08,0.8198787230381428,0.16824941610086303,-0.5598494455976304,-0.03697427306957518,0.28227629782721786,"English, Harris",USA,0,27.0,20.0
14577,"English, Harris",5,Pebble Beach Golf Links,2026,2026-02-15,1.0011248012081513,1.011050980489097,-0.6425070268948634,1.192312991076556,2.47633891467667,"English, Harris",USA,0,27.0,20.0
14577,"English, Harris",205,Spyglass Hill Golf Course,2026,2026-02-15,1.0324581345414847,-3.391282352844237,0.2624929731051366,-1.2250203422567771,-3.4069944186566627,"English, Harris",USA,0,27.0,20.0
14577,"English, Harris",500,The Riviera Country Club,2026,2026-02-22,-0.2661385986416785,0.0836030063285611,0.3497041482856521,0.5211693274828884,0.6002410935414172,"English, Harris",USA,0,27.0,20.0
14577,"English, Harris",9,Arnold Palmer's Bay Hill Club & Lodge,2026,2026-03-08,0.11851468810270477,0.44002510055980754,-0.40928607620631346,0.03864068418124866,0.08375283425026225,"English, Harris",USA,0,27.0,20.0
14577,"English, Harris",11,TPC Sawgrass - THE PLAYERS Stadium Course,2026,2026-03-15,-0.2501001222852643,-3.7296532505359385,-0.008791506895861528,1.315103023688887,-2.7676561771343864,"English, Harris",USA,0,27.0,20.0
14577,"English, Harris",897,Memorial Park Golf Course,2026,2026-03-29,-0.46352850452969213,0.8233176317161324,-0.288068476834244,0.5656851521229445,0.5278852210593807,"English, Harris",USA,0,27.0,20.0
24968,"Griffin, Ben",6,Waialae Country Club,2026,2026-01-18,0.9965212014409447,-1.048883721728124,0.6743634920049473,-0.34086346947586954,0.01889639935512344,"Griffin, Ben",USA,0,28.0,16.0
24968,"Griffin, Ben",704,Pete Dye Stadium Course,2026,2026-01-25,-0.17662124171667842,-0.29090592936085535,0.5680182881935968,-0.19964722113436636,-0.39307628822351426,"Griffin, Ben",USA,0,28.0,16.0
24968,"Griffin, Ben",233,Nicklaus Tournament Course,2026,2026-01-25,,,,,2.5659237117764855,"Griffin, Ben",USA,0,28.0,16.0
24968,"Griffin, Ben",202,La Quinta Country Club,2026,2026-01-25,,,,,-1.7610762882235145,"Griffin, Ben",USA,0,28.0,16.0
24968,"Griffin, Ben",510,TPC Scottsdale (Stadium Course),2026,2026-02-08,-0.8193622564493809,0.23509287597703266,0.7286081283511339,0.043344236004809744,-0.09785538260305549,"Griffin, Ben",USA,0,28.0,16.0
24968,"Griffin, Ben",5,Pebble Beach Golf Links,2026,2026-02-15,-0.35835183634800405,0.0627651958366694,-0.08958548605198918,-0.17860166971069055,-0.8763964350261677,"Griffin, Ben",USA,0,28.0,16.0
24968,"Griffin, Ben",205,Spyglass Hill Golf Course,2026,2026-02-15,0.1526481636519959,-0.6982348041633305,0.7647478472813443,1.0847316636226427,0.9902702316404992,"Griffin, Ben",USA,0,28.0,16.0
24968,"Griffin, Ben",500,The Riviera Country Club,2026,2026-02-22,0.0014818554784468002,-0.3758452352559495,-0.27395598785239716,-0.14179690479236187,-1.105878543330876,"Griffin, Ben",USA,0,28.0,16.0
24968,"Griffin, Ben",9,Arnold Palmer's Bay Hill Club & Lodge,2026,2026-03-08,-0.6993611377006801,-1.5592745851085985,0.3808591196690638,0.2544786264384639,-1.944945849522685,"Griffin, Ben",USA,0,28.0,16.0
24968,"Griffin, Ben",11,TPC Sawgrass - THE PLAYERS Stadium Course,2026,2026-03-15,-1.9166018696406788,-0.5207122491497251,-0.3819683252528818,1.0294214452541715,-2.1083186652355472,"Griffin, Ben",USA,0,28.0,16.0
24968,"Griffin, Ben",665,Innisbrook Resort and Golf Club - Copperhead Course,2026,2026-03-22,0.2752832415432641,-0.3249256453557902,-0.023300741641429756,-1.0483380123410022,-1.416864748030502,"Griffin, Ben",USA,0,28.0,16.0
24968,"Griffin, Ben",897,Memorial Park Golf Course,2026,2026-03-29,0.2526068968928458,0.48967663046293286,0.19424916272263004,-0.6716278488260523,-0.03412566940934014,"Griffin, Ben",USA,0,28.0,16.0
13900,"Lowry, Shane",4726,dubai creek resort,2026,2026-01-18,,,,,1.1136993121544876,"Lowry, Shane",IRL,0,29.0,32.0
13900,"Lowry, Shane",4727,emirates gc,2026,2026-01-25,,,,,-0.6078554252110365,"Lowry, Shane",IRL,0,29.0,32.0
13900,"Lowry, Shane",5,Pebble Beach Golf Links,2026,2026-02-15,0.08452844496157724,0.9267370326209022,0.28862015888409226,0.7773034008792791,2.0557661859106133,"Lowry, Shane",IRL,0,29.0,32.0
13900,"Lowry, Shane",205,Spyglass Hill Golf Course,2026,2026-02-15,0.8348617782949106,-1.6455963007124312,-1.169713174449241,2.2586367342126126,0.25576618591061373,"Lowry, Shane",IRL,0,29.0,32.0
13900,"Lowry, Shane",500,The Riviera Country Club,2026,2026-02-22,0.1091578325397034,0.059485709695761724,-0.18860783935965583,0.12209001080787826,0.08795685165005063,"Lowry, Shane",IRL,0,29.0,32.0
13900,"Lowry, Shane",928,PGA National  - Champion Course,2026,2026-03-01,-0.2486230476826431,0.40490102191274213,0.31844434011684397,1.2231106744466937,1.7010386232489725,"Lowry, Shane",IRL,0,29.0,32.0
13900,"Lowry, Shane",9,Arnold Palmer's Bay Hill Club & Lodge,2026,2026-03-08,-0.06397389143187626,-1.6614791666306865,1.0934234413660386,-1.2072760357959251,-1.828337584812631,"Lowry, Shane",IRL,0,29.0,32.0
13900,"Lowry, Shane",11,TPC Sawgrass - THE PLAYERS Stadium Course,2026,2026-03-15,-0.2619568512356047,-0.5582691878435324,-1.4712666123070532,-0.18328759132319222,-2.4697323709449073,"Lowry, Shane",IRL,0,29.0,32.0
13900,"Lowry, Shane",897,Memorial Park Golf Course,2026,2026-03-29,0.03247293993848782,-0.21911879286598157,0.014697644983695413,0.2750158389028414,0.11274794724357107,"Lowry, Shane",IRL,0,29.0,32.0
6430,"Scott, Adam",6,Waialae Country Club,2026,2026-01-18,0.39813101148791047,0.3421937088868461,-0.507056726418338,-0.485362568555497,-0.13412443272490426,"Scott, Adam",AUS,0,30.0,53.0
6430,"Scott, Adam",704,Pete Dye Stadium Course,2026,2026-01-25,0.5645250024665649,0.561334488907492,-0.3126045798153999,-0.18004510033647664,0.7310492851509113,"Scott, Adam",AUS,0,30.0,53.0
6430,"Scott, Adam",233,Nicklaus Tournament Course,2026,2026-01-25,,,,,1.1900492851509115,"Scott, Adam",AUS,0,30.0,53.0
6430,"Scott, Adam",202,La Quinta Country Club,2026,2026-01-25,,,,,-0.13695071484908872,"Scott, Adam",AUS,0,30.0,53.0
6430,"Scott, Adam",4,Torrey Pines Golf Course (South Course),2026,2026-02-01,0.5601707067784767,0.37706074167907344,-0.34681400190933387,-0.422854670899929,0.23796486570421105,"Scott, Adam",AUS,0,30.0,53.0
6430,"Scott, Adam",104,Torrey Pines Golf Course (North Course),2026,2026-02-01,,,,,0.46163153237087784,"Scott, Adam",AUS,0,30.0,53.0
6430,"Scott, Adam",500,The Riviera Country Club,2026,2026-02-22,0.4709192118964495,0.6888639349583899,0.24410764618767344,1.2827567796090744,2.737889364169501,"Scott, Adam",AUS,0,30.0,53.0
6430,"Scott, Adam",9,Arnold Palmer's Bay Hill Club & Lodge,2026,2026-03-08,-0.5504694584774692,0.6824043897257012,0.12495104802091024,0.8298483593485048,1.1587936218012087,"Scott, Adam",AUS,0,30.0,53.0
6430,"Scott, Adam",11,TPC Sawgrass - THE PLAYERS Stadium Course,2026,2026-03-15,-1.356054894468615,1.3360835358427043,-0.03418535496670877,-0.6128737742462129,-0.5953034422570366,"Scott, Adam",AUS,0,30.0,53.0
6430,"Scott, Adam",897,Memorial Park Golf Course,2026,2026-03-29,0.15629586144882512,1.2370449856959824,-0.2579681493545785,-0.7025740887502512,0.5088804015833908,"Scott, Adam",AUS,0,30.0,53.0
27194,"Hall, Harry",6,Waialae Country Club,2026,2026-01-18,0.9123742732999804,0.4060724515021293,-0.12953148163456202,0.00864724445481957,1.246294698908761,"Hall, Harry",ENG,0,31.0,62.0
27194,"Hall, Harry",704,Pete Dye Stadium Course,2026,2026-01-25,0.2517706236840229,-0.8088352582506206,-0.006637298458899099,1.3210184156835185,0.7715054862119293,"Hall, Harry",ENG,0,31.0,62.0
27194,"Hall, Harry",233,Nicklaus Tournament Course,2026,2026-01-25,,,,,1.0405054862119292,"Hall, Harry",ENG,0,31.0,62.0
27194,"Hall, Harry",202,La Quinta Country Club,2026,2026-01-25,,,,,1.2015054862119292,"Hall, Harry",ENG,0,31.0,62.0
27194,"Hall, Harry",510,TPC Scottsdale (Stadium Course),2026,2026-02-08,-0.2968980543589195,-2.251341213632663,0.037652897014011366,-1.0436144349829224,-3.629788801502798,"Hall, Harry",ENG,0,31.0,62.0
27194,"Hall, Harry",5,Pebble Beach Golf Links,2026,2026-02-15,0.1639897098043924,-0.30875191458572443,0.4176014690165048,0.6825952619377892,0.8595691245955625,"Hall, Harry",ENG,0,31.0,62.0
27194,"Hall, Harry",205,Spyglass Hill Golf Course,2026,2026-02-15,-0.8463436235289409,1.7662480854142757,2.3312681356831715,-1.5124047380622108,1.642902457928896,"Hall, Harry",ENG,0,31.0,62.0
27194,"Hall, Harry",500,The Riviera Country Club,2026,2026-02-22,-0.9034886850163655,0.37808315666279735,0.4722054464210359,-1.8190475421720755,-2.003760717054767,"Hall, Harry",ENG,0,31.0,62.0
27194,"Hall, Harry",9,Arnold Palmer's Bay Hill Club & Lodge,2026,2026-03-08,0.4490436082382582,0.6915642858052147,0.12760398552770214,0.43320053723169405,1.5700644607226995,"Hall, Harry",ENG,0,31.0,62.0
27194,"Hall, Harry",11,TPC Sawgrass - THE PLAYERS Stadium Course,2026,2026-03-15,-0.7162778418345135,0.08601756434276724,-0.993353769579173,-0.08212117108914241,-1.8336907821680033,"Hall, Harry",ENG,0,31.0,62.0
27194,"Hall, Harry",897,Memorial Park Golf Course,2026,2026-03-29,-0.01011983767029262,0.36825923348276135,0.5834404651870292,-0.628124193644267,0.21457984209244874,"Hall, Harry",ENG,0,31.0,62.0
17511,"Straka, Sepp",704,Pete Dye Stadium Course,2026,2026-01-25,0.32345432184416417,1.551779563502357,0.47549179344375647,0.03560240390561474,2.221560970274435,"Straka, Sepp",AUT,0,32.0,13.0
17511,"Straka, Sepp",233,Nicklaus Tournament Course,2026,2026-01-25,,,,,-7.727439029725565,"Straka, Sepp",AUT,0,32.0,13.0
17511,"Straka, Sepp",202,La Quinta Country Club,2026,2026-01-25,,,,,-5.755439029725564,"Straka, Sepp",AUT,0,32.0,13.0
17511,"Straka, Sepp",510,TPC Scottsdale (Stadium Course),2026,2026-02-08,0.18097901838278874,0.07522293332707308,1.0450366609840576,-0.8133974424394074,0.8382527316597554,"Straka, Sepp",AUT,0,32.0,13.0
17511,"Straka, Sepp",5,Pebble Beach Golf Links,2026,2026-02-15,0.6450845533885547,-0.21057050452427695,0.8160925806527728,0.6396659854843383,2.2115361047091753,"Straka, Sepp",AUT,0,32.0,13.0
17511,"Straka, Sepp",205,Spyglass Hill Golf Course,2026,2026-02-15,-0.095582113278112,1.0337628288090563,0.39709258065277275,1.7559993188176717,3.4115361047091755,"Straka, Sepp",AUT,0,32.0,13.0
17511,"Straka, Sepp",500,The Riviera Country Club,2026,2026-02-22,-0.8316055656701609,-0.46913943430975386,-0.6122660489957882,-1.2503058689231075,-2.89041497247893,"Straka, Sepp",AUT,0,32.0,13.0
17511,"Straka, Sepp",9,Arnold Palmer's Bay Hill Club & Lodge,2026,2026-03-08,0.07233124587671697,0.6444331309013511,-0.2866906948147638,0.03740771337631921,0.7228427996329951,"Straka, Sepp",AUT,0,32.0,13.0
17511,"Straka, Sepp",11,TPC Sawgrass - THE PLAYERS Stadium Course,2026,2026-03-15,0.06542336320356867,0.18418355087738258,0.6797705126245674,0.5731312281650409,1.7614831873253132,"Straka, Sepp",AUT,0,32.0,13.0
17511,"Straka, Sepp",770,TPC San Antonio - The Oaks Course,2026,2026-04-05,-0.7086421223146765,-1.736807265820278,-0.784399832876314,0.9490887797963461,-2.020907212539866,"Straka, Sepp",AUT,0,32.0,13.0
6093,"Rose, Justin",704,Pete Dye Stadium Course,2026,2026-01-25,0.5714684181080999,-0.4731688957889786,-1.2783292644473865,-0.8531277924879342,-1.9832636786383548,"Rose, Justin",ENG,0,34.0,9.0
6093,"Rose, Justin",233,Nicklaus Tournament Course,2026,2026-01-25,,,,,4.067736321361645,"Rose, Justin",ENG,0,34.0,9.0
6093,"Rose, Justin",202,La Quinta Country Club,2026,2026-01-25,,,,,-4.960263678638355,"Rose, Justin",ENG,0,34.0,9.0
6093,"Rose, Justin",4,Torrey Pines Golf Course (South Course),2026,2026-02-01,0.6170264740914772,2.04963740357799,-0.20085283012710392,1.0526007640623207,3.6008066361115305,"Rose, Justin",ENG,0,34.0,9.0
6093,"Rose, Justin",104,Torrey Pines Golf Course (North Course),2026,2026-02-01,,,,,6.824473302778197,"Rose, Justin",ENG,0,34.0,9.0
6093,"Rose, Justin",5,Pebble Beach Golf Links,2026,2026-02-15,0.3658154985043224,-0.4958023412090342,-0.2631695298152265,0.8762969377529162,0.2799455281105483,"Rose, Justin",ENG,0,34.0,9.0
6093,"Rose, Justin",205,Spyglass Hill Golf Course,2026,2026-02-15,-1.849517834829011,2.4995309921242987,-0.9275028631485599,1.2106302710862495,0.7299455281105482,"Rose, Justin",ENG,0,34.0,9.0
6093,"Rose, Justin",500,The Riviera Country Club,2026,2026-02-22,-0.12381415508067978,0.06078568614977026,-0.1076193041521017,-1.9758769729873484,-2.3224362988009952,"Rose, Justin",ENG,0,34.0,9.0
6093,"Rose, Justin",9,Arnold Palmer's Bay Hill Club & Lodge,2026,2026-03-08,-1.5914655305523004,1.671515405636073,-0.7887738122219282,-1.9745239525500722,-2.8582104850296077,"Rose, Justin",ENG,0,34.0,9.0
6093,"Rose, Justin",11,TPC Sawgrass - THE PLAYERS Stadium Course,2026,2026-03-15,0.08387168002098742,-0.04890772701620527,1.1155445660082945,0.7254178325618816,1.6794211108303103,"Rose, Justin",ENG,0,34.0,9.0
29767,"Gerard, Ryan",6,Waialae Country Club,2026,2026-01-18,0.2218394047068332,1.173840912946821,0.36269656208751616,0.7983954346971877,2.3155204782693506,"Gerard, Ryan",USA,0,35.0,29.0
29767,"Gerard, Ryan",704,Pete Dye Stadium Course,2026,2026-01-25,0.6235354170772999,-1.4449875714065392,1.0577333483759663,2.0528326677734876,2.092939189022976,"Gerard, Ryan",USA,0,35.0,29.0
29767,"Gerard, Ryan",233,Nicklaus Tournament Course,2026,2026-01-25,,,,,4.3619391890229755,"Gerard, Ryan",USA,0,35.0,29.0
29767,"Gerard, Ryan",202,La Quinta Country Club,2026,2026-01-25,,,,,1.522939189022976,"Gerard, Ryan",USA,0,35.0,29.0
29767,"Gerard, Ryan",4,Torrey Pines Golf Course (South Course),2026,2026-02-01,-0.49484118459473714,1.1317393199200048,-0.8078825900392551,1.7002696168019495,1.1975657646915905,"Gerard, Ryan",USA,0,35.0,29.0
29767,"Gerard, Ryan",104,Torrey Pines Golf Course (North Course),2026,2026-02-01,,,,,1.8265657646915905,"Gerard, Ryan",USA,0,35.0,29.0
29767,"Gerard, Ryan",5,Pebble Beach Golf Links,2026,2026-02-15,0.6897982642012517,0.7377813639327464,-1.043174644007905,0.8189976941637811,0.8501308683019099,"Gerard, Ryan",USA,0,35.0,29.0
29767,"Gerard, Ryan",205,Spyglass Hill Golf Course,2026,2026-02-15,-0.14486840246541507,-1.146551969400587,-0.7848413106745716,0.06299769416378098,-2.366535798364757,"Gerard, Ryan",USA,0,35.0,29.0
29767,"Gerard, Ryan",500,The Riviera Country Club,2026,2026-02-22,0.2574082986968729,1.0076562657491381,-0.16306435894399612,-0.6004898162805214,0.12805984501328205,"Gerard, Ryan",USA,0,35.0,29.0
29767,"Gerard, Ryan",928,PGA National  - Champion Course,2026,2026-03-01,0.42154613097532845,0.6194186858321895,-0.6786585207246646,-0.027650429012670008,-0.06483731914667379,"Gerard, Ryan",USA,0,35.0,29.0
29767,"Gerard, Ryan",9,Arnold Palmer's Bay Hill Club & Lodge,2026,2026-03-08,-0.5479557966000036,0.974204666002504,-1.5356070137211604,-0.025064716921556485,-1.5139443569995243,"Gerard, Ryan",USA,0,35.0,29.0
29767,"Gerard, Ryan",11,TPC Sawgrass - THE PLAYERS Stadium Course,2026,2026-03-15,0.2787585421462344,-0.3852666592473033,0.4150396681045351,0.7931723944765294,0.7318671530524694,"Gerard, Ryan",USA,0,35.0,29.0
29767,"Gerard, Ryan",897,Memorial Park Golf Course,2026,2026-03-29,0.04576364054579651,-1.2270222507173616,-0.21200853005782325,0.22838416886269902,-1.5098423712073274,"Gerard, Ryan",USA,0,35.0,29.0
14139,"Thomas, Justin",9,Arnold Palmer's Bay Hill Club & Lodge,2026,2026-03-08,-3.1624563453006407,-2.874035272422549,1.7690604863508457,-3.1199104545166585,-7.622177313138639,"Thomas, Justin",USA,0,36.0,15.0
14139,"Thomas, Justin",11,TPC Sawgrass - THE PLAYERS Stadium Course,2026,2026-03-15,-0.28443467473257406,1.1250880195975053,-0.12311102119806566,1.1700239889590094,1.6877397026122998,"Thomas, Justin",USA,0,36.0,15.0
14139,"Thomas, Justin",665,Innisbrook Resort and Golf Club - Copperhead Course,2026,2026-03-22,0.6395760913758457,-0.9071930827254432,-0.3345438571541039,0.44760654183569637,-0.3331094778014263,"Thomas, Justin",USA,0,36.0,15.0
9771,"Day, Jason",704,Pete Dye Stadium Course,2026,2026-01-25,0.1413951263306749,1.431482767332391,1.6006462610808136,2.5947986278092987,5.600975585497685,"Day, Jason",AUS,0,37.0,41.0
9771,"Day, Jason",233,Nicklaus Tournament Course,2026,2026-01-25,,,,,0.8699755854976845,"Day, Jason",AUS,0,37.0,41.0
9771,"Day, Jason",202,La Quinta Country Club,2026,2026-01-25,,,,,-3.969024414502316,"Day, Jason",AUS,0,37.0,41.0
9771,"Day, Jason",4,Torrey Pines Golf Course (South Course),2026,2026-02-01,-0.5572574422542312,1.426485931818878,-1.0239614132719836,-0.679332327851102,-0.8854635440090168,"Day, Jason",AUS,0,37.0,41.0
9771,"Day, Jason",104,Torrey Pines Golf Course (North Course),2026,2026-02-01,,,,,1.0048697893243161,"Day, Jason",AUS,0,37.0,41.0
9771,"Day, Jason",5,Pebble Beach Golf Links,2026,2026-02-15,0.5385085985110575,-0.7681439810969074,0.7494197280207507,0.8038345027112689,1.223041497095269,"Day, Jason",AUS,0,37.0,41.0
9771,"Day, Jason",205,Spyglass Hill Golf Course,2026,2026-02-15,0.6398419318443908,-0.6841439810969073,-1.072913605312583,0.5575011693779355,-0.6602918362380642,"Day, Jason",AUS,0,37.0,41.0
9771,"Day, Jason",500,The Riviera Country Club,2026,2026-02-22,-0.8583262788380306,-1.8028066313941145,-0.09474937217607443,-0.8445608541528319,-3.70941862863899,"Day, Jason",AUS,0,37.0,41.0
9771,"Day, Jason",9,Arnold Palmer's Bay Hill Club & Lodge,2026,2026-03-08,0.09455298972000312,-1.16960402435849,0.10632565571285169,-1.0888883752296903,-2.211217210720355,"Day, Jason",AUS,0,37.0,41.0
9771,"Day, Jason",11,TPC Sawgrass - THE PLAYERS Stadium Course,2026,2026-03-15,0.12366077265578704,-0.756200520558451,0.5865723808391077,-0.9808548382832769,-1.2107738283874443,"Day, Jason",AUS,0,37.0,41.0
9771,"Day, Jason",897,Memorial Park Golf Course,2026,2026-03-29,0.40763474851174036,0.27330652490979934,-0.004172924855478655,1.1583393107616202,1.6634070102584184,"Day, Jason",AUS,0,37.0,41.0
17576,"Conners, Corey",6,Waialae Country Club,2026,2026-01-18,-0.3076892677750247,1.2711259404145416,-0.41127806927287575,-0.8165718153832928,-0.13875985495018317,"Conners, Corey",CAN,0,38.0,44.0
17576,"Conners, Corey",510,TPC Scottsdale (Stadium Course),2026,2026-02-08,-0.4059956010235123,-1.2342659131483316,-0.3980659314965455,-0.3775943084265601,-2.301696752779992,"Conners, Corey",CAN,0,38.0,44.0
17576,"Conners, Corey",5,Pebble Beach Golf Links,2026,2026-02-15,-0.5679422937820433,-0.46429805269207386,0.17364239610157192,-0.5414907943942789,-1.28627016732949,"Conners, Corey",CAN,0,38.0,44.0
17576,"Conners, Corey",205,Spyglass Hill Golf Course,2026,2026-02-15,0.7693910395512898,-2.083631386025407,-2.1030242705650948,-2.448490794394279,-5.752936833996157,"Conners, Corey",CAN,0,38.0,44.0
17576,"Conners, Corey",500,The Riviera Country Club,2026,2026-02-22,0.022376880171094293,-1.2249852459345925,0.40252867518202085,0.37664464453840985,-0.3033252873508262,"Conners, Corey",CAN,0,38.0,44.0
17576,"Conners, Corey",9,Arnold Palmer's Bay Hill Club & Lodge,2026,2026-03-08,-0.026384038316599634,0.6370621724524268,0.36216259263972167,-1.1038848445151122,-0.022305721727317596,"Conners, Corey",CAN,0,38.0,44.0
17576,"Conners, Corey",11,TPC Sawgrass - THE PLAYERS Stadium Course,2026,2026-03-15,0.2908354559170446,1.0727225992286256,-0.2796912493545537,0.33610393833206054,1.536942034813702,"Conners, Corey",CAN,0,38.0,44.0
17576,"Conners, Corey",665,Innisbrook Resort and Golf Club - Copperhead Course,2026,2026-03-22,-0.7079001453258572,0.7209161653562185,0.5308463973639879,0.11600182026609374,0.770484598507157,"Conners, Corey",CAN,0,38.0,44.0
14636,"Spieth, Jordan",6,Waialae Country Club,2026,2026-01-18,-0.2514413864661996,0.07453105273599608,0.13105850590762136,0.3215242629893388,0.3306507830362251,"Spieth, Jordan",USA,0,39.0,61.0
14636,"Spieth, Jordan",510,TPC Scottsdale (Stadium Course),2026,2026-02-08,-0.6758506571303649,-0.35245337510297686,-0.7906380289498504,-0.5994847198828781,-2.347629979643817,"Spieth, Jordan",USA,0,39.0,61.0
14636,"Spieth, Jordan",5,Pebble Beach Golf Links,2026,2026-02-15,-0.711224347033639,-0.4997041009584124,0.06986189921842978,1.2137601074661648,0.12237327355293492,"Spieth, Jordan",USA,0,39.0,61.0
14636,"Spieth, Jordan",205,Spyglass Hill Golf Course,2026,2026-02-15,-0.10355768036697244,0.8686292323749208,0.49819523255176307,2.592760107466165,3.9057066068862687,"Spieth, Jordan",USA,0,39.0,61.0
14636,"Spieth, Jordan",500,The Riviera Country Club,2026,2026-02-22,-0.745890689289395,0.2648908786039627,0.4161459128252547,1.4842499643983502,1.476600190764029,"Spieth, Jordan",USA,0,39.0,61.0
14636,"Spieth, Jordan",9,Arnold Palmer's Bay Hill Club & Lodge,2026,2026-03-08,-0.07881513450964084,0.7793099674673313,0.004902100533642567,0.4400609956309397,1.1819670418052,"Spieth, Jordan",USA,0,39.0,61.0
14636,"Spieth, Jordan",11,TPC Sawgrass - THE PLAYERS Stadium Course,2026,2026-03-15,-0.8191964927414608,1.414397511232618,0.5881753516929371,-0.77186355101651,0.4308046931178692,"Spieth, Jordan",USA,0,39.0,61.0
14636,"Spieth, Jordan",665,Innisbrook Resort and Golf Club - Copperhead Course,2026,2026-03-22,0.06404642285744533,1.0056692283180475,-0.30396112763965233,0.17814793546878271,0.9659423012853627,"Spieth, Jordan",USA,0,39.0,61.0
14636,"Spieth, Jordan",770,TPC San Antonio - The Oaks Course,2026,2026-04-05,0.3553002953751842,0.3011737087865748,-0.5722368476470435,-1.9553204445790917,-1.8368430487394178,"Spieth, Jordan",USA,0,39.0,61.0
21891,"Kitayama, Kurt",6,Waialae Country Club,2026,2026-01-18,0.132770104870371,-0.017562017440994837,-0.16780971809076767,-0.060126083270614916,-0.06381972801615265,"Kitayama, Kurt",USA,0,40.0,34.0
21891,"Kitayama, Kurt",704,Pete Dye Stadium Course,2026,2026-01-25,-0.2742940614209637,0.42593059013938916,-0.7216139063974393,-0.2637836598067076,-0.7820528310244206,"Kitayama, Kurt",USA,0,40.0,34.0
21891,"Kitayama, Kurt",233,Nicklaus Tournament Course,2026,2026-01-25,,,,,2.325947168975579,"Kitayama, Kurt",USA,0,40.0,34.0
21891,"Kitayama, Kurt",202,La Quinta Country Club,2026,2026-01-25,,,,,-1.5130528310244205,"Kitayama, Kurt",USA,0,40.0,34.0
21891,"Kitayama, Kurt",510,TPC Scottsdale (Stadium Course),2026,2026-02-08,-0.5217228429754357,0.49292702111664904,0.3273875601749101,0.5121934321745214,0.8459575812394453,"Kitayama, Kurt",USA,0,40.0,34.0
21891,"Kitayama, Kurt",5,Pebble Beach Golf Links,2026,2026-02-15,0.17316747443191494,-0.025731846112429402,-1.3295858781451095,-0.03183337478788484,-1.1622210070226469,"Kitayama, Kurt",USA,0,40.0,34.0
21891,"Kitayama, Kurt",205,Spyglass Hill Golf Course,2026,2026-02-15,1.2911674744319148,-0.6150651794457627,-0.5992525448117763,2.576833291878782,2.70444565964402,"Kitayama, Kurt",USA,0,40.0,34.0
21891,"Kitayama, Kurt",500,The Riviera Country Club,2026,2026-02-22,0.7551197781958968,1.1408834374219685,-0.09053016763324395,1.2159440207417984,3.0860269032601733,"Kitayama, Kurt",USA,0,40.0,34.0
21891,"Kitayama, Kurt",9,Arnold Palmer's Bay Hill Club & Lodge,2026,2026-03-08,0.45747506289959194,-0.07554490868493269,-0.7405972880487821,0.8008577467781502,0.46570875743277174,"Kitayama, Kurt",USA,0,40.0,34.0
21891,"Kitayama, Kurt",11,TPC Sawgrass - THE PLAYERS Stadium Course,2026,2026-03-15,-0.8076569859529275,0.9245463419094186,0.07831541875203418,-2.375829390591415,-2.1415072126728383,"Kitayama, Kurt",USA,0,40.0,34.0
21891,"Kitayama, Kurt",897,Memorial Park Golf Course,2026,2026-03-29,-1.7867251601663043,0.7419916643639501,0.39337922459061236,-0.4744052236515788,-1.0929350877601207,"Kitayama, Kurt",USA,0,40.0,34.0
13126,"Taylor, Nick",6,Waialae Country Club,2026,2026-01-18,-0.035982065192453394,0.6498234494390756,-0.04234022907375956,0.28303640241902145,1.0106107665292716,"Taylor, Nick",CAN,0,41.0,67.0
13126,"Taylor, Nick",704,Pete Dye Stadium Course,2026,2026-01-25,0.722474547814629,-3.269727702561159,1.4052196845964122,0.42607077074671423,-0.556595502102314,"Taylor, Nick",CAN,0,41.0,67.0
13126,"Taylor, Nick",233,Nicklaus Tournament Course,2026,2026-01-25,,,,,2.0094044978976857,"Taylor, Nick",CAN,0,41.0,67.0
13126,"Taylor, Nick",202,La Quinta Country Club,2026,2026-01-25,,,,,1.981404497897686,"Taylor, Nick",CAN,0,41.0,67.0
13126,"Taylor, Nick",510,TPC Scottsdale (Stadium Course),2026,2026-02-08,-0.030084820665295983,0.514893952145678,-0.48345773297639416,0.5181939864597174,0.5657201897854727,"Taylor, Nick",CAN,0,41.0,67.0
13126,"Taylor, Nick",5,Pebble Beach Golf Links,2026,2026-02-15,0.4715038631686183,1.7184913171372014,-0.6574263332208864,-1.4787125490269084,0.0909035185276631,"Taylor, Nick",CAN,0,41.0,67.0
13126,"Taylor, Nick",205,Spyglass Hill Golf Course,2026,2026-02-15,-0.3681628034980485,-0.4031753495294652,0.7915736667791137,4.8169541176397574,4.874236851860996,"Taylor, Nick",CAN,0,41.0,67.0
13126,"Taylor, Nick",500,The Riviera Country Club,2026,2026-02-22,-0.20413332535724726,-0.05420672065321053,0.8325382253120914,-0.4295781094033574,0.11323074776269582,"Taylor, Nick",CAN,0,41.0,67.0
13126,"Taylor, Nick",9,Arnold Palmer's Bay Hill Club & Lodge,2026,2026-03-08,-1.1702733024897118,0.012884472340338293,1.0481499950920385,-0.2349047351926533,-0.3784367263531164,"Taylor, Nick",CAN,0,41.0,67.0
13126,"Taylor, Nick",11,TPC Sawgrass - THE PLAYERS Stadium Course,2026,2026-03-15,0.3246676774770247,0.05482830383860565,0.9498536174573107,-1.1125310841645097,0.18330324497418293,"Taylor, Nick",CAN,0,41.0,67.0
13126,"Taylor, Nick",665,Innisbrook Resort and Golf Club - Copperhead Course,2026,2026-03-22,-2.090489491684071,0.22556411715002395,0.6473720484925257,-0.8555804926605218,-2.1169117181964205,"Taylor, Nick",CAN,0,41.0,67.0
13126,"Taylor, Nick",770,TPC San Antonio - The Oaks Course,2026,2026-04-05,0.03957756422734633,0.859944108477752,-0.1268277614843359,-0.478083239446016,0.23295675968370322,"Taylor, Nick",CAN,0,41.0,67.0
14838,"Reed, Patrick",4726,dubai creek resort,2026,2026-01-18,,,,,-0.8584905997183909,"Reed, Patrick",USA,0,44.0,23.0
14838,"Reed, Patrick",4727,emirates gc,2026,2026-01-25,,,,,2.5380778019318235,"Reed, Patrick",USA,0,44.0,23.0
14838,"Reed, Patrick",4728,royal golf club,2026,2026-02-01,,,,,1.5260515747514654,"Reed, Patrick",USA,0,44.0,23.0
14838,"Reed, Patrick",4785,doha gc,2026,2026-02-08,,,,,1.9531751998103224,"Reed, Patrick",USA,0,44.0,23.0
14838,"Reed, Patrick",4730,stellenbosch gc,2026,2026-03-01,,,,,-0.9640994586189569,"Reed, Patrick",USA,0,44.0,23.0
14838,"Reed, Patrick",4731,houghton gc,2026,2026-03-08,,,,,-0.012984586877667792,"Reed, Patrick",USA,0,44.0,23.0
13872,"Bradley, Keegan",6,Waialae Country Club,2026,2026-01-18,0.8968613297139932,-1.3269509862744457,-1.112510293366869,-0.09408628111795395,-1.61924223501257,"Bradley, Keegan",USA,0,45.0,26.0
13872,"Bradley, Keegan",4,Torrey Pines Golf Course (South Course),2026,2026-02-01,0.15483114133862114,-0.4022261424794544,0.45283683387165313,-0.5968083133027149,-0.3933786729492398,"Bradley, Keegan",USA,0,45.0,26.0
13872,"Bradley, Keegan",104,Torrey Pines Golf Course (North Course),2026,2026-02-01,,,,,-0.8363786729492397,"Bradley, Keegan",USA,0,45.0,26.0
13872,"Bradley, Keegan",5,Pebble Beach Golf Links,2026,2026-02-15,-0.20758267721423335,-1.895828495238802,0.29990804958877887,0.5396255925406941,-1.2290146564230215,"Bradley, Keegan",USA,0,45.0,26.0
13872,"Bradley, Keegan",205,Spyglass Hill Golf Course,2026,2026-02-15,0.40475065611909994,1.6105048380945313,2.9705747162554452,1.533625592540694,6.554318676910311,"Bradley, Keegan",USA,0,45.0,26.0
13872,"Bradley, Keegan",500,The Riviera Country Club,2026,2026-02-22,-1.123197240786028,0.38904175861823886,0.7244148628996024,-2.6929948641574453,-2.6766644461639677,"Bradley, Keegan",USA,0,45.0,26.0
13872,"Bradley, Keegan",9,Arnold Palmer's Bay Hill Club & Lodge,2026,2026-03-08,-0.23047209138043218,-0.16712923860824763,-0.5684688726937945,-1.7485703315586216,-2.6785165584358452,"Bradley, Keegan",USA,0,45.0,26.0
13872,"Bradley, Keegan",11,TPC Sawgrass - THE PLAYERS Stadium Course,2026,2026-03-15,-0.7027058658653818,-0.8669723938466544,-0.35067220388344733,1.487682674711941,-0.3861913672854359,"Bradley, Keegan",USA,0,45.0,26.0
13872,"Bradley, Keegan",665,Innisbrook Resort and Golf Club - Copperhead Course,2026,2026-03-22,0.22652979097898202,-0.39902264229051754,-0.7901036765752347,0.0859743987120386,-0.8484629071563454,"Bradley, Keegan",USA,0,45.0,26.0
25569,"Stevens, Sam",6,Waialae Country Club,2026,2026-01-18,-0.31958087230519167,1.2782639302059868,-0.40209282433938504,-0.025728893859652796,0.2820850301672126,"Stevens, Sam",USA,0,46.0,45.0
25569,"Stevens, Sam",704,Pete Dye Stadium Course,2026,2026-01-25,0.632483715372506,0.9969316616739526,0.7533416004489957,0.34087583233042484,2.5071661321412506,"Stevens, Sam",USA,0,46.0,45.0
25569,"Stevens, Sam",233,Nicklaus Tournament Course,2026,2026-01-25,,,,,0.07316613214125106,"Stevens, Sam",USA,0,46.0,45.0
25569,"Stevens, Sam",202,La Quinta Country Club,2026,2026-01-25,,,,,3.045166132141251,"Stevens, Sam",USA,0,46.0,45.0
25569,"Stevens, Sam",4,Torrey Pines Golf Course (South Course),2026,2026-02-01,0.4329402226305024,0.264801712728591,0.5718424251013418,-0.6566490348863148,0.30199349880983917,"Stevens, Sam",USA,0,46.0,45.0
25569,"Stevens, Sam",104,Torrey Pines Golf Course (North Course),2026,2026-02-01,,,,,0.5256601654765058,"Stevens, Sam",USA,0,46.0,45.0
25569,"Stevens, Sam",510,TPC Scottsdale (Stadium Course),2026,2026-02-08,-0.28884608077766777,0.644251024973584,0.29745165902677917,-0.06712334349850374,0.25026715334143734,"Stevens, Sam",USA,0,46.0,45.0
25569,"Stevens, Sam",5,Pebble Beach Golf Links,2026,2026-02-15,0.8034632907235162,0.268850859197009,-0.6595155324138531,-1.0573976864966208,-0.9852555984931741,"Stevens, Sam",USA,0,46.0,45.0
25569,"Stevens, Sam",205,Spyglass Hill Golf Course,2026,2026-02-15,0.8714632907235162,1.4838508591970092,-0.3215155324138531,-0.8950643531632874,0.7980777348401591,"Stevens, Sam",USA,0,46.0,45.0
25569,"Stevens, Sam",500,The Riviera Country Club,2026,2026-02-22,-0.058683384535623495,0.6148465211621376,-0.13030740147371975,1.1769170648556126,1.2740306382449593,"Stevens, Sam",USA,0,46.0,45.0
25569,"Stevens, Sam",9,Arnold Palmer's Bay Hill Club & Lodge,2026,2026-03-08,0.025185852025344513,-2.257490571583107,0.06317824159258417,-0.39044210272093166,-2.8676284810546964,"Stevens, Sam",USA,0,46.0,45.0
25569,"Stevens, Sam",11,TPC Sawgrass - THE PLAYERS Stadium Course,2026,2026-03-15,0.7069599612182287,1.018419736494083,-0.7836977268166214,-1.236824001306927,-0.5842234487434333,"Stevens, Sam",USA,0,46.0,45.0
25569,"Stevens, Sam",897,Memorial Park Golf Course,2026,2026-03-29,0.35239336416618056,1.2096616595256824,0.04863390451682867,0.9199443166526315,2.2659991997491558,"Stevens, Sam",USA,0,46.0,45.0
23838,"Hojgaard, Rasmus",704,Pete Dye Stadium Course,2026,2026-01-25,1.194247540260457,0.34527487176110255,-0.4076090719802458,1.194167079712918,2.016278236656197,"Hojgaard, Rasmus",DEN,0,51.0,57.0
23838,"Hojgaard, Rasmus",233,Nicklaus Tournament Course,2026,2026-01-25,,,,,-1.5247217633438024,"Hojgaard, Rasmus",DEN,0,51.0,57.0
23838,"Hojgaard, Rasmus",202,La Quinta Country Club,2026,2026-01-25,,,,,-1.8517217633438023,"Hojgaard, Rasmus",DEN,0,51.0,57.0
23838,"Hojgaard, Rasmus",4,Torrey Pines Golf Course (South Course),2026,2026-02-01,0.558908954485165,-0.32350901848838787,0.14423289264959893,0.042800811791932014,0.3153714718976541,"Hojgaard, Rasmus",DEN,0,51.0,57.0
23838,"Hojgaard, Rasmus",104,Torrey Pines Golf Course (North Course),2026,2026-02-01,,,,,2.277704805230987,"Hojgaard, Rasmus",DEN,0,51.0,57.0
23838,"Hojgaard, Rasmus",510,TPC Scottsdale (Stadium Course),2026,2026-02-08,-0.15755344042509975,0.6334231647476033,-0.344225463458644,1.0553198094936773,0.9963070111899213,"Hojgaard, Rasmus",DEN,0,51.0,57.0
23838,"Hojgaard, Rasmus",928,PGA National  - Champion Course,2026,2026-03-01,-0.5869011827741815,1.3211516078651329,-0.045633448131789794,0.5683848724247389,1.0950425928707914,"Hojgaard, Rasmus",DEN,0,51.0,57.0
23838,"Hojgaard, Rasmus",940,Grand Reserve Golf Club,2026,2026-03-08,,,,,-3.8684336993343353,"Hojgaard, Rasmus",DEN,0,51.0,57.0
23838,"Hojgaard, Rasmus",11,TPC Sawgrass - THE PLAYERS Stadium Course,2026,2026-03-15,-0.19093875195432464,0.18005267223994192,0.6728398518385653,-1.4025260287170025,-0.7473051231252523,"Hojgaard, Rasmus",DEN,0,51.0,57.0
23838,"Hojgaard, Rasmus",665,Innisbrook Resort and Golf Club - Copperhead Course,2026,2026-03-22,-0.640416858645382,-0.3699208700360254,-0.8644330140977494,1.1236553456024445,-0.783655900216986,"Hojgaard, Rasmus",DEN,0,51.0,57.0
23838,"Hojgaard, Rasmus",897,Memorial Park Golf Course,2026,2026-03-29,0.3439103599614255,0.3937877355332442,-0.14208315501851834,0.22545865262689338,0.7706329128825866,"Hojgaard, Rasmus",DEN,0,51.0,57.0
17606,"Berger, Daniel",6,Waialae Country Club,2026,2026-01-18,-0.06732984853622159,0.5879232839225206,-0.08906460926828487,1.2493908697587806,1.6434792249196972,"Berger, Daniel",USA,0,54.0,38.0
17606,"Berger, Daniel",704,Pete Dye Stadium Course,2026,2026-01-25,-0.3014506211870103,-0.5814644856841283,1.3706086240252402,-0.4164481052969362,0.029558098539069433,"Berger, Daniel",USA,0,54.0,38.0
17606,"Berger, Daniel",233,Nicklaus Tournament Course,2026,2026-01-25,,,,,1.0955580985390696,"Berger, Daniel",USA,0,54.0,38.0
17606,"Berger, Daniel",202,La Quinta Country Club,2026,2026-01-25,,,,,-0.9324419014609304,"Berger, Daniel",USA,0,54.0,38.0
17606,"Berger, Daniel",510,TPC Scottsdale (Stadium Course),2026,2026-02-08,0.1053733150080905,1.5801937615902264,-0.5055178543207547,0.34637009495824217,1.4166057198658955,"Berger, Daniel",USA,0,54.0,38.0
17606,"Berger, Daniel",5,Pebble Beach Golf Links,2026,2026-02-15,-0.3783930766352721,-0.8909344434277577,-0.7396417695085552,-0.41006905627932255,-2.525831786787356,"Berger, Daniel",USA,0,54.0,38.0
17606,"Berger, Daniel",205,Spyglass Hill Golf Course,2026,2026-02-15,0.8716069233647277,-0.5079344434277576,-0.7059751028418887,-2.6267357229459893,-3.0758317867873552,"Berger, Daniel",USA,0,54.0,38.0
17606,"Berger, Daniel",500,The Riviera Country Club,2026,2026-02-22,-0.20133675484267333,-0.22097773382583472,0.0014766552973526914,-0.8448311143930306,-1.3864690962501793,"Berger, Daniel",USA,0,54.0,38.0
17606,"Berger, Daniel",928,PGA National  - Champion Course,2026,2026-03-01,-0.797551079908158,1.0795430645307196,-0.14135162031651743,0.23264980944761127,0.24991089060383775,"Berger, Daniel",USA,0,54.0,38.0
17606,"Berger, Daniel",9,Arnold Palmer's Bay Hill Club & Lodge,2026,2026-03-08,0.2166429195396412,1.859923587973677,0.6580247957736389,1.3023720438357227,3.8796076333186384,"Berger, Daniel",USA,0,54.0,38.0
17606,"Berger, Daniel",11,TPC Sawgrass - THE PLAYERS Stadium Course,2026,2026-03-15,-0.4357251210931221,0.40359270370102546,-1.6156930744266853,0.5899694596637305,-1.1841737339717413,"Berger, Daniel",USA,0,54.0,38.0
26947,"Jarvis, Casey",4727,emirates gc,2026,2026-01-25,,,,,0.41862372072296883,"Jarvis, Casey",RSA,0,59.0,70.0
26947,"Jarvis, Casey",4728,royal golf club,2026,2026-02-01,,,,,2.490404228686574,"Jarvis, Casey",RSA,0,59.0,70.0
26947,"Jarvis, Casey",4785,doha gc,2026,2026-02-08,,,,,0.33254227175438145,"Jarvis, Casey",RSA,0,59.0,70.0
26947,"Jarvis, Casey",4819,karen cc,2026,2026-02-22,,,,,4.211306853311063,"Jarvis, Casey",RSA,0,59.0,70.0
26947,"Jarvis, Casey",4730,stellenbosch gc,2026,2026-03-01,,,,,3.641799666612839,"Jarvis, Casey",RSA,0,59.0,70.0
26947,"Jarvis, Casey",4731,houghton gc,2026,2026-03-08,,,,,3.1552741137152998,"Jarvis, Casey",RSA,0,59.0,70.0
26947,"Jarvis, Casey",4782,dlf g&cc player course,2026,2026-03-29,,,,,2.3567017283310037,"Jarvis, Casey",RSA,0,59.0,70.0
11889,"Fox, Ryan",4726,dubai creek resort,2026,2026-01-18,,,,,-0.6098822370958432,"Fox, Ryan",NZL,0,63.0,51.0
11889,"Fox, Ryan",4727,emirates gc,2026,2026-01-25,,,,,-0.4970080561404341,"Fox, Ryan",NZL,0,63.0,51.0
11889,"Fox, Ryan",510,TPC Scottsdale (Stadium Course),2026,2026-02-08,0.12966574375191203,0.3918784246670606,0.1128800352813773,0.507801435516448,1.241791785585924,"Fox, Ryan",NZL,0,63.0,51.0
11889,"Fox, Ryan",5,Pebble Beach Golf Links,2026,2026-02-15,1.3128806360473926,-0.5057540365623493,0.7870944684651856,1.1161887560703245,2.8170020438371464,"Fox, Ryan",NZL,0,63.0,51.0
11889,"Fox, Ryan",205,Spyglass Hill Golf Course,2026,2026-02-15,0.4832139693807259,0.8885792967709839,-0.789572198201481,-2.4218112439296755,-1.7329979561628535,"Fox, Ryan",NZL,0,63.0,51.0
11889,"Fox, Ryan",500,The Riviera Country Club,2026,2026-02-22,-0.09000286998469559,0.2733603993108104,0.8818843921445657,1.0366557991294307,2.1895901031111173,"Fox, Ryan",NZL,0,63.0,51.0
11889,"Fox, Ryan",9,Arnold Palmer's Bay Hill Club & Lodge,2026,2026-03-08,0.42501731458972325,-0.20091918365574643,0.48823761702201257,-0.16728587690351937,0.6240441924232598,"Fox, Ryan",NZL,0,63.0,51.0
11889,"Fox, Ryan",897,Memorial Park Golf Course,2026,2026-03-29,0.32070132870952667,-1.688136767009126,-0.6974915149614008,-0.5606481253309921,-2.568815230466439,"Fox, Ryan",NZL,0,63.0,51.0
14735,"Ortiz, Carlos",1,Riyadh Golf Club,2026,2026-02-07,-0.5649480693590947,0.16562147781283892,0.26772572926496513,-0.013313003828846814,-0.09386883337618968,"Ortiz, Carlos",MEX,0,64.0,161.0
14735,"Ortiz, Carlos",1,The Grange Golf Club,2026,2026-02-15,0.5621928745488957,-0.10285935955762021,-0.2871312988553569,-2.0586781881087526,-1.8240032429533,"Ortiz, Carlos",MEX,0,64.0,161.0
14735,"Ortiz, Carlos",1,Hong Kong Golf Club,2026,2026-03-08,-0.35138783894164893,0.8256499501382473,0.4693276998053633,-0.22600473945077165,0.7666938439910841,"Ortiz, Carlos",MEX,0,64.0,161.0
14735,"Ortiz, Carlos",1,Sentosa Golf Club,2026,2026-03-15,-0.4057720265667935,-0.24270562014178093,-0.16857826399850823,0.5027875835038474,-0.26347069286311126,"Ortiz, Carlos",MEX,0,64.0,161.0
14735,"Ortiz, Carlos",1,The Club at Steyn City,2026,2026-03-22,0.12680778119422417,0.8899403915075595,-0.30790072067874324,0.5440534092815942,1.2941516341536996,"Ortiz, Carlos",MEX,0,64.0,161.0
14796,"Hatton, Tyrrell",4727,emirates gc,2026,2026-01-25,,,,,-1.0829991303064062,"Hatton, Tyrrell",ENG,0,67.0,31.0
14796,"Hatton, Tyrrell",1,Riyadh Golf Club,2026,2026-02-07,-0.11657958230992073,-1.6887620130688425,-0.03214546419882666,-0.8474349302214952,-2.636809931796952,"Hatton, Tyrrell",ENG,0,67.0,31.0
14796,"Hatton, Tyrrell",1,The Grange Golf Club,2026,2026-02-15,0.12908009573281837,0.9081996422814563,-0.522421370911192,0.19469692642907957,0.7103220144947593,"Hatton, Tyrrell",ENG,0,67.0,31.0
14796,"Hatton, Tyrrell",1,Hong Kong Golf Club,2026,2026-03-08,-0.5101346513167161,-0.23663163219542238,-0.7875886740423808,-0.5533457257751475,-2.0804163931037003,"Hatton, Tyrrell",ENG,0,67.0,31.0
14796,"Hatton, Tyrrell",1,Sentosa Golf Club,2026,2026-03-15,0.7258910917563826,0.18080013371114556,-0.4336841219302831,-0.42852249142667287,-0.0022839707960986555,"Hatton, Tyrrell",ENG,0,67.0,31.0
14796,"Hatton, Tyrrell",1,The Club at Steyn City,2026,2026-03-22,0.40866622495459337,-1.0734636646361042,-0.6698123896840994,-0.575159527842482,-1.9400303446428806,"Hatton, Tyrrell",ENG,0,67.0,31.0
17543,"Kim, Michael",6,Waialae Country Club,2026,2026-01-18,-1.3738332958788722,0.22515606928258164,-0.06811296062395411,1.692982734196248,0.2814715670744136,"Kim, Michael",USA,0,68.0,43.0
17543,"Kim, Michael",704,Pete Dye Stadium Course,2026,2026-01-25,0.5407007341155783,-1.8780525482016115,-0.3933488147285707,1.2233966247691557,-0.6917288386616158,"Kim, Michael",USA,0,68.0,43.0
17543,"Kim, Michael",233,Nicklaus Tournament Course,2026,2026-01-25,,,,,0.41627116133838415,"Kim, Michael",USA,0,68.0,43.0
17543,"Kim, Michael",202,La Quinta Country Club,2026,2026-01-25,,,,,-0.42272883866161587,"Kim, Michael",USA,0,68.0,43.0
17543,"Kim, Michael",510,TPC Scottsdale (Stadium Course),2026,2026-02-08,0.3250399722870156,-0.18800976579498607,0.22909649103079016,1.0536700463303308,1.206753764751324,"Kim, Michael",USA,0,68.0,43.0
17543,"Kim, Michael",5,Pebble Beach Golf Links,2026,2026-02-15,-1.8546043386198332,0.07152142603484327,-0.6767771820292707,-0.41585671930141105,-3.0759552434877206,"Kim, Michael",USA,0,68.0,43.0
17543,"Kim, Michael",205,Spyglass Hill Golf Course,2026,2026-02-15,-0.39760433861983346,0.14152142603484327,-1.1174438486959375,1.3654766140319223,-0.20928857682105462,"Kim, Michael",USA,0,68.0,43.0
17543,"Kim, Michael",500,The Riviera Country Club,2026,2026-02-22,0.46758483556565156,-0.8528362030815918,0.35126574065621574,-2.193905021600354,-2.4529745595529224,"Kim, Michael",USA,0,68.0,43.0
17543,"Kim, Michael",9,Arnold Palmer's Bay Hill Club & Lodge,2026,2026-03-08,0.8385500812116453,0.7765007440763505,0.20551981629527913,-1.2159731490685866,0.38477607675171016,"Kim, Michael",USA,0,68.0,43.0
17543,"Kim, Michael",11,TPC Sawgrass - THE PLAYERS Stadium Course,2026,2026-03-15,0.15069510904472153,-2.8606393300889774,-0.7632170509255138,-0.5400814745621476,-4.240172474275481,"Kim, Michael",USA,0,68.0,43.0
17543,"Kim, Michael",665,Innisbrook Resort and Golf Club - Copperhead Course,2026,2026-03-22,0.13434203604598238,-0.8484492172398234,0.7587422871947564,0.7659120586560694,0.5770611981807571,"Kim, Michael",USA,0,68.0,43.0
17543,"Kim, Michael",770,TPC San Antonio - The Oaks Course,2026,2026-04-05,0.25863789257881903,0.8836709621388452,0.8775176167141463,0.9856361807075062,2.806262712521023,"Kim, Michael",USA,0,68.0,43.0
28635,"McCarty, Matt",6,Waialae Country Club,2026,2026-01-18,0.5041149022839064,0.6469627955070734,-0.9861128243808572,-0.5298012250603138,-0.36875929370052846,"McCarty, Matt",USA,0,72.0,49.0
28635,"McCarty, Matt",704,Pete Dye Stadium Course,2026,2026-01-25,-0.12184632142371025,1.8900516833622378,0.21799778488594587,0.13697547818827932,2.125219237472763,"McCarty, Matt",USA,0,72.0,49.0
28635,"McCarty, Matt",233,Nicklaus Tournament Course,2026,2026-01-25,,,,,1.191219237472764,"McCarty, Matt",USA,0,72.0,49.0
28635,"McCarty, Matt",202,La Quinta Country Club,2026,2026-01-25,,,,,4.163219237472764,"McCarty, Matt",USA,0,72.0,49.0
28635,"McCarty, Matt",4,Torrey Pines Golf Course (South Course),2026,2026-02-01,0.5406876124265791,-0.24046599641817634,0.3952944994675533,0.8106611916232767,1.3325758364609468,"McCarty, Matt",USA,0,72.0,49.0
28635,"McCarty, Matt",104,Torrey Pines Golf Course (North Course),2026,2026-02-01,,,,,0.9615758364609468,"McCarty, Matt",USA,0,72.0,49.0
28635,"McCarty, Matt",510,TPC Scottsdale (Stadium Course),2026,2026-02-08,-0.838099207079313,-0.880492693928085,-0.9100798843834197,0.9275520641599388,-1.8822901813442847,"McCarty, Matt",USA,0,72.0,49.0
28635,"McCarty, Matt",5,Pebble Beach Golf Links,2026,2026-02-15,0.26405959446712285,-1.0381122730943497,-0.5212314549148784,1.2219143145800153,-0.28120630657994583,"McCarty, Matt",USA,0,72.0,49.0
28635,"McCarty, Matt",205,Spyglass Hill Golf Course,2026,2026-02-15,-0.04494040553287719,-0.4041122730943497,-0.5095647882482118,-3.998085685419985,-5.16453963991328,"McCarty, Matt",USA,0,72.0,49.0
28635,"McCarty, Matt",500,The Riviera Country Club,2026,2026-02-22,-0.3283174182867978,0.8676219909126891,0.18666064687176848,0.27990387293419466,0.749465782793973,"McCarty, Matt",USA,0,72.0,49.0
28635,"McCarty, Matt",9,Arnold Palmer's Bay Hill Club & Lodge,2026,2026-03-08,0.039302826690158485,-0.7371838991801691,-0.03506110063209886,0.716630167335917,-0.2298024184575964,"McCarty, Matt",USA,0,72.0,49.0
28635,"McCarty, Matt",11,TPC Sawgrass - THE PLAYERS Stadium Course,2026,2026-03-15,-0.139172135390454,-0.2836920639173155,-0.6587933829429674,0.4679556445583965,-0.8267707278656857,"McCarty, Matt",USA,0,72.0,49.0
28635,"McCarty, Matt",665,Innisbrook Resort and Golf Club - Copperhead Course,2026,2026-03-22,-0.9855621268631234,-0.5952930290883276,0.3449692629941907,-2.7311844275735413,-4.1659965452465375,"McCarty, Matt",USA,0,72.0,49.0
28635,"McCarty, Matt",770,TPC San Antonio - The Oaks Course,2026,2026-04-05,0.19661589888979245,0.5848203402334767,0.40607901723828366,-0.943790920676707,0.037430200057462726,"McCarty, Matt",USA,0,72.0,49.0
22465,"Penge, Marco",4,Torrey Pines Golf Course (South Course),2026,2026-02-01,0.9619642940043922,-1.5666885757372848,0.5310013298434603,-2.212887630454569,-2.8571582989731414,"Penge, Marco",ENG,0,73.0,37.0
22465,"Penge, Marco",104,Torrey Pines Golf Course (North Course),2026,2026-02-01,,,,,-3.7641582989731415,"Penge, Marco",ENG,0,73.0,37.0
22465,"Penge, Marco",510,TPC Scottsdale (Stadium Course),2026,2026-02-08,0.29520622962570153,-1.4821082173419797,-0.9499369849180344,0.5872509237034157,-2.1790172070868024,"Penge, Marco",ENG,0,73.0,37.0
22465,"Penge, Marco",5,Pebble Beach Golf Links,2026,2026-02-15,0.0696436597165282,0.9530055984904525,0.03518177918833318,0.028780382143787087,0.0714948764563776,"Penge, Marco",ENG,0,73.0,37.0
22465,"Penge, Marco",205,Spyglass Hill Golf Course,2026,2026-02-15,-0.08502300695013854,0.1570055984904526,-1.0504848874783335,-0.48488628452287963,-2.478505123543622,"Penge, Marco",ENG,0,73.0,37.0
22465,"Penge, Marco",500,The Riviera Country Club,2026,2026-02-22,0.19541529614397435,0.22477117764934584,0.9155685456135616,1.514025783313734,2.126470403555239,"Penge, Marco",ENG,0,73.0,37.0
22465,"Penge, Marco",11,TPC Sawgrass - THE PLAYERS Stadium Course,2026,2026-03-15,0.844931354315639,-1.4273765213705432,-1.5955530214125133,0.4392634060527904,-2.2727543822782437,"Penge, Marco",ENG,0,73.0,37.0
22465,"Penge, Marco",665,Innisbrook Resort and Golf Club - Copperhead Course,2026,2026-03-22,0.32483179272175167,0.9957180791352487,0.2179591766412633,1.5635859195923392,2.502940396422996,"Penge, Marco",ENG,0,73.0,37.0
22465,"Penge, Marco",897,Memorial Park Golf Course,2026,2026-03-29,0.015202137386309711,-0.7480871936783706,-0.016845614909600792,1.1042063906999204,-0.12047903137973674,"Penge, Marco",ENG,0,73.0,37.0
22465,"Penge, Marco",770,TPC San Antonio - The Oaks Course,2026,2026-04-05,-0.354986776410916,1.6162948547405929,0.4716337650235397,0.06683760382930343,1.354450526710456,"Penge, Marco",ENG,0,73.0,37.0
12577,"Woodland, Gary",6,Waialae Country Club,2026,2026-01-18,0.8375880019181292,-2.0038321043752294,-0.39580764590424755,-0.5460591801959009,-1.994587929545904,"Woodland, Gary",USA,0,77.0,52.0
12577,"Woodland, Gary",704,Pete Dye Stadium Course,2026,2026-01-25,0.0024347895869545055,-0.204147271634994,-0.25226725244210974,0.10188740364234715,-0.2566006217818995,"Woodland, Gary",USA,0,77.0,52.0
12577,"Woodland, Gary",233,Nicklaus Tournament Course,2026,2026-01-25,,,,,0.01239937821810036,"Woodland, Gary",USA,0,77.0,52.0
12577,"Woodland, Gary",202,La Quinta Country Club,2026,2026-01-25,,,,,-0.8266006217818995,"Woodland, Gary",USA,0,77.0,52.0
12577,"Woodland, Gary",4,Torrey Pines Golf Course (South Course),2026,2026-02-01,2.0750979892061046,-1.950496137550645,0.18947923159662486,1.2261248317493803,1.641858892716896,"Woodland, Gary",USA,0,77.0,52.0
12577,"Woodland, Gary",104,Torrey Pines Golf Course (North Course),2026,2026-02-01,,,,,-2.265141107283104,"Woodland, Gary",USA,0,77.0,52.0
12577,"Woodland, Gary",510,TPC Scottsdale (Stadium Course),2026,2026-02-08,0.10199338589240625,-0.6913272426241239,0.05126815998119738,0.19300064853712015,-0.17429611809988865,"Woodland, Gary",USA,0,77.0,52.0
12577,"Woodland, Gary",928,PGA National  - Champion Course,2026,2026-03-01,-0.2923284911271329,-0.38186552747475255,-1.2431975800176105,0.9760028435676147,-0.8020198785989285,"Woodland, Gary",USA,0,77.0,52.0
12577,"Woodland, Gary",11,TPC Sawgrass - THE PLAYERS Stadium Course,2026,2026-03-15,1.6295441366215884,-1.3082364890449993,-0.1769550836399984,-0.9559609649689859,-0.6852791151911959,"Woodland, Gary",USA,0,77.0,52.0
12577,"Woodland, Gary",665,Innisbrook Resort and Golf Club - Copperhead Course,2026,2026-03-22,0.2069264966981375,0.9022481929053873,0.4172859917993424,0.13797001020134905,1.7991162233804001,"Woodland, Gary",USA,0,77.0,52.0
12577,"Woodland, Gary",897,Memorial Park Golf Course,2026,2026-03-29,0.30872586689790493,1.309138466430484,0.9069091322373974,2.108192228078538,4.730658079360142,"Woodland, Gary",USA,0,77.0,52.0
18554,"Rai, Aaron",6,Waialae Country Club,2026,2026-01-18,-0.7991439793407172,0.23031920393194927,-0.3276123314416778,0.32706089937976596,-0.571844002588959,"Rai, Aaron",ENG,0,80.0,39.0
18554,"Rai, Aaron",5,Pebble Beach Golf Links,2026,2026-02-15,0.20616836408042233,-0.8594506164570226,-0.26098721027702065,-0.19185517807535635,-1.0965176072420184,"Rai, Aaron",ENG,0,80.0,39.0
18554,"Rai, Aaron",205,Spyglass Hill Golf Course,2026,2026-02-15,-1.9568316359195776,0.508216050209644,-1.1999872102770206,-4.6741885114086905,-7.313184273908686,"Rai, Aaron",ENG,0,80.0,39.0
18554,"Rai, Aaron",500,The Riviera Country Club,2026,2026-02-22,-0.5952804948788912,-0.009604290154691664,0.4072672502516691,0.6877561904294037,0.4846610626060519,"Rai, Aaron",ENG,0,80.0,39.0
18554,"Rai, Aaron",928,PGA National  - Champion Course,2026,2026-03-01,0.3668339608284278,-0.1880959880713401,0.19519854554919508,-0.07043767915643734,0.31560409114090404,"Rai, Aaron",ENG,0,80.0,39.0
18554,"Rai, Aaron",11,TPC Sawgrass - THE PLAYERS Stadium Course,2026,2026-03-15,0.8037708924124665,-1.2919079439874197,-0.32189070553542165,-0.5619544276567668,-1.3831955406723577,"Rai, Aaron",ENG,0,80.0,39.0
18554,"Rai, Aaron",665,Innisbrook Resort and Golf Club - Copperhead Course,2026,2026-03-22,-1.0317618479549155,-0.34464496296257247,-0.15175325165576142,0.32804776047716366,-1.1949471288118865,"Rai, Aaron",ENG,0,80.0,39.0
21407,"Reitan, Kristoffer",6,Waialae Country Club,2026,2026-01-18,,,,,-8.34092282016588,"Reitan, Kristoffer",NOR,0,84.0,46.0
21407,"Reitan, Kristoffer",4,Torrey Pines Golf Course (South Course),2026,2026-02-01,-0.07258519645719458,-0.34910037765364227,0.9927339012823474,1.5416444310540491,0.688438632876979,"Reitan, Kristoffer",NOR,0,84.0,46.0
21407,"Reitan, Kristoffer",104,Torrey Pines Golf Course (North Course),2026,2026-02-01,,,,,2.2454386328769784,"Reitan, Kristoffer",NOR,0,84.0,46.0
21407,"Reitan, Kristoffer",510,TPC Scottsdale (Stadium Course),2026,2026-02-08,0.9957458641706834,0.07876882514021338,0.03539025985282129,0.3028904614256753,0.6328527129401512,"Reitan, Kristoffer",NOR,0,84.0,46.0
21407,"Reitan, Kristoffer",928,PGA National  - Champion Course,2026,2026-03-01,0.19531948679001468,-0.06265292288827501,0.6381562584598803,1.0131519144649475,1.002205059664343,"Reitan, Kristoffer",NOR,0,84.0,46.0
21407,"Reitan, Kristoffer",11,TPC Sawgrass - THE PLAYERS Stadium Course,2026,2026-03-15,0.3801397948506057,-1.1610777056428323,0.14846062983698644,0.45676843413459356,-0.8070070593258449,"Reitan, Kristoffer",NOR,0,84.0,46.0
21407,"Reitan, Kristoffer",665,Innisbrook Resort and Golf Club - Copperhead Course,2026,2026-03-22,0.7182188129993605,0.31065356555645585,-0.08788173271421673,-0.6350228519711525,-0.3132565688365648,"Reitan, Kristoffer",NOR,0,84.0,46.0
21407,"Reitan, Kristoffer",897,Memorial Park Golf Course,2026,2026-03-29,-1.5515432364334214,0.12675622152718885,-0.6923971670509984,-0.031089709525717157,-2.7283531436139654,"Reitan, Kristoffer",NOR,0,84.0,46.0
21407,"Reitan, Kristoffer",770,TPC San Antonio - The Oaks Course,2026,2026-04-05,1.1272864034928989,1.133637204284201,0.2995092528979124,-0.060667761358169314,1.8493925888429856,"Reitan, Kristoffer",NOR,0,84.0,46.0
22833,"Echavarria, Nico",6,Waialae Country Club,2026,2026-01-18,-0.17544522065934565,-0.4366851547558507,-0.39945400332874015,-2.785656001830038,-4.357469645201655,"Echavarria, Nico",COL,0,87.0,40.0
22833,"Echavarria, Nico",704,Pete Dye Stadium Course,2026,2026-01-25,-1.3250796528264623,-6.181008968354363,-1.4690173675281148,-0.1434953881312231,-9.647510630269416,"Echavarria, Nico",COL,0,87.0,40.0
22833,"Echavarria, Nico",233,Nicklaus Tournament Course,2026,2026-01-25,,,,,4.403489369730585,"Echavarria, Nico",COL,0,87.0,40.0
22833,"Echavarria, Nico",202,La Quinta Country Club,2026,2026-01-25,,,,,0.37548936973058517,"Echavarria, Nico",COL,0,87.0,40.0
22833,"Echavarria, Nico",510,TPC Scottsdale (Stadium Course),2026,2026-02-08,1.020595050831116,-1.2733414360950084,-0.47813418890057086,-0.7235630488995767,-2.1419998547542956,"Echavarria, Nico",COL,0,87.0,40.0
22833,"Echavarria, Nico",5,Pebble Beach Golf Links,2026,2026-02-15,0.3236822133139941,2.692805596719609,0.7956251250380242,0.32662948092918076,3.4095578234579533,"Echavarria, Nico",COL,0,87.0,40.0
22833,"Echavarria, Nico",205,Spyglass Hill Golf Course,2026,2026-02-15,-0.6169844533526725,2.4834722633862762,0.26395845837135756,0.12496281426251411,1.52622449012462,"Echavarria, Nico",COL,0,87.0,40.0
22833,"Echavarria, Nico",500,The Riviera Country Club,2026,2026-02-22,0.4344528983366119,0.7227275863678732,0.14208941465733987,-1.2739605670595742,-0.6522161259326881,"Echavarria, Nico",COL,0,87.0,40.0
22833,"Echavarria, Nico",928,PGA National  - Champion Course,2026,2026-03-01,0.29213145343582664,1.6516461901549595,0.888125020574698,1.0141238327928328,3.2014665696157563,"Echavarria, Nico",COL,0,87.0,40.0
22833,"Echavarria, Nico",9,Arnold Palmer's Bay Hill Club & Lodge,2026,2026-03-08,1.0866490966857927,-0.2904280190635272,-1.0310736207710924,0.6338067431296984,-0.24329144463541325,"Echavarria, Nico",COL,0,87.0,40.0
22833,"Echavarria, Nico",11,TPC Sawgrass - THE PLAYERS Stadium Course,2026,2026-03-15,-0.7134628798855382,0.4794560103605803,0.031869111250658555,-0.10914358588722703,-0.9346097755721503,"Echavarria, Nico",COL,0,87.0,40.0
22833,"Echavarria, Nico",897,Memorial Park Golf Course,2026,2026-03-29,-1.0711685051322035,0.2954783587481172,-0.48997042056414697,0.4919120253375367,-1.3537390590560958,"Echavarria, Nico",COL,0,87.0,40.0
8825,"Harman, Brian",6,Waialae Country Club,2026,2026-01-18,-0.20030145278484013,-0.5326242911828558,-0.1822959963708889,-0.005113469526621006,-0.7297719645374385,"Harman, Brian",USA,0,96.0,50.0
8825,"Harman, Brian",704,Pete Dye Stadium Course,2026,2026-01-25,-1.8868489339380767,0.37382856220279614,-1.1491540860280032,-0.20262941042993565,-2.664022071120671,"Harman, Brian",USA,0,96.0,50.0
8825,"Harman, Brian",233,Nicklaus Tournament Course,2026,2026-01-25,,,,,-0.5560220711206708,"Harman, Brian",USA,0,96.0,50.0
8825,"Harman, Brian",202,La Quinta Country Club,2026,2026-01-25,,,,,0.6049779288793291,"Harman, Brian",USA,0,96.0,50.0
8825,"Harman, Brian",510,TPC Scottsdale (Stadium Course),2026,2026-02-08,-0.609938536034269,-0.9869866993071974,0.2992913042419029,-1.9039817417029679,-2.975297037145239,"Harman, Brian",USA,0,96.0,50.0
8825,"Harman, Brian",5,Pebble Beach Golf Links,2026,2026-02-15,0.3775557058569241,1.4518100422047866,0.4017090169685781,-0.5641678940621184,1.8695023913194782,"Harman, Brian",USA,0,96.0,50.0
8825,"Harman, Brian",205,Spyglass Hill Golf Course,2026,2026-02-15,-0.06277762747640928,-0.09718995779521337,0.4060423503019114,0.6218321059378817,1.0695023913194783,"Harman, Brian",USA,0,96.0,50.0
8825,"Harman, Brian",500,The Riviera Country Club,2026,2026-02-22,0.0890602928218337,-1.2582645004334756,-0.7259945752771734,-0.3990803217090204,-2.091996405559493,"Harman, Brian",USA,0,96.0,50.0
8825,"Harman, Brian",9,Arnold Palmer's Bay Hill Club & Lodge,2026,2026-03-08,-1.3102775900014092,-0.14254953970056594,-0.12115184503026363,-0.8964710763255692,-2.2332171927621634,"Harman, Brian",USA,0,96.0,50.0
8825,"Harman, Brian",11,TPC Sawgrass - THE PLAYERS Stadium Course,2026,2026-03-15,0.8544538480961806,0.22912419203139073,1.1994873120206428,-0.11457864763814117,2.406773681490681,"Harman, Brian",USA,0,96.0,50.0
8825,"Harman, Brian",770,TPC San Antonio - The Oaks Course,2026,2026-04-05,-0.14812702988766213,0.4414879383314265,0.05508308045615759,-0.4927437572584752,0.09365175669048437,"Harman, Brian",USA,0,96.0,50.0
23465,"Greyserman, Max",704,Pete Dye Stadium Course,2026,2026-01-25,-0.25536241177625246,0.41285204690998917,-0.09596070092772542,-0.9427558827366685,-1.0085404297338325,"Greyserman, Max",USA,0,97.0,59.0
23465,"Greyserman, Max",233,Nicklaus Tournament Course,2026,2026-01-25,,,,,2.0574595702661673,"Greyserman, Max",USA,0,97.0,59.0
23465,"Greyserman, Max",202,La Quinta Country Club,2026,2026-01-25,,,,,0.029459570266167523,"Greyserman, Max",USA,0,97.0,59.0
23465,"Greyserman, Max",4,Torrey Pines Golf Course (South Course),2026,2026-02-01,-0.12293786267321817,-1.234445329092307,-1.8824904789019226,-2.6547319236862954,-6.116065801856485,"Greyserman, Max",USA,0,97.0,59.0
23465,"Greyserman, Max",104,Torrey Pines Golf Course (North Course),2026,2026-02-01,,,,,4.628934198143515,"Greyserman, Max",USA,0,97.0,59.0
23465,"Greyserman, Max",510,TPC Scottsdale (Stadium Course),2026,2026-02-08,-0.9759168029197582,1.4055250889476079,-1.0573234418670083,0.39898490585522783,-0.6746561624423332,"Greyserman, Max",USA,0,97.0,59.0
23465,"Greyserman, Max",5,Pebble Beach Golf Links,2026,2026-02-15,0.280881055412583,-1.013024613729124,0.4719735812229632,0.6324666108910867,-0.06408239258043563,"Greyserman, Max",USA,0,97.0,59.0
23465,"Greyserman, Max",205,Spyglass Hill Golf Course,2026,2026-02-15,0.8142143887459163,-0.38469128039579065,2.3323069145562965,-0.5218667224422466,1.8025842740862312,"Greyserman, Max",USA,0,97.0,59.0
23465,"Greyserman, Max",500,The Riviera Country Club,2026,2026-02-22,0.5244306698392244,0.3555646653871533,0.18831103384666756,0.000758751287334436,0.6185544583548779,"Greyserman, Max",USA,0,97.0,59.0
23465,"Greyserman, Max",9,Arnold Palmer's Bay Hill Club & Lodge,2026,2026-03-08,-1.1200322803043679,1.069163680457715,-0.5807073946773984,1.6845407946590523,0.6320977855791838,"Greyserman, Max",USA,0,97.0,59.0
23465,"Greyserman, Max",11,TPC Sawgrass - THE PLAYERS Stadium Course,2026,2026-03-15,-2.6241757302955184,-1.6316277383696014,0.3859404714022768,0.28631713687885874,-3.9878019008121974,"Greyserman, Max",USA,0,97.0,59.0
23465,"Greyserman, Max",897,Memorial Park Golf Course,2026,2026-03-29,0.45738302953827825,-1.6250683577322658,-0.17787637904331988,-1.4159686392029878,-3.156732776888796,"Greyserman, Max",USA,0,97.0,59.0
23604,"Clark, Wyndham",704,Pete Dye Stadium Course,2026,2026-01-25,-0.7294562931161425,0.3312350817829354,0.5183799717905688,0.9743278838564209,1.5007931906359753,"Clark, Wyndham",USA,0,98.0,78.0
23604,"Clark, Wyndham",233,Nicklaus Tournament Course,2026,2026-01-25,,,,,0.4597931906359752,"Clark, Wyndham",USA,0,98.0,78.0
23604,"Clark, Wyndham",202,La Quinta Country Club,2026,2026-01-25,,,,,2.132793190635975,"Clark, Wyndham",USA,0,98.0,78.0
23604,"Clark, Wyndham",4,Torrey Pines Golf Course (South Course),2026,2026-02-01,-0.19454933033763824,-0.19453068261891876,-1.054696985770652,-0.4443230957520309,-1.5449182868878653,"Clark, Wyndham",USA,0,98.0,78.0
23604,"Clark, Wyndham",104,Torrey Pines Golf Course (North Course),2026,2026-02-01,,,,,-1.3212516202211988,"Clark, Wyndham",USA,0,98.0,78.0
23604,"Clark, Wyndham",510,TPC Scottsdale (Stadium Course),2026,2026-02-08,0.2859467264214892,0.07680131559390212,-0.16905297278790044,-0.020429961167175714,0.5625191857851236,"Clark, Wyndham",USA,0,98.0,78.0
23604,"Clark, Wyndham",5,Pebble Beach Golf Links,2026,2026-02-15,-0.9997424587963923,1.6597742580455035,-0.04650090665974005,-1.9348106202799806,-0.9165604494431066,"Clark, Wyndham",USA,0,98.0,78.0
23604,"Clark, Wyndham",205,Spyglass Hill Golf Course,2026,2026-02-15,0.10292420787027443,0.3554409247121702,0.6574990933402599,-1.5694772869466473,-0.04989378277643969,"Clark, Wyndham",USA,0,98.0,78.0
23604,"Clark, Wyndham",500,The Riviera Country Club,2026,2026-02-22,0.30814601569380123,0.25057400136371266,0.8373918802893776,-1.8571707814521783,-0.0935523093284436,"Clark, Wyndham",USA,0,98.0,78.0
23604,"Clark, Wyndham",11,TPC Sawgrass - THE PLAYERS Stadium Course,2026,2026-03-15,-0.5871150552210892,0.9591091189494146,0.5102118127392588,-0.4915675787152814,0.762126498925614,"Clark, Wyndham",USA,0,98.0,78.0
23604,"Clark, Wyndham",665,Innisbrook Resort and Golf Club - Copperhead Course,2026,2026-03-22,-0.12815840613185814,0.9408883834255488,-0.9665661561097655,-0.7479407164864336,-0.5535278513629682,"Clark, Wyndham",USA,0,98.0,78.0
23604,"Clark, Wyndham",897,Memorial Park Golf Course,2026,2026-03-29,-0.7667986137255687,1.284076101460809,-1.1638143009349045,-1.6497179986890507,-1.9780950736102025,"Clark, Wyndham",USA,0,98.0,78.0
23475,"Novak, Andrew",704,Pete Dye Stadium Course,2026,2026-01-25,-0.884818064455665,-2.0204848836044587,0.796369108012194,-0.7299566492225404,-2.886055937394367,"Novak, Andrew",USA,0,99.0,48.0
23475,"Novak, Andrew",233,Nicklaus Tournament Course,2026,2026-01-25,,,,,-0.8350559373943669,"Novak, Andrew",USA,0,99.0,48.0
23475,"Novak, Andrew",202,La Quinta Country Club,2026,2026-01-25,,,,,3.1369440626056333,"Novak, Andrew",USA,0,99.0,48.0
23475,"Novak, Andrew",4,Torrey Pines Golf Course (South Course),2026,2026-02-01,-0.31746351148764995,2.24391350184453,0.04105571612214742,1.0999866047555336,2.94570898450281,"Novak, Andrew",USA,0,99.0,48.0
23475,"Novak, Andrew",104,Torrey Pines Golf Course (North Course),2026,2026-02-01,,,,,0.241375651169477,"Novak, Andrew",USA,0,99.0,48.0
23475,"Novak, Andrew",510,TPC Scottsdale (Stadium Course),2026,2026-02-08,-0.9472559062366914,-1.8223513570423235,-0.33884798431268565,-0.8832571594136872,-4.146335151023155,"Novak, Andrew",USA,0,99.0,48.0
23475,"Novak, Andrew",5,Pebble Beach Golf Links,2026,2026-02-15,0.9645215496472876,0.9297338422002107,0.3647781640706369,-0.35970504024343003,1.7637760149773911,"Novak, Andrew",USA,0,99.0,48.0
23475,"Novak, Andrew",205,Spyglass Hill Golf Course,2026,2026-02-15,0.28152154964728754,-0.991932824466456,-0.5915551692626964,-3.59770504024343,-5.036223985022609,"Novak, Andrew",USA,0,99.0,48.0
23475,"Novak, Andrew",500,The Riviera Country Club,2026,2026-02-22,-0.6259730554438959,-0.8074713478156006,-0.1980536406616166,1.00439390642594,-0.7187625298315259,"Novak, Andrew",USA,0,99.0,48.0
23475,"Novak, Andrew",9,Arnold Palmer's Bay Hill Club & Lodge,2026,2026-03-08,0.08810622762855208,-0.2821456999495834,-0.35277876830858945,0.9639029121688337,0.3148563684153417,"Novak, Andrew",USA,0,99.0,48.0
23475,"Novak, Andrew",11,TPC Sawgrass - THE PLAYERS Stadium Course,2026,2026-03-15,-0.6884666305791483,0.35070336254163154,0.09589677413912795,-1.715558479728372,-2.033947087686774,"Novak, Andrew",USA,0,99.0,48.0
23475,"Novak, Andrew",665,Innisbrook Resort and Golf Club - Copperhead Course,2026,2026-03-22,1.0799552259932033,0.594864201061104,0.05398181037956176,-1.6793360402075062,-0.026335326016843352,"Novak, Andrew",USA,0,99.0,48.0
23475,"Novak, Andrew",770,TPC San Antonio - The Oaks Course,2026,2026-04-05,-0.04799563066493803,0.29002299896777717,0.5535900795977423,0.7304378474848234,1.4557422343784656,"Novak, Andrew",USA,0,99.0,48.0
23816,"Valimaki, Sami",704,Pete Dye Stadium Course,2026,2026-01-25,1.1624343446774046,-4.197863051445289,0.935995328545082,2.4275340688285447,0.13248663925381768,"Valimaki, Sami",FIN,0,100.0,56.0
23816,"Valimaki, Sami",233,Nicklaus Tournament Course,2026,2026-01-25,,,,,-2.3295133607461826,"Valimaki, Sami",FIN,0,100.0,56.0
23816,"Valimaki, Sami",202,La Quinta Country Club,2026,2026-01-25,,,,,-1.6565133607461822,"Valimaki, Sami",FIN,0,100.0,56.0
23816,"Valimaki, Sami",4,Torrey Pines Golf Course (South Course),2026,2026-02-01,0.3272281353342304,-2.0900823035911316,1.8779039358425778,-1.679776857775101,-1.6134213750929822,"Valimaki, Sami",FIN,0,100.0,56.0
23816,"Valimaki, Sami",104,Torrey Pines Golf Course (North Course),2026,2026-02-01,,,,,1.1315786249070179,"Valimaki, Sami",FIN,0,100.0,56.0
23816,"Valimaki, Sami",510,TPC Scottsdale (Stadium Course),2026,2026-02-08,0.03627071256299172,0.4694135161180631,0.08004708131112354,0.17735883250491924,0.6652107788330692,"Valimaki, Sami",FIN,0,100.0,56.0
23816,"Valimaki, Sami",5,Pebble Beach Golf Links,2026,2026-02-15,-0.27395664596927,0.41270435593992216,1.1655054959539486,-0.5358208727951035,0.6655039371396777,"Valimaki, Sami",FIN,0,100.0,56.0
23816,"Valimaki, Sami",205,Spyglass Hill Golf Course,2026,2026-02-15,0.25504335403073,0.7630376892732555,0.5291721626206153,2.00451246053823,3.4488372704730113,"Valimaki, Sami",FIN,0,100.0,56.0
23816,"Valimaki, Sami",500,The Riviera Country Club,2026,2026-02-22,0.1575960477300399,1.150246594823832,-0.36892105139603837,-0.5803871688502489,0.28969053053504945,"Valimaki, Sami",FIN,0,100.0,56.0
23816,"Valimaki, Sami",928,PGA National  - Champion Course,2026,2026-03-01,-1.567174215940227,-1.8675503990820044,-0.8203873621220322,-0.3224945827537395,-4.656023591151974,"Valimaki, Sami",FIN,0,100.0,56.0
23816,"Valimaki, Sami",11,TPC Sawgrass - THE PLAYERS Stadium Course,2026,2026-03-15,-1.3671386093565057,0.6321625746369915,-0.6702081236214835,-1.401920908351323,-2.909839269717111,"Valimaki, Sami",FIN,0,100.0,56.0
23816,"Valimaki, Sami",770,TPC San Antonio - The Oaks Course,2026,2026-04-05,0.8775565403709005,0.4628770160817097,-0.7523901021794873,1.1259246965082952,1.5664597055547085,"Valimaki, Sami",FIN,0,100.0,56.0
15856,"Smith, Cameron",1,Riyadh Golf Club,2026,2026-02-07,0.25791874395028525,0.2431090438736766,0.37631394118043227,-0.8365752117083461,0.4644376257702845,"Smith, Cameron",AUS,0,102.0,222.0
15856,"Smith, Cameron",1,The Grange Golf Club,2026,2026-02-15,0.5316150476588661,-0.5559962494366516,-0.10621214703585014,0.9169494216735744,1.2000535193902335,"Smith, Cameron",AUS,0,102.0,222.0
15856,"Smith, Cameron",1,Hong Kong Golf Club,2026,2026-03-08,-0.28342103388323797,-1.2489499757308464,-0.19976316105703118,-0.04469195580068408,-1.3500095975028195,"Smith, Cameron",AUS,0,102.0,222.0
15856,"Smith, Cameron",1,Sentosa Golf Club,2026,2026-03-15,0.14351553341209944,0.43248780377058027,-0.421280921308803,0.6806984661137322,1.2315782755517701,"Smith, Cameron",AUS,0,102.0,222.0
15856,"Smith, Cameron",1,The Club at Steyn City,2026,2026-03-22,-0.5938383034435208,-0.18400669221299598,0.19853902318131889,0.6690458102524397,0.49724440101361134,"Smith, Cameron",AUS,0,102.0,222.0
22322,"Mckibbin , Tom",4726,dubai creek resort,2026,2026-01-18,,,,,-1.6371639988984201,"McKibbin, Tom",NIR,0,106.0,105.0
22322,"Mckibbin , Tom",4727,emirates gc,2026,2026-01-25,,,,,0.2981037714844092,"McKibbin, Tom",NIR,0,106.0,105.0
22322,"McKibbin, Tom",1,Riyadh Golf Club,2026,2026-02-07,0.3779230763467598,-0.6849758589316631,-0.35095911238123706,0.5994811819443577,-0.08516248235738483,"McKibbin, Tom",NIR,0,106.0,105.0
22322,"McKibbin, Tom",1,The Grange Golf Club,2026,2026-02-15,-0.007303378297093377,0.21297622758263474,-0.2555161220448083,-1.755011944055621,-1.8533210796204231,"McKibbin, Tom",NIR,0,106.0,105.0
22322,"McKibbin, Tom",1,Hong Kong Golf Club,2026,2026-03-08,-0.24710949113467529,0.6791660745129909,0.16359148488129804,-1.020757020551395,-0.5465212664300887,"McKibbin, Tom",NIR,0,106.0,105.0
22322,"McKibbin, Tom",1,Sentosa Golf Club,2026,2026-03-15,0.43474747419494275,-1.0665175613115787,0.708814517372776,0.045572588706017436,-0.02776324330891361,"McKibbin, Tom",NIR,0,106.0,105.0
22322,"McKibbin, Tom",1,The Club at Steyn City,2026,2026-03-22,-1.1290715454349476,0.0069916221152210856,-0.10942488246566998,1.1438936854867634,-0.18931675174195778,"McKibbin, Tom",NIR,0,106.0,105.0
15310,"Li, Haotong",6,Waialae Country Club,2026,2026-01-18,0.3218764606911972,0.9692839801609829,0.15091223059093256,-1.2794605508704895,0.39528784668457717,"Li, Haotong",CHN,0,110.0,84.0
15310,"Li, Haotong",704,Pete Dye Stadium Course,2026,2026-01-25,1.3320374897437561,2.37187679216221,0.25096124924723934,0.43612126296959314,4.813429067136126,"Li, Haotong",CHN,0,110.0,84.0
15310,"Li, Haotong",233,Nicklaus Tournament Course,2026,2026-01-25,,,,,0.8794290671361258,"Li, Haotong",CHN,0,110.0,84.0
15310,"Li, Haotong",202,La Quinta Country Club,2026,2026-01-25,,,,,-0.14857093286387424,"Li, Haotong",CHN,0,110.0,84.0
15310,"Li, Haotong",4,Torrey Pines Golf Course (South Course),2026,2026-02-01,0.16196101948141245,1.4637839476192467,0.2579464855109489,0.07195574411904504,2.71926752279117,"Li, Haotong",CHN,0,110.0,84.0
15310,"Li, Haotong",104,Torrey Pines Golf Course (North Course),2026,2026-02-01,,,,,0.27626752279116984,"Li, Haotong",CHN,0,110.0,84.0
15310,"Li, Haotong",510,TPC Scottsdale (Stadium Course),2026,2026-02-08,0.26167025910376546,-2.322611808597253,1.0370583677575564,-1.2832974511383943,-1.699393522770478,"Li, Haotong",CHN,0,110.0,84.0
15310,"Li, Haotong",928,PGA National  - Champion Course,2026,2026-03-01,-0.11027840538279265,0.4085483001501108,-0.7110432550171093,0.5864898688489045,0.5799371631319619,"Li, Haotong",CHN,0,110.0,84.0
15310,"Li, Haotong",9,Arnold Palmer's Bay Hill Club & Lodge,2026,2026-03-08,0.13020309632614735,0.2796419255767437,-1.8850073110297392,0.43975621068280885,-0.662453548890027,"Li, Haotong",CHN,0,110.0,84.0
15310,"Li, Haotong",11,TPC Sawgrass - THE PLAYERS Stadium Course,2026,2026-03-15,-0.7368020323553504,-0.6326571122560537,0.3714316922648898,-0.15528785958239696,-0.8829578922996082,"Li, Haotong",CHN,0,110.0,84.0
15310,"Li, Haotong",897,Memorial Park Golf Course,2026,2026-03-29,0.10464769280997394,-0.585300159778226,0.2510299782035485,-0.632293022697128,-0.6681502347997219,"Li, Haotong",CHN,0,110.0,84.0
15310,"Li, Haotong",770,TPC San Antonio - The Oaks Course,2026,2026-04-05,0.003245880658669542,0.34113665980831576,-0.7818459199598569,-0.6261207021846575,-0.9507151817876874,"Li, Haotong",CHN,0,110.0,84.0
16243,"Koepka, Brooks",4,Torrey Pines Golf Course (South Course),2026,2026-02-01,-0.22511026670590667,0.8119491515238142,1.0428071465145061,-2.1578805713173574,-0.5760762726374112,"Koepka, Brooks",USA,0,111.0,169.0
16243,"Koepka, Brooks",104,Torrey Pines Golf Course (North Course),2026,2026-02-01,,,,,1.3862570606959221,"Koepka, Brooks",USA,0,111.0,169.0
16243,"Koepka, Brooks",510,TPC Scottsdale (Stadium Course),2026,2026-02-08,-0.26110362365032996,0.034162955520137234,0.1989576557611967,-1.2627897992660442,-1.364872340870029,"Koepka, Brooks",USA,0,111.0,169.0
16243,"Koepka, Brooks",928,PGA National  - Champion Course,2026,2026-03-01,0.17389747278000817,0.45139496939593127,-0.21963346930486435,1.1098642817101905,1.429898301196567,"Koepka, Brooks",USA,0,111.0,169.0
16243,"Koepka, Brooks",11,TPC Sawgrass - THE PLAYERS Stadium Course,2026,2026-03-15,0.23533793728299868,1.5514539609296287,0.22420391841393533,0.1534455025090361,2.117344901627692,"Koepka, Brooks",USA,0,111.0,169.0
16243,"Koepka, Brooks",665,Innisbrook Resort and Golf Club - Copperhead Course,2026,2026-03-22,-0.37568944398822307,1.0577308255982167,-0.483061858503721,0.887166566068996,1.092109675987355,"Koepka, Brooks",USA,0,111.0,169.0
16243,"Koepka, Brooks",897,Memorial Park Golf Course,2026,2026-03-29,-0.5717562479706837,-0.94165202514919,-0.2796960314761426,-1.1791010276603697,-2.9512907915844764,"Koepka, Brooks",USA,0,111.0,169.0
23841,"Neergaard-Petersen, Rasmus",4726,dubai creek resort,2026,2026-01-18,,,,,0.457021715035198,"Neergaard-Petersen, Rasmus",DEN,0,112.0,69.0
23841,"Neergaard-Petersen, Rasmus",4727,emirates gc,2026,2026-01-25,,,,,-0.4586836127491276,"Neergaard-Petersen, Rasmus",DEN,0,112.0,69.0
23841,"Neergaard-Petersen, Rasmus",4,Torrey Pines Golf Course (South Course),2026,2026-02-01,-0.07354174758702009,0.6129138123072317,-1.1359196734020753,-0.3458930222783585,-0.7230912692403959,"Neergaard-Petersen, Rasmus",DEN,0,112.0,69.0
23841,"Neergaard-Petersen, Rasmus",104,Torrey Pines Golf Course (North Course),2026,2026-02-01,,,,,2.239242064092937,"Neergaard-Petersen, Rasmus",DEN,0,112.0,69.0
23841,"Neergaard-Petersen, Rasmus",510,TPC Scottsdale (Stadium Course),2026,2026-02-08,0.6399739238704083,-0.9934732344292977,-0.27669988502912357,1.1450906542815957,0.3526297359829015,"Neergaard-Petersen, Rasmus",DEN,0,112.0,69.0
23841,"Neergaard-Petersen, Rasmus",928,PGA National  - Champion Course,2026,2026-03-01,-0.6737738016732413,0.0925116443657556,0.2797533800994826,0.16699057446676374,-0.26396396624030294,"Neergaard-Petersen, Rasmus",DEN,0,112.0,69.0
23841,"Neergaard-Petersen, Rasmus",940,Grand Reserve Golf Club,2026,2026-03-08,,,,,-2.8362661529604147,"Neergaard-Petersen, Rasmus",DEN,0,112.0,69.0
23841,"Neergaard-Petersen, Rasmus",665,Innisbrook Resort and Golf Club - Copperhead Course,2026,2026-03-22,0.1768562671413394,0.3488666139386936,-0.5267102007392452,-0.07863582266637748,-0.12643089468667607,"Neergaard-Petersen, Rasmus",DEN,0,112.0,69.0
23841,"Neergaard-Petersen, Rasmus",897,Memorial Park Golf Course,2026,2026-03-29,0.43492702038792225,-1.7282839685764968,0.9682794123138574,0.01325806769180371,-0.37189497990586917,"Neergaard-Petersen, Rasmus",DEN,0,112.0,69.0
17488,"Im, Sungjae",9,Arnold Palmer's Bay Hill Club & Lodge,2026,2026-03-08,-0.2824648793054844,-1.4930622916205998,-0.3998275402206648,0.6024509816845036,-1.723805570450348,"Im, Sungjae",KOR,0,113.0,71.0
17488,"Im, Sungjae",11,TPC Sawgrass - THE PLAYERS Stadium Course,2026,2026-03-15,-0.4384055179643261,0.7864779741225203,-0.8507219581242124,-0.2178606337159762,-0.8822263031523816,"Im, Sungjae",KOR,0,113.0,71.0
17488,"Im, Sungjae",665,Innisbrook Resort and Golf Club - Copperhead Course,2026,2026-03-22,-0.6937700220440441,1.2428007793073075,0.21334775269976441,1.2387331765892131,1.8615230845937014,"Im, Sungjae",KOR,0,113.0,71.0
17488,"Im, Sungjae",897,Memorial Park Golf Course,2026,2026-03-29,-0.2399246891375692,0.26765848931434344,0.236384232739637,-1.0548941477405758,-0.904859312074064,"Im, Sungjae",KOR,0,113.0,71.0
29197,"Brennan, Michael",6,Waialae Country Club,2026,2026-01-18,0.5582011286976745,-1.2193028988194903,-0.48444122376199006,-1.2550139838369947,-2.629562550492697,"Brennan, Michael",USA,0,114.0,47.0
29197,"Brennan, Michael",704,Pete Dye Stadium Course,2026,2026-01-25,0.08664767029779774,1.487479326830018,-0.23079743666409783,-0.8293559241047821,0.020257372813690916,"Brennan, Michael",USA,0,114.0,47.0
29197,"Brennan, Michael",233,Nicklaus Tournament Course,2026,2026-01-25,,,,,0.7892573728136909,"Brennan, Michael",USA,0,114.0,47.0
29197,"Brennan, Michael",202,La Quinta Country Club,2026,2026-01-25,,,,,1.9502573728136912,"Brennan, Michael",USA,0,114.0,47.0
29197,"Brennan, Michael",104,Torrey Pines Golf Course (North Course),2026,2026-02-01,,,,,-1.0328597431423483,"Brennan, Michael",USA,0,114.0,47.0
29197,"Brennan, Michael",510,TPC Scottsdale (Stadium Course),2026,2026-02-08,0.18812755295324768,0.8398852290253426,-0.16730141449623906,-0.09053491639849509,0.3100184877058617,"Brennan, Michael",USA,0,114.0,47.0
29197,"Brennan, Michael",928,PGA National  - Champion Course,2026,2026-03-01,1.072752213932161,0.19610244386100895,-0.4578202370567669,-0.7319716491481348,-0.3129415115586047,"Brennan, Michael",USA,0,114.0,47.0
29197,"Brennan, Michael",940,Grand Reserve Golf Club,2026,2026-03-08,,,,,0.1273493603289404,"Brennan, Michael",USA,0,114.0,47.0
29197,"Brennan, Michael",11,TPC Sawgrass - THE PLAYERS Stadium Course,2026,2026-03-15,-0.8967942170455965,0.7671899360139622,-0.18605673975945164,-0.37583810602958045,-1.0596554230631847,"Brennan, Michael",USA,0,114.0,47.0
29197,"Brennan, Michael",665,Innisbrook Resort and Golf Club - Copperhead Course,2026,2026-03-22,0.9431701847614785,-1.1151266225930563,-0.6468917070658986,0.41145650880629614,-0.7800021758979097,"Brennan, Michael",USA,0,114.0,47.0
29197,"Brennan, Michael",897,Memorial Park Golf Course,2026,2026-03-29,0.18086533683838257,0.19572684589935918,-0.306820302458602,1.413997120325458,1.119877127769105,"Brennan, Michael",USA,0,114.0,47.0
17538,"Homa, Max",704,Pete Dye Stadium Course,2026,2026-01-25,0.6047373350487142,1.564998246929218,-0.20889081016934938,1.0103920516893166,3.1818653955187157,"Homa, Max",USA,0,116.0,163.0
17538,"Homa, Max",233,Nicklaus Tournament Course,2026,2026-01-25,,,,,0.9508653955187159,"Homa, Max",USA,0,116.0,163.0
17538,"Homa, Max",202,La Quinta Country Club,2026,2026-01-25,,,,,-0.8881346044812841,"Homa, Max",USA,0,116.0,163.0
17538,"Homa, Max",4,Torrey Pines Golf Course (South Course),2026,2026-02-01,0.812706895050517,0.12336738579860662,-0.9135048909846167,-2.758503536589444,-2.5447508915621584,"Homa, Max",USA,0,116.0,163.0
17538,"Homa, Max",104,Torrey Pines Golf Course (North Course),2026,2026-02-01,,,,,-0.4517508915621581,"Homa, Max",USA,0,116.0,163.0
17538,"Homa, Max",510,TPC Scottsdale (Stadium Course),2026,2026-02-08,-0.5200610647894253,-0.16409430518669,-0.23216551276183062,0.2103662166828163,-0.5024260383566038,"Homa, Max",USA,0,116.0,163.0
17538,"Homa, Max",500,The Riviera Country Club,2026,2026-02-22,0.20246795397558937,0.16129853987568868,-0.06489050662553247,0.09275549568814177,0.5681650727790473,"Homa, Max",USA,0,116.0,163.0
17538,"Homa, Max",928,PGA National  - Champion Course,2026,2026-03-01,0.4796266463075532,0.19347913338759085,0.2165513345514941,0.3323765017619834,1.3860808541311396,"Homa, Max",USA,0,116.0,163.0
17538,"Homa, Max",11,TPC Sawgrass - THE PLAYERS Stadium Course,2026,2026-03-15,-0.05423900037219874,0.9984863002383629,-0.3578462991045878,0.5937464968289365,1.3345273810398006,"Homa, Max",USA,0,116.0,163.0
17538,"Homa, Max",665,Innisbrook Resort and Golf Club - Copperhead Course,2026,2026-03-22,-1.565583826989495,0.7683230433845638,-1.1130670015670294,-2.487553846343782,-4.230010996754306,"Homa, Max",USA,0,116.0,163.0
17538,"Homa, Max",770,TPC San Antonio - The Oaks Course,2026,2026-04-05,-0.1543609129994558,-0.6403258532313375,0.7640927313695177,-0.40493289324076315,-0.2800823761555552,"Homa, Max",USA,0,116.0,163.0
32457,"Keefer, Johnny",6,Waialae Country Club,2026,2026-01-18,0.8211772279919611,0.6831089178517621,-0.5133731709206577,-0.8943563012263283,-0.5196826727889918,"Keefer, Johnny",USA,0,124.0,64.0
32457,"Keefer, Johnny",704,Pete Dye Stadium Course,2026,2026-01-25,-0.03589080620871763,1.987308375884612,0.44378406704886875,-0.6682739539774006,1.1118993113380744,"Keefer, Johnny",USA,0,124.0,64.0
32457,"Keefer, Johnny",233,Nicklaus Tournament Course,2026,2026-01-25,,,,,2.1778993113380745,"Keefer, Johnny",USA,0,124.0,64.0
32457,"Keefer, Johnny",202,La Quinta Country Club,2026,2026-01-25,,,,,-0.8501006886619257,"Keefer, Johnny",USA,0,124.0,64.0
32457,"Keefer, Johnny",4,Torrey Pines Golf Course (South Course),2026,2026-02-01,1.2210938394019848,-0.1256307840680066,-0.08400196211316902,-0.3201962328728001,0.17673481922313544,"Keefer, Johnny",USA,0,124.0,64.0
32457,"Keefer, Johnny",104,Torrey Pines Golf Course (North Course),2026,2026-02-01,,,,,0.13906815255646882,"Keefer, Johnny",USA,0,124.0,64.0
32457,"Keefer, Johnny",510,TPC Scottsdale (Stadium Course),2026,2026-02-08,0.7916799717299732,0.7650738103806952,-0.3938162566648129,-0.42410165020240886,0.3160626020981688,"Keefer, Johnny",USA,0,124.0,64.0
32457,"Keefer, Johnny",928,PGA National  - Champion Course,2026,2026-03-01,0.16056189577025606,-1.2982775631669718,-0.8465097006304305,0.5374381738553935,-1.8163732645139272,"Keefer, Johnny",USA,0,124.0,64.0
32457,"Keefer, Johnny",11,TPC Sawgrass - THE PLAYERS Stadium Course,2026,2026-03-15,0.4324546077881135,-0.9325155742198641,1.1364421676465541,-1.3564592811409744,-1.1569211464065878,"Keefer, Johnny",USA,0,124.0,64.0
32457,"Keefer, Johnny",665,Innisbrook Resort and Golf Club - Copperhead Course,2026,2026-03-22,0.28290733281709635,-2.7891682934040314,-2.231395243717877,-1.3013423005147668,-6.496957999337182,"Keefer, Johnny",USA,0,124.0,64.0
32457,"Keefer, Johnny",897,Memorial Park Golf Course,2026,2026-03-29,0.74005440018581,1.7133305461153776,1.0641047531418668,0.2522458281714698,3.06969324189268,"Keefer, Johnny",USA,0,124.0,64.0
32457,"Keefer, Johnny",770,TPC San Antonio - The Oaks Course,2026,2026-04-05,-0.19579815940790773,0.05081567544657732,0.4266761857747995,-2.3286569816173492,-2.5789441220034903,"Keefer, Johnny",USA,0,124.0,64.0
5689,"Garcia, Sergio",4728,royal golf club,2026,2026-02-01,,,,,1.514654138894239,"Garcia, Sergio",ESP,0,131.0,345.0
5689,"Garcia, Sergio",1,Riyadh Golf Club,2026,2026-02-07,-0.5940069856733982,0.5403447739651184,-0.2844931620759464,-0.7393941880627563,-0.9880047129554906,"Garcia, Sergio",ESP,0,131.0,345.0
5689,"Garcia, Sergio",1,The Grange Golf Club,2026,2026-02-15,-0.3927822594491371,1.423059506179816,-0.6863096376465748,-1.8541196469559398,-1.432273022540985,"Garcia, Sergio",ESP,0,131.0,345.0
5689,"Garcia, Sergio",1,Hong Kong Golf Club,2026,2026-03-08,-0.715243151160216,-0.6443144410598594,0.27645353793378863,1.3980016886961053,0.36664626367549674,"Garcia, Sergio",ESP,0,131.0,345.0
5689,"Garcia, Sergio",1,Sentosa Golf Club,2026,2026-03-15,-0.4451098352643818,-0.1930765549667158,0.23022951438861172,-0.7823468405864122,-1.1294103900817558,"Garcia, Sergio",ESP,0,131.0,345.0
5689,"Garcia, Sergio",1,The Club at Steyn City,2026,2026-03-22,0.15977777991130365,0.8517400083129858,-0.22205616528724115,-0.6128424893364495,0.20521351399937582,"Garcia, Sergio",ESP,0,131.0,345.0
12422,"Johnson, Dustin",4727,emirates gc,2026,2026-01-25,,,,,-1.9934955927749796,"Johnson, Dustin",USA,0,156.0,
12422,"Johnson, Dustin",1,Riyadh Golf Club,2026,2026-02-07,-0.7289754797038676,-1.1557053844522818,1.2073254555705388,0.9372761066092083,0.3808413857005011,"Johnson, Dustin",USA,0,156.0,
12422,"Johnson, Dustin",1,The Grange Golf Club,2026,2026-02-15,-0.4181602197430098,0.9292122270408293,-0.12317902502939632,0.10553662999089138,0.6122723814226927,"Johnson, Dustin",USA,0,156.0,
12422,"Johnson, Dustin",1,Hong Kong Golf Club,2026,2026-03-08,-0.7193201535245626,-1.3519583043140435,0.6304734776579554,1.137495607200675,-0.16300644143931536,"Johnson, Dustin",USA,0,156.0,
12422,"Johnson, Dustin",1,Sentosa Golf Club,2026,2026-03-15,0.30896145992268687,-1.1923265687585514,1.2185630114440646,0.6420386526070301,1.1118274897849483,"Johnson, Dustin",USA,0,156.0,
12422,"Johnson, Dustin",1,The Club at Steyn City,2026,2026-03-22,-0.2386696727623783,-0.5661208377772814,0.21688537542276135,0.06168699085007287,-0.3881725652274022,"Johnson, Dustin",USA,0,156.0,
6986,"Johnson, Zach",6,Waialae Country Club,2026,2026-01-18,0.016910703745870864,-0.606407663783221,0.1306765051711794,0.30270354186854387,-0.2190513282686612,"Johnson, Zach",USA,0,157.0,321.0
6986,"Johnson, Zach",704,Pete Dye Stadium Course,2026,2026-01-25,-1.4083401973929017,-0.7645056634621662,0.03183626087311933,2.7195030652693784,0.47889636895919174,"Johnson, Zach",USA,0,157.0,321.0
6986,"Johnson, Zach",233,Nicklaus Tournament Course,2026,2026-01-25,,,,,-3.4551036310408083,"Johnson, Zach",USA,0,157.0,321.0
6986,"Johnson, Zach",202,La Quinta Country Club,2026,2026-01-25,,,,,0.5168963689591916,"Johnson, Zach",USA,0,157.0,321.0
7398,"Schwartzel, Charl",1,Riyadh Golf Club,2026,2026-02-07,0.6534460830869484,-0.12249522981166688,-0.8494603873016938,-0.22395666555964408,-0.4816545258745765,"Schwartzel, Charl",RSA,0,159.0,
7398,"Schwartzel, Charl",1,The Grange Golf Club,2026,2026-02-15,-0.18530269809903094,0.902978300266123,0.19551762213158086,-0.4186047037050868,0.5283751215833656,"Schwartzel, Charl",RSA,0,159.0,
7398,"Schwartzel, Charl",4730,stellenbosch gc,2026,2026-03-01,,,,,-3.0157496319089914,"Schwartzel, Charl",RSA,0,159.0,
7398,"Schwartzel, Charl",1,Hong Kong Golf Club,2026,2026-03-08,0.9671676889269314,-0.5715194565955253,0.26242097733228087,-1.2156822566715428,-0.3510453449639059,"Schwartzel, Charl",RSA,0,159.0,
7398,"Schwartzel, Charl",1,Sentosa Golf Club,2026,2026-03-15,-0.45989962559948905,0.8575010674016567,-0.4332777918596301,0.2787923483255887,0.42435204194459414,"Schwartzel, Charl",RSA,0,159.0,
7398,"Schwartzel, Charl",1,The Club at Steyn City,2026,2026-03-22,-0.3764467986096349,-0.39501397987375675,0.344209645359943,0.45395713138142524,0.18158191831365667,"Schwartzel, Charl",RSA,0,159.0,
7334,"Watson, Bubba",1,Riyadh Golf Club,2026,2026-02-07,0.1646540968872684,-0.621869671773327,-0.9205654654655815,-0.413323015559777,-1.7288869338422637,"Watson, Bubba",USA,0,188.0,
7334,"Watson, Bubba",1,The Grange Golf Club,2026,2026-02-15,-0.7590312223520479,0.595622315313693,-0.9399048623191535,0.19078334208062386,-0.8906098990222792,"Watson, Bubba",USA,0,188.0,
7334,"Watson, Bubba",1,Hong Kong Golf Club,2026,2026-03-08,-0.567116041378018,-0.27113797907628456,0.5343691679801823,-0.31472865036346137,-0.6121863075838754,"Watson, Bubba",USA,0,188.0,
7334,"Watson, Bubba",1,Sentosa Golf Club,2026,2026-03-15,-0.4751181436014315,0.5116692404368305,0.41277422071048653,-0.26248230683097545,0.1859430788362481,"Watson, Bubba",USA,0,188.0,
7334,"Watson, Bubba",1,The Club at Steyn City,2026,2026-03-22,-0.36216015694307546,-0.7296518937364087,-0.031741254776606526,0.34716077990541666,-0.7779759200580686,"Watson, Bubba",USA,0,188.0,
27900,"Potgieter, Aldrich",704,Pete Dye Stadium Course,2026,2026-01-25,0.538500899043548,-0.09839717937260689,-0.33469200635050256,-1.9914404320344834,-1.4747116649928163,"Potgieter, Aldrich",RSA,0,216.0,77.0
27900,"Potgieter, Aldrich",233,Nicklaus Tournament Course,2026,2026-01-25,,,,,1.6332883350071836,"Potgieter, Aldrich",RSA,0,216.0,77.0
27900,"Potgieter, Aldrich",202,La Quinta Country Club,2026,2026-01-25,,,,,-0.20571166499281623,"Potgieter, Aldrich",RSA,0,216.0,77.0
27900,"Potgieter, Aldrich",4,Torrey Pines Golf Course (South Course),2026,2026-02-01,1.0409986799089126,1.021767678354294,-0.37756017231357497,0.3075748184088203,2.2801404587116068,"Potgieter, Aldrich",RSA,0,216.0,77.0
27900,"Potgieter, Aldrich",104,Torrey Pines Golf Course (North Course),2026,2026-02-01,,,,,-4.626859541288393,"Potgieter, Aldrich",RSA,0,216.0,77.0
27900,"Potgieter, Aldrich",510,TPC Scottsdale (Stadium Course),2026,2026-02-08,-1.5840839859703832,-0.12695381211550394,0.5969442685349049,-1.206694904904481,-1.807142776321436,"Potgieter, Aldrich",RSA,0,216.0,77.0
27900,"Potgieter, Aldrich",5,Pebble Beach Golf Links,2026,2026-02-15,0.6608936689149725,-1.42492516866352,0.25151119486931084,0.1140419415861833,0.02177828981844454,"Potgieter, Aldrich",RSA,0,216.0,77.0
27900,"Potgieter, Aldrich",205,Spyglass Hill Golf Course,2026,2026-02-15,-0.09943966441836083,-2.910591835330187,1.8558445282026441,1.95670860825285,1.2217782898184446,"Potgieter, Aldrich",RSA,0,216.0,77.0
27900,"Potgieter, Aldrich",500,The Riviera Country Club,2026,2026-02-22,0.8079683109042477,1.3032729502504217,0.1912928118890621,1.4026480500586667,4.097664773136516,"Potgieter, Aldrich",RSA,0,216.0,77.0
27900,"Potgieter, Aldrich",9,Arnold Palmer's Bay Hill Club & Lodge,2026,2026-03-08,0.23763001712851306,-1.237022094546988,-0.1841985108326133,-3.1922150864595555,-3.9143341063616655,"Potgieter, Aldrich",RSA,0,216.0,77.0
27900,"Potgieter, Aldrich",11,TPC Sawgrass - THE PLAYERS Stadium Course,2026,2026-03-15,0.05391910668708888,-0.01714564102717503,-0.01909277002377785,-1.8559345286430446,-1.5407591414503234,"Potgieter, Aldrich",RSA,0,216.0,77.0
27900,"Potgieter, Aldrich",897,Memorial Park Golf Course,2026,2026-03-29,0.7864581107670962,1.8279522805740542,-0.1298471985753754,-0.49640649973473117,2.225064856389813,"Potgieter, Aldrich",RSA,0,216.0,77.0
19872,"Riley, Davis",6,Waialae Country Club,2026,2026-01-18,-0.414103533801583,0.369232498404757,0.1241088464131826,2.67514744379504,2.818748699562966,"Riley, Davis",USA,0,368.0,120.0
19872,"Riley, Davis",704,Pete Dye Stadium Course,2026,2026-01-25,0.19810745187290496,-1.7103529956353023,-0.27622730025968967,1.3140353949437749,-0.410013363630346,"Riley, Davis",USA,0,368.0,120.0
19872,"Riley, Davis",233,Nicklaus Tournament Course,2026,2026-01-25,,,,,1.548986636369654,"Riley, Davis",USA,0,368.0,120.0
19872,"Riley, Davis",202,La Quinta Country Club,2026,2026-01-25,,,,,3.221986636369654,"Riley, Davis",USA,0,368.0,120.0
19872,"Riley, Davis",4,Torrey Pines Golf Course (South Course),2026,2026-02-01,-2.050726712150719,-0.2217248296901308,0.12071546928253998,-0.684207103130514,-2.90713067991524,"Riley, Davis",USA,0,368.0,120.0
19872,"Riley, Davis",104,Torrey Pines Golf Course (North Course),2026,2026-02-01,,,,,2.1858693200847603,"Riley, Davis",USA,0,368.0,120.0
19872,"Riley, Davis",510,TPC Scottsdale (Stadium Course),2026,2026-02-08,-1.640736815098138,-1.3762501821550157,0.7735563038429778,-0.6583468668821015,-3.0082202032426677,"Riley, Davis",USA,0,368.0,120.0
19872,"Riley, Davis",928,PGA National  - Champion Course,2026,2026-03-01,-0.34334890296586273,2.427902519607863,-0.7318444349027996,-0.9400062678018393,0.29458899648870207,"Riley, Davis",USA,0,368.0,120.0
19872,"Riley, Davis",940,Grand Reserve Golf Club,2026,2026-03-08,,,,,0.47266576209778277,"Riley, Davis",USA,0,368.0,120.0
19872,"Riley, Davis",11,TPC Sawgrass - THE PLAYERS Stadium Course,2026,2026-03-15,-3.8557687446218165,-1.4899497568898807,-0.73654649067613,-1.405904270155008,-7.623814312584913,"Riley, Davis",USA,0,368.0,120.0
19872,"Riley, Davis",665,Innisbrook Resort and Golf Club - Copperhead Course,2026,2026-03-22,0.4116217736698377,0.862573398185777,-1.1077243625269535,-1.270499007716474,-1.2955336744571002,"Riley, Davis",USA,0,368.0,120.0
19872,"Riley, Davis",897,Memorial Park Golf Course,2026,2026-03-29,-0.070090180727997,0.21598786663306285,0.21488911263384658,0.4267142739837419,0.588784354183582,"Riley, Davis",USA,0,368.0,120.0
18628,"Campbell, Brian",6,Waialae Country Club,2026,2026-01-18,0.22428855745407072,-0.4485404817295403,0.503972671678665,-0.5585520574576235,-0.748517462066534,"Campbell, Brian",USA,0,371.0,112.0
18628,"Campbell, Brian",704,Pete Dye Stadium Course,2026,2026-01-25,-0.18455353215438908,-4.437008653180864,1.598983884834849,0.5950889651659483,-2.8356062340289183,"Campbell, Brian",USA,0,371.0,112.0
18628,"Campbell, Brian",233,Nicklaus Tournament Course,2026,2026-01-25,,,,,-1.7276062340289189,"Campbell, Brian",USA,0,371.0,112.0
18628,"Campbell, Brian",202,La Quinta Country Club,2026,2026-01-25,,,,,-1.5666062340289186,"Campbell, Brian",USA,0,371.0,112.0
18628,"Campbell, Brian",510,TPC Scottsdale (Stadium Course),2026,2026-02-08,0.2794361518377506,1.2160854182114198,-1.024317395070526,0.650620107240329,0.804081845678833,"Campbell, Brian",USA,0,371.0,112.0
18628,"Campbell, Brian",5,Pebble Beach Golf Links,2026,2026-02-15,-0.017154423164414845,-0.685294848172159,-0.9195663662822398,-0.11781318574620386,-2.0196511926788596,"Campbell, Brian",USA,0,371.0,112.0
18628,"Campbell, Brian",205,Spyglass Hill Golf Course,2026,2026-02-15,0.36051224350225186,-4.285294848172159,-3.4805663662822397,0.7821868142537962,-6.902984526012195,"Campbell, Brian",USA,0,371.0,112.0
18628,"Campbell, Brian",500,The Riviera Country Club,2026,2026-02-22,0.5272161722900537,-0.03145953997668327,0.26338865732061534,-0.4500115643417869,-0.09443226686482298,"Campbell, Brian",USA,0,371.0,112.0
18628,"Campbell, Brian",9,Arnold Palmer's Bay Hill Club & Lodge,2026,2026-03-08,-0.07300812568869641,1.3013566083886108,-0.03522221910927131,-0.5163334432690307,0.30513521032755775,"Campbell, Brian",USA,0,371.0,112.0
18628,"Campbell, Brian",11,TPC Sawgrass - THE PLAYERS Stadium Course,2026,2026-03-15,0.08266152480898925,2.154074001543406,0.04951335164709175,-1.3584913934998246,0.579145170633266,"Campbell, Brian",USA,0,371.0,112.0
18628,"Campbell, Brian",665,Innisbrook Resort and Golf Club - Copperhead Course,2026,2026-03-22,1.3728149617819467,-2.1708223051207223,1.7286694539904133,-0.8939103346473251,-0.25903699052740614,"Campbell, Brian",USA,0,371.0,112.0
18628,"Campbell, Brian",897,Memorial Park Golf Course,2026,2026-03-29,0.44955580018825336,0.31723467125399557,-1.2736929604596277,-1.4176325436144679,-2.2053216333171193,"Campbell, Brian",USA,0,371.0,112.0
12920,"Willett, Danny",4726,dubai creek resort,2026,2026-01-18,,,,,-0.5564308063274319,"Willett, Danny",ENG,0,457.0,400.0
12920,"Willett, Danny",4727,emirates gc,2026,2026-01-25,,,,,-2.591205232267527,"Willett, Danny",ENG,0,457.0,400.0
12920,"Willett, Danny",928,PGA National  - Champion Course,2026,2026-03-01,-0.2950570299406211,-0.8771824189844828,-0.8243728019865335,1.4307569014483779,-0.21037388692259773,"Willett, Danny",ENG,0,457.0,400.0
12920,"Willett, Danny",940,Grand Reserve Golf Club,2026,2026-03-08,,,,,0.998999015578276,"Willett, Danny",ENG,0,457.0,400.0
12920,"Willett, Danny",665,Innisbrook Resort and Golf Club - Copperhead Course,2026,2026-03-22,0.20663045348862596,-1.0707857513085077,0.5938617017937448,-0.4715441212988966,-0.5012515197901568,"Willett, Danny",ENG,0,457.0,400.0
12920,"Willett, Danny",897,Memorial Park Golf Course,2026,2026-03-29,-0.03032799661447974,0.6379357138324653,0.3378882096555467,-0.01530637472819138,1.1356911566484236,"Willett, Danny",ENG,0,457.0,400.0
653,"Singh, Vijay",6,Waialae Country Club,2026,2026-01-18,,,,,1.9713761001210772,"Singh, Vijay",FIJ,0,,
34025,"Fang, Ethan",4727,emirates gc,2026,2026-01-25,,,,,-2.4365789862878664,"Fang, Ethan",USA,1,,
33759,"Howell, Mason",897,Memorial Park Golf Course,2026,2026-03-29,,,,,1.118687598738441,"Howell, Mason",USA,1,,
