dg_id,player_name,course_num_b,course_name_b,skill,avg_value,cor_score,shared_players,target_course_num
23950,"Aberg, Ludvig",14,Augusta National Golf Club,sg_app,0.39234001457041595,0.7736761475774763,82,14
23950,"Aberg, Ludvig",250,Le Golf National,sg_app,1.313616327573727,0.2672679155122905,25,14
23950,"Aberg, Ludvig",752,Sedgefield Country Club,sg_app,-0.412898523566094,0.23767202574518853,71,14
23950,"Aberg, Ludvig",14,Augusta National Golf Club,sg_arg,0.1263278457198604,0.80273953021156,82,14
23950,"Aberg, Ludvig",671,Valhalla Golf Club,sg_arg,-0.7701665809123249,0.25939349272504586,64,14
23950,"Aberg, Ludvig",882,Caves Valley Golf Club,sg_arg,0.2884413637027818,0.2060169729940464,52,14
23950,"Aberg, Ludvig",14,Augusta National Golf Club,sg_ott,0.3576925993723201,0.7971821910226405,82,14
23950,"Aberg, Ludvig",933,East Lake Golf Club,sg_ott,0.2207985905500094,0.5646762951604,25,14
23950,"Aberg, Ludvig",500,The Riviera Country Club,sg_ott,-0.5084281607184193,0.31344071066821716,74,14
23950,"Aberg, Ludvig",885,Royal Portrush Golf Club,sg_ott,-0.0617969938437178,0.29174538441347864,59,14
23950,"Aberg, Ludvig",4,Torrey Pines Golf Course (South Course),sg_ott,-0.1608444921314397,0.24400336891272423,72,14
23950,"Aberg, Ludvig",5,Pebble Beach Golf Links,sg_ott,-0.6027475417418227,0.23550830830017516,66,14
23950,"Aberg, Ludvig",9,Arnold Palmer's Bay Hill Club & Lodge,sg_ott,0.5273603406383549,0.23513602824986948,76,14
23950,"Aberg, Ludvig",939,Torrey Pines Golf Course (South Course),sg_ott,0.3041544204531345,0.20807044904004582,47,14
23950,"Aberg, Ludvig",14,Augusta National Golf Club,sg_putt,1.331130630792751,0.8018650209948042,82,14
23950,"Aberg, Ludvig",883,TPC Twin Cities,sg_putt,0.9984432883163713,0.4580288740197177,62,14
23950,"Aberg, Ludvig",538,TPC Summerlin,sg_putt,0.8570673526442042,0.2539541609120851,61,14
23950,"Aberg, Ludvig",939,Torrey Pines Golf Course (South Course),sg_putt,0.6254289922523776,0.250902809224056,47,14
23950,"Aberg, Ludvig",656,Plantation Course at Kapalua,sg_putt,-0.024912818600402863,0.2493034818571421,66,14
23950,"Aberg, Ludvig",770,TPC San Antonio - The Oaks Course,sg_putt,-0.26209119518327545,0.2092149680103761,65,14
23950,"Aberg, Ludvig",4186,emirates gc,sg_total,0.4750534549288755,0.5545529225237957,14,14
23950,"Aberg, Ludvig",4223,albatross golf resort,sg_total,1.5292124412869652,0.36102331187471937,6,14
23950,"Aberg, Ludvig",4226,wentworth golf club,sg_total,1.7160345685715277,0.2755500084702653,19,14
23950,"Aberg, Ludvig",765,Port Royal Golf Course,sg_total,0.14514680689842283,0.21903475661008806,32,14
17606,"Berger, Daniel",14,Augusta National Golf Club,sg_app,0.2877809768239712,0.7736761475774763,82,14
17606,"Berger, Daniel",243,Trinity Forest Golf Club,sg_app,0.9329773833597964,0.25273595885204997,20,14
17606,"Berger, Daniel",752,Sedgefield Country Club,sg_app,-1.1443504777709776,0.23767202574518853,71,14
17606,"Berger, Daniel",552,Silverado Resort and Spa (North Course),sg_app,-1.2836960641849313,0.21006662165402265,46,14
17606,"Berger, Daniel",14,Augusta National Golf Club,sg_arg,-0.061150667997710295,0.80273953021156,82,14
17606,"Berger, Daniel",895,TPC Harding Park,sg_arg,0.5450513811306279,0.2882045494485807,53,14
17606,"Berger, Daniel",697,Ocean Course at Kiawah Island,sg_arg,-0.5465636074171936,0.256396269939126,56,14
17606,"Berger, Daniel",882,Caves Valley Golf Club,sg_arg,-0.004680114261073051,0.2060169729940464,52,14
17606,"Berger, Daniel",14,Augusta National Golf Club,sg_ott,-0.17444397821320912,0.7971821910226405,82,14
17606,"Berger, Daniel",898,The Concession Golf Club,sg_ott,0.4184642179179726,0.44290779618899423,36,14
17606,"Berger, Daniel",925,Dunes Golf and Beach Club,sg_ott,-0.44148890916304495,0.40040260448741377,14,14
17606,"Berger, Daniel",552,Silverado Resort and Spa (North Course),sg_ott,0.033245083851532825,0.39175007433612835,46,14
17606,"Berger, Daniel",734,PGA National Resort (The Champion),sg_ott,0.054532525476035,0.36739461231766535,52,14
17606,"Berger, Daniel",895,TPC Harding Park,sg_ott,1.149062914599905,0.31600204114959374,53,14
17606,"Berger, Daniel",500,The Riviera Country Club,sg_ott,-0.21979358283525893,0.31344071066821716,74,14
17606,"Berger, Daniel",885,Royal Portrush Golf Club,sg_ott,-0.43150396605965347,0.29174538441347864,59,14
17606,"Berger, Daniel",510,TPC Scottsdale (Stadium Course),sg_ott,0.18583485198796212,0.263277216668782,71,14
17606,"Berger, Daniel",4,Torrey Pines Golf Course (South Course),sg_ott,-0.04376108076961911,0.24400336891272423,72,14
17606,"Berger, Daniel",5,Pebble Beach Golf Links,sg_ott,-0.28624129146303345,0.23550830830017516,66,14
17606,"Berger, Daniel",9,Arnold Palmer's Bay Hill Club & Lodge,sg_ott,0.34656445411101666,0.23513602824986948,76,14
17606,"Berger, Daniel",880,Bethpage Black,sg_ott,-0.8871063885331022,0.23089163398226123,43,14
17606,"Berger, Daniel",894,TPC Craig Ranch,sg_ott,0.45388989892602905,0.23003219711697326,40,14
17606,"Berger, Daniel",939,Torrey Pines Golf Course (South Course),sg_ott,-0.11003904676245499,0.20807044904004582,47,14
17606,"Berger, Daniel",14,Augusta National Golf Club,sg_putt,0.10410860941383085,0.8018650209948042,82,14
17606,"Berger, Daniel",660,Montreux Golf & Country Club,sg_putt,1.4320518609740718,0.7234769291238938,11,14
17606,"Berger, Daniel",883,TPC Twin Cities,sg_putt,-0.7652701186950263,0.4580288740197177,62,14
17606,"Berger, Daniel",666,Pebble Beach Golf Links,sg_putt,-0.13512239622580965,0.39849228816856774,40,14
17606,"Berger, Daniel",898,The Concession Golf Club,sg_putt,0.22041548048316748,0.3611521317363,36,14
17606,"Berger, Daniel",884,Keene Trace Golf Club (Champion Trace),sg_putt,-0.13274384745685439,0.29823307167770713,20,14
17606,"Berger, Daniel",538,TPC Summerlin,sg_putt,1.2812961204830855,0.2539541609120851,61,14
17606,"Berger, Daniel",939,Torrey Pines Golf Course (South Course),sg_putt,1.1080142408685554,0.250902809224056,47,14
17606,"Berger, Daniel",656,Plantation Course at Kapalua,sg_putt,-0.8090209179952408,0.2493034818571421,66,14
17606,"Berger, Daniel",770,TPC San Antonio - The Oaks Course,sg_putt,0.3227796804765184,0.2092149680103761,65,14
17606,"Berger, Daniel",765,Port Royal Golf Course,sg_total,-1.3454064132270729,0.21903475661008806,32,14
26096,"Bhatia, Akshay",14,Augusta National Golf Club,sg_app,-0.9260466474555129,0.7736761475774763,82,14
26096,"Bhatia, Akshay",752,Sedgefield Country Club,sg_app,-0.10085816674815659,0.23767202574518853,71,14
26096,"Bhatia, Akshay",552,Silverado Resort and Spa (North Course),sg_app,0.025785578202985382,0.21006662165402265,46,14
26096,"Bhatia, Akshay",14,Augusta National Golf Club,sg_arg,0.6177731576334307,0.80273953021156,82,14
26096,"Bhatia, Akshay",671,Valhalla Golf Club,sg_arg,-0.2666609343239635,0.25939349272504586,64,14
26096,"Bhatia, Akshay",882,Caves Valley Golf Club,sg_arg,-0.5083850228343325,0.2060169729940464,52,14
26096,"Bhatia, Akshay",14,Augusta National Golf Club,sg_ott,-0.24175119631361547,0.7971821910226405,82,14
26096,"Bhatia, Akshay",933,East Lake Golf Club,sg_ott,-0.27456700979531984,0.5646762951604,25,14
26096,"Bhatia, Akshay",552,Silverado Resort and Spa (North Course),sg_ott,0.5420123306801484,0.39175007433612835,46,14
26096,"Bhatia, Akshay",734,PGA National Resort (The Champion),sg_ott,-0.18388442319509724,0.36739461231766535,52,14
26096,"Bhatia, Akshay",500,The Riviera Country Club,sg_ott,0.28330309191462805,0.31344071066821716,74,14
26096,"Bhatia, Akshay",885,Royal Portrush Golf Club,sg_ott,0.6173544553956385,0.29174538441347864,59,14
26096,"Bhatia, Akshay",510,TPC Scottsdale (Stadium Course),sg_ott,0.4047287016612198,0.263277216668782,71,14
26096,"Bhatia, Akshay",4,Torrey Pines Golf Course (South Course),sg_ott,-0.07595946989971965,0.24400336891272423,72,14
26096,"Bhatia, Akshay",5,Pebble Beach Golf Links,sg_ott,-0.06964430511023102,0.23550830830017516,66,14
26096,"Bhatia, Akshay",9,Arnold Palmer's Bay Hill Club & Lodge,sg_ott,-0.8781917708425682,0.23513602824986948,76,14
26096,"Bhatia, Akshay",939,Torrey Pines Golf Course (South Course),sg_ott,0.23700589784012144,0.20807044904004582,47,14
26096,"Bhatia, Akshay",14,Augusta National Golf Club,sg_putt,0.2427957860498283,0.8018650209948042,82,14
26096,"Bhatia, Akshay",883,TPC Twin Cities,sg_putt,0.08032091106589492,0.4580288740197177,62,14
26096,"Bhatia, Akshay",884,Keene Trace Golf Club (Champion Trace),sg_putt,0.29189340214555026,0.29823307167770713,20,14
26096,"Bhatia, Akshay",538,TPC Summerlin,sg_putt,0.07473279595073593,0.2539541609120851,61,14
26096,"Bhatia, Akshay",939,Torrey Pines Golf Course (South Course),sg_putt,0.21012191366619873,0.250902809224056,47,14
26096,"Bhatia, Akshay",656,Plantation Course at Kapalua,sg_putt,1.1538886661468077,0.2493034818571421,66,14
26096,"Bhatia, Akshay",770,TPC San Antonio - The Oaks Course,sg_putt,0.6292908286349315,0.2092149680103761,65,14
26096,"Bhatia, Akshay",4565,emirates gc,sg_total,-0.7435288835692193,0.5207632347995059,12,14
26096,"Bhatia, Akshay",765,Port Royal Golf Course,sg_total,0.9035006070383201,0.21903475661008806,32,14
26096,"Bhatia, Akshay",4782,dlf g&cc player course,sg_total,-1.9514671422920957,0.21607764334132792,4,14
13872,"Bradley, Keegan",14,Augusta National Golf Club,sg_app,0.04983053903597319,0.7736761475774763,82,14
13872,"Bradley, Keegan",902,Congaree Golf Club,sg_app,0.5676280058808219,0.38362977587831365,46,14
13872,"Bradley, Keegan",752,Sedgefield Country Club,sg_app,-1.2795758325969002,0.23767202574518853,71,14
13872,"Bradley, Keegan",552,Silverado Resort and Spa (North Course),sg_app,-0.1109354012671628,0.21006662165402265,46,14
13872,"Bradley, Keegan",14,Augusta National Golf Club,sg_arg,0.128740456346176,0.80273953021156,82,14
13872,"Bradley, Keegan",893,Muirfield Village Golf Club,sg_arg,-0.9030404146585596,0.3097702017109532,42,14
13872,"Bradley, Keegan",895,TPC Harding Park,sg_arg,-0.9496382742697274,0.2882045494485807,53,14
13872,"Bradley, Keegan",671,Valhalla Golf Club,sg_arg,-0.4579312216426885,0.25939349272504586,64,14
13872,"Bradley, Keegan",697,Ocean Course at Kiawah Island,sg_arg,0.1938505348412692,0.256396269939126,56,14
13872,"Bradley, Keegan",899,The Summit Club,sg_arg,-0.06222773089779195,0.21864362606546872,41,14
13872,"Bradley, Keegan",902,Congaree Golf Club,sg_arg,-0.13652719205219743,0.2135869634922663,46,14
13872,"Bradley, Keegan",882,Caves Valley Golf Club,sg_arg,0.03201690994913378,0.2060169729940464,52,14
13872,"Bradley, Keegan",14,Augusta National Golf Club,sg_ott,-0.11470802299442165,0.7971821910226405,82,14
13872,"Bradley, Keegan",933,East Lake Golf Club,sg_ott,-0.8987509438873812,0.5646762951604,25,14
13872,"Bradley, Keegan",552,Silverado Resort and Spa (North Course),sg_ott,-0.37038616196442964,0.39175007433612835,46,14
13872,"Bradley, Keegan",734,PGA National Resort (The Champion),sg_ott,0.6562095496054484,0.36739461231766535,52,14
13872,"Bradley, Keegan",237,TPC Potomac at Avenel Farm,sg_ott,0.719261230718987,0.3331917193714339,29,14
13872,"Bradley, Keegan",348,Medinah Country Club (No. 3),sg_ott,1.1177141977369554,0.32148389590928494,33,14
13872,"Bradley, Keegan",895,TPC Harding Park,sg_ott,0.5612147723610942,0.31600204114959374,53,14
13872,"Bradley, Keegan",500,The Riviera Country Club,sg_ott,-0.5035056030941519,0.31344071066821716,74,14
13872,"Bradley, Keegan",885,Royal Portrush Golf Club,sg_ott,0.18111059198691845,0.29174538441347864,59,14
13872,"Bradley, Keegan",510,TPC Scottsdale (Stadium Course),sg_ott,0.21910671268402818,0.263277216668782,71,14
13872,"Bradley, Keegan",4,Torrey Pines Golf Course (South Course),sg_ott,0.10821351383742653,0.24400336891272423,72,14
13872,"Bradley, Keegan",5,Pebble Beach Golf Links,sg_ott,0.12906718472883588,0.23550830830017516,66,14
13872,"Bradley, Keegan",9,Arnold Palmer's Bay Hill Club & Lodge,sg_ott,-0.038499546484002584,0.23513602824986948,76,14
13872,"Bradley, Keegan",880,Bethpage Black,sg_ott,0.3595535887135132,0.23089163398226123,43,14
13872,"Bradley, Keegan",939,Torrey Pines Golf Course (South Course),sg_ott,0.297817899318831,0.20807044904004582,47,14
13872,"Bradley, Keegan",14,Augusta National Golf Club,sg_putt,0.08177658928138146,0.8018650209948042,82,14
13872,"Bradley, Keegan",883,TPC Twin Cities,sg_putt,-0.10410696050415441,0.4580288740197177,62,14
13872,"Bradley, Keegan",666,Pebble Beach Golf Links,sg_putt,-0.7389841188995161,0.39849228816856774,40,14
13872,"Bradley, Keegan",538,TPC Summerlin,sg_putt,-1.0705695870914411,0.2539541609120851,61,14
13872,"Bradley, Keegan",939,Torrey Pines Golf Course (South Course),sg_putt,-1.2334923860738582,0.250902809224056,47,14
13872,"Bradley, Keegan",656,Plantation Course at Kapalua,sg_putt,-0.6665359856195275,0.2493034818571421,66,14
13872,"Bradley, Keegan",770,TPC San Antonio - The Oaks Course,sg_putt,-0.8336365769600732,0.2092149680103761,65,14
13872,"Bradley, Keegan",766,Sheshan International GC,sg_total,1.2945843400898769,0.29712658077720794,31,14
29197,"Brennan, Michael",510,TPC Scottsdale (Stadium Course),sg_ott,-0.0878433389787795,0.263277216668782,71,14
29197,"Brennan, Michael",765,Port Royal Golf Course,sg_total,0.9814259992984298,0.21903475661008806,32,14
29433,"Bridgeman, Jacob",752,Sedgefield Country Club,sg_app,0.2899229669167395,0.23767202574518853,71,14
29433,"Bridgeman, Jacob",882,Caves Valley Golf Club,sg_arg,0.5401864093244967,0.2060169729940464,52,14
29433,"Bridgeman, Jacob",925,Dunes Golf and Beach Club,sg_ott,0.023772123630735692,0.40040260448741377,14,14
29433,"Bridgeman, Jacob",500,The Riviera Country Club,sg_ott,0.46094568571354894,0.31344071066821716,74,14
29433,"Bridgeman, Jacob",510,TPC Scottsdale (Stadium Course),sg_ott,0.43453772971795684,0.263277216668782,71,14
29433,"Bridgeman, Jacob",4,Torrey Pines Golf Course (South Course),sg_ott,0.4848591761007743,0.24400336891272423,72,14
29433,"Bridgeman, Jacob",5,Pebble Beach Golf Links,sg_ott,-0.5460826415854216,0.23550830830017516,66,14
29433,"Bridgeman, Jacob",9,Arnold Palmer's Bay Hill Club & Lodge,sg_ott,0.4520617291222782,0.23513602824986948,76,14
29433,"Bridgeman, Jacob",883,TPC Twin Cities,sg_putt,0.055089524626012354,0.4580288740197177,62,14
29433,"Bridgeman, Jacob",884,Keene Trace Golf Club (Champion Trace),sg_putt,0.28623467719909884,0.29823307167770713,20,14
29433,"Bridgeman, Jacob",538,TPC Summerlin,sg_putt,0.24142909921617328,0.2539541609120851,61,14
29433,"Bridgeman, Jacob",770,TPC San Antonio - The Oaks Course,sg_putt,0.6301283773990296,0.2092149680103761,65,14
29433,"Bridgeman, Jacob",765,Port Royal Golf Course,sg_total,0.8175517049277283,0.21903475661008806,32,14
19483,"Burns, Sam",14,Augusta National Golf Club,sg_app,-0.61541793613909,0.7736761475774763,82,14
19483,"Burns, Sam",902,Congaree Golf Club,sg_app,-0.6106847402879831,0.38362977587831365,46,14
19483,"Burns, Sam",243,Trinity Forest Golf Club,sg_app,0.13523158704071134,0.25273595885204997,20,14
19483,"Burns, Sam",752,Sedgefield Country Club,sg_app,0.9196296897981282,0.23767202574518853,71,14
19483,"Burns, Sam",552,Silverado Resort and Spa (North Course),sg_app,0.9412064223924665,0.21006662165402265,46,14
19483,"Burns, Sam",14,Augusta National Golf Club,sg_arg,-0.1096327728710389,0.80273953021156,82,14
19483,"Burns, Sam",893,Muirfield Village Golf Club,sg_arg,0.17518661053240325,0.3097702017109532,42,14
19483,"Burns, Sam",671,Valhalla Golf Club,sg_arg,0.4595867249152329,0.25939349272504586,64,14
19483,"Burns, Sam",899,The Summit Club,sg_arg,0.5101517952572172,0.21864362606546872,41,14
19483,"Burns, Sam",902,Congaree Golf Club,sg_arg,-0.3311394274626272,0.2135869634922663,46,14
19483,"Burns, Sam",882,Caves Valley Golf Club,sg_arg,0.24901257867810497,0.2060169729940464,52,14
19483,"Burns, Sam",772,St. George's G&CC,sg_arg,0.4849830313355088,0.20551408994170733,22,14
19483,"Burns, Sam",14,Augusta National Golf Club,sg_ott,0.2712480916045781,0.7971821910226405,82,14
19483,"Burns, Sam",933,East Lake Golf Club,sg_ott,0.16716643396094497,0.5646762951604,25,14
19483,"Burns, Sam",552,Silverado Resort and Spa (North Course),sg_ott,0.4928586897443099,0.39175007433612835,46,14
19483,"Burns, Sam",734,PGA National Resort (The Champion),sg_ott,0.18534395385397484,0.36739461231766535,52,14
19483,"Burns, Sam",500,The Riviera Country Club,sg_ott,-0.46241204588197904,0.31344071066821716,74,14
19483,"Burns, Sam",885,Royal Portrush Golf Club,sg_ott,0.1861898816508449,0.29174538441347864,59,14
19483,"Burns, Sam",510,TPC Scottsdale (Stadium Course),sg_ott,-0.025439903207442792,0.263277216668782,71,14
19483,"Burns, Sam",4,Torrey Pines Golf Course (South Course),sg_ott,0.7084256800412798,0.24400336891272423,72,14
19483,"Burns, Sam",5,Pebble Beach Golf Links,sg_ott,0.19041987182499923,0.23550830830017516,66,14
19483,"Burns, Sam",9,Arnold Palmer's Bay Hill Club & Lodge,sg_ott,-0.075561880016184,0.23513602824986948,76,14
19483,"Burns, Sam",880,Bethpage Black,sg_ott,1.478224862934455,0.23089163398226123,43,14
19483,"Burns, Sam",894,TPC Craig Ranch,sg_ott,0.37914876104640094,0.23003219711697326,40,14
19483,"Burns, Sam",939,Torrey Pines Golf Course (South Course),sg_ott,0.5316131201780534,0.20807044904004582,47,14
19483,"Burns, Sam",14,Augusta National Golf Club,sg_putt,-0.6708546871813799,0.8018650209948042,82,14
19483,"Burns, Sam",883,TPC Twin Cities,sg_putt,-0.8262959426902927,0.4580288740197177,62,14
19483,"Burns, Sam",772,St. George's G&CC,sg_putt,0.35487947768805533,0.3642893747344121,22,14
19483,"Burns, Sam",538,TPC Summerlin,sg_putt,-0.7332559920172503,0.2539541609120851,61,14
19483,"Burns, Sam",939,Torrey Pines Golf Course (South Course),sg_putt,-0.16098955578956836,0.250902809224056,47,14
19483,"Burns, Sam",656,Plantation Course at Kapalua,sg_putt,0.22255308292713277,0.2493034818571421,66,14
19483,"Burns, Sam",770,TPC San Antonio - The Oaks Course,sg_putt,0.2826997805471579,0.2092149680103761,65,14
18628,"Campbell, Brian",14,Augusta National Golf Club,sg_app,1.9801191687027158,0.7736761475774763,82,14
18628,"Campbell, Brian",752,Sedgefield Country Club,sg_app,1.0427989391378523,0.23767202574518853,71,14
18628,"Campbell, Brian",14,Augusta National Golf Club,sg_arg,-0.6848831654504283,0.80273953021156,82,14
18628,"Campbell, Brian",882,Caves Valley Golf Club,sg_arg,-0.2675219533051236,0.2060169729940464,52,14
18628,"Campbell, Brian",14,Augusta National Golf Club,sg_ott,0.11988967348961271,0.7971821910226405,82,14
18628,"Campbell, Brian",500,The Riviera Country Club,sg_ott,0.5723201781588041,0.31344071066821716,74,14
18628,"Campbell, Brian",885,Royal Portrush Golf Club,sg_ott,1.4551702038689638,0.29174538441347864,59,14
18628,"Campbell, Brian",510,TPC Scottsdale (Stadium Course),sg_ott,0.3245401577065013,0.263277216668782,71,14
18628,"Campbell, Brian",4,Torrey Pines Golf Course (South Course),sg_ott,-0.8121495337242347,0.24400336891272423,72,14
18628,"Campbell, Brian",5,Pebble Beach Golf Links,sg_ott,0.027949582704336055,0.23550830830017516,66,14
18628,"Campbell, Brian",9,Arnold Palmer's Bay Hill Club & Lodge,sg_ott,-1.1826173604984247,0.23513602824986948,76,14
18628,"Campbell, Brian",14,Augusta National Golf Club,sg_putt,0.7129968746209253,0.8018650209948042,82,14
18628,"Campbell, Brian",936,Yokohama Country Club,sg_total,2.060548324970237,0.5483848316722366,17,14
18628,"Campbell, Brian",800,The Abaco Club on Winding Bay,sg_total,2.300453480692622,0.4592522951258997,5,14
18628,"Campbell, Brian",805,The Landings Golf & Athletic Club - Deer Creek,sg_total,0.3645828564949902,0.3572948782221022,6,14
18628,"Campbell, Brian",807,Lakewood National Golf Club - Commander Course,sg_total,0.46417091929093823,0.27150154660471243,5,14
15466,"Cantlay, Patrick",14,Augusta National Golf Club,sg_app,0.521987905055965,0.7736761475774763,82,14
15466,"Cantlay, Patrick",552,Silverado Resort and Spa (North Course),sg_app,0.14299608136863984,0.21006662165402265,46,14
15466,"Cantlay, Patrick",14,Augusta National Golf Club,sg_arg,-0.5007311424564161,0.80273953021156,82,14
15466,"Cantlay, Patrick",893,Muirfield Village Golf Club,sg_arg,0.03330709537562733,0.3097702017109532,42,14
15466,"Cantlay, Patrick",895,TPC Harding Park,sg_arg,-0.4118663052436798,0.2882045494485807,53,14
15466,"Cantlay, Patrick",671,Valhalla Golf Club,sg_arg,0.27931779725487743,0.25939349272504586,64,14
15466,"Cantlay, Patrick",697,Ocean Course at Kiawah Island,sg_arg,-0.9659710013143175,0.256396269939126,56,14
15466,"Cantlay, Patrick",882,Caves Valley Golf Club,sg_arg,-0.6803739263452468,0.2060169729940464,52,14
15466,"Cantlay, Patrick",14,Augusta National Golf Club,sg_ott,0.2551297224380437,0.7971821910226405,82,14
15466,"Cantlay, Patrick",933,East Lake Golf Club,sg_ott,0.13985548123166627,0.5646762951604,25,14
15466,"Cantlay, Patrick",552,Silverado Resort and Spa (North Course),sg_ott,0.6326741095517868,0.39175007433612835,46,14
15466,"Cantlay, Patrick",348,Medinah Country Club (No. 3),sg_ott,0.5931560920915916,0.32148389590928494,33,14
15466,"Cantlay, Patrick",895,TPC Harding Park,sg_ott,0.11819094405731645,0.31600204114959374,53,14
15466,"Cantlay, Patrick",500,The Riviera Country Club,sg_ott,0.16557424360678646,0.31344071066821716,74,14
15466,"Cantlay, Patrick",885,Royal Portrush Golf Club,sg_ott,-1.2711070853300397,0.29174538441347864,59,14
15466,"Cantlay, Patrick",510,TPC Scottsdale (Stadium Course),sg_ott,0.2492434379169371,0.263277216668782,71,14
15466,"Cantlay, Patrick",4,Torrey Pines Golf Course (South Course),sg_ott,-0.4530377605874191,0.24400336891272423,72,14
15466,"Cantlay, Patrick",5,Pebble Beach Golf Links,sg_ott,-0.4295638204889715,0.23550830830017516,66,14
15466,"Cantlay, Patrick",9,Arnold Palmer's Bay Hill Club & Lodge,sg_ott,0.19906499521728463,0.23513602824986948,76,14
15466,"Cantlay, Patrick",880,Bethpage Black,sg_ott,1.103130043602049,0.23089163398226123,43,14
15466,"Cantlay, Patrick",939,Torrey Pines Golf Course (South Course),sg_ott,0.11926044888424242,0.20807044904004582,47,14
15466,"Cantlay, Patrick",14,Augusta National Golf Club,sg_putt,-0.4376835080046644,0.8018650209948042,82,14
15466,"Cantlay, Patrick",666,Pebble Beach Golf Links,sg_putt,1.0744436622207685,0.39849228816856774,40,14
15466,"Cantlay, Patrick",538,TPC Summerlin,sg_putt,1.1508168486377555,0.2539541609120851,61,14
15466,"Cantlay, Patrick",939,Torrey Pines Golf Course (South Course),sg_putt,1.6037858385182793,0.250902809224056,47,14
15466,"Cantlay, Patrick",656,Plantation Course at Kapalua,sg_putt,0.41924480153887334,0.2493034818571421,66,14
15466,"Cantlay, Patrick",770,TPC San Antonio - The Oaks Course,sg_putt,-0.6718503608832602,0.2092149680103761,65,14
23604,"Clark, Wyndham",14,Augusta National Golf Club,sg_app,-0.5060491996813523,0.7736761475774763,82,14
23604,"Clark, Wyndham",902,Congaree Golf Club,sg_app,1.0299087427505447,0.38362977587831365,46,14
23604,"Clark, Wyndham",250,Le Golf National,sg_app,0.3278937461804615,0.2672679155122905,25,14
23604,"Clark, Wyndham",243,Trinity Forest Golf Club,sg_app,0.1623897515228561,0.25273595885204997,20,14
23604,"Clark, Wyndham",752,Sedgefield Country Club,sg_app,-0.21073329780471678,0.23767202574518853,71,14
23604,"Clark, Wyndham",552,Silverado Resort and Spa (North Course),sg_app,-0.06628813850726611,0.21006662165402265,46,14
23604,"Clark, Wyndham",14,Augusta National Golf Club,sg_arg,-0.023170635007069115,0.80273953021156,82,14
23604,"Clark, Wyndham",895,TPC Harding Park,sg_arg,-0.47799630452847935,0.2882045494485807,53,14
23604,"Clark, Wyndham",671,Valhalla Golf Club,sg_arg,-1.2192457823268854,0.25939349272504586,64,14
23604,"Clark, Wyndham",697,Ocean Course at Kiawah Island,sg_arg,0.07909606093657422,0.256396269939126,56,14
23604,"Clark, Wyndham",902,Congaree Golf Club,sg_arg,-0.012098664304784679,0.2135869634922663,46,14
23604,"Clark, Wyndham",772,St. George's G&CC,sg_arg,0.5195904440587455,0.20551408994170733,22,14
23604,"Clark, Wyndham",14,Augusta National Golf Club,sg_ott,0.3251175971616417,0.7971821910226405,82,14
23604,"Clark, Wyndham",933,East Lake Golf Club,sg_ott,0.16698233131608947,0.5646762951604,25,14
23604,"Clark, Wyndham",552,Silverado Resort and Spa (North Course),sg_ott,0.5733517245019161,0.39175007433612835,46,14
23604,"Clark, Wyndham",734,PGA National Resort (The Champion),sg_ott,-0.2876581673450023,0.36739461231766535,52,14
23604,"Clark, Wyndham",348,Medinah Country Club (No. 3),sg_ott,1.154261033309352,0.32148389590928494,33,14
23604,"Clark, Wyndham",895,TPC Harding Park,sg_ott,1.0738424979253665,0.31600204114959374,53,14
23604,"Clark, Wyndham",500,The Riviera Country Club,sg_ott,0.046140678278478044,0.31344071066821716,74,14
23604,"Clark, Wyndham",885,Royal Portrush Golf Club,sg_ott,-0.34329642634802116,0.29174538441347864,59,14
23604,"Clark, Wyndham",510,TPC Scottsdale (Stadium Course),sg_ott,-0.2442895559784094,0.263277216668782,71,14
23604,"Clark, Wyndham",4,Torrey Pines Golf Course (South Course),sg_ott,-0.010146091777816203,0.24400336891272423,72,14
23604,"Clark, Wyndham",5,Pebble Beach Golf Links,sg_ott,-0.32277747129494716,0.23550830830017516,66,14
23604,"Clark, Wyndham",9,Arnold Palmer's Bay Hill Club & Lodge,sg_ott,-0.05682203763208433,0.23513602824986948,76,14
23604,"Clark, Wyndham",894,TPC Craig Ranch,sg_ott,0.9607719237519534,0.23003219711697326,40,14
23604,"Clark, Wyndham",939,Torrey Pines Golf Course (South Course),sg_ott,-0.2922189325081583,0.20807044904004582,47,14
23604,"Clark, Wyndham",14,Augusta National Golf Club,sg_putt,-0.9204457601832319,0.8018650209948042,82,14
23604,"Clark, Wyndham",883,TPC Twin Cities,sg_putt,0.2514171339949164,0.4580288740197177,62,14
23604,"Clark, Wyndham",772,St. George's G&CC,sg_putt,2.6674280982185796,0.3642893747344121,22,14
23604,"Clark, Wyndham",538,TPC Summerlin,sg_putt,0.15677171739231024,0.2539541609120851,61,14
23604,"Clark, Wyndham",939,Torrey Pines Golf Course (South Course),sg_putt,1.2142729384826934,0.250902809224056,47,14
23604,"Clark, Wyndham",656,Plantation Course at Kapalua,sg_putt,-0.1436362612747864,0.2493034818571421,66,14
23604,"Clark, Wyndham",770,TPC San Antonio - The Oaks Course,sg_putt,-0.24873209752244457,0.2092149680103761,65,14
23604,"Clark, Wyndham",936,Yokohama Country Club,sg_total,-0.5884201310765002,0.5483848316722366,17,14
23604,"Clark, Wyndham",242,Nine Bridges,sg_total,2.036755312871557,0.32495436255033416,28,14
23604,"Clark, Wyndham",765,Port Royal Golf Course,sg_total,3.0742144573504495,0.21903475661008806,32,14
17576,"Conners, Corey",14,Augusta National Golf Club,sg_app,0.3031608519955041,0.7736761475774763,82,14
17576,"Conners, Corey",902,Congaree Golf Club,sg_app,0.46281068227048794,0.38362977587831365,46,14
17576,"Conners, Corey",250,Le Golf National,sg_app,0.20281708984193222,0.2672679155122905,25,14
17576,"Conners, Corey",752,Sedgefield Country Club,sg_app,0.1386045636932243,0.23767202574518853,71,14
17576,"Conners, Corey",552,Silverado Resort and Spa (North Course),sg_app,-0.3365976293980812,0.21006662165402265,46,14
17576,"Conners, Corey",14,Augusta National Golf Club,sg_arg,-0.28909929108681365,0.80273953021156,82,14
17576,"Conners, Corey",893,Muirfield Village Golf Club,sg_arg,-0.05222094250809297,0.3097702017109532,42,14
17576,"Conners, Corey",895,TPC Harding Park,sg_arg,-0.4865600597186379,0.2882045494485807,53,14
17576,"Conners, Corey",671,Valhalla Golf Club,sg_arg,-0.4187494898325237,0.25939349272504586,64,14
17576,"Conners, Corey",697,Ocean Course at Kiawah Island,sg_arg,0.1126329680446857,0.256396269939126,56,14
17576,"Conners, Corey",902,Congaree Golf Club,sg_arg,0.2701774310912227,0.2135869634922663,46,14
17576,"Conners, Corey",882,Caves Valley Golf Club,sg_arg,0.20632647952869268,0.2060169729940464,52,14
17576,"Conners, Corey",772,St. George's G&CC,sg_arg,-0.25992155926854177,0.20551408994170733,22,14
17576,"Conners, Corey",14,Augusta National Golf Club,sg_ott,-0.0959625808928807,0.7971821910226405,82,14
17576,"Conners, Corey",552,Silverado Resort and Spa (North Course),sg_ott,-0.07383241284575884,0.39175007433612835,46,14
17576,"Conners, Corey",734,PGA National Resort (The Champion),sg_ott,0.4685614358155799,0.36739461231766535,52,14
17576,"Conners, Corey",237,TPC Potomac at Avenel Farm,sg_ott,0.558942924064015,0.3331917193714339,29,14
17576,"Conners, Corey",348,Medinah Country Club (No. 3),sg_ott,-0.32750518715919147,0.32148389590928494,33,14
17576,"Conners, Corey",895,TPC Harding Park,sg_ott,0.0901292129673647,0.31600204114959374,53,14
17576,"Conners, Corey",500,The Riviera Country Club,sg_ott,-0.06109462359191734,0.31344071066821716,74,14
17576,"Conners, Corey",885,Royal Portrush Golf Club,sg_ott,0.11018258197064995,0.29174538441347864,59,14
17576,"Conners, Corey",510,TPC Scottsdale (Stadium Course),sg_ott,-0.1879232476642271,0.263277216668782,71,14
17576,"Conners, Corey",4,Torrey Pines Golf Course (South Course),sg_ott,-0.08403657798877143,0.24400336891272423,72,14
17576,"Conners, Corey",5,Pebble Beach Golf Links,sg_ott,-0.1294800861515312,0.23550830830017516,66,14
17576,"Conners, Corey",9,Arnold Palmer's Bay Hill Club & Lodge,sg_ott,-0.04380104220343153,0.23513602824986948,76,14
17576,"Conners, Corey",880,Bethpage Black,sg_ott,1.108830663308986,0.23089163398226123,43,14
17576,"Conners, Corey",939,Torrey Pines Golf Course (South Course),sg_ott,-0.057749720401900746,0.20807044904004582,47,14
17576,"Conners, Corey",14,Augusta National Golf Club,sg_putt,0.11457474586474742,0.8018650209948042,82,14
17576,"Conners, Corey",883,TPC Twin Cities,sg_putt,-1.0914310946041765,0.4580288740197177,62,14
17576,"Conners, Corey",772,St. George's G&CC,sg_putt,1.2387202347933377,0.3642893747344121,22,14
17576,"Conners, Corey",538,TPC Summerlin,sg_putt,1.5841846012580134,0.2539541609120851,61,14
17576,"Conners, Corey",939,Torrey Pines Golf Course (South Course),sg_putt,1.0128832316499679,0.250902809224056,47,14
17576,"Conners, Corey",656,Plantation Course at Kapalua,sg_putt,0.553669023620603,0.2493034818571421,66,14
17576,"Conners, Corey",770,TPC San Antonio - The Oaks Course,sg_putt,0.021608793046110585,0.2092149680103761,65,14
17576,"Conners, Corey",242,Nine Bridges,sg_total,1.9680344483243735,0.32495436255033416,28,14
17576,"Conners, Corey",766,Sheshan International GC,sg_total,1.877448480281471,0.29712658077720794,31,14
9771,"Day, Jason",14,Augusta National Golf Club,sg_app,0.2861004268536829,0.7736761475774763,82,14
9771,"Day, Jason",902,Congaree Golf Club,sg_app,1.2953051676604708,0.38362977587831365,46,14
9771,"Day, Jason",250,Le Golf National,sg_app,-0.6795096274218084,0.2672679155122905,25,14
9771,"Day, Jason",752,Sedgefield Country Club,sg_app,0.3772501500589824,0.23767202574518853,71,14
9771,"Day, Jason",552,Silverado Resort and Spa (North Course),sg_app,1.963626490045208,0.21006662165402265,46,14
9771,"Day, Jason",14,Augusta National Golf Club,sg_arg,0.8979787023169122,0.80273953021156,82,14
9771,"Day, Jason",893,Muirfield Village Golf Club,sg_arg,0.6714646694679386,0.3097702017109532,42,14
9771,"Day, Jason",895,TPC Harding Park,sg_arg,0.09158333375004998,0.2882045494485807,53,14
9771,"Day, Jason",671,Valhalla Golf Club,sg_arg,0.4620343813476541,0.25939349272504586,64,14
9771,"Day, Jason",697,Ocean Course at Kiawah Island,sg_arg,0.3461083319141213,0.256396269939126,56,14
9771,"Day, Jason",899,The Summit Club,sg_arg,-0.5969310174660019,0.21864362606546872,41,14
9771,"Day, Jason",902,Congaree Golf Club,sg_arg,-0.2727649890743746,0.2135869634922663,46,14
9771,"Day, Jason",882,Caves Valley Golf Club,sg_arg,0.6279417022284368,0.2060169729940464,52,14
9771,"Day, Jason",14,Augusta National Golf Club,sg_ott,-0.5286221379431928,0.7971821910226405,82,14
9771,"Day, Jason",898,The Concession Golf Club,sg_ott,0.5413113788230886,0.44290779618899423,36,14
9771,"Day, Jason",552,Silverado Resort and Spa (North Course),sg_ott,-2.222495493640596,0.39175007433612835,46,14
9771,"Day, Jason",237,TPC Potomac at Avenel Farm,sg_ott,-0.23402530106973174,0.3331917193714339,29,14
9771,"Day, Jason",348,Medinah Country Club (No. 3),sg_ott,-0.9953798173171063,0.32148389590928494,33,14
9771,"Day, Jason",895,TPC Harding Park,sg_ott,-0.10026967918218004,0.31600204114959374,53,14
9771,"Day, Jason",500,The Riviera Country Club,sg_ott,-0.39050932030771784,0.31344071066821716,74,14
9771,"Day, Jason",885,Royal Portrush Golf Club,sg_ott,-0.4675608040942595,0.29174538441347864,59,14
9771,"Day, Jason",510,TPC Scottsdale (Stadium Course),sg_ott,0.3040679744559333,0.263277216668782,71,14
9771,"Day, Jason",4,Torrey Pines Golf Course (South Course),sg_ott,0.05303914952462025,0.24400336891272423,72,14
9771,"Day, Jason",5,Pebble Beach Golf Links,sg_ott,0.16844498010106732,0.23550830830017516,66,14
9771,"Day, Jason",9,Arnold Palmer's Bay Hill Club & Lodge,sg_ott,0.13346639494284093,0.23513602824986948,76,14
9771,"Day, Jason",880,Bethpage Black,sg_ott,0.22462370456957859,0.23089163398226123,43,14
9771,"Day, Jason",894,TPC Craig Ranch,sg_ott,-0.2057228425678751,0.23003219711697326,40,14
9771,"Day, Jason",939,Torrey Pines Golf Course (South Course),sg_ott,-0.9319867035995278,0.20807044904004582,47,14
9771,"Day, Jason",14,Augusta National Golf Club,sg_putt,0.09579835144888303,0.8018650209948042,82,14
9771,"Day, Jason",883,TPC Twin Cities,sg_putt,-1.1215176809304863,0.4580288740197177,62,14
9771,"Day, Jason",666,Pebble Beach Golf Links,sg_putt,-0.15857322366122656,0.39849228816856774,40,14
9771,"Day, Jason",898,The Concession Golf Club,sg_putt,0.6034335088162048,0.3611521317363,36,14
9771,"Day, Jason",538,TPC Summerlin,sg_putt,-0.2383564209609368,0.2539541609120851,61,14
9771,"Day, Jason",939,Torrey Pines Golf Course (South Course),sg_putt,-0.467399249423483,0.250902809224056,47,14
9771,"Day, Jason",656,Plantation Course at Kapalua,sg_putt,-0.5847427876112858,0.2493034818571421,66,14
9771,"Day, Jason",770,TPC San Antonio - The Oaks Course,sg_putt,-0.2158454105370266,0.2092149680103761,65,14
9771,"Day, Jason",242,Nine Bridges,sg_total,0.07995908170266133,0.32495436255033416,28,14
19841,"DeChambeau, Bryson",14,Augusta National Golf Club,sg_app,-0.4559714376439457,0.7736761475774763,82,14
19841,"DeChambeau, Bryson",1,Riyadh Golf Club,sg_app,0.07355607584578676,0.31801996537255167,18,14
19841,"DeChambeau, Bryson",552,Silverado Resort and Spa (North Course),sg_app,-0.2130964334828691,0.21006662165402265,46,14
19841,"DeChambeau, Bryson",14,Augusta National Golf Club,sg_arg,0.12253963495635856,0.80273953021156,82,14
19841,"DeChambeau, Bryson",895,TPC Harding Park,sg_arg,-0.2619508952065223,0.2882045494485807,53,14
19841,"DeChambeau, Bryson",671,Valhalla Golf Club,sg_arg,0.8454748369328317,0.25939349272504586,64,14
19841,"DeChambeau, Bryson",697,Ocean Course at Kiawah Island,sg_arg,0.412933218787688,0.256396269939126,56,14
19841,"DeChambeau, Bryson",882,Caves Valley Golf Club,sg_arg,-0.12214831591008937,0.2060169729940464,52,14
19841,"DeChambeau, Bryson",14,Augusta National Golf Club,sg_ott,0.3230362127474524,0.7971821910226405,82,14
19841,"DeChambeau, Bryson",898,The Concession Golf Club,sg_ott,0.3062695404892891,0.44290779618899423,36,14
19841,"DeChambeau, Bryson",552,Silverado Resort and Spa (North Course),sg_ott,-0.16033414080346284,0.39175007433612835,46,14
19841,"DeChambeau, Bryson",348,Medinah Country Club (No. 3),sg_ott,0.16745058142311217,0.32148389590928494,33,14
19841,"DeChambeau, Bryson",895,TPC Harding Park,sg_ott,0.9598409403541249,0.31600204114959374,53,14
19841,"DeChambeau, Bryson",500,The Riviera Country Club,sg_ott,-0.4751163589526568,0.31344071066821716,74,14
19841,"DeChambeau, Bryson",885,Royal Portrush Golf Club,sg_ott,0.25203076925011947,0.29174538441347864,59,14
19841,"DeChambeau, Bryson",510,TPC Scottsdale (Stadium Course),sg_ott,0.8708442781717523,0.263277216668782,71,14
19841,"DeChambeau, Bryson",4,Torrey Pines Golf Course (South Course),sg_ott,-0.7713274193382612,0.24400336891272423,72,14
19841,"DeChambeau, Bryson",9,Arnold Palmer's Bay Hill Club & Lodge,sg_ott,0.735658074025574,0.23513602824986948,76,14
19841,"DeChambeau, Bryson",880,Bethpage Black,sg_ott,-0.7710191649199456,0.23089163398226123,43,14
19841,"DeChambeau, Bryson",894,TPC Craig Ranch,sg_ott,0.37115599772289254,0.23003219711697326,40,14
19841,"DeChambeau, Bryson",14,Augusta National Golf Club,sg_putt,-0.2946154859164646,0.8018650209948042,82,14
19841,"DeChambeau, Bryson",883,TPC Twin Cities,sg_putt,1.0692499244774791,0.4580288740197177,62,14
19841,"DeChambeau, Bryson",666,Pebble Beach Golf Links,sg_putt,1.0225215025262806,0.39849228816856774,40,14
19841,"DeChambeau, Bryson",898,The Concession Golf Club,sg_putt,0.5627679560432037,0.3611521317363,36,14
19841,"DeChambeau, Bryson",538,TPC Summerlin,sg_putt,-0.04298619349213384,0.2539541609120851,61,14
19841,"DeChambeau, Bryson",656,Plantation Course at Kapalua,sg_putt,-0.5576292159624754,0.2493034818571421,66,14
19841,"DeChambeau, Bryson",770,TPC San Antonio - The Oaks Course,sg_putt,-0.1954927285838623,0.2092149680103761,65,14
19841,"DeChambeau, Bryson",3768,emirates gc,sg_total,4.604977588062163,0.5777376780409397,15,14
19841,"DeChambeau, Bryson",3769,royal greens,sg_total,2.1846014451573152,0.39080169811281146,13,14
22833,"Echavarria, Nico",14,Augusta National Golf Club,sg_app,-0.019888288061469098,0.7736761475774763,82,14
22833,"Echavarria, Nico",752,Sedgefield Country Club,sg_app,0.7573745695363072,0.23767202574518853,71,14
22833,"Echavarria, Nico",14,Augusta National Golf Club,sg_arg,0.5732391892710456,0.80273953021156,82,14
22833,"Echavarria, Nico",14,Augusta National Golf Club,sg_ott,-0.22514686753961072,0.7971821910226405,82,14
22833,"Echavarria, Nico",925,Dunes Golf and Beach Club,sg_ott,-0.022656233124281333,0.40040260448741377,14,14
22833,"Echavarria, Nico",734,PGA National Resort (The Champion),sg_ott,-1.2517261035149911,0.36739461231766535,52,14
22833,"Echavarria, Nico",500,The Riviera Country Club,sg_ott,0.4138164949885043,0.31344071066821716,74,14
22833,"Echavarria, Nico",885,Royal Portrush Golf Club,sg_ott,-0.650669571810671,0.29174538441347864,59,14
22833,"Echavarria, Nico",510,TPC Scottsdale (Stadium Course),sg_ott,0.771787024159301,0.263277216668782,71,14
22833,"Echavarria, Nico",4,Torrey Pines Golf Course (South Course),sg_ott,-0.5754972383432384,0.24400336891272423,72,14
22833,"Echavarria, Nico",5,Pebble Beach Golf Links,sg_ott,-0.16574908222156323,0.23550830830017516,66,14
22833,"Echavarria, Nico",9,Arnold Palmer's Bay Hill Club & Lodge,sg_ott,1.066012693337685,0.23513602824986948,76,14
22833,"Echavarria, Nico",939,Torrey Pines Golf Course (South Course),sg_ott,0.21926720181651885,0.20807044904004582,47,14
22833,"Echavarria, Nico",14,Augusta National Golf Club,sg_putt,-0.7586455073947782,0.8018650209948042,82,14
22833,"Echavarria, Nico",883,TPC Twin Cities,sg_putt,-3.026188425530395,0.4580288740197177,62,14
22833,"Echavarria, Nico",538,TPC Summerlin,sg_putt,-0.20956673392969616,0.2539541609120851,61,14
22833,"Echavarria, Nico",939,Torrey Pines Golf Course (South Course),sg_putt,0.17942807788565526,0.250902809224056,47,14
22833,"Echavarria, Nico",656,Plantation Course at Kapalua,sg_putt,1.0890090838700641,0.2493034818571421,66,14
22833,"Echavarria, Nico",770,TPC San Antonio - The Oaks Course,sg_putt,0.4237913111713413,0.2092149680103761,65,14
22833,"Echavarria, Nico",936,Yokohama Country Club,sg_total,2.4161880670753866,0.5483848316722366,17,14
22833,"Echavarria, Nico",765,Port Royal Golf Course,sg_total,-0.07597460854919606,0.21903475661008806,32,14
22833,"Echavarria, Nicolas",250,Le Golf National,sg_app,0.11426381131983966,0.2672679155122905,25,14
14577,"English, Harris",14,Augusta National Golf Club,sg_app,0.537479346427568,0.7736761475774763,82,14
14577,"English, Harris",902,Congaree Golf Club,sg_app,0.2190296483526564,0.38362977587831365,46,14
14577,"English, Harris",243,Trinity Forest Golf Club,sg_app,-0.3403470823967451,0.25273595885204997,20,14
14577,"English, Harris",752,Sedgefield Country Club,sg_app,0.8500947792988274,0.23767202574518853,71,14
14577,"English, Harris",552,Silverado Resort and Spa (North Course),sg_app,0.1964680465262506,0.21006662165402265,46,14
14577,"English, Harris",14,Augusta National Golf Club,sg_arg,0.4700644918198508,0.80273953021156,82,14
14577,"English, Harris",895,TPC Harding Park,sg_arg,0.3232091410309036,0.2882045494485807,53,14
14577,"English, Harris",671,Valhalla Golf Club,sg_arg,-0.7783699251509292,0.25939349272504586,64,14
14577,"English, Harris",697,Ocean Course at Kiawah Island,sg_arg,0.29834882681567837,0.256396269939126,56,14
14577,"English, Harris",899,The Summit Club,sg_arg,0.23912045779126342,0.21864362606546872,41,14
14577,"English, Harris",902,Congaree Golf Club,sg_arg,0.20308034376648898,0.2135869634922663,46,14
14577,"English, Harris",882,Caves Valley Golf Club,sg_arg,0.045100932872952054,0.2060169729940464,52,14
14577,"English, Harris",14,Augusta National Golf Club,sg_ott,-0.04555521080633075,0.7971821910226405,82,14
14577,"English, Harris",898,The Concession Golf Club,sg_ott,-1.5034642434904273,0.44290779618899423,36,14
14577,"English, Harris",552,Silverado Resort and Spa (North Course),sg_ott,0.3937276373930939,0.39175007433612835,46,14
14577,"English, Harris",734,PGA National Resort (The Champion),sg_ott,0.7540254820726123,0.36739461231766535,52,14
14577,"English, Harris",895,TPC Harding Park,sg_ott,-0.2856709579798626,0.31600204114959374,53,14
14577,"English, Harris",500,The Riviera Country Club,sg_ott,-0.08667049414572874,0.31344071066821716,74,14
14577,"English, Harris",885,Royal Portrush Golf Club,sg_ott,-0.6008921075112856,0.29174538441347864,59,14
14577,"English, Harris",510,TPC Scottsdale (Stadium Course),sg_ott,-0.04945170564381013,0.263277216668782,71,14
14577,"English, Harris",4,Torrey Pines Golf Course (South Course),sg_ott,-0.3559583416551524,0.24400336891272423,72,14
14577,"English, Harris",5,Pebble Beach Golf Links,sg_ott,0.365497653559572,0.23550830830017516,66,14
14577,"English, Harris",9,Arnold Palmer's Bay Hill Club & Lodge,sg_ott,0.1652863528408686,0.23513602824986948,76,14
14577,"English, Harris",894,TPC Craig Ranch,sg_ott,0.5428588772800385,0.23003219711697326,40,14
14577,"English, Harris",939,Torrey Pines Golf Course (South Course),sg_ott,0.010185589655693494,0.20807044904004582,47,14
14577,"English, Harris",14,Augusta National Golf Club,sg_putt,0.1924407886600787,0.8018650209948042,82,14
14577,"English, Harris",660,Montreux Golf & Country Club,sg_putt,-0.5397113159881046,0.7234769291238938,11,14
14577,"English, Harris",883,TPC Twin Cities,sg_putt,0.5537828116677221,0.4580288740197177,62,14
14577,"English, Harris",666,Pebble Beach Golf Links,sg_putt,-0.23702986886741867,0.39849228816856774,40,14
14577,"English, Harris",898,The Concession Golf Club,sg_putt,-0.74942970272921,0.3611521317363,36,14
14577,"English, Harris",884,Keene Trace Golf Club (Champion Trace),sg_putt,-0.5209267303234343,0.29823307167770713,20,14
14577,"English, Harris",538,TPC Summerlin,sg_putt,-0.4303664424827725,0.2539541609120851,61,14
14577,"English, Harris",939,Torrey Pines Golf Course (South Course),sg_putt,0.740246159867652,0.250902809224056,47,14
14577,"English, Harris",656,Plantation Course at Kapalua,sg_putt,0.46801709597683827,0.2493034818571421,66,14
14577,"English, Harris",770,TPC San Antonio - The Oaks Course,sg_putt,-0.20731813356861128,0.2092149680103761,65,14
34025,"Fang, Ethan",4727,emirates gc,sg_total,-1.042729712202201,0.2561750983846259,13,14
17646,"Fitzpatrick, Matt",14,Augusta National Golf Club,sg_app,-0.5617013852230596,0.7736761475774763,82,14
17646,"Fitzpatrick, Matt",902,Congaree Golf Club,sg_app,-0.23236555010926419,0.38362977587831365,46,14
17646,"Fitzpatrick, Matt",250,Le Golf National,sg_app,-1.9335905764850243,0.2672679155122905,25,14
17646,"Fitzpatrick, Matt",752,Sedgefield Country Club,sg_app,0.18182575796995074,0.23767202574518853,71,14
17646,"Fitzpatrick, Matt",14,Augusta National Golf Club,sg_arg,0.00865802529936956,0.80273953021156,82,14
17646,"Fitzpatrick, Matt",895,TPC Harding Park,sg_arg,-0.3896853180400704,0.2882045494485807,53,14
17646,"Fitzpatrick, Matt",671,Valhalla Golf Club,sg_arg,-0.04189395866012405,0.25939349272504586,64,14
17646,"Fitzpatrick, Matt",697,Ocean Course at Kiawah Island,sg_arg,0.5676925561984352,0.256396269939126,56,14
17646,"Fitzpatrick, Matt",902,Congaree Golf Club,sg_arg,-0.23965047477519166,0.2135869634922663,46,14
17646,"Fitzpatrick, Matt",882,Caves Valley Golf Club,sg_arg,-0.11486995317803306,0.2060169729940464,52,14
17646,"Fitzpatrick, Matt",772,St. George's G&CC,sg_arg,-0.79280453048178,0.20551408994170733,22,14
17646,"Fitzpatrick, Matt",14,Augusta National Golf Club,sg_ott,0.22150396662197788,0.7971821910226405,82,14
17646,"Fitzpatrick, Matt",237,TPC Potomac at Avenel Farm,sg_ott,0.6127528836184006,0.3331917193714339,29,14
17646,"Fitzpatrick, Matt",895,TPC Harding Park,sg_ott,0.3564567803940672,0.31600204114959374,53,14
17646,"Fitzpatrick, Matt",500,The Riviera Country Club,sg_ott,0.014916976313051987,0.31344071066821716,74,14
17646,"Fitzpatrick, Matt",885,Royal Portrush Golf Club,sg_ott,0.4436730251976554,0.29174538441347864,59,14
17646,"Fitzpatrick, Matt",510,TPC Scottsdale (Stadium Course),sg_ott,0.5393133798667976,0.263277216668782,71,14
17646,"Fitzpatrick, Matt",5,Pebble Beach Golf Links,sg_ott,0.10263306865337901,0.23550830830017516,66,14
17646,"Fitzpatrick, Matt",9,Arnold Palmer's Bay Hill Club & Lodge,sg_ott,-0.06436793593367933,0.23513602824986948,76,14
17646,"Fitzpatrick, Matt",880,Bethpage Black,sg_ott,0.23706194525919325,0.23089163398226123,43,14
17646,"Fitzpatrick, Matt",894,TPC Craig Ranch,sg_ott,0.35712010942766503,0.23003219711697326,40,14
17646,"Fitzpatrick, Matt",939,Torrey Pines Golf Course (South Course),sg_ott,0.3467321986777698,0.20807044904004582,47,14
17646,"Fitzpatrick, Matt",14,Augusta National Golf Club,sg_putt,0.46307077739947744,0.8018650209948042,82,14
17646,"Fitzpatrick, Matt",772,St. George's G&CC,sg_putt,0.9711145800345846,0.3642893747344121,22,14
17646,"Fitzpatrick, Matt",939,Torrey Pines Golf Course (South Course),sg_putt,-0.2236704754706675,0.250902809224056,47,14
17646,"Fitzpatrick, Matt",656,Plantation Course at Kapalua,sg_putt,0.420001374019598,0.2493034818571421,66,14
17646,"Fitzpatrick, Matt",770,TPC San Antonio - The Oaks Course,sg_putt,-0.881032322655361,0.2092149680103761,65,14
17646,"Fitzpatrick, Matt",765,Port Royal Golf Course,sg_total,-0.5335558603693772,0.21903475661008806,32,14
17646,"Fitzpatrick, Matthew",14,Augusta National Golf Club,sg_app,0.6852702563614924,0.7736761475774763,82,14
17646,"Fitzpatrick, Matthew",14,Augusta National Golf Club,sg_arg,-0.47768086876253835,0.80273953021156,82,14
17646,"Fitzpatrick, Matthew",893,Muirfield Village Golf Club,sg_arg,0.16029260127849457,0.3097702017109532,42,14
17646,"Fitzpatrick, Matthew",14,Augusta National Golf Club,sg_ott,0.7264425836109116,0.7971821910226405,82,14
17646,"Fitzpatrick, Matthew",898,The Concession Golf Club,sg_ott,0.6517404224002193,0.44290779618899423,36,14
17646,"Fitzpatrick, Matthew",500,The Riviera Country Club,sg_ott,-0.0902145615756196,0.31344071066821716,74,14
17646,"Fitzpatrick, Matthew",5,Pebble Beach Golf Links,sg_ott,-0.26286875335245496,0.23550830830017516,66,14
17646,"Fitzpatrick, Matthew",9,Arnold Palmer's Bay Hill Club & Lodge,sg_ott,0.6075774981289707,0.23513602824986948,76,14
17646,"Fitzpatrick, Matthew",14,Augusta National Golf Club,sg_putt,0.1149013261068199,0.8018650209948042,82,14
17646,"Fitzpatrick, Matthew",666,Pebble Beach Golf Links,sg_putt,0.640287371661573,0.39849228816856774,40,14
17646,"Fitzpatrick, Matthew",898,The Concession Golf Club,sg_putt,0.5193864999739769,0.3611521317363,36,14
17646,"Fitzpatrick, Matthew",3806,gary player cc,sg_total,0.6053786847884459,0.7399608042371892,9,14
17646,"Fitzpatrick, Matthew",3923,renaissance club,sg_total,-1.264627410774254,0.5928783795035246,11,14
17646,"Fitzpatrick, Matthew",3768,emirates gc,sg_total,2.594314676801106,0.5777376780409397,15,14
17646,"Fitzpatrick, Matthew",4193,kingsbarns golf links,sg_total,2.363205314855121,0.5515870234536338,15,14
17646,"Fitzpatrick, Matthew",3799,carnoustie,sg_total,0.22704670170964822,0.5354107429857184,17,14
17646,"Fitzpatrick, Matthew",3785,golfclub münchen eichenried,sg_total,1.988154328181253,0.5152468248252458,8,14
17646,"Fitzpatrick, Matthew",4603,kingsbarns golf links,sg_total,0.5539688301586378,0.4693256868249047,14,14
17646,"Fitzpatrick, Matthew",3946,marco simone gc,sg_total,-2.5148795513593254,0.4630130682796136,8,14
17646,"Fitzpatrick, Matthew",4136,abu dhabi gc,sg_total,-1.9153130529685376,0.4622679329005842,16,14
17646,"Fitzpatrick, Matthew",4012,wentworth golf club,sg_total,-1.3837443158330032,0.3066787846500394,22,14
17646,"Fitzpatrick, Matthew",766,Sheshan International GC,sg_total,2.6261889525351307,0.29712658077720794,31,14
17646,"Fitzpatrick, Matthew",4017,real club valderrama,sg_total,-3.79927820754291,0.2761115184072146,6,14
17646,"Fitzpatrick, Matthew",4226,wentworth golf club,sg_total,0.010314187436002847,0.2755500084702653,19,14
17646,"Fitzpatrick, Matthew",3930,wentworth golf club,sg_total,1.0650178881933443,0.24166447194612933,16,14
17646,"Fitzpatrick, Matthew",3883,real club valderrama,sg_total,1.4940530360552295,0.22869727197688575,8,14
12294,"Fleetwood, Tommy",14,Augusta National Golf Club,sg_app,0.08084813321272005,0.7736761475774763,82,14
12294,"Fleetwood, Tommy",902,Congaree Golf Club,sg_app,0.5327480248408768,0.38362977587831365,46,14
12294,"Fleetwood, Tommy",250,Le Golf National,sg_app,0.8326575941381731,0.2672679155122905,25,14
12294,"Fleetwood, Tommy",752,Sedgefield Country Club,sg_app,-0.569907048280308,0.23767202574518853,71,14
12294,"Fleetwood, Tommy",14,Augusta National Golf Club,sg_arg,0.47642244379297555,0.80273953021156,82,14
12294,"Fleetwood, Tommy",895,TPC Harding Park,sg_arg,0.07525364734132023,0.2882045494485807,53,14
12294,"Fleetwood, Tommy",671,Valhalla Golf Club,sg_arg,-0.15994218463938475,0.25939349272504586,64,14
12294,"Fleetwood, Tommy",697,Ocean Course at Kiawah Island,sg_arg,2.058962072380934,0.256396269939126,56,14
12294,"Fleetwood, Tommy",899,The Summit Club,sg_arg,0.4271099174373368,0.21864362606546872,41,14
12294,"Fleetwood, Tommy",902,Congaree Golf Club,sg_arg,0.30230081396696407,0.2135869634922663,46,14
12294,"Fleetwood, Tommy",882,Caves Valley Golf Club,sg_arg,0.4289834079248868,0.2060169729940464,52,14
12294,"Fleetwood, Tommy",14,Augusta National Golf Club,sg_ott,0.48605147645832203,0.7971821910226405,82,14
12294,"Fleetwood, Tommy",933,East Lake Golf Club,sg_ott,-0.10348559046577363,0.5646762951604,25,14
12294,"Fleetwood, Tommy",898,The Concession Golf Club,sg_ott,-0.08275992822491954,0.44290779618899423,36,14
12294,"Fleetwood, Tommy",734,PGA National Resort (The Champion),sg_ott,-0.508769757353199,0.36739461231766535,52,14
12294,"Fleetwood, Tommy",348,Medinah Country Club (No. 3),sg_ott,0.20567675572794034,0.32148389590928494,33,14
12294,"Fleetwood, Tommy",895,TPC Harding Park,sg_ott,0.6900101504910856,0.31600204114959374,53,14
12294,"Fleetwood, Tommy",500,The Riviera Country Club,sg_ott,0.05964234674623581,0.31344071066821716,74,14
12294,"Fleetwood, Tommy",885,Royal Portrush Golf Club,sg_ott,0.21843286624814998,0.29174538441347864,59,14
12294,"Fleetwood, Tommy",510,TPC Scottsdale (Stadium Course),sg_ott,-0.7679235679965799,0.263277216668782,71,14
12294,"Fleetwood, Tommy",5,Pebble Beach Golf Links,sg_ott,0.09310377347395776,0.23550830830017516,66,14
12294,"Fleetwood, Tommy",9,Arnold Palmer's Bay Hill Club & Lodge,sg_ott,-0.32611059975502665,0.23513602824986948,76,14
12294,"Fleetwood, Tommy",880,Bethpage Black,sg_ott,-0.166698542217572,0.23089163398226123,43,14
12294,"Fleetwood, Tommy",894,TPC Craig Ranch,sg_ott,0.6397144145958578,0.23003219711697326,40,14
12294,"Fleetwood, Tommy",939,Torrey Pines Golf Course (South Course),sg_ott,-0.12919228885540737,0.20807044904004582,47,14
12294,"Fleetwood, Tommy",14,Augusta National Golf Club,sg_putt,-0.41286058069169973,0.8018650209948042,82,14
12294,"Fleetwood, Tommy",883,TPC Twin Cities,sg_putt,-1.5264258912629,0.4580288740197177,62,14
12294,"Fleetwood, Tommy",666,Pebble Beach Golf Links,sg_putt,-0.3123976471071698,0.39849228816856774,40,14
12294,"Fleetwood, Tommy",898,The Concession Golf Club,sg_putt,-1.6099955698475124,0.3611521317363,36,14
12294,"Fleetwood, Tommy",939,Torrey Pines Golf Course (South Course),sg_putt,0.5114307908936471,0.250902809224056,47,14
12294,"Fleetwood, Tommy",656,Plantation Course at Kapalua,sg_putt,-0.7659178351573968,0.2493034818571421,66,14
12294,"Fleetwood, Tommy",770,TPC San Antonio - The Oaks Course,sg_putt,-0.8645378875645687,0.2092149680103761,65,14
12294,"Fleetwood, Tommy",3806,gary player cc,sg_total,2.3710711224395915,0.7399608042371892,9,14
12294,"Fleetwood, Tommy",3881,old course st andrews,sg_total,-0.19005723121202536,0.7009631684181491,11,14
12294,"Fleetwood, Tommy",3974,carnoustie,sg_total,3.1859427687879753,0.6580855714298015,11,14
12294,"Fleetwood, Tommy",3923,renaissance club,sg_total,1.3654596610372258,0.5928783795035246,11,14
12294,"Fleetwood, Tommy",3768,emirates gc,sg_total,2.432009654276747,0.5777376780409397,15,14
12294,"Fleetwood, Tommy",4186,emirates gc,sg_total,-1.7553856724900223,0.5545529225237957,14,14
12294,"Fleetwood, Tommy",4193,kingsbarns golf links,sg_total,1.7463622193988242,0.5515870234536338,15,14
12294,"Fleetwood, Tommy",3799,carnoustie,sg_total,2.690244665877648,0.5354107429857184,17,14
12294,"Fleetwood, Tommy",4565,emirates gc,sg_total,-0.7619568579381047,0.5207632347995059,12,14
12294,"Fleetwood, Tommy",4030,gary player cc,sg_total,1.1001966623055466,0.4822650846362146,6,14
12294,"Fleetwood, Tommy",4603,kingsbarns golf links,sg_total,-1.0556252382274385,0.4693256868249047,14,14
12294,"Fleetwood, Tommy",3946,marco simone gc,sg_total,1.6946180263413768,0.4630130682796136,8,14
12294,"Fleetwood, Tommy",4136,abu dhabi gc,sg_total,0.6321472974722881,0.4622679329005842,16,14
12294,"Fleetwood, Tommy",242,Nine Bridges,sg_total,0.25244859579481715,0.32495436255033416,28,14
12294,"Fleetwood, Tommy",4012,wentworth golf club,sg_total,-1.7289820243101672,0.3066787846500394,22,14
12294,"Fleetwood, Tommy",766,Sheshan International GC,sg_total,-1.7777172940119081,0.29712658077720794,31,14
12294,"Fleetwood, Tommy",4226,wentworth golf club,sg_total,0.7903110896670918,0.2755500084702653,19,14
12294,"Fleetwood, Tommy",4727,emirates gc,sg_total,-1.909758359038328,0.2561750983846259,13,14
12294,"Fleetwood, Tommy",3930,wentworth golf club,sg_total,0.6002401717791003,0.24166447194612933,16,14
12294,"Fleetwood, Tommy",3976,fire course,sg_total,-0.05867753707804149,0.20621236218043165,6,14
11889,"Fox, Ryan",14,Augusta National Golf Club,sg_app,-0.11456031269812993,0.7736761475774763,82,14
11889,"Fox, Ryan",250,Le Golf National,sg_app,-0.47019700704467116,0.2672679155122905,25,14
11889,"Fox, Ryan",752,Sedgefield Country Club,sg_app,0.45330635976212175,0.23767202574518853,71,14
11889,"Fox, Ryan",14,Augusta National Golf Club,sg_arg,0.7010676064285354,0.80273953021156,82,14
11889,"Fox, Ryan",671,Valhalla Golf Club,sg_arg,-0.10614995721637013,0.25939349272504586,64,14
11889,"Fox, Ryan",882,Caves Valley Golf Club,sg_arg,0.07036253772643972,0.2060169729940464,52,14
11889,"Fox, Ryan",14,Augusta National Golf Club,sg_ott,0.49043459715850757,0.7971821910226405,82,14
11889,"Fox, Ryan",925,Dunes Golf and Beach Club,sg_ott,0.718352404081827,0.40040260448741377,14,14
11889,"Fox, Ryan",500,The Riviera Country Club,sg_ott,-0.175390567325303,0.31344071066821716,74,14
11889,"Fox, Ryan",885,Royal Portrush Golf Club,sg_ott,0.8114900035520483,0.29174538441347864,59,14
11889,"Fox, Ryan",510,TPC Scottsdale (Stadium Course),sg_ott,-0.415468125849351,0.263277216668782,71,14
11889,"Fox, Ryan",4,Torrey Pines Golf Course (South Course),sg_ott,-0.22582862098976433,0.24400336891272423,72,14
11889,"Fox, Ryan",5,Pebble Beach Golf Links,sg_ott,1.227492938706785,0.23550830830017516,66,14
11889,"Fox, Ryan",9,Arnold Palmer's Bay Hill Club & Lodge,sg_ott,0.24231013178649266,0.23513602824986948,76,14
11889,"Fox, Ryan",14,Augusta National Golf Club,sg_putt,0.0677088059359495,0.8018650209948042,82,14
11889,"Fox, Ryan",883,TPC Twin Cities,sg_putt,-0.6776044619961697,0.4580288740197177,62,14
11889,"Fox, Ryan",666,Pebble Beach Golf Links,sg_putt,-0.6950556188369922,0.39849228816856774,40,14
11889,"Fox, Ryan",538,TPC Summerlin,sg_putt,0.36755373119126056,0.2539541609120851,61,14
11889,"Fox, Ryan",770,TPC San Antonio - The Oaks Course,sg_putt,-1.142380625858842,0.2092149680103761,65,14
11889,"Fox, Ryan",3990,brabazon course at the belfry,sg_total,1.2441259940698925,0.7847626944506246,6,14
11889,"Fox, Ryan",3806,gary player cc,sg_total,-1.2408160533580148,0.7399608042371892,9,14
11889,"Fox, Ryan",3881,old course st andrews,sg_total,-3.624346691630286,0.7009631684181491,11,14
11889,"Fox, Ryan",3974,carnoustie,sg_total,3.173653308369714,0.6580855714298015,11,14
11889,"Fox, Ryan",3782,himmerland golf & spa resort,sg_total,-1.3224425653484362,0.6199143685374888,6,14
11889,"Fox, Ryan",3866,golfclub münchen eichenried,sg_total,1.199676322937171,0.5951110641039311,7,14
11889,"Fox, Ryan",3923,renaissance club,sg_total,-0.6427649400110017,0.5928783795035246,11,14
11889,"Fox, Ryan",3768,emirates gc,sg_total,-0.16829272637044074,0.5777376780409397,15,14
11889,"Fox, Ryan",4186,emirates gc,sg_total,0.09933524950579008,0.5545529225237957,14,14
11889,"Fox, Ryan",4193,kingsbarns golf links,sg_total,4.081165944163818,0.5515870234536338,15,14
11889,"Fox, Ryan",3799,carnoustie,sg_total,2.991500885960486,0.5354107429857184,17,14
11889,"Fox, Ryan",4565,emirates gc,sg_total,1.4067421359388699,0.5207632347995059,12,14
11889,"Fox, Ryan",4030,gary player cc,sg_total,1.768919977519514,0.4822650846362146,6,14
11889,"Fox, Ryan",3946,marco simone gc,sg_total,-3.47196496415584,0.4630130682796136,8,14
11889,"Fox, Ryan",4136,abu dhabi gc,sg_total,-0.13275703685693258,0.4622679329005842,16,14
11889,"Fox, Ryan",3961,london gc,sg_total,0.8680556600667828,0.4402434381579469,4,14
11889,"Fox, Ryan",3769,royal greens,sg_total,3.20895631073848,0.39080169811281146,13,14
11889,"Fox, Ryan",3864,montgomerie maxx royal,sg_total,1.7706467223360967,0.38635796586643784,12,14
11889,"Fox, Ryan",3982,al hamra gc,sg_total,-0.6706906928999612,0.3759615240948637,6,14
11889,"Fox, Ryan",4012,wentworth golf club,sg_total,-1.7942194333603825,0.3066787846500394,22,14
11889,"Fox, Ryan",4017,real club valderrama,sg_total,-1.4990553161204532,0.2761115184072146,6,14
11889,"Fox, Ryan",4226,wentworth golf club,sg_total,2.729407458599188,0.2755500084702653,19,14
11889,"Fox, Ryan",4727,emirates gc,sg_total,-0.579369952719563,0.2561750983846259,13,14
11889,"Fox, Ryan",3930,wentworth golf club,sg_total,1.644519911981748,0.24166447194612933,16,14
11889,"Fox, Ryan",3883,real club valderrama,sg_total,1.8964473356115912,0.22869727197688575,8,14
5689,"Garcia, Sergio",14,Augusta National Golf Club,sg_app,0.0774453276094496,0.7736761475774763,82,14
5689,"Garcia, Sergio",1,Riyadh Golf Club,sg_app,-0.006608421144037954,0.31801996537255167,18,14
5689,"Garcia, Sergio",752,Sedgefield Country Club,sg_app,-0.2534164325305189,0.23767202574518853,71,14
5689,"Garcia, Sergio",552,Silverado Resort and Spa (North Course),sg_app,0.0075406402542350336,0.21006662165402265,46,14
5689,"Garcia, Sergio",14,Augusta National Golf Club,sg_arg,-0.5963779713063607,0.80273953021156,82,14
5689,"Garcia, Sergio",895,TPC Harding Park,sg_arg,0.02917335814094258,0.2882045494485807,53,14
5689,"Garcia, Sergio",697,Ocean Course at Kiawah Island,sg_arg,-1.609499362432908,0.256396269939126,56,14
5689,"Garcia, Sergio",899,The Summit Club,sg_arg,0.5681071226139948,0.21864362606546872,41,14
5689,"Garcia, Sergio",882,Caves Valley Golf Club,sg_arg,-0.21813929357263367,0.2060169729940464,52,14
5689,"Garcia, Sergio",14,Augusta National Golf Club,sg_ott,-0.11456769938367121,0.7971821910226405,82,14
5689,"Garcia, Sergio",898,The Concession Golf Club,sg_ott,0.4020101891920302,0.44290779618899423,36,14
5689,"Garcia, Sergio",552,Silverado Resort and Spa (North Course),sg_ott,1.2600840336554027,0.39175007433612835,46,14
5689,"Garcia, Sergio",237,TPC Potomac at Avenel Farm,sg_ott,-0.5015898555017928,0.3331917193714339,29,14
5689,"Garcia, Sergio",895,TPC Harding Park,sg_ott,0.6521063976912528,0.31600204114959374,53,14
5689,"Garcia, Sergio",500,The Riviera Country Club,sg_ott,0.24335264939856016,0.31344071066821716,74,14
5689,"Garcia, Sergio",885,Royal Portrush Golf Club,sg_ott,0.19939275907981407,0.29174538441347864,59,14
5689,"Garcia, Sergio",9,Arnold Palmer's Bay Hill Club & Lodge,sg_ott,0.17467375017411718,0.23513602824986948,76,14
5689,"Garcia, Sergio",880,Bethpage Black,sg_ott,0.7139192759005302,0.23089163398226123,43,14
5689,"Garcia, Sergio",894,TPC Craig Ranch,sg_ott,0.12777832859378985,0.23003219711697326,40,14
5689,"Garcia, Sergio",14,Augusta National Golf Club,sg_putt,-0.8941666952881749,0.8018650209948042,82,14
5689,"Garcia, Sergio",883,TPC Twin Cities,sg_putt,-1.1524292034819204,0.4580288740197177,62,14
5689,"Garcia, Sergio",666,Pebble Beach Golf Links,sg_putt,-0.763132063812801,0.39849228816856774,40,14
5689,"Garcia, Sergio",898,The Concession Golf Club,sg_putt,-0.7432553946457495,0.3611521317363,36,14
5689,"Garcia, Sergio",538,TPC Summerlin,sg_putt,0.3018928380225171,0.2539541609120851,61,14
5689,"Garcia, Sergio",656,Plantation Course at Kapalua,sg_putt,-0.31584067660245896,0.2493034818571421,66,14
5689,"Garcia, Sergio",3866,golfclub münchen eichenried,sg_total,0.15808914446640182,0.5951110641039311,7,14
5689,"Garcia, Sergio",3768,emirates gc,sg_total,3.5878277431925256,0.5777376780409397,15,14
5689,"Garcia, Sergio",4728,royal golf club,sg_total,1.5888733003146336,0.5345195784858621,4,14
5689,"Garcia, Sergio",3785,golfclub münchen eichenried,sg_total,-0.8713444578793291,0.5152468248252458,8,14
5689,"Garcia, Sergio",4591,club de campo villa de madrid,sg_total,-0.7214019958636886,0.4544257583187024,8,14
5689,"Garcia, Sergio",3769,royal greens,sg_total,1.8534087812135605,0.39080169811281146,13,14
5689,"Garcia, Sergio",242,Nine Bridges,sg_total,-1.164442473450198,0.32495436255033416,28,14
5689,"Garcia, Sergio",4012,wentworth golf club,sg_total,-6.45761192655142,0.3066787846500394,22,14
5689,"Garcia, Sergio",766,Sheshan International GC,sg_total,-0.8647201092833493,0.29712658077720794,31,14
29767,"Gerard, Ryan",752,Sedgefield Country Club,sg_app,-0.6741772522134946,0.23767202574518853,71,14
29767,"Gerard, Ryan",882,Caves Valley Golf Club,sg_arg,-1.0839349370095355,0.2060169729940464,52,14
29767,"Gerard, Ryan",500,The Riviera Country Club,sg_ott,0.12555082022185335,0.31344071066821716,74,14
29767,"Gerard, Ryan",4,Torrey Pines Golf Course (South Course),sg_ott,-0.0863098060979682,0.24400336891272423,72,14
29767,"Gerard, Ryan",5,Pebble Beach Golf Links,sg_ott,0.5579407857262322,0.23550830830017516,66,14
29767,"Gerard, Ryan",9,Arnold Palmer's Bay Hill Club & Lodge,sg_ott,-0.6798132750750231,0.23513602824986948,76,14
29767,"Gerard, Ryan",883,TPC Twin Cities,sg_putt,0.09620348368021085,0.4580288740197177,62,14
29767,"Gerard, Ryan",884,Keene Trace Golf Club (Champion Trace),sg_putt,0.29674323335337804,0.29823307167770713,20,14
29767,"Gerard, Ryan",770,TPC San Antonio - The Oaks Course,sg_putt,1.5100777042121634,0.2092149680103761,65,14
29767,"Gerard, Ryan",936,Yokohama Country Club,sg_total,0.2482843084017034,0.5483848316722366,17,14
29767,"Gerard, Ryan",800,The Abaco Club on Winding Bay,sg_total,1.0190306283687112,0.4592522951258997,5,14
29767,"Gerard, Ryan",641,Crestview Country Club,sg_total,0.06275042430740191,0.3635680382277454,4,14
29767,"Gerard, Ryan",805,The Landings Golf & Athletic Club - Deer Creek,sg_total,1.4225607396102065,0.3572948782221022,6,14
29767,"Gerard, Ryan",807,Lakewood National Golf Club - Commander Course,sg_total,0.43767700767364043,0.27150154660471243,5,14
29767,"Gerard, Ryan",765,Port Royal Golf Course,sg_total,-1.161197593334124,0.21903475661008806,32,14
29767,"Gerard, Ryan",801,The Club at Indian Creek,sg_total,-1.5390671108735363,0.20423287271214416,4,14
27774,"Gotterup, Chris",752,Sedgefield Country Club,sg_app,0.008685011828564237,0.23767202574518853,71,14
27774,"Gotterup, Chris",552,Silverado Resort and Spa (North Course),sg_app,-0.050235211072484715,0.21006662165402265,46,14
27774,"Gotterup, Chris",671,Valhalla Golf Club,sg_arg,1.6569240970618857,0.25939349272504586,64,14
27774,"Gotterup, Chris",882,Caves Valley Golf Club,sg_arg,-0.5110535947088607,0.2060169729940464,52,14
27774,"Gotterup, Chris",925,Dunes Golf and Beach Club,sg_ott,0.2640565909329353,0.40040260448741377,14,14
27774,"Gotterup, Chris",552,Silverado Resort and Spa (North Course),sg_ott,-1.2355926476540127,0.39175007433612835,46,14
27774,"Gotterup, Chris",500,The Riviera Country Club,sg_ott,-0.2524896750734757,0.31344071066821716,74,14
27774,"Gotterup, Chris",885,Royal Portrush Golf Club,sg_ott,1.0601777560392296,0.29174538441347864,59,14
27774,"Gotterup, Chris",510,TPC Scottsdale (Stadium Course),sg_ott,-0.176623321867814,0.263277216668782,71,14
27774,"Gotterup, Chris",4,Torrey Pines Golf Course (South Course),sg_ott,0.22377543392340077,0.24400336891272423,72,14
27774,"Gotterup, Chris",5,Pebble Beach Golf Links,sg_ott,-0.07031952546648129,0.23550830830017516,66,14
27774,"Gotterup, Chris",9,Arnold Palmer's Bay Hill Club & Lodge,sg_ott,-0.5238906082713504,0.23513602824986948,76,14
27774,"Gotterup, Chris",883,TPC Twin Cities,sg_putt,0.33783795854816445,0.4580288740197177,62,14
27774,"Gotterup, Chris",538,TPC Summerlin,sg_putt,-0.4784028295254979,0.2539541609120851,61,14
27774,"Gotterup, Chris",656,Plantation Course at Kapalua,sg_putt,0.021263403413197907,0.2493034818571421,66,14
27774,"Gotterup, Chris",770,TPC San Antonio - The Oaks Course,sg_putt,-0.7107005723554122,0.2092149680103761,65,14
27774,"Gotterup, Chris",936,Yokohama Country Club,sg_total,-0.5646661733698527,0.5483848316722366,17,14
27774,"Gotterup, Christopher",884,Keene Trace Golf Club (Champion Trace),sg_putt,1.0305103906782613,0.29823307167770713,20,14
23465,"Greyserman, Max",14,Augusta National Golf Club,sg_app,-0.3939627892036062,0.7736761475774763,82,14
23465,"Greyserman, Max",752,Sedgefield Country Club,sg_app,0.30590273488755937,0.23767202574518853,71,14
23465,"Greyserman, Max",14,Augusta National Golf Club,sg_arg,0.11057187741449072,0.80273953021156,82,14
23465,"Greyserman, Max",14,Augusta National Golf Club,sg_ott,0.21252545098033176,0.7971821910226405,82,14
23465,"Greyserman, Max",925,Dunes Golf and Beach Club,sg_ott,-0.075135698849698,0.40040260448741377,14,14
23465,"Greyserman, Max",500,The Riviera Country Club,sg_ott,0.6379734245787688,0.31344071066821716,74,14
23465,"Greyserman, Max",885,Royal Portrush Golf Club,sg_ott,-1.73618476051181,0.29174538441347864,59,14
23465,"Greyserman, Max",510,TPC Scottsdale (Stadium Course),sg_ott,-0.6704523893975658,0.263277216668782,71,14
23465,"Greyserman, Max",4,Torrey Pines Golf Course (South Course),sg_ott,-0.3225071724213193,0.24400336891272423,72,14
23465,"Greyserman, Max",5,Pebble Beach Golf Links,sg_ott,-0.23152584871729154,0.23550830830017516,66,14
23465,"Greyserman, Max",9,Arnold Palmer's Bay Hill Club & Lodge,sg_ott,-0.5474585816249791,0.23513602824986948,76,14
23465,"Greyserman, Max",939,Torrey Pines Golf Course (South Course),sg_ott,0.7648608377492642,0.20807044904004582,47,14
23465,"Greyserman, Max",14,Augusta National Golf Club,sg_putt,0.9351970636450458,0.8018650209948042,82,14
23465,"Greyserman, Max",883,TPC Twin Cities,sg_putt,0.15689446163240145,0.4580288740197177,62,14
23465,"Greyserman, Max",939,Torrey Pines Golf Course (South Course),sg_putt,1.5448323694882844,0.250902809224056,47,14
23465,"Greyserman, Max",656,Plantation Course at Kapalua,sg_putt,-0.16264180664768368,0.2493034818571421,66,14
23465,"Greyserman, Max",770,TPC San Antonio - The Oaks Course,sg_putt,-0.33583551934764805,0.2092149680103761,65,14
23465,"Greyserman, Max",936,Yokohama Country Club,sg_total,3.3433566128394956,0.5483848316722366,17,14
24968,"Griffin, Ben",752,Sedgefield Country Club,sg_app,0.4372600340805073,0.23767202574518853,71,14
24968,"Griffin, Ben",671,Valhalla Golf Club,sg_arg,0.23322830518430449,0.25939349272504586,64,14
24968,"Griffin, Ben",882,Caves Valley Golf Club,sg_arg,0.09984131402425162,0.2060169729940464,52,14
24968,"Griffin, Ben",925,Dunes Golf and Beach Club,sg_ott,0.23693094708936485,0.40040260448741377,14,14
24968,"Griffin, Ben",734,PGA National Resort (The Champion),sg_ott,0.5626819621533915,0.36739461231766535,52,14
24968,"Griffin, Ben",500,The Riviera Country Club,sg_ott,0.04090310201686151,0.31344071066821716,74,14
24968,"Griffin, Ben",885,Royal Portrush Golf Club,sg_ott,-1.6715826316222215,0.29174538441347864,59,14
24968,"Griffin, Ben",510,TPC Scottsdale (Stadium Course),sg_ott,-0.2201580226632763,0.263277216668782,71,14
24968,"Griffin, Ben",4,Torrey Pines Golf Course (South Course),sg_ott,0.1583611260291438,0.24400336891272423,72,14
24968,"Griffin, Ben",5,Pebble Beach Golf Links,sg_ott,-0.7713699613772449,0.23550830830017516,66,14
24968,"Griffin, Ben",9,Arnold Palmer's Bay Hill Club & Lodge,sg_ott,-0.3001695216917376,0.23513602824986948,76,14
24968,"Griffin, Ben",939,Torrey Pines Golf Course (South Course),sg_ott,0.39588544909609197,0.20807044904004582,47,14
24968,"Griffin, Ben",883,TPC Twin Cities,sg_putt,-0.45513223483744203,0.4580288740197177,62,14
24968,"Griffin, Ben",538,TPC Summerlin,sg_putt,-1.0207049387353255,0.2539541609120851,61,14
24968,"Griffin, Ben",939,Torrey Pines Golf Course (South Course),sg_putt,-0.9063969020106263,0.250902809224056,47,14
24968,"Griffin, Ben",770,TPC San Antonio - The Oaks Course,sg_putt,-0.5021509086081528,0.2092149680103761,65,14
24968,"Griffin, Ben",765,Port Royal Golf Course,sg_total,0.7592092073286782,0.21903475661008806,32,14
27194,"Hall, Harry",752,Sedgefield Country Club,sg_app,-0.0802876029946531,0.23767202574518853,71,14
27194,"Hall, Harry",552,Silverado Resort and Spa (North Course),sg_app,-1.7150250891031673,0.21006662165402265,46,14
27194,"Hall, Harry",882,Caves Valley Golf Club,sg_arg,0.589148106721997,0.2060169729940464,52,14
27194,"Hall, Harry",925,Dunes Golf and Beach Club,sg_ott,0.3612611997051477,0.40040260448741377,14,14
27194,"Hall, Harry",552,Silverado Resort and Spa (North Course),sg_ott,-1.7317804617755161,0.39175007433612835,46,14
27194,"Hall, Harry",734,PGA National Resort (The Champion),sg_ott,0.13119845242897593,0.36739461231766535,52,14
27194,"Hall, Harry",500,The Riviera Country Club,sg_ott,-0.9785556869353385,0.31344071066821716,74,14
27194,"Hall, Harry",885,Royal Portrush Golf Club,sg_ott,0.5609545634031401,0.29174538441347864,59,14
27194,"Hall, Harry",510,TPC Scottsdale (Stadium Course),sg_ott,-0.30158571633341813,0.263277216668782,71,14
27194,"Hall, Harry",4,Torrey Pines Golf Course (South Course),sg_ott,-0.7537729884600778,0.24400336891272423,72,14
27194,"Hall, Harry",5,Pebble Beach Golf Links,sg_ott,-0.04438398417680875,0.23550830830017516,66,14
27194,"Hall, Harry",9,Arnold Palmer's Bay Hill Club & Lodge,sg_ott,0.37397660631928514,0.23513602824986948,76,14
27194,"Hall, Harry",883,TPC Twin Cities,sg_putt,-0.5743841894991444,0.4580288740197177,62,14
27194,"Hall, Harry",884,Keene Trace Golf Club (Champion Trace),sg_putt,0.16021994770854125,0.29823307167770713,20,14
27194,"Hall, Harry",538,TPC Summerlin,sg_putt,1.0308626878993339,0.2539541609120851,61,14
27194,"Hall, Harry",656,Plantation Course at Kapalua,sg_putt,-0.37013553463940835,0.2493034818571421,66,14
27194,"Hall, Harry",770,TPC San Antonio - The Oaks Course,sg_putt,-0.37430695617713433,0.2092149680103761,65,14
27194,"Hall, Harry",3799,carnoustie,sg_total,4.377148415693112,0.5354107429857184,17,14
27194,"Hall, Harry",4603,kingsbarns golf links,sg_total,-5.394939134432803,0.4693256868249047,14,14
27194,"Hall, Harry",765,Port Royal Golf Course,sg_total,-1.2716170381789007,0.21903475661008806,32,14
8825,"Harman, Brian",14,Augusta National Golf Club,sg_app,-1.181167980110659,0.7736761475774763,82,14
8825,"Harman, Brian",902,Congaree Golf Club,sg_app,0.42462476096070717,0.38362977587831365,46,14
8825,"Harman, Brian",243,Trinity Forest Golf Club,sg_app,0.3930818688127687,0.25273595885204997,20,14
8825,"Harman, Brian",752,Sedgefield Country Club,sg_app,-0.2455966570686806,0.23767202574518853,71,14
8825,"Harman, Brian",14,Augusta National Golf Club,sg_arg,0.21469554588595316,0.80273953021156,82,14
8825,"Harman, Brian",895,TPC Harding Park,sg_arg,1.160830018885375,0.2882045494485807,53,14
8825,"Harman, Brian",671,Valhalla Golf Club,sg_arg,0.11073841118123467,0.25939349272504586,64,14
8825,"Harman, Brian",697,Ocean Course at Kiawah Island,sg_arg,-1.218419957086329,0.256396269939126,56,14
8825,"Harman, Brian",899,The Summit Club,sg_arg,-1.0226675012121813,0.21864362606546872,41,14
8825,"Harman, Brian",902,Congaree Golf Club,sg_arg,-0.1888721295447694,0.2135869634922663,46,14
8825,"Harman, Brian",882,Caves Valley Golf Club,sg_arg,0.5831745826395713,0.2060169729940464,52,14
8825,"Harman, Brian",14,Augusta National Golf Club,sg_ott,-0.7826765900087364,0.7971821910226405,82,14
8825,"Harman, Brian",734,PGA National Resort (The Champion),sg_ott,0.4129325306169617,0.36739461231766535,52,14
8825,"Harman, Brian",237,TPC Potomac at Avenel Farm,sg_ott,0.511576415947199,0.3331917193714339,29,14
8825,"Harman, Brian",895,TPC Harding Park,sg_ott,-0.4804545920932935,0.31600204114959374,53,14
8825,"Harman, Brian",500,The Riviera Country Club,sg_ott,0.021538300725698078,0.31344071066821716,74,14
8825,"Harman, Brian",885,Royal Portrush Golf Club,sg_ott,1.2242857814360246,0.29174538441347864,59,14
8825,"Harman, Brian",510,TPC Scottsdale (Stadium Course),sg_ott,0.15440296836365405,0.263277216668782,71,14
8825,"Harman, Brian",4,Torrey Pines Golf Course (South Course),sg_ott,-0.30357517247744165,0.24400336891272423,72,14
8825,"Harman, Brian",5,Pebble Beach Golf Links,sg_ott,0.18873040608455915,0.23550830830017516,66,14
8825,"Harman, Brian",9,Arnold Palmer's Bay Hill Club & Lodge,sg_ott,-0.6512187382245705,0.23513602824986948,76,14
8825,"Harman, Brian",880,Bethpage Black,sg_ott,-0.5379865262812557,0.23089163398226123,43,14
8825,"Harman, Brian",939,Torrey Pines Golf Course (South Course),sg_ott,-0.5308490296563995,0.20807044904004582,47,14
8825,"Harman, Brian",14,Augusta National Golf Club,sg_putt,0.6147888553377712,0.8018650209948042,82,14
8825,"Harman, Brian",883,TPC Twin Cities,sg_putt,1.2779526937263348,0.4580288740197177,62,14
8825,"Harman, Brian",538,TPC Summerlin,sg_putt,0.6613105310061579,0.2539541609120851,61,14
8825,"Harman, Brian",939,Torrey Pines Golf Course (South Course),sg_putt,0.966224113783027,0.250902809224056,47,14
8825,"Harman, Brian",656,Plantation Course at Kapalua,sg_putt,-0.8358795854828692,0.2493034818571421,66,14
8825,"Harman, Brian",770,TPC San Antonio - The Oaks Course,sg_putt,0.5890828399652729,0.2092149680103761,65,14
14796,"Hatton, Tyrrell",14,Augusta National Golf Club,sg_app,-0.09458958336426136,0.7736761475774763,82,14
14796,"Hatton, Tyrrell",902,Congaree Golf Club,sg_app,0.37743504954758167,0.38362977587831365,46,14
14796,"Hatton, Tyrrell",1,Riyadh Golf Club,sg_app,-0.005297634931012306,0.31801996537255167,18,14
14796,"Hatton, Tyrrell",752,Sedgefield Country Club,sg_app,0.9815086064603175,0.23767202574518853,71,14
14796,"Hatton, Tyrrell",14,Augusta National Golf Club,sg_arg,0.4944578185917334,0.80273953021156,82,14
14796,"Hatton, Tyrrell",895,TPC Harding Park,sg_arg,-1.0879593214908823,0.2882045494485807,53,14
14796,"Hatton, Tyrrell",671,Valhalla Golf Club,sg_arg,-0.40663830171315724,0.25939349272504586,64,14
14796,"Hatton, Tyrrell",697,Ocean Course at Kiawah Island,sg_arg,0.6697185090331128,0.256396269939126,56,14
14796,"Hatton, Tyrrell",899,The Summit Club,sg_arg,0.49745078336080534,0.21864362606546872,41,14
14796,"Hatton, Tyrrell",902,Congaree Golf Club,sg_arg,0.12060494569901936,0.2135869634922663,46,14
14796,"Hatton, Tyrrell",772,St. George's G&CC,sg_arg,0.5065364398718735,0.20551408994170733,22,14
14796,"Hatton, Tyrrell",14,Augusta National Golf Club,sg_ott,0.43486912835946473,0.7971821910226405,82,14
14796,"Hatton, Tyrrell",898,The Concession Golf Club,sg_ott,0.3996637610714547,0.44290779618899423,36,14
14796,"Hatton, Tyrrell",237,TPC Potomac at Avenel Farm,sg_ott,0.5424267509479307,0.3331917193714339,29,14
14796,"Hatton, Tyrrell",895,TPC Harding Park,sg_ott,0.5639182589053194,0.31600204114959374,53,14
14796,"Hatton, Tyrrell",500,The Riviera Country Club,sg_ott,0.3962772420076013,0.31344071066821716,74,14
14796,"Hatton, Tyrrell",885,Royal Portrush Golf Club,sg_ott,0.555322948610602,0.29174538441347864,59,14
14796,"Hatton, Tyrrell",510,TPC Scottsdale (Stadium Course),sg_ott,0.9488833584003509,0.263277216668782,71,14
14796,"Hatton, Tyrrell",9,Arnold Palmer's Bay Hill Club & Lodge,sg_ott,0.5767478340461941,0.23513602824986948,76,14
14796,"Hatton, Tyrrell",880,Bethpage Black,sg_ott,1.1028634313993142,0.23089163398226123,43,14
14796,"Hatton, Tyrrell",14,Augusta National Golf Club,sg_putt,-0.7265763763451604,0.8018650209948042,82,14
14796,"Hatton, Tyrrell",666,Pebble Beach Golf Links,sg_putt,0.7809587835898381,0.39849228816856774,40,14
14796,"Hatton, Tyrrell",772,St. George's G&CC,sg_putt,-1.0019148460080474,0.3642893747344121,22,14
14796,"Hatton, Tyrrell",898,The Concession Golf Club,sg_putt,1.1117014662244928,0.3611521317363,36,14
14796,"Hatton, Tyrrell",656,Plantation Course at Kapalua,sg_putt,0.048222059211531665,0.2493034818571421,66,14
14796,"Hatton, Tyrrell",770,TPC San Antonio - The Oaks Course,sg_putt,-1.052483751476402,0.2092149680103761,65,14
14796,"Hatton, Tyrrell",3881,old course st andrews,sg_total,-0.3610053351719553,0.7009631684181491,11,14
14796,"Hatton, Tyrrell",3974,carnoustie,sg_total,5.014994664828046,0.6580855714298015,11,14
14796,"Hatton, Tyrrell",3768,emirates gc,sg_total,1.7406272968948264,0.5777376780409397,15,14
14796,"Hatton, Tyrrell",4186,emirates gc,sg_total,-1.1181227711187276,0.5545529225237957,14,14
14796,"Hatton, Tyrrell",4193,kingsbarns golf links,sg_total,-1.9582441275103883,0.5515870234536338,15,14
14796,"Hatton, Tyrrell",3799,carnoustie,sg_total,4.09339251085096,0.5354107429857184,17,14
14796,"Hatton, Tyrrell",4565,emirates gc,sg_total,1.6395503662495885,0.5207632347995059,12,14
14796,"Hatton, Tyrrell",4603,kingsbarns golf links,sg_total,-1.4198412153263626,0.4693256868249047,14,14
14796,"Hatton, Tyrrell",4136,abu dhabi gc,sg_total,2.819997194872328,0.4622679329005842,16,14
14796,"Hatton, Tyrrell",3864,montgomerie maxx royal,sg_total,2.635899995235996,0.38635796586643784,12,14
14796,"Hatton, Tyrrell",242,Nine Bridges,sg_total,2.30391408861347,0.32495436255033416,28,14
14796,"Hatton, Tyrrell",4012,wentworth golf club,sg_total,-1.4188682224843456,0.3066787846500394,22,14
14796,"Hatton, Tyrrell",766,Sheshan International GC,sg_total,2.1946852972124136,0.29712658077720794,31,14
14796,"Hatton, Tyrrell",4226,wentworth golf club,sg_total,1.8530649824753649,0.2755500084702653,19,14
14796,"Hatton, Tyrrell",4727,emirates gc,sg_total,-1.0231523622954175,0.2561750983846259,13,14
14796,"Hatton, Tyrrell",3930,wentworth golf club,sg_total,3.422401393037588,0.24166447194612933,16,14
14578,"Henley, Russell",14,Augusta National Golf Club,sg_app,-0.11481958714975246,0.7736761475774763,82,14
14578,"Henley, Russell",902,Congaree Golf Club,sg_app,-0.5586893774456622,0.38362977587831365,46,14
14578,"Henley, Russell",243,Trinity Forest Golf Club,sg_app,1.1002613149653713,0.25273595885204997,20,14
14578,"Henley, Russell",752,Sedgefield Country Club,sg_app,0.3056033305848878,0.23767202574518853,71,14
14578,"Henley, Russell",14,Augusta National Golf Club,sg_arg,-0.029331082077643317,0.80273953021156,82,14
14578,"Henley, Russell",893,Muirfield Village Golf Club,sg_arg,0.5496957103147946,0.3097702017109532,42,14
14578,"Henley, Russell",895,TPC Harding Park,sg_arg,0.4038174539448178,0.2882045494485807,53,14
14578,"Henley, Russell",671,Valhalla Golf Club,sg_arg,0.5705078652479773,0.25939349272504586,64,14
14578,"Henley, Russell",697,Ocean Course at Kiawah Island,sg_arg,-0.7201499981822322,0.256396269939126,56,14
14578,"Henley, Russell",899,The Summit Club,sg_arg,0.3122089755613834,0.21864362606546872,41,14
14578,"Henley, Russell",902,Congaree Golf Club,sg_arg,0.5431441793198087,0.2135869634922663,46,14
14578,"Henley, Russell",882,Caves Valley Golf Club,sg_arg,-0.14733883453861496,0.2060169729940464,52,14
14578,"Henley, Russell",14,Augusta National Golf Club,sg_ott,0.0626846598782845,0.7971821910226405,82,14
14578,"Henley, Russell",933,East Lake Golf Club,sg_ott,-0.04581192912688916,0.5646762951604,25,14
14578,"Henley, Russell",734,PGA National Resort (The Champion),sg_ott,0.19330792834981708,0.36739461231766535,52,14
14578,"Henley, Russell",237,TPC Potomac at Avenel Farm,sg_ott,0.261520983461526,0.3331917193714339,29,14
14578,"Henley, Russell",895,TPC Harding Park,sg_ott,-0.22399756922895037,0.31600204114959374,53,14
14578,"Henley, Russell",500,The Riviera Country Club,sg_ott,-0.253963901158855,0.31344071066821716,74,14
14578,"Henley, Russell",885,Royal Portrush Golf Club,sg_ott,0.4430277397125653,0.29174538441347864,59,14
14578,"Henley, Russell",510,TPC Scottsdale (Stadium Course),sg_ott,-0.3382029931418864,0.263277216668782,71,14
14578,"Henley, Russell",5,Pebble Beach Golf Links,sg_ott,0.16370372982830805,0.23550830830017516,66,14
14578,"Henley, Russell",9,Arnold Palmer's Bay Hill Club & Lodge,sg_ott,0.28666407033321284,0.23513602824986948,76,14
14578,"Henley, Russell",939,Torrey Pines Golf Course (South Course),sg_ott,-0.8597645866511413,0.20807044904004582,47,14
14578,"Henley, Russell",14,Augusta National Golf Club,sg_putt,-0.17238908721674298,0.8018650209948042,82,14
14578,"Henley, Russell",660,Montreux Golf & Country Club,sg_putt,0.1901313454716341,0.7234769291238938,11,14
14578,"Henley, Russell",883,TPC Twin Cities,sg_putt,-1.593704448268941,0.4580288740197177,62,14
14578,"Henley, Russell",538,TPC Summerlin,sg_putt,-0.19100956495120142,0.2539541609120851,61,14
14578,"Henley, Russell",939,Torrey Pines Golf Course (South Course),sg_putt,-0.2967632175081705,0.250902809224056,47,14
14578,"Henley, Russell",656,Plantation Course at Kapalua,sg_putt,-0.5380947734325221,0.2493034818571421,66,14
14578,"Henley, Russell",770,TPC San Antonio - The Oaks Course,sg_putt,-0.7931070515227536,0.2092149680103761,65,14
23602,"Hojgaard, Nicolai",14,Augusta National Golf Club,sg_app,-0.4547992531182946,0.7736761475774763,82,14
23602,"Hojgaard, Nicolai",250,Le Golf National,sg_app,0.6040391293907386,0.2672679155122905,25,14
23602,"Hojgaard, Nicolai",752,Sedgefield Country Club,sg_app,0.23096278566248904,0.23767202574518853,71,14
23602,"Hojgaard, Nicolai",14,Augusta National Golf Club,sg_arg,0.01385963944934434,0.80273953021156,82,14
23602,"Hojgaard, Nicolai",671,Valhalla Golf Club,sg_arg,0.12309210802609154,0.25939349272504586,64,14
23602,"Hojgaard, Nicolai",14,Augusta National Golf Club,sg_ott,0.5126972444115228,0.7971821910226405,82,14
23602,"Hojgaard, Nicolai",500,The Riviera Country Club,sg_ott,-0.7374771484382452,0.31344071066821716,74,14
23602,"Hojgaard, Nicolai",885,Royal Portrush Golf Club,sg_ott,0.16272391840207845,0.29174538441347864,59,14
23602,"Hojgaard, Nicolai",510,TPC Scottsdale (Stadium Course),sg_ott,0.31118161157883073,0.263277216668782,71,14
23602,"Hojgaard, Nicolai",4,Torrey Pines Golf Course (South Course),sg_ott,0.5599833503495661,0.24400336891272423,72,14
23602,"Hojgaard, Nicolai",5,Pebble Beach Golf Links,sg_ott,1.606876982303902,0.23550830830017516,66,14
23602,"Hojgaard, Nicolai",9,Arnold Palmer's Bay Hill Club & Lodge,sg_ott,0.3240233572720692,0.23513602824986948,76,14
23602,"Hojgaard, Nicolai",14,Augusta National Golf Club,sg_putt,-0.47925331621970113,0.8018650209948042,82,14
23602,"Hojgaard, Nicolai",883,TPC Twin Cities,sg_putt,-0.822746158947295,0.4580288740197177,62,14
23602,"Hojgaard, Nicolai",538,TPC Summerlin,sg_putt,0.9232800237862631,0.2539541609120851,61,14
23602,"Hojgaard, Nicolai",770,TPC San Antonio - The Oaks Course,sg_putt,-0.6171951610182379,0.2092149680103761,65,14
23602,"Hojgaard, Nicolai",3990,brabazon course at the belfry,sg_total,-0.1288729499262054,0.7847626944506246,6,14
23602,"Hojgaard, Nicolai",3881,old course st andrews,sg_total,0.8651372951506193,0.7009631684181491,11,14
23602,"Hojgaard, Nicolai",3973,dom pedro victoria golf course,sg_total,4.128821417859912,0.6684841083910467,4,14
23602,"Hojgaard, Nicolai",3974,carnoustie,sg_total,0.3214541161793572,0.6580855714298015,11,14
23602,"Hojgaard, Nicolai",3782,himmerland golf & spa resort,sg_total,-0.8313720840076226,0.6199143685374888,6,14
23602,"Hojgaard, Nicolai",3866,golfclub münchen eichenried,sg_total,1.397573299846421,0.5951110641039311,7,14
23602,"Hojgaard, Nicolai",4186,emirates gc,sg_total,0.3267895258678029,0.5545529225237957,14,14
23602,"Hojgaard, Nicolai",4193,kingsbarns golf links,sg_total,0.5681127963231221,0.5515870234536338,15,14
23602,"Hojgaard, Nicolai",936,Yokohama Country Club,sg_total,1.340652485996907,0.5483848316722366,17,14
23602,"Hojgaard, Nicolai",3799,carnoustie,sg_total,1.5359257379271685,0.5354107429857184,17,14
23602,"Hojgaard, Nicolai",4565,emirates gc,sg_total,-1.660919861033571,0.5207632347995059,12,14
23602,"Hojgaard, Nicolai",4030,gary player cc,sg_total,-1.511180509717156,0.4822650846362146,6,14
23602,"Hojgaard, Nicolai",3946,marco simone gc,sg_total,4.165680286272224,0.4630130682796136,8,14
23602,"Hojgaard, Nicolai",3961,london gc,sg_total,1.7607821716290233,0.4402434381579469,4,14
23602,"Hojgaard, Nicolai",4203,diamond cc,sg_total,3.1760930210330196,0.3940297764606665,4,14
23602,"Hojgaard, Nicolai",3982,al hamra gc,sg_total,4.466599031542921,0.3759615240948637,6,14
23602,"Hojgaard, Nicolai",4223,albatross golf resort,sg_total,1.3914832810166573,0.36102331187471937,6,14
23602,"Hojgaard, Nicolai",4011,himmerland golf & spa resort,sg_total,-0.6586489266739306,0.31446977173575485,5,14
23602,"Hojgaard, Nicolai",4012,wentworth golf club,sg_total,0.4521282182900552,0.3066787846500394,22,14
23602,"Hojgaard, Nicolai",4017,real club valderrama,sg_total,0.07677389390433798,0.2761115184072146,6,14
23602,"Hojgaard, Nicolai",4226,wentworth golf club,sg_total,-1.5372332595822789,0.2755500084702653,19,14
23602,"Hojgaard, Nicolai",4727,emirates gc,sg_total,1.192397814566591,0.2561750983846259,13,14
23602,"Hojgaard, Nicolai",3883,real club valderrama,sg_total,-0.4152540017041673,0.22869727197688575,8,14
23602,"Hojgaard, Nicolai",4209,himmerland golf & spa resort,sg_total,-0.9724520951553448,0.22563263675578119,5,14
23838,"Hojgaard, Rasmus",14,Augusta National Golf Club,sg_app,0.2528410147222576,0.7736761475774763,82,14
23838,"Hojgaard, Rasmus",752,Sedgefield Country Club,sg_app,1.0336471936161167,0.23767202574518853,71,14
23838,"Hojgaard, Rasmus",14,Augusta National Golf Club,sg_arg,-0.19284498381272214,0.80273953021156,82,14
23838,"Hojgaard, Rasmus",671,Valhalla Golf Club,sg_arg,-0.2781577175278097,0.25939349272504586,64,14
23838,"Hojgaard, Rasmus",697,Ocean Course at Kiawah Island,sg_arg,-0.1790101728078768,0.256396269939126,56,14
23838,"Hojgaard, Rasmus",899,The Summit Club,sg_arg,0.5502965932890047,0.21864362606546872,41,14
23838,"Hojgaard, Rasmus",772,St. George's G&CC,sg_arg,1.1340656978903154,0.20551408994170733,22,14
23838,"Hojgaard, Rasmus",14,Augusta National Golf Club,sg_ott,0.8308373674935429,0.7971821910226405,82,14
23838,"Hojgaard, Rasmus",885,Royal Portrush Golf Club,sg_ott,-0.21496189342709174,0.29174538441347864,59,14
23838,"Hojgaard, Rasmus",510,TPC Scottsdale (Stadium Course),sg_ott,0.4018814589086943,0.263277216668782,71,14
23838,"Hojgaard, Rasmus",4,Torrey Pines Golf Course (South Course),sg_ott,0.45427095189334976,0.24400336891272423,72,14
23838,"Hojgaard, Rasmus",5,Pebble Beach Golf Links,sg_ott,-0.18263851963475897,0.23550830830017516,66,14
23838,"Hojgaard, Rasmus",939,Torrey Pines Golf Course (South Course),sg_ott,-0.26548116281891593,0.20807044904004582,47,14
23838,"Hojgaard, Rasmus",14,Augusta National Golf Club,sg_putt,0.3729335409388156,0.8018650209948042,82,14
23838,"Hojgaard, Rasmus",772,St. George's G&CC,sg_putt,0.3976311311505931,0.3642893747344121,22,14
23838,"Hojgaard, Rasmus",538,TPC Summerlin,sg_putt,-0.15558437266523104,0.2539541609120851,61,14
23838,"Hojgaard, Rasmus",939,Torrey Pines Golf Course (South Course),sg_putt,-3.931578276960018,0.250902809224056,47,14
23838,"Hojgaard, Rasmus",770,TPC San Antonio - The Oaks Course,sg_putt,2.1761515266893987,0.2092149680103761,65,14
23838,"Hojgaard, Rasmus",3990,brabazon course at the belfry,sg_total,1.0190330903171567,0.7847626944506246,6,14
23838,"Hojgaard, Rasmus",3973,dom pedro victoria golf course,sg_total,-0.6076111405139393,0.6684841083910467,4,14
23838,"Hojgaard, Rasmus",3937,real club valderrama,sg_total,0.11430162688130444,0.6147261793285458,4,14
23838,"Hojgaard, Rasmus",3866,golfclub münchen eichenried,sg_total,1.2364679300613042,0.5951110641039311,7,14
23838,"Hojgaard, Rasmus",3923,renaissance club,sg_total,-0.18756750775575717,0.5928783795035246,11,14
23838,"Hojgaard, Rasmus",4186,emirates gc,sg_total,0.04737778548465402,0.5545529225237957,14,14
23838,"Hojgaard, Rasmus",4193,kingsbarns golf links,sg_total,0.947690407432811,0.5515870234536338,15,14
23838,"Hojgaard, Rasmus",936,Yokohama Country Club,sg_total,1.4453856751693006,0.5483848316722366,17,14
23838,"Hojgaard, Rasmus",4565,emirates gc,sg_total,1.0501955552142648,0.5207632347995059,12,14
23838,"Hojgaard, Rasmus",4030,gary player cc,sg_total,0.5413136351943442,0.4822650846362146,6,14
23838,"Hojgaard, Rasmus",3946,marco simone gc,sg_total,1.2786194506902397,0.4630130682796136,8,14
23838,"Hojgaard, Rasmus",4136,abu dhabi gc,sg_total,0.9900491767223463,0.4622679329005842,16,14
23838,"Hojgaard, Rasmus",3961,london gc,sg_total,1.930866994642245,0.4402434381579469,4,14
23838,"Hojgaard, Rasmus",4203,diamond cc,sg_total,1.3197345430998386,0.3940297764606665,4,14
23838,"Hojgaard, Rasmus",3982,al hamra gc,sg_total,0.06663637139776965,0.3759615240948637,6,14
23838,"Hojgaard, Rasmus",4223,albatross golf resort,sg_total,-0.5935319433583882,0.36102331187471937,6,14
23838,"Hojgaard, Rasmus",4011,himmerland golf & spa resort,sg_total,0.3438707508542147,0.31446977173575485,5,14
23838,"Hojgaard, Rasmus",4012,wentworth golf club,sg_total,1.7643570179952413,0.3066787846500394,22,14
23838,"Hojgaard, Rasmus",4017,real club valderrama,sg_total,1.6422236277078777,0.2761115184072146,6,14
23838,"Hojgaard, Rasmus",4226,wentworth golf club,sg_total,-0.22266032031130648,0.2755500084702653,19,14
23838,"Hojgaard, Rasmus",3930,wentworth golf club,sg_total,-0.7541331994075021,0.24166447194612933,16,14
23838,"Hojgaard, Rasmus",4209,himmerland golf & spa resort,sg_total,1.4805000147252616,0.22563263675578119,5,14
23838,"Hojgaard, Rasmus",765,Port Royal Golf Course,sg_total,0.18904267156346824,0.21903475661008806,32,14
17538,"Homa, Max",14,Augusta National Golf Club,sg_app,0.9858409487125056,0.7736761475774763,82,14
17538,"Homa, Max",902,Congaree Golf Club,sg_app,0.8451504899762076,0.38362977587831365,46,14
17538,"Homa, Max",752,Sedgefield Country Club,sg_app,1.2374522460487913,0.23767202574518853,71,14
17538,"Homa, Max",552,Silverado Resort and Spa (North Course),sg_app,0.27875831509570603,0.21006662165402265,46,14
17538,"Homa, Max",14,Augusta National Golf Club,sg_arg,-0.11118655269911176,0.80273953021156,82,14
17538,"Homa, Max",893,Muirfield Village Golf Club,sg_arg,0.5571644520014308,0.3097702017109532,42,14
17538,"Homa, Max",895,TPC Harding Park,sg_arg,0.3241465244481369,0.2882045494485807,53,14
17538,"Homa, Max",671,Valhalla Golf Club,sg_arg,0.36631420824144356,0.25939349272504586,64,14
17538,"Homa, Max",697,Ocean Course at Kiawah Island,sg_arg,-1.4824970523423397,0.256396269939126,56,14
17538,"Homa, Max",899,The Summit Club,sg_arg,0.8919373111225539,0.21864362606546872,41,14
17538,"Homa, Max",902,Congaree Golf Club,sg_arg,1.2243767596876234,0.2135869634922663,46,14
17538,"Homa, Max",882,Caves Valley Golf Club,sg_arg,-0.09799460591447462,0.2060169729940464,52,14
17538,"Homa, Max",14,Augusta National Golf Club,sg_ott,-0.18782118378613794,0.7971821910226405,82,14
17538,"Homa, Max",898,The Concession Golf Club,sg_ott,0.5196672158947581,0.44290779618899423,36,14
17538,"Homa, Max",552,Silverado Resort and Spa (North Course),sg_ott,0.39206701950150397,0.39175007433612835,46,14
17538,"Homa, Max",734,PGA National Resort (The Champion),sg_ott,0.35572285961879047,0.36739461231766535,52,14
17538,"Homa, Max",237,TPC Potomac at Avenel Farm,sg_ott,1.175857459036127,0.3331917193714339,29,14
17538,"Homa, Max",348,Medinah Country Club (No. 3),sg_ott,0.4520984970573253,0.32148389590928494,33,14
17538,"Homa, Max",895,TPC Harding Park,sg_ott,0.19046708063383916,0.31600204114959374,53,14
17538,"Homa, Max",500,The Riviera Country Club,sg_ott,0.2814012542534775,0.31344071066821716,74,14
17538,"Homa, Max",510,TPC Scottsdale (Stadium Course),sg_ott,-0.25392437386293015,0.263277216668782,71,14
17538,"Homa, Max",4,Torrey Pines Golf Course (South Course),sg_ott,0.25421580497365404,0.24400336891272423,72,14
17538,"Homa, Max",5,Pebble Beach Golf Links,sg_ott,-0.14351151604083043,0.23550830830017516,66,14
17538,"Homa, Max",9,Arnold Palmer's Bay Hill Club & Lodge,sg_ott,0.5058206252044177,0.23513602824986948,76,14
17538,"Homa, Max",880,Bethpage Black,sg_ott,0.8551848050515765,0.23089163398226123,43,14
17538,"Homa, Max",939,Torrey Pines Golf Course (South Course),sg_ott,-1.2792835346171267,0.20807044904004582,47,14
17538,"Homa, Max",14,Augusta National Golf Club,sg_putt,0.4823649082575898,0.8018650209948042,82,14
17538,"Homa, Max",883,TPC Twin Cities,sg_putt,-0.5784615851264192,0.4580288740197177,62,14
17538,"Homa, Max",898,The Concession Golf Club,sg_putt,0.2439534013795686,0.3611521317363,36,14
17538,"Homa, Max",538,TPC Summerlin,sg_putt,0.28719631830756015,0.2539541609120851,61,14
17538,"Homa, Max",939,Torrey Pines Golf Course (South Course),sg_putt,-0.10952596399439767,0.250902809224056,47,14
17538,"Homa, Max",656,Plantation Course at Kapalua,sg_putt,-0.2831876183359397,0.2493034818571421,66,14
17538,"Homa, Max",770,TPC San Antonio - The Oaks Course,sg_putt,-0.16119328567293545,0.2092149680103761,65,14
17538,"Homa, Max",936,Yokohama Country Club,sg_total,0.5665632637295634,0.5483848316722366,17,14
17538,"Homa, Max",242,Nine Bridges,sg_total,-1.2642716093340094,0.32495436255033416,28,14
17538,"Homa, Max",765,Port Royal Golf Course,sg_total,0.2235491799100945,0.21903475661008806,32,14
18841,"Hovland, Viktor",14,Augusta National Golf Club,sg_app,-0.010046842623996785,0.7736761475774763,82,14
18841,"Hovland, Viktor",902,Congaree Golf Club,sg_app,-1.0885803214240364,0.38362977587831365,46,14
18841,"Hovland, Viktor",250,Le Golf National,sg_app,-0.25277729158765916,0.2672679155122905,25,14
18841,"Hovland, Viktor",752,Sedgefield Country Club,sg_app,0.6233945515084691,0.23767202574518853,71,14
18841,"Hovland, Viktor",14,Augusta National Golf Club,sg_arg,0.032660235879048566,0.80273953021156,82,14
18841,"Hovland, Viktor",893,Muirfield Village Golf Club,sg_arg,0.9424878237825657,0.3097702017109532,42,14
18841,"Hovland, Viktor",895,TPC Harding Park,sg_arg,0.5633176111920369,0.2882045494485807,53,14
18841,"Hovland, Viktor",671,Valhalla Golf Club,sg_arg,0.5119524004518341,0.25939349272504586,64,14
18841,"Hovland, Viktor",697,Ocean Course at Kiawah Island,sg_arg,0.5526837191715313,0.256396269939126,56,14
18841,"Hovland, Viktor",899,The Summit Club,sg_arg,-0.5893215527303673,0.21864362606546872,41,14
18841,"Hovland, Viktor",902,Congaree Golf Club,sg_arg,1.1245618487587763,0.2135869634922663,46,14
18841,"Hovland, Viktor",882,Caves Valley Golf Club,sg_arg,0.21284692868943542,0.2060169729940464,52,14
18841,"Hovland, Viktor",14,Augusta National Golf Club,sg_ott,-0.40386214391690134,0.7971821910226405,82,14
18841,"Hovland, Viktor",933,East Lake Golf Club,sg_ott,-0.5943547488131186,0.5646762951604,25,14
18841,"Hovland, Viktor",898,The Concession Golf Club,sg_ott,0.9027475912017241,0.44290779618899423,36,14
18841,"Hovland, Viktor",734,PGA National Resort (The Champion),sg_ott,-0.6844183621804979,0.36739461231766535,52,14
18841,"Hovland, Viktor",895,TPC Harding Park,sg_ott,-0.607913047402896,0.31600204114959374,53,14
18841,"Hovland, Viktor",500,The Riviera Country Club,sg_ott,0.2591821729238423,0.31344071066821716,74,14
18841,"Hovland, Viktor",885,Royal Portrush Golf Club,sg_ott,-0.47727600115398194,0.29174538441347864,59,14
18841,"Hovland, Viktor",510,TPC Scottsdale (Stadium Course),sg_ott,-0.4375005730256327,0.263277216668782,71,14
18841,"Hovland, Viktor",4,Torrey Pines Golf Course (South Course),sg_ott,0.0838698147239674,0.24400336891272423,72,14
18841,"Hovland, Viktor",5,Pebble Beach Golf Links,sg_ott,-0.30903276158880744,0.23550830830017516,66,14
18841,"Hovland, Viktor",9,Arnold Palmer's Bay Hill Club & Lodge,sg_ott,-0.07890564806627204,0.23513602824986948,76,14
18841,"Hovland, Viktor",939,Torrey Pines Golf Course (South Course),sg_ott,0.14149880148290375,0.20807044904004582,47,14
18841,"Hovland, Viktor",14,Augusta National Golf Club,sg_putt,0.3335232712595023,0.8018650209948042,82,14
18841,"Hovland, Viktor",883,TPC Twin Cities,sg_putt,-0.007520259089893545,0.4580288740197177,62,14
18841,"Hovland, Viktor",898,The Concession Golf Club,sg_putt,0.6671354570899333,0.3611521317363,36,14
18841,"Hovland, Viktor",538,TPC Summerlin,sg_putt,-0.208244761305849,0.2539541609120851,61,14
18841,"Hovland, Viktor",939,Torrey Pines Golf Course (South Course),sg_putt,-0.7889445173297942,0.250902809224056,47,14
18841,"Hovland, Viktor",656,Plantation Course at Kapalua,sg_putt,-0.1543436331240636,0.2493034818571421,66,14
18841,"Hovland, Viktor",3866,golfclub münchen eichenried,sg_total,1.4828749663162109,0.5951110641039311,7,14
18841,"Hovland, Viktor",4565,emirates gc,sg_total,-4.325685512317978,0.5207632347995059,12,14
18841,"Hovland, Viktor",242,Nine Bridges,sg_total,0.290131549567446,0.32495436255033416,28,14
18841,"Hovland, Viktor",4012,wentworth golf club,sg_total,0.8260832882689719,0.3066787846500394,22,14
18841,"Hovland, Viktor",4226,wentworth golf club,sg_total,0.7343605137956303,0.2755500084702653,19,14
18841,"Hovland, Viktor",4727,emirates gc,sg_total,-0.25222264364899116,0.2561750983846259,13,14
17488,"Im, Sungjae",14,Augusta National Golf Club,sg_app,-0.15371495211379946,0.7736761475774763,82,14
17488,"Im, Sungjae",902,Congaree Golf Club,sg_app,0.133340978079513,0.38362977587831365,46,14
17488,"Im, Sungjae",243,Trinity Forest Golf Club,sg_app,-1.6338171740747816,0.25273595885204997,20,14
17488,"Im, Sungjae",752,Sedgefield Country Club,sg_app,0.3464180038446094,0.23767202574518853,71,14
17488,"Im, Sungjae",552,Silverado Resort and Spa (North Course),sg_app,1.4413787460106589,0.21006662165402265,46,14
17488,"Im, Sungjae",14,Augusta National Golf Club,sg_arg,0.5811032301342415,0.80273953021156,82,14
17488,"Im, Sungjae",893,Muirfield Village Golf Club,sg_arg,-0.32397081007373896,0.3097702017109532,42,14
17488,"Im, Sungjae",895,TPC Harding Park,sg_arg,-0.4790732445857848,0.2882045494485807,53,14
17488,"Im, Sungjae",671,Valhalla Golf Club,sg_arg,-0.0218348374647094,0.25939349272504586,64,14
17488,"Im, Sungjae",697,Ocean Course at Kiawah Island,sg_arg,0.5011609711060153,0.256396269939126,56,14
17488,"Im, Sungjae",899,The Summit Club,sg_arg,1.3556979365049329,0.21864362606546872,41,14
17488,"Im, Sungjae",902,Congaree Golf Club,sg_arg,-0.06418408788167307,0.2135869634922663,46,14
17488,"Im, Sungjae",882,Caves Valley Golf Club,sg_arg,0.6307624546759959,0.2060169729940464,52,14
17488,"Im, Sungjae",14,Augusta National Golf Club,sg_ott,0.04414720938367453,0.7971821910226405,82,14
17488,"Im, Sungjae",933,East Lake Golf Club,sg_ott,0.4635064679789647,0.5646762951604,25,14
17488,"Im, Sungjae",898,The Concession Golf Club,sg_ott,0.7538736450082908,0.44290779618899423,36,14
17488,"Im, Sungjae",552,Silverado Resort and Spa (North Course),sg_ott,0.47715278419926904,0.39175007433612835,46,14
17488,"Im, Sungjae",734,PGA National Resort (The Champion),sg_ott,0.41072763620745945,0.36739461231766535,52,14
17488,"Im, Sungjae",348,Medinah Country Club (No. 3),sg_ott,-0.5282459296886481,0.32148389590928494,33,14
17488,"Im, Sungjae",895,TPC Harding Park,sg_ott,0.7276658069363525,0.31600204114959374,53,14
17488,"Im, Sungjae",500,The Riviera Country Club,sg_ott,-0.2742758510026607,0.31344071066821716,74,14
17488,"Im, Sungjae",885,Royal Portrush Golf Club,sg_ott,-0.6559276383309214,0.29174538441347864,59,14
17488,"Im, Sungjae",510,TPC Scottsdale (Stadium Course),sg_ott,-0.13662870651711484,0.263277216668782,71,14
17488,"Im, Sungjae",4,Torrey Pines Golf Course (South Course),sg_ott,-0.15327053672218588,0.24400336891272423,72,14
17488,"Im, Sungjae",5,Pebble Beach Golf Links,sg_ott,0.154711289492789,0.23550830830017516,66,14
17488,"Im, Sungjae",9,Arnold Palmer's Bay Hill Club & Lodge,sg_ott,-0.028330125555743282,0.23513602824986948,76,14
17488,"Im, Sungjae",880,Bethpage Black,sg_ott,-0.34306129727482093,0.23089163398226123,43,14
17488,"Im, Sungjae",939,Torrey Pines Golf Course (South Course),sg_ott,0.1662251697098715,0.20807044904004582,47,14
17488,"Im, Sungjae",14,Augusta National Golf Club,sg_putt,0.6029516145999304,0.8018650209948042,82,14
17488,"Im, Sungjae",883,TPC Twin Cities,sg_putt,-0.7014643954215484,0.4580288740197177,62,14
17488,"Im, Sungjae",898,The Concession Golf Club,sg_putt,0.727042231935682,0.3611521317363,36,14
17488,"Im, Sungjae",538,TPC Summerlin,sg_putt,0.3621600176429924,0.2539541609120851,61,14
17488,"Im, Sungjae",939,Torrey Pines Golf Course (South Course),sg_putt,0.2588817146494999,0.250902809224056,47,14
17488,"Im, Sungjae",656,Plantation Course at Kapalua,sg_putt,0.5531049729991097,0.2493034818571421,66,14
17488,"Im, Sungjae",770,TPC San Antonio - The Oaks Course,sg_putt,1.627863531459698,0.2092149680103761,65,14
17488,"Im, Sungjae",936,Yokohama Country Club,sg_total,0.885612884689168,0.5483848316722366,17,14
17488,"Im, Sungjae",242,Nine Bridges,sg_total,0.08925861263310225,0.32495436255033416,28,14
17488,"Im, Sungjae",766,Sheshan International GC,sg_total,2.3272504099938303,0.29712658077720794,31,14
26947,"Jarvis, Casey",934,Hurstbourne Country Club,sg_app,0.0,0.24790593195330837,6,14
26947,"Jarvis, Casey",934,Hurstbourne Country Club,sg_putt,0.0,0.3140569497197877,6,14
26947,"Jarvis, Casey",4193,kingsbarns golf links,sg_total,1.543003908272327,0.5515870234536338,15,14
26947,"Jarvis, Casey",4728,royal golf club,sg_total,2.1566145946127833,0.5345195784858621,4,14
26947,"Jarvis, Casey",4565,emirates gc,sg_total,0.549083482707452,0.5207632347995059,12,14
26947,"Jarvis, Casey",4603,kingsbarns golf links,sg_total,-6.462768646732594,0.4693256868249047,14,14
26947,"Jarvis, Casey",4591,club de campo villa de madrid,sg_total,-4.646393506229335,0.4544257583187024,8,14
26947,"Jarvis, Casey",4367,leopard creek cc,sg_total,2.1227655555476,0.31938231160898856,5,14
26947,"Jarvis, Casey",4727,emirates gc,sg_total,0.08483408664917741,0.2561750983846259,13,14
26947,"Jarvis, Casey",4782,dlf g&cc player course,sg_total,2.0229120942572125,0.21607764334132792,4,14
12422,"Johnson, Dustin",14,Augusta National Golf Club,sg_app,-0.23868022794813432,0.7736761475774763,82,14
12422,"Johnson, Dustin",902,Congaree Golf Club,sg_app,0.22272070408243133,0.38362977587831365,46,14
12422,"Johnson, Dustin",1,Riyadh Golf Club,sg_app,-0.025342948423155924,0.31801996537255167,18,14
12422,"Johnson, Dustin",14,Augusta National Golf Club,sg_arg,0.09700628604898788,0.80273953021156,82,14
12422,"Johnson, Dustin",895,TPC Harding Park,sg_arg,0.4334466785712824,0.2882045494485807,53,14
12422,"Johnson, Dustin",671,Valhalla Golf Club,sg_arg,0.18326565053275856,0.25939349272504586,64,14
12422,"Johnson, Dustin",697,Ocean Course at Kiawah Island,sg_arg,-0.46855854906532984,0.256396269939126,56,14
12422,"Johnson, Dustin",899,The Summit Club,sg_arg,-0.11240715906643298,0.21864362606546872,41,14
12422,"Johnson, Dustin",902,Congaree Golf Club,sg_arg,0.26264188974011726,0.2135869634922663,46,14
12422,"Johnson, Dustin",882,Caves Valley Golf Club,sg_arg,0.41082623731550344,0.2060169729940464,52,14
12422,"Johnson, Dustin",14,Augusta National Golf Club,sg_ott,-0.16418056537812611,0.7971821910226405,82,14
12422,"Johnson, Dustin",898,The Concession Golf Club,sg_ott,-1.1113127709241644,0.44290779618899423,36,14
12422,"Johnson, Dustin",348,Medinah Country Club (No. 3),sg_ott,0.7340910375560368,0.32148389590928494,33,14
12422,"Johnson, Dustin",895,TPC Harding Park,sg_ott,-0.21489015689059968,0.31600204114959374,53,14
12422,"Johnson, Dustin",500,The Riviera Country Club,sg_ott,0.17571342153451913,0.31344071066821716,74,14
12422,"Johnson, Dustin",885,Royal Portrush Golf Club,sg_ott,-1.153683604936737,0.29174538441347864,59,14
12422,"Johnson, Dustin",4,Torrey Pines Golf Course (South Course),sg_ott,0.7026375092855641,0.24400336891272423,72,14
12422,"Johnson, Dustin",5,Pebble Beach Golf Links,sg_ott,0.2589103177419255,0.23550830830017516,66,14
12422,"Johnson, Dustin",880,Bethpage Black,sg_ott,1.5882426140736747,0.23089163398226123,43,14
12422,"Johnson, Dustin",894,TPC Craig Ranch,sg_ott,-0.14990703203530467,0.23003219711697326,40,14
12422,"Johnson, Dustin",14,Augusta National Golf Club,sg_putt,-0.8832253109510418,0.8018650209948042,82,14
12422,"Johnson, Dustin",883,TPC Twin Cities,sg_putt,-0.9793916670481091,0.4580288740197177,62,14
12422,"Johnson, Dustin",666,Pebble Beach Golf Links,sg_putt,-1.8709405756800157,0.39849228816856774,40,14
12422,"Johnson, Dustin",898,The Concession Golf Club,sg_putt,-2.4760668192065585,0.3611521317363,36,14
12422,"Johnson, Dustin",656,Plantation Course at Kapalua,sg_putt,0.36042463332333047,0.2493034818571421,66,14
12422,"Johnson, Dustin",4603,kingsbarns golf links,sg_total,-6.193450448934569,0.4693256868249047,14,14
12422,"Johnson, Dustin",3769,royal greens,sg_total,5.164596233493986,0.39080169811281146,13,14
12422,"Johnson, Dustin",4727,emirates gc,sg_total,-1.743543248125019,0.2561750983846259,13,14
6986,"Johnson, Zach",14,Augusta National Golf Club,sg_app,0.6463259201062769,0.7736761475774763,82,14
6986,"Johnson, Zach",752,Sedgefield Country Club,sg_app,0.46304345623229426,0.23767202574518853,71,14
6986,"Johnson, Zach",14,Augusta National Golf Club,sg_arg,0.5272619313423467,0.80273953021156,82,14
6986,"Johnson, Zach",893,Muirfield Village Golf Club,sg_arg,0.4909672555283558,0.3097702017109532,42,14
6986,"Johnson, Zach",895,TPC Harding Park,sg_arg,0.3496811479396655,0.2882045494485807,53,14
6986,"Johnson, Zach",697,Ocean Course at Kiawah Island,sg_arg,-0.38929766069460514,0.256396269939126,56,14
6986,"Johnson, Zach",14,Augusta National Golf Club,sg_ott,0.03549072602743211,0.7971821910226405,82,14
6986,"Johnson, Zach",734,PGA National Resort (The Champion),sg_ott,0.2677875143052353,0.36739461231766535,52,14
6986,"Johnson, Zach",237,TPC Potomac at Avenel Farm,sg_ott,-0.24551711003041074,0.3331917193714339,29,14
6986,"Johnson, Zach",895,TPC Harding Park,sg_ott,-0.6596781821931457,0.31600204114959374,53,14
6986,"Johnson, Zach",885,Royal Portrush Golf Club,sg_ott,0.504893682926975,0.29174538441347864,59,14
6986,"Johnson, Zach",510,TPC Scottsdale (Stadium Course),sg_ott,-0.030145811803860723,0.263277216668782,71,14
6986,"Johnson, Zach",4,Torrey Pines Golf Course (South Course),sg_ott,-0.36368043413779905,0.24400336891272423,72,14
6986,"Johnson, Zach",9,Arnold Palmer's Bay Hill Club & Lodge,sg_ott,0.11147807937863745,0.23513602824986948,76,14
6986,"Johnson, Zach",880,Bethpage Black,sg_ott,0.5139643181062121,0.23089163398226123,43,14
6986,"Johnson, Zach",14,Augusta National Golf Club,sg_putt,0.0379662407410927,0.8018650209948042,82,14
6986,"Johnson, Zach",883,TPC Twin Cities,sg_putt,-0.10352231688128269,0.4580288740197177,62,14
6986,"Johnson, Zach",666,Pebble Beach Golf Links,sg_putt,1.1626590469317972,0.39849228816856774,40,14
6986,"Johnson, Zach",538,TPC Summerlin,sg_putt,-0.7179432528803907,0.2539541609120851,61,14
6986,"Johnson, Zach",770,TPC San Antonio - The Oaks Course,sg_putt,0.4916171838739826,0.2092149680103761,65,14
32457,"Keefer, Johnny",510,TPC Scottsdale (Stadium Course),sg_ott,0.45859108236277313,0.263277216668782,71,14
32457,"Keefer, Johnny",4,Torrey Pines Golf Course (South Course),sg_ott,0.8880049500347845,0.24400336891272423,72,14
32457,"Keefer, Johnny",770,TPC San Antonio - The Oaks Course,sg_putt,-1.885788596909573,0.2092149680103761,65,14
32457,"Keefer, Johnny",800,The Abaco Club on Winding Bay,sg_total,-1.3071153969508766,0.4592522951258997,5,14
32457,"Keefer, Johnny",641,Crestview Country Club,sg_total,-0.6357069669691789,0.3635680382277454,4,14
32457,"Keefer, Johnny",805,The Landings Golf & Athletic Club - Deer Creek,sg_total,1.2411464964076968,0.3572948782221022,6,14
32457,"Keefer, Johnny",807,Lakewood National Golf Club - Commander Course,sg_total,0.5046323173715449,0.27150154660471243,5,14
32457,"Keefer, Johnny",801,The Club at Indian Creek,sg_total,-2.2701917872695097,0.20423287271214416,4,14
17543,"Kim, Michael",14,Augusta National Golf Club,sg_app,0.26180443833025957,0.7736761475774763,82,14
17543,"Kim, Michael",902,Congaree Golf Club,sg_app,-0.3987070660462283,0.38362977587831365,46,14
17543,"Kim, Michael",243,Trinity Forest Golf Club,sg_app,-1.0709851293099146,0.25273595885204997,20,14
17543,"Kim, Michael",752,Sedgefield Country Club,sg_app,-0.19839759997961823,0.23767202574518853,71,14
17543,"Kim, Michael",552,Silverado Resort and Spa (North Course),sg_app,-0.5657602304977162,0.21006662165402265,46,14
17543,"Kim, Michael",14,Augusta National Golf Club,sg_arg,-0.004301175623141255,0.80273953021156,82,14
17543,"Kim, Michael",893,Muirfield Village Golf Club,sg_arg,0.7265249622342553,0.3097702017109532,42,14
17543,"Kim, Michael",902,Congaree Golf Club,sg_arg,-0.4301356776718734,0.2135869634922663,46,14
17543,"Kim, Michael",882,Caves Valley Golf Club,sg_arg,0.9706059304153228,0.2060169729940464,52,14
17543,"Kim, Michael",14,Augusta National Golf Club,sg_ott,-0.0178989250989329,0.7971821910226405,82,14
17543,"Kim, Michael",925,Dunes Golf and Beach Club,sg_ott,0.41643776010172906,0.40040260448741377,14,14
17543,"Kim, Michael",552,Silverado Resort and Spa (North Course),sg_ott,0.15355905028827085,0.39175007433612835,46,14
17543,"Kim, Michael",734,PGA National Resort (The Champion),sg_ott,0.08102056842596397,0.36739461231766535,52,14
17543,"Kim, Michael",500,The Riviera Country Club,sg_ott,0.20259637784199117,0.31344071066821716,74,14
17543,"Kim, Michael",885,Royal Portrush Golf Club,sg_ott,0.6711222818930381,0.29174538441347864,59,14
17543,"Kim, Michael",510,TPC Scottsdale (Stadium Course),sg_ott,0.6172112969652838,0.263277216668782,71,14
17543,"Kim, Michael",4,Torrey Pines Golf Course (South Course),sg_ott,-0.6345269653835379,0.24400336891272423,72,14
17543,"Kim, Michael",5,Pebble Beach Golf Links,sg_ott,-0.6828385170069358,0.23550830830017516,66,14
17543,"Kim, Michael",9,Arnold Palmer's Bay Hill Club & Lodge,sg_ott,0.701770200748458,0.23513602824986948,76,14
17543,"Kim, Michael",880,Bethpage Black,sg_ott,0.3248970283186938,0.23089163398226123,43,14
17543,"Kim, Michael",894,TPC Craig Ranch,sg_ott,-0.646872232264946,0.23003219711697326,40,14
17543,"Kim, Michael",939,Torrey Pines Golf Course (South Course),sg_ott,0.5225814054523094,0.20807044904004582,47,14
17543,"Kim, Michael",14,Augusta National Golf Club,sg_putt,0.8960130285842869,0.8018650209948042,82,14
17543,"Kim, Michael",883,TPC Twin Cities,sg_putt,-0.6320418876872456,0.4580288740197177,62,14
17543,"Kim, Michael",884,Keene Trace Golf Club (Champion Trace),sg_putt,0.07331676724796225,0.29823307167770713,20,14
17543,"Kim, Michael",538,TPC Summerlin,sg_putt,0.3582804351706161,0.2539541609120851,61,14
17543,"Kim, Michael",939,Torrey Pines Golf Course (South Course),sg_putt,0.46420703991064605,0.250902809224056,47,14
17543,"Kim, Michael",770,TPC San Antonio - The Oaks Course,sg_putt,0.6422079520216988,0.2092149680103761,65,14
17543,"Kim, Michael",936,Yokohama Country Club,sg_total,-1.599025177017989,0.5483848316722366,17,14
17543,"Kim, Michael",242,Nine Bridges,sg_total,-0.5976293014269725,0.32495436255033416,28,14
17543,"Kim, Michael",765,Port Royal Golf Course,sg_total,0.35176392586007565,0.21903475661008806,32,14
14609,"Kim, Si Woo",14,Augusta National Golf Club,sg_app,-0.06677561159240916,0.7736761475774763,82,14
14609,"Kim, Si Woo",902,Congaree Golf Club,sg_app,0.02466390851738917,0.38362977587831365,46,14
14609,"Kim, Si Woo",752,Sedgefield Country Club,sg_app,-0.2700499861132221,0.23767202574518853,71,14
14609,"Kim, Si Woo",552,Silverado Resort and Spa (North Course),sg_app,-0.3774281396403482,0.21006662165402265,46,14
14609,"Kim, Si Woo",14,Augusta National Golf Club,sg_arg,-0.16298755253594885,0.80273953021156,82,14
14609,"Kim, Si Woo",893,Muirfield Village Golf Club,sg_arg,-0.3052081283340259,0.3097702017109532,42,14
14609,"Kim, Si Woo",895,TPC Harding Park,sg_arg,0.35791104956378367,0.2882045494485807,53,14
14609,"Kim, Si Woo",671,Valhalla Golf Club,sg_arg,0.16946386466717017,0.25939349272504586,64,14
14609,"Kim, Si Woo",697,Ocean Course at Kiawah Island,sg_arg,-0.03845145324815468,0.256396269939126,56,14
14609,"Kim, Si Woo",899,The Summit Club,sg_arg,-1.3685282034520208,0.21864362606546872,41,14
14609,"Kim, Si Woo",902,Congaree Golf Club,sg_arg,0.6836485541481778,0.2135869634922663,46,14
14609,"Kim, Si Woo",882,Caves Valley Golf Club,sg_arg,0.35990168585979626,0.2060169729940464,52,14
14609,"Kim, Si Woo",14,Augusta National Golf Club,sg_ott,0.0075350050715756595,0.7971821910226405,82,14
14609,"Kim, Si Woo",552,Silverado Resort and Spa (North Course),sg_ott,0.1116042980074217,0.39175007433612835,46,14
14609,"Kim, Si Woo",734,PGA National Resort (The Champion),sg_ott,-0.3459975512370837,0.36739461231766535,52,14
14609,"Kim, Si Woo",237,TPC Potomac at Avenel Farm,sg_ott,-0.04869638476073039,0.3331917193714339,29,14
14609,"Kim, Si Woo",348,Medinah Country Club (No. 3),sg_ott,-0.11033557400843517,0.32148389590928494,33,14
14609,"Kim, Si Woo",895,TPC Harding Park,sg_ott,0.6492413470474275,0.31600204114959374,53,14
14609,"Kim, Si Woo",500,The Riviera Country Club,sg_ott,-0.06648686474537045,0.31344071066821716,74,14
14609,"Kim, Si Woo",885,Royal Portrush Golf Club,sg_ott,0.8288850475090203,0.29174538441347864,59,14
14609,"Kim, Si Woo",510,TPC Scottsdale (Stadium Course),sg_ott,0.25962124014131405,0.263277216668782,71,14
14609,"Kim, Si Woo",4,Torrey Pines Golf Course (South Course),sg_ott,-0.3579558354231107,0.24400336891272423,72,14
14609,"Kim, Si Woo",5,Pebble Beach Golf Links,sg_ott,0.2915512513093223,0.23550830830017516,66,14
14609,"Kim, Si Woo",9,Arnold Palmer's Bay Hill Club & Lodge,sg_ott,-0.019563218976629992,0.23513602824986948,76,14
14609,"Kim, Si Woo",880,Bethpage Black,sg_ott,0.30054677506829097,0.23089163398226123,43,14
14609,"Kim, Si Woo",894,TPC Craig Ranch,sg_ott,-0.2638988445803389,0.23003219711697326,40,14
14609,"Kim, Si Woo",939,Torrey Pines Golf Course (South Course),sg_ott,-0.803437222721411,0.20807044904004582,47,14
14609,"Kim, Si Woo",14,Augusta National Golf Club,sg_putt,0.7570742246005534,0.8018650209948042,82,14
14609,"Kim, Si Woo",883,TPC Twin Cities,sg_putt,0.08050256236036446,0.4580288740197177,62,14
14609,"Kim, Si Woo",666,Pebble Beach Golf Links,sg_putt,-0.007755983756749844,0.39849228816856774,40,14
14609,"Kim, Si Woo",538,TPC Summerlin,sg_putt,0.018478451742449525,0.2539541609120851,61,14
14609,"Kim, Si Woo",939,Torrey Pines Golf Course (South Course),sg_putt,-0.052757122311384914,0.250902809224056,47,14
14609,"Kim, Si Woo",656,Plantation Course at Kapalua,sg_putt,0.47131204768767443,0.2493034818571421,66,14
14609,"Kim, Si Woo",770,TPC San Antonio - The Oaks Course,sg_putt,0.4476453465785471,0.2092149680103761,65,14
14609,"Kim, Si Woo",936,Yokohama Country Club,sg_total,0.4267109972077492,0.5483848316722366,17,14
14609,"Kim, Si Woo",242,Nine Bridges,sg_total,1.1714959404655507,0.32495436255033416,28,14
21891,"Kitayama, Kurt",14,Augusta National Golf Club,sg_app,-0.09365214481853593,0.7736761475774763,82,14
21891,"Kitayama, Kurt",902,Congaree Golf Club,sg_app,0.9501923607057577,0.38362977587831365,46,14
21891,"Kitayama, Kurt",752,Sedgefield Country Club,sg_app,-0.339589978401168,0.23767202574518853,71,14
21891,"Kitayama, Kurt",552,Silverado Resort and Spa (North Course),sg_app,-1.193630687007718,0.21006662165402265,46,14
21891,"Kitayama, Kurt",14,Augusta National Golf Club,sg_arg,-0.008512370091693885,0.80273953021156,82,14
21891,"Kitayama, Kurt",895,TPC Harding Park,sg_arg,-0.4414780206455524,0.2882045494485807,53,14
21891,"Kitayama, Kurt",671,Valhalla Golf Club,sg_arg,-0.04645344452241757,0.25939349272504586,64,14
21891,"Kitayama, Kurt",697,Ocean Course at Kiawah Island,sg_arg,-0.38204523334781465,0.256396269939126,56,14
21891,"Kitayama, Kurt",902,Congaree Golf Club,sg_arg,0.5053623501980966,0.2135869634922663,46,14
21891,"Kitayama, Kurt",882,Caves Valley Golf Club,sg_arg,0.5787559204563343,0.2060169729940464,52,14
21891,"Kitayama, Kurt",14,Augusta National Golf Club,sg_ott,0.3124226006996618,0.7971821910226405,82,14
21891,"Kitayama, Kurt",552,Silverado Resort and Spa (North Course),sg_ott,0.2448614747433377,0.39175007433612835,46,14
21891,"Kitayama, Kurt",734,PGA National Resort (The Champion),sg_ott,0.37401618497840594,0.36739461231766535,52,14
21891,"Kitayama, Kurt",237,TPC Potomac at Avenel Farm,sg_ott,0.7542964670477701,0.3331917193714339,29,14
21891,"Kitayama, Kurt",895,TPC Harding Park,sg_ott,0.1465207207954201,0.31600204114959374,53,14
21891,"Kitayama, Kurt",500,The Riviera Country Club,sg_ott,0.08086681282391231,0.31344071066821716,74,14
21891,"Kitayama, Kurt",510,TPC Scottsdale (Stadium Course),sg_ott,-0.10667612161756959,0.263277216668782,71,14
21891,"Kitayama, Kurt",4,Torrey Pines Golf Course (South Course),sg_ott,0.573222023957404,0.24400336891272423,72,14
21891,"Kitayama, Kurt",5,Pebble Beach Golf Links,sg_ott,0.21635252781534964,0.23550830830017516,66,14
21891,"Kitayama, Kurt",9,Arnold Palmer's Bay Hill Club & Lodge,sg_ott,0.1271440077419349,0.23513602824986948,76,14
21891,"Kitayama, Kurt",894,TPC Craig Ranch,sg_ott,0.2367280203902425,0.23003219711697326,40,14
21891,"Kitayama, Kurt",14,Augusta National Golf Club,sg_putt,-1.0145902654753824,0.8018650209948042,82,14
21891,"Kitayama, Kurt",883,TPC Twin Cities,sg_putt,0.40308706921995213,0.4580288740197177,62,14
21891,"Kitayama, Kurt",538,TPC Summerlin,sg_putt,-0.7428526593347926,0.2539541609120851,61,14
21891,"Kitayama, Kurt",656,Plantation Course at Kapalua,sg_putt,-0.16883073679070906,0.2493034818571421,66,14
21891,"Kitayama, Kurt",770,TPC San Antonio - The Oaks Course,sg_putt,-1.8765762382801598,0.2092149680103761,65,14
21891,"Kitayama, Kurt",3806,gary player cc,sg_total,-0.00652411209000664,0.7399608042371892,9,14
21891,"Kitayama, Kurt",3782,himmerland golf & spa resort,sg_total,-1.5462344473011402,0.6199143685374888,6,14
21891,"Kitayama, Kurt",3866,golfclub münchen eichenried,sg_total,-0.9044374018795651,0.5951110641039311,7,14
21891,"Kitayama, Kurt",3768,emirates gc,sg_total,-0.9719986840529902,0.5777376780409397,15,14
21891,"Kitayama, Kurt",936,Yokohama Country Club,sg_total,-0.9779358987008403,0.5483848316722366,17,14
21891,"Kitayama, Kurt",3785,golfclub münchen eichenried,sg_total,1.0014721662561183,0.5152468248252458,8,14
21891,"Kitayama, Kurt",4136,abu dhabi gc,sg_total,0.4245199168983351,0.4622679329005842,16,14
21891,"Kitayama, Kurt",4203,diamond cc,sg_total,0.5028501121042097,0.3940297764606665,4,14
21891,"Kitayama, Kurt",3769,royal greens,sg_total,0.9251064525003361,0.39080169811281146,13,14
21891,"Kitayama, Kurt",3864,montgomerie maxx royal,sg_total,3.0621770024054977,0.38635796586643784,12,14
21891,"Kitayama, Kurt",4012,wentworth golf club,sg_total,0.8744856842741378,0.3066787846500394,22,14
21891,"Kitayama, Kurt",766,Sheshan International GC,sg_total,1.3498879637202543,0.29712658077720794,31,14
21891,"Kitayama, Kurt",3930,wentworth golf club,sg_total,-0.8350664738213979,0.24166447194612933,16,14
21891,"Kitayama, Kurt",765,Port Royal Golf Course,sg_total,-0.7839302396758725,0.21903475661008806,32,14
19396,"Knapp, Jake",14,Augusta National Golf Club,sg_app,0.3357568195949008,0.7736761475774763,82,14
19396,"Knapp, Jake",752,Sedgefield Country Club,sg_app,-1.2748085699106373,0.23767202574518853,71,14
19396,"Knapp, Jake",14,Augusta National Golf Club,sg_arg,-0.5809946531865763,0.80273953021156,82,14
19396,"Knapp, Jake",671,Valhalla Golf Club,sg_arg,-1.3394957210030682,0.25939349272504586,64,14
19396,"Knapp, Jake",14,Augusta National Golf Club,sg_ott,-0.06626964621069752,0.7971821910226405,82,14
19396,"Knapp, Jake",500,The Riviera Country Club,sg_ott,-0.3157209112920677,0.31344071066821716,74,14
19396,"Knapp, Jake",510,TPC Scottsdale (Stadium Course),sg_ott,-0.25384232624101954,0.263277216668782,71,14
19396,"Knapp, Jake",4,Torrey Pines Golf Course (South Course),sg_ott,0.24086822029929938,0.24400336891272423,72,14
19396,"Knapp, Jake",5,Pebble Beach Golf Links,sg_ott,-0.11054657562006726,0.23550830830017516,66,14
19396,"Knapp, Jake",9,Arnold Palmer's Bay Hill Club & Lodge,sg_ott,-2.898569436266856,0.23513602824986948,76,14
19396,"Knapp, Jake",939,Torrey Pines Golf Course (South Course),sg_ott,0.8271506169543132,0.20807044904004582,47,14
19396,"Knapp, Jake",14,Augusta National Golf Club,sg_putt,-0.9566434577846276,0.8018650209948042,82,14
19396,"Knapp, Jake",883,TPC Twin Cities,sg_putt,-0.29653224740362183,0.4580288740197177,62,14
19396,"Knapp, Jake",939,Torrey Pines Golf Course (South Course),sg_putt,-0.9926217862629607,0.250902809224056,47,14
19396,"Knapp, Jake",656,Plantation Course at Kapalua,sg_putt,-0.45880790851561826,0.2493034818571421,66,14
19396,"Knapp, Jake",770,TPC San Antonio - The Oaks Course,sg_putt,-1.7789973197595366,0.2092149680103761,65,14
16243,"Koepka, Brooks",14,Augusta National Golf Club,sg_app,0.86919574270176,0.7736761475774763,82,14
16243,"Koepka, Brooks",902,Congaree Golf Club,sg_app,0.3652838696547286,0.38362977587831365,46,14
16243,"Koepka, Brooks",1,Riyadh Golf Club,sg_app,-0.1545246552784903,0.31801996537255167,18,14
16243,"Koepka, Brooks",243,Trinity Forest Golf Club,sg_app,0.9925357683391351,0.25273595885204997,20,14
16243,"Koepka, Brooks",752,Sedgefield Country Club,sg_app,0.0935707372731619,0.23767202574518853,71,14
16243,"Koepka, Brooks",14,Augusta National Golf Club,sg_arg,-0.6761066404958848,0.80273953021156,82,14
16243,"Koepka, Brooks",893,Muirfield Village Golf Club,sg_arg,0.36020000922872203,0.3097702017109532,42,14
16243,"Koepka, Brooks",895,TPC Harding Park,sg_arg,-0.1177323868447831,0.2882045494485807,53,14
16243,"Koepka, Brooks",671,Valhalla Golf Club,sg_arg,0.4482164146370625,0.25939349272504586,64,14
16243,"Koepka, Brooks",697,Ocean Course at Kiawah Island,sg_arg,0.3117874162539633,0.256396269939126,56,14
16243,"Koepka, Brooks",899,The Summit Club,sg_arg,0.033614764051021394,0.21864362606546872,41,14
16243,"Koepka, Brooks",902,Congaree Golf Club,sg_arg,-1.0087315569827426,0.2135869634922663,46,14
16243,"Koepka, Brooks",882,Caves Valley Golf Club,sg_arg,0.2450417957553869,0.2060169729940464,52,14
16243,"Koepka, Brooks",14,Augusta National Golf Club,sg_ott,0.3963049924778686,0.7971821910226405,82,14
16243,"Koepka, Brooks",898,The Concession Golf Club,sg_ott,0.33030773871872043,0.44290779618899423,36,14
16243,"Koepka, Brooks",734,PGA National Resort (The Champion),sg_ott,-0.023862975470606146,0.36739461231766535,52,14
16243,"Koepka, Brooks",348,Medinah Country Club (No. 3),sg_ott,0.11675179435264804,0.32148389590928494,33,14
16243,"Koepka, Brooks",895,TPC Harding Park,sg_ott,-0.5846866813269432,0.31600204114959374,53,14
16243,"Koepka, Brooks",500,The Riviera Country Club,sg_ott,-0.6852384357178932,0.31344071066821716,74,14
16243,"Koepka, Brooks",885,Royal Portrush Golf Club,sg_ott,-1.464128056685006,0.29174538441347864,59,14
16243,"Koepka, Brooks",510,TPC Scottsdale (Stadium Course),sg_ott,0.24484165576746855,0.263277216668782,71,14
16243,"Koepka, Brooks",4,Torrey Pines Golf Course (South Course),sg_ott,-0.38274207555872974,0.24400336891272423,72,14
16243,"Koepka, Brooks",9,Arnold Palmer's Bay Hill Club & Lodge,sg_ott,0.005199921897440882,0.23513602824986948,76,14
16243,"Koepka, Brooks",880,Bethpage Black,sg_ott,1.6352858287368146,0.23089163398226123,43,14
16243,"Koepka, Brooks",894,TPC Craig Ranch,sg_ott,0.6720448080164364,0.23003219711697326,40,14
16243,"Koepka, Brooks",14,Augusta National Golf Club,sg_putt,-0.10458294285060973,0.8018650209948042,82,14
16243,"Koepka, Brooks",883,TPC Twin Cities,sg_putt,-1.5295195548417522,0.4580288740197177,62,14
16243,"Koepka, Brooks",666,Pebble Beach Golf Links,sg_putt,0.30901202701965186,0.39849228816856774,40,14
16243,"Koepka, Brooks",898,The Concession Golf Club,sg_putt,1.6466048983982553,0.3611521317363,36,14
16243,"Koepka, Brooks",538,TPC Summerlin,sg_putt,-0.6798557717740732,0.2539541609120851,61,14
16243,"Koepka, Brooks",656,Plantation Course at Kapalua,sg_putt,-0.6610389810023215,0.2493034818571421,66,14
16243,"Koepka, Brooks",4603,kingsbarns golf links,sg_total,1.7424972777152066,0.4693256868249047,14,14
16243,"Koepka, Brooks",3769,royal greens,sg_total,-0.03590078751592399,0.39080169811281146,13,14
16243,"Koepka, Brooks",242,Nine Bridges,sg_total,-1.532469784336354,0.32495436255033416,28,14
16841,"Lee, Min Woo",14,Augusta National Golf Club,sg_app,-0.26132017645674877,0.7736761475774763,82,14
16841,"Lee, Min Woo",250,Le Golf National,sg_app,-0.3649170360532123,0.2672679155122905,25,14
16841,"Lee, Min Woo",752,Sedgefield Country Club,sg_app,0.06898500376929445,0.23767202574518853,71,14
16841,"Lee, Min Woo",14,Augusta National Golf Club,sg_arg,-0.016473369241807728,0.80273953021156,82,14
16841,"Lee, Min Woo",671,Valhalla Golf Club,sg_arg,0.05094322525557461,0.25939349272504586,64,14
16841,"Lee, Min Woo",14,Augusta National Golf Club,sg_ott,0.4074556343207548,0.7971821910226405,82,14
16841,"Lee, Min Woo",734,PGA National Resort (The Champion),sg_ott,0.77455542256218,0.36739461231766535,52,14
16841,"Lee, Min Woo",500,The Riviera Country Club,sg_ott,0.9341676859322534,0.31344071066821716,74,14
16841,"Lee, Min Woo",885,Royal Portrush Golf Club,sg_ott,0.11403842220940809,0.29174538441347864,59,14
16841,"Lee, Min Woo",510,TPC Scottsdale (Stadium Course),sg_ott,0.3948248324584627,0.263277216668782,71,14
16841,"Lee, Min Woo",4,Torrey Pines Golf Course (South Course),sg_ott,0.26211229046051854,0.24400336891272423,72,14
16841,"Lee, Min Woo",5,Pebble Beach Golf Links,sg_ott,0.07033388129104219,0.23550830830017516,66,14
16841,"Lee, Min Woo",9,Arnold Palmer's Bay Hill Club & Lodge,sg_ott,-0.8926008566353846,0.23513602824986948,76,14
16841,"Lee, Min Woo",939,Torrey Pines Golf Course (South Course),sg_ott,-0.15836485576542875,0.20807044904004582,47,14
16841,"Lee, Min Woo",14,Augusta National Golf Club,sg_putt,-0.14325833679308925,0.8018650209948042,82,14
16841,"Lee, Min Woo",939,Torrey Pines Golf Course (South Course),sg_putt,0.33559612907509084,0.250902809224056,47,14
16841,"Lee, Min Woo",770,TPC San Antonio - The Oaks Course,sg_putt,1.7137712787946449,0.2092149680103761,65,14
16841,"Lee, Min Woo",936,Yokohama Country Club,sg_total,1.199516632266512,0.5483848316722366,17,14
16841,"Lee, Min Woo",4012,wentworth golf club,sg_total,1.5830814953628638,0.3066787846500394,22,14
15310,"Li, HaoTong",770,TPC San Antonio - The Oaks Course,sg_putt,-0.35192313478540227,0.2092149680103761,65,14
15310,"Li, Haotong",895,TPC Harding Park,sg_arg,0.9271818823289785,0.2882045494485807,53,14
15310,"Li, Haotong",895,TPC Harding Park,sg_ott,-0.5331374977065984,0.31600204114959374,53,14
15310,"Li, Haotong",885,Royal Portrush Golf Club,sg_ott,-0.010398230995116095,0.29174538441347864,59,14
15310,"Li, Haotong",510,TPC Scottsdale (Stadium Course),sg_ott,0.13916647576804003,0.263277216668782,71,14
15310,"Li, Haotong",4,Torrey Pines Golf Course (South Course),sg_ott,0.039457236145687066,0.24400336891272423,72,14
15310,"Li, Haotong",9,Arnold Palmer's Bay Hill Club & Lodge,sg_ott,0.0076993129904219665,0.23513602824986948,76,14
15310,"Li, Haotong",880,Bethpage Black,sg_ott,0.0708456857685142,0.23089163398226123,43,14
15310,"Li, Haotong",883,TPC Twin Cities,sg_putt,1.4338352556376706,0.4580288740197177,62,14
15310,"Li, Haotong",666,Pebble Beach Golf Links,sg_putt,0.4221553518885107,0.39849228816856774,40,14
15310,"Li, Haotong",770,TPC San Antonio - The Oaks Course,sg_putt,-0.6247765716418658,0.2092149680103761,65,14
15310,"Li, Haotong",3990,brabazon course at the belfry,sg_total,-1.5020165623015382,0.7847626944506246,6,14
15310,"Li, Haotong",3806,gary player cc,sg_total,-1.671571952895391,0.7399608042371892,9,14
15310,"Li, Haotong",3881,old course st andrews,sg_total,3.3937230365856403,0.7009631684181491,11,14
15310,"Li, Haotong",3974,carnoustie,sg_total,2.2632230365856403,0.6580855714298015,11,14
15310,"Li, Haotong",3923,renaissance club,sg_total,1.3366606791306566,0.5928783795035246,11,14
15310,"Li, Haotong",3768,emirates gc,sg_total,2.6337320242125943,0.5777376780409397,15,14
15310,"Li, Haotong",3799,carnoustie,sg_total,-1.6538627673006088,0.5354107429857184,17,14
15310,"Li, Haotong",4565,emirates gc,sg_total,1.8436008337409187,0.5207632347995059,12,14
15310,"Li, Haotong",4030,gary player cc,sg_total,-1.589660736395419,0.4822650846362146,6,14
15310,"Li, Haotong",4603,kingsbarns golf links,sg_total,-1.0143643422661277,0.4693256868249047,14,14
15310,"Li, Haotong",4136,abu dhabi gc,sg_total,-0.48730511058342735,0.4622679329005842,16,14
15310,"Li, Haotong",4591,club de campo villa de madrid,sg_total,-1.478875653669115,0.4544257583187024,8,14
15310,"Li, Haotong",3961,london gc,sg_total,-5.918422565059127,0.4402434381579469,4,14
15310,"Li, Haotong",3769,royal greens,sg_total,4.347404739927278,0.39080169811281146,13,14
15310,"Li, Haotong",3864,montgomerie maxx royal,sg_total,-1.0219535000081854,0.38635796586643784,12,14
15310,"Li, Haotong",3982,al hamra gc,sg_total,3.4047269211878883,0.3759615240948637,6,14
15310,"Li, Haotong",4208,brabazon course at the belfry,sg_total,0.46873800706387364,0.3616182042926758,5,14
15310,"Li, Haotong",4223,albatross golf resort,sg_total,-3.2365409094847917,0.36102331187471937,6,14
15310,"Li, Haotong",4012,wentworth golf club,sg_total,-3.751242428635699,0.3066787846500394,22,14
15310,"Li, Haotong",766,Sheshan International GC,sg_total,0.9881215723046177,0.29712658077720794,31,14
15310,"Li, Haotong",4226,wentworth golf club,sg_total,-1.3087207747051954,0.2755500084702653,19,14
15310,"Li, Haotong",3930,wentworth golf club,sg_total,-5.802449849432783,0.24166447194612933,16,14
15310,"Li, Haotong",3883,real club valderrama,sg_total,0.35570424450257904,0.22869727197688575,8,14
15310,"Li, Haotong",4094,pga national cyprus course,sg_total,-5.263528550354752,0.22616823587446197,4,14
15310,"Li, Haotong",4209,himmerland golf & spa resort,sg_total,0.6586604601363106,0.22563263675578119,5,14
13900,"Lowry, Shane",14,Augusta National Golf Club,sg_app,-0.07975837499111592,0.7736761475774763,82,14
13900,"Lowry, Shane",902,Congaree Golf Club,sg_app,0.6842238328458276,0.38362977587831365,46,14
13900,"Lowry, Shane",250,Le Golf National,sg_app,-0.3052556067921574,0.2672679155122905,25,14
13900,"Lowry, Shane",752,Sedgefield Country Club,sg_app,0.13565672811520849,0.23767202574518853,71,14
13900,"Lowry, Shane",552,Silverado Resort and Spa (North Course),sg_app,-0.5101591775264613,0.21006662165402265,46,14
13900,"Lowry, Shane",14,Augusta National Golf Club,sg_arg,0.3598582128596789,0.80273953021156,82,14
13900,"Lowry, Shane",893,Muirfield Village Golf Club,sg_arg,-0.13446363144683235,0.3097702017109532,42,14
13900,"Lowry, Shane",895,TPC Harding Park,sg_arg,-0.9911272575073831,0.2882045494485807,53,14
13900,"Lowry, Shane",671,Valhalla Golf Club,sg_arg,0.33845071713151864,0.25939349272504586,64,14
13900,"Lowry, Shane",697,Ocean Course at Kiawah Island,sg_arg,0.7739751989004442,0.256396269939126,56,14
13900,"Lowry, Shane",899,The Summit Club,sg_arg,-0.1170406167268403,0.21864362606546872,41,14
13900,"Lowry, Shane",902,Congaree Golf Club,sg_arg,-0.627546117623801,0.2135869634922663,46,14
13900,"Lowry, Shane",882,Caves Valley Golf Club,sg_arg,0.44210499449599877,0.2060169729940464,52,14
13900,"Lowry, Shane",772,St. George's G&CC,sg_arg,0.3661941956296299,0.20551408994170733,22,14
13900,"Lowry, Shane",14,Augusta National Golf Club,sg_ott,0.09499475488689282,0.7971821910226405,82,14
13900,"Lowry, Shane",933,East Lake Golf Club,sg_ott,0.08213538878859791,0.5646762951604,25,14
13900,"Lowry, Shane",898,The Concession Golf Club,sg_ott,0.4456375993387048,0.44290779618899423,36,14
13900,"Lowry, Shane",552,Silverado Resort and Spa (North Course),sg_ott,0.07231694981995862,0.39175007433612835,46,14
13900,"Lowry, Shane",734,PGA National Resort (The Champion),sg_ott,0.4202218158003382,0.36739461231766535,52,14
13900,"Lowry, Shane",348,Medinah Country Club (No. 3),sg_ott,0.31682516010837086,0.32148389590928494,33,14
13900,"Lowry, Shane",895,TPC Harding Park,sg_ott,0.12084519933806383,0.31600204114959374,53,14
13900,"Lowry, Shane",500,The Riviera Country Club,sg_ott,0.19705304517873357,0.31344071066821716,74,14
13900,"Lowry, Shane",885,Royal Portrush Golf Club,sg_ott,-0.6215146373088403,0.29174538441347864,59,14
13900,"Lowry, Shane",510,TPC Scottsdale (Stadium Course),sg_ott,-0.4407836380093132,0.263277216668782,71,14
13900,"Lowry, Shane",4,Torrey Pines Golf Course (South Course),sg_ott,-0.2969161392398784,0.24400336891272423,72,14
13900,"Lowry, Shane",5,Pebble Beach Golf Links,sg_ott,0.23826063578680992,0.23550830830017516,66,14
13900,"Lowry, Shane",9,Arnold Palmer's Bay Hill Club & Lodge,sg_ott,-0.017732860148133734,0.23513602824986948,76,14
13900,"Lowry, Shane",880,Bethpage Black,sg_ott,0.84477965869933,0.23089163398226123,43,14
13900,"Lowry, Shane",939,Torrey Pines Golf Course (South Course),sg_ott,-0.20539912223594067,0.20807044904004582,47,14
13900,"Lowry, Shane",14,Augusta National Golf Club,sg_putt,-0.34760811315194584,0.8018650209948042,82,14
13900,"Lowry, Shane",666,Pebble Beach Golf Links,sg_putt,0.8070821068149606,0.39849228816856774,40,14
13900,"Lowry, Shane",772,St. George's G&CC,sg_putt,-0.7455801553369235,0.3642893747344121,22,14
13900,"Lowry, Shane",898,The Concession Golf Club,sg_putt,-0.7299510971857726,0.3611521317363,36,14
13900,"Lowry, Shane",939,Torrey Pines Golf Course (South Course),sg_putt,-0.6304092886403608,0.250902809224056,47,14
13900,"Lowry, Shane",3881,old course st andrews,sg_total,1.468689421716865,0.7009631684181491,11,14
13900,"Lowry, Shane",3974,carnoustie,sg_total,-1.655310578283135,0.6580855714298015,11,14
13900,"Lowry, Shane",3768,emirates gc,sg_total,2.5215875255053235,0.5777376780409397,15,14
13900,"Lowry, Shane",4186,emirates gc,sg_total,-3.4063289408357833,0.5545529225237957,14,14
13900,"Lowry, Shane",4193,kingsbarns golf links,sg_total,-5.349592540699281,0.5515870234536338,15,14
13900,"Lowry, Shane",3799,carnoustie,sg_total,-3.918812703140098,0.5354107429857184,17,14
13900,"Lowry, Shane",4136,abu dhabi gc,sg_total,-1.4807837225323934,0.4622679329005842,16,14
13900,"Lowry, Shane",4591,club de campo villa de madrid,sg_total,-2.2499244790889388,0.4544257583187024,8,14
13900,"Lowry, Shane",3864,montgomerie maxx royal,sg_total,-2.3824117436082015,0.38635796586643784,12,14
13900,"Lowry, Shane",4223,albatross golf resort,sg_total,-2.048198294589604,0.36102331187471937,6,14
13900,"Lowry, Shane",4012,wentworth golf club,sg_total,1.980716635664004,0.3066787846500394,22,14
13900,"Lowry, Shane",766,Sheshan International GC,sg_total,-0.4513604477763347,0.29712658077720794,31,14
13900,"Lowry, Shane",4226,wentworth golf club,sg_total,0.588264396611957,0.2755500084702653,19,14
13900,"Lowry, Shane",4727,emirates gc,sg_total,-0.6415957411116049,0.2561750983846259,13,14
13900,"Lowry, Shane",3930,wentworth golf club,sg_total,1.3198040811115634,0.24166447194612933,16,14
23323,"MacIntyre, Robert",14,Augusta National Golf Club,sg_app,-1.2593881357551666,0.7736761475774763,82,14
23323,"MacIntyre, Robert",752,Sedgefield Country Club,sg_app,-0.035098467981127146,0.23767202574518853,71,14
23323,"MacIntyre, Robert",14,Augusta National Golf Club,sg_arg,1.0944550421170696,0.80273953021156,82,14
23323,"MacIntyre, Robert",697,Ocean Course at Kiawah Island,sg_arg,0.2384911525667315,0.256396269939126,56,14
23323,"MacIntyre, Robert",882,Caves Valley Golf Club,sg_arg,0.1506376339638266,0.2060169729940464,52,14
23323,"MacIntyre, Robert",14,Augusta National Golf Club,sg_ott,0.11926035094957364,0.7971821910226405,82,14
23323,"MacIntyre, Robert",933,East Lake Golf Club,sg_ott,0.1916020320120177,0.5646762951604,25,14
23323,"MacIntyre, Robert",898,The Concession Golf Club,sg_ott,0.5343840872445547,0.44290779618899423,36,14
23323,"MacIntyre, Robert",925,Dunes Golf and Beach Club,sg_ott,0.3825343508209023,0.40040260448741377,14,14
23323,"MacIntyre, Robert",500,The Riviera Country Club,sg_ott,0.0051221660768903665,0.31344071066821716,74,14
23323,"MacIntyre, Robert",885,Royal Portrush Golf Club,sg_ott,1.250012023983757,0.29174538441347864,59,14
23323,"MacIntyre, Robert",510,TPC Scottsdale (Stadium Course),sg_ott,0.5660548542828804,0.263277216668782,71,14
23323,"MacIntyre, Robert",4,Torrey Pines Golf Course (South Course),sg_ott,0.3135520022937882,0.24400336891272423,72,14
23323,"MacIntyre, Robert",5,Pebble Beach Golf Links,sg_ott,0.04918495657966844,0.23550830830017516,66,14
23323,"MacIntyre, Robert",9,Arnold Palmer's Bay Hill Club & Lodge,sg_ott,0.5958686136105281,0.23513602824986948,76,14
23323,"MacIntyre, Robert",939,Torrey Pines Golf Course (South Course),sg_ott,0.9566922359006633,0.20807044904004582,47,14
23323,"MacIntyre, Robert",14,Augusta National Golf Club,sg_putt,-1.3582362760085878,0.8018650209948042,82,14
23323,"MacIntyre, Robert",883,TPC Twin Cities,sg_putt,-1.8442453459955561,0.4580288740197177,62,14
23323,"MacIntyre, Robert",898,The Concession Golf Club,sg_putt,-1.2936663754839293,0.3611521317363,36,14
23323,"MacIntyre, Robert",939,Torrey Pines Golf Course (South Course),sg_putt,-1.5878653779641803,0.250902809224056,47,14
23323,"MacIntyre, Robert",656,Plantation Course at Kapalua,sg_putt,-0.5678512681536967,0.2493034818571421,66,14
23323,"MacIntyre, Robert",770,TPC San Antonio - The Oaks Course,sg_putt,0.13777744815847504,0.2092149680103761,65,14
23323,"Macintyre, Robert",671,Valhalla Golf Club,sg_arg,0.042865134019731244,0.25939349272504586,64,14
23323,"Macintyre, Robert",3990,brabazon course at the belfry,sg_total,-0.20972116526301252,0.7847626944506246,6,14
23323,"Macintyre, Robert",3806,gary player cc,sg_total,1.2829188297249177,0.7399608042371892,9,14
23323,"Macintyre, Robert",3881,old course st andrews,sg_total,-0.2539511915009127,0.7009631684181491,11,14
23323,"Macintyre, Robert",3973,dom pedro victoria golf course,sg_total,-4.420420433119202,0.6684841083910467,4,14
23323,"Macintyre, Robert",3974,carnoustie,sg_total,0.47304880849908737,0.6580855714298015,11,14
23323,"Macintyre, Robert",3782,himmerland golf & spa resort,sg_total,3.091064030249295,0.6199143685374888,6,14
23323,"Macintyre, Robert",3937,real club valderrama,sg_total,-0.2674281871290126,0.6147261793285458,4,14
23323,"Macintyre, Robert",3923,renaissance club,sg_total,0.5564751863500231,0.5928783795035246,11,14
23323,"Macintyre, Robert",4186,emirates gc,sg_total,-0.7045185313358646,0.5545529225237957,14,14
23323,"Macintyre, Robert",4193,kingsbarns golf links,sg_total,4.525929477902261,0.5515870234536338,15,14
23323,"Macintyre, Robert",3799,carnoustie,sg_total,-1.4254240669475227,0.5354107429857184,17,14
23323,"Macintyre, Robert",4565,emirates gc,sg_total,0.6054096683880525,0.5207632347995059,12,14
23323,"Macintyre, Robert",3785,golfclub münchen eichenried,sg_total,-1.1214184980560686,0.5152468248252458,8,14
23323,"Macintyre, Robert",4030,gary player cc,sg_total,-1.106366721601554,0.4822650846362146,6,14
23323,"Macintyre, Robert",4603,kingsbarns golf links,sg_total,3.5128098055407877,0.4693256868249047,14,14
23323,"Macintyre, Robert",4136,abu dhabi gc,sg_total,0.29314005102980356,0.4622679329005842,16,14
23323,"Macintyre, Robert",3769,royal greens,sg_total,0.7809616371771649,0.39080169811281146,13,14
23323,"Macintyre, Robert",3864,montgomerie maxx royal,sg_total,1.8030937979959965,0.38635796586643784,12,14
23323,"Macintyre, Robert",3982,al hamra gc,sg_total,0.8209505258053847,0.3759615240948637,6,14
23323,"Macintyre, Robert",4208,brabazon course at the belfry,sg_total,-0.6971290798757324,0.3616182042926758,5,14
23323,"Macintyre, Robert",4223,albatross golf resort,sg_total,0.974305848912166,0.36102331187471937,6,14
23323,"Macintyre, Robert",4011,himmerland golf & spa resort,sg_total,0.693977494314085,0.31446977173575485,5,14
23323,"Macintyre, Robert",4012,wentworth golf club,sg_total,-0.41455650842904507,0.3066787846500394,22,14
23323,"Macintyre, Robert",766,Sheshan International GC,sg_total,1.6048203172520137,0.29712658077720794,31,14
23323,"Macintyre, Robert",4017,real club valderrama,sg_total,0.6524475799642097,0.2761115184072146,6,14
23323,"Macintyre, Robert",4226,wentworth golf club,sg_total,-0.6033597121622185,0.2755500084702653,19,14
23323,"Macintyre, Robert",3930,wentworth golf club,sg_total,-1.940047374489077,0.24166447194612933,16,14
23323,"Macintyre, Robert",3883,real club valderrama,sg_total,-1.354784903527095,0.22869727197688575,8,14
23323,"Macintyre, Robert",4094,pga national cyprus course,sg_total,1.73072478312355,0.22616823587446197,4,14
23323,"Macintyre, Robert",4209,himmerland golf & spa resort,sg_total,0.9708070063542996,0.22563263675578119,5,14
23323,"Macintyre, Robert",3783,rinkven international gc,sg_total,2.3268819180330853,0.21917117839762362,4,14
23323,"Macintyre, Robert",3976,fire course,sg_total,-0.021047141105517142,0.20621236218043165,6,14
13562,"Matsuyama, Hideki",14,Augusta National Golf Club,sg_app,0.37327563874605924,0.7736761475774763,82,14
13562,"Matsuyama, Hideki",902,Congaree Golf Club,sg_app,-0.30326383930819384,0.38362977587831365,46,14
13562,"Matsuyama, Hideki",250,Le Golf National,sg_app,0.8212731684848034,0.2672679155122905,25,14
13562,"Matsuyama, Hideki",243,Trinity Forest Golf Club,sg_app,-0.35351088698528244,0.25273595885204997,20,14
13562,"Matsuyama, Hideki",752,Sedgefield Country Club,sg_app,0.5616404557603494,0.23767202574518853,71,14
13562,"Matsuyama, Hideki",552,Silverado Resort and Spa (North Course),sg_app,-0.08640163815930574,0.21006662165402265,46,14
13562,"Matsuyama, Hideki",14,Augusta National Golf Club,sg_arg,0.24845636045557826,0.80273953021156,82,14
13562,"Matsuyama, Hideki",893,Muirfield Village Golf Club,sg_arg,-0.1826745520680449,0.3097702017109532,42,14
13562,"Matsuyama, Hideki",895,TPC Harding Park,sg_arg,0.9445365487398135,0.2882045494485807,53,14
13562,"Matsuyama, Hideki",671,Valhalla Golf Club,sg_arg,0.8357226657376525,0.25939349272504586,64,14
13562,"Matsuyama, Hideki",697,Ocean Course at Kiawah Island,sg_arg,0.05528532355177342,0.256396269939126,56,14
13562,"Matsuyama, Hideki",899,The Summit Club,sg_arg,0.06377737121966351,0.21864362606546872,41,14
13562,"Matsuyama, Hideki",902,Congaree Golf Club,sg_arg,-0.2645017759881514,0.2135869634922663,46,14
13562,"Matsuyama, Hideki",882,Caves Valley Golf Club,sg_arg,0.42310265499652266,0.2060169729940464,52,14
13562,"Matsuyama, Hideki",14,Augusta National Golf Club,sg_ott,0.1754934896413937,0.7971821910226405,82,14
13562,"Matsuyama, Hideki",933,East Lake Golf Club,sg_ott,0.27418341861226253,0.5646762951604,25,14
13562,"Matsuyama, Hideki",898,The Concession Golf Club,sg_ott,-0.47057207741336166,0.44290779618899423,36,14
13562,"Matsuyama, Hideki",552,Silverado Resort and Spa (North Course),sg_ott,-0.23458538242481972,0.39175007433612835,46,14
13562,"Matsuyama, Hideki",348,Medinah Country Club (No. 3),sg_ott,0.4439091274487499,0.32148389590928494,33,14
13562,"Matsuyama, Hideki",895,TPC Harding Park,sg_ott,-0.13524481564526533,0.31600204114959374,53,14
13562,"Matsuyama, Hideki",500,The Riviera Country Club,sg_ott,0.31407316324622797,0.31344071066821716,74,14
13562,"Matsuyama, Hideki",885,Royal Portrush Golf Club,sg_ott,0.3118711606545516,0.29174538441347864,59,14
13562,"Matsuyama, Hideki",510,TPC Scottsdale (Stadium Course),sg_ott,-0.48190350432538737,0.263277216668782,71,14
13562,"Matsuyama, Hideki",4,Torrey Pines Golf Course (South Course),sg_ott,-0.35009532847929103,0.24400336891272423,72,14
13562,"Matsuyama, Hideki",5,Pebble Beach Golf Links,sg_ott,0.04652194274891112,0.23550830830017516,66,14
13562,"Matsuyama, Hideki",9,Arnold Palmer's Bay Hill Club & Lodge,sg_ott,0.15513230355947047,0.23513602824986948,76,14
13562,"Matsuyama, Hideki",880,Bethpage Black,sg_ott,-0.3083918658005593,0.23089163398226123,43,14
13562,"Matsuyama, Hideki",894,TPC Craig Ranch,sg_ott,0.1987215025701543,0.23003219711697326,40,14
13562,"Matsuyama, Hideki",939,Torrey Pines Golf Course (South Course),sg_ott,-0.004049398601910753,0.20807044904004582,47,14
13562,"Matsuyama, Hideki",14,Augusta National Golf Club,sg_putt,-0.4084993335502868,0.8018650209948042,82,14
13562,"Matsuyama, Hideki",883,TPC Twin Cities,sg_putt,-0.693446865735073,0.4580288740197177,62,14
13562,"Matsuyama, Hideki",666,Pebble Beach Golf Links,sg_putt,0.4728901557159697,0.39849228816856774,40,14
13562,"Matsuyama, Hideki",898,The Concession Golf Club,sg_putt,0.11367800521075266,0.3611521317363,36,14
13562,"Matsuyama, Hideki",538,TPC Summerlin,sg_putt,0.2374680918736397,0.2539541609120851,61,14
13562,"Matsuyama, Hideki",939,Torrey Pines Golf Course (South Course),sg_putt,1.1784860341402035,0.250902809224056,47,14
13562,"Matsuyama, Hideki",656,Plantation Course at Kapalua,sg_putt,-0.17648732805991907,0.2493034818571421,66,14
13562,"Matsuyama, Hideki",770,TPC San Antonio - The Oaks Course,sg_putt,-0.5872734080200368,0.2092149680103761,65,14
13562,"Matsuyama, Hideki",936,Yokohama Country Club,sg_total,-0.08434908076619746,0.5483848316722366,17,14
13562,"Matsuyama, Hideki",242,Nine Bridges,sg_total,1.6382040181377027,0.32495436255033416,28,14
13562,"Matsuyama, Hideki",766,Sheshan International GC,sg_total,1.2993888103546483,0.29712658077720794,31,14
28635,"McCarty, Matt",14,Augusta National Golf Club,sg_app,1.1767201763999457,0.7736761475774763,82,14
28635,"McCarty, Matt",752,Sedgefield Country Club,sg_app,0.6201355470588225,0.23767202574518853,71,14
28635,"McCarty, Matt",14,Augusta National Golf Club,sg_arg,0.4259001903289522,0.80273953021156,82,14
28635,"McCarty, Matt",14,Augusta National Golf Club,sg_ott,-0.06779793867205065,0.7971821910226405,82,14
28635,"McCarty, Matt",500,The Riviera Country Club,sg_ott,-0.3063424563742133,0.31344071066821716,74,14
28635,"McCarty, Matt",885,Royal Portrush Golf Club,sg_ott,0.20154187079915972,0.29174538441347864,59,14
28635,"McCarty, Matt",510,TPC Scottsdale (Stadium Course),sg_ott,-0.8363404873446563,0.263277216668782,71,14
28635,"McCarty, Matt",4,Torrey Pines Golf Course (South Course),sg_ott,0.20608640269773026,0.24400336891272423,72,14
28635,"McCarty, Matt",5,Pebble Beach Golf Links,sg_ott,0.28603455637970726,0.23550830830017516,66,14
28635,"McCarty, Matt",9,Arnold Palmer's Bay Hill Club & Lodge,sg_ott,0.06127778860274283,0.23513602824986948,76,14
28635,"McCarty, Matt",14,Augusta National Golf Club,sg_putt,0.5218470229733875,0.8018650209948042,82,14
28635,"McCarty, Matt",883,TPC Twin Cities,sg_putt,-0.626665181107671,0.4580288740197177,62,14
28635,"McCarty, Matt",538,TPC Summerlin,sg_putt,-0.40305548603082186,0.2539541609120851,61,14
28635,"McCarty, Matt",656,Plantation Course at Kapalua,sg_putt,-0.5336003932224479,0.2493034818571421,66,14
28635,"McCarty, Matt",770,TPC San Antonio - The Oaks Course,sg_putt,-0.9087427760836332,0.2092149680103761,65,14
28635,"McCarty, Matt",936,Yokohama Country Club,sg_total,1.3080687936851392,0.5483848316722366,17,14
28635,"McCarty, Matt",800,The Abaco Club on Winding Bay,sg_total,1.3811167316456758,0.4592522951258997,5,14
28635,"McCarty, Matt",641,Crestview Country Club,sg_total,0.6386159192099201,0.3635680382277454,4,14
28635,"McCarty, Matt",805,The Landings Golf & Athletic Club - Deer Creek,sg_total,-1.4722203796151452,0.3572948782221022,6,14
28635,"McCarty, Matt",807,Lakewood National Golf Club - Commander Course,sg_total,0.7945955059078083,0.27150154660471243,5,14
28635,"McCarty, Matt",801,The Club at Indian Creek,sg_total,2.435478366387321,0.20423287271214416,4,14
10091,"McIlroy, Rory",14,Augusta National Golf Club,sg_app,0.3624357148197873,0.7736761475774763,82,14
10091,"McIlroy, Rory",902,Congaree Golf Club,sg_app,0.4067209012846619,0.38362977587831365,46,14
10091,"McIlroy, Rory",250,Le Golf National,sg_app,1.2031178229651327,0.2672679155122905,25,14
10091,"McIlroy, Rory",14,Augusta National Golf Club,sg_arg,0.03181086556439774,0.80273953021156,82,14
10091,"McIlroy, Rory",895,TPC Harding Park,sg_arg,-0.2977948240951978,0.2882045494485807,53,14
10091,"McIlroy, Rory",671,Valhalla Golf Club,sg_arg,-0.05830766433300489,0.25939349272504586,64,14
10091,"McIlroy, Rory",697,Ocean Course at Kiawah Island,sg_arg,0.2043972950853295,0.256396269939126,56,14
10091,"McIlroy, Rory",899,The Summit Club,sg_arg,0.6742491081365738,0.21864362606546872,41,14
10091,"McIlroy, Rory",902,Congaree Golf Club,sg_arg,0.569242017429297,0.2135869634922663,46,14
10091,"McIlroy, Rory",882,Caves Valley Golf Club,sg_arg,-0.5630869377907775,0.2060169729940464,52,14
10091,"McIlroy, Rory",772,St. George's G&CC,sg_arg,0.37895802801866013,0.20551408994170733,22,14
10091,"McIlroy, Rory",14,Augusta National Golf Club,sg_ott,0.31599753911033934,0.7971821910226405,82,14
10091,"McIlroy, Rory",933,East Lake Golf Club,sg_ott,-0.17980600888686704,0.5646762951604,25,14
10091,"McIlroy, Rory",898,The Concession Golf Club,sg_ott,-0.030411513431518808,0.44290779618899423,36,14
10091,"McIlroy, Rory",237,TPC Potomac at Avenel Farm,sg_ott,0.09160610531542003,0.3331917193714339,29,14
10091,"McIlroy, Rory",348,Medinah Country Club (No. 3),sg_ott,0.18911630076192276,0.32148389590928494,33,14
10091,"McIlroy, Rory",895,TPC Harding Park,sg_ott,-0.0018638206270595735,0.31600204114959374,53,14
10091,"McIlroy, Rory",500,The Riviera Country Club,sg_ott,0.054012457053480394,0.31344071066821716,74,14
10091,"McIlroy, Rory",885,Royal Portrush Golf Club,sg_ott,-0.26709966627462234,0.29174538441347864,59,14
10091,"McIlroy, Rory",510,TPC Scottsdale (Stadium Course),sg_ott,-0.07755642418435325,0.263277216668782,71,14
10091,"McIlroy, Rory",4,Torrey Pines Golf Course (South Course),sg_ott,-0.4995767143308889,0.24400336891272423,72,14
10091,"McIlroy, Rory",5,Pebble Beach Golf Links,sg_ott,-0.2815686027934566,0.23550830830017516,66,14
10091,"McIlroy, Rory",9,Arnold Palmer's Bay Hill Club & Lodge,sg_ott,0.2476238506643213,0.23513602824986948,76,14
10091,"McIlroy, Rory",880,Bethpage Black,sg_ott,0.32913197057523735,0.23089163398226123,43,14
10091,"McIlroy, Rory",939,Torrey Pines Golf Course (South Course),sg_ott,0.37802896771986605,0.20807044904004582,47,14
10091,"McIlroy, Rory",14,Augusta National Golf Club,sg_putt,-0.41885192311621616,0.8018650209948042,82,14
10091,"McIlroy, Rory",666,Pebble Beach Golf Links,sg_putt,-0.17690424959292567,0.39849228816856774,40,14
10091,"McIlroy, Rory",772,St. George's G&CC,sg_putt,1.2299148667419604,0.3642893747344121,22,14
10091,"McIlroy, Rory",898,The Concession Golf Club,sg_putt,0.6533197134590817,0.3611521317363,36,14
10091,"McIlroy, Rory",939,Torrey Pines Golf Course (South Course),sg_putt,-1.0889810259152986,0.250902809224056,47,14
10091,"McIlroy, Rory",770,TPC San Antonio - The Oaks Course,sg_putt,-0.1304427567722852,0.2092149680103761,65,14
10091,"McIlroy, Rory",4186,emirates gc,sg_total,0.7533184578017179,0.5545529225237957,14,14
10091,"McIlroy, Rory",4193,kingsbarns golf links,sg_total,-2.0440625487099493,0.5515870234536338,15,14
10091,"McIlroy, Rory",3799,carnoustie,sg_total,-2.444952157103014,0.5354107429857184,17,14
10091,"McIlroy, Rory",4565,emirates gc,sg_total,0.5836055250218389,0.5207632347995059,12,14
10091,"McIlroy, Rory",4136,abu dhabi gc,sg_total,0.6810530806791362,0.4622679329005842,16,14
10091,"McIlroy, Rory",4012,wentworth golf club,sg_total,0.9343961936882076,0.3066787846500394,22,14
10091,"McIlroy, Rory",766,Sheshan International GC,sg_total,2.851549868504746,0.29712658077720794,31,14
10091,"McIlroy, Rory",4226,wentworth golf club,sg_total,-0.23000872947351347,0.2755500084702653,19,14
10091,"McIlroy, Rory",4727,emirates gc,sg_total,-1.8138166094202095,0.2561750983846259,13,14
22322,"McKibbin, Tom",1,Riyadh Golf Club,sg_app,-0.008748509242793823,0.31801996537255167,18,14
22322,"McKibbin, Tom",885,Royal Portrush Golf Club,sg_ott,-1.4649668531074969,0.29174538441347864,59,14
18634,"McNealy, Maverick",14,Augusta National Golf Club,sg_app,-0.046771357546027556,0.7736761475774763,82,14
18634,"McNealy, Maverick",902,Congaree Golf Club,sg_app,-0.2564855298878884,0.38362977587831365,46,14
18634,"McNealy, Maverick",752,Sedgefield Country Club,sg_app,-0.3257934444861364,0.23767202574518853,71,14
18634,"McNealy, Maverick",552,Silverado Resort and Spa (North Course),sg_app,0.0008621923163596446,0.21006662165402265,46,14
18634,"McNealy, Maverick",14,Augusta National Golf Club,sg_arg,0.9986405959712098,0.80273953021156,82,14
18634,"McNealy, Maverick",893,Muirfield Village Golf Club,sg_arg,-0.2206661343603797,0.3097702017109532,42,14
18634,"McNealy, Maverick",671,Valhalla Golf Club,sg_arg,0.5340458693480177,0.25939349272504586,64,14
18634,"McNealy, Maverick",697,Ocean Course at Kiawah Island,sg_arg,-0.7306913027508168,0.256396269939126,56,14
18634,"McNealy, Maverick",899,The Summit Club,sg_arg,0.36821160224522304,0.21864362606546872,41,14
18634,"McNealy, Maverick",902,Congaree Golf Club,sg_arg,0.8517209123258194,0.2135869634922663,46,14
18634,"McNealy, Maverick",882,Caves Valley Golf Club,sg_arg,0.4682742730544219,0.2060169729940464,52,14
18634,"McNealy, Maverick",14,Augusta National Golf Club,sg_ott,0.6470037556154689,0.7971821910226405,82,14
18634,"McNealy, Maverick",552,Silverado Resort and Spa (North Course),sg_ott,0.0492180608868904,0.39175007433612835,46,14
18634,"McNealy, Maverick",734,PGA National Resort (The Champion),sg_ott,0.037084116465729705,0.36739461231766535,52,14
18634,"McNealy, Maverick",500,The Riviera Country Club,sg_ott,0.7826351600852947,0.31344071066821716,74,14
18634,"McNealy, Maverick",885,Royal Portrush Golf Club,sg_ott,1.1578250099892184,0.29174538441347864,59,14
18634,"McNealy, Maverick",510,TPC Scottsdale (Stadium Course),sg_ott,-0.136664455789131,0.263277216668782,71,14
18634,"McNealy, Maverick",4,Torrey Pines Golf Course (South Course),sg_ott,-0.08105773935758274,0.24400336891272423,72,14
18634,"McNealy, Maverick",5,Pebble Beach Golf Links,sg_ott,0.4097228161275215,0.23550830830017516,66,14
18634,"McNealy, Maverick",9,Arnold Palmer's Bay Hill Club & Lodge,sg_ott,0.3424476583115589,0.23513602824986948,76,14
18634,"McNealy, Maverick",894,TPC Craig Ranch,sg_ott,-0.5188764835258421,0.23003219711697326,40,14
18634,"McNealy, Maverick",939,Torrey Pines Golf Course (South Course),sg_ott,0.05318351946378996,0.20807044904004582,47,14
18634,"McNealy, Maverick",14,Augusta National Golf Club,sg_putt,-1.1423760594728425,0.8018650209948042,82,14
18634,"McNealy, Maverick",883,TPC Twin Cities,sg_putt,-0.5433897354871795,0.4580288740197177,62,14
18634,"McNealy, Maverick",538,TPC Summerlin,sg_putt,-0.11961769487519427,0.2539541609120851,61,14
18634,"McNealy, Maverick",939,Torrey Pines Golf Course (South Course),sg_putt,1.925611499743452,0.250902809224056,47,14
18634,"McNealy, Maverick",656,Plantation Course at Kapalua,sg_putt,-0.15755175048174036,0.2493034818571421,66,14
18634,"McNealy, Maverick",770,TPC San Antonio - The Oaks Course,sg_putt,0.5900086165476108,0.2092149680103761,65,14
18634,"McNealy, Maverick",765,Port Royal Golf Course,sg_total,0.4300714878053462,0.21903475661008806,32,14
22322,"Mckibbin , Tom",4186,emirates gc,sg_total,-1.2960336177311764,0.5545529225237957,14,14
22322,"Mckibbin , Tom",4565,emirates gc,sg_total,2.431897879781345,0.5207632347995059,12,14
22322,"Mckibbin , Tom",4603,kingsbarns golf links,sg_total,1.4592535377585718,0.4693256868249047,14,14
22322,"Mckibbin , Tom",4233,club de campo villa de madrid,sg_total,-3.4423830083696085,0.466690332758001,5,14
22322,"Mckibbin , Tom",4591,club de campo villa de madrid,sg_total,1.1667139440159517,0.4544257583187024,8,14
22322,"Mckibbin , Tom",3982,al hamra gc,sg_total,-0.7982639518777773,0.3759615240948637,6,14
22322,"Mckibbin , Tom",4208,brabazon course at the belfry,sg_total,-1.7809174855402206,0.3616182042926758,5,14
22322,"Mckibbin , Tom",4226,wentworth golf club,sg_total,-0.023330853557958053,0.2755500084702653,19,14
22322,"Mckibbin , Tom",4727,emirates gc,sg_total,-0.046186292243546034,0.2561750983846259,13,14
22322,"Mckibbin, Tom",1,Riyadh Golf Club,sg_app,-0.13990146714164736,0.31801996537255167,18,14
22085,"Morikawa, Collin",14,Augusta National Golf Club,sg_app,0.5356726573622114,0.7736761475774763,82,14
22085,"Morikawa, Collin",902,Congaree Golf Club,sg_app,0.4157687676488249,0.38362977587831365,46,14
22085,"Morikawa, Collin",250,Le Golf National,sg_app,1.1107127562170274,0.2672679155122905,25,14
22085,"Morikawa, Collin",752,Sedgefield Country Club,sg_app,-0.21553537157680433,0.23767202574518853,71,14
22085,"Morikawa, Collin",552,Silverado Resort and Spa (North Course),sg_app,0.6756876882097906,0.21006662165402265,46,14
22085,"Morikawa, Collin",14,Augusta National Golf Club,sg_arg,0.11028552646838963,0.80273953021156,82,14
22085,"Morikawa, Collin",893,Muirfield Village Golf Club,sg_arg,0.17157127196864683,0.3097702017109532,42,14
22085,"Morikawa, Collin",895,TPC Harding Park,sg_arg,0.2935230008670882,0.2882045494485807,53,14
22085,"Morikawa, Collin",671,Valhalla Golf Club,sg_arg,1.4558925308951383,0.25939349272504586,64,14
22085,"Morikawa, Collin",697,Ocean Course at Kiawah Island,sg_arg,-0.12379439123144456,0.256396269939126,56,14
22085,"Morikawa, Collin",899,The Summit Club,sg_arg,0.04466665561637715,0.21864362606546872,41,14
22085,"Morikawa, Collin",902,Congaree Golf Club,sg_arg,0.6537562893670247,0.2135869634922663,46,14
22085,"Morikawa, Collin",882,Caves Valley Golf Club,sg_arg,-0.8329701843633703,0.2060169729940464,52,14
22085,"Morikawa, Collin",14,Augusta National Golf Club,sg_ott,0.14611388801483916,0.7971821910226405,82,14
22085,"Morikawa, Collin",933,East Lake Golf Club,sg_ott,0.5811948127407849,0.5646762951604,25,14
22085,"Morikawa, Collin",898,The Concession Golf Club,sg_ott,0.34076270472168313,0.44290779618899423,36,14
22085,"Morikawa, Collin",552,Silverado Resort and Spa (North Course),sg_ott,-0.05834152587853722,0.39175007433612835,46,14
22085,"Morikawa, Collin",348,Medinah Country Club (No. 3),sg_ott,0.4364848293578897,0.32148389590928494,33,14
22085,"Morikawa, Collin",895,TPC Harding Park,sg_ott,0.21749362859489432,0.31600204114959374,53,14
22085,"Morikawa, Collin",500,The Riviera Country Club,sg_ott,-0.010968750137525182,0.31344071066821716,74,14
22085,"Morikawa, Collin",885,Royal Portrush Golf Club,sg_ott,-1.5468477617741576,0.29174538441347864,59,14
22085,"Morikawa, Collin",510,TPC Scottsdale (Stadium Course),sg_ott,-0.24383234125835881,0.263277216668782,71,14
22085,"Morikawa, Collin",4,Torrey Pines Golf Course (South Course),sg_ott,-1.0787392238001507,0.24400336891272423,72,14
22085,"Morikawa, Collin",5,Pebble Beach Golf Links,sg_ott,0.34861302241863873,0.23550830830017516,66,14
22085,"Morikawa, Collin",9,Arnold Palmer's Bay Hill Club & Lodge,sg_ott,0.1309000962128844,0.23513602824986948,76,14
22085,"Morikawa, Collin",939,Torrey Pines Golf Course (South Course),sg_ott,-0.4437228624856635,0.20807044904004582,47,14
22085,"Morikawa, Collin",14,Augusta National Golf Club,sg_putt,0.506197267346921,0.8018650209948042,82,14
22085,"Morikawa, Collin",660,Montreux Golf & Country Club,sg_putt,0.6616909701653312,0.7234769291238938,11,14
22085,"Morikawa, Collin",883,TPC Twin Cities,sg_putt,0.11529103245675887,0.4580288740197177,62,14
22085,"Morikawa, Collin",898,The Concession Golf Club,sg_putt,1.2651875714776106,0.3611521317363,36,14
22085,"Morikawa, Collin",538,TPC Summerlin,sg_putt,-0.8370017122596778,0.2539541609120851,61,14
22085,"Morikawa, Collin",939,Torrey Pines Golf Course (South Course),sg_putt,0.7611718530212199,0.250902809224056,47,14
22085,"Morikawa, Collin",656,Plantation Course at Kapalua,sg_putt,0.6836224660377953,0.2493034818571421,66,14
22085,"Morikawa, Collin",770,TPC San Antonio - The Oaks Course,sg_putt,-1.1882471860233863,0.2092149680103761,65,14
22085,"Morikawa, Collin",936,Yokohama Country Club,sg_total,0.41207385915832667,0.5483848316722366,17,14
22085,"Morikawa, Collin",242,Nine Bridges,sg_total,-0.2061302651999561,0.32495436255033416,28,14
23841,"Neergaard-Petersen, Rasmus",510,TPC Scottsdale (Stadium Course),sg_ott,0.5539907737764665,0.263277216668782,71,14
23841,"Neergaard-Petersen, Rasmus",4,Torrey Pines Golf Course (South Course),sg_ott,-0.15952489768096187,0.24400336891272423,72,14
23841,"Neergaard-Petersen, Rasmus",4565,emirates gc,sg_total,2.1582578347932224,0.5207632347995059,12,14
23841,"Neergaard-Petersen, Rasmus",4603,kingsbarns golf links,sg_total,-0.10545321041335098,0.4693256868249047,14,14
23841,"Neergaard-Petersen, Rasmus",4591,club de campo villa de madrid,sg_total,1.3088457034219019,0.4544257583187024,8,14
23841,"Neergaard-Petersen, Rasmus",4208,brabazon course at the belfry,sg_total,0.22591103153079,0.3616182042926758,5,14
23841,"Neergaard-Petersen, Rasmus",4727,emirates gc,sg_total,-0.6240303828296732,0.2561750983846259,13,14
23841,"Neergaard-Petersen, Rasmus",4209,himmerland golf & spa resort,sg_total,-0.9162393471635962,0.22563263675578119,5,14
10419,"Noren, Alex",14,Augusta National Golf Club,sg_app,-0.5494955949676882,0.7736761475774763,82,14
10419,"Noren, Alex",902,Congaree Golf Club,sg_app,0.12194148823798442,0.38362977587831365,46,14
10419,"Noren, Alex",250,Le Golf National,sg_app,-0.3555154658341422,0.2672679155122905,25,14
10419,"Noren, Alex",243,Trinity Forest Golf Club,sg_app,-0.979334386135078,0.25273595885204997,20,14
10419,"Noren, Alex",752,Sedgefield Country Club,sg_app,0.7177532547415153,0.23767202574518853,71,14
10419,"Noren, Alex",552,Silverado Resort and Spa (North Course),sg_app,-0.6141016779459578,0.21006662165402265,46,14
10419,"Noren, Alex",14,Augusta National Golf Club,sg_arg,-0.023982892925615142,0.80273953021156,82,14
10419,"Noren, Alex",895,TPC Harding Park,sg_arg,0.5634478256810803,0.2882045494485807,53,14
10419,"Noren, Alex",671,Valhalla Golf Club,sg_arg,0.3460455098341278,0.25939349272504586,64,14
10419,"Noren, Alex",697,Ocean Course at Kiawah Island,sg_arg,0.6173747441459507,0.256396269939126,56,14
10419,"Noren, Alex",899,The Summit Club,sg_arg,-0.4068870963079354,0.21864362606546872,41,14
10419,"Noren, Alex",902,Congaree Golf Club,sg_arg,-0.12102350057611191,0.2135869634922663,46,14
10419,"Noren, Alex",882,Caves Valley Golf Club,sg_arg,0.3936193357893308,0.2060169729940464,52,14
10419,"Noren, Alex",14,Augusta National Golf Club,sg_ott,-2.2129400785183555,0.7971821910226405,82,14
10419,"Noren, Alex",552,Silverado Resort and Spa (North Course),sg_ott,-0.4209304917254102,0.39175007433612835,46,14
10419,"Noren, Alex",734,PGA National Resort (The Champion),sg_ott,0.34666273709136824,0.36739461231766535,52,14
10419,"Noren, Alex",895,TPC Harding Park,sg_ott,0.24084393180949237,0.31600204114959374,53,14
10419,"Noren, Alex",500,The Riviera Country Club,sg_ott,-0.19036708922420562,0.31344071066821716,74,14
10419,"Noren, Alex",510,TPC Scottsdale (Stadium Course),sg_ott,0.18517443613543477,0.263277216668782,71,14
10419,"Noren, Alex",4,Torrey Pines Golf Course (South Course),sg_ott,-0.10077941680482623,0.24400336891272423,72,14
10419,"Noren, Alex",5,Pebble Beach Golf Links,sg_ott,0.19103226281373464,0.23550830830017516,66,14
10419,"Noren, Alex",9,Arnold Palmer's Bay Hill Club & Lodge,sg_ott,-0.15063068642124944,0.23513602824986948,76,14
10419,"Noren, Alex",880,Bethpage Black,sg_ott,1.042329567344471,0.23089163398226123,43,14
10419,"Noren, Alex",894,TPC Craig Ranch,sg_ott,0.5706793126628941,0.23003219711697326,40,14
10419,"Noren, Alex",14,Augusta National Golf Club,sg_putt,-0.9063762186253276,0.8018650209948042,82,14
10419,"Noren, Alex",883,TPC Twin Cities,sg_putt,1.6452218267213494,0.4580288740197177,62,14
10419,"Noren, Alex",666,Pebble Beach Golf Links,sg_putt,-1.5085309799665858,0.39849228816856774,40,14
10419,"Noren, Alex",538,TPC Summerlin,sg_putt,-0.4198328269021092,0.2539541609120851,61,14
10419,"Noren, Alex",770,TPC San Antonio - The Oaks Course,sg_putt,0.09149504813080286,0.2092149680103761,65,14
10419,"Noren, Alex",3806,gary player cc,sg_total,-0.8217708499889282,0.7399608042371892,9,14
10419,"Noren, Alex",3881,old course st andrews,sg_total,-0.41480694648865785,0.7009631684181491,11,14
10419,"Noren, Alex",3974,carnoustie,sg_total,-0.5388069464886578,0.6580855714298015,11,14
10419,"Noren, Alex",4193,kingsbarns golf links,sg_total,5.457214865022307,0.5515870234536338,15,14
10419,"Noren, Alex",936,Yokohama Country Club,sg_total,-0.06144814924906522,0.5483848316722366,17,14
10419,"Noren, Alex",3799,carnoustie,sg_total,1.2300392541227354,0.5354107429857184,17,14
10419,"Noren, Alex",3785,golfclub münchen eichenried,sg_total,0.9129284495843786,0.5152468248252458,8,14
10419,"Noren, Alex",3864,montgomerie maxx royal,sg_total,0.6411570651637513,0.38635796586643784,12,14
10419,"Noren, Alex",765,Port Royal Golf Course,sg_total,1.7997276857862363,0.21903475661008806,32,14
23475,"Novak, Andrew",752,Sedgefield Country Club,sg_app,0.06261810936203514,0.23767202574518853,71,14
23475,"Novak, Andrew",882,Caves Valley Golf Club,sg_arg,-0.9838295995741483,0.2060169729940464,52,14
23475,"Novak, Andrew",772,St. George's G&CC,sg_arg,0.21767325562073964,0.20551408994170733,22,14
23475,"Novak, Andrew",925,Dunes Golf and Beach Club,sg_ott,0.47594156362445383,0.40040260448741377,14,14
23475,"Novak, Andrew",734,PGA National Resort (The Champion),sg_ott,-0.17636320052839835,0.36739461231766535,52,14
23475,"Novak, Andrew",237,TPC Potomac at Avenel Farm,sg_ott,0.1587150563856101,0.3331917193714339,29,14
23475,"Novak, Andrew",500,The Riviera Country Club,sg_ott,-0.6741076045948409,0.31344071066821716,74,14
23475,"Novak, Andrew",885,Royal Portrush Golf Club,sg_ott,-1.0865376847355381,0.29174538441347864,59,14
23475,"Novak, Andrew",510,TPC Scottsdale (Stadium Course),sg_ott,-0.6381212171643623,0.263277216668782,71,14
23475,"Novak, Andrew",4,Torrey Pines Golf Course (South Course),sg_ott,-0.1509644481879944,0.24400336891272423,72,14
23475,"Novak, Andrew",5,Pebble Beach Golf Links,sg_ott,0.4684716327637015,0.23550830830017516,66,14
23475,"Novak, Andrew",9,Arnold Palmer's Bay Hill Club & Lodge,sg_ott,0.3271096960620453,0.23513602824986948,76,14
23475,"Novak, Andrew",894,TPC Craig Ranch,sg_ott,-0.07921146289317482,0.23003219711697326,40,14
23475,"Novak, Andrew",939,Torrey Pines Golf Course (South Course),sg_ott,0.19065960246473748,0.20807044904004582,47,14
23475,"Novak, Andrew",883,TPC Twin Cities,sg_putt,0.39576920518187453,0.4580288740197177,62,14
23475,"Novak, Andrew",772,St. George's G&CC,sg_putt,-0.5196297299200994,0.3642893747344121,22,14
23475,"Novak, Andrew",884,Keene Trace Golf Club (Champion Trace),sg_putt,-0.04451623134150029,0.29823307167770713,20,14
23475,"Novak, Andrew",538,TPC Summerlin,sg_putt,-0.4357252341172446,0.2539541609120851,61,14
23475,"Novak, Andrew",939,Torrey Pines Golf Course (South Course),sg_putt,1.0336269311470618,0.250902809224056,47,14
23475,"Novak, Andrew",770,TPC San Antonio - The Oaks Course,sg_putt,0.490630116052731,0.2092149680103761,65,14
23475,"Novak, Andrew",765,Port Royal Golf Course,sg_total,1.2473039449264047,0.21903475661008806,32,14
3485,"Olazabal, Jose Maria",3937,real club valderrama,sg_total,1.506889762840028,0.6147261793285458,4,14
3485,"Olazabal, Jose Maria",3768,emirates gc,sg_total,-2.9081550640955287,0.5777376780409397,15,14
3485,"Olazabal, Jose Maria",3785,golfclub münchen eichenried,sg_total,1.2743575716743318,0.5152468248252458,8,14
14735,"Ortiz, Carlos",1,Riyadh Golf Club,sg_app,0.1357272038006798,0.31801996537255167,18,14
14735,"Ortiz, Carlos",250,Le Golf National,sg_app,-0.8988781850531946,0.2672679155122905,25,14
14735,"Ortiz, Carlos",243,Trinity Forest Golf Club,sg_app,1.1929106046274802,0.25273595885204997,20,14
14735,"Ortiz, Carlos",752,Sedgefield Country Club,sg_app,0.647985453189195,0.23767202574518853,71,14
14735,"Ortiz, Carlos",552,Silverado Resort and Spa (North Course),sg_app,-0.1761523070846984,0.21006662165402265,46,14
14735,"Ortiz, Carlos",893,Muirfield Village Golf Club,sg_arg,-0.3231190129979043,0.3097702017109532,42,14
14735,"Ortiz, Carlos",895,TPC Harding Park,sg_arg,1.227462872449137,0.2882045494485807,53,14
14735,"Ortiz, Carlos",697,Ocean Course at Kiawah Island,sg_arg,0.3814342149745332,0.256396269939126,56,14
14735,"Ortiz, Carlos",899,The Summit Club,sg_arg,0.14046678469037166,0.21864362606546872,41,14
14735,"Ortiz, Carlos",882,Caves Valley Golf Club,sg_arg,-0.36554093417996564,0.2060169729940464,52,14
14735,"Ortiz, Carlos",772,St. George's G&CC,sg_arg,0.023633600745401502,0.20551408994170733,22,14
14735,"Ortiz, Carlos",898,The Concession Golf Club,sg_ott,0.949509789107114,0.44290779618899423,36,14
14735,"Ortiz, Carlos",552,Silverado Resort and Spa (North Course),sg_ott,0.22545398113958107,0.39175007433612835,46,14
14735,"Ortiz, Carlos",734,PGA National Resort (The Champion),sg_ott,-0.2746796984775922,0.36739461231766535,52,14
14735,"Ortiz, Carlos",895,TPC Harding Park,sg_ott,0.30836131977112224,0.31600204114959374,53,14
14735,"Ortiz, Carlos",500,The Riviera Country Club,sg_ott,0.22981135048968168,0.31344071066821716,74,14
14735,"Ortiz, Carlos",885,Royal Portrush Golf Club,sg_ott,-0.24367090407222305,0.29174538441347864,59,14
14735,"Ortiz, Carlos",510,TPC Scottsdale (Stadium Course),sg_ott,0.02991014915519935,0.263277216668782,71,14
14735,"Ortiz, Carlos",4,Torrey Pines Golf Course (South Course),sg_ott,-0.263139622437788,0.24400336891272423,72,14
14735,"Ortiz, Carlos",9,Arnold Palmer's Bay Hill Club & Lodge,sg_ott,-0.8666053253823525,0.23513602824986948,76,14
14735,"Ortiz, Carlos",894,TPC Craig Ranch,sg_ott,-0.17632130364358284,0.23003219711697326,40,14
14735,"Ortiz, Carlos",883,TPC Twin Cities,sg_putt,0.34468647955596665,0.4580288740197177,62,14
14735,"Ortiz, Carlos",666,Pebble Beach Golf Links,sg_putt,1.3194564308319037,0.39849228816856774,40,14
14735,"Ortiz, Carlos",772,St. George's G&CC,sg_putt,-0.8347029075064996,0.3642893747344121,22,14
14735,"Ortiz, Carlos",898,The Concession Golf Club,sg_putt,0.5665541058894443,0.3611521317363,36,14
14735,"Ortiz, Carlos",538,TPC Summerlin,sg_putt,0.06808335790046863,0.2539541609120851,61,14
14735,"Ortiz, Carlos",656,Plantation Course at Kapalua,sg_putt,-0.4322856786785847,0.2493034818571421,66,14
14735,"Ortiz, Carlos",770,TPC San Antonio - The Oaks Course,sg_putt,0.3043687623306177,0.2092149680103761,65,14
22465,"Penge, Marco",500,The Riviera Country Club,sg_ott,-0.04099685119525129,0.31344071066821716,74,14
22465,"Penge, Marco",885,Royal Portrush Golf Club,sg_ott,-0.7114600752171849,0.29174538441347864,59,14
22465,"Penge, Marco",510,TPC Scottsdale (Stadium Course),sg_ott,0.058794082286475896,0.263277216668782,71,14
22465,"Penge, Marco",4,Torrey Pines Golf Course (South Course),sg_ott,0.7255521466651665,0.24400336891272423,72,14
22465,"Penge, Marco",5,Pebble Beach Golf Links,sg_ott,-0.16676848762269755,0.23550830830017516,66,14
22465,"Penge, Marco",770,TPC San Antonio - The Oaks Course,sg_putt,-0.14338582763706906,0.2092149680103761,65,14
22465,"Penge, Marco",3974,carnoustie,sg_total,-0.8297433368880929,0.6580855714298015,11,14
22465,"Penge, Marco",4603,kingsbarns golf links,sg_total,-0.9835659750933929,0.4693256868249047,14,14
22465,"Penge, Marco",4591,club de campo villa de madrid,sg_total,2.4829549481776128,0.4544257583187024,8,14
22465,"Penge, Marco",4367,leopard creek cc,sg_total,2.624742979732303,0.31938231160898856,5,14
27900,"Potgieter, Aldrich",925,Dunes Golf and Beach Club,sg_ott,-0.33936873248394317,0.40040260448741377,14,14
27900,"Potgieter, Aldrich",500,The Riviera Country Club,sg_ott,0.7238732778494883,0.31344071066821716,74,14
27900,"Potgieter, Aldrich",885,Royal Portrush Golf Club,sg_ott,-0.8229854580462257,0.29174538441347864,59,14
27900,"Potgieter, Aldrich",510,TPC Scottsdale (Stadium Course),sg_ott,-1.6681790190251424,0.263277216668782,71,14
27900,"Potgieter, Aldrich",4,Torrey Pines Golf Course (South Course),sg_ott,1.0312871247641635,0.24400336891272423,72,14
27900,"Potgieter, Aldrich",5,Pebble Beach Golf Links,sg_ott,0.576798635860213,0.23550830830017516,66,14
27900,"Potgieter, Aldrich",9,Arnold Palmer's Bay Hill Club & Lodge,sg_ott,-1.2693356317240327,0.23513602824986948,76,14
27900,"Potgieter, Aldrich",770,TPC San Antonio - The Oaks Course,sg_putt,0.49908318235991633,0.2092149680103761,65,14
27900,"Potgieter, Aldrich",936,Yokohama Country Club,sg_total,1.5355089060583447,0.5483848316722366,17,14
27900,"Potgieter, Aldrich",4603,kingsbarns golf links,sg_total,1.4813068456918672,0.4693256868249047,14,14
27900,"Potgieter, Aldrich",800,The Abaco Club on Winding Bay,sg_total,4.558407575328428,0.4592522951258997,5,14
27900,"Potgieter, Aldrich",641,Crestview Country Club,sg_total,-3.7417546323912503,0.3635680382277454,4,14
27900,"Potgieter, Aldrich",805,The Landings Golf & Athletic Club - Deer Creek,sg_total,-0.5716357257132698,0.3572948782221022,6,14
27900,"Potgieter, Aldrich",807,Lakewood National Golf Club - Commander Course,sg_total,0.6395282646909202,0.27150154660471243,5,14
27900,"Potgieter, Aldrich",801,The Club at Indian Creek,sg_total,1.6504873714216135,0.20423287271214416,4,14
19195,"Rahm, Jon",14,Augusta National Golf Club,sg_app,-0.2432581710203745,0.7736761475774763,82,14
19195,"Rahm, Jon",902,Congaree Golf Club,sg_app,0.25392486686905325,0.38362977587831365,46,14
19195,"Rahm, Jon",1,Riyadh Golf Club,sg_app,-0.06454681314898048,0.31801996537255167,18,14
19195,"Rahm, Jon",250,Le Golf National,sg_app,0.45506362033333714,0.2672679155122905,25,14
19195,"Rahm, Jon",552,Silverado Resort and Spa (North Course),sg_app,-1.0292189040600124,0.21006662165402265,46,14
19195,"Rahm, Jon",14,Augusta National Golf Club,sg_arg,0.18655269160047863,0.80273953021156,82,14
19195,"Rahm, Jon",893,Muirfield Village Golf Club,sg_arg,-0.5222740644046555,0.3097702017109532,42,14
19195,"Rahm, Jon",895,TPC Harding Park,sg_arg,0.5956133132592556,0.2882045494485807,53,14
19195,"Rahm, Jon",671,Valhalla Golf Club,sg_arg,1.06643345829813,0.25939349272504586,64,14
19195,"Rahm, Jon",697,Ocean Course at Kiawah Island,sg_arg,0.37864446489785647,0.256396269939126,56,14
19195,"Rahm, Jon",902,Congaree Golf Club,sg_arg,1.0664623592766027,0.2135869634922663,46,14
19195,"Rahm, Jon",882,Caves Valley Golf Club,sg_arg,-0.6306748344590647,0.2060169729940464,52,14
19195,"Rahm, Jon",14,Augusta National Golf Club,sg_ott,-0.11284694875400249,0.7971821910226405,82,14
19195,"Rahm, Jon",898,The Concession Golf Club,sg_ott,0.619542086518021,0.44290779618899423,36,14
19195,"Rahm, Jon",552,Silverado Resort and Spa (North Course),sg_ott,-0.3252193952164498,0.39175007433612835,46,14
19195,"Rahm, Jon",348,Medinah Country Club (No. 3),sg_ott,0.556329408899854,0.32148389590928494,33,14
19195,"Rahm, Jon",895,TPC Harding Park,sg_ott,0.43985230647786255,0.31600204114959374,53,14
19195,"Rahm, Jon",500,The Riviera Country Club,sg_ott,-0.16414080463244596,0.31344071066821716,74,14
19195,"Rahm, Jon",885,Royal Portrush Golf Club,sg_ott,-0.5271518782997806,0.29174538441347864,59,14
19195,"Rahm, Jon",510,TPC Scottsdale (Stadium Course),sg_ott,0.07082391814513987,0.263277216668782,71,14
19195,"Rahm, Jon",4,Torrey Pines Golf Course (South Course),sg_ott,0.05408968357513799,0.24400336891272423,72,14
19195,"Rahm, Jon",9,Arnold Palmer's Bay Hill Club & Lodge,sg_ott,-1.3332238789004636,0.23513602824986948,76,14
19195,"Rahm, Jon",880,Bethpage Black,sg_ott,-1.2307848305119622,0.23089163398226123,43,14
19195,"Rahm, Jon",894,TPC Craig Ranch,sg_ott,0.02462950938386844,0.23003219711697326,40,14
19195,"Rahm, Jon",14,Augusta National Golf Club,sg_putt,-0.11757986364397925,0.8018650209948042,82,14
19195,"Rahm, Jon",666,Pebble Beach Golf Links,sg_putt,0.0024851394857248067,0.39849228816856774,40,14
19195,"Rahm, Jon",898,The Concession Golf Club,sg_putt,-0.9198675323941349,0.3611521317363,36,14
19195,"Rahm, Jon",656,Plantation Course at Kapalua,sg_putt,0.5727092265564506,0.2493034818571421,66,14
19195,"Rahm, Jon",3799,carnoustie,sg_total,-3.2360808384351154,0.5354107429857184,17,14
19195,"Rahm, Jon",4565,emirates gc,sg_total,-4.311364506635879,0.5207632347995059,12,14
19195,"Rahm, Jon",4233,club de campo villa de madrid,sg_total,-1.175087535136063,0.466690332758001,5,14
19195,"Rahm, Jon",4591,club de campo villa de madrid,sg_total,-0.6750060644436726,0.4544257583187024,8,14
19195,"Rahm, Jon",4012,wentworth golf club,sg_total,0.8965335136815428,0.3066787846500394,22,14
19195,"Rahm, Jon",4226,wentworth golf club,sg_total,0.49892985864257966,0.2755500084702653,19,14
19195,"Rahm, Jon",3883,real club valderrama,sg_total,-5.0652327375919945,0.22869727197688575,8,14
18554,"Rai, Aaron",14,Augusta National Golf Club,sg_app,-0.0349217991565577,0.7736761475774763,82,14
18554,"Rai, Aaron",752,Sedgefield Country Club,sg_app,1.1801130527664727,0.23767202574518853,71,14
18554,"Rai, Aaron",552,Silverado Resort and Spa (North Course),sg_app,0.692313091591719,0.21006662165402265,46,14
18554,"Rai, Aaron",14,Augusta National Golf Club,sg_arg,0.5796342019747311,0.80273953021156,82,14
18554,"Rai, Aaron",671,Valhalla Golf Club,sg_arg,0.6986603876598305,0.25939349272504586,64,14
18554,"Rai, Aaron",697,Ocean Course at Kiawah Island,sg_arg,0.6074520304298971,0.256396269939126,56,14
18554,"Rai, Aaron",772,St. George's G&CC,sg_arg,0.05416493346976696,0.20551408994170733,22,14
18554,"Rai, Aaron",14,Augusta National Golf Club,sg_ott,0.07857101554662915,0.7971821910226405,82,14
18554,"Rai, Aaron",933,East Lake Golf Club,sg_ott,0.04838861714416676,0.5646762951604,25,14
18554,"Rai, Aaron",552,Silverado Resort and Spa (North Course),sg_ott,-0.1342795445579102,0.39175007433612835,46,14
18554,"Rai, Aaron",734,PGA National Resort (The Champion),sg_ott,-0.4672410592102685,0.36739461231766535,52,14
18554,"Rai, Aaron",237,TPC Potomac at Avenel Farm,sg_ott,0.39188044034972896,0.3331917193714339,29,14
18554,"Rai, Aaron",500,The Riviera Country Club,sg_ott,-0.3740198055041129,0.31344071066821716,74,14
18554,"Rai, Aaron",885,Royal Portrush Golf Club,sg_ott,0.3598804142641481,0.29174538441347864,59,14
18554,"Rai, Aaron",510,TPC Scottsdale (Stadium Course),sg_ott,-0.43891082738011733,0.263277216668782,71,14
18554,"Rai, Aaron",4,Torrey Pines Golf Course (South Course),sg_ott,-0.2456806453104622,0.24400336891272423,72,14
18554,"Rai, Aaron",5,Pebble Beach Golf Links,sg_ott,0.2242419064024951,0.23550830830017516,66,14
18554,"Rai, Aaron",9,Arnold Palmer's Bay Hill Club & Lodge,sg_ott,-0.0972343314964662,0.23513602824986948,76,14
18554,"Rai, Aaron",894,TPC Craig Ranch,sg_ott,-0.3215892648249459,0.23003219711697326,40,14
18554,"Rai, Aaron",939,Torrey Pines Golf Course (South Course),sg_ott,-0.1480047237259252,0.20807044904004582,47,14
18554,"Rai, Aaron",14,Augusta National Golf Club,sg_putt,0.1586694175743944,0.8018650209948042,82,14
18554,"Rai, Aaron",883,TPC Twin Cities,sg_putt,1.2118858214481416,0.4580288740197177,62,14
18554,"Rai, Aaron",772,St. George's G&CC,sg_putt,-0.34538827630822777,0.3642893747344121,22,14
18554,"Rai, Aaron",538,TPC Summerlin,sg_putt,0.022647371497516965,0.2539541609120851,61,14
18554,"Rai, Aaron",939,Torrey Pines Golf Course (South Course),sg_putt,0.23167856437183598,0.250902809224056,47,14
18554,"Rai, Aaron",656,Plantation Course at Kapalua,sg_putt,0.30920833461251684,0.2493034818571421,66,14
18554,"Rai, Aaron",770,TPC San Antonio - The Oaks Course,sg_putt,1.0860539710625232,0.2092149680103761,65,14
18554,"Rai, Aaron",3806,gary player cc,sg_total,1.6342100427654684,0.7399608042371892,9,14
18554,"Rai, Aaron",3782,himmerland golf & spa resort,sg_total,1.8165835197649407,0.6199143685374888,6,14
18554,"Rai, Aaron",3923,renaissance club,sg_total,2.6394807337380186,0.5928783795035246,11,14
18554,"Rai, Aaron",3768,emirates gc,sg_total,1.9021666361171812,0.5777376780409397,15,14
18554,"Rai, Aaron",3799,carnoustie,sg_total,2.5891529440351726,0.5354107429857184,17,14
18554,"Rai, Aaron",4136,abu dhabi gc,sg_total,0.7236323287382219,0.4622679329005842,16,14
18554,"Rai, Aaron",3769,royal greens,sg_total,1.4508108855992097,0.39080169811281146,13,14
18554,"Rai, Aaron",3864,montgomerie maxx royal,sg_total,0.0713153563236688,0.38635796586643784,12,14
18554,"Rai, Aaron",4012,wentworth golf club,sg_total,-1.4961533168757255,0.3066787846500394,22,14
18554,"Rai, Aaron",4226,wentworth golf club,sg_total,2.8023001362555933,0.2755500084702653,19,14
18554,"Rai, Aaron",3930,wentworth golf club,sg_total,-0.7877916661572887,0.24166447194612933,16,14
18554,"Rai, Aaron",3883,real club valderrama,sg_total,0.841380496445494,0.22869727197688575,8,14
18554,"Rai, Aaron",765,Port Royal Golf Course,sg_total,-0.6166826729671798,0.21903475661008806,32,14
14838,"Reed, Patrick",14,Augusta National Golf Club,sg_app,0.7274047858151633,0.7736761475774763,82,14
14838,"Reed, Patrick",1,Riyadh Golf Club,sg_app,0.0848706448058949,0.31801996537255167,18,14
14838,"Reed, Patrick",243,Trinity Forest Golf Club,sg_app,-0.0719907694975462,0.25273595885204997,20,14
14838,"Reed, Patrick",752,Sedgefield Country Club,sg_app,0.07908339152522553,0.23767202574518853,71,14
14838,"Reed, Patrick",14,Augusta National Golf Club,sg_arg,0.6808859292418566,0.80273953021156,82,14
14838,"Reed, Patrick",893,Muirfield Village Golf Club,sg_arg,0.7561153324748319,0.3097702017109532,42,14
14838,"Reed, Patrick",895,TPC Harding Park,sg_arg,1.2995921621449928,0.2882045494485807,53,14
14838,"Reed, Patrick",671,Valhalla Golf Club,sg_arg,0.3289883466098181,0.25939349272504586,64,14
14838,"Reed, Patrick",697,Ocean Course at Kiawah Island,sg_arg,0.8623915328418018,0.256396269939126,56,14
14838,"Reed, Patrick",899,The Summit Club,sg_arg,-0.34597185818861365,0.21864362606546872,41,14
14838,"Reed, Patrick",14,Augusta National Golf Club,sg_ott,0.36034003392117736,0.7971821910226405,82,14
14838,"Reed, Patrick",898,The Concession Golf Club,sg_ott,-0.020506229849306213,0.44290779618899423,36,14
14838,"Reed, Patrick",734,PGA National Resort (The Champion),sg_ott,0.5043434551601789,0.36739461231766535,52,14
14838,"Reed, Patrick",237,TPC Potomac at Avenel Farm,sg_ott,0.3853789089042526,0.3331917193714339,29,14
14838,"Reed, Patrick",348,Medinah Country Club (No. 3),sg_ott,-0.1271317273336073,0.32148389590928494,33,14
14838,"Reed, Patrick",895,TPC Harding Park,sg_ott,0.11656148849354381,0.31600204114959374,53,14
14838,"Reed, Patrick",500,The Riviera Country Club,sg_ott,-0.6500347062971552,0.31344071066821716,74,14
14838,"Reed, Patrick",885,Royal Portrush Golf Club,sg_ott,-1.5785385041423763,0.29174538441347864,59,14
14838,"Reed, Patrick",4,Torrey Pines Golf Course (South Course),sg_ott,-0.6918077382181573,0.24400336891272423,72,14
14838,"Reed, Patrick",5,Pebble Beach Golf Links,sg_ott,-0.8085581580121801,0.23550830830017516,66,14
14838,"Reed, Patrick",9,Arnold Palmer's Bay Hill Club & Lodge,sg_ott,-0.1388622765272066,0.23513602824986948,76,14
14838,"Reed, Patrick",880,Bethpage Black,sg_ott,0.6362235555032829,0.23089163398226123,43,14
14838,"Reed, Patrick",14,Augusta National Golf Club,sg_putt,0.44558028365393065,0.8018650209948042,82,14
14838,"Reed, Patrick",883,TPC Twin Cities,sg_putt,-0.2919503330117841,0.4580288740197177,62,14
14838,"Reed, Patrick",666,Pebble Beach Golf Links,sg_putt,-0.7464057201672294,0.39849228816856774,40,14
14838,"Reed, Patrick",898,The Concession Golf Club,sg_putt,0.4528972621149866,0.3611521317363,36,14
14838,"Reed, Patrick",538,TPC Summerlin,sg_putt,-0.8571365724033915,0.2539541609120851,61,14
14838,"Reed, Patrick",656,Plantation Course at Kapalua,sg_putt,1.1120303868198498,0.2493034818571421,66,14
14838,"Reed, Patrick",4186,emirates gc,sg_total,2.291145610342293,0.5545529225237957,14,14
14838,"Reed, Patrick",4728,royal golf club,sg_total,1.4519378536978085,0.5345195784858621,4,14
14838,"Reed, Patrick",4565,emirates gc,sg_total,0.7349867040731145,0.5207632347995059,12,14
14838,"Reed, Patrick",4603,kingsbarns golf links,sg_total,-0.12003472823838687,0.4693256868249047,14,14
14838,"Reed, Patrick",4591,club de campo villa de madrid,sg_total,0.4157873987680055,0.4544257583187024,8,14
14838,"Reed, Patrick",3769,royal greens,sg_total,-0.3106250144163497,0.39080169811281146,13,14
14838,"Reed, Patrick",3864,montgomerie maxx royal,sg_total,0.9906598297159753,0.38635796586643784,12,14
14838,"Reed, Patrick",4012,wentworth golf club,sg_total,1.6583586593592636,0.3066787846500394,22,14
14838,"Reed, Patrick",766,Sheshan International GC,sg_total,2.062362813236586,0.29712658077720794,31,14
14838,"Reed, Patrick",4727,emirates gc,sg_total,2.4639640808781675,0.2561750983846259,13,14
14838,"Reed, Patrick",3930,wentworth golf club,sg_total,1.4256263895253773,0.24166447194612933,16,14
14838,"Reed, Patrick",765,Port Royal Golf Course,sg_total,1.6076134296927636,0.21903475661008806,32,14
21407,"Reitan, Kristoffer",510,TPC Scottsdale (Stadium Course),sg_ott,0.7415830948079025,0.263277216668782,71,14
21407,"Reitan, Kristoffer",4,Torrey Pines Golf Course (South Course),sg_ott,-0.32674796581997567,0.24400336891272423,72,14
21407,"Reitan, Kristoffer",770,TPC San Antonio - The Oaks Course,sg_putt,-0.4204035373033464,0.2092149680103761,65,14
21407,"Reitan, Kristoffer",3782,himmerland golf & spa resort,sg_total,-0.074315906088953,0.6199143685374888,6,14
21407,"Reitan, Kristoffer",3768,emirates gc,sg_total,-2.7693852157144585,0.5777376780409397,15,14
21407,"Reitan, Kristoffer",3799,carnoustie,sg_total,2.8261438920292434,0.5354107429857184,17,14
21407,"Reitan, Kristoffer",3785,golfclub münchen eichenried,sg_total,-1.6849622804057913,0.5152468248252458,8,14
21407,"Reitan, Kristoffer",4603,kingsbarns golf links,sg_total,1.3624591313956533,0.4693256868249047,14,14
21407,"Reitan, Kristoffer",4591,club de campo villa de madrid,sg_total,-0.3842222115635836,0.4544257583187024,8,14
21407,"Reitan, Kristoffer",3961,london gc,sg_total,-3.416699338931979,0.4402434381579469,4,14
21407,"Reitan, Kristoffer",4012,wentworth golf club,sg_total,-2.659360630287961,0.3066787846500394,22,14
21407,"Reitan, Kristoffer",3883,real club valderrama,sg_total,0.9891136754385479,0.22869727197688575,8,14
21407,"Reitan, Kristoffer",4094,pga national cyprus course,sg_total,-1.5441463374109923,0.22616823587446197,4,14
21407,"Reitan, Kristoffer",3783,rinkven international gc,sg_total,2.5003908438008935,0.21917117839762362,4,14
19872,"Riley, Davis",14,Augusta National Golf Club,sg_app,2.165311504756138,0.7736761475774763,82,14
19872,"Riley, Davis",902,Congaree Golf Club,sg_app,1.3294792298309173,0.38362977587831365,46,14
19872,"Riley, Davis",752,Sedgefield Country Club,sg_app,0.6510517555678617,0.23767202574518853,71,14
19872,"Riley, Davis",552,Silverado Resort and Spa (North Course),sg_app,1.3015506650111346,0.21006662165402265,46,14
19872,"Riley, Davis",14,Augusta National Golf Club,sg_arg,0.0865796490046398,0.80273953021156,82,14
19872,"Riley, Davis",902,Congaree Golf Club,sg_arg,-0.47115400286747794,0.2135869634922663,46,14
19872,"Riley, Davis",14,Augusta National Golf Club,sg_ott,0.3775698102163425,0.7971821910226405,82,14
19872,"Riley, Davis",925,Dunes Golf and Beach Club,sg_ott,0.0841940582655068,0.40040260448741377,14,14
19872,"Riley, Davis",552,Silverado Resort and Spa (North Course),sg_ott,-0.01925370756745129,0.39175007433612835,46,14
19872,"Riley, Davis",734,PGA National Resort (The Champion),sg_ott,0.5303621662796235,0.36739461231766535,52,14
19872,"Riley, Davis",885,Royal Portrush Golf Club,sg_ott,0.36289096883128424,0.29174538441347864,59,14
19872,"Riley, Davis",510,TPC Scottsdale (Stadium Course),sg_ott,-0.4528378884069464,0.263277216668782,71,14
19872,"Riley, Davis",4,Torrey Pines Golf Course (South Course),sg_ott,-0.17813724714481508,0.24400336891272423,72,14
19872,"Riley, Davis",5,Pebble Beach Golf Links,sg_ott,-0.5890676772849435,0.23550830830017516,66,14
19872,"Riley, Davis",9,Arnold Palmer's Bay Hill Club & Lodge,sg_ott,0.25853955446121163,0.23513602824986948,76,14
19872,"Riley, Davis",894,TPC Craig Ranch,sg_ott,0.4656810130686497,0.23003219711697326,40,14
19872,"Riley, Davis",14,Augusta National Golf Club,sg_putt,0.24139386291242265,0.8018650209948042,82,14
19872,"Riley, Davis",883,TPC Twin Cities,sg_putt,-0.18629972980415493,0.4580288740197177,62,14
19872,"Riley, Davis",884,Keene Trace Golf Club (Champion Trace),sg_putt,-0.6995091922217894,0.29823307167770713,20,14
19872,"Riley, Davis",538,TPC Summerlin,sg_putt,0.5880931710796868,0.2539541609120851,61,14
19872,"Riley, Davis",656,Plantation Course at Kapalua,sg_putt,-0.037122848347993995,0.2493034818571421,66,14
19872,"Riley, Davis",770,TPC San Antonio - The Oaks Course,sg_putt,-0.6175658651913497,0.2092149680103761,65,14
19872,"Riley, Davis",936,Yokohama Country Club,sg_total,-3.5678956042863863,0.5483848316722366,17,14
19872,"Riley, Davis",765,Port Royal Golf Course,sg_total,0.8715904972155273,0.21903475661008806,32,14
6093,"Rose, Justin",14,Augusta National Golf Club,sg_app,0.47369762935358894,0.7736761475774763,82,14
6093,"Rose, Justin",752,Sedgefield Country Club,sg_app,-0.5698997381632748,0.23767202574518853,71,14
6093,"Rose, Justin",14,Augusta National Golf Club,sg_arg,-0.32954291653971163,0.80273953021156,82,14
6093,"Rose, Justin",893,Muirfield Village Golf Club,sg_arg,-1.3480922272297022,0.3097702017109532,42,14
6093,"Rose, Justin",895,TPC Harding Park,sg_arg,0.3280230208518753,0.2882045494485807,53,14
6093,"Rose, Justin",671,Valhalla Golf Club,sg_arg,-0.16509222292613604,0.25939349272504586,64,14
6093,"Rose, Justin",697,Ocean Course at Kiawah Island,sg_arg,-0.733158756786645,0.256396269939126,56,14
6093,"Rose, Justin",899,The Summit Club,sg_arg,-0.3789788117203769,0.21864362606546872,41,14
6093,"Rose, Justin",882,Caves Valley Golf Club,sg_arg,0.20387706296459193,0.2060169729940464,52,14
6093,"Rose, Justin",772,St. George's G&CC,sg_arg,-0.26976159604088296,0.20551408994170733,22,14
6093,"Rose, Justin",14,Augusta National Golf Club,sg_ott,0.03876393596022884,0.7971821910226405,82,14
6093,"Rose, Justin",898,The Concession Golf Club,sg_ott,-0.37737280360587716,0.44290779618899423,36,14
6093,"Rose, Justin",734,PGA National Resort (The Champion),sg_ott,-0.6051862424228427,0.36739461231766535,52,14
6093,"Rose, Justin",348,Medinah Country Club (No. 3),sg_ott,0.043483000216890555,0.32148389590928494,33,14
6093,"Rose, Justin",895,TPC Harding Park,sg_ott,-0.20317521211498826,0.31600204114959374,53,14
6093,"Rose, Justin",500,The Riviera Country Club,sg_ott,-0.2713475859991912,0.31344071066821716,74,14
6093,"Rose, Justin",885,Royal Portrush Golf Club,sg_ott,0.7684625876468262,0.29174538441347864,59,14
6093,"Rose, Justin",4,Torrey Pines Golf Course (South Course),sg_ott,-0.42626307792625046,0.24400336891272423,72,14
6093,"Rose, Justin",5,Pebble Beach Golf Links,sg_ott,0.34609487539955225,0.23550830830017516,66,14
6093,"Rose, Justin",9,Arnold Palmer's Bay Hill Club & Lodge,sg_ott,-0.43461641298258297,0.23513602824986948,76,14
6093,"Rose, Justin",880,Bethpage Black,sg_ott,0.6517251797908132,0.23089163398226123,43,14
6093,"Rose, Justin",939,Torrey Pines Golf Course (South Course),sg_ott,0.03221400535607688,0.20807044904004582,47,14
6093,"Rose, Justin",14,Augusta National Golf Club,sg_putt,1.0344552557070088,0.8018650209948042,82,14
6093,"Rose, Justin",666,Pebble Beach Golf Links,sg_putt,1.253923235113391,0.39849228816856774,40,14
6093,"Rose, Justin",772,St. George's G&CC,sg_putt,1.906498436970297,0.3642893747344121,22,14
6093,"Rose, Justin",898,The Concession Golf Club,sg_putt,-0.36207898137799166,0.3611521317363,36,14
6093,"Rose, Justin",939,Torrey Pines Golf Course (South Course),sg_putt,0.6744242062394277,0.250902809224056,47,14
6093,"Rose, Justin",656,Plantation Course at Kapalua,sg_putt,0.4609900833063622,0.2493034818571421,66,14
6093,"Rose, Justin",770,TPC San Antonio - The Oaks Course,sg_putt,0.23271496990541188,0.2092149680103761,65,14
6093,"Rose, Justin",3799,carnoustie,sg_total,0.5313600870401044,0.5354107429857184,17,14
6093,"Rose, Justin",4233,club de campo villa de madrid,sg_total,-2.214138844781794,0.466690332758001,5,14
6093,"Rose, Justin",4136,abu dhabi gc,sg_total,-1.5508555654938772,0.4622679329005842,16,14
6093,"Rose, Justin",3769,royal greens,sg_total,-0.8074850845689933,0.39080169811281146,13,14
6093,"Rose, Justin",3864,montgomerie maxx royal,sg_total,0.01766994487583705,0.38635796586643784,12,14
6093,"Rose, Justin",4208,brabazon course at the belfry,sg_total,0.15634530887425313,0.3616182042926758,5,14
6093,"Rose, Justin",4012,wentworth golf club,sg_total,-3.365573112041869,0.3066787846500394,22,14
6093,"Rose, Justin",766,Sheshan International GC,sg_total,-0.01845894786796344,0.29712658077720794,31,14
6093,"Rose, Justin",4226,wentworth golf club,sg_total,-1.072250389626237,0.2755500084702653,19,14
6093,"Rose, Justin",3930,wentworth golf club,sg_total,-0.40857105210572886,0.24166447194612933,16,14
19895,"Schauffele, Xander",14,Augusta National Golf Club,sg_app,0.15686297790248846,0.7736761475774763,82,14
19895,"Schauffele, Xander",250,Le Golf National,sg_app,-0.9559632213920652,0.2672679155122905,25,14
19895,"Schauffele, Xander",14,Augusta National Golf Club,sg_arg,0.07367856368507458,0.80273953021156,82,14
19895,"Schauffele, Xander",893,Muirfield Village Golf Club,sg_arg,-0.4841603697328793,0.3097702017109532,42,14
19895,"Schauffele, Xander",895,TPC Harding Park,sg_arg,0.4496571354357125,0.2882045494485807,53,14
19895,"Schauffele, Xander",671,Valhalla Golf Club,sg_arg,-0.07299125219099864,0.25939349272504586,64,14
19895,"Schauffele, Xander",697,Ocean Course at Kiawah Island,sg_arg,-1.9089177670659951,0.256396269939126,56,14
19895,"Schauffele, Xander",899,The Summit Club,sg_arg,0.1690680142107605,0.21864362606546872,41,14
19895,"Schauffele, Xander",882,Caves Valley Golf Club,sg_arg,-0.5125844702107141,0.2060169729940464,52,14
19895,"Schauffele, Xander",14,Augusta National Golf Club,sg_ott,0.10251404310180778,0.7971821910226405,82,14
19895,"Schauffele, Xander",933,East Lake Golf Club,sg_ott,-0.27786615974713536,0.5646762951604,25,14
19895,"Schauffele, Xander",898,The Concession Golf Club,sg_ott,-0.23955860430672465,0.44290779618899423,36,14
19895,"Schauffele, Xander",348,Medinah Country Club (No. 3),sg_ott,0.06179050359089118,0.32148389590928494,33,14
19895,"Schauffele, Xander",895,TPC Harding Park,sg_ott,0.47746446800475206,0.31600204114959374,53,14
19895,"Schauffele, Xander",500,The Riviera Country Club,sg_ott,0.047102443107039364,0.31344071066821716,74,14
19895,"Schauffele, Xander",885,Royal Portrush Golf Club,sg_ott,0.6706218845203635,0.29174538441347864,59,14
19895,"Schauffele, Xander",510,TPC Scottsdale (Stadium Course),sg_ott,0.4784506332650489,0.263277216668782,71,14
19895,"Schauffele, Xander",4,Torrey Pines Golf Course (South Course),sg_ott,-0.40188160021134195,0.24400336891272423,72,14
19895,"Schauffele, Xander",5,Pebble Beach Golf Links,sg_ott,0.36013527935888756,0.23550830830017516,66,14
19895,"Schauffele, Xander",9,Arnold Palmer's Bay Hill Club & Lodge,sg_ott,-0.1939131729019859,0.23513602824986948,76,14
19895,"Schauffele, Xander",880,Bethpage Black,sg_ott,0.5952033426518621,0.23089163398226123,43,14
19895,"Schauffele, Xander",894,TPC Craig Ranch,sg_ott,0.13884609945497717,0.23003219711697326,40,14
19895,"Schauffele, Xander",14,Augusta National Golf Club,sg_putt,-0.12315900182177372,0.8018650209948042,82,14
19895,"Schauffele, Xander",666,Pebble Beach Golf Links,sg_putt,1.3990897386477656,0.39849228816856774,40,14
19895,"Schauffele, Xander",898,The Concession Golf Club,sg_putt,-0.5348537355566793,0.3611521317363,36,14
19895,"Schauffele, Xander",656,Plantation Course at Kapalua,sg_putt,-0.5752900793069231,0.2493034818571421,66,14
19895,"Schauffele, Xander",936,Yokohama Country Club,sg_total,2.2351661607219966,0.5483848316722366,17,14
19895,"Schauffele, Xander",766,Sheshan International GC,sg_total,3.626125593885478,0.29712658077720794,31,14
18417,"Scheffler, Scottie",14,Augusta National Golf Club,sg_app,0.053666107929530825,0.7736761475774763,82,14
18417,"Scheffler, Scottie",902,Congaree Golf Club,sg_app,-0.40931665041153475,0.38362977587831365,46,14
18417,"Scheffler, Scottie",250,Le Golf National,sg_app,1.060342056143909,0.2672679155122905,25,14
18417,"Scheffler, Scottie",14,Augusta National Golf Club,sg_arg,0.9106392539250877,0.80273953021156,82,14
18417,"Scheffler, Scottie",893,Muirfield Village Golf Club,sg_arg,0.2908592233953643,0.3097702017109532,42,14
18417,"Scheffler, Scottie",895,TPC Harding Park,sg_arg,0.637233835509108,0.2882045494485807,53,14
18417,"Scheffler, Scottie",671,Valhalla Golf Club,sg_arg,-0.3942657038373824,0.25939349272504586,64,14
18417,"Scheffler, Scottie",697,Ocean Course at Kiawah Island,sg_arg,-0.24205746972511571,0.256396269939126,56,14
18417,"Scheffler, Scottie",899,The Summit Club,sg_arg,0.09212635283064745,0.21864362606546872,41,14
18417,"Scheffler, Scottie",902,Congaree Golf Club,sg_arg,-0.8946549998299994,0.2135869634922663,46,14
18417,"Scheffler, Scottie",882,Caves Valley Golf Club,sg_arg,0.6485421908249216,0.2060169729940464,52,14
18417,"Scheffler, Scottie",772,St. George's G&CC,sg_arg,0.010579604289138775,0.20551408994170733,22,14
18417,"Scheffler, Scottie",14,Augusta National Golf Club,sg_ott,-0.013875862908440548,0.7971821910226405,82,14
18417,"Scheffler, Scottie",933,East Lake Golf Club,sg_ott,0.26763540697452165,0.5646762951604,25,14
18417,"Scheffler, Scottie",898,The Concession Golf Club,sg_ott,0.08924516432679744,0.44290779618899423,36,14
18417,"Scheffler, Scottie",895,TPC Harding Park,sg_ott,0.46421903648968804,0.31600204114959374,53,14
18417,"Scheffler, Scottie",500,The Riviera Country Club,sg_ott,-0.17344143973457482,0.31344071066821716,74,14
18417,"Scheffler, Scottie",885,Royal Portrush Golf Club,sg_ott,-0.809368946319776,0.29174538441347864,59,14
18417,"Scheffler, Scottie",510,TPC Scottsdale (Stadium Course),sg_ott,0.06266842234663614,0.263277216668782,71,14
18417,"Scheffler, Scottie",4,Torrey Pines Golf Course (South Course),sg_ott,-1.3548981109023428,0.24400336891272423,72,14
18417,"Scheffler, Scottie",5,Pebble Beach Golf Links,sg_ott,-0.34200368416065735,0.23550830830017516,66,14
18417,"Scheffler, Scottie",9,Arnold Palmer's Bay Hill Club & Lodge,sg_ott,0.24876444400344896,0.23513602824986948,76,14
18417,"Scheffler, Scottie",894,TPC Craig Ranch,sg_ott,-0.06480409083173835,0.23003219711697326,40,14
18417,"Scheffler, Scottie",939,Torrey Pines Golf Course (South Course),sg_ott,-0.6475572708667705,0.20807044904004582,47,14
18417,"Scheffler, Scottie",14,Augusta National Golf Club,sg_putt,0.30801730134355465,0.8018650209948042,82,14
18417,"Scheffler, Scottie",772,St. George's G&CC,sg_putt,-0.4917292520067242,0.3642893747344121,22,14
18417,"Scheffler, Scottie",898,The Concession Golf Club,sg_putt,0.7576298387089226,0.3611521317363,36,14
18417,"Scheffler, Scottie",538,TPC Summerlin,sg_putt,0.24168809172506683,0.2539541609120851,61,14
18417,"Scheffler, Scottie",939,Torrey Pines Golf Course (South Course),sg_putt,0.32472342527126247,0.250902809224056,47,14
18417,"Scheffler, Scottie",656,Plantation Course at Kapalua,sg_putt,-0.0024941259743336275,0.2493034818571421,66,14
18417,"Scheffler, Scottie",770,TPC San Antonio - The Oaks Course,sg_putt,-0.9863502554569581,0.2092149680103761,65,14
7398,"Schwartzel, Charl",14,Augusta National Golf Club,sg_app,0.31964687314724516,0.7736761475774763,82,14
7398,"Schwartzel, Charl",1,Riyadh Golf Club,sg_app,-0.014765711170245804,0.31801996537255167,18,14
7398,"Schwartzel, Charl",752,Sedgefield Country Club,sg_app,-0.36760001500531175,0.23767202574518853,71,14
7398,"Schwartzel, Charl",552,Silverado Resort and Spa (North Course),sg_app,1.1299993797485521,0.21006662165402265,46,14
7398,"Schwartzel, Charl",14,Augusta National Golf Club,sg_arg,-0.2460976441098097,0.80273953021156,82,14
7398,"Schwartzel, Charl",893,Muirfield Village Golf Club,sg_arg,0.583436736443667,0.3097702017109532,42,14
7398,"Schwartzel, Charl",895,TPC Harding Park,sg_arg,0.2569816564821226,0.2882045494485807,53,14
7398,"Schwartzel, Charl",697,Ocean Course at Kiawah Island,sg_arg,0.4097231555339765,0.256396269939126,56,14
7398,"Schwartzel, Charl",899,The Summit Club,sg_arg,-0.676301897171855,0.21864362606546872,41,14
7398,"Schwartzel, Charl",882,Caves Valley Golf Club,sg_arg,0.33911688489874464,0.2060169729940464,52,14
7398,"Schwartzel, Charl",14,Augusta National Golf Club,sg_ott,0.01769127228643759,0.7971821910226405,82,14
7398,"Schwartzel, Charl",552,Silverado Resort and Spa (North Course),sg_ott,-0.07014715568426266,0.39175007433612835,46,14
7398,"Schwartzel, Charl",734,PGA National Resort (The Champion),sg_ott,-0.2267964973383115,0.36739461231766535,52,14
7398,"Schwartzel, Charl",237,TPC Potomac at Avenel Farm,sg_ott,1.1110310064268942,0.3331917193714339,29,14
7398,"Schwartzel, Charl",895,TPC Harding Park,sg_ott,0.1715410608745413,0.31600204114959374,53,14
7398,"Schwartzel, Charl",500,The Riviera Country Club,sg_ott,-0.48186541846884545,0.31344071066821716,74,14
7398,"Schwartzel, Charl",510,TPC Scottsdale (Stadium Course),sg_ott,0.2748499077676768,0.263277216668782,71,14
7398,"Schwartzel, Charl",4,Torrey Pines Golf Course (South Course),sg_ott,0.6992550065670119,0.24400336891272423,72,14
7398,"Schwartzel, Charl",5,Pebble Beach Golf Links,sg_ott,0.5043630870574649,0.23550830830017516,66,14
7398,"Schwartzel, Charl",9,Arnold Palmer's Bay Hill Club & Lodge,sg_ott,-1.2980063390064835,0.23513602824986948,76,14
7398,"Schwartzel, Charl",894,TPC Craig Ranch,sg_ott,0.8658991456237414,0.23003219711697326,40,14
7398,"Schwartzel, Charl",14,Augusta National Golf Club,sg_putt,-0.08317899059711402,0.8018650209948042,82,14
7398,"Schwartzel, Charl",883,TPC Twin Cities,sg_putt,1.3829574021599171,0.4580288740197177,62,14
7398,"Schwartzel, Charl",884,Keene Trace Golf Club (Champion Trace),sg_putt,0.24969066200963916,0.29823307167770713,20,14
7398,"Schwartzel, Charl",538,TPC Summerlin,sg_putt,0.20306899550947718,0.2539541609120851,61,14
7398,"Schwartzel, Charl",770,TPC San Antonio - The Oaks Course,sg_putt,0.09234011055853064,0.2092149680103761,65,14
7398,"Schwartzel, Charl",4193,kingsbarns golf links,sg_total,-2.5770933038067394,0.5515870234536338,15,14
7398,"Schwartzel, Charl",4367,leopard creek cc,sg_total,3.5112795996823483,0.31938231160898856,5,14
6430,"Scott, Adam",14,Augusta National Golf Club,sg_app,-0.04111794144678642,0.7736761475774763,82,14
6430,"Scott, Adam",752,Sedgefield Country Club,sg_app,0.04816871190861552,0.23767202574518853,71,14
6430,"Scott, Adam",552,Silverado Resort and Spa (North Course),sg_app,0.46286150218908184,0.21006662165402265,46,14
6430,"Scott, Adam",14,Augusta National Golf Club,sg_arg,0.02493983136377001,0.80273953021156,82,14
6430,"Scott, Adam",895,TPC Harding Park,sg_arg,0.19305592911215283,0.2882045494485807,53,14
6430,"Scott, Adam",671,Valhalla Golf Club,sg_arg,0.5456812728526237,0.25939349272504586,64,14
6430,"Scott, Adam",697,Ocean Course at Kiawah Island,sg_arg,-0.5439024257003742,0.256396269939126,56,14
6430,"Scott, Adam",899,The Summit Club,sg_arg,-0.18718013946047632,0.21864362606546872,41,14
6430,"Scott, Adam",14,Augusta National Golf Club,sg_ott,-0.3047669542874669,0.7971821910226405,82,14
6430,"Scott, Adam",933,East Lake Golf Club,sg_ott,0.2918301826957541,0.5646762951604,25,14
6430,"Scott, Adam",898,The Concession Golf Club,sg_ott,-1.3992915523692062,0.44290779618899423,36,14
6430,"Scott, Adam",552,Silverado Resort and Spa (North Course),sg_ott,-1.5733844253187041,0.39175007433612835,46,14
6430,"Scott, Adam",734,PGA National Resort (The Champion),sg_ott,0.40072818812454547,0.36739461231766535,52,14
6430,"Scott, Adam",348,Medinah Country Club (No. 3),sg_ott,0.05363950538196031,0.32148389590928494,33,14
6430,"Scott, Adam",895,TPC Harding Park,sg_ott,-0.20986738949216713,0.31600204114959374,53,14
6430,"Scott, Adam",500,The Riviera Country Club,sg_ott,0.22909766998707495,0.31344071066821716,74,14
6430,"Scott, Adam",885,Royal Portrush Golf Club,sg_ott,-1.6731134782310912,0.29174538441347864,59,14
6430,"Scott, Adam",510,TPC Scottsdale (Stadium Course),sg_ott,-0.09861849867849305,0.263277216668782,71,14
6430,"Scott, Adam",4,Torrey Pines Golf Course (South Course),sg_ott,0.34610548423340065,0.24400336891272423,72,14
6430,"Scott, Adam",5,Pebble Beach Golf Links,sg_ott,0.4493835038509905,0.23550830830017516,66,14
6430,"Scott, Adam",9,Arnold Palmer's Bay Hill Club & Lodge,sg_ott,-0.07197777936762798,0.23513602824986948,76,14
6430,"Scott, Adam",880,Bethpage Black,sg_ott,0.5991421604017539,0.23089163398226123,43,14
6430,"Scott, Adam",894,TPC Craig Ranch,sg_ott,0.5014543208452757,0.23003219711697326,40,14
6430,"Scott, Adam",939,Torrey Pines Golf Course (South Course),sg_ott,0.021233517116811686,0.20807044904004582,47,14
6430,"Scott, Adam",14,Augusta National Golf Club,sg_putt,-0.5403232371120894,0.8018650209948042,82,14
6430,"Scott, Adam",883,TPC Twin Cities,sg_putt,-0.7421003550466957,0.4580288740197177,62,14
6430,"Scott, Adam",666,Pebble Beach Golf Links,sg_putt,-0.12065145829567918,0.39849228816856774,40,14
6430,"Scott, Adam",898,The Concession Golf Club,sg_putt,0.5456303216777222,0.3611521317363,36,14
6430,"Scott, Adam",538,TPC Summerlin,sg_putt,0.37805407870640545,0.2539541609120851,61,14
6430,"Scott, Adam",939,Torrey Pines Golf Course (South Course),sg_putt,-1.0519315661405877,0.250902809224056,47,14
6430,"Scott, Adam",656,Plantation Course at Kapalua,sg_putt,-0.6762974948576633,0.2493034818571421,66,14
6430,"Scott, Adam",770,TPC San Antonio - The Oaks Course,sg_putt,1.5275674601852474,0.2092149680103761,65,14
6430,"Scott, Adam",936,Yokohama Country Club,sg_total,0.3436051525520916,0.5483848316722366,17,14
6430,"Scott, Adam",4565,emirates gc,sg_total,-1.2054977168551426,0.5207632347995059,12,14
6430,"Scott, Adam",4012,wentworth golf club,sg_total,-0.7656065173950428,0.3066787846500394,22,14
6430,"Scott, Adam",766,Sheshan International GC,sg_total,1.5980447218025502,0.29712658077720794,31,14
6430,"Scott, Adam",4226,wentworth golf club,sg_total,1.1639705845800508,0.2755500084702653,19,14
6430,"Scott, Adam",765,Port Royal Golf Course,sg_total,0.6691326984563954,0.21903475661008806,32,14
653,"Singh, Vijay",14,Augusta National Golf Club,sg_app,0.2382664894432605,0.7736761475774763,82,14
653,"Singh, Vijay",14,Augusta National Golf Club,sg_arg,-0.12756131930606446,0.80273953021156,82,14
653,"Singh, Vijay",893,Muirfield Village Golf Club,sg_arg,-0.12473080137835237,0.3097702017109532,42,14
653,"Singh, Vijay",14,Augusta National Golf Club,sg_ott,-0.5189444035281988,0.7971821910226405,82,14
653,"Singh, Vijay",734,PGA National Resort (The Champion),sg_ott,1.0650503632786614,0.36739461231766535,52,14
653,"Singh, Vijay",9,Arnold Palmer's Bay Hill Club & Lodge,sg_ott,0.5364016056589667,0.23513602824986948,76,14
653,"Singh, Vijay",14,Augusta National Golf Club,sg_putt,-0.1844927784718181,0.8018650209948042,82,14
15856,"Smith, Cameron",14,Augusta National Golf Club,sg_app,-0.4063680137038429,0.7736761475774763,82,14
15856,"Smith, Cameron",1,Riyadh Golf Club,sg_app,-0.1169135520310676,0.31801996537255167,18,14
15856,"Smith, Cameron",752,Sedgefield Country Club,sg_app,-0.4606511320284401,0.23767202574518853,71,14
15856,"Smith, Cameron",14,Augusta National Golf Club,sg_arg,0.1421972103176575,0.80273953021156,82,14
15856,"Smith, Cameron",895,TPC Harding Park,sg_arg,-0.05059432634092915,0.2882045494485807,53,14
15856,"Smith, Cameron",671,Valhalla Golf Club,sg_arg,1.0035683844856085,0.25939349272504586,64,14
15856,"Smith, Cameron",697,Ocean Course at Kiawah Island,sg_arg,-0.3435857773577281,0.256396269939126,56,14
15856,"Smith, Cameron",899,The Summit Club,sg_arg,-0.30126051927219705,0.21864362606546872,41,14
15856,"Smith, Cameron",882,Caves Valley Golf Club,sg_arg,-0.17814089340035888,0.2060169729940464,52,14
15856,"Smith, Cameron",772,St. George's G&CC,sg_arg,-0.36951582455767107,0.20551408994170733,22,14
15856,"Smith, Cameron",14,Augusta National Golf Club,sg_ott,-0.4116304383123276,0.7971821910226405,82,14
15856,"Smith, Cameron",898,The Concession Golf Club,sg_ott,-0.41646761689398176,0.44290779618899423,36,14
15856,"Smith, Cameron",734,PGA National Resort (The Champion),sg_ott,-0.10023708455680155,0.36739461231766535,52,14
15856,"Smith, Cameron",895,TPC Harding Park,sg_ott,-0.003394482411792153,0.31600204114959374,53,14
15856,"Smith, Cameron",500,The Riviera Country Club,sg_ott,-0.43227079884466263,0.31344071066821716,74,14
15856,"Smith, Cameron",885,Royal Portrush Golf Club,sg_ott,-2.1413628861839853,0.29174538441347864,59,14
15856,"Smith, Cameron",510,TPC Scottsdale (Stadium Course),sg_ott,-0.3568956711173162,0.263277216668782,71,14
15856,"Smith, Cameron",4,Torrey Pines Golf Course (South Course),sg_ott,-0.8455056351625605,0.24400336891272423,72,14
15856,"Smith, Cameron",880,Bethpage Black,sg_ott,0.026623656167521777,0.23089163398226123,43,14
15856,"Smith, Cameron",14,Augusta National Golf Club,sg_putt,0.7221682012878956,0.8018650209948042,82,14
15856,"Smith, Cameron",666,Pebble Beach Golf Links,sg_putt,0.17683386475879792,0.39849228816856774,40,14
15856,"Smith, Cameron",772,St. George's G&CC,sg_putt,-0.7202021300680801,0.3642893747344121,22,14
15856,"Smith, Cameron",898,The Concession Golf Club,sg_putt,1.80344555011455,0.3611521317363,36,14
15856,"Smith, Cameron",538,TPC Summerlin,sg_putt,0.952050566238964,0.2539541609120851,61,14
15856,"Smith, Cameron",656,Plantation Course at Kapalua,sg_putt,0.8713295963148209,0.2493034818571421,66,14
15856,"Smith, Cameron",4603,kingsbarns golf links,sg_total,0.4518180332635415,0.4693256868249047,14,14
15856,"Smith, Cameron",242,Nine Bridges,sg_total,3.090493429365275,0.32495436255033416,28,14
15856,"Smith, Cameron",766,Sheshan International GC,sg_total,-1.0647567749922968,0.29712658077720794,31,14
17536,"Spaun, J.J.",14,Augusta National Golf Club,sg_app,-0.6169884194314673,0.7736761475774763,82,14
17536,"Spaun, J.J.",902,Congaree Golf Club,sg_app,-0.8316070872518657,0.38362977587831365,46,14
17536,"Spaun, J.J.",243,Trinity Forest Golf Club,sg_app,-0.04467824885121385,0.25273595885204997,20,14
17536,"Spaun, J.J.",752,Sedgefield Country Club,sg_app,0.02760560987767008,0.23767202574518853,71,14
17536,"Spaun, J.J.",552,Silverado Resort and Spa (North Course),sg_app,-0.10531430661855395,0.21006662165402265,46,14
17536,"Spaun, J.J.",14,Augusta National Golf Club,sg_arg,-0.7079907607884939,0.80273953021156,82,14
17536,"Spaun, J.J.",893,Muirfield Village Golf Club,sg_arg,1.4431358291733771,0.3097702017109532,42,14
17536,"Spaun, J.J.",902,Congaree Golf Club,sg_arg,0.6508064838972909,0.2135869634922663,46,14
17536,"Spaun, J.J.",882,Caves Valley Golf Club,sg_arg,-0.07371162386785558,0.2060169729940464,52,14
17536,"Spaun, J.J.",772,St. George's G&CC,sg_arg,-0.002330083727743607,0.20551408994170733,22,14
17536,"Spaun, J.J.",14,Augusta National Golf Club,sg_ott,0.6527948851690677,0.7971821910226405,82,14
17536,"Spaun, J.J.",925,Dunes Golf and Beach Club,sg_ott,-0.03763683474503231,0.40040260448741377,14,14
17536,"Spaun, J.J.",552,Silverado Resort and Spa (North Course),sg_ott,0.3190628930160744,0.39175007433612835,46,14
17536,"Spaun, J.J.",734,PGA National Resort (The Champion),sg_ott,0.03743117066413372,0.36739461231766535,52,14
17536,"Spaun, J.J.",500,The Riviera Country Club,sg_ott,-0.20012644185427128,0.31344071066821716,74,14
17536,"Spaun, J.J.",885,Royal Portrush Golf Club,sg_ott,0.2620507045578376,0.29174538441347864,59,14
17536,"Spaun, J.J.",510,TPC Scottsdale (Stadium Course),sg_ott,-1.8675136663656922,0.263277216668782,71,14
17536,"Spaun, J.J.",4,Torrey Pines Golf Course (South Course),sg_ott,-0.02117446130995882,0.24400336891272423,72,14
17536,"Spaun, J.J.",5,Pebble Beach Golf Links,sg_ott,0.2219712823878633,0.23550830830017516,66,14
17536,"Spaun, J.J.",9,Arnold Palmer's Bay Hill Club & Lodge,sg_ott,0.12673243907081433,0.23513602824986948,76,14
17536,"Spaun, J.J.",880,Bethpage Black,sg_ott,-0.37139195117104196,0.23089163398226123,43,14
17536,"Spaun, J.J.",894,TPC Craig Ranch,sg_ott,-0.10884792253103996,0.23003219711697326,40,14
17536,"Spaun, J.J.",939,Torrey Pines Golf Course (South Course),sg_ott,-0.5071671134676019,0.20807044904004582,47,14
17536,"Spaun, J.J.",14,Augusta National Golf Club,sg_putt,0.5216798006858255,0.8018650209948042,82,14
17536,"Spaun, J.J.",660,Montreux Golf & Country Club,sg_putt,-0.32987805395730213,0.7234769291238938,11,14
17536,"Spaun, J.J.",883,TPC Twin Cities,sg_putt,0.8533059161078387,0.4580288740197177,62,14
17536,"Spaun, J.J.",772,St. George's G&CC,sg_putt,0.8242393991505227,0.3642893747344121,22,14
17536,"Spaun, J.J.",884,Keene Trace Golf Club (Champion Trace),sg_putt,-0.220216324364612,0.29823307167770713,20,14
17536,"Spaun, J.J.",538,TPC Summerlin,sg_putt,0.40258210532645516,0.2539541609120851,61,14
17536,"Spaun, J.J.",939,Torrey Pines Golf Course (South Course),sg_putt,0.06478309703798432,0.250902809224056,47,14
17536,"Spaun, J.J.",656,Plantation Course at Kapalua,sg_putt,0.7169580139555024,0.2493034818571421,66,14
17536,"Spaun, J.J.",770,TPC San Antonio - The Oaks Course,sg_putt,0.4159977854277339,0.2092149680103761,65,14
17536,"Spaun, J.J.",765,Port Royal Golf Course,sg_total,2.777516070934115,0.21903475661008806,32,14
14636,"Spieth, Jordan",14,Augusta National Golf Club,sg_app,-0.806649427289917,0.7736761475774763,82,14
14636,"Spieth, Jordan",902,Congaree Golf Club,sg_app,-1.112690564765151,0.38362977587831365,46,14
14636,"Spieth, Jordan",243,Trinity Forest Golf Club,sg_app,-0.024343581857760442,0.25273595885204997,20,14
14636,"Spieth, Jordan",752,Sedgefield Country Club,sg_app,-0.07005782735151125,0.23767202574518853,71,14
14636,"Spieth, Jordan",552,Silverado Resort and Spa (North Course),sg_app,-1.6960319085306657,0.21006662165402265,46,14
14636,"Spieth, Jordan",14,Augusta National Golf Club,sg_arg,0.20665391172191483,0.80273953021156,82,14
14636,"Spieth, Jordan",893,Muirfield Village Golf Club,sg_arg,0.4570138530086441,0.3097702017109532,42,14
14636,"Spieth, Jordan",895,TPC Harding Park,sg_arg,-0.12074517851807093,0.2882045494485807,53,14
14636,"Spieth, Jordan",671,Valhalla Golf Club,sg_arg,0.10675621022930584,0.25939349272504586,64,14
14636,"Spieth, Jordan",697,Ocean Course at Kiawah Island,sg_arg,0.980294951747898,0.256396269939126,56,14
14636,"Spieth, Jordan",899,The Summit Club,sg_arg,0.16477904906013444,0.21864362606546872,41,14
14636,"Spieth, Jordan",902,Congaree Golf Club,sg_arg,-0.03661667465441978,0.2135869634922663,46,14
14636,"Spieth, Jordan",882,Caves Valley Golf Club,sg_arg,-0.16670484881515607,0.2060169729940464,52,14
14636,"Spieth, Jordan",14,Augusta National Golf Club,sg_ott,0.31240665414160096,0.7971821910226405,82,14
14636,"Spieth, Jordan",552,Silverado Resort and Spa (North Course),sg_ott,-0.1407192023770898,0.39175007433612835,46,14
14636,"Spieth, Jordan",348,Medinah Country Club (No. 3),sg_ott,0.7080244855997045,0.32148389590928494,33,14
14636,"Spieth, Jordan",895,TPC Harding Park,sg_ott,0.1706007261787263,0.31600204114959374,53,14
14636,"Spieth, Jordan",500,The Riviera Country Club,sg_ott,-0.33415794285735684,0.31344071066821716,74,14
14636,"Spieth, Jordan",885,Royal Portrush Golf Club,sg_ott,0.4816206764763942,0.29174538441347864,59,14
14636,"Spieth, Jordan",510,TPC Scottsdale (Stadium Course),sg_ott,-0.17973549579852627,0.263277216668782,71,14
14636,"Spieth, Jordan",4,Torrey Pines Golf Course (South Course),sg_ott,-0.4697448040198493,0.24400336891272423,72,14
14636,"Spieth, Jordan",5,Pebble Beach Golf Links,sg_ott,-0.3403517598301523,0.23550830830017516,66,14
14636,"Spieth, Jordan",9,Arnold Palmer's Bay Hill Club & Lodge,sg_ott,-0.17532829225767965,0.23513602824986948,76,14
14636,"Spieth, Jordan",880,Bethpage Black,sg_ott,0.7483253758402068,0.23089163398226123,43,14
14636,"Spieth, Jordan",894,TPC Craig Ranch,sg_ott,0.5569280799881853,0.23003219711697326,40,14
14636,"Spieth, Jordan",939,Torrey Pines Golf Course (South Course),sg_ott,0.23641041476507635,0.20807044904004582,47,14
14636,"Spieth, Jordan",14,Augusta National Golf Club,sg_putt,0.4017017737456356,0.8018650209948042,82,14
14636,"Spieth, Jordan",666,Pebble Beach Golf Links,sg_putt,-0.6850112690123484,0.39849228816856774,40,14
14636,"Spieth, Jordan",939,Torrey Pines Golf Course (South Course),sg_putt,-0.36380087793857185,0.250902809224056,47,14
14636,"Spieth, Jordan",656,Plantation Course at Kapalua,sg_putt,0.8628662729887864,0.2493034818571421,66,14
14636,"Spieth, Jordan",770,TPC San Antonio - The Oaks Course,sg_putt,-0.4441999822740147,0.2092149680103761,65,14
14636,"Spieth, Jordan",242,Nine Bridges,sg_total,1.4353125207482214,0.32495436255033416,28,14
14636,"Spieth, Jordan",766,Sheshan International GC,sg_total,-0.6475882676945104,0.29712658077720794,31,14
25569,"Stevens, Sam",752,Sedgefield Country Club,sg_app,-1.1381044497560306,0.23767202574518853,71,14
25569,"Stevens, Sam",882,Caves Valley Golf Club,sg_arg,-0.38664556814535467,0.2060169729940464,52,14
25569,"Stevens, Sam",925,Dunes Golf and Beach Club,sg_ott,0.8584727281612922,0.40040260448741377,14,14
25569,"Stevens, Sam",734,PGA National Resort (The Champion),sg_ott,0.7989438416454872,0.36739461231766535,52,14
25569,"Stevens, Sam",500,The Riviera Country Club,sg_ott,-0.1668341053227788,0.31344071066821716,74,14
25569,"Stevens, Sam",510,TPC Scottsdale (Stadium Course),sg_ott,-0.011657564177290747,0.263277216668782,71,14
25569,"Stevens, Sam",4,Torrey Pines Golf Course (South Course),sg_ott,0.2641950689369734,0.24400336891272423,72,14
25569,"Stevens, Sam",5,Pebble Beach Golf Links,sg_ott,0.5338802935136125,0.23550830830017516,66,14
25569,"Stevens, Sam",9,Arnold Palmer's Bay Hill Club & Lodge,sg_ott,-0.028014413341367117,0.23513602824986948,76,14
25569,"Stevens, Sam",939,Torrey Pines Golf Course (South Course),sg_ott,-0.3050411147787295,0.20807044904004582,47,14
25569,"Stevens, Sam",883,TPC Twin Cities,sg_putt,1.1813622741773961,0.4580288740197177,62,14
25569,"Stevens, Sam",538,TPC Summerlin,sg_putt,-0.055166139140970655,0.2539541609120851,61,14
25569,"Stevens, Sam",939,Torrey Pines Golf Course (South Course),sg_putt,0.5234263682367162,0.250902809224056,47,14
25569,"Stevens, Sam",770,TPC San Antonio - The Oaks Course,sg_putt,0.9345568585454179,0.2092149680103761,65,14
25569,"Stevens, Sam",936,Yokohama Country Club,sg_total,-0.10504507740318655,0.5483848316722366,17,14
25569,"Stevens, Sam",641,Crestview Country Club,sg_total,1.9719383348669497,0.3635680382277454,4,14
25569,"Stevens, Sam",765,Port Royal Golf Course,sg_total,-1.7096007972335099,0.21903475661008806,32,14
17511,"Straka, Sepp",14,Augusta National Golf Club,sg_app,0.3635270820314135,0.7736761475774763,82,14
17511,"Straka, Sepp",902,Congaree Golf Club,sg_app,-0.6605277013251909,0.38362977587831365,46,14
17511,"Straka, Sepp",250,Le Golf National,sg_app,0.8141984612605289,0.2672679155122905,25,14
17511,"Straka, Sepp",243,Trinity Forest Golf Club,sg_app,0.5955601130726993,0.25273595885204997,20,14
17511,"Straka, Sepp",752,Sedgefield Country Club,sg_app,-0.6968462522957417,0.23767202574518853,71,14
17511,"Straka, Sepp",552,Silverado Resort and Spa (North Course),sg_app,-0.5035601690428146,0.21006662165402265,46,14
17511,"Straka, Sepp",14,Augusta National Golf Club,sg_arg,-0.1745575888341117,0.80273953021156,82,14
17511,"Straka, Sepp",893,Muirfield Village Golf Club,sg_arg,-0.11315985132127365,0.3097702017109532,42,14
17511,"Straka, Sepp",895,TPC Harding Park,sg_arg,-0.8702680423140468,0.2882045494485807,53,14
17511,"Straka, Sepp",671,Valhalla Golf Club,sg_arg,-0.918265871360219,0.25939349272504586,64,14
17511,"Straka, Sepp",902,Congaree Golf Club,sg_arg,0.11382452911325762,0.2135869634922663,46,14
17511,"Straka, Sepp",14,Augusta National Golf Club,sg_ott,-0.155237344119079,0.7971821910226405,82,14
17511,"Straka, Sepp",933,East Lake Golf Club,sg_ott,-0.8091573555531137,0.5646762951604,25,14
17511,"Straka, Sepp",552,Silverado Resort and Spa (North Course),sg_ott,-0.5376754706331673,0.39175007433612835,46,14
17511,"Straka, Sepp",734,PGA National Resort (The Champion),sg_ott,0.4253299218684814,0.36739461231766535,52,14
17511,"Straka, Sepp",237,TPC Potomac at Avenel Farm,sg_ott,0.7178714815828362,0.3331917193714339,29,14
17511,"Straka, Sepp",895,TPC Harding Park,sg_ott,0.6144008147263866,0.31600204114959374,53,14
17511,"Straka, Sepp",500,The Riviera Country Club,sg_ott,-0.3487557369925821,0.31344071066821716,74,14
17511,"Straka, Sepp",885,Royal Portrush Golf Club,sg_ott,0.5131984412399831,0.29174538441347864,59,14
17511,"Straka, Sepp",510,TPC Scottsdale (Stadium Course),sg_ott,-0.038630585230469736,0.263277216668782,71,14
17511,"Straka, Sepp",4,Torrey Pines Golf Course (South Course),sg_ott,0.09064000146113857,0.24400336891272423,72,14
17511,"Straka, Sepp",5,Pebble Beach Golf Links,sg_ott,0.44693793999544257,0.23550830830017516,66,14
17511,"Straka, Sepp",9,Arnold Palmer's Bay Hill Club & Lodge,sg_ott,-0.14821919514057197,0.23513602824986948,76,14
17511,"Straka, Sepp",894,TPC Craig Ranch,sg_ott,0.03224315561340917,0.23003219711697326,40,14
17511,"Straka, Sepp",939,Torrey Pines Golf Course (South Course),sg_ott,-0.7456627917051795,0.20807044904004582,47,14
17511,"Straka, Sepp",14,Augusta National Golf Club,sg_putt,-0.333370909097881,0.8018650209948042,82,14
17511,"Straka, Sepp",660,Montreux Golf & Country Club,sg_putt,-0.8045206490274059,0.7234769291238938,11,14
17511,"Straka, Sepp",883,TPC Twin Cities,sg_putt,0.016118919126507626,0.4580288740197177,62,14
17511,"Straka, Sepp",666,Pebble Beach Golf Links,sg_putt,0.04042107690121268,0.39849228816856774,40,14
17511,"Straka, Sepp",884,Keene Trace Golf Club (Champion Trace),sg_putt,0.7406265040596337,0.29823307167770713,20,14
17511,"Straka, Sepp",538,TPC Summerlin,sg_putt,-0.45937097668886706,0.2539541609120851,61,14
17511,"Straka, Sepp",939,Torrey Pines Golf Course (South Course),sg_putt,-1.1615249585403442,0.250902809224056,47,14
17511,"Straka, Sepp",656,Plantation Course at Kapalua,sg_putt,0.1538349372863401,0.2493034818571421,66,14
17511,"Straka, Sepp",770,TPC San Antonio - The Oaks Course,sg_putt,0.4183959855717748,0.2092149680103761,65,14
17511,"Straka, Sepp",4186,emirates gc,sg_total,-3.083022333841797,0.5545529225237957,14,14
17511,"Straka, Sepp",4226,wentworth golf club,sg_total,1.6195532620891908,0.2755500084702653,19,14
17511,"Straka, Sepp",765,Port Royal Golf Course,sg_total,0.3893356126853992,0.21903475661008806,32,14
13126,"Taylor, Nick",14,Augusta National Golf Club,sg_app,-1.4328830953924603,0.7736761475774763,82,14
13126,"Taylor, Nick",902,Congaree Golf Club,sg_app,-0.8799557075752865,0.38362977587831365,46,14
13126,"Taylor, Nick",250,Le Golf National,sg_app,0.8031145893502193,0.2672679155122905,25,14
13126,"Taylor, Nick",243,Trinity Forest Golf Club,sg_app,-2.0291939888176893,0.25273595885204997,20,14
13126,"Taylor, Nick",752,Sedgefield Country Club,sg_app,-0.3247218676275101,0.23767202574518853,71,14
13126,"Taylor, Nick",552,Silverado Resort and Spa (North Course),sg_app,0.34320911657654424,0.21006662165402265,46,14
13126,"Taylor, Nick",14,Augusta National Golf Club,sg_arg,-0.5707606721429177,0.80273953021156,82,14
13126,"Taylor, Nick",893,Muirfield Village Golf Club,sg_arg,-0.07301646703533954,0.3097702017109532,42,14
13126,"Taylor, Nick",895,TPC Harding Park,sg_arg,-0.23288900222045117,0.2882045494485807,53,14
13126,"Taylor, Nick",671,Valhalla Golf Club,sg_arg,-0.27846596090129816,0.25939349272504586,64,14
13126,"Taylor, Nick",902,Congaree Golf Club,sg_arg,0.8362121317490416,0.2135869634922663,46,14
13126,"Taylor, Nick",882,Caves Valley Golf Club,sg_arg,-0.11949777944908696,0.2060169729940464,52,14
13126,"Taylor, Nick",772,St. George's G&CC,sg_arg,0.23528252381938522,0.20551408994170733,22,14
13126,"Taylor, Nick",14,Augusta National Golf Club,sg_ott,0.3990657200107664,0.7971821910226405,82,14
13126,"Taylor, Nick",552,Silverado Resort and Spa (North Course),sg_ott,-0.12908065285661968,0.39175007433612835,46,14
13126,"Taylor, Nick",734,PGA National Resort (The Champion),sg_ott,-0.1312064149090383,0.36739461231766535,52,14
13126,"Taylor, Nick",237,TPC Potomac at Avenel Farm,sg_ott,0.31774544208543254,0.3331917193714339,29,14
13126,"Taylor, Nick",895,TPC Harding Park,sg_ott,-0.915524687212823,0.31600204114959374,53,14
13126,"Taylor, Nick",500,The Riviera Country Club,sg_ott,-0.05660521215459445,0.31344071066821716,74,14
13126,"Taylor, Nick",885,Royal Portrush Golf Club,sg_ott,0.556806590394464,0.29174538441347864,59,14
13126,"Taylor, Nick",510,TPC Scottsdale (Stadium Course),sg_ott,0.1657335779795261,0.263277216668782,71,14
13126,"Taylor, Nick",4,Torrey Pines Golf Course (South Course),sg_ott,-0.11566122942687784,0.24400336891272423,72,14
13126,"Taylor, Nick",5,Pebble Beach Golf Links,sg_ott,0.25347458826963987,0.23550830830017516,66,14
13126,"Taylor, Nick",9,Arnold Palmer's Bay Hill Club & Lodge,sg_ott,-0.1769643750956394,0.23513602824986948,76,14
13126,"Taylor, Nick",894,TPC Craig Ranch,sg_ott,-0.5888504497165347,0.23003219711697326,40,14
13126,"Taylor, Nick",939,Torrey Pines Golf Course (South Course),sg_ott,0.294734904475505,0.20807044904004582,47,14
13126,"Taylor, Nick",14,Augusta National Golf Club,sg_putt,-0.4701313211672403,0.8018650209948042,82,14
13126,"Taylor, Nick",883,TPC Twin Cities,sg_putt,0.830494718153602,0.4580288740197177,62,14
13126,"Taylor, Nick",666,Pebble Beach Golf Links,sg_putt,0.005836146797018844,0.39849228816856774,40,14
13126,"Taylor, Nick",772,St. George's G&CC,sg_putt,0.6224871854673227,0.3642893747344121,22,14
13126,"Taylor, Nick",884,Keene Trace Golf Club (Champion Trace),sg_putt,-0.6559153059636398,0.29823307167770713,20,14
13126,"Taylor, Nick",538,TPC Summerlin,sg_putt,-0.3251461721398017,0.2539541609120851,61,14
13126,"Taylor, Nick",939,Torrey Pines Golf Course (South Course),sg_putt,0.35480113663599017,0.250902809224056,47,14
13126,"Taylor, Nick",656,Plantation Course at Kapalua,sg_putt,-0.5210203783886486,0.2493034818571421,66,14
13126,"Taylor, Nick",770,TPC San Antonio - The Oaks Course,sg_putt,-0.10139475421882756,0.2092149680103761,65,14
13126,"Taylor, Nick",765,Port Royal Golf Course,sg_total,-1.7792742501460839,0.21903475661008806,32,14
14139,"Thomas, Justin",14,Augusta National Golf Club,sg_app,-0.5855327256667394,0.7736761475774763,82,14
14139,"Thomas, Justin",902,Congaree Golf Club,sg_app,-0.86061937147792,0.38362977587831365,46,14
14139,"Thomas, Justin",752,Sedgefield Country Club,sg_app,-0.6119804054477601,0.23767202574518853,71,14
14139,"Thomas, Justin",552,Silverado Resort and Spa (North Course),sg_app,0.07342616656112835,0.21006662165402265,46,14
14139,"Thomas, Justin",14,Augusta National Golf Club,sg_arg,0.26791907764562717,0.80273953021156,82,14
14139,"Thomas, Justin",893,Muirfield Village Golf Club,sg_arg,0.14114472035929412,0.3097702017109532,42,14
14139,"Thomas, Justin",895,TPC Harding Park,sg_arg,-0.20373996559107638,0.2882045494485807,53,14
14139,"Thomas, Justin",671,Valhalla Golf Club,sg_arg,1.0198298725192263,0.25939349272504586,64,14
14139,"Thomas, Justin",697,Ocean Course at Kiawah Island,sg_arg,-0.0796458738480407,0.256396269939126,56,14
14139,"Thomas, Justin",899,The Summit Club,sg_arg,0.331767210499707,0.21864362606546872,41,14
14139,"Thomas, Justin",902,Congaree Golf Club,sg_arg,0.3554921579536183,0.2135869634922663,46,14
14139,"Thomas, Justin",882,Caves Valley Golf Club,sg_arg,0.10950517315258887,0.2060169729940464,52,14
14139,"Thomas, Justin",772,St. George's G&CC,sg_arg,-0.18281147950783447,0.20551408994170733,22,14
14139,"Thomas, Justin",14,Augusta National Golf Club,sg_ott,-0.26141422424970334,0.7971821910226405,82,14
14139,"Thomas, Justin",933,East Lake Golf Club,sg_ott,0.39179448948482287,0.5646762951604,25,14
14139,"Thomas, Justin",898,The Concession Golf Club,sg_ott,-1.5377553802021682,0.44290779618899423,36,14
14139,"Thomas, Justin",552,Silverado Resort and Spa (North Course),sg_ott,-0.2870271559870099,0.39175007433612835,46,14
14139,"Thomas, Justin",734,PGA National Resort (The Champion),sg_ott,0.6005644790330695,0.36739461231766535,52,14
14139,"Thomas, Justin",348,Medinah Country Club (No. 3),sg_ott,0.4215758763521265,0.32148389590928494,33,14
14139,"Thomas, Justin",895,TPC Harding Park,sg_ott,-0.49793914485851865,0.31600204114959374,53,14
14139,"Thomas, Justin",500,The Riviera Country Club,sg_ott,-0.10735647713606869,0.31344071066821716,74,14
14139,"Thomas, Justin",885,Royal Portrush Golf Club,sg_ott,-1.2672943808491985,0.29174538441347864,59,14
14139,"Thomas, Justin",510,TPC Scottsdale (Stadium Course),sg_ott,0.5591851783619533,0.263277216668782,71,14
14139,"Thomas, Justin",4,Torrey Pines Golf Course (South Course),sg_ott,-0.6789154832768985,0.24400336891272423,72,14
14139,"Thomas, Justin",5,Pebble Beach Golf Links,sg_ott,-0.0809112816195171,0.23550830830017516,66,14
14139,"Thomas, Justin",9,Arnold Palmer's Bay Hill Club & Lodge,sg_ott,-0.8527178037502864,0.23513602824986948,76,14
14139,"Thomas, Justin",894,TPC Craig Ranch,sg_ott,-0.09251842685738942,0.23003219711697326,40,14
14139,"Thomas, Justin",939,Torrey Pines Golf Course (South Course),sg_ott,-0.15969477080287336,0.20807044904004582,47,14
14139,"Thomas, Justin",14,Augusta National Golf Club,sg_putt,-0.23282465337844555,0.8018650209948042,82,14
14139,"Thomas, Justin",883,TPC Twin Cities,sg_putt,-0.23418343783129497,0.4580288740197177,62,14
14139,"Thomas, Justin",666,Pebble Beach Golf Links,sg_putt,-1.2295600327335727,0.39849228816856774,40,14
14139,"Thomas, Justin",772,St. George's G&CC,sg_putt,0.5020405491173511,0.3642893747344121,22,14
14139,"Thomas, Justin",898,The Concession Golf Club,sg_putt,0.30495387780925676,0.3611521317363,36,14
14139,"Thomas, Justin",939,Torrey Pines Golf Course (South Course),sg_putt,0.14706600775105677,0.250902809224056,47,14
14139,"Thomas, Justin",656,Plantation Course at Kapalua,sg_putt,0.30947757451937197,0.2493034818571421,66,14
14139,"Thomas, Justin",4136,abu dhabi gc,sg_total,-2.3230236191321834,0.4622679329005842,16,14
14139,"Thomas, Justin",242,Nine Bridges,sg_total,2.9308267156781724,0.32495436255033416,28,14
23816,"Valimaki, Sami",250,Le Golf National,sg_app,-0.04990376683422303,0.2672679155122905,25,14
23816,"Valimaki, Sami",752,Sedgefield Country Club,sg_app,1.3962946935678553,0.23767202574518853,71,14
23816,"Valimaki, Sami",671,Valhalla Golf Club,sg_arg,1.1518757759051783,0.25939349272504586,64,14
23816,"Valimaki, Sami",925,Dunes Golf and Beach Club,sg_ott,-0.041586126666861456,0.40040260448741377,14,14
23816,"Valimaki, Sami",500,The Riviera Country Club,sg_ott,0.2816733757836688,0.31344071066821716,74,14
23816,"Valimaki, Sami",510,TPC Scottsdale (Stadium Course),sg_ott,-0.14957302627054678,0.263277216668782,71,14
23816,"Valimaki, Sami",4,Torrey Pines Golf Course (South Course),sg_ott,0.5082421107061742,0.24400336891272423,72,14
23816,"Valimaki, Sami",5,Pebble Beach Golf Links,sg_ott,-0.14987931791564105,0.23550830830017516,66,14
23816,"Valimaki, Sami",9,Arnold Palmer's Bay Hill Club & Lodge,sg_ott,0.6781454313472447,0.23513602824986948,76,14
23816,"Valimaki, Sami",883,TPC Twin Cities,sg_putt,-0.1867305527491266,0.4580288740197177,62,14
23816,"Valimaki, Sami",538,TPC Summerlin,sg_putt,-0.8464578545204953,0.2539541609120851,61,14
23816,"Valimaki, Sami",770,TPC San Antonio - The Oaks Course,sg_putt,0.4972110197316154,0.2092149680103761,65,14
23816,"Valimaki, Sami",3990,brabazon course at the belfry,sg_total,-3.1003508553930548,0.7847626944506246,6,14
23816,"Valimaki, Sami",3881,old course st andrews,sg_total,1.4325164141554187,0.7009631684181491,11,14
23816,"Valimaki, Sami",3973,dom pedro victoria golf course,sg_total,-1.5109598641444877,0.6684841083910467,4,14
23816,"Valimaki, Sami",3974,carnoustie,sg_total,0.1465164141554188,0.6580855714298015,11,14
23816,"Valimaki, Sami",3937,real club valderrama,sg_total,1.6343219381858904,0.6147261793285458,4,14
23816,"Valimaki, Sami",3923,renaissance club,sg_total,-0.8441514205029103,0.5928783795035246,11,14
23816,"Valimaki, Sami",4186,emirates gc,sg_total,-1.2298403369595476,0.5545529225237957,14,14
23816,"Valimaki, Sami",4193,kingsbarns golf links,sg_total,2.9097421202407143,0.5515870234536338,15,14
23816,"Valimaki, Sami",936,Yokohama Country Club,sg_total,-2.539749581980302,0.5483848316722366,17,14
23816,"Valimaki, Sami",4233,club de campo villa de madrid,sg_total,-0.1134089873234276,0.466690332758001,5,14
23816,"Valimaki, Sami",3946,marco simone gc,sg_total,0.8076721627711575,0.4630130682796136,8,14
23816,"Valimaki, Sami",4136,abu dhabi gc,sg_total,-4.322596756363849,0.4622679329005842,16,14
23816,"Valimaki, Sami",3961,london gc,sg_total,0.1601792081679719,0.4402434381579469,4,14
23816,"Valimaki, Sami",3982,al hamra gc,sg_total,-0.8153251151653232,0.3759615240948637,6,14
23816,"Valimaki, Sami",4208,brabazon course at the belfry,sg_total,0.4894933499748797,0.3616182042926758,5,14
23816,"Valimaki, Sami",4223,albatross golf resort,sg_total,1.9360626390626028,0.36102331187471937,6,14
23816,"Valimaki, Sami",4012,wentworth golf club,sg_total,-0.2032251987529287,0.3066787846500394,22,14
23816,"Valimaki, Sami",4017,real club valderrama,sg_total,-1.3298855982899866,0.2761115184072146,6,14
23816,"Valimaki, Sami",4226,wentworth golf club,sg_total,-1.7273626591727262,0.2755500084702653,19,14
23816,"Valimaki, Sami",3930,wentworth golf club,sg_total,2.4877817001803573,0.24166447194612933,16,14
23816,"Valimaki, Sami",3883,real club valderrama,sg_total,1.6413792389699517,0.22869727197688575,8,14
23816,"Valimaki, Sami",4094,pga national cyprus course,sg_total,2.3677727242098654,0.22616823587446197,4,14
23816,"Valimaki, Sami",765,Port Royal Golf Course,sg_total,0.8611074545175555,0.21903475661008806,32,14
23816,"Valimaki, Sami",3976,fire course,sg_total,-1.0003984167607178,0.20621236218043165,6,14
7334,"Watson, Bubba",14,Augusta National Golf Club,sg_app,-0.48401710607288617,0.7736761475774763,82,14
7334,"Watson, Bubba",1,Riyadh Golf Club,sg_app,0.09156366500122572,0.31801996537255167,18,14
7334,"Watson, Bubba",752,Sedgefield Country Club,sg_app,0.4162393495552328,0.23767202574518853,71,14
7334,"Watson, Bubba",14,Augusta National Golf Club,sg_arg,-0.4193189254549869,0.80273953021156,82,14
7334,"Watson, Bubba",893,Muirfield Village Golf Club,sg_arg,-0.7371732061104389,0.3097702017109532,42,14
7334,"Watson, Bubba",895,TPC Harding Park,sg_arg,-0.3811824987859005,0.2882045494485807,53,14
7334,"Watson, Bubba",697,Ocean Course at Kiawah Island,sg_arg,0.09950323041974685,0.256396269939126,56,14
7334,"Watson, Bubba",14,Augusta National Golf Club,sg_ott,0.12278569609279076,0.7971821910226405,82,14
7334,"Watson, Bubba",898,The Concession Golf Club,sg_ott,-0.8276592180412468,0.44290779618899423,36,14
7334,"Watson, Bubba",895,TPC Harding Park,sg_ott,0.23214433435190507,0.31600204114959374,53,14
7334,"Watson, Bubba",500,The Riviera Country Club,sg_ott,-0.15751154532996792,0.31344071066821716,74,14
7334,"Watson, Bubba",510,TPC Scottsdale (Stadium Course),sg_ott,-0.12242261861615596,0.263277216668782,71,14
7334,"Watson, Bubba",4,Torrey Pines Golf Course (South Course),sg_ott,0.025464263907390518,0.24400336891272423,72,14
7334,"Watson, Bubba",9,Arnold Palmer's Bay Hill Club & Lodge,sg_ott,0.22838486618840065,0.23513602824986948,76,14
7334,"Watson, Bubba",880,Bethpage Black,sg_ott,1.5654856959550527,0.23089163398226123,43,14
7334,"Watson, Bubba",894,TPC Craig Ranch,sg_ott,-0.8139202328071985,0.23003219711697326,40,14
7334,"Watson, Bubba",14,Augusta National Golf Club,sg_putt,0.1697788953356024,0.8018650209948042,82,14
7334,"Watson, Bubba",883,TPC Twin Cities,sg_putt,0.024727940955190097,0.4580288740197177,62,14
7334,"Watson, Bubba",666,Pebble Beach Golf Links,sg_putt,-0.9670597227541048,0.39849228816856774,40,14
7334,"Watson, Bubba",898,The Concession Golf Club,sg_putt,-0.49319705501645994,0.3611521317363,36,14
7334,"Watson, Bubba",538,TPC Summerlin,sg_putt,0.9187303320594389,0.2539541609120851,61,14
7334,"Watson, Bubba",4603,kingsbarns golf links,sg_total,1.6519354253075589,0.4693256868249047,14,14
7334,"Watson, Bubba",766,Sheshan International GC,sg_total,1.0609044156586913,0.29712658077720794,31,14
5513,"Weir, Mike",14,Augusta National Golf Club,sg_app,0.5734710450616023,0.7736761475774763,82,14
5513,"Weir, Mike",752,Sedgefield Country Club,sg_app,-0.15119048657009013,0.23767202574518853,71,14
5513,"Weir, Mike",14,Augusta National Golf Club,sg_arg,0.6063895449231954,0.80273953021156,82,14
5513,"Weir, Mike",772,St. George's G&CC,sg_arg,-0.6629435744655827,0.20551408994170733,22,14
5513,"Weir, Mike",14,Augusta National Golf Club,sg_ott,0.32158474307405116,0.7971821910226405,82,14
5513,"Weir, Mike",14,Augusta National Golf Club,sg_putt,-0.8327837708286598,0.8018650209948042,82,14
5513,"Weir, Mike",660,Montreux Golf & Country Club,sg_putt,-2.0237055570934217,0.7234769291238938,11,14
5513,"Weir, Mike",666,Pebble Beach Golf Links,sg_putt,-0.07503198886377338,0.39849228816856774,40,14
5513,"Weir, Mike",772,St. George's G&CC,sg_putt,2.3959605056812827,0.3642893747344121,22,14
5513,"Weir, Mike",884,Keene Trace Golf Club (Champion Trace),sg_putt,-1.9888920431241341,0.29823307167770713,20,14
12920,"Willett, Danny",14,Augusta National Golf Club,sg_app,0.636939509791564,0.7736761475774763,82,14
12920,"Willett, Danny",902,Congaree Golf Club,sg_app,-0.487577177906471,0.38362977587831365,46,14
12920,"Willett, Danny",752,Sedgefield Country Club,sg_app,-0.6628322963664299,0.23767202574518853,71,14
12920,"Willett, Danny",552,Silverado Resort and Spa (North Course),sg_app,1.0386542015007814,0.21006662165402265,46,14
12920,"Willett, Danny",14,Augusta National Golf Club,sg_arg,-0.5667461181907292,0.80273953021156,82,14
12920,"Willett, Danny",895,TPC Harding Park,sg_arg,0.45469172249224205,0.2882045494485807,53,14
12920,"Willett, Danny",697,Ocean Course at Kiawah Island,sg_arg,1.1027904667287427,0.256396269939126,56,14
12920,"Willett, Danny",902,Congaree Golf Club,sg_arg,-0.15786932196388379,0.2135869634922663,46,14
12920,"Willett, Danny",772,St. George's G&CC,sg_arg,-1.0170305143089078,0.20551408994170733,22,14
12920,"Willett, Danny",14,Augusta National Golf Club,sg_ott,0.09670508333579,0.7971821910226405,82,14
12920,"Willett, Danny",552,Silverado Resort and Spa (North Course),sg_ott,0.4041577129947892,0.39175007433612835,46,14
12920,"Willett, Danny",734,PGA National Resort (The Champion),sg_ott,-0.03532218933952891,0.36739461231766535,52,14
12920,"Willett, Danny",895,TPC Harding Park,sg_ott,-0.27919525347209817,0.31600204114959374,53,14
12920,"Willett, Danny",500,The Riviera Country Club,sg_ott,0.4855994692807347,0.31344071066821716,74,14
12920,"Willett, Danny",4,Torrey Pines Golf Course (South Course),sg_ott,0.60965228898979,0.24400336891272423,72,14
12920,"Willett, Danny",5,Pebble Beach Golf Links,sg_ott,0.07742038329400647,0.23550830830017516,66,14
12920,"Willett, Danny",9,Arnold Palmer's Bay Hill Club & Lodge,sg_ott,0.2530728028619913,0.23513602824986948,76,14
12920,"Willett, Danny",880,Bethpage Black,sg_ott,0.777887578686714,0.23089163398226123,43,14
12920,"Willett, Danny",894,TPC Craig Ranch,sg_ott,-0.38815805159488503,0.23003219711697326,40,14
12920,"Willett, Danny",14,Augusta National Golf Club,sg_putt,0.648079382841421,0.8018650209948042,82,14
12920,"Willett, Danny",883,TPC Twin Cities,sg_putt,0.9050753211876815,0.4580288740197177,62,14
12920,"Willett, Danny",666,Pebble Beach Golf Links,sg_putt,1.1558612049499788,0.39849228816856774,40,14
12920,"Willett, Danny",772,St. George's G&CC,sg_putt,1.4055191841207795,0.3642893747344121,22,14
12920,"Willett, Danny",538,TPC Summerlin,sg_putt,-1.2367552216986655,0.2539541609120851,61,14
12920,"Willett, Danny",770,TPC San Antonio - The Oaks Course,sg_putt,-0.8665432433869565,0.2092149680103761,65,14
12920,"Willett, Danny",3990,brabazon course at the belfry,sg_total,1.37426640695996,0.7847626944506246,6,14
12920,"Willett, Danny",3881,old course st andrews,sg_total,3.3663599731363574,0.7009631684181491,11,14
12920,"Willett, Danny",3974,carnoustie,sg_total,3.7423599731363573,0.6580855714298015,11,14
12920,"Willett, Danny",3923,renaissance club,sg_total,-0.7835885476924639,0.5928783795035246,11,14
12920,"Willett, Danny",4193,kingsbarns golf links,sg_total,-0.6374107050623516,0.5515870234536338,15,14
12920,"Willett, Danny",3799,carnoustie,sg_total,-1.798583536112631,0.5354107429857184,17,14
12920,"Willett, Danny",4603,kingsbarns golf links,sg_total,-0.953239702349531,0.4693256868249047,14,14
12920,"Willett, Danny",4136,abu dhabi gc,sg_total,1.1881558838590314,0.4622679329005842,16,14
12920,"Willett, Danny",4591,club de campo villa de madrid,sg_total,-0.47415538488847353,0.4544257583187024,8,14
12920,"Willett, Danny",3864,montgomerie maxx royal,sg_total,0.15776552125123863,0.38635796586643784,12,14
12920,"Willett, Danny",3982,al hamra gc,sg_total,0.5719628611430985,0.3759615240948637,6,14
12920,"Willett, Danny",242,Nine Bridges,sg_total,0.03865709812817569,0.32495436255033416,28,14
12920,"Willett, Danny",4012,wentworth golf club,sg_total,-1.713134374195409,0.3066787846500394,22,14
12920,"Willett, Danny",766,Sheshan International GC,sg_total,-2.719695118130922,0.29712658077720794,31,14
12920,"Willett, Danny",4226,wentworth golf club,sg_total,-0.08383489185961379,0.2755500084702653,19,14
12920,"Willett, Danny",4727,emirates gc,sg_total,-2.4125494924815816,0.2561750983846259,13,14
12920,"Willett, Danny",3930,wentworth golf club,sg_total,0.7674755451690699,0.24166447194612933,16,14
12920,"Willett, Danny",765,Port Royal Golf Course,sg_total,-0.5977321469094515,0.21903475661008806,32,14
16841,"Woo Lee, Min",3881,old course st andrews,sg_total,-1.2433301112980186,0.7009631684181491,11,14
16841,"Woo Lee, Min",3973,dom pedro victoria golf course,sg_total,2.2394770290792305,0.6684841083910467,4,14
16841,"Woo Lee, Min",3974,carnoustie,sg_total,-0.3673301112980186,0.6580855714298015,11,14
16841,"Woo Lee, Min",3866,golfclub münchen eichenried,sg_total,0.5920601869991833,0.5951110641039311,7,14
16841,"Woo Lee, Min",3923,renaissance club,sg_total,1.0521929868135078,0.5928783795035246,11,14
16841,"Woo Lee, Min",4186,emirates gc,sg_total,0.7014281464444052,0.5545529225237957,14,14
16841,"Woo Lee, Min",3799,carnoustie,sg_total,2.352859214723785,0.5354107429857184,17,14
16841,"Woo Lee, Min",4565,emirates gc,sg_total,-0.07701136425517185,0.5207632347995059,12,14
16841,"Woo Lee, Min",4030,gary player cc,sg_total,0.8596097713806958,0.4822650846362146,6,14
16841,"Woo Lee, Min",3946,marco simone gc,sg_total,2.096917524591725,0.4630130682796136,8,14
16841,"Woo Lee, Min",4136,abu dhabi gc,sg_total,0.2111204916633188,0.4622679329005842,16,14
16841,"Woo Lee, Min",3769,royal greens,sg_total,4.192442176890769,0.39080169811281146,13,14
16841,"Woo Lee, Min",4208,brabazon course at the belfry,sg_total,0.08190791505585382,0.3616182042926758,5,14
16841,"Woo Lee, Min",4012,wentworth golf club,sg_total,0.4943171746441387,0.3066787846500394,22,14
16841,"Woo Lee, Min",4017,real club valderrama,sg_total,3.013739788335738,0.2761115184072146,6,14
16841,"Woo Lee, Min",4226,wentworth golf club,sg_total,0.927728208041658,0.2755500084702653,19,14
16841,"Woo Lee, Min",3930,wentworth golf club,sg_total,-1.8349539502479826,0.24166447194612933,16,14
16841,"Woo Lee, Min",3883,real club valderrama,sg_total,2.467154635396497,0.22869727197688575,8,14
16841,"Woo Lee, Min",3976,fire course,sg_total,1.8983018841277624,0.20621236218043165,6,14
12577,"Woodland, Gary",14,Augusta National Golf Club,sg_app,0.2225650302994729,0.7736761475774763,82,14
12577,"Woodland, Gary",902,Congaree Golf Club,sg_app,-0.19384414849173753,0.38362977587831365,46,14
12577,"Woodland, Gary",752,Sedgefield Country Club,sg_app,0.1601502258365511,0.23767202574518853,71,14
12577,"Woodland, Gary",552,Silverado Resort and Spa (North Course),sg_app,0.9644064319202339,0.21006662165402265,46,14
12577,"Woodland, Gary",14,Augusta National Golf Club,sg_arg,-0.5897181582712316,0.80273953021156,82,14
12577,"Woodland, Gary",893,Muirfield Village Golf Club,sg_arg,-0.0872074145629614,0.3097702017109532,42,14
12577,"Woodland, Gary",895,TPC Harding Park,sg_arg,0.5906571706093946,0.2882045494485807,53,14
12577,"Woodland, Gary",671,Valhalla Golf Club,sg_arg,-0.7004733770301975,0.25939349272504586,64,14
12577,"Woodland, Gary",697,Ocean Course at Kiawah Island,sg_arg,0.3701898957097592,0.256396269939126,56,14
12577,"Woodland, Gary",899,The Summit Club,sg_arg,0.3880231646533785,0.21864362606546872,41,14
12577,"Woodland, Gary",902,Congaree Golf Club,sg_arg,-2.3296655148429903,0.2135869634922663,46,14
12577,"Woodland, Gary",14,Augusta National Golf Club,sg_ott,-0.6091991514979176,0.7971821910226405,82,14
12577,"Woodland, Gary",898,The Concession Golf Club,sg_ott,0.055533731980364875,0.44290779618899423,36,14
12577,"Woodland, Gary",552,Silverado Resort and Spa (North Course),sg_ott,-1.01384807909606,0.39175007433612835,46,14
12577,"Woodland, Gary",734,PGA National Resort (The Champion),sg_ott,0.07273605341904454,0.36739461231766535,52,14
12577,"Woodland, Gary",237,TPC Potomac at Avenel Farm,sg_ott,-0.5035825764215671,0.3331917193714339,29,14
12577,"Woodland, Gary",348,Medinah Country Club (No. 3),sg_ott,-0.3751324884159513,0.32148389590928494,33,14
12577,"Woodland, Gary",895,TPC Harding Park,sg_ott,0.2508775635720849,0.31600204114959374,53,14
12577,"Woodland, Gary",500,The Riviera Country Club,sg_ott,0.5195088450183234,0.31344071066821716,74,14
12577,"Woodland, Gary",510,TPC Scottsdale (Stadium Course),sg_ott,-0.48558093636878746,0.263277216668782,71,14
12577,"Woodland, Gary",4,Torrey Pines Golf Course (South Course),sg_ott,0.715324803926972,0.24400336891272423,72,14
12577,"Woodland, Gary",5,Pebble Beach Golf Links,sg_ott,-0.2948244307108597,0.23550830830017516,66,14
12577,"Woodland, Gary",9,Arnold Palmer's Bay Hill Club & Lodge,sg_ott,0.42152390002855017,0.23513602824986948,76,14
12577,"Woodland, Gary",880,Bethpage Black,sg_ott,0.766559519116859,0.23089163398226123,43,14
12577,"Woodland, Gary",939,Torrey Pines Golf Course (South Course),sg_ott,0.18535929920790978,0.20807044904004582,47,14
12577,"Woodland, Gary",14,Augusta National Golf Club,sg_putt,-0.3427133569771711,0.8018650209948042,82,14
12577,"Woodland, Gary",883,TPC Twin Cities,sg_putt,-0.5119540834305483,0.4580288740197177,62,14
12577,"Woodland, Gary",666,Pebble Beach Golf Links,sg_putt,1.9219757633287693,0.39849228816856774,40,14
12577,"Woodland, Gary",898,The Concession Golf Club,sg_putt,0.808840327132618,0.3611521317363,36,14
12577,"Woodland, Gary",538,TPC Summerlin,sg_putt,0.6084041800972521,0.2539541609120851,61,14
12577,"Woodland, Gary",939,Torrey Pines Golf Course (South Course),sg_putt,-0.9586189384086942,0.250902809224056,47,14
12577,"Woodland, Gary",656,Plantation Course at Kapalua,sg_putt,0.7047204217135491,0.2493034818571421,66,14
12577,"Woodland, Gary",770,TPC San Antonio - The Oaks Course,sg_putt,0.01811880984695652,0.2092149680103761,65,14
12577,"Woodland, Gary",936,Yokohama Country Club,sg_total,-2.5055621178201695,0.5483848316722366,17,14
12577,"Woodland, Gary",242,Nine Bridges,sg_total,2.344311085256104,0.32495436255033416,28,14
26651,"Young, Cameron",14,Augusta National Golf Club,sg_app,-0.26585738846025875,0.7736761475774763,82,14
26651,"Young, Cameron",902,Congaree Golf Club,sg_app,1.4215213889766163,0.38362977587831365,46,14
26651,"Young, Cameron",752,Sedgefield Country Club,sg_app,0.42954799505445684,0.23767202574518853,71,14
26651,"Young, Cameron",14,Augusta National Golf Club,sg_arg,-0.38630009694835965,0.80273953021156,82,14
26651,"Young, Cameron",671,Valhalla Golf Club,sg_arg,0.706645211981008,0.25939349272504586,64,14
26651,"Young, Cameron",902,Congaree Golf Club,sg_arg,0.16300939673239534,0.2135869634922663,46,14
26651,"Young, Cameron",882,Caves Valley Golf Club,sg_arg,0.8601521050475219,0.2060169729940464,52,14
26651,"Young, Cameron",14,Augusta National Golf Club,sg_ott,0.5362134621481398,0.7971821910226405,82,14
26651,"Young, Cameron",734,PGA National Resort (The Champion),sg_ott,0.5369245807749119,0.36739461231766535,52,14
26651,"Young, Cameron",237,TPC Potomac at Avenel Farm,sg_ott,0.842790133366436,0.3331917193714339,29,14
26651,"Young, Cameron",500,The Riviera Country Club,sg_ott,0.3884266773543648,0.31344071066821716,74,14
26651,"Young, Cameron",885,Royal Portrush Golf Club,sg_ott,-0.67763249036604,0.29174538441347864,59,14
26651,"Young, Cameron",510,TPC Scottsdale (Stadium Course),sg_ott,0.026914265491858543,0.263277216668782,71,14
26651,"Young, Cameron",4,Torrey Pines Golf Course (South Course),sg_ott,0.3034769949231092,0.24400336891272423,72,14
26651,"Young, Cameron",5,Pebble Beach Golf Links,sg_ott,0.1894729677257158,0.23550830830017516,66,14
26651,"Young, Cameron",9,Arnold Palmer's Bay Hill Club & Lodge,sg_ott,0.3086955511863843,0.23513602824986948,76,14
26651,"Young, Cameron",939,Torrey Pines Golf Course (South Course),sg_ott,-0.4250441542975901,0.20807044904004582,47,14
26651,"Young, Cameron",14,Augusta National Golf Club,sg_putt,-0.3992920518640396,0.8018650209948042,82,14
26651,"Young, Cameron",883,TPC Twin Cities,sg_putt,1.1670132833128177,0.4580288740197177,62,14
26651,"Young, Cameron",538,TPC Summerlin,sg_putt,-2.113998331738611,0.2539541609120851,61,14
26651,"Young, Cameron",939,Torrey Pines Golf Course (South Course),sg_putt,0.27596979769011076,0.250902809224056,47,14
26651,"Young, Cameron",656,Plantation Course at Kapalua,sg_putt,0.5605826301639254,0.2493034818571421,66,14
26651,"Young, Cameron",770,TPC San Antonio - The Oaks Course,sg_putt,0.6708268299013617,0.2092149680103761,65,14
