dg_id,player_name,course_num_b,course_name_b,skill,effective_events,last_played,contribution,target_course_num,target_course_name
34024,"Adam, Cameron",4731,houghton gc,sg_total,0.9180531430541589,2026-03-08,0.011482148081890575,4583,brabazon course at the belfry
34024,"Adam, Cameron",4782,dlf g&cc player course,sg_total,0.9277434863285529,2026-03-29,0.009517149761315201,4583,brabazon course at the belfry
34024,"Adam, Cameron",4786,circolo golf torino,sg_total,0.9709308776411942,2026-06-28,0.004567843476148877,4583,brabazon course at the belfry
34024,"Adam, Cameron",4817,national gc,sg_total,0.9441218903864221,2026-05-03,-0.0037592892457930156,4583,brabazon course at the belfry
34024,"Adam, Cameron",4827,blackstone course mission hills,sg_total,0.9245020599315531,2026-03-22,-0.02404520135981378,4583,brabazon course at the belfry
34024,"Adam, Cameron",4721,royal queensland gc,sg_total,0.8741528788765721,2025-11-30,-0.0347757401524063,4583,brabazon course at the belfry
12321,"Aphibarnrat, Kiradech",-1,Unknown,sg_total,10.72685355262164,2026-04-05,0.07941210457022942,4583,brabazon course at the belfry
12321,"Aphibarnrat, Kiradech",4375,laguna national g&cc classic course,sg_total,0.6424283409681188,2024-03-24,0.02540513718066326,4583,brabazon course at the belfry
12321,"Aphibarnrat, Kiradech",4555,kingston heath gc,sg_total,0.7286950115597843,2024-12-01,0.015853223286821833,4583,brabazon course at the belfry
12321,"Aphibarnrat, Kiradech",4584,crans-sur-sierre gc,sg_total,0.835270211411272,2025-08-31,0.015099023660742167,4583,brabazon course at the belfry
12321,"Aphibarnrat, Kiradech",4016,club de campo villa de madrid,sg_total,0.4923822171335323,2022-10-09,0.009647892833753351,4583,brabazon course at the belfry
12321,"Aphibarnrat, Kiradech",765,Port Royal Golf Course,sg_total,0.7605465028408891,2021-10-31,0.00947948681738851,4583,brabazon course at the belfry
12321,"Aphibarnrat, Kiradech",23,Muirfield Village Golf Club,sg_total,0.5963757122316827,2019-06-02,0.008964488611737776,4583,brabazon course at the belfry
12321,"Aphibarnrat, Kiradech",243,Trinity Forest Golf Club,sg_total,0.26408084279608046,2019-05-12,0.00619950147692174,4583,brabazon course at the belfry
12321,"Aphibarnrat, Kiradech",876,Detroit Golf Club,sg_total,0.4754469357330479,2022-07-31,0.006143486064539366,4583,brabazon course at the belfry
12321,"Aphibarnrat, Kiradech",3650,wentworth golf club,sg_total,0.22168451753581914,2018-05-27,0.005493500834841559,4583,brabazon course at the belfry
12321,"Aphibarnrat, Kiradech",800,The Abaco Club on Winding Bay,sg_total,0.33379754707158393,2018-10-14,0.005087952749547511,4583,brabazon course at the belfry
12321,"Aphibarnrat, Kiradech",4193,kingsbarns golf links,sg_total,0.4906618916992401,2022-10-02,0.005017839266828203,4583,brabazon course at the belfry
12321,"Aphibarnrat, Kiradech",4227,le golf national,sg_total,0.5865484532875249,2023-09-24,0.003908905174328049,4583,brabazon course at the belfry
12321,"Aphibarnrat, Kiradech",618,Shinnecock Hills Golf Club,sg_total,0.22402446821274175,2018-06-17,0.003880362280407227,4583,brabazon course at the belfry
12321,"Aphibarnrat, Kiradech",4782,dlf g&cc player course,sg_total,0.9277434863285529,2026-03-29,0.0034086489887997944,4583,brabazon course at the belfry
12321,"Aphibarnrat, Kiradech",4786,circolo golf torino,sg_total,0.9709308776411942,2026-06-28,0.002854175457094747,4583,brabazon course at the belfry
12321,"Aphibarnrat, Kiradech",3494,hong kong gc,sg_total,0.2024018907423617,2017-11-26,0.002504886000365009,4583,brabazon course at the belfry
12321,"Aphibarnrat, Kiradech",3901,royal greens,sg_total,0.3631279599804599,2021-02-07,0.0021891982838260324,4583,brabazon course at the belfry
12321,"Aphibarnrat, Kiradech",3674,regnum carya golf & spa resort,sg_total,0.2402680749592907,2018-11-04,0.001845297584634619,4583,brabazon course at the belfry
12321,"Aphibarnrat, Kiradech",4377,genzon gc,sg_total,0.6560619883935562,2024-05-05,0.0012464478839717959,4583,brabazon course at the belfry
12321,"Aphibarnrat, Kiradech",978,Vidanta Vallarta,sg_total,0.4542988670756955,2022-05-01,0.0007254470895192705,4583,brabazon course at the belfry
12321,"Aphibarnrat, Kiradech",4603,kingsbarns golf links,sg_total,0.8500160902253981,2025-10-05,0.00029222034528560945,4583,brabazon course at the belfry
12321,"Aphibarnrat, Kiradech",3519,barsebäck g&cc,sg_total,0.18544443195597088,2017-06-04,-4.325319469020158e-05,4583,brabazon course at the belfry
12321,"Aphibarnrat, Kiradech",3637,emirates gc,sg_total,0.20887902966927693,2018-01-28,-0.0005541720832731136,4583,brabazon course at the belfry
12321,"Aphibarnrat, Kiradech",3981,emirates gc,sg_total,0.43409147291705774,2022-01-30,-0.0007923506638260878,4583,brabazon course at the belfry
12321,"Aphibarnrat, Kiradech",4382,rinkven international gc,sg_total,0.6629869316007273,2024-05-26,-0.0016565740480844406,4583,brabazon course at the belfry
12321,"Aphibarnrat, Kiradech",658,Carnoustie GC,sg_total,0.22797940113688214,2018-07-22,-0.0018152305634304283,4583,brabazon course at the belfry
12321,"Aphibarnrat, Kiradech",4302,jack nicklaus golf club korea,sg_total,0.544983369207548,2023-04-30,-0.0033807341968486214,4583,brabazon course at the belfry
12321,"Aphibarnrat, Kiradech",4582,furesø golf klub,sg_total,0.8294437363854039,2025-08-17,-0.003661221427082291,4583,brabazon course at the belfry
12321,"Aphibarnrat, Kiradech",4207,golfclub münchen eichenried,sg_total,0.5604585449744904,2023-06-25,-0.0036714096552980715,4583,brabazon course at the belfry
12321,"Aphibarnrat, Kiradech",4076,zebula golf estate  spa,sg_total,0.3433516974975665,2020-10-18,-0.004719899107262894,4583,brabazon course at the belfry
12321,"Aphibarnrat, Kiradech",4017,real club valderrama,sg_total,0.4941085742561417,2022-10-16,-0.00545756489899474,4583,brabazon course at the belfry
12321,"Aphibarnrat, Kiradech",503,TPC River Highlands,sg_total,0.7368841744165688,2022-06-26,-0.007019971203455423,4583,brabazon course at the belfry
12321,"Aphibarnrat, Kiradech",4817,national gc,sg_total,0.9441218903864221,2026-05-03,-0.007193769880509106,4583,brabazon course at the belfry
12321,"Aphibarnrat, Kiradech",890,Tahoe Mountain Club (Old Greenwood),sg_total,0.47213042850062353,2022-07-17,-0.008507032275215286,4583,brabazon course at the belfry
12321,"Aphibarnrat, Kiradech",4721,royal queensland gc,sg_total,0.8741528788765721,2025-11-30,-0.011420083410450182,4583,brabazon course at the belfry
12321,"Aphibarnrat, Kiradech",734,PGA National Resort (The Champion),sg_total,1.5837666590607677,2022-02-27,-0.02182738528800675,4583,brabazon course at the belfry
12321,"Aphibarnrat, Kiradech",934,Hurstbourne Country Club,sg_total,1.792805979110845,2026-07-12,-0.04950204601942005,4583,brabazon course at the belfry
17813,"Armitage, Marcus",4827,blackstone course mission hills,sg_total,0.9245020599315531,2026-03-22,0.0213121622791105,4583,brabazon course at the belfry
17813,"Armitage, Marcus",4592,yas links,sg_total,0.8650222931107413,2025-11-09,0.014274179438171398,4583,brabazon course at the belfry
17813,"Armitage, Marcus",4817,national gc,sg_total,0.9441218903864221,2026-05-03,0.013973076057377434,4583,brabazon course at the belfry
17813,"Armitage, Marcus",4621,gut altentann gc,sg_total,0.798117060447891,2025-06-01,0.013106918880253329,4583,brabazon course at the belfry
17813,"Armitage, Marcus",4723,gary player cc,sg_total,0.8772177743910435,2025-12-07,0.010242592655276432,4583,brabazon course at the belfry
17813,"Armitage, Marcus",4235,gary player cc,sg_total,0.6010963747389753,2023-11-12,0.0101436779644929,4583,brabazon course at the belfry
17813,"Armitage, Marcus",3981,emirates gc,sg_total,0.43409147291705774,2022-01-30,0.00989005887513244,4583,brabazon course at the belfry
17813,"Armitage, Marcus",3876,crans-sur-sierre gc,sg_total,0.4019208903110026,2021-08-29,0.009705750188330114,4583,brabazon course at the belfry
17813,"Armitage, Marcus",3898,randpark gc firethorn course,sg_total,0.647908861828359,2020-11-22,0.008861837605824988,4583,brabazon course at the belfry
17813,"Armitage, Marcus",890,Tahoe Mountain Club (Old Greenwood),sg_total,0.5683601467575404,2023-07-23,0.007242319639159961,4583,brabazon course at the belfry
17813,"Armitage, Marcus",934,Hurstbourne Country Club,sg_total,0.8150547419175087,2025-07-13,0.0070018734629853415,4583,brabazon course at the belfry
17813,"Armitage, Marcus",4076,zebula golf estate  spa,sg_total,0.3433516974975665,2020-10-18,0.006175771355045038,4583,brabazon course at the belfry
17813,"Armitage, Marcus",3906,al mouj golf,sg_total,0.305899090813104,2020-03-01,0.005402638501434291,4583,brabazon course at the belfry
17813,"Armitage, Marcus",3862,himmerland golf & spa resort,sg_total,0.3840432893753353,2021-05-30,0.00539317722287449,4583,brabazon course at the belfry
17813,"Armitage, Marcus",4372,al hamra gc,sg_total,0.6246898452608237,2024-01-28,0.004456282973012736,4583,brabazon course at the belfry
17813,"Armitage, Marcus",4186,emirates gc,sg_total,0.520742292353521,2023-01-29,0.004280593080073057,4583,brabazon course at the belfry
17813,"Armitage, Marcus",3626,racv royal pines resort,sg_total,0.20311153851913738,2017-12-03,0.004054550463830773,4583,brabazon course at the belfry
17813,"Armitage, Marcus",4724,royal johannesburg east course,sg_total,0.880293415834221,2025-12-14,0.004040442348696152,4583,brabazon course at the belfry
17813,"Armitage, Marcus",4017,real club valderrama,sg_total,0.4941085742561417,2022-10-16,0.004002801206023851,4583,brabazon course at the belfry
17813,"Armitage, Marcus",3544,verdura gc,sg_total,0.404288998271078,2018-05-13,0.0034808604628094814,4583,brabazon course at the belfry
17813,"Armitage, Marcus",4075,doha gc,sg_total,0.4464177973920421,2022-03-27,0.0027582700905594342,4583,brabazon course at the belfry
17813,"Armitage, Marcus",3538,kingsbarns golf links,sg_total,0.19750329721911253,2017-10-08,0.0018105548369896978,4583,brabazon course at the belfry
17813,"Armitage, Marcus",4584,crans-sur-sierre gc,sg_total,0.835270211411272,2025-08-31,0.001717016418696727,4583,brabazon course at the belfry
17813,"Armitage, Marcus",3520,diamond cc,sg_total,0.18609462464127785,2017-06-11,0.0011859039446648718,4583,brabazon course at the belfry
17813,"Armitage, Marcus",3519,barsebäck g&cc,sg_total,0.18544443195597088,2017-06-04,0.0003652131031187345,4583,brabazon course at the belfry
17813,"Armitage, Marcus",3495,glendower gc,sg_total,0.17290724229171636,2017-01-15,0.00013805481788615808,4583,brabazon course at the belfry
17813,"Armitage, Marcus",658,Carnoustie GC,sg_total,0.22797940113688214,2018-07-22,-0.0001869193320557769,4583,brabazon course at the belfry
17813,"Armitage, Marcus",3664,silkeborg ry gc,sg_total,0.2328175917601019,2018-09-02,-0.0009392503397953385,4583,brabazon course at the belfry
17813,"Armitage, Marcus",3663,albatross golf resort,sg_total,0.23200415453447004,2018-08-26,-0.0010040966231850239,4583,brabazon course at the belfry
17813,"Armitage, Marcus",3943,meloneras golf,sg_total,0.37738099689684185,2021-04-25,-0.001725724379944896,4583,brabazon course at the belfry
17813,"Armitage, Marcus",4030,gary player cc,sg_total,0.5010747437014489,2022-11-13,-0.002191666464065468,4583,brabazon course at the belfry
17813,"Armitage, Marcus",3501,royal johannesburg west course,sg_total,0.17657668871613386,2017-02-26,-0.0025068340895180188,4583,brabazon course at the belfry
17813,"Armitage, Marcus",4593,jumeirah golf estates,sg_total,0.8680551755848918,2025-11-16,-0.002597282930775901,4583,brabazon course at the belfry
17813,"Armitage, Marcus",4619,regnum carya golf & spa resort,sg_total,0.7897806739328027,2025-05-11,-0.0029747036220532123,4583,brabazon course at the belfry
17813,"Armitage, Marcus",3649,rinkven international gc,sg_total,0.2209099779593782,2018-05-20,-0.0031545593002511646,4583,brabazon course at the belfry
17813,"Armitage, Marcus",4227,le golf national,sg_total,0.5865484532875249,2023-09-24,-0.003998862592503872,4583,brabazon course at the belfry
17813,"Armitage, Marcus",3651,diamond cc,sg_total,0.22324175312442318,2018-06-10,-0.006648759689227557,4583,brabazon course at the belfry
17813,"Armitage, Marcus",4731,houghton gc,sg_total,0.9180531430541589,2026-03-08,-0.006746220913813573,4583,brabazon course at the belfry
17813,"Armitage, Marcus",4193,kingsbarns golf links,sg_total,0.4906618916992401,2022-10-02,-0.008019868632580055,4583,brabazon course at the belfry
17813,"Armitage, Marcus",4181,blair atholl golf & equestrian estate,sg_total,0.5063637471859777,2022-12-04,-0.008030081647838038,4583,brabazon course at the belfry
17813,"Armitage, Marcus",4377,genzon gc,sg_total,0.6560619883935562,2024-05-05,-0.008589193637429323,4583,brabazon course at the belfry
17813,"Armitage, Marcus",4382,rinkven international gc,sg_total,0.6629869316007273,2024-05-26,-0.009127324052951111,4583,brabazon course at the belfry
17813,"Armitage, Marcus",4786,circolo golf torino,sg_total,0.9709308776411942,2026-06-28,-0.011328563898736784,4583,brabazon course at the belfry
17813,"Armitage, Marcus",4011,himmerland golf & spa resort,sg_total,0.483840486467991,2022-09-04,-0.013309182754986739,4583,brabazon course at the belfry
17813,"Armitage, Marcus",4200,yas links,sg_total,0.5189228801589404,2023-01-22,-0.013594369428124763,4583,brabazon course at the belfry
17813,"Armitage, Marcus",4302,jack nicklaus golf club korea,sg_total,0.544983369207548,2023-04-30,-0.015388085957286116,4583,brabazon course at the belfry
17813,"Armitage, Marcus",4371,emirates gc,sg_total,0.6225072525676867,2024-01-21,-0.01766230594365221,4583,brabazon course at the belfry
17813,"Armitage, Marcus",4782,dlf g&cc player course,sg_total,0.9277434863285529,2026-03-29,-0.044981937884263565,4583,brabazon course at the belfry
23236,"Arnaus, Adri",4375,laguna national g&cc classic course,sg_total,0.6424283409681188,2024-03-24,0.014132635764954271,4583,brabazon course at the belfry
23236,"Arnaus, Adri",4651,vierumäki resort,sg_total,0.8294437363854039,2025-08-17,0.012441200809563556,4583,brabazon course at the belfry
23236,"Arnaus, Adri",4023,jumeirah golf estates,sg_total,0.5028315779709409,2022-11-20,0.010963126869250207,4583,brabazon course at the belfry
23236,"Arnaus, Adri",3793,crans-sur-sierre gc,sg_total,0.2792912876603469,2019-09-01,0.010569672656609354,4583,brabazon course at the belfry
23236,"Arnaus, Adri",4186,emirates gc,sg_total,0.520742292353521,2023-01-29,0.010345872893969089,4583,brabazon course at the belfry
23236,"Arnaus, Adri",-1,Unknown,sg_total,0.4356134549872005,2022-02-06,0.009257393314123143,4583,brabazon course at the belfry
23236,"Arnaus, Adri",4710,sanya luhuitou gc,sg_total,0.8529963589691315,2025-10-12,0.008065987123991385,4583,brabazon course at the belfry
23236,"Arnaus, Adri",4401,carnoustie,sg_total,0.7085745521868345,2024-10-06,0.00549637830429279,4583,brabazon course at the belfry
23236,"Arnaus, Adri",3774,doha gc,sg_total,0.25589194844208374,2019-03-10,0.005348379697460039,4583,brabazon course at the belfry
23236,"Arnaus, Adri",4637,classic golf & country club,sg_total,0.7706661563760512,2025-03-23,0.0053268353128011385,4583,brabazon course at the belfry
23236,"Arnaus, Adri",4534,infinitum golf lakes course,sg_total,0.7221661802661196,2024-11-13,0.0049426268372229,4583,brabazon course at the belfry
23236,"Arnaus, Adri",4617,royal cape golf club,sg_total,0.7546509156752821,2025-02-09,0.003941917717811919,4583,brabazon course at the belfry
23236,"Arnaus, Adri",3807,jumeirah golf estates,sg_total,0.2912713418641669,2019-11-24,0.0031591642068574594,4583,brabazon course at the belfry
23236,"Arnaus, Adri",3769,royal greens,sg_total,0.25145279522530517,2019-02-03,0.0014968094374276757,4583,brabazon course at the belfry
23236,"Arnaus, Adri",4771,montagu,sg_total,0.9084640160687062,2026-02-15,0.0013096161318885947,4583,brabazon course at the belfry
23236,"Arnaus, Adri",4656,hangzhou west lake golf club,sg_total,0.8559870769289292,2025-10-19,0.0012112010730973826,4583,brabazon course at the belfry
23236,"Arnaus, Adri",3862,himmerland golf & spa resort,sg_total,0.647201464831364,2021-05-30,0.0011775318778929212,4583,brabazon course at the belfry
23236,"Arnaus, Adri",3802,dom pedro victoria golf course,sg_total,0.28722195492640357,2019-10-27,0.0009174110027673117,4583,brabazon course at the belfry
23236,"Arnaus, Adri",3626,racv royal pines resort,sg_total,0.20311153851913738,2017-12-03,0.0007016047252285271,4583,brabazon course at the belfry
23236,"Arnaus, Adri",3762,hong kong gc,sg_total,0.24280418100265946,2018-11-25,-0.00045048468925029444,4583,brabazon course at the belfry
23236,"Arnaus, Adri",4721,royal queensland gc,sg_total,0.8741528788765721,2025-11-30,-0.0005918799006423062,4583,brabazon course at the belfry
23236,"Arnaus, Adri",4786,circolo golf torino,sg_total,0.9709308776411942,2026-06-28,-0.0006000246558621115,4583,brabazon course at the belfry
23236,"Arnaus, Adri",4619,regnum carya golf & spa resort,sg_total,0.7897806739328027,2025-05-11,-0.0011750038088631104,4583,brabazon course at the belfry
23236,"Arnaus, Adri",3901,royal greens,sg_total,0.664774302223504,2021-02-07,-0.0012928779009372972,4583,brabazon course at the belfry
23236,"Arnaus, Adri",3972,golf santa ponsa,sg_total,0.41333370907465194,2021-10-24,-0.0021932392299180157,4583,brabazon course at the belfry
23236,"Arnaus, Adri",4382,rinkven international gc,sg_total,0.6629869316007273,2024-05-26,-0.002233021047897429,4583,brabazon course at the belfry
23236,"Arnaus, Adri",3943,meloneras golf,sg_total,0.37738099689684185,2021-04-25,-0.0033562722523611675,4583,brabazon course at the belfry
23236,"Arnaus, Adri",4011,himmerland golf & spa resort,sg_total,0.483840486467991,2022-09-04,-0.0037796026584327735,4583,brabazon course at the belfry
23236,"Arnaus, Adri",654,The Country Club,sg_total,0.46556665611623754,2022-06-19,-0.003976763707812187,4583,brabazon course at the belfry
23236,"Arnaus, Adri",3651,diamond cc,sg_total,0.3269330072071321,2020-07-12,-0.0044043501308669904,4583,brabazon course at the belfry
23236,"Arnaus, Adri",4654,royal óbidos spa & golf resort,sg_total,0.8411376148446232,2025-09-14,-0.005168977430970678,4583,brabazon course at the belfry
23236,"Arnaus, Adri",4817,national gc,sg_total,0.9441218903864221,2026-05-03,-0.00559359460801079,4583,brabazon course at the belfry
23236,"Arnaus, Adri",3898,randpark gc firethorn course,sg_total,0.34941323597069013,2020-11-22,-0.006216657850617253,4583,brabazon course at the belfry
23236,"Arnaus, Adri",4371,emirates gc,sg_total,0.6225072525676867,2024-01-21,-0.0067850430682525375,4583,brabazon course at the belfry
23236,"Arnaus, Adri",4237,club at steyn city,sg_total,0.5355291261520809,2023-03-26,-0.006971487305967677,4583,brabazon course at the belfry
23236,"Arnaus, Adri",4372,al hamra gc,sg_total,0.6246898452608237,2024-01-28,-0.007359147191721078,4583,brabazon course at the belfry
23236,"Arnaus, Adri",3906,al mouj golf,sg_total,0.305899090813104,2020-03-01,-0.00747650252521781,4583,brabazon course at the belfry
23236,"Arnaus, Adri",4653,rosa golf club,sg_total,0.8381987791551844,2025-09-07,-0.007806570881127722,4583,brabazon course at the belfry
23236,"Arnaus, Adri",3981,emirates gc,sg_total,0.43409147291705774,2022-01-30,-0.008008720299081484,4583,brabazon course at the belfry
23236,"Arnaus, Adri",4075,doha gc,sg_total,0.4464177973920421,2022-03-27,-0.008298134890715868,4583,brabazon course at the belfry
23236,"Arnaus, Adri",3792,hills golf & sports club,sg_total,0.27831547681864865,2019-08-25,-0.008374777558570282,4583,brabazon course at the belfry
23236,"Arnaus, Adri",4030,gary player cc,sg_total,0.5010747437014489,2022-11-13,-0.00846399499696023,4583,brabazon course at the belfry
23236,"Arnaus, Adri",3779,royal golf dar es salam red course,sg_total,0.2622387318069171,2019-04-28,-0.009370389129036387,4583,brabazon course at the belfry
23236,"Arnaus, Adri",4662,links,sg_total,0.7572968215143355,2025-02-16,-0.01056702315139632,4583,brabazon course at the belfry
23236,"Arnaus, Adri",3876,crans-sur-sierre gc,sg_total,0.4019208903110026,2021-08-29,-0.01170629565431624,4583,brabazon course at the belfry
23236,"Arnaus, Adri",4200,yas links,sg_total,0.5189228801589404,2023-01-22,-0.01802331753874112,4583,brabazon course at the belfry
23236,"Arnaus, Adri",4377,genzon gc,sg_total,0.6560619883935562,2024-05-05,-0.01938981699223549,4583,brabazon course at the belfry
23236,"Arnaus, Adri",4016,club de campo villa de madrid,sg_total,0.4923822171335323,2022-10-09,-0.025424755839018175,4583,brabazon course at the belfry
23236,"Arnaus, Adri",4673,club de golf alcanada,sg_total,0.8620000071704987,2025-11-02,-0.02649043551753575,4583,brabazon course at the belfry
23236,"Arnaus, Adri",4402,le golf national,sg_total,0.7110589082064097,2024-10-13,-0.0361937072157936,4583,brabazon course at the belfry
11763,"Ashun, Wu",-1,Unknown,sg_total,2.6693759932727255,2025-11-02,-0.010325081462201543,4583,brabazon course at the belfry
30445,"Ayora, Angel",714,TPC Louisiana,sg_total,0.7842715137715565,2025-04-27,0.035677908648485315,4583,brabazon course at the belfry
30445,"Ayora, Angel",4529,argentario gc,sg_total,0.7036318499619978,2024-09-22,0.017952001835295484,4583,brabazon course at the belfry
30445,"Ayora, Angel",4603,kingsbarns golf links,sg_total,0.8500160902253981,2025-10-05,0.016866179847911507,4583,brabazon course at the belfry
30445,"Ayora, Angel",4592,yas links,sg_total,0.8650222931107413,2025-11-09,0.016282773886157377,4583,brabazon course at the belfry
30445,"Ayora, Angel",4517,iberostar real club de golf novo sancti petri,sg_total,0.6676441212689289,2024-06-09,0.015559602310926676,4583,brabazon course at the belfry
30445,"Ayora, Angel",4485,hangzhou west lake golf club,sg_total,0.7135519747065024,2024-10-20,0.014913311083491273,4583,brabazon course at the belfry
30445,"Ayora, Angel",4559,leopard creek cc,sg_total,0.733813771398553,2024-12-15,0.012971944220388302,4583,brabazon course at the belfry
30445,"Ayora, Angel",4782,dlf g&cc player course,sg_total,0.9277434863285529,2026-03-29,0.0121328221438917,4583,brabazon course at the belfry
30445,"Ayora, Angel",4584,crans-sur-sierre gc,sg_total,0.835270211411272,2025-08-31,0.011568296020185297,4583,brabazon course at the belfry
30445,"Ayora, Angel",4723,gary player cc,sg_total,0.8772177743910435,2025-12-07,0.01120273891129608,4583,brabazon course at the belfry
30445,"Ayora, Angel",4593,jumeirah golf estates,sg_total,0.8680551755848918,2025-11-16,0.011153852298975777,4583,brabazon course at the belfry
30445,"Ayora, Angel",4786,circolo golf torino,sg_total,0.9709308776411942,2026-06-28,0.009933118607374716,4583,brabazon course at the belfry
30445,"Ayora, Angel",4486,kaskáda golf resort,sg_total,0.669984969788664,2024-06-16,0.009322064232763902,4583,brabazon course at the belfry
30445,"Ayora, Angel",4362,lakes gc,sg_total,0.6074411383904961,2023-12-03,0.0040521034802553,4583,brabazon course at the belfry
30445,"Ayora, Angel",4369,la reserve gc,sg_total,0.6117081434533598,2023-12-17,0.0031799403858477613,4583,brabazon course at the belfry
30445,"Ayora, Angel",4634,victoria gc,sg_total,0.7286950115597843,2024-12-01,0.0007333482217160609,4583,brabazon course at the belfry
30445,"Ayora, Angel",4017,real club valderrama,sg_total,0.4941085742561417,2022-10-16,0.00014862260082075564,4583,brabazon course at the belfry
30445,"Ayora, Angel",4817,national gc,sg_total,0.9441218903864221,2026-05-03,-0.0033473697485701744,4583,brabazon course at the belfry
30445,"Ayora, Angel",4563,sanya luhuitou gc,sg_total,0.7110589082064097,2024-10-13,-0.005223480120575382,4583,brabazon course at the belfry
30445,"Ayora, Angel",934,Hurstbourne Country Club,sg_total,0.8150547419175087,2025-07-13,-0.00774193080643724,4583,brabazon course at the belfry
30445,"Ayora, Angel",4731,houghton gc,sg_total,0.9180531430541589,2026-03-08,-0.008294657675756623,4583,brabazon course at the belfry
30445,"Ayora, Angel",4621,gut altentann gc,sg_total,0.798117060447891,2025-06-01,-0.008556841654477008,4583,brabazon course at the belfry
30445,"Ayora, Angel",4489,golf saint apollinaire,sg_total,0.7060988762143844,2024-09-29,-0.009620568808282515,4583,brabazon course at the belfry
30445,"Ayora, Angel",773,Aronimink Golf Club,sg_total,0.9507539286723269,2026-05-17,-0.011004518379946272,4583,brabazon course at the belfry
30445,"Ayora, Angel",4619,regnum carya golf & spa resort,sg_total,0.7897806739328027,2025-05-11,-0.011060306604717294,4583,brabazon course at the belfry
30445,"Ayora, Angel",4724,royal johannesburg east course,sg_total,0.880293415834221,2025-12-14,-0.012332757879123296,4583,brabazon course at the belfry
30445,"Ayora, Angel",4827,blackstone course mission hills,sg_total,0.9245020599315531,2026-03-22,-0.01576767502153923,4583,brabazon course at the belfry
28615,"Bairstow, Sam",4402,le golf national,sg_total,0.7110589082064097,2024-10-13,0.03097164888105337,4583,brabazon course at the belfry
28615,"Bairstow, Sam",4375,laguna national g&cc classic course,sg_total,0.6424283409681188,2024-03-24,0.028212215302283062,4583,brabazon course at the belfry
28615,"Bairstow, Sam",934,Hurstbourne Country Club,sg_total,0.9777512371933363,2026-07-12,0.018096351904350657,4583,brabazon course at the belfry
28615,"Bairstow, Sam",4382,rinkven international gc,sg_total,0.6629869316007273,2024-05-26,0.014770161994002327,4583,brabazon course at the belfry
28615,"Bairstow, Sam",4372,al hamra gc,sg_total,0.6246898452608237,2024-01-28,0.012098734984150773,4583,brabazon course at the belfry
28615,"Bairstow, Sam",4817,national gc,sg_total,0.9441218903864221,2026-05-03,0.01165895593112916,4583,brabazon course at the belfry
28615,"Bairstow, Sam",4721,royal queensland gc,sg_total,0.8741528788765721,2025-11-30,0.009758456020260571,4583,brabazon course at the belfry
28615,"Bairstow, Sam",4267,wittelsbacher golfclub,sg_total,0.5683601467575404,2023-07-23,0.008495556340465185,4583,brabazon course at the belfry
28615,"Bairstow, Sam",4619,regnum carya golf & spa resort,sg_total,0.7897806739328027,2025-05-11,0.007891402075104626,4583,brabazon course at the belfry
28615,"Bairstow, Sam",4276,club de golf alcanada,sg_total,0.5989962148511054,2023-11-05,0.006771809884951805,4583,brabazon course at the belfry
28615,"Bairstow, Sam",4353,danzhou ancient saltern golf club,sg_total,0.5930361029297179,2023-10-16,0.006334738492878176,4583,brabazon course at the belfry
28615,"Bairstow, Sam",4377,genzon gc,sg_total,0.6560619883935562,2024-05-05,0.00487403958195545,4583,brabazon course at the belfry
28615,"Bairstow, Sam",4369,la reserve gc,sg_total,0.6117081434533598,2023-12-17,0.0023091875770858672,4583,brabazon course at the belfry
28615,"Bairstow, Sam",4559,leopard creek cc,sg_total,0.733813771398553,2024-12-15,-0.007295157122232478,4583,brabazon course at the belfry
28615,"Bairstow, Sam",4786,circolo golf torino,sg_total,0.9709308776411942,2026-06-28,-0.0112009645801355,4583,brabazon course at the belfry
28615,"Bairstow, Sam",528,Pinehurst Resort & Country Club (Course No. 2),sg_total,0.669984969788664,2024-06-16,-0.011284237190047343,4583,brabazon course at the belfry
28615,"Bairstow, Sam",4731,houghton gc,sg_total,0.9180531430541589,2026-03-08,-0.012393901345999261,4583,brabazon course at the belfry
28615,"Bairstow, Sam",4317,twentsche gc,sg_total,0.550735842216777,2023-05-21,-0.013156002827199196,4583,brabazon course at the belfry
28615,"Bairstow, Sam",4301,golf nazionale,sg_total,0.5643955181193583,2023-07-09,-0.021549721151174872,4583,brabazon course at the belfry
28615,"Bairstow, Sam",4782,dlf g&cc player course,sg_total,0.9277434863285529,2026-03-29,-0.02429632725188347,4583,brabazon course at the belfry
28615,"Bairstow, Sam",4724,royal johannesburg east course,sg_total,0.880293415834221,2025-12-14,-0.03616968183692699,4583,brabazon course at the belfry
13344,"Baldwin, Matthew",4817,national gc,sg_total,0.9441218903864221,2026-05-03,0.022722488462107306,4583,brabazon course at the belfry
13344,"Baldwin, Matthew",4782,dlf g&cc player course,sg_total,0.9277434863285529,2026-03-29,0.021881599146832378,4583,brabazon course at the belfry
13344,"Baldwin, Matthew",4621,gut altentann gc,sg_total,0.798117060447891,2025-06-01,0.01600256351380647,4583,brabazon course at the belfry
13344,"Baldwin, Matthew",4221,galgorm castle golf club,sg_total,0.5763731489488771,2023-08-20,0.01517954624941975,4583,brabazon course at the belfry
13344,"Baldwin, Matthew",4062,golf saint apollinaire,sg_total,0.4889475768792571,2022-09-25,0.011098714898783432,4583,brabazon course at the belfry
13344,"Baldwin, Matthew",4771,montagu,sg_total,0.9084640160687062,2026-02-15,0.010899655822026443,4583,brabazon course at the belfry
13344,"Baldwin, Matthew",4150,st. mellion estate,sg_total,0.4923822171335323,2022-10-09,0.010714071917638865,4583,brabazon course at the belfry
13344,"Baldwin, Matthew",4827,blackstone course mission hills,sg_total,0.9245020599315531,2026-03-22,0.010243203222587895,4583,brabazon course at the belfry
13344,"Baldwin, Matthew",4235,gary player cc,sg_total,0.6010963747389753,2023-11-12,0.010128393715406771,4583,brabazon course at the belfry
13344,"Baldwin, Matthew",4051,golf pga france du vaudreuil,sg_total,0.47048086042893056,2022-07-10,0.009579567111057622,4583,brabazon course at the belfry
13344,"Baldwin, Matthew",4382,rinkven international gc,sg_total,0.6629869316007273,2024-05-26,0.008246973229376207,4583,brabazon course at the belfry
13344,"Baldwin, Matthew",4227,le golf national,sg_total,0.5865484532875249,2023-09-24,0.008165209121195005,4583,brabazon course at the belfry
13344,"Baldwin, Matthew",3649,rinkven international gc,sg_total,0.2209099779593782,2018-05-20,0.006764444896147749,4583,brabazon course at the belfry
13344,"Baldwin, Matthew",4584,crans-sur-sierre gc,sg_total,0.835270211411272,2025-08-31,0.005638348444843751,4583,brabazon course at the belfry
13344,"Baldwin, Matthew",3664,silkeborg ry gc,sg_total,0.2328175917601019,2018-09-02,0.005473647496098978,4583,brabazon course at the belfry
13344,"Baldwin, Matthew",4076,zebula golf estate  spa,sg_total,0.7897694948896086,2022-03-27,0.005403294249407521,4583,brabazon course at the belfry
13344,"Baldwin, Matthew",4619,regnum carya golf & spa resort,sg_total,0.7897806739328027,2025-05-11,0.003808047019496481,4583,brabazon course at the belfry
13344,"Baldwin, Matthew",4377,genzon gc,sg_total,0.6560619883935562,2024-05-05,0.0037828840110002804,4583,brabazon course at the belfry
13344,"Baldwin, Matthew",4066,club de golf alcanada,sg_total,0.4993240476038332,2022-11-06,0.003693562192082518,4583,brabazon course at the belfry
13344,"Baldwin, Matthew",4237,club at steyn city,sg_total,0.5355291261520809,2023-03-26,0.003655999031072418,4583,brabazon course at the belfry
13344,"Baldwin, Matthew",4603,kingsbarns golf links,sg_total,0.8500160902253981,2025-10-05,0.0035193872154578865,4583,brabazon course at the belfry
13344,"Baldwin, Matthew",4721,royal queensland gc,sg_total,0.8741528788765721,2025-11-30,0.003498761273013182,4583,brabazon course at the belfry
13344,"Baldwin, Matthew",3520,diamond cc,sg_total,0.18609462464127785,2017-06-11,0.0028067646627503687,4583,brabazon course at the belfry
13344,"Baldwin, Matthew",3663,albatross golf resort,sg_total,0.23200415453447004,2018-08-26,0.002178593079042891,4583,brabazon course at the belfry
13344,"Baldwin, Matthew",3898,randpark gc firethorn course,sg_total,0.2984956258576689,2020-01-12,0.001971748268029034,4583,brabazon course at the belfry
13344,"Baldwin, Matthew",539,Royal Lytham St. Anne,sg_total,0.07623001471101583,2012-07-22,0.0017876583947618852,4583,brabazon course at the belfry
13344,"Baldwin, Matthew",651,The Olympic Club,sg_total,0.07490759438056112,2012-06-17,0.0001894939371129963,4583,brabazon course at the belfry
13344,"Baldwin, Matthew",4104,iberostar real club de golf novo sancti petri,sg_total,0.4590941362868942,2022-05-22,0.00016756260380204553,4583,brabazon course at the belfry
13344,"Baldwin, Matthew",4371,emirates gc,sg_total,0.6225072525676867,2024-01-21,-3.9467681129284905e-05,4583,brabazon course at the belfry
13344,"Baldwin, Matthew",3544,verdura gc,sg_total,0.22013814453292976,2018-05-13,-8.903365240130324e-05,4583,brabazon course at the belfry
13344,"Baldwin, Matthew",3926,hinton golf club,sg_total,0.3813643734941895,2021-05-16,-0.0003219026788212816,4583,brabazon course at the belfry
13344,"Baldwin, Matthew",4559,leopard creek cc,sg_total,0.733813771398553,2024-12-15,-0.00182818759703773,4583,brabazon course at the belfry
13344,"Baldwin, Matthew",3651,diamond cc,sg_total,0.5501747603315552,2020-07-12,-0.002954337380523475,4583,brabazon course at the belfry
13344,"Baldwin, Matthew",4582,furesø golf klub,sg_total,0.8294437363854039,2025-08-17,-0.0030366370114703243,4583,brabazon course at the belfry
13344,"Baldwin, Matthew",4786,circolo golf torino,sg_total,0.9709308776411942,2026-06-28,-0.003385224743685894,4583,brabazon course at the belfry
13344,"Baldwin, Matthew",4372,al hamra gc,sg_total,0.6246898452608237,2024-01-28,-0.0038190999250755594,4583,brabazon course at the belfry
13344,"Baldwin, Matthew",3876,crans-sur-sierre gc,sg_total,0.4019208903110026,2021-08-29,-0.004645951011613805,4583,brabazon course at the belfry
13344,"Baldwin, Matthew",4181,blair atholl golf & equestrian estate,sg_total,0.5063637471859777,2022-12-04,-0.005128300245954477,4583,brabazon course at the belfry
13344,"Baldwin, Matthew",4375,laguna national g&cc classic course,sg_total,0.6424283409681188,2024-03-24,-0.007097198146484137,4583,brabazon course at the belfry
13344,"Baldwin, Matthew",4369,la reserve gc,sg_total,0.6117081434533598,2023-12-17,-0.007814496255400658,4583,brabazon course at the belfry
13344,"Baldwin, Matthew",4063,golf international de pont royal,sg_total,0.4906618916992401,2022-10-02,-0.008587130497721073,4583,brabazon course at the belfry
13344,"Baldwin, Matthew",3779,royal golf dar es salam red course,sg_total,0.2622387318069171,2019-04-28,-0.008762194117061348,4583,brabazon course at the belfry
13344,"Baldwin, Matthew",4302,jack nicklaus golf club korea,sg_total,0.544983369207548,2023-04-30,-0.008765880876354873,4583,brabazon course at the belfry
13344,"Baldwin, Matthew",4207,golfclub münchen eichenried,sg_total,0.5604585449744904,2023-06-25,-0.008856378859431543,4583,brabazon course at the belfry
13344,"Baldwin, Matthew",4402,le golf national,sg_total,0.7110589082064097,2024-10-13,-0.015170158202580978,4583,brabazon course at the belfry
13344,"Baldwin, Matthew",934,Hurstbourne Country Club,sg_total,0.8150547419175087,2025-07-13,-0.018410828739154377,4583,brabazon course at the belfry
7457,"Bello, Rafa Cabrera",-1,Unknown,sg_total,0.4356134549872005,2022-02-06,-0.0050788659365406386,4583,brabazon course at the belfry
23620,"Bergstrom, Albin",4786,circolo golf torino,sg_total,0.9709308776411942,2026-06-28,0.028621110187822655,4583,brabazon course at the belfry
23620,"Bergstrom, Albin",4656,hangzhou west lake golf club,sg_total,0.8559870769289292,2025-10-19,0.024382685126599753,4583,brabazon course at the belfry
23620,"Bergstrom, Albin",4651,vierumäki resort,sg_total,0.8294437363854039,2025-08-17,0.014883245057055856,4583,brabazon course at the belfry
23620,"Bergstrom, Albin",4673,club de golf alcanada,sg_total,0.8620000071704987,2025-11-02,0.014260116528816686,4583,brabazon course at the belfry
23620,"Bergstrom, Albin",4266,gc adamstal,sg_total,0.5663743633919324,2023-07-16,0.013877064605092023,4583,brabazon course at the belfry
23620,"Bergstrom, Albin",4710,sanya luhuitou gc,sg_total,0.8529963589691315,2025-10-12,0.012674445984818431,4583,brabazon course at the belfry
23620,"Bergstrom, Albin",4653,rosa golf club,sg_total,0.8381987791551844,2025-09-07,0.011740727389492384,4583,brabazon course at the belfry
23620,"Bergstrom, Albin",4267,wittelsbacher golfclub,sg_total,0.5683601467575404,2023-07-23,0.0031239721779088344,4583,brabazon course at the belfry
23620,"Bergstrom, Albin",4056,frederikshavn golfklub,sg_total,0.47878673996045235,2022-08-14,0.0016218310954270031,4583,brabazon course at the belfry
23620,"Bergstrom, Albin",3792,hills golf & sports club,sg_total,0.27831547681864865,2019-08-25,0.0007113486469850515,4583,brabazon course at the belfry
23620,"Bergstrom, Albin",4782,dlf g&cc player course,sg_total,0.9277434863285529,2026-03-29,-0.0010194321401381153,4583,brabazon course at the belfry
23620,"Bergstrom, Albin",4271,askersunds golfklubb,sg_total,0.5783939893780083,2023-08-27,-0.0010989846055617376,4583,brabazon course at the belfry
23620,"Bergstrom, Albin",4301,golf nazionale,sg_total,0.5643955181193583,2023-07-09,-0.004496463889972535,4583,brabazon course at the belfry
23620,"Bergstrom, Albin",4317,twentsche gc,sg_total,0.550735842216777,2023-05-21,-0.005480441052619851,4583,brabazon course at the belfry
23620,"Bergstrom, Albin",4654,royal óbidos spa & golf resort,sg_total,0.8411376148446232,2025-09-14,-0.013105261208432346,4583,brabazon course at the belfry
23620,"Bergstrom, Albin",4817,national gc,sg_total,0.9441218903864221,2026-05-03,-0.016583280976851664,4583,brabazon course at the belfry
23620,"Bergstrom, Albin",4731,houghton gc,sg_total,0.9180531430541589,2026-03-08,-0.030492288947348355,4583,brabazon course at the belfry
23620,"Bergstrom, Albin",4724,royal johannesburg east course,sg_total,0.880293415834221,2025-12-14,-0.03164192601557112,4583,brabazon course at the belfry
31520,"Berry, Joshua",4637,classic golf & country club,sg_total,0.7706661563760512,2025-03-23,0.0284550462313279,4583,brabazon course at the belfry
31520,"Berry, Joshua",4673,club de golf alcanada,sg_total,0.8620000071704987,2025-11-02,0.013390531950971507,4583,brabazon course at the belfry
31520,"Berry, Joshua",4651,vierumäki resort,sg_total,0.8294437363854039,2025-08-17,0.012552376143639726,4583,brabazon course at the belfry
31520,"Berry, Joshua",4517,iberostar real club de golf novo sancti petri,sg_total,0.6676441212689289,2024-06-09,0.008323063454715247,4583,brabazon course at the belfry
31520,"Berry, Joshua",4484,royal óbidos spa & golf resort,sg_total,0.7011734432085724,2024-09-15,0.006550488878693941,4583,brabazon course at the belfry
31520,"Berry, Joshua",4529,argentario gc,sg_total,0.7036318499619978,2024-09-22,0.0025224664922592747,4583,brabazon course at the belfry
31520,"Berry, Joshua",4486,kaskáda golf resort,sg_total,0.669984969788664,2024-06-16,0.0019602235476541253,4583,brabazon course at the belfry
31520,"Berry, Joshua",4654,royal óbidos spa & golf resort,sg_total,0.8411376148446232,2025-09-14,-0.0011064042517750035,4583,brabazon course at the belfry
31520,"Berry, Joshua",4653,rosa golf club,sg_total,0.8381987791551844,2025-09-07,-0.0016197647351495047,4583,brabazon course at the belfry
31520,"Berry, Joshua",4817,national gc,sg_total,0.9441218903864221,2026-05-03,-0.004464751228944651,4583,brabazon course at the belfry
31520,"Berry, Joshua",4656,hangzhou west lake golf club,sg_total,0.8559870769289292,2025-10-19,-0.004579269992779184,4583,brabazon course at the belfry
31520,"Berry, Joshua",934,Hurstbourne Country Club,sg_total,0.9777512371933363,2026-07-12,-0.005267758992495268,4583,brabazon course at the belfry
31520,"Berry, Joshua",4731,houghton gc,sg_total,0.9180531430541589,2026-03-08,-0.005412499054522891,4583,brabazon course at the belfry
31520,"Berry, Joshua",4382,rinkven international gc,sg_total,0.6629869316007273,2024-05-26,-0.011978399378131648,4583,brabazon course at the belfry
31520,"Berry, Joshua",4710,sanya luhuitou gc,sg_total,0.8529963589691315,2025-10-12,-0.014182415752113405,4583,brabazon course at the belfry
31520,"Berry, Joshua",4375,laguna national g&cc classic course,sg_total,0.6424283409681188,2024-03-24,-0.01443708635395606,4583,brabazon course at the belfry
31520,"Berry, Joshua",4721,royal queensland gc,sg_total,0.8741528788765721,2025-11-30,-0.02662773943633721,4583,brabazon course at the belfry
31520,"Berry, Joshua",4724,royal johannesburg east course,sg_total,0.880293415834221,2025-12-14,-0.03955027509634011,4583,brabazon course at the belfry
31520,"Berry, Joshua",4827,blackstone course mission hills,sg_total,0.9245020599315531,2026-03-22,-0.04533620298009168,4583,brabazon course at the belfry
31520,"Berry, Joshua",4369,la reserve gc,sg_total,0.6117081434533598,2023-12-17,-0.05337752971376417,4583,brabazon course at the belfry
31520,"Berry, Joshua",4786,circolo golf torino,sg_total,0.9709308776411942,2026-06-28,-0.06948421055331577,4583,brabazon course at the belfry
31520,"Berry, Joshua",4782,dlf g&cc player course,sg_total,0.9277434863285529,2026-03-29,-0.14209578522213007,4583,brabazon course at the belfry
25614,"Biondi, Fred",4817,national gc,sg_total,0.9441218903864221,2026-05-03,0.026060314421439447,4583,brabazon course at the belfry
25614,"Biondi, Fred",765,Port Royal Golf Course,sg_total,0.6010963747389753,2023-11-12,0.022302210289516938,4583,brabazon course at the belfry
25614,"Biondi, Fred",4721,royal queensland gc,sg_total,0.8741528788765721,2025-11-30,0.004107435840874678,4583,brabazon course at the belfry
25614,"Biondi, Fred",-1,Unknown,sg_total,0.7308843790036041,2024-12-07,0.003522336197813619,4583,brabazon course at the belfry
25614,"Biondi, Fred",978,Vidanta Vallarta,sg_total,1.3934490136424493,2025-02-23,0.003005376259254089,4583,brabazon course at the belfry
25614,"Biondi, Fred",928,PGA National  - Champion Course,sg_total,0.6357181336264143,2024-03-03,0.0015921721414524726,4583,brabazon course at the belfry
25614,"Biondi, Fred",807,Lakewood National Golf Club - Commander Course,sg_total,0.6514855905541816,2024-04-21,0.0009406263680204632,4583,brabazon course at the belfry
25614,"Biondi, Fred",810,Blue Hills Country Club,sg_total,0.6606705334016292,2024-05-19,-0.0004142875394758269,4583,brabazon course at the belfry
25614,"Biondi, Fred",800,The Abaco Club on Winding Bay,sg_total,0.623441714117489,2024-01-24,-0.0053509512798671265,4583,brabazon course at the belfry
25614,"Biondi, Fred",4555,kingston heath gc,sg_total,0.7286950115597843,2024-12-01,-0.012046333801564616,4583,brabazon course at the belfry
25614,"Biondi, Fred",654,The Country Club,sg_total,0.46556665611623754,2022-06-19,-0.020175861488233592,4583,brabazon course at the belfry
25614,"Biondi, Fred",4786,circolo golf torino,sg_total,0.9709308776411942,2026-06-28,-0.029405363455028324,4583,brabazon course at the belfry
25614,"Biondi, Fred",4782,dlf g&cc player course,sg_total,0.9277434863285529,2026-03-29,-0.02982393893183459,4583,brabazon course at the belfry
29971,"Bradbury, Dan",4723,gary player cc,sg_total,0.8772177743910435,2025-12-07,0.03738975332589223,4583,brabazon course at the belfry
29971,"Bradbury, Dan",4731,houghton gc,sg_total,0.9180531430541589,2026-03-08,0.036810238727427065,4583,brabazon course at the belfry
29971,"Bradbury, Dan",4402,le golf national,sg_total,0.7110589082064097,2024-10-13,0.03072245791134568,4583,brabazon course at the belfry
29971,"Bradbury, Dan",4235,gary player cc,sg_total,0.6010963747389753,2023-11-12,0.023681718446466493,4583,brabazon course at the belfry
29971,"Bradbury, Dan",4827,blackstone course mission hills,sg_total,0.9245020599315531,2026-03-22,0.012158867140351906,4583,brabazon course at the belfry
29971,"Bradbury, Dan",4056,frederikshavn golfklub,sg_total,0.47878673996045235,2022-08-14,0.012016072805170789,4583,brabazon course at the belfry
29971,"Bradbury, Dan",4016,club de campo villa de madrid,sg_total,0.4923822171335323,2022-10-09,0.011704162440047527,4583,brabazon course at the belfry
29971,"Bradbury, Dan",4236,jumeirah golf estates,sg_total,0.6032038980649524,2023-11-19,0.010157264646249773,4583,brabazon course at the belfry
29971,"Bradbury, Dan",4186,emirates gc,sg_total,0.520742292353521,2023-01-29,0.008040236752963675,4583,brabazon course at the belfry
29971,"Bradbury, Dan",4207,golfclub münchen eichenried,sg_total,0.5604585449744904,2023-06-25,0.004545755628734257,4583,brabazon course at the belfry
29971,"Bradbury, Dan",4786,circolo golf torino,sg_total,0.9709308776411942,2026-06-28,0.004324198627210284,4583,brabazon course at the belfry
29971,"Bradbury, Dan",4227,le golf national,sg_total,0.5865484532875249,2023-09-24,0.003942693436437442,4583,brabazon course at the belfry
29971,"Bradbury, Dan",4055,vierumäki resort,sg_total,0.4771139155210344,2022-08-07,0.002383200120463636,4583,brabazon course at the belfry
29971,"Bradbury, Dan",4582,furesø golf klub,sg_total,0.8294437363854039,2025-08-17,0.002290174900668949,4583,brabazon course at the belfry
29971,"Bradbury, Dan",4200,yas links,sg_total,0.5189228801589404,2023-01-22,0.0010773203756881385,4583,brabazon course at the belfry
29971,"Bradbury, Dan",4621,gut altentann gc,sg_total,0.798117060447891,2025-06-01,0.0007734457104097447,4583,brabazon course at the belfry
29971,"Bradbury, Dan",4377,genzon gc,sg_total,0.6560619883935562,2024-05-05,-0.0005428393008468337,4583,brabazon course at the belfry
29971,"Bradbury, Dan",4619,regnum carya golf & spa resort,sg_total,0.7897806739328027,2025-05-11,-0.0009058165898449915,4583,brabazon course at the belfry
29971,"Bradbury, Dan",4230,kingsbarns golf links,sg_total,0.5906686964874246,2023-10-08,-0.0009444137314013096,4583,brabazon course at the belfry
29971,"Bradbury, Dan",4181,blair atholl golf & equestrian estate,sg_total,0.5063637471859777,2022-12-04,-0.0029026195163095445,4583,brabazon course at the belfry
29971,"Bradbury, Dan",4559,leopard creek cc,sg_total,0.733813771398553,2024-12-15,-0.003231597740249821,4583,brabazon course at the belfry
29971,"Bradbury, Dan",4817,national gc,sg_total,0.9441218903864221,2026-05-03,-0.004400779408127322,4583,brabazon course at the belfry
29971,"Bradbury, Dan",4375,laguna national g&cc classic course,sg_total,0.6424283409681188,2024-03-24,-0.005207678935409668,4583,brabazon course at the belfry
29971,"Bradbury, Dan",4724,royal johannesburg east course,sg_total,0.880293415834221,2025-12-14,-0.005683059065408969,4583,brabazon course at the belfry
29971,"Bradbury, Dan",4372,al hamra gc,sg_total,0.6246898452608237,2024-01-28,-0.006545270712783546,4583,brabazon course at the belfry
29971,"Bradbury, Dan",4237,club at steyn city,sg_total,0.5355291261520809,2023-03-26,-0.009584845465325651,4583,brabazon course at the belfry
29971,"Bradbury, Dan",4382,rinkven international gc,sg_total,0.6629869316007273,2024-05-26,-0.012052684125942329,4583,brabazon course at the belfry
29971,"Bradbury, Dan",4371,emirates gc,sg_total,0.6225072525676867,2024-01-21,-0.01224493424743894,4583,brabazon course at the belfry
29971,"Bradbury, Dan",4782,dlf g&cc player course,sg_total,0.9277434863285529,2026-03-29,-0.01920682427575969,4583,brabazon course at the belfry
20766,"Brown, Dan",714,TPC Louisiana,sg_total,0.9408232397760097,2026-04-26,0.012992888239273102,4583,brabazon course at the belfry
20766,"Brown, Dan",928,PGA National  - Champion Course,sg_total,0.9148455735744521,2026-03-01,0.0011779400115715841,4583,brabazon course at the belfry
20766,"Brown, Dan",773,Aronimink Golf Club,sg_total,0.9507539286723269,2026-05-17,-0.005103898645900985,4583,brabazon course at the belfry
20766,"Brown, Dan",233,Nicklaus Tournament Course,sg_total,0.8989750481612314,2026-01-25,-0.012307920394334338,4583,brabazon course at the belfry
20766,"Brown, Dan",897,Memorial Park Golf Course,sg_total,0.9277434863285529,2026-03-29,-0.016106064289356507,4583,brabazon course at the belfry
20766,"Brown, Dan",925,Dunes Golf and Beach Club,sg_total,0.9474321065017983,2026-05-10,-0.019068615022886242,4583,brabazon course at the belfry
20766,"Brown, Daniel",4063,golf international de pont royal,sg_total,0.4906618916992401,2022-10-02,0.01744066320048466,4583,brabazon course at the belfry
20766,"Brown, Daniel",4592,yas links,sg_total,0.8650222931107413,2025-11-09,0.015088182348029031,4583,brabazon course at the belfry
20766,"Brown, Daniel",4369,la reserve gc,sg_total,0.6117081434533598,2023-12-17,0.013858698035876827,4583,brabazon course at the belfry
20766,"Brown, Daniel",4036,durban country club,sg_total,0.4402114937235286,2022-02-27,0.01217167150276353,4583,brabazon course at the belfry
20766,"Brown, Daniel",4062,golf saint apollinaire,sg_total,0.4889475768792571,2022-09-25,0.011948937229088977,4583,brabazon course at the belfry
20766,"Brown, Daniel",4181,blair atholl golf & equestrian estate,sg_total,0.5063637471859777,2022-12-04,0.011702649232479724,4583,brabazon course at the belfry
20766,"Brown, Daniel",4056,frederikshavn golfklub,sg_total,0.47878673996045235,2022-08-14,0.010134784381454882,4583,brabazon course at the belfry
20766,"Brown, Daniel",4150,st. mellion estate,sg_total,0.4923822171335323,2022-10-09,0.0072094537452330135,4583,brabazon course at the belfry
20766,"Brown, Daniel",4237,club at steyn city,sg_total,0.5355291261520809,2023-03-26,0.0053661487617739385,4583,brabazon course at the belfry
20766,"Brown, Daniel",4104,iberostar real club de golf novo sancti petri,sg_total,0.4590941362868942,2022-05-22,0.004520336596157178,4583,brabazon course at the belfry
20766,"Brown, Daniel",4302,jack nicklaus golf club korea,sg_total,0.544983369207548,2023-04-30,0.0040010758680191745,4583,brabazon course at the belfry
20766,"Brown, Daniel",4227,le golf national,sg_total,0.5865484532875249,2023-09-24,0.003353839580263788,4583,brabazon course at the belfry
20766,"Brown, Daniel",4066,club de golf alcanada,sg_total,0.4993240476038332,2022-11-06,0.0011526928870472508,4583,brabazon course at the belfry
20766,"Brown, Daniel",4049,golf blue green de pléneuf val andré,sg_total,0.4671989943381879,2022-06-26,0.0009943089319644962,4583,brabazon course at the belfry
20766,"Brown, Daniel",4401,carnoustie,sg_total,0.7085745521868345,2024-10-06,0.00046394436720952845,4583,brabazon course at the belfry
20766,"Brown, Daniel",4055,vierumäki resort,sg_total,0.4771139155210344,2022-08-07,-0.002258447482242029,4583,brabazon course at the belfry
20766,"Brown, Daniel",4382,rinkven international gc,sg_total,0.6629869316007273,2024-05-26,-0.0037896007161877234,4583,brabazon course at the belfry
20766,"Brown, Daniel",4207,golfclub münchen eichenried,sg_total,0.5604585449744904,2023-06-25,-0.004010003792469533,4583,brabazon course at the belfry
20766,"Brown, Daniel",4051,golf pga france du vaudreuil,sg_total,0.47048086042893056,2022-07-10,-0.005012421109470272,4583,brabazon course at the belfry
20766,"Brown, Daniel",4236,jumeirah golf estates,sg_total,0.6032038980649524,2023-11-19,-0.005934386096304326,4583,brabazon course at the belfry
20766,"Brown, Daniel",4375,laguna national g&cc classic course,sg_total,0.6424283409681188,2024-03-24,-0.007425819808719106,4583,brabazon course at the belfry
20766,"Brown, Daniel",4076,zebula golf estate  spa,sg_total,0.4464177973920421,2022-03-27,-0.008788830019092116,4583,brabazon course at the belfry
20766,"Brown, Daniel",4593,jumeirah golf estates,sg_total,0.8680551755848918,2025-11-16,-0.009352835219551131,4583,brabazon course at the belfry
20766,"Brown, Daniel",4372,al hamra gc,sg_total,0.6246898452608237,2024-01-28,-0.013921200266001719,4583,brabazon course at the belfry
20766,"Brown, Daniel",4621,gut altentann gc,sg_total,0.798117060447891,2025-06-01,-0.023387786699052494,4583,brabazon course at the belfry
20766,"Brown, Daniel",4235,gary player cc,sg_total,0.6010963747389753,2023-11-12,-0.02489879088118819,4583,brabazon course at the belfry
20766,"Brown, Daniel",4371,emirates gc,sg_total,0.6225072525676867,2024-01-21,-0.026055288513619084,4583,brabazon course at the belfry
32550,"Bryant, Davis",4637,classic golf & country club,sg_total,0.7706661563760512,2025-03-23,0.017538351793915673,4583,brabazon course at the belfry
32550,"Bryant, Davis",4817,national gc,sg_total,0.9441218903864221,2026-05-03,0.014026949648595527,4583,brabazon course at the belfry
32550,"Bryant, Davis",4721,royal queensland gc,sg_total,0.8741528788765721,2025-11-30,0.009988082647983215,4583,brabazon course at the belfry
32550,"Bryant, Davis",4710,sanya luhuitou gc,sg_total,0.8529963589691315,2025-10-12,0.008187050869412998,4583,brabazon course at the belfry
32550,"Bryant, Davis",4656,hangzhou west lake golf club,sg_total,0.8559870769289292,2025-10-19,0.00555507616688568,4583,brabazon course at the belfry
32550,"Bryant, Davis",4619,regnum carya golf & spa resort,sg_total,0.7897806739328027,2025-05-11,0.0036733883877879186,4583,brabazon course at the belfry
32550,"Bryant, Davis",4786,circolo golf torino,sg_total,0.9709308776411942,2026-06-28,0.0022488281856392583,4583,brabazon course at the belfry
32550,"Bryant, Davis",4621,gut altentann gc,sg_total,0.798117060447891,2025-06-01,0.0019961560323978654,4583,brabazon course at the belfry
32550,"Bryant, Davis",-1,Unknown,sg_total,0.6770568744981647,2024-07-07,-4.980528078658124e-05,4583,brabazon course at the belfry
32550,"Bryant, Davis",4827,blackstone course mission hills,sg_total,0.9245020599315531,2026-03-22,-0.003025130801155481,4583,brabazon course at the belfry
32550,"Bryant, Davis",4782,dlf g&cc player course,sg_total,0.9277434863285529,2026-03-29,-0.009048156060441829,4583,brabazon course at the belfry
32550,"Bryant, Davis",4673,club de golf alcanada,sg_total,0.8620000071704987,2025-11-02,-0.017031546863277448,4583,brabazon course at the belfry
32550,"Bryant, Davis",934,Hurstbourne Country Club,sg_total,1.792805979110845,2026-07-12,-0.023941990256770754,4583,brabazon course at the belfry
32550,"Bryant, Davis",4582,furesø golf klub,sg_total,0.8294437363854039,2025-08-17,-0.02551715163494814,4583,brabazon course at the belfry
32550,"Bryant, Davis",4584,crans-sur-sierre gc,sg_total,0.835270211411272,2025-08-31,-0.027801427709533064,4583,brabazon course at the belfry
27379,"Buchanan(Am), Jack",-1,Unknown,sg_total,6.3488808791489335,2023-11-05,0.031944119242395104,4583,brabazon course at the belfry
27379,"Buchanan, Jack",-1,Unknown,sg_total,18.410204786449885,2026-04-26,0.06581279246707672,4583,brabazon course at the belfry
27379,"Buchanan, Jack",4786,circolo golf torino,sg_total,0.9709308776411942,2026-06-28,0.024405820202050194,4583,brabazon course at the belfry
27379,"Buchanan, Jack",4817,national gc,sg_total,0.9441218903864221,2026-05-03,0.008055338460840111,4583,brabazon course at the belfry
27379,"Buchanan, Jack",4555,kingston heath gc,sg_total,0.7286950115597843,2024-12-01,0.0045596731993250246,4583,brabazon course at the belfry
27379,"Buchanan, Jack",4721,royal queensland gc,sg_total,0.8741528788765721,2025-11-30,-0.0020676592761323495,4583,brabazon course at the belfry
27379,"Buchanan, Jack",4362,lakes gc,sg_total,0.6074411383904961,2023-12-03,-0.021913030022959943,4583,brabazon course at the belfry
27379,"Buchanan, Jack",4782,dlf g&cc player course,sg_total,0.9277434863285529,2026-03-29,-0.03672921173966633,4583,brabazon course at the belfry
7457,"Cabrera Bello, Rafa",4200,yas links,sg_total,0.5189228801589404,2023-01-22,0.0139655852473826,4583,brabazon course at the belfry
7457,"Cabrera Bello, Rafa",4621,gut altentann gc,sg_total,0.798117060447891,2025-06-01,0.013874732132965232,4583,brabazon course at the belfry
7457,"Cabrera Bello, Rafa",4827,blackstone course mission hills,sg_total,0.9245020599315531,2026-03-22,0.012345938413741157,4583,brabazon course at the belfry
7457,"Cabrera Bello, Rafa",4227,le golf national,sg_total,0.5865484532875249,2023-09-24,0.012184133550607525,4583,brabazon course at the belfry
7457,"Cabrera Bello, Rafa",4582,furesø golf klub,sg_total,0.8294437363854039,2025-08-17,0.011718620437627324,4583,brabazon course at the belfry
7457,"Cabrera Bello, Rafa",4358,royal queensland gc,sg_total,0.6053188106462242,2023-11-26,0.009937791814913778,4583,brabazon course at the belfry
7457,"Cabrera Bello, Rafa",4619,regnum carya golf & spa resort,sg_total,0.7897806739328027,2025-05-11,0.009196718590272242,4583,brabazon course at the belfry
7457,"Cabrera Bello, Rafa",4371,emirates gc,sg_total,0.6225072525676867,2024-01-21,0.008818016211044838,4583,brabazon course at the belfry
7457,"Cabrera Bello, Rafa",4372,al hamra gc,sg_total,0.6246898452608237,2024-01-28,0.006607987409574167,4583,brabazon course at the belfry
7457,"Cabrera Bello, Rafa",700,TPC Boston,sg_total,0.42710814901857386,2018-09-03,0.00653023655644859,4583,brabazon course at the belfry
7457,"Cabrera Bello, Rafa",4382,rinkven international gc,sg_total,0.6629869316007273,2024-05-26,0.00407733050419413,4583,brabazon course at the belfry
7457,"Cabrera Bello, Rafa",800,The Abaco Club on Winding Bay,sg_total,0.6017497580698477,2018-10-14,0.0029656020865174854,4583,brabazon course at the belfry
7457,"Cabrera Bello, Rafa",3650,wentworth golf club,sg_total,0.22168451753581914,2018-05-27,0.0025495044113751863,4583,brabazon course at the belfry
7457,"Cabrera Bello, Rafa",4030,gary player cc,sg_total,0.5010747437014489,2022-11-13,0.002272595998026807,4583,brabazon course at the belfry
7457,"Cabrera Bello, Rafa",4817,national gc,sg_total,0.9441218903864221,2026-05-03,0.0022673057815854017,4583,brabazon course at the belfry
7457,"Cabrera Bello, Rafa",3494,hong kong gc,sg_total,0.2024018907423617,2017-11-26,0.002205698362118748,4583,brabazon course at the belfry
7457,"Cabrera Bello, Rafa",3981,emirates gc,sg_total,0.43409147291705774,2022-01-30,0.0019266064319487608,4583,brabazon course at the belfry
7457,"Cabrera Bello, Rafa",4207,golfclub münchen eichenried,sg_total,0.5604585449744904,2023-06-25,0.0017845930159337566,4583,brabazon course at the belfry
7457,"Cabrera Bello, Rafa",-1,Unknown,sg_total,0.6514855905541816,2024-04-21,0.0015617093255007116,4583,brabazon course at the belfry
7457,"Cabrera Bello, Rafa",3637,emirates gc,sg_total,0.20887902966927693,2018-01-28,0.0015441982098580033,4583,brabazon course at the belfry
7457,"Cabrera Bello, Rafa",4584,crans-sur-sierre gc,sg_total,0.835270211411272,2025-08-31,0.0015252041197293441,4583,brabazon course at the belfry
7457,"Cabrera Bello, Rafa",4023,jumeirah golf estates,sg_total,0.5028315779709409,2022-11-20,0.0011915128158038,4583,brabazon course at the belfry
7457,"Cabrera Bello, Rafa",875,ACCORDIA GOLF Narashino Country Club,sg_total,0.28722195492640357,2019-10-27,0.0009643807824922102,4583,brabazon course at the belfry
7457,"Cabrera Bello, Rafa",618,Shinnecock Hills Golf Club,sg_total,0.22402446821274175,2018-06-17,0.0008105512854918457,4583,brabazon course at the belfry
7457,"Cabrera Bello, Rafa",3762,hong kong gc,sg_total,0.24280418100265946,2018-11-25,0.00026841436213704666,4583,brabazon course at the belfry
7457,"Cabrera Bello, Rafa",697,Ocean Course at Kiawah Island,sg_total,0.07703464679135964,2012-08-12,0.0002201237579116382,4583,brabazon course at the belfry
7457,"Cabrera Bello, Rafa",651,The Olympic Club,sg_total,0.07490759438056112,2012-06-17,0.0001138089433271046,4583,brabazon course at the belfry
7457,"Cabrera Bello, Rafa",23,Muirfield Village Golf Club,sg_total,1.7826876019675322,2022-06-05,-2.1634229209085763e-05,4583,brabazon course at the belfry
7457,"Cabrera Bello, Rafa",503,TPC River Highlands,sg_total,0.7141101752795467,2021-06-27,-2.4854957000551206e-05,4583,brabazon course at the belfry
7457,"Cabrera Bello, Rafa",4375,laguna national g&cc classic course,sg_total,0.6424283409681188,2024-03-24,-0.0004722597544108871,4583,brabazon course at the belfry
7457,"Cabrera Bello, Rafa",539,Royal Lytham St. Anne,sg_total,0.07623001471101583,2012-07-22,-0.0004904381701093229,4583,brabazon course at the belfry
7457,"Cabrera Bello, Rafa",773,Aronimink Golf Club,sg_total,0.23363388100414423,2018-09-09,-0.0005132569282998769,4583,brabazon course at the belfry
7457,"Cabrera Bello, Rafa",3807,jumeirah golf estates,sg_total,0.2912713418641669,2019-11-24,-0.0005194087755743898,4583,brabazon course at the belfry
7457,"Cabrera Bello, Rafa",4230,kingsbarns golf links,sg_total,0.5906686964874246,2023-10-08,-0.0009394215202679496,4583,brabazon course at the belfry
7457,"Cabrera Bello, Rafa",4377,genzon gc,sg_total,0.6560619883935562,2024-05-05,-0.0009882331934653345,4583,brabazon course at the belfry
7457,"Cabrera Bello, Rafa",658,Carnoustie GC,sg_total,0.22797940113688214,2018-07-22,-0.0019827240456975455,4583,brabazon course at the belfry
7457,"Cabrera Bello, Rafa",3901,royal greens,sg_total,0.664774302223504,2021-02-07,-0.002018516022135377,4583,brabazon course at the belfry
7457,"Cabrera Bello, Rafa",243,Trinity Forest Golf Club,sg_total,0.26408084279608046,2019-05-12,-0.002045006317047939,4583,brabazon course at the belfry
7457,"Cabrera Bello, Rafa",890,Tahoe Mountain Club (Old Greenwood),sg_total,0.8698532280099577,2022-07-17,-0.0021456199754336714,4583,brabazon course at the belfry
7457,"Cabrera Bello, Rafa",4786,circolo golf torino,sg_total,0.9709308776411942,2026-06-28,-0.0022836700090985086,4583,brabazon course at the belfry
7457,"Cabrera Bello, Rafa",3943,meloneras golf,sg_total,0.37738099689684185,2021-04-25,-0.0032761292668202673,4583,brabazon course at the belfry
7457,"Cabrera Bello, Rafa",4017,real club valderrama,sg_total,0.4941085742561417,2022-10-16,-0.0047436993431497765,4583,brabazon course at the belfry
7457,"Cabrera Bello, Rafa",765,Port Royal Golf Course,sg_total,0.34576359115930777,2020-11-01,-0.004754160466289906,4583,brabazon course at the belfry
7457,"Cabrera Bello, Rafa",4237,club at steyn city,sg_total,0.5355291261520809,2023-03-26,-0.005183997043220598,4583,brabazon course at the belfry
7457,"Cabrera Bello, Rafa",4592,yas links,sg_total,0.8650222931107413,2025-11-09,-0.00538139376752586,4583,brabazon course at the belfry
7457,"Cabrera Bello, Rafa",4302,jack nicklaus golf club korea,sg_total,0.544983369207548,2023-04-30,-0.0063758223237188405,4583,brabazon course at the belfry
7457,"Cabrera Bello, Rafa",734,PGA National Resort (The Champion),sg_total,0.7592348711065109,2021-03-21,-0.006518584281840514,4583,brabazon course at the belfry
7457,"Cabrera Bello, Rafa",978,Vidanta Vallarta,sg_total,0.4542988670756955,2022-05-01,-0.007245956983600897,4583,brabazon course at the belfry
7457,"Cabrera Bello, Rafa",4016,club de campo villa de madrid,sg_total,0.4923822171335323,2022-10-09,-0.007288827406558716,4583,brabazon course at the belfry
7457,"Cabrera Bello, Rafa",4402,le golf national,sg_total,0.7110589082064097,2024-10-13,-0.0085121063804905,4583,brabazon course at the belfry
7457,"Cabrera Bello, Rafa",4721,royal queensland gc,sg_total,0.8741528788765721,2025-11-30,-0.009819380776094833,4583,brabazon course at the belfry
7457,"Cabrera Bello, Rafa",729,Golf Club of Houston,sg_total,0.5450505639421438,2018-04-01,-0.011064044705991741,4583,brabazon course at the belfry
7457,"Cabrera Bello, Rafa",4555,kingston heath gc,sg_total,0.7286950115597843,2024-12-01,-0.01302209550912937,4583,brabazon course at the belfry
7457,"Cabrera Bello, Rafa",4782,dlf g&cc player course,sg_total,0.9277434863285529,2026-03-29,-0.014556305663798515,4583,brabazon course at the belfry
7457,"Cabrera Bello, Rafa",4186,emirates gc,sg_total,0.520742292353521,2023-01-29,-0.015642249065928444,4583,brabazon course at the belfry
7457,"Cabrera Bello, Rafa",876,Detroit Golf Club,sg_total,0.7166139399252291,2021-07-04,-0.024651852801664233,4583,brabazon course at the belfry
7457,"Cabrera Bello, Rafa",4731,houghton gc,sg_total,0.9180531430541589,2026-03-08,-0.03147893301854316,4583,brabazon course at the belfry
7457,"Cabrera Bello, Rafa",934,Hurstbourne Country Club,sg_total,1.792805979110845,2026-07-12,-0.03928387080595034,4583,brabazon course at the belfry
14016,"Campillo, Jorge",925,Dunes Golf and Beach Club,sg_total,0.6583622284248272,2024-05-12,0.013899539414374351,4583,brabazon course at the belfry
14016,"Campillo, Jorge",4619,regnum carya golf & spa resort,sg_total,0.7897806739328027,2025-05-11,0.011957131614957185,4583,brabazon course at the belfry
14016,"Campillo, Jorge",3972,golf santa ponsa,sg_total,0.41333370907465194,2021-10-24,0.01192628416278725,4583,brabazon course at the belfry
14016,"Campillo, Jorge",4786,circolo golf torino,sg_total,0.9709308776411942,2026-06-28,0.010484398381491709,4583,brabazon course at the belfry
14016,"Campillo, Jorge",4235,gary player cc,sg_total,0.6010963747389753,2023-11-12,0.010273646496818662,4583,brabazon course at the belfry
14016,"Campillo, Jorge",4782,dlf g&cc player course,sg_total,0.9277434863285529,2026-03-29,0.010193258169533266,4583,brabazon course at the belfry
14016,"Campillo, Jorge",4401,carnoustie,sg_total,0.7085745521868345,2024-10-06,0.009379967011374692,4583,brabazon course at the belfry
14016,"Campillo, Jorge",4023,jumeirah golf estates,sg_total,0.5028315779709409,2022-11-20,0.009138646566184655,4583,brabazon course at the belfry
14016,"Campillo, Jorge",3876,crans-sur-sierre gc,sg_total,0.4019208903110026,2021-08-29,0.008403889898443725,4583,brabazon course at the belfry
14016,"Campillo, Jorge",3649,rinkven international gc,sg_total,0.2209099779593782,2018-05-20,0.008206473158997519,4583,brabazon course at the belfry
14016,"Campillo, Jorge",978,Vidanta Vallarta,sg_total,0.6334970093935266,2024-02-25,0.00803628294097434,4583,brabazon course at the belfry
14016,"Campillo, Jorge",4724,royal johannesburg east course,sg_total,0.880293415834221,2025-12-14,0.007987018900638226,4583,brabazon course at the belfry
14016,"Campillo, Jorge",3779,royal golf dar es salam red course,sg_total,0.2622387318069171,2019-04-28,0.007221466969053321,4583,brabazon course at the belfry
14016,"Campillo, Jorge",4302,jack nicklaus golf club korea,sg_total,0.544983369207548,2023-04-30,0.0067337405657605905,4583,brabazon course at the belfry
14016,"Campillo, Jorge",3862,himmerland golf & spa resort,sg_total,0.647201464831364,2021-05-30,0.0062162967682609805,4583,brabazon course at the belfry
14016,"Campillo, Jorge",4207,golfclub münchen eichenried,sg_total,0.5604585449744904,2023-06-25,0.006133204331521272,4583,brabazon course at the belfry
14016,"Campillo, Jorge",4723,gary player cc,sg_total,0.8772177743910435,2025-12-07,0.006021316196077493,4583,brabazon course at the belfry
14016,"Campillo, Jorge",3774,doha gc,sg_total,0.25589194844208374,2019-03-10,0.0043741150993584004,4583,brabazon course at the belfry
14016,"Campillo, Jorge",4186,emirates gc,sg_total,0.520742292353521,2023-01-29,0.004012239382209438,4583,brabazon course at the belfry
14016,"Campillo, Jorge",4731,houghton gc,sg_total,0.9180531430541589,2026-03-08,0.003380819987989188,4583,brabazon course at the belfry
14016,"Campillo, Jorge",3981,emirates gc,sg_total,0.43409147291705774,2022-01-30,0.003063018897535362,4583,brabazon course at the belfry
14016,"Campillo, Jorge",3807,jumeirah golf estates,sg_total,0.2912713418641669,2019-11-24,0.00287645825315594,4583,brabazon course at the belfry
14016,"Campillo, Jorge",928,PGA National  - Champion Course,sg_total,0.6357181336264143,2024-03-03,0.002167994316193458,4583,brabazon course at the belfry
14016,"Campillo, Jorge",4402,le golf national,sg_total,0.7110589082064097,2024-10-13,0.001964749844197473,4583,brabazon course at the belfry
14016,"Campillo, Jorge",4030,gary player cc,sg_total,0.5010747437014489,2022-11-13,0.0019020785374105672,4583,brabazon course at the belfry
14016,"Campillo, Jorge",4227,le golf national,sg_total,0.5865484532875249,2023-09-24,0.00113116970318905,4583,brabazon course at the belfry
14016,"Campillo, Jorge",3538,kingsbarns golf links,sg_total,0.19750329721911253,2017-10-08,0.0007315271238874617,4583,brabazon course at the belfry
14016,"Campillo, Jorge",3674,regnum carya golf & spa resort,sg_total,0.2402680749592907,2018-11-04,0.0005326894017628921,4583,brabazon course at the belfry
14016,"Campillo, Jorge",4016,club de campo villa de madrid,sg_total,0.4923822171335323,2022-10-09,0.00033553356957019564,4583,brabazon course at the belfry
14016,"Campillo, Jorge",4372,al hamra gc,sg_total,0.6246898452608237,2024-01-28,0.000161230345360101,4583,brabazon course at the belfry
14016,"Campillo, Jorge",3769,royal greens,sg_total,0.25145279522530517,2019-02-03,7.151607597100755e-05,4583,brabazon course at the belfry
14016,"Campillo, Jorge",3637,emirates gc,sg_total,0.20887902966927693,2018-01-28,-0.00015025787005170713,4583,brabazon course at the belfry
14016,"Campillo, Jorge",4181,blair atholl golf & equestrian estate,sg_total,0.5063637471859777,2022-12-04,-0.00046377004088631046,4583,brabazon course at the belfry
14016,"Campillo, Jorge",4593,jumeirah golf estates,sg_total,0.8680551755848918,2025-11-16,-0.0006572442430278087,4583,brabazon course at the belfry
14016,"Campillo, Jorge",658,Carnoustie GC,sg_total,0.22797940113688214,2018-07-22,-0.001123489035251188,4583,brabazon course at the belfry
14016,"Campillo, Jorge",4017,real club valderrama,sg_total,0.4941085742561417,2022-10-16,-0.0015040809149955798,4583,brabazon course at the belfry
14016,"Campillo, Jorge",4075,doha gc,sg_total,0.4464177973920421,2022-03-27,-0.0016465666203731076,4583,brabazon course at the belfry
14016,"Campillo, Jorge",3650,wentworth golf club,sg_total,0.22168451753581914,2018-05-27,-0.002177661727701453,4583,brabazon course at the belfry
14016,"Campillo, Jorge",3519,barsebäck g&cc,sg_total,0.18544443195597088,2017-06-04,-0.0023817526651372153,4583,brabazon course at the belfry
14016,"Campillo, Jorge",3943,meloneras golf,sg_total,0.37738099689684185,2021-04-25,-0.0027097134636150434,4583,brabazon course at the belfry
14016,"Campillo, Jorge",4371,emirates gc,sg_total,0.6225072525676867,2024-01-21,-0.003227616226393726,4583,brabazon course at the belfry
14016,"Campillo, Jorge",934,Hurstbourne Country Club,sg_total,0.9777512371933363,2026-07-12,-0.003585827220064542,4583,brabazon course at the belfry
14016,"Campillo, Jorge",4584,crans-sur-sierre gc,sg_total,0.835270211411272,2025-08-31,-0.004210091466739704,4583,brabazon course at the belfry
14016,"Campillo, Jorge",4200,yas links,sg_total,0.5189228801589404,2023-01-22,-0.00437183653100309,4583,brabazon course at the belfry
14016,"Campillo, Jorge",4592,yas links,sg_total,0.8650222931107413,2025-11-09,-0.005359936063483298,4583,brabazon course at the belfry
14016,"Campillo, Jorge",3906,al mouj golf,sg_total,0.305899090813104,2020-03-01,-0.0058116766782538,4583,brabazon course at the belfry
14016,"Campillo, Jorge",4236,jumeirah golf estates,sg_total,0.6032038980649524,2023-11-19,-0.005948913904955812,4583,brabazon course at the belfry
14016,"Campillo, Jorge",897,Memorial Park Golf Course,sg_total,0.6446807796298013,2024-03-31,-0.006149911644234503,4583,brabazon course at the belfry
14016,"Campillo, Jorge",4559,leopard creek cc,sg_total,0.733813771398553,2024-12-15,-0.006353691803905455,4583,brabazon course at the belfry
14016,"Campillo, Jorge",3793,crans-sur-sierre gc,sg_total,0.2792912876603469,2019-09-01,-0.006363011208777614,4583,brabazon course at the belfry
14016,"Campillo, Jorge",3901,royal greens,sg_total,0.664774302223504,2021-02-07,-0.006816410198694632,4583,brabazon course at the belfry
14016,"Campillo, Jorge",4621,gut altentann gc,sg_total,0.798117060447891,2025-06-01,-0.007430014781031269,4583,brabazon course at the belfry
14016,"Campillo, Jorge",876,Detroit Golf Club,sg_total,0.6746913175768723,2024-06-30,-0.008320893696513152,4583,brabazon course at the belfry
14016,"Campillo, Jorge",3494,hong kong gc,sg_total,0.2024018907423617,2017-11-26,-0.009489678949412635,4583,brabazon course at the belfry
14016,"Campillo, Jorge",4817,national gc,sg_total,0.9441218903864221,2026-05-03,-0.010115512583240309,4583,brabazon course at the belfry
19635,"Cantero Gutierrez, Ivan",934,Hurstbourne Country Club,sg_total,1.792805979110845,2026-07-12,0.013787521909918313,4583,brabazon course at the belfry
19635,"Cantero Gutierrez, Ivan",4271,askersunds golfklubb,sg_total,0.5783939893780083,2023-08-27,0.012822651158972695,4583,brabazon course at the belfry
19635,"Cantero Gutierrez, Ivan",4035,royal cape golf club,sg_total,0.4386734466479678,2022-02-20,0.012432672261309773,4583,brabazon course at the belfry
19635,"Cantero Gutierrez, Ivan",3943,meloneras golf,sg_total,0.37738099689684185,2021-04-25,0.011488033357236941,4583,brabazon course at the belfry
19635,"Cantero Gutierrez, Ivan",4827,blackstone course mission hills,sg_total,0.9245020599315531,2026-03-22,0.009964886379738304,4583,brabazon course at the belfry
19635,"Cantero Gutierrez, Ivan",4049,golf blue green de pléneuf val andré,sg_total,0.4671989943381879,2022-06-26,0.009644669837303213,4583,brabazon course at the belfry
19635,"Cantero Gutierrez, Ivan",4104,iberostar real club de golf novo sancti petri,sg_total,0.4590941362868942,2022-05-22,0.00917970575850052,4583,brabazon course at the belfry
19635,"Cantero Gutierrez, Ivan",4817,national gc,sg_total,0.9441218903864221,2026-05-03,0.008627834215839535,4583,brabazon course at the belfry
19635,"Cantero Gutierrez, Ivan",4377,genzon gc,sg_total,0.6560619883935562,2024-05-05,0.006825937623550814,4583,brabazon course at the belfry
19635,"Cantero Gutierrez, Ivan",4375,laguna national g&cc classic course,sg_total,0.6424283409681188,2024-03-24,0.005484732963551261,4583,brabazon course at the belfry
19635,"Cantero Gutierrez, Ivan",3792,hills golf & sports club,sg_total,0.27831547681864865,2019-08-25,0.004949289407472625,4583,brabazon course at the belfry
19635,"Cantero Gutierrez, Ivan",4555,kingston heath gc,sg_total,0.7286950115597843,2024-12-01,0.004332902811124239,4583,brabazon course at the belfry
19635,"Cantero Gutierrez, Ivan",4266,gc adamstal,sg_total,0.5663743633919324,2023-07-16,0.0042134303718369195,4583,brabazon course at the belfry
19635,"Cantero Gutierrez, Ivan",3774,doha gc,sg_total,0.25589194844208374,2019-03-10,0.003884619843406996,4583,brabazon course at the belfry
19635,"Cantero Gutierrez, Ivan",3916,vierumäki resort,sg_total,0.39772279950933415,2021-08-08,0.0036541240804946157,4583,brabazon course at the belfry
19635,"Cantero Gutierrez, Ivan",4071,koro creek golf club,sg_total,0.44798299718474366,2022-04-03,0.003537250240639607,4583,brabazon course at the belfry
19635,"Cantero Gutierrez, Ivan",4076,zebula golf estate  spa,sg_total,0.4464177973920421,2022-03-27,0.0028139040328658844,4583,brabazon course at the belfry
19635,"Cantero Gutierrez, Ivan",4584,crans-sur-sierre gc,sg_total,0.835270211411272,2025-08-31,0.002604225437007878,4583,brabazon course at the belfry
19635,"Cantero Gutierrez, Ivan",4353,danzhou ancient saltern golf club,sg_total,0.5930361029297179,2023-10-16,0.001810278738368703,4583,brabazon course at the belfry
19635,"Cantero Gutierrez, Ivan",4621,gut altentann gc,sg_total,0.798117060447891,2025-06-01,-0.00029989214219663067,4583,brabazon course at the belfry
19635,"Cantero Gutierrez, Ivan",3765,randpark gc firethorn course,sg_total,0.2445097728767429,2018-12-09,-0.0019588984094604306,4583,brabazon course at the belfry
19635,"Cantero Gutierrez, Ivan",4401,carnoustie,sg_total,0.7085745521868345,2024-10-06,-0.0021783857415422834,4583,brabazon course at the belfry
19635,"Cantero Gutierrez, Ivan",3779,royal golf dar es salam red course,sg_total,0.2622387318069171,2019-04-28,-0.0023419138923436874,4583,brabazon course at the belfry
19635,"Cantero Gutierrez, Ivan",4786,circolo golf torino,sg_total,0.9709308776411942,2026-06-28,-0.003641596996036209,4583,brabazon course at the belfry
19635,"Cantero Gutierrez, Ivan",4731,houghton gc,sg_total,0.9180531430541589,2026-03-08,-0.003956022861877424,4583,brabazon course at the belfry
19635,"Cantero Gutierrez, Ivan",4301,golf nazionale,sg_total,0.5643955181193583,2023-07-09,-0.0044154488602014,4583,brabazon course at the belfry
19635,"Cantero Gutierrez, Ivan",4372,al hamra gc,sg_total,0.6246898452608237,2024-01-28,-0.00579110513787959,4583,brabazon course at the belfry
19635,"Cantero Gutierrez, Ivan",3802,dom pedro victoria golf course,sg_total,0.28722195492640357,2019-10-27,-0.0068923858984640375,4583,brabazon course at the belfry
19635,"Cantero Gutierrez, Ivan",4619,regnum carya golf & spa resort,sg_total,0.7897806739328027,2025-05-11,-0.007422408152419392,4583,brabazon course at the belfry
19635,"Cantero Gutierrez, Ivan",4782,dlf g&cc player course,sg_total,0.9277434863285529,2026-03-29,-0.007884371329626933,4583,brabazon course at the belfry
19635,"Cantero Gutierrez, Ivan",3769,royal greens,sg_total,0.25145279522530517,2019-02-03,-0.00850991222839811,4583,brabazon course at the belfry
19635,"Cantero Gutierrez, Ivan",4051,golf pga france du vaudreuil,sg_total,0.47048086042893056,2022-07-10,-0.008798616834856216,4583,brabazon course at the belfry
19635,"Cantero Gutierrez, Ivan",4276,club de golf alcanada,sg_total,0.5989962148511054,2023-11-05,-0.011334735331441545,4583,brabazon course at the belfry
19635,"Cantero Gutierrez, Ivan",3651,diamond cc,sg_total,0.3269330072071321,2020-07-12,-0.01168974414565922,4583,brabazon course at the belfry
19635,"Cantero Gutierrez, Ivan",4382,rinkven international gc,sg_total,0.6629869316007273,2024-05-26,-0.014406137788104477,4583,brabazon course at the belfry
19635,"Cantero Gutierrez, Ivan",4317,twentsche gc,sg_total,0.550735842216777,2023-05-21,-0.014864863067198622,4583,brabazon course at the belfry
19635,"Cantero Gutierrez, Ivan",4369,la reserve gc,sg_total,0.6117081434533598,2023-12-17,-0.020617973634569235,4583,brabazon course at the belfry
19635,"Cantero Gutierrez, Ivan",4402,le golf national,sg_total,0.7110589082064097,2024-10-13,-0.020984368607633815,4583,brabazon course at the belfry
19635,"Cantero Gutierrez, Ivan",4724,royal johannesburg east course,sg_total,0.880293415834221,2025-12-14,-0.023564156946923265,4583,brabazon course at the belfry
21412,"Capan III, Frankie",765,Port Royal Golf Course,sg_total,0.8680551755848918,2025-11-16,0.04425928296962397,4583,brabazon course at the belfry
21412,"Capan III, Frankie",233,Nicklaus Tournament Course,sg_total,1.6457435841345887,2026-01-25,0.034160513756311,4583,brabazon course at the belfry
21412,"Capan III, Frankie",62,The Ledges,sg_total,0.544983369207548,2023-04-30,0.029773013983486973,4583,brabazon course at the belfry
21412,"Capan III, Frankie",800,The Abaco Club on Winding Bay,sg_total,1.1431435626769115,2024-01-24,0.0257085489659709,4583,brabazon course at the belfry
21412,"Capan III, Frankie",807,Lakewood National Golf Club - Commander Course,sg_total,1.1945648521016845,2024-04-21,0.02327626056671547,4583,brabazon course at the belfry
21412,"Capan III, Frankie",934,Hurstbourne Country Club,sg_total,0.8150547419175087,2025-07-13,0.010948940990812098,4583,brabazon course at the belfry
21412,"Capan III, Frankie",528,Pinehurst Resort & Country Club (Course No. 2),sg_total,0.669984969788664,2024-06-16,0.01048196067483094,4583,brabazon course at the belfry
21412,"Capan III, Frankie",925,Dunes Golf and Beach Club,sg_total,0.7897806739328027,2025-05-11,0.0030811501763386285,4583,brabazon course at the belfry
21412,"Capan III, Frankie",978,Vidanta Vallarta,sg_total,0.7599520042489227,2025-02-23,0.0015423522839221567,4583,brabazon course at the belfry
21412,"Capan III, Frankie",897,Memorial Park Golf Course,sg_total,0.7733682137654491,2025-03-30,-0.003729380025821329,4583,brabazon course at the belfry
21412,"Capan III, Frankie",930,Black Desert Resort,sg_total,0.8589882807411235,2025-10-26,-0.0038223072013011043,4583,brabazon course at the belfry
21412,"Capan III, Frankie",810,Blue Hills Country Club,sg_total,1.2114063756184061,2024-05-19,-0.008609646837889744,4583,brabazon course at the belfry
21412,"Capan III, Frankie",714,TPC Louisiana,sg_total,1.725094753547566,2026-04-26,-0.009257156666122542,4583,brabazon course at the belfry
21412,"Capan III, Frankie",43,The Los Angeles Country Club (North Course),sg_total,0.5585003688742262,2023-06-18,-0.023711123180464626,4583,brabazon course at the belfry
21412,"Capan III, Frankie",876,Detroit Golf Club,sg_total,0.8093692810527258,2025-06-29,-0.026932148974884877,4583,brabazon course at the belfry
21412,"Capan III, Frankie",928,PGA National  - Champion Course,sg_total,1.6774620699795175,2026-03-01,-0.051939822775442124,4583,brabazon course at the belfry
23549,"Celli, Filippo",4534,infinitum golf lakes course,sg_total,0.7221661802661196,2024-11-13,0.019240720662284185,4583,brabazon course at the belfry
23549,"Celli, Filippo",618,Shinnecock Hills Golf Club,sg_total,0.967538559589032,2026-06-21,0.01599739253854617,4583,brabazon course at the belfry
23549,"Celli, Filippo",4637,classic golf & country club,sg_total,0.7706661563760512,2025-03-23,0.015052664560137015,4583,brabazon course at the belfry
23549,"Celli, Filippo",4207,golfclub münchen eichenried,sg_total,0.5604585449744904,2023-06-25,0.011631373675810354,4583,brabazon course at the belfry
23549,"Celli, Filippo",4266,gc adamstal,sg_total,0.5663743633919324,2023-07-16,0.008460620845844664,4583,brabazon course at the belfry
23549,"Celli, Filippo",4382,rinkven international gc,sg_total,0.6629869316007273,2024-05-26,0.00809262879749004,4583,brabazon course at the belfry
23549,"Celli, Filippo",4656,hangzhou west lake golf club,sg_total,0.8559870769289292,2025-10-19,0.00808584220111462,4583,brabazon course at the belfry
23549,"Celli, Filippo",934,Hurstbourne Country Club,sg_total,0.9777512371933363,2026-07-12,0.0076958798173684785,4583,brabazon course at the belfry
23549,"Celli, Filippo",4617,royal cape golf club,sg_total,0.7546509156752821,2025-02-09,0.006462813330186824,4583,brabazon course at the belfry
23549,"Celli, Filippo",4634,victoria gc,sg_total,0.7286950115597843,2024-12-01,0.006414858284817234,4583,brabazon course at the belfry
23549,"Celli, Filippo",4377,genzon gc,sg_total,0.6560619883935562,2024-05-05,0.003953704639040649,4583,brabazon course at the belfry
23549,"Celli, Filippo",4618,montagu,sg_total,0.7572968215143355,2025-02-16,0.0009971133771429564,4583,brabazon course at the belfry
23549,"Celli, Filippo",4301,golf nazionale,sg_total,0.5643955181193583,2023-07-09,-0.0031721345706844525,4583,brabazon course at the belfry
23549,"Celli, Filippo",4654,royal óbidos spa & golf resort,sg_total,0.8411376148446232,2025-09-14,-0.003447559498054271,4583,brabazon course at the belfry
23549,"Celli, Filippo",-1,Unknown,sg_total,0.5225680836476948,2023-02-05,-0.003925348360238448,4583,brabazon course at the belfry
23549,"Celli, Filippo",4710,sanya luhuitou gc,sg_total,0.8529963589691315,2025-10-12,-0.005197961492686417,4583,brabazon course at the belfry
23549,"Celli, Filippo",4786,circolo golf torino,sg_total,0.9709308776411942,2026-06-28,-0.00552749131752465,4583,brabazon course at the belfry
23549,"Celli, Filippo",4267,wittelsbacher golfclub,sg_total,0.5683601467575404,2023-07-23,-0.005568409927523774,4583,brabazon course at the belfry
23549,"Celli, Filippo",4353,danzhou ancient saltern golf club,sg_total,0.5930361029297179,2023-10-16,-0.006737504357151643,4583,brabazon course at the belfry
23549,"Celli, Filippo",4673,club de golf alcanada,sg_total,0.8620000071704987,2025-11-02,-0.007219239256339518,4583,brabazon course at the belfry
23549,"Celli, Filippo",4271,askersunds golfklubb,sg_total,0.5783939893780083,2023-08-27,-0.007825555356541392,4583,brabazon course at the belfry
23549,"Celli, Filippo",4016,club de campo villa de madrid,sg_total,0.4923822171335323,2022-10-09,-0.008195499686220836,4583,brabazon course at the belfry
23549,"Celli, Filippo",4375,laguna national g&cc classic course,sg_total,0.6424283409681188,2024-03-24,-0.008269417908275362,4583,brabazon course at the belfry
23549,"Celli, Filippo",4372,al hamra gc,sg_total,0.6246898452608237,2024-01-28,-0.009648023888634356,4583,brabazon course at the belfry
23549,"Celli, Filippo",4017,real club valderrama,sg_total,0.4941085742561417,2022-10-16,-0.009957780542973608,4583,brabazon course at the belfry
23549,"Celli, Filippo",4817,national gc,sg_total,0.9441218903864221,2026-05-03,-0.02021358740843696,4583,brabazon course at the belfry
23549,"Celli, Filippo",4183,mont choisy le golf,sg_total,0.5099207283259416,2022-12-18,-0.021554188785297593,4583,brabazon course at the belfry
23549,"Celli, Filippo",4782,dlf g&cc player course,sg_total,0.9277434863285529,2026-03-29,-0.03233178635589805,4583,brabazon course at the belfry
23549,"Celli, Filippo",4721,royal queensland gc,sg_total,0.8741528788765721,2025-11-30,-0.03329709085870424,4583,brabazon course at the belfry
26745,"Chacarra, Eugenio",528,Pinehurst Resort & Country Club (Course No. 2),sg_total,0.669984969788664,2024-06-16,-0.003134150771124706,4583,brabazon course at the belfry
26745,"Chacarra, Eugenio",-1,Unknown,sg_total,8.312753176996887,2025-11-02,-0.03339960524591394,4583,brabazon course at the belfry
22220,"Charmasson, Clement",4656,hangzhou west lake golf club,sg_total,0.8559870769289292,2025-10-19,0.019209015260380977,4583,brabazon course at the belfry
22220,"Charmasson, Clement",4653,rosa golf club,sg_total,0.8381987791551844,2025-09-07,0.011421888924381457,4583,brabazon course at the belfry
22220,"Charmasson, Clement",4827,blackstone course mission hills,sg_total,0.9245020599315531,2026-03-22,0.011124365429738114,4583,brabazon course at the belfry
22220,"Charmasson, Clement",4721,royal queensland gc,sg_total,0.8741528788765721,2025-11-30,0.010407307331110742,4583,brabazon course at the belfry
22220,"Charmasson, Clement",4782,dlf g&cc player course,sg_total,0.9277434863285529,2026-03-29,0.006332881560745038,4583,brabazon course at the belfry
22220,"Charmasson, Clement",4710,sanya luhuitou gc,sg_total,0.8529963589691315,2025-10-12,0.005272482153584217,4583,brabazon course at the belfry
22220,"Charmasson, Clement",4618,montagu,sg_total,0.7572968215143355,2025-02-16,-0.0019444062999068596,4583,brabazon course at the belfry
22220,"Charmasson, Clement",4673,club de golf alcanada,sg_total,0.8620000071704987,2025-11-02,-0.004772682028929463,4583,brabazon course at the belfry
22220,"Charmasson, Clement",4644,golf bluegreen de pléneuf val andré,sg_total,0.8065414401773269,2025-06-22,-0.008819405912546496,4583,brabazon course at the belfry
22220,"Charmasson, Clement",4817,national gc,sg_total,0.9441218903864221,2026-05-03,-0.010198651576465477,4583,brabazon course at the belfry
22220,"Charmasson, Clement",4654,royal óbidos spa & golf resort,sg_total,0.8411376148446232,2025-09-14,-0.013537460270363153,4583,brabazon course at the belfry
22220,"Charmasson, Clement",4786,circolo golf torino,sg_total,0.9709308776411942,2026-06-28,-0.01358737639902559,4583,brabazon course at the belfry
22220,"Charmasson, Clement",4651,vierumäki resort,sg_total,0.8294437363854039,2025-08-17,-0.03117597356349214,4583,brabazon course at the belfry
22608,"Clements, Todd",4603,kingsbarns golf links,sg_total,0.8500160902253981,2025-10-05,0.01776787849412746,4583,brabazon course at the belfry
22608,"Clements, Todd",4786,circolo golf torino,sg_total,0.9709308776411942,2026-06-28,0.017375648926319442,4583,brabazon course at the belfry
22608,"Clements, Todd",3916,vierumäki resort,sg_total,0.39772279950933415,2021-08-08,0.013681498371704485,4583,brabazon course at the belfry
22608,"Clements, Todd",4382,rinkven international gc,sg_total,0.6629869316007273,2024-05-26,0.012590763493225243,4583,brabazon course at the belfry
22608,"Clements, Todd",4817,national gc,sg_total,0.9441218903864221,2026-05-03,0.012244648615340142,4583,brabazon course at the belfry
22608,"Clements, Todd",4372,al hamra gc,sg_total,0.6246898452608237,2024-01-28,0.011357603717017058,4583,brabazon course at the belfry
22608,"Clements, Todd",4049,golf blue green de pléneuf val andré,sg_total,0.4671989943381879,2022-06-26,0.01101740621343572,4583,brabazon course at the belfry
22608,"Clements, Todd",4402,le golf national,sg_total,0.7110589082064097,2024-10-13,0.00689914552283711,4583,brabazon course at the belfry
22608,"Clements, Todd",4104,iberostar real club de golf novo sancti petri,sg_total,0.4590941362868942,2022-05-22,0.006632960348313404,4583,brabazon course at the belfry
22608,"Clements, Todd",4584,crans-sur-sierre gc,sg_total,0.835270211411272,2025-08-31,0.004978045383845944,4583,brabazon course at the belfry
22608,"Clements, Todd",4371,emirates gc,sg_total,0.6225072525676867,2024-01-21,0.004883662978588037,4583,brabazon course at the belfry
22608,"Clements, Todd",4221,galgorm castle golf club,sg_total,0.5763731489488771,2023-08-20,0.004100481077962778,4583,brabazon course at the belfry
22608,"Clements, Todd",4619,regnum carya golf & spa resort,sg_total,0.7897806739328027,2025-05-11,0.004059464241092627,4583,brabazon course at the belfry
22608,"Clements, Todd",4181,blair atholl golf & equestrian estate,sg_total,0.5063637471859777,2022-12-04,0.003204004880792481,4583,brabazon course at the belfry
22608,"Clements, Todd",4063,golf international de pont royal,sg_total,0.4906618916992401,2022-10-02,0.002350591853494998,4583,brabazon course at the belfry
22608,"Clements, Todd",4302,jack nicklaus golf club korea,sg_total,0.544983369207548,2023-04-30,0.0018255206227418286,4583,brabazon course at the belfry
22608,"Clements, Todd",3769,royal greens,sg_total,0.25145279522530517,2019-02-03,0.0008871441787319371,4583,brabazon course at the belfry
22608,"Clements, Todd",4183,mont choisy le golf,sg_total,0.5099207283259416,2022-12-18,0.0008427746173778109,4583,brabazon course at the belfry
22608,"Clements, Todd",4235,gary player cc,sg_total,0.6010963747389753,2023-11-12,0.0004546251187152511,4583,brabazon course at the belfry
22608,"Clements, Todd",3651,diamond cc,sg_total,0.3269330072071321,2020-07-12,0.0002692815122662344,4583,brabazon course at the belfry
22608,"Clements, Todd",4731,houghton gc,sg_total,0.9180531430541589,2026-03-08,0.00010739488089291866,4583,brabazon course at the belfry
22608,"Clements, Todd",-1,Unknown,sg_total,0.6890096515578809,2024-08-11,6.60093424918976e-05,4583,brabazon course at the belfry
22608,"Clements, Todd",4051,golf pga france du vaudreuil,sg_total,0.47048086042893056,2022-07-10,-0.0009862246346457476,4583,brabazon course at the belfry
22608,"Clements, Todd",934,Hurstbourne Country Club,sg_total,0.9777512371933363,2026-07-12,-0.001531932357027444,4583,brabazon course at the belfry
22608,"Clements, Todd",3637,emirates gc,sg_total,0.20887902966927693,2018-01-28,-0.0016855275260538015,4583,brabazon course at the belfry
22608,"Clements, Todd",3926,hinton golf club,sg_total,0.3813643734941895,2021-05-16,-0.0034087730969524525,4583,brabazon course at the belfry
22608,"Clements, Todd",4237,club at steyn city,sg_total,0.5355291261520809,2023-03-26,-0.003671605927252527,4583,brabazon course at the belfry
22608,"Clements, Todd",4150,st. mellion estate,sg_total,0.4923822171335323,2022-10-09,-0.004713374520536086,4583,brabazon course at the belfry
22608,"Clements, Todd",4230,kingsbarns golf links,sg_total,0.5906686964874246,2023-10-08,-0.005711018381391639,4583,brabazon course at the belfry
22608,"Clements, Todd",4621,gut altentann gc,sg_total,0.798117060447891,2025-06-01,-0.00602688704371711,4583,brabazon course at the belfry
22608,"Clements, Todd",4066,club de golf alcanada,sg_total,0.4993240476038332,2022-11-06,-0.009270973073979326,4583,brabazon course at the belfry
22608,"Clements, Todd",4080,schoeman park golf club,sg_total,0.4417549333953923,2022-03-06,-0.010506096150524044,4583,brabazon course at the belfry
22608,"Clements, Todd",4071,koro creek golf club,sg_total,0.44798299718474366,2022-04-03,-0.012358526766834028,4583,brabazon course at the belfry
22608,"Clements, Todd",4634,victoria gc,sg_total,0.7286950115597843,2024-12-01,-0.012877118765207723,4583,brabazon course at the belfry
22608,"Clements, Todd",4036,durban country club,sg_total,0.4402114937235286,2022-02-27,-0.013405178140106815,4583,brabazon course at the belfry
22608,"Clements, Todd",4207,golfclub münchen eichenried,sg_total,0.5604585449744904,2023-06-25,-0.017072230808797172,4583,brabazon course at the belfry
22608,"Clements, Todd",4375,laguna national g&cc classic course,sg_total,0.6424283409681188,2024-03-24,-0.01985690236509601,4583,brabazon course at the belfry
22608,"Clements, Todd",4724,royal johannesburg east course,sg_total,0.880293415834221,2025-12-14,-0.024493138862511817,4583,brabazon course at the belfry
22608,"Clements, Todd",4592,yas links,sg_total,0.8650222931107413,2025-11-09,-0.02552393026635678,4583,brabazon course at the belfry
22608,"Clements, Todd",4062,golf saint apollinaire,sg_total,0.4889475768792571,2022-09-25,-0.02793625047835536,4583,brabazon course at the belfry
20727,"Coussaud, Ugo",4782,dlf g&cc player course,sg_total,0.9277434863285529,2026-03-29,0.03610182309680055,4583,brabazon course at the belfry
20727,"Coussaud, Ugo",3916,vierumäki resort,sg_total,0.39772279950933415,2021-08-08,0.014341758674188536,4583,brabazon course at the belfry
20727,"Coussaud, Ugo",4049,golf blue green de pléneuf val andré,sg_total,0.4671989943381879,2022-06-26,0.01230023935581299,4583,brabazon course at the belfry
20727,"Coussaud, Ugo",4817,national gc,sg_total,0.9441218903864221,2026-05-03,0.01220150351280518,4583,brabazon course at the belfry
20727,"Coussaud, Ugo",4584,crans-sur-sierre gc,sg_total,0.835270211411272,2025-08-31,0.01125200066364036,4583,brabazon course at the belfry
20727,"Coussaud, Ugo",4271,askersunds golfklubb,sg_total,0.5783939893780083,2023-08-27,0.010522585528906322,4583,brabazon course at the belfry
20727,"Coussaud, Ugo",4827,blackstone course mission hills,sg_total,0.9245020599315531,2026-03-22,0.010177220345460704,4583,brabazon course at the belfry
20727,"Coussaud, Ugo",4051,golf pga france du vaudreuil,sg_total,0.47048086042893056,2022-07-10,0.00977583085183943,4583,brabazon course at the belfry
20727,"Coussaud, Ugo",4559,leopard creek cc,sg_total,0.733813771398553,2024-12-15,0.009049963508958566,4583,brabazon course at the belfry
20727,"Coussaud, Ugo",934,Hurstbourne Country Club,sg_total,0.9777512371933363,2026-07-12,0.0079628664653113,4583,brabazon course at the belfry
20727,"Coussaud, Ugo",4372,al hamra gc,sg_total,0.6246898452608237,2024-01-28,0.007540851423544576,4583,brabazon course at the belfry
20727,"Coussaud, Ugo",3926,hinton golf club,sg_total,0.3813643734941895,2021-05-16,0.0075342890258101565,4583,brabazon course at the belfry
20727,"Coussaud, Ugo",4055,vierumäki resort,sg_total,0.4771139155210344,2022-08-07,0.004415800991780593,4583,brabazon course at the belfry
20727,"Coussaud, Ugo",4063,golf international de pont royal,sg_total,0.4906618916992401,2022-10-02,0.003996521234681885,4583,brabazon course at the belfry
20727,"Coussaud, Ugo",4375,laguna national g&cc classic course,sg_total,0.6424283409681188,2024-03-24,0.003820064927078684,4583,brabazon course at the belfry
20727,"Coussaud, Ugo",4150,st. mellion estate,sg_total,0.4923822171335323,2022-10-09,0.0038104287674683075,4583,brabazon course at the belfry
20727,"Coussaud, Ugo",4382,rinkven international gc,sg_total,0.6629869316007273,2024-05-26,0.0022625589520386597,4583,brabazon course at the belfry
20727,"Coussaud, Ugo",4183,mont choisy le golf,sg_total,0.5099207283259416,2022-12-18,0.0007657353609264083,4583,brabazon course at the belfry
20727,"Coussaud, Ugo",4301,golf nazionale,sg_total,0.5643955181193583,2023-07-09,-0.0005216034645908645,4583,brabazon course at the belfry
20727,"Coussaud, Ugo",4036,durban country club,sg_total,0.4402114937235286,2022-02-27,-0.0005994901198272201,4583,brabazon course at the belfry
20727,"Coussaud, Ugo",4104,iberostar real club de golf novo sancti petri,sg_total,0.4590941362868942,2022-05-22,-0.0007914818848074246,4583,brabazon course at the belfry
20727,"Coussaud, Ugo",4071,koro creek golf club,sg_total,0.44798299718474366,2022-04-03,-0.0013343605249330546,4583,brabazon course at the belfry
20727,"Coussaud, Ugo",4619,regnum carya golf & spa resort,sg_total,0.7897806739328027,2025-05-11,-0.0019193462344957786,4583,brabazon course at the belfry
20727,"Coussaud, Ugo",4592,yas links,sg_total,0.8650222931107413,2025-11-09,-0.002833337688479092,4583,brabazon course at the belfry
20727,"Coussaud, Ugo",4371,emirates gc,sg_total,0.6225072525676867,2024-01-21,-0.0033886370058029158,4583,brabazon course at the belfry
20727,"Coussaud, Ugo",4066,club de golf alcanada,sg_total,0.4993240476038332,2022-11-06,-0.004707014503908142,4583,brabazon course at the belfry
20727,"Coussaud, Ugo",4227,le golf national,sg_total,0.5865484532875249,2023-09-24,-0.004951755114471928,4583,brabazon course at the belfry
20727,"Coussaud, Ugo",3651,diamond cc,sg_total,0.3269330072071321,2020-07-12,-0.005082366538597836,4583,brabazon course at the belfry
20727,"Coussaud, Ugo",4353,danzhou ancient saltern golf club,sg_total,0.5930361029297179,2023-10-16,-0.00565472840505713,4583,brabazon course at the belfry
20727,"Coussaud, Ugo",4035,royal cape golf club,sg_total,0.4386734466479678,2022-02-20,-0.006281366128256118,4583,brabazon course at the belfry
20727,"Coussaud, Ugo",4377,genzon gc,sg_total,0.6560619883935562,2024-05-05,-0.00869527187206124,4583,brabazon course at the belfry
20727,"Coussaud, Ugo",4062,golf saint apollinaire,sg_total,0.4889475768792571,2022-09-25,-0.009598269099821212,4583,brabazon course at the belfry
20727,"Coussaud, Ugo",4095,links,sg_total,0.43714077332761425,2022-02-13,-0.009924368700430748,4583,brabazon course at the belfry
20727,"Coussaud, Ugo",4731,houghton gc,sg_total,0.9180531430541589,2026-03-08,-0.010713165517984019,4583,brabazon course at the belfry
20727,"Coussaud, Ugo",4276,club de golf alcanada,sg_total,0.5989962148511054,2023-11-05,-0.011888989036709848,4583,brabazon course at the belfry
20727,"Coussaud, Ugo",4786,circolo golf torino,sg_total,0.9709308776411942,2026-06-28,-0.012021286621856423,4583,brabazon course at the belfry
20727,"Coussaud, Ugo",618,Shinnecock Hills Golf Club,sg_total,0.967538559589032,2026-06-21,-0.012754834994717025,4583,brabazon course at the belfry
20727,"Coussaud, Ugo",4221,galgorm castle golf club,sg_total,0.5763731489488771,2023-08-20,-0.014434536673985273,4583,brabazon course at the belfry
20727,"Coussaud, Ugo",4721,royal queensland gc,sg_total,0.8741528788765721,2025-11-30,-0.01759148887141025,4583,brabazon course at the belfry
20727,"Coussaud, Ugo",4402,le golf national,sg_total,0.7110589082064097,2024-10-13,-0.023292527046817477,4583,brabazon course at the belfry
20727,"Coussaud, Ugo",4621,gut altentann gc,sg_total,0.798117060447891,2025-06-01,-0.03839699453168513,4583,brabazon course at the belfry
23610,"Crocker, Sean",890,Tahoe Mountain Club (Old Greenwood),sg_total,1.040490575258164,2023-07-23,0.01936598555274368,4583,brabazon course at the belfry
23610,"Crocker, Sean",4235,gary player cc,sg_total,0.6010963747389753,2023-11-12,0.015857711700752355,4583,brabazon course at the belfry
23610,"Crocker, Sean",4786,circolo golf torino,sg_total,0.9709308776411942,2026-06-28,0.015583422051145617,4583,brabazon course at the belfry
23610,"Crocker, Sean",3876,crans-sur-sierre gc,sg_total,0.4019208903110026,2021-08-29,0.014161025835508021,4583,brabazon course at the belfry
23610,"Crocker, Sean",4207,golfclub münchen eichenried,sg_total,0.5604585449744904,2023-06-25,0.013651015882483106,4583,brabazon course at the belfry
23610,"Crocker, Sean",3901,royal greens,sg_total,0.664774302223504,2021-02-07,0.012094285899737683,4583,brabazon course at the belfry
23610,"Crocker, Sean",4200,yas links,sg_total,0.5189228801589404,2023-01-22,0.011237397818896247,4583,brabazon course at the belfry
23610,"Crocker, Sean",4230,kingsbarns golf links,sg_total,0.5906686964874246,2023-10-08,0.009861735297980248,4583,brabazon course at the belfry
23610,"Crocker, Sean",3779,royal golf dar es salam red course,sg_total,0.2622387318069171,2019-04-28,0.008638630568701525,4583,brabazon course at the belfry
23610,"Crocker, Sean",4030,gary player cc,sg_total,0.5010747437014489,2022-11-13,0.0068764601511011915,4583,brabazon course at the belfry
23610,"Crocker, Sean",4827,blackstone course mission hills,sg_total,0.9245020599315531,2026-03-22,0.006510847656696133,4583,brabazon course at the belfry
23610,"Crocker, Sean",3793,crans-sur-sierre gc,sg_total,0.2792912876603469,2019-09-01,0.006030409494390464,4583,brabazon course at the belfry
23610,"Crocker, Sean",3626,racv royal pines resort,sg_total,0.20311153851913738,2017-12-03,0.005494240219952162,4583,brabazon course at the belfry
23610,"Crocker, Sean",3494,hong kong gc,sg_total,0.2024018907423617,2017-11-26,0.004810616286036231,4583,brabazon course at the belfry
23610,"Crocker, Sean",4076,zebula golf estate  spa,sg_total,0.3433516974975665,2020-10-18,0.004453927291517373,4583,brabazon course at the belfry
23610,"Crocker, Sean",4731,houghton gc,sg_total,0.9180531430541589,2026-03-08,0.004219381695093222,4583,brabazon course at the belfry
23610,"Crocker, Sean",658,Carnoustie GC,sg_total,0.22797940113688214,2018-07-22,0.003309655101428086,4583,brabazon course at the belfry
23610,"Crocker, Sean",3763,racv royal pines resort,sg_total,0.24365548454833486,2018-12-02,0.002962669437486764,4583,brabazon course at the belfry
23610,"Crocker, Sean",4186,emirates gc,sg_total,0.520742292353521,2023-01-29,0.0019434831776558796,4583,brabazon course at the belfry
23610,"Crocker, Sean",3637,emirates gc,sg_total,0.20887902966927693,2018-01-28,0.0013267859230530954,4583,brabazon course at the belfry
23610,"Crocker, Sean",3769,royal greens,sg_total,0.25145279522530517,2019-02-03,0.0012494311768794278,4583,brabazon course at the belfry
23610,"Crocker, Sean",934,Hurstbourne Country Club,sg_total,0.9777512371933363,2026-07-12,0.0007677820576846788,4583,brabazon course at the belfry
23610,"Crocker, Sean",4559,leopard creek cc,sg_total,0.733813771398553,2024-12-15,0.0006633509840463092,4583,brabazon course at the belfry
23610,"Crocker, Sean",4372,al hamra gc,sg_total,0.6246898452608237,2024-01-28,-0.00028022714078424643,4583,brabazon course at the belfry
23610,"Crocker, Sean",4181,blair atholl golf & equestrian estate,sg_total,0.5063637471859777,2022-12-04,-0.00036179804697219396,4583,brabazon course at the belfry
23610,"Crocker, Sean",3972,golf santa ponsa,sg_total,0.41333370907465194,2021-10-24,-0.0007096574523134681,4583,brabazon course at the belfry
23610,"Crocker, Sean",3903,13th beach gc beach course,sg_total,0.30270395418214285,2020-02-09,-0.001440636282425265,4583,brabazon course at the belfry
23610,"Crocker, Sean",3762,hong kong gc,sg_total,0.24280418100265946,2018-11-25,-0.001704270543475243,4583,brabazon course at the belfry
23610,"Crocker, Sean",4584,crans-sur-sierre gc,sg_total,0.835270211411272,2025-08-31,-0.0019134612426214054,4583,brabazon course at the belfry
23610,"Crocker, Sean",3943,meloneras golf,sg_total,0.37738099689684185,2021-04-25,-0.0026363253595413985,4583,brabazon course at the belfry
23610,"Crocker, Sean",3906,al mouj golf,sg_total,0.305899090813104,2020-03-01,-0.0033957891695650397,4583,brabazon course at the belfry
23610,"Crocker, Sean",4371,emirates gc,sg_total,0.6225072525676867,2024-01-21,-0.0037140577939538152,4583,brabazon course at the belfry
23610,"Crocker, Sean",3774,doha gc,sg_total,0.25589194844208374,2019-03-10,-0.004016314826252387,4583,brabazon course at the belfry
23610,"Crocker, Sean",3862,himmerland golf & spa resort,sg_total,0.647201464831364,2021-05-30,-0.004133123904051765,4583,brabazon course at the belfry
23610,"Crocker, Sean",4382,rinkven international gc,sg_total,0.6629869316007273,2024-05-26,-0.004439720047539693,4583,brabazon course at the belfry
23610,"Crocker, Sean",4075,doha gc,sg_total,0.4464177973920421,2022-03-27,-0.00607793352469996,4583,brabazon course at the belfry
23610,"Crocker, Sean",4721,royal queensland gc,sg_total,0.8741528788765721,2025-11-30,-0.006950876466202602,4583,brabazon course at the belfry
23610,"Crocker, Sean",4375,laguna national g&cc classic course,sg_total,0.6424283409681188,2024-03-24,-0.008055446414691575,4583,brabazon course at the belfry
23610,"Crocker, Sean",3792,hills golf & sports club,sg_total,0.27831547681864865,2019-08-25,-0.010092438490526245,4583,brabazon course at the belfry
23610,"Crocker, Sean",4619,regnum carya golf & spa resort,sg_total,0.7897806739328027,2025-05-11,-0.010732581465687573,4583,brabazon course at the belfry
23610,"Crocker, Sean",3981,emirates gc,sg_total,0.43409147291705774,2022-01-30,-0.01253133280830368,4583,brabazon course at the belfry
23610,"Crocker, Sean",3898,randpark gc firethorn course,sg_total,0.647908861828359,2020-11-22,-0.01340223266363769,4583,brabazon course at the belfry
23610,"Crocker, Sean",4817,national gc,sg_total,0.9441218903864221,2026-05-03,-0.01684861684245122,4583,brabazon course at the belfry
23610,"Crocker, Sean",4017,real club valderrama,sg_total,0.4941085742561417,2022-10-16,-0.026367140792847535,4583,brabazon course at the belfry
23610,"Crocker, Sean",4358,royal queensland gc,sg_total,0.6053188106462242,2023-11-26,-0.026760629627448827,4583,brabazon course at the belfry
23610,"Crocker, Sean",654,The Country Club,sg_total,0.46556665611623754,2022-06-19,-0.029650225984326272,4583,brabazon course at the belfry
23610,"Crocker, Sean",4782,dlf g&cc player course,sg_total,0.9277434863285529,2026-03-29,-0.0340358777082314,4583,brabazon course at the belfry
23610,"Crocker, Sean",4227,le golf national,sg_total,0.5865484532875249,2023-09-24,-0.04243682951203114,4583,brabazon course at the belfry
27149,"Da Costa Rodrigues, Daniel",4827,blackstone course mission hills,sg_total,0.9245020599315531,2026-03-22,0.03378579430484398,4583,brabazon course at the belfry
27149,"Da Costa Rodrigues, Daniel",4817,national gc,sg_total,0.9441218903864221,2026-05-03,0.033761431003757815,4583,brabazon course at the belfry
27149,"Da Costa Rodrigues, Daniel",4786,circolo golf torino,sg_total,0.9709308776411942,2026-06-28,0.03305624282407527,4583,brabazon course at the belfry
27149,"Da Costa Rodrigues, Daniel",4654,royal óbidos spa & golf resort,sg_total,0.8411376148446232,2025-09-14,0.013426071918996111,4583,brabazon course at the belfry
27149,"Da Costa Rodrigues, Daniel",4721,royal queensland gc,sg_total,0.8741528788765721,2025-11-30,0.007760842346925471,4583,brabazon course at the belfry
27149,"Da Costa Rodrigues, Daniel",4487,golf bluegreen de pléneuf val andré,sg_total,0.6723340256326573,2024-06-23,0.002976350079765097,4583,brabazon course at the belfry
27149,"Da Costa Rodrigues, Daniel",4651,vierumäki resort,sg_total,0.8294437363854039,2025-08-17,-0.0023182458753953023,4583,brabazon course at the belfry
27149,"Da Costa Rodrigues, Daniel",4782,dlf g&cc player course,sg_total,0.9277434863285529,2026-03-29,-0.0255009259162001,4583,brabazon course at the belfry
17068,"Daffue, MJ",807,Lakewood National Golf Club - Commander Course,sg_total,1.2198141401793443,2025-04-19,0.022604654888690966,4583,brabazon course at the belfry
17068,"Daffue, MJ",876,Detroit Golf Club,sg_total,0.5624235866989392,2023-07-02,0.011038144976434188,4583,brabazon course at the belfry
17068,"Daffue, MJ",714,TPC Louisiana,sg_total,0.5430792615475027,2023-04-23,0.01026408603781811,4583,brabazon course at the belfry
17068,"Daffue, MJ",734,PGA National Resort (The Champion),sg_total,0.5280839561798034,2023-02-26,0.010244623350711942,4583,brabazon course at the belfry
17068,"Daffue, MJ",654,The Country Club,sg_total,0.46556665611623754,2022-06-19,0.008589599952732821,4583,brabazon course at the belfry
17068,"Daffue, MJ",810,Blue Hills Country Club,sg_total,2.1763952618313818,2025-05-18,0.00847421597679877,4583,brabazon course at the belfry
17068,"Daffue, MJ",62,The Ledges,sg_total,0.4542988670756955,2022-05-01,0.005524739124559295,4583,brabazon course at the belfry
17068,"Daffue, MJ",934,Hurstbourne Country Club,sg_total,0.8150547419175087,2025-07-13,0.003616523931184188,4583,brabazon course at the belfry
17068,"Daffue, MJ",890,Tahoe Mountain Club (Old Greenwood),sg_total,1.2964668354752682,2023-07-23,0.002687133536337086,4583,brabazon course at the belfry
17068,"Daffue, MJ",897,Memorial Park Golf Course,sg_total,0.9187713216994478,2022-11-13,0.0011613727705976863,4583,brabazon course at the belfry
17068,"Daffue, MJ",108,Mactaquac Golf Course,sg_total,0.7652903306228256,2025-03-09,0.0008236613096529725,4583,brabazon course at the belfry
17068,"Daffue, MJ",23,Muirfield Village Golf Club,sg_total,0.5546045176793348,2023-06-04,-0.0032541564260250124,4583,brabazon course at the belfry
17068,"Daffue, MJ",800,The Abaco Club on Winding Bay,sg_total,0.747889529312135,2025-01-22,-0.005869384953155048,4583,brabazon course at the belfry
17068,"Daffue, MJ",978,Vidanta Vallarta,sg_total,1.1784803786010745,2024-02-25,-0.027736733594235445,4583,brabazon course at the belfry
17068,"Daffue, MJ",765,Port Royal Golf Course,sg_total,1.822287800893402,2024-11-17,-0.03039790241567208,4583,brabazon course at the belfry
17068,"Daffue, Mj",4782,dlf g&cc player course,sg_total,0.9277434863285529,2026-03-29,0.0562152086162964,4583,brabazon course at the belfry
17068,"Daffue, Mj",4817,national gc,sg_total,0.9441218903864221,2026-05-03,0.022834249488580583,4583,brabazon course at the belfry
17068,"Daffue, Mj",4181,blair atholl golf & equestrian estate,sg_total,0.5063637471859777,2022-12-04,0.004186104379358803,4583,brabazon course at the belfry
17068,"Daffue, Mj",3935,gary player cc,sg_total,0.3518677092565612,2020-12-06,0.0008602332180123393,4583,brabazon course at the belfry
17068,"Daffue, Mj",4731,houghton gc,sg_total,0.9180531430541589,2026-03-08,-0.00014347615587665874,4583,brabazon course at the belfry
17068,"Daffue, Mj",4371,emirates gc,sg_total,0.6225072525676867,2024-01-21,-0.0019393209941176047,4583,brabazon course at the belfry
17068,"Daffue, Mj",4584,crans-sur-sierre gc,sg_total,0.835270211411272,2025-08-31,-0.003705248037318882,4583,brabazon course at the belfry
17068,"Daffue, Mj",3898,randpark gc firethorn course,sg_total,0.34941323597069013,2020-11-22,-0.010094329979613972,4583,brabazon course at the belfry
17068,"Daffue, Mj",4402,le golf national,sg_total,0.7110589082064097,2024-10-13,-0.01531292227117602,4583,brabazon course at the belfry
14018,"Dantorp, Jens",4817,national gc,sg_total,0.9441218903864221,2026-05-03,0.018262486990223824,4583,brabazon course at the belfry
14018,"Dantorp, Jens",4104,iberostar real club de golf novo sancti petri,sg_total,0.4590941362868942,2022-05-22,0.012754669687798335,4583,brabazon course at the belfry
14018,"Dantorp, Jens",890,Tahoe Mountain Club (Old Greenwood),sg_total,0.5683601467575404,2023-07-23,0.012297689860006046,4583,brabazon course at the belfry
14018,"Dantorp, Jens",4227,le golf national,sg_total,0.5865484532875249,2023-09-24,0.011967968251032694,4583,brabazon course at the belfry
14018,"Dantorp, Jens",4235,gary player cc,sg_total,0.6010963747389753,2023-11-12,0.011381759299111975,4583,brabazon course at the belfry
14018,"Dantorp, Jens",4186,emirates gc,sg_total,0.520742292353521,2023-01-29,0.008365534219725397,4583,brabazon course at the belfry
14018,"Dantorp, Jens",4236,jumeirah golf estates,sg_total,0.6032038980649524,2023-11-19,0.006798582907753183,4583,brabazon course at the belfry
14018,"Dantorp, Jens",4051,golf pga france du vaudreuil,sg_total,0.47048086042893056,2022-07-10,0.0065595275524707826,4583,brabazon course at the belfry
14018,"Dantorp, Jens",4786,circolo golf torino,sg_total,0.9709308776411942,2026-06-28,0.006408205093079419,4583,brabazon course at the belfry
14018,"Dantorp, Jens",3774,doha gc,sg_total,0.25589194844208374,2019-03-10,0.005583025175071768,4583,brabazon course at the belfry
14018,"Dantorp, Jens",3650,wentworth golf club,sg_total,0.22168451753581914,2018-05-27,0.00419735217253802,4583,brabazon course at the belfry
14018,"Dantorp, Jens",3792,hills golf & sports club,sg_total,0.27831547681864865,2019-08-25,0.004089648670716753,4583,brabazon course at the belfry
14018,"Dantorp, Jens",3793,crans-sur-sierre gc,sg_total,0.2792912876603469,2019-09-01,0.003837726436325811,4583,brabazon course at the belfry
14018,"Dantorp, Jens",3520,diamond cc,sg_total,0.18609462464127785,2017-06-11,0.0037196873438129943,4583,brabazon course at the belfry
14018,"Dantorp, Jens",3544,verdura gc,sg_total,0.404288998271078,2018-05-13,0.0036610782476544546,4583,brabazon course at the belfry
14018,"Dantorp, Jens",4375,laguna national g&cc classic course,sg_total,0.6424283409681188,2024-03-24,0.003506320338612852,4583,brabazon course at the belfry
14018,"Dantorp, Jens",4582,furesø golf klub,sg_total,0.8294437363854039,2025-08-17,0.003381534871418552,4583,brabazon course at the belfry
14018,"Dantorp, Jens",4621,gut altentann gc,sg_total,0.798117060447891,2025-06-01,0.0033303113551534738,4583,brabazon course at the belfry
14018,"Dantorp, Jens",3916,vierumäki resort,sg_total,0.39772279950933415,2021-08-08,0.0033220839722726075,4583,brabazon course at the belfry
14018,"Dantorp, Jens",4183,mont choisy le golf,sg_total,0.5099207283259416,2022-12-18,0.003127313102666258,4583,brabazon course at the belfry
14018,"Dantorp, Jens",3649,rinkven international gc,sg_total,0.2209099779593782,2018-05-20,0.0025422631468106954,4583,brabazon course at the belfry
14018,"Dantorp, Jens",4559,leopard creek cc,sg_total,0.733813771398553,2024-12-15,0.002196963174896425,4583,brabazon course at the belfry
14018,"Dantorp, Jens",4075,doha gc,sg_total,0.4464177973920421,2022-03-27,0.002064221040812736,4583,brabazon course at the belfry
14018,"Dantorp, Jens",4782,dlf g&cc player course,sg_total,0.9277434863285529,2026-03-29,0.0017335334789130628,4583,brabazon course at the belfry
14018,"Dantorp, Jens",4377,genzon gc,sg_total,0.6560619883935562,2024-05-05,0.0010592888911618433,4583,brabazon course at the belfry
14018,"Dantorp, Jens",3862,himmerland golf & spa resort,sg_total,0.2631581754560287,2019-05-05,0.0004178479837319708,4583,brabazon course at the belfry
14018,"Dantorp, Jens",4181,blair atholl golf & equestrian estate,sg_total,0.5063637471859777,2022-12-04,0.00036725688636171693,4583,brabazon course at the belfry
14018,"Dantorp, Jens",3762,hong kong gc,sg_total,0.24280418100265946,2018-11-25,0.00015794304079734084,4583,brabazon course at the belfry
14018,"Dantorp, Jens",3769,royal greens,sg_total,0.25145279522530517,2019-02-03,0.0001442052428895859,4583,brabazon course at the belfry
14018,"Dantorp, Jens",3678,walton heath gc,sg_total,0.2377584587145598,2018-10-14,8.547062572661863e-06,4583,brabazon course at the belfry
14018,"Dantorp, Jens",3779,royal golf dar es salam red course,sg_total,0.2622387318069171,2019-04-28,-0.00016703685051607878,4583,brabazon course at the belfry
14018,"Dantorp, Jens",3674,regnum carya golf & spa resort,sg_total,0.2402680749592907,2018-11-04,-0.0001710583887269199,4583,brabazon course at the belfry
14018,"Dantorp, Jens",4150,st. mellion estate,sg_total,0.4923822171335323,2022-10-09,-0.0005097441136831912,4583,brabazon course at the belfry
14018,"Dantorp, Jens",3926,hinton golf club,sg_total,0.3813643734941895,2021-05-16,-0.0008944830865626821,4583,brabazon course at the belfry
14018,"Dantorp, Jens",43,The Los Angeles Country Club (North Course),sg_total,0.5585003688742262,2023-06-18,-0.001694343543680065,4583,brabazon course at the belfry
14018,"Dantorp, Jens",3519,barsebäck g&cc,sg_total,0.18544443195597088,2017-06-04,-0.003427400427770458,4583,brabazon course at the belfry
14018,"Dantorp, Jens",4063,golf international de pont royal,sg_total,0.4906618916992401,2022-10-02,-0.0037614223489770265,4583,brabazon course at the belfry
14018,"Dantorp, Jens",4237,club at steyn city,sg_total,0.5355291261520809,2023-03-26,-0.0038383226094492787,4583,brabazon course at the belfry
14018,"Dantorp, Jens",3494,hong kong gc,sg_total,0.2024018907423617,2017-11-26,-0.0038729579670314005,4583,brabazon course at the belfry
14018,"Dantorp, Jens",3651,diamond cc,sg_total,0.3269330072071321,2020-07-12,-0.0041223998138841195,4583,brabazon course at the belfry
14018,"Dantorp, Jens",3664,silkeborg ry gc,sg_total,0.2328175917601019,2018-09-02,-0.004875007031826005,4583,brabazon course at the belfry
14018,"Dantorp, Jens",4066,club de golf alcanada,sg_total,0.4993240476038332,2022-11-06,-0.0055983676032644826,4583,brabazon course at the belfry
14018,"Dantorp, Jens",4369,la reserve gc,sg_total,0.6117081434533598,2023-12-17,-0.005848048640210811,4583,brabazon course at the belfry
14018,"Dantorp, Jens",4302,jack nicklaus golf club korea,sg_total,0.544983369207548,2023-04-30,-0.005866819139062692,4583,brabazon course at the belfry
14018,"Dantorp, Jens",3802,dom pedro victoria golf course,sg_total,0.28722195492640357,2019-10-27,-0.007230381639388411,4583,brabazon course at the belfry
14018,"Dantorp, Jens",4619,regnum carya golf & spa resort,sg_total,0.7897806739328027,2025-05-11,-0.008419166044616446,4583,brabazon course at the belfry
14018,"Dantorp, Jens",4402,le golf national,sg_total,0.7110589082064097,2024-10-13,-0.00977633416041749,4583,brabazon course at the belfry
14018,"Dantorp, Jens",658,Carnoustie GC,sg_total,0.22797940113688214,2018-07-22,-0.010374849450955723,4583,brabazon course at the belfry
14018,"Dantorp, Jens",3501,royal johannesburg west course,sg_total,0.17657668871613386,2017-02-26,-0.010500592597479576,4583,brabazon course at the belfry
14018,"Dantorp, Jens",4011,himmerland golf & spa resort,sg_total,0.483840486467991,2022-09-04,-0.011118964304344947,4583,brabazon course at the belfry
14018,"Dantorp, Jens",4200,yas links,sg_total,0.5189228801589404,2023-01-22,-0.01204451775193289,4583,brabazon course at the belfry
14018,"Dantorp, Jens",934,Hurstbourne Country Club,sg_total,1.792805979110845,2026-07-12,-0.013776733699932665,4583,brabazon course at the belfry
14018,"Dantorp, Jens",4382,rinkven international gc,sg_total,0.6629869316007273,2024-05-26,-0.014557908119269596,4583,brabazon course at the belfry
14018,"Dantorp, Jens",4372,al hamra gc,sg_total,0.6246898452608237,2024-01-28,-0.014746893486626817,4583,brabazon course at the belfry
14018,"Dantorp, Jens",4095,links,sg_total,0.43714077332761425,2022-02-13,-0.018301589510947732,4583,brabazon course at the belfry
14018,"Dantorp, Jens",4724,royal johannesburg east course,sg_total,0.880293415834221,2025-12-14,-0.019724529955895614,4583,brabazon course at the belfry
14018,"Dantorp, Jens",4062,golf saint apollinaire,sg_total,0.4889475768792571,2022-09-25,-0.025146476489569317,4583,brabazon course at the belfry
14018,"Dantorp, Jens",4371,emirates gc,sg_total,0.6225072525676867,2024-01-21,-0.031724873653175036,4583,brabazon course at the belfry
12821,"De Jager, Louis",4016,club de campo villa de madrid,sg_total,0.4923822171335323,2022-10-09,0.013400196444323437,4583,brabazon course at the belfry
12821,"De Jager, Louis",4193,kingsbarns golf links,sg_total,0.4906618916992401,2022-10-02,0.012876920358736875,4583,brabazon course at the belfry
12821,"De Jager, Louis",4227,le golf national,sg_total,0.5865484532875249,2023-09-24,0.011403193934531127,4583,brabazon course at the belfry
12821,"De Jager, Louis",4372,al hamra gc,sg_total,0.6246898452608237,2024-01-28,0.011373080172975596,4583,brabazon course at the belfry
12821,"De Jager, Louis",4186,emirates gc,sg_total,0.520742292353521,2023-01-29,0.006222492202732546,4583,brabazon course at the belfry
12821,"De Jager, Louis",3802,dom pedro victoria golf course,sg_total,0.28722195492640357,2019-10-27,0.006066393726581384,4583,brabazon course at the belfry
12821,"De Jager, Louis",4075,doha gc,sg_total,0.4464177973920421,2022-03-27,0.005880166423326704,4583,brabazon course at the belfry
12821,"De Jager, Louis",3906,al mouj golf,sg_total,0.305899090813104,2020-03-01,0.005730186044629748,4583,brabazon course at the belfry
12821,"De Jager, Louis",3935,gary player cc,sg_total,0.3518677092565612,2020-12-06,0.005315459855738161,4583,brabazon course at the belfry
12821,"De Jager, Louis",3972,golf santa ponsa,sg_total,0.41333370907465194,2021-10-24,0.004747898441689852,4583,brabazon course at the belfry
12821,"De Jager, Louis",4183,mont choisy le golf,sg_total,0.5099207283259416,2022-12-18,0.004608695060686872,4583,brabazon course at the belfry
12821,"De Jager, Louis",3774,doha gc,sg_total,0.25589194844208374,2019-03-10,0.003679414589489779,4583,brabazon course at the belfry
12821,"De Jager, Louis",4221,galgorm castle golf club,sg_total,0.5763731489488771,2023-08-20,0.003139090425522196,4583,brabazon course at the belfry
12821,"De Jager, Louis",3495,glendower gc,sg_total,0.17290724229171636,2017-01-15,0.0030777048898872113,4583,brabazon course at the belfry
12821,"De Jager, Louis",3793,crans-sur-sierre gc,sg_total,0.2792912876603469,2019-09-01,0.002762844797536065,4583,brabazon course at the belfry
12821,"De Jager, Louis",4371,emirates gc,sg_total,0.6225072525676867,2024-01-21,0.0021968486972812843,4583,brabazon course at the belfry
12821,"De Jager, Louis",4095,links,sg_total,0.43714077332761425,2022-02-13,0.002071321220356219,4583,brabazon course at the belfry
12821,"De Jager, Louis",4235,gary player cc,sg_total,0.6010963747389753,2023-11-12,0.0013336661440383798,4583,brabazon course at the belfry
12821,"De Jager, Louis",3792,hills golf & sports club,sg_total,0.27831547681864865,2019-08-25,0.0012436584660450044,4583,brabazon course at the belfry
12821,"De Jager, Louis",3898,randpark gc firethorn course,sg_total,0.647908861828359,2020-11-22,0.0011984677496286278,4583,brabazon course at the belfry
12821,"De Jager, Louis",4200,yas links,sg_total,0.5189228801589404,2023-01-22,0.0005811802670187684,4583,brabazon course at the belfry
12821,"De Jager, Louis",3765,randpark gc firethorn course,sg_total,0.2445097728767429,2018-12-09,0.0002741264849058807,4583,brabazon course at the belfry
12821,"De Jager, Louis",4369,la reserve gc,sg_total,0.6117081434533598,2023-12-17,-0.0001937802325663113,4583,brabazon course at the belfry
12821,"De Jager, Louis",3862,himmerland golf & spa resort,sg_total,0.2631581754560287,2019-05-05,-0.0002898426209426926,4583,brabazon course at the belfry
12821,"De Jager, Louis",4017,real club valderrama,sg_total,0.4941085742561417,2022-10-16,-0.0006804827134288168,4583,brabazon course at the belfry
12821,"De Jager, Louis",4035,royal cape golf club,sg_total,0.4386734466479678,2022-02-20,-0.0012284264272796918,4583,brabazon course at the belfry
12821,"De Jager, Louis",4237,club at steyn city,sg_total,0.5355291261520809,2023-03-26,-0.0018117689354107283,4583,brabazon course at the belfry
12821,"De Jager, Louis",4302,jack nicklaus golf club korea,sg_total,0.544983369207548,2023-04-30,-0.0020584840235346237,4583,brabazon course at the belfry
12821,"De Jager, Louis",4375,laguna national g&cc classic course,sg_total,0.6424283409681188,2024-03-24,-0.003710744415125146,4583,brabazon course at the belfry
12821,"De Jager, Louis",3943,meloneras golf,sg_total,0.37738099689684185,2021-04-25,-0.0044859349781600525,4583,brabazon course at the belfry
12821,"De Jager, Louis",3779,royal golf dar es salam red course,sg_total,0.2622387318069171,2019-04-28,-0.0051728222047524725,4583,brabazon course at the belfry
12821,"De Jager, Louis",3903,13th beach gc beach course,sg_total,0.30270395418214285,2020-02-09,-0.007372193432375418,4583,brabazon course at the belfry
12821,"De Jager, Louis",4382,rinkven international gc,sg_total,0.6629869316007273,2024-05-26,-0.007497718872976331,4583,brabazon course at the belfry
12821,"De Jager, Louis",4181,blair atholl golf & equestrian estate,sg_total,0.5063637471859777,2022-12-04,-0.010056822743452062,4583,brabazon course at the belfry
12821,"De Jager, Louis",4377,genzon gc,sg_total,0.6560619883935562,2024-05-05,-0.012650450170133437,4583,brabazon course at the belfry
12821,"De Jager, Louis",4559,leopard creek cc,sg_total,0.733813771398553,2024-12-15,-0.013363193975900096,4583,brabazon course at the belfry
12821,"De Jager, Louis",4724,royal johannesburg east course,sg_total,0.880293415834221,2025-12-14,-0.020070817005362132,4583,brabazon course at the belfry
12821,"De Jager, Louis",4402,le golf national,sg_total,0.7110589082064097,2024-10-13,-0.02557069579405282,4583,brabazon course at the belfry
26506,"De Leo, Gregorio",4582,furesø golf klub,sg_total,0.8294437363854039,2025-08-17,0.03298670877859184,4583,brabazon course at the belfry
26506,"De Leo, Gregorio",4817,national gc,sg_total,0.9441218903864221,2026-05-03,0.021351238454201074,4583,brabazon course at the belfry
26506,"De Leo, Gregorio",4563,sanya luhuitou gc,sg_total,0.7110589082064097,2024-10-13,0.018044570704761995,4583,brabazon course at the belfry
26506,"De Leo, Gregorio",4618,montagu,sg_total,0.7572968215143355,2025-02-16,0.015436123589752439,4583,brabazon course at the belfry
26506,"De Leo, Gregorio",4517,iberostar real club de golf novo sancti petri,sg_total,0.6676441212689289,2024-06-09,0.01347301025530371,4583,brabazon course at the belfry
26506,"De Leo, Gregorio",4721,royal queensland gc,sg_total,0.8741528788765721,2025-11-30,0.010883085545529157,4583,brabazon course at the belfry
26506,"De Leo, Gregorio",4486,kaskáda golf resort,sg_total,0.669984969788664,2024-06-16,0.009966916998704552,4583,brabazon course at the belfry
26506,"De Leo, Gregorio",4619,regnum carya golf & spa resort,sg_total,0.7897806739328027,2025-05-11,0.007914012585615946,4583,brabazon course at the belfry
26506,"De Leo, Gregorio",4271,askersunds golfklubb,sg_total,0.5783939893780083,2023-08-27,0.007386704243828915,4583,brabazon course at the belfry
26506,"De Leo, Gregorio",4484,royal óbidos spa & golf resort,sg_total,0.7011734432085724,2024-09-15,0.006043175825915072,4583,brabazon course at the belfry
26506,"De Leo, Gregorio",4056,frederikshavn golfklub,sg_total,0.47878673996045235,2022-08-14,0.0046080944416281985,4583,brabazon course at the belfry
26506,"De Leo, Gregorio",4584,crans-sur-sierre gc,sg_total,0.835270211411272,2025-08-31,0.003556034161792242,4583,brabazon course at the belfry
26506,"De Leo, Gregorio",4637,classic golf & country club,sg_total,0.7706661563760512,2025-03-23,0.0032509113655518817,4583,brabazon course at the belfry
26506,"De Leo, Gregorio",4221,galgorm castle golf club,sg_total,0.5763731489488771,2023-08-20,0.0031548192695506805,4583,brabazon course at the belfry
26506,"De Leo, Gregorio",4267,wittelsbacher golfclub,sg_total,0.5683601467575404,2023-07-23,0.0022387682721468592,4583,brabazon course at the belfry
26506,"De Leo, Gregorio",4266,gc adamstal,sg_total,0.5663743633919324,2023-07-16,0.0016361708587210783,4583,brabazon course at the belfry
26506,"De Leo, Gregorio",4301,golf nazionale,sg_total,0.5643955181193583,2023-07-09,6.55281477672121e-05,4583,brabazon course at the belfry
26506,"De Leo, Gregorio",4487,golf bluegreen de pléneuf val andré,sg_total,0.6723340256326573,2024-06-23,-0.0024296712230289954,4583,brabazon course at the belfry
26506,"De Leo, Gregorio",4485,hangzhou west lake golf club,sg_total,0.7135519747065024,2024-10-20,-0.00416987530793963,4583,brabazon course at the belfry
26506,"De Leo, Gregorio",4317,twentsche gc,sg_total,0.550735842216777,2023-05-21,-0.0044432540289375795,4583,brabazon course at the belfry
26506,"De Leo, Gregorio",4782,dlf g&cc player course,sg_total,0.9277434863285529,2026-03-29,-0.008043512343484794,4583,brabazon course at the belfry
26506,"De Leo, Gregorio",4786,circolo golf torino,sg_total,0.9709308776411942,2026-06-28,-0.008616265890099615,4583,brabazon course at the belfry
26506,"De Leo, Gregorio",4489,golf saint apollinaire,sg_total,0.7060988762143844,2024-09-29,-0.00899450323315639,4583,brabazon course at the belfry
26506,"De Leo, Gregorio",4653,rosa golf club,sg_total,0.8381987791551844,2025-09-07,-0.012282215124415515,4583,brabazon course at the belfry
26506,"De Leo, Gregorio",4827,blackstone course mission hills,sg_total,0.9245020599315531,2026-03-22,-0.027404563201807806,4583,brabazon course at the belfry
26506,"De Leo, Gregorio",4529,argentario gc,sg_total,0.7036318499619978,2024-09-22,-0.029425272501282476,4583,brabazon course at the belfry
26506,"De Leo, Gregorio",4621,gut altentann gc,sg_total,0.798117060447891,2025-06-01,-0.030662611778300108,4583,brabazon course at the belfry
16497,"Dean, Joe",4382,rinkven international gc,sg_total,0.6629869316007273,2024-05-26,0.022433683584307303,4583,brabazon course at the belfry
16497,"Dean, Joe",4402,le golf national,sg_total,0.7110589082064097,2024-10-13,0.013377089106113196,4583,brabazon course at the belfry
16497,"Dean, Joe",4782,dlf g&cc player course,sg_total,0.9277434863285529,2026-03-29,0.010950677240869258,4583,brabazon course at the belfry
16497,"Dean, Joe",4621,gut altentann gc,sg_total,0.798117060447891,2025-06-01,0.009963425459363724,4583,brabazon course at the belfry
16497,"Dean, Joe",4592,yas links,sg_total,0.8650222931107413,2025-11-09,0.005710295835106708,4583,brabazon course at the belfry
16497,"Dean, Joe",4786,circolo golf torino,sg_total,0.9709308776411942,2026-06-28,0.00019397832692504824,4583,brabazon course at the belfry
16497,"Dean, Joe",4817,national gc,sg_total,0.9441218903864221,2026-05-03,-0.003204354379560691,4583,brabazon course at the belfry
16497,"Dean, Joe",4582,furesø golf klub,sg_total,0.8294437363854039,2025-08-17,-0.005780213794622065,4583,brabazon course at the belfry
16497,"Dean, Joe",4731,houghton gc,sg_total,0.9180531430541589,2026-03-08,-0.009445532616036206,4583,brabazon course at the belfry
16497,"Dean, Joe",4559,leopard creek cc,sg_total,0.733813771398553,2024-12-15,-0.017605477682088193,4583,brabazon course at the belfry
16497,"Dean, Joe",4619,regnum carya golf & spa resort,sg_total,0.7897806739328027,2025-05-11,-0.02059111941779029,4583,brabazon course at the belfry
16497,"Dean, Joe",4724,royal johannesburg east course,sg_total,0.880293415834221,2025-12-14,-0.02619988176177186,4583,brabazon course at the belfry
25325,"Debove , Quentin",4827,blackstone course mission hills,sg_total,0.9245020599315531,2026-03-22,0.036375438372877614,4583,brabazon course at the belfry
25325,"Debove , Quentin",4786,circolo golf torino,sg_total,0.9709308776411942,2026-06-28,0.010109330598232553,4583,brabazon course at the belfry
25325,"Debove , Quentin",4267,wittelsbacher golfclub,sg_total,0.5683601467575404,2023-07-23,0.00937125283774094,4583,brabazon course at the belfry
25325,"Debove , Quentin",4817,national gc,sg_total,0.9441218903864221,2026-05-03,0.0010270267929168202,4583,brabazon course at the belfry
25325,"Debove , Quentin",4644,golf bluegreen de pléneuf val andré,sg_total,0.8065414401773269,2025-06-22,-0.003994580375334177,4583,brabazon course at the belfry
25325,"Debove , Quentin",4051,golf pga france du vaudreuil,sg_total,0.47048086042893056,2022-07-10,-0.019061684422430922,4583,brabazon course at the belfry
25325,"Debove , Quentin",4782,dlf g&cc player course,sg_total,0.9277434863285529,2026-03-29,-0.055096072640687783,4583,brabazon course at the belfry
25325,"Debove, Quentin",108,Mactaquac Golf Course,sg_total,0.9180531430541589,2026-03-08,0.0016317124442591121,4583,brabazon course at the belfry
22259,"Del Rey, Alejandro",4592,yas links,sg_total,0.8650222931107413,2025-11-09,0.020211522385646597,4583,brabazon course at the belfry
22259,"Del Rey, Alejandro",4603,kingsbarns golf links,sg_total,0.8500160902253981,2025-10-05,0.019456338667410183,4583,brabazon course at the belfry
22259,"Del Rey, Alejandro",4375,laguna national g&cc classic course,sg_total,0.6424283409681188,2024-03-24,0.01611248285835182,4583,brabazon course at the belfry
22259,"Del Rey, Alejandro",4237,club at steyn city,sg_total,0.5355291261520809,2023-03-26,0.011529411589507103,4583,brabazon course at the belfry
22259,"Del Rey, Alejandro",4181,blair atholl golf & equestrian estate,sg_total,0.5063637471859777,2022-12-04,0.011268545043722815,4583,brabazon course at the belfry
22259,"Del Rey, Alejandro",4062,golf saint apollinaire,sg_total,0.4889475768792571,2022-09-25,0.010648733259973507,4583,brabazon course at the belfry
22259,"Del Rey, Alejandro",4723,gary player cc,sg_total,0.8772177743910435,2025-12-07,0.009076892075355131,4583,brabazon course at the belfry
22259,"Del Rey, Alejandro",3943,meloneras golf,sg_total,0.37738099689684185,2021-04-25,0.008262018994696578,4583,brabazon course at the belfry
22259,"Del Rey, Alejandro",4817,national gc,sg_total,0.9441218903864221,2026-05-03,0.008173498161327801,4583,brabazon course at the belfry
22259,"Del Rey, Alejandro",4371,emirates gc,sg_total,0.6225072525676867,2024-01-21,0.005736830785611454,4583,brabazon course at the belfry
22259,"Del Rey, Alejandro",4051,golf pga france du vaudreuil,sg_total,0.47048086042893056,2022-07-10,0.004854647117145732,4583,brabazon course at the belfry
22259,"Del Rey, Alejandro",4207,golfclub münchen eichenried,sg_total,0.5604585449744904,2023-06-25,0.004652446827888766,4583,brabazon course at the belfry
22259,"Del Rey, Alejandro",4372,al hamra gc,sg_total,0.6246898452608237,2024-01-28,0.004572450793721262,4583,brabazon course at the belfry
22259,"Del Rey, Alejandro",4104,iberostar real club de golf novo sancti petri,sg_total,0.4590941362868942,2022-05-22,0.0037842005294963605,4583,brabazon course at the belfry
22259,"Del Rey, Alejandro",4809,royal johannesburg east course (par 70),sg_total,0.880293415834221,2025-12-14,0.003557656785427954,4583,brabazon course at the belfry
22259,"Del Rey, Alejandro",3862,himmerland golf & spa resort,sg_total,0.3840432893753353,2021-05-30,0.0015388848255156863,4583,brabazon course at the belfry
22259,"Del Rey, Alejandro",4584,crans-sur-sierre gc,sg_total,0.835270211411272,2025-08-31,0.001085297523087598,4583,brabazon course at the belfry
22259,"Del Rey, Alejandro",4377,genzon gc,sg_total,0.6560619883935562,2024-05-05,0.0009263265905928239,4583,brabazon course at the belfry
22259,"Del Rey, Alejandro",4619,regnum carya golf & spa resort,sg_total,0.7897806739328027,2025-05-11,-0.004783483678344042,4583,brabazon course at the belfry
22259,"Del Rey, Alejandro",4621,gut altentann gc,sg_total,0.798117060447891,2025-06-01,-0.0051257066875453625,4583,brabazon course at the belfry
22259,"Del Rey, Alejandro",4055,vierumäki resort,sg_total,0.4771139155210344,2022-08-07,-0.0052019575161816245,4583,brabazon course at the belfry
22259,"Del Rey, Alejandro",4049,golf blue green de pléneuf val andré,sg_total,0.4671989943381879,2022-06-26,-0.007241883355259907,4583,brabazon course at the belfry
22259,"Del Rey, Alejandro",4227,le golf national,sg_total,0.5865484532875249,2023-09-24,-0.008676296135034404,4583,brabazon course at the belfry
22259,"Del Rey, Alejandro",4066,club de golf alcanada,sg_total,0.4993240476038332,2022-11-06,-0.008862011973850139,4583,brabazon course at the belfry
22259,"Del Rey, Alejandro",4183,mont choisy le golf,sg_total,0.5099207283259416,2022-12-18,-0.009069609130558261,4583,brabazon course at the belfry
22259,"Del Rey, Alejandro",4731,houghton gc,sg_total,0.9180531430541589,2026-03-08,-0.009892488483358702,4583,brabazon course at the belfry
22259,"Del Rey, Alejandro",4063,golf international de pont royal,sg_total,0.4906618916992401,2022-10-02,-0.014995436087851286,4583,brabazon course at the belfry
22259,"Del Rey, Alejandro",4786,circolo golf torino,sg_total,0.9709308776411942,2026-06-28,-0.01547753006671526,4583,brabazon course at the belfry
22259,"Del Rey, Alejandro",4382,rinkven international gc,sg_total,0.6629869316007273,2024-05-26,-0.016205590596615617,4583,brabazon course at the belfry
22259,"Del Rey, Alejandro",4402,le golf national,sg_total,0.7110589082064097,2024-10-13,-0.019889452899767412,4583,brabazon course at the belfry
22259,"Del Rey, Alejandro",714,TPC Louisiana,sg_total,0.7842715137715565,2025-04-27,-0.022584193349809357,4583,brabazon course at the belfry
22259,"Del Rey, Alejandro",4150,st. mellion estate,sg_total,0.4923822171335323,2022-10-09,-0.028775690914401686,4583,brabazon course at the belfry
22259,"Del Rey, Alejandro",4036,durban country club,sg_total,0.4402114937235286,2022-02-27,-0.047003847948608936,4583,brabazon course at the belfry
26193,"Ding, Wenyi",934,Hurstbourne Country Club,sg_total,1.792805979110845,2026-07-12,0.01773141235969768,4583,brabazon course at the belfry
4163,"Donald, Luke",876,Detroit Golf Club,sg_total,2.0251151943164123,2023-07-02,0.019960600314990765,4583,brabazon course at the belfry
4163,"Donald, Luke",23,Muirfield Village Golf Club,sg_total,2.082496941963093,2023-06-04,0.013658910471594591,4583,brabazon course at the belfry
4163,"Donald, Luke",714,TPC Louisiana,sg_total,1.3273507753190592,2025-04-27,0.012286886121720133,4583,brabazon course at the belfry
4163,"Donald, Luke",4030,gary player cc,sg_total,0.5010747437014489,2022-11-13,0.010249223194736055,4583,brabazon course at the belfry
4163,"Donald, Luke",773,Aronimink Golf Club,sg_total,0.9507539286723269,2026-05-17,0.008431567019457013,4583,brabazon course at the belfry
4163,"Donald, Luke",4200,yas links,sg_total,0.5189228801589404,2023-01-22,0.00631211137557235,4583,brabazon course at the belfry
4163,"Donald, Luke",4382,rinkven international gc,sg_total,0.6629869316007273,2024-05-26,0.005941976484126201,4583,brabazon course at the belfry
4163,"Donald, Luke",233,Nicklaus Tournament Course,sg_total,0.43257480847288665,2022-01-23,0.0023473838157589836,4583,brabazon course at the belfry
4163,"Donald, Luke",734,PGA National Resort (The Champion),sg_total,2.5275701711916474,2023-02-26,0.0019238991517755509,4583,brabazon course at the belfry
4163,"Donald, Luke",610,Turnberry (Ailsa),sg_total,0.04400288847761665,2009-07-19,0.0009722967341944229,4583,brabazon course at the belfry
4163,"Donald, Luke",539,Royal Lytham St. Anne,sg_total,0.07623001471101583,2012-07-22,0.0009608508961966347,4583,brabazon course at the belfry
4163,"Donald, Luke",3671,carnoustie,sg_total,0.23692775868212176,2018-10-07,0.0007373130449169897,4583,brabazon course at the belfry
4163,"Donald, Luke",4207,golfclub münchen eichenried,sg_total,0.5604585449744904,2023-06-25,0.00043707350617187477,4583,brabazon course at the belfry
4163,"Donald, Luke",3793,crans-sur-sierre gc,sg_total,0.2792912876603469,2019-09-01,0.0002462033389251974,4583,brabazon course at the belfry
4163,"Donald, Luke",697,Ocean Course at Kiawah Island,sg_total,0.07703464679135964,2012-08-12,-0.0001592421509387354,4583,brabazon course at the belfry
4163,"Donald, Luke",658,Carnoustie GC,sg_total,0.03057721974635008,2007-07-22,-0.000623418372843445,4583,brabazon course at the belfry
4163,"Donald, Luke",528,Pinehurst Resort & Country Club (Course No. 2),sg_total,0.10779758751767567,2014-06-15,-0.0012441219172440595,4583,brabazon course at the belfry
4163,"Donald, Luke",651,The Olympic Club,sg_total,0.07490759438056112,2012-06-17,-0.0020957314572740346,4583,brabazon course at the belfry
4163,"Donald, Luke",4011,himmerland golf & spa resort,sg_total,0.483840486467991,2022-09-04,-0.0022134998860989775,4583,brabazon course at the belfry
4163,"Donald, Luke",800,The Abaco Club on Winding Bay,sg_total,0.1386919489291073,2015-11-01,-0.002988430446905477,4583,brabazon course at the belfry
4163,"Donald, Luke",897,Memorial Park Golf Course,sg_total,0.34697588400329366,2020-11-08,-0.003085819026776486,4583,brabazon course at the belfry
4163,"Donald, Luke",4371,emirates gc,sg_total,0.6225072525676867,2024-01-21,-0.0038068157632739595,4583,brabazon course at the belfry
4163,"Donald, Luke",4621,gut altentann gc,sg_total,0.798117060447891,2025-06-01,-0.004069216178791069,4583,brabazon course at the belfry
4163,"Donald, Luke",4186,emirates gc,sg_total,0.520742292353521,2023-01-29,-0.005190558221519231,4583,brabazon course at the belfry
4163,"Donald, Luke",3678,walton heath gc,sg_total,0.2377584587145598,2018-10-14,-0.005360846961610855,4583,brabazon course at the belfry
4163,"Donald, Luke",32,Glen Abbey GC,sg_total,0.2679842565693741,2015-07-26,-0.005580896236003295,4583,brabazon course at the belfry
4163,"Donald, Luke",700,TPC Boston,sg_total,0.7756069680127854,2016-09-05,-0.005676019041804676,4583,brabazon course at the belfry
4163,"Donald, Luke",243,Trinity Forest Golf Club,sg_total,0.26408084279608046,2019-05-12,-0.0057113112805247624,4583,brabazon course at the belfry
4163,"Donald, Luke",729,Golf Club of Houston,sg_total,0.3756229314678543,2017-04-02,-0.0058119097247937715,4583,brabazon course at the belfry
4163,"Donald, Luke",890,Tahoe Mountain Club (Old Greenwood),sg_total,0.39772279950933415,2021-08-08,-0.0064643155395767826,4583,brabazon course at the belfry
4163,"Donald, Luke",4619,regnum carya golf & spa resort,sg_total,0.7897806739328027,2025-05-11,-0.007255789969934032,4583,brabazon course at the belfry
4163,"Donald, Luke",978,Vidanta Vallarta,sg_total,0.4542988670756955,2022-05-01,-0.010107221732095517,4583,brabazon course at the belfry
4163,"Donald, Luke",765,Port Royal Golf Course,sg_total,1.258125971072934,2022-10-30,-0.010322514283305119,4583,brabazon course at the belfry
4163,"Donald, Luke",503,TPC River Highlands,sg_total,1.6584686418726666,2022-06-26,-0.01748284497528343,4583,brabazon course at the belfry
4163,"Donald, Luke",928,PGA National  - Champion Course,sg_total,0.7626164964050653,2025-03-02,-0.02733915878712402,4583,brabazon course at the belfry
4163,"Donald, Luke",4786,circolo golf torino,sg_total,0.9709308776411942,2026-06-28,-0.03251597529474726,4583,brabazon course at the belfry
19421,"Du Plessis, Hennie",4235,gary player cc,sg_total,0.6010963747389753,2023-11-12,0.020672396018147552,4583,brabazon course at the belfry
19421,"Du Plessis, Hennie",4731,houghton gc,sg_total,0.9180531430541589,2026-03-08,0.01990762672152431,4583,brabazon course at the belfry
19421,"Du Plessis, Hennie",4237,club at steyn city,sg_total,0.5355291261520809,2023-03-26,0.013179610994019179,4583,brabazon course at the belfry
19421,"Du Plessis, Hennie",4071,koro creek golf club,sg_total,0.44798299718474366,2022-04-03,0.011599476184312351,4583,brabazon course at the belfry
19421,"Du Plessis, Hennie",3935,gary player cc,sg_total,0.3518677092565612,2020-12-06,0.010845842974649966,4583,brabazon course at the belfry
19421,"Du Plessis, Hennie",4454,links,sg_total,0.631283645506926,2024-02-18,0.009716205018008916,4583,brabazon course at the belfry
19421,"Du Plessis, Hennie",4016,club de campo villa de madrid,sg_total,0.4923822171335323,2022-10-09,0.009014598974922714,4583,brabazon course at the belfry
19421,"Du Plessis, Hennie",3902,randpark gc bushwillow course,sg_total,0.2984956258576689,2020-01-12,0.008094397472437379,4583,brabazon course at the belfry
19421,"Du Plessis, Hennie",4181,blair atholl golf & equestrian estate,sg_total,0.5063637471859777,2022-12-04,0.00740524268132907,4583,brabazon course at the belfry
19421,"Du Plessis, Hennie",4095,links,sg_total,0.43714077332761425,2022-02-13,0.007244547548225863,4583,brabazon course at the belfry
19421,"Du Plessis, Hennie",4075,doha gc,sg_total,0.4464177973920421,2022-03-27,0.0051566968562364295,4583,brabazon course at the belfry
19421,"Du Plessis, Hennie",4207,golfclub münchen eichenried,sg_total,0.5604585449744904,2023-06-25,0.004626751389595223,4583,brabazon course at the belfry
19421,"Du Plessis, Hennie",3898,randpark gc firethorn course,sg_total,0.34941323597069013,2020-11-22,0.00418306333887033,4583,brabazon course at the belfry
19421,"Du Plessis, Hennie",4186,emirates gc,sg_total,0.520742292353521,2023-01-29,0.004009534699713275,4583,brabazon course at the belfry
19421,"Du Plessis, Hennie",-1,Unknown,sg_total,1.5732072531322285,2023-02-19,0.0016610084961666957,4583,brabazon course at the belfry
19421,"Du Plessis, Hennie",3495,glendower gc,sg_total,0.17290724229171636,2017-01-15,-0.0011718735645426315,4583,brabazon course at the belfry
19421,"Du Plessis, Hennie",4372,al hamra gc,sg_total,0.6246898452608237,2024-01-28,-0.0013070317601217593,4583,brabazon course at the belfry
19421,"Du Plessis, Hennie",4371,emirates gc,sg_total,0.6225072525676867,2024-01-21,-0.001791646882966538,4583,brabazon course at the belfry
19421,"Du Plessis, Hennie",4227,le golf national,sg_total,0.5865484532875249,2023-09-24,-0.004026832346739297,4583,brabazon course at the belfry
19421,"Du Plessis, Hennie",4200,yas links,sg_total,0.5189228801589404,2023-01-22,-0.0044603974473902035,4583,brabazon course at the belfry
19421,"Du Plessis, Hennie",3916,vierumäki resort,sg_total,0.39772279950933415,2021-08-08,-0.008637931040914603,4583,brabazon course at the belfry
19421,"Du Plessis, Hennie",4724,royal johannesburg east course,sg_total,0.880293415834221,2025-12-14,-0.015562766637754728,4583,brabazon course at the belfry
19421,"Du Plessis, Hennie",618,Shinnecock Hills Golf Club,sg_total,0.967538559589032,2026-06-21,-0.03208159501358222,4583,brabazon course at the belfry
19421,"Du Plessis, Hennie",4817,national gc,sg_total,0.9441218903864221,2026-05-03,-0.034021738257821434,4583,brabazon course at the belfry
12988,"Elvira Mijares, Ignacio",4592,yas links,sg_total,0.8650222931107413,2025-11-09,0.03487381682877238,4583,brabazon course at the belfry
12988,"Elvira Mijares, Ignacio",4382,rinkven international gc,sg_total,0.6629869316007273,2024-05-26,0.02044588896912845,4583,brabazon course at the belfry
12988,"Elvira Mijares, Ignacio",3876,crans-sur-sierre gc,sg_total,0.4019208903110026,2021-08-29,0.01550151900615248,4583,brabazon course at the belfry
12988,"Elvira Mijares, Ignacio",4786,circolo golf torino,sg_total,0.9709308776411942,2026-06-28,0.015493001976639827,4583,brabazon course at the belfry
12988,"Elvira Mijares, Ignacio",4372,al hamra gc,sg_total,0.6246898452608237,2024-01-28,0.01295636759552563,4583,brabazon course at the belfry
12988,"Elvira Mijares, Ignacio",4619,regnum carya golf & spa resort,sg_total,0.7897806739328027,2025-05-11,0.009710165477468802,4583,brabazon course at the belfry
12988,"Elvira Mijares, Ignacio",4017,real club valderrama,sg_total,0.4941085742561417,2022-10-16,0.008547511475429792,4583,brabazon course at the belfry
12988,"Elvira Mijares, Ignacio",4559,leopard creek cc,sg_total,0.733813771398553,2024-12-15,0.008526578810552602,4583,brabazon course at the belfry
12988,"Elvira Mijares, Ignacio",4782,dlf g&cc player course,sg_total,0.9277434863285529,2026-03-29,0.008296796139780955,4583,brabazon course at the belfry
12988,"Elvira Mijares, Ignacio",4723,gary player cc,sg_total,0.8772177743910435,2025-12-07,0.008051012194018325,4583,brabazon course at the belfry
12988,"Elvira Mijares, Ignacio",3981,emirates gc,sg_total,0.43409147291705774,2022-01-30,0.008032687692717642,4583,brabazon course at the belfry
12988,"Elvira Mijares, Ignacio",4371,emirates gc,sg_total,0.6225072525676867,2024-01-21,0.0061510437006274225,4583,brabazon course at the belfry
12988,"Elvira Mijares, Ignacio",3774,doha gc,sg_total,0.25589194844208374,2019-03-10,0.006045667806922953,4583,brabazon course at the belfry
12988,"Elvira Mijares, Ignacio",4724,royal johannesburg east course,sg_total,0.880293415834221,2025-12-14,0.00570960235213277,4583,brabazon course at the belfry
12988,"Elvira Mijares, Ignacio",4193,kingsbarns golf links,sg_total,0.4906618916992401,2022-10-02,0.005084284889147966,4583,brabazon course at the belfry
12988,"Elvira Mijares, Ignacio",4075,doha gc,sg_total,0.4464177973920421,2022-03-27,0.002725925802500482,4583,brabazon course at the belfry
12988,"Elvira Mijares, Ignacio",3901,royal greens,sg_total,0.664774302223504,2021-02-07,0.0023357819551522623,4583,brabazon course at the belfry
12988,"Elvira Mijares, Ignacio",3862,himmerland golf & spa resort,sg_total,0.647201464831364,2021-05-30,0.0023307800344654116,4583,brabazon course at the belfry
12988,"Elvira Mijares, Ignacio",4011,himmerland golf & spa resort,sg_total,0.483840486467991,2022-09-04,0.0022931147729685917,4583,brabazon course at the belfry
12988,"Elvira Mijares, Ignacio",4207,golfclub münchen eichenried,sg_total,0.5604585449744904,2023-06-25,0.0022035737515290017,4583,brabazon course at the belfry
12988,"Elvira Mijares, Ignacio",4235,gary player cc,sg_total,0.6010963747389753,2023-11-12,0.0018294072312083401,4583,brabazon course at the belfry
12988,"Elvira Mijares, Ignacio",3663,albatross golf resort,sg_total,0.23200415453447004,2018-08-26,0.001791944099056946,4583,brabazon course at the belfry
12988,"Elvira Mijares, Ignacio",3972,golf santa ponsa,sg_total,0.41333370907465194,2021-10-24,0.0006577797798127044,4583,brabazon course at the belfry
12988,"Elvira Mijares, Ignacio",3650,wentworth golf club,sg_total,0.22168451753581914,2018-05-27,-6.190934561940494e-05,4583,brabazon course at the belfry
12988,"Elvira Mijares, Ignacio",4817,national gc,sg_total,0.9441218903864221,2026-05-03,-0.0003254088802042352,4583,brabazon course at the belfry
12988,"Elvira Mijares, Ignacio",4227,le golf national,sg_total,0.5865484532875249,2023-09-24,-0.0006229092345299235,4583,brabazon course at the belfry
12988,"Elvira Mijares, Ignacio",4186,emirates gc,sg_total,0.520742292353521,2023-01-29,-0.000635731811793758,4583,brabazon course at the belfry
12988,"Elvira Mijares, Ignacio",3519,barsebäck g&cc,sg_total,0.18544443195597088,2017-06-04,-0.0009405637716576007,4583,brabazon course at the belfry
12988,"Elvira Mijares, Ignacio",3779,royal golf dar es salam red course,sg_total,0.2622387318069171,2019-04-28,-0.001859763853977026,4583,brabazon course at the belfry
12988,"Elvira Mijares, Ignacio",3769,royal greens,sg_total,0.25145279522530517,2019-02-03,-0.00211996197338525,4583,brabazon course at the belfry
12988,"Elvira Mijares, Ignacio",3935,gary player cc,sg_total,0.3518677092565612,2020-12-06,-0.002543924052050549,4583,brabazon course at the belfry
12988,"Elvira Mijares, Ignacio",3762,hong kong gc,sg_total,0.24280418100265946,2018-11-25,-0.0028651410972057225,4583,brabazon course at the belfry
12988,"Elvira Mijares, Ignacio",4377,genzon gc,sg_total,0.6560619883935562,2024-05-05,-0.0030468450226111845,4583,brabazon course at the belfry
12988,"Elvira Mijares, Ignacio",4016,club de campo villa de madrid,sg_total,0.4923822171335323,2022-10-09,-0.0031422649587030953,4583,brabazon course at the belfry
12988,"Elvira Mijares, Ignacio",4584,crans-sur-sierre gc,sg_total,0.835270211411272,2025-08-31,-0.0033133804984463,4583,brabazon course at the belfry
12988,"Elvira Mijares, Ignacio",3674,regnum carya golf & spa resort,sg_total,0.2402680749592907,2018-11-04,-0.0034667866171590143,4583,brabazon course at the belfry
12988,"Elvira Mijares, Ignacio",3678,walton heath gc,sg_total,0.2377584587145598,2018-10-14,-0.003794929668681095,4583,brabazon course at the belfry
12988,"Elvira Mijares, Ignacio",3520,diamond cc,sg_total,0.18609462464127785,2017-06-11,-0.0048255169602542496,4583,brabazon course at the belfry
12988,"Elvira Mijares, Ignacio",3802,dom pedro victoria golf course,sg_total,0.28722195492640357,2019-10-27,-0.007001878031154551,4583,brabazon course at the belfry
12988,"Elvira Mijares, Ignacio",3793,crans-sur-sierre gc,sg_total,0.2792912876603469,2019-09-01,-0.008089564465746093,4583,brabazon course at the belfry
12988,"Elvira Mijares, Ignacio",3637,emirates gc,sg_total,0.20887902966927693,2018-01-28,-0.008221810409754707,4583,brabazon course at the belfry
12988,"Elvira Mijares, Ignacio",4200,yas links,sg_total,0.5189228801589404,2023-01-22,-0.008955966588338318,4583,brabazon course at the belfry
12988,"Elvira Mijares, Ignacio",4237,club at steyn city,sg_total,0.5355291261520809,2023-03-26,-0.010652190855965958,4583,brabazon course at the belfry
12988,"Elvira Mijares, Ignacio",4236,jumeirah golf estates,sg_total,0.6032038980649524,2023-11-19,-0.010717449184962813,4583,brabazon course at the belfry
12988,"Elvira Mijares, Ignacio",4593,jumeirah golf estates,sg_total,0.8680551755848918,2025-11-16,-0.015811534186413526,4583,brabazon course at the belfry
12988,"Elvira Mijares, Ignacio",3943,meloneras golf,sg_total,0.37738099689684185,2021-04-25,-0.016964848714952623,4583,brabazon course at the belfry
12988,"Elvira Mijares, Ignacio",3906,al mouj golf,sg_total,0.305899090813104,2020-03-01,-0.019171960590272742,4583,brabazon course at the belfry
12988,"Elvira Mijares, Ignacio",4621,gut altentann gc,sg_total,0.798117060447891,2025-06-01,-0.021251209831972068,4583,brabazon course at the belfry
12988,"Elvira Mijares, Ignacio",4827,blackstone course mission hills,sg_total,0.9245020599315531,2026-03-22,-0.028396169746738524,4583,brabazon course at the belfry
12988,"Elvira Mijares, Ignacio",4302,jack nicklaus golf club korea,sg_total,0.544983369207548,2023-04-30,-0.02922162765821204,4583,brabazon course at the belfry
26008,"Elvira, Manuel",934,Hurstbourne Country Club,sg_total,1.792805979110845,2026-07-12,0.05158660296325689,4583,brabazon course at the belfry
26008,"Elvira, Manuel",4056,frederikshavn golfklub,sg_total,0.47878673996045235,2022-08-14,0.010549867313116927,4583,brabazon course at the belfry
26008,"Elvira, Manuel",4062,golf saint apollinaire,sg_total,0.4889475768792571,2022-09-25,0.01025735445426538,4583,brabazon course at the belfry
26008,"Elvira, Manuel",4271,askersunds golfklubb,sg_total,0.5783939893780083,2023-08-27,0.008711567772871692,4583,brabazon course at the belfry
26008,"Elvira, Manuel",4372,al hamra gc,sg_total,0.6246898452608237,2024-01-28,0.008273804960460542,4583,brabazon course at the belfry
26008,"Elvira, Manuel",4724,royal johannesburg east course,sg_total,0.880293415834221,2025-12-14,0.007374054369781703,4583,brabazon course at the belfry
26008,"Elvira, Manuel",4353,danzhou ancient saltern golf club,sg_total,0.5930361029297179,2023-10-16,0.007129761612562474,4583,brabazon course at the belfry
26008,"Elvira, Manuel",4055,vierumäki resort,sg_total,0.4771139155210344,2022-08-07,0.006896471929884691,4583,brabazon course at the belfry
26008,"Elvira, Manuel",4592,yas links,sg_total,0.8650222931107413,2025-11-09,0.006603643776238371,4583,brabazon course at the belfry
26008,"Elvira, Manuel",4559,leopard creek cc,sg_total,0.733813771398553,2024-12-15,0.0060974729389612235,4583,brabazon course at the belfry
26008,"Elvira, Manuel",4371,emirates gc,sg_total,0.6225072525676867,2024-01-21,0.004764824993097656,4583,brabazon course at the belfry
26008,"Elvira, Manuel",4301,golf nazionale,sg_total,0.5643955181193583,2023-07-09,0.004006341410689016,4583,brabazon course at the belfry
26008,"Elvira, Manuel",4555,kingston heath gc,sg_total,0.7286950115597843,2024-12-01,0.0038368184366831103,4583,brabazon course at the belfry
26008,"Elvira, Manuel",4049,golf blue green de pléneuf val andré,sg_total,0.4671989943381879,2022-06-26,0.003520312640424639,4583,brabazon course at the belfry
26008,"Elvira, Manuel",4221,galgorm castle golf club,sg_total,0.5763731489488771,2023-08-20,0.0031687671891357286,4583,brabazon course at the belfry
26008,"Elvira, Manuel",4621,gut altentann gc,sg_total,0.798117060447891,2025-06-01,0.003156014215251127,4583,brabazon course at the belfry
26008,"Elvira, Manuel",4377,genzon gc,sg_total,0.6560619883935562,2024-05-05,0.0010013202291366994,4583,brabazon course at the belfry
26008,"Elvira, Manuel",4817,national gc,sg_total,0.9441218903864221,2026-05-03,0.0006420754803698719,4583,brabazon course at the belfry
26008,"Elvira, Manuel",4183,mont choisy le golf,sg_total,0.5099207283259416,2022-12-18,0.0006295468964182748,4583,brabazon course at the belfry
26008,"Elvira, Manuel",4619,regnum carya golf & spa resort,sg_total,0.7897806739328027,2025-05-11,0.00046932360016284266,4583,brabazon course at the belfry
26008,"Elvira, Manuel",4782,dlf g&cc player course,sg_total,0.9277434863285529,2026-03-29,0.00019973561114203329,4583,brabazon course at the belfry
26008,"Elvira, Manuel",4382,rinkven international gc,sg_total,0.6629869316007273,2024-05-26,0.00017080818859873447,4583,brabazon course at the belfry
26008,"Elvira, Manuel",4786,circolo golf torino,sg_total,0.9709308776411942,2026-06-28,-0.0005696728716415699,4583,brabazon course at the belfry
26008,"Elvira, Manuel",3926,hinton golf club,sg_total,0.3813643734941895,2021-05-16,-0.0017595500261956222,4583,brabazon course at the belfry
26008,"Elvira, Manuel",4063,golf international de pont royal,sg_total,0.4906618916992401,2022-10-02,-0.0018281055593456523,4583,brabazon course at the belfry
26008,"Elvira, Manuel",4402,le golf national,sg_total,0.7110589082064097,2024-10-13,-0.0027687502100671663,4583,brabazon course at the belfry
26008,"Elvira, Manuel",4266,gc adamstal,sg_total,0.5663743633919324,2023-07-16,-0.0029376134040600414,4583,brabazon course at the belfry
26008,"Elvira, Manuel",4317,twentsche gc,sg_total,0.550735842216777,2023-05-21,-0.0032281081795433393,4583,brabazon course at the belfry
26008,"Elvira, Manuel",4584,crans-sur-sierre gc,sg_total,0.835270211411272,2025-08-31,-0.003557771832072289,4583,brabazon course at the belfry
26008,"Elvira, Manuel",4375,laguna national g&cc classic course,sg_total,0.6424283409681188,2024-03-24,-0.00455383630804191,4583,brabazon course at the belfry
26008,"Elvira, Manuel",4267,wittelsbacher golfclub,sg_total,0.5683601467575404,2023-07-23,-0.004577046515953959,4583,brabazon course at the belfry
26008,"Elvira, Manuel",3916,vierumäki resort,sg_total,0.39772279950933415,2021-08-08,-0.007454467842517904,4583,brabazon course at the belfry
26008,"Elvira, Manuel",4731,houghton gc,sg_total,0.9180531430541589,2026-03-08,-0.009717355834081344,4583,brabazon course at the belfry
26008,"Elvira, Manuel",4051,golf pga france du vaudreuil,sg_total,0.47048086042893056,2022-07-10,-0.010259335047074452,4583,brabazon course at the belfry
26008,"Elvira, Manuel",4276,club de golf alcanada,sg_total,0.5989962148511054,2023-11-05,-0.011222351366352551,4583,brabazon course at the belfry
26008,"Elvira, Manuel",4104,iberostar real club de golf novo sancti petri,sg_total,0.4590941362868942,2022-05-22,-0.01198868287020386,4583,brabazon course at the belfry
26008,"Elvira, Manuel",4150,st. mellion estate,sg_total,0.4923822171335323,2022-10-09,-0.026126500067152832,4583,brabazon course at the belfry
8262,"Fdez-Castano, Gonzalo",4534,infinitum golf lakes course,sg_total,0.7221661802661196,2024-11-13,0.010636998324607232,4583,brabazon course at the belfry
8262,"Fdez-Castano, Gonzalo",4017,real club valderrama,sg_total,0.4941085742561417,2022-10-16,0.007705957195755908,4583,brabazon course at the belfry
8262,"Fdez-Castano, Gonzalo",-1,Unknown,sg_total,2.919853451999841,2024-11-30,0.007026885857551038,4583,brabazon course at the belfry
8262,"Fdez-Castano, Gonzalo",4011,himmerland golf & spa resort,sg_total,0.483840486467991,2022-09-04,0.006768019638147673,4583,brabazon course at the belfry
8262,"Fdez-Castano, Gonzalo",503,TPC River Highlands,sg_total,0.515976572626406,2017-06-25,0.004118060336235534,4583,brabazon course at the belfry
8262,"Fdez-Castano, Gonzalo",4076,zebula golf estate  spa,sg_total,0.3433516974975665,2020-10-18,0.003911133446314403,4583,brabazon course at the belfry
8262,"Fdez-Castano, Gonzalo",3898,randpark gc firethorn course,sg_total,0.34941323597069013,2020-11-22,0.0036227734230571294,4583,brabazon course at the belfry
8262,"Fdez-Castano, Gonzalo",3935,gary player cc,sg_total,0.3518677092565612,2020-12-06,0.003515010789060575,4583,brabazon course at the belfry
8262,"Fdez-Castano, Gonzalo",3769,royal greens,sg_total,0.25145279522530517,2019-02-03,0.0023581804201516132,4583,brabazon course at the belfry
8262,"Fdez-Castano, Gonzalo",4016,club de campo villa de madrid,sg_total,0.4923822171335323,2022-10-09,0.00230586907378995,4583,brabazon course at the belfry
8262,"Fdez-Castano, Gonzalo",539,Royal Lytham St. Anne,sg_total,0.07623001471101583,2012-07-22,0.0017877035548304187,4583,brabazon course at the belfry
8262,"Fdez-Castano, Gonzalo",729,Golf Club of Houston,sg_total,0.12486776270615724,2015-04-05,0.0013908262952589516,4583,brabazon course at the belfry
8262,"Fdez-Castano, Gonzalo",610,Turnberry (Ailsa),sg_total,0.04400288847761665,2009-07-19,0.0011218534439533423,4583,brabazon course at the belfry
8262,"Fdez-Castano, Gonzalo",700,TPC Boston,sg_total,0.11208474970957386,2014-09-01,0.0009733089229396844,4583,brabazon course at the belfry
8262,"Fdez-Castano, Gonzalo",3792,hills golf & sports club,sg_total,0.27831547681864865,2019-08-25,0.0009719635710489618,4583,brabazon course at the belfry
8262,"Fdez-Castano, Gonzalo",3678,walton heath gc,sg_total,0.2377584587145598,2018-10-14,0.000916247763763988,4583,brabazon course at the belfry
8262,"Fdez-Castano, Gonzalo",3802,dom pedro victoria golf course,sg_total,0.28722195492640357,2019-10-27,0.000890805081171888,4583,brabazon course at the belfry
8262,"Fdez-Castano, Gonzalo",697,Ocean Course at Kiawah Island,sg_total,0.07703464679135964,2012-08-12,0.0007818672625893864,4583,brabazon course at the belfry
8262,"Fdez-Castano, Gonzalo",3650,wentworth golf club,sg_total,0.22168451753581914,2018-05-27,0.0006921368719608047,4583,brabazon course at the belfry
8262,"Fdez-Castano, Gonzalo",3972,golf santa ponsa,sg_total,0.41333370907465194,2021-10-24,-0.0002710610805862773,4583,brabazon course at the belfry
8262,"Fdez-Castano, Gonzalo",3774,doha gc,sg_total,0.25589194844208374,2019-03-10,-0.0003637687172317996,4583,brabazon course at the belfry
8262,"Fdez-Castano, Gonzalo",734,PGA National Resort (The Champion),sg_total,0.22498579290123874,2015-03-01,-0.00046530732925399086,4583,brabazon course at the belfry
8262,"Fdez-Castano, Gonzalo",3862,himmerland golf & spa resort,sg_total,0.3840432893753353,2021-05-30,-0.0019682777974591695,4583,brabazon course at the belfry
8262,"Fdez-Castano, Gonzalo",3762,hong kong gc,sg_total,0.24280418100265946,2018-11-25,-0.0023762497806522347,4583,brabazon course at the belfry
8262,"Fdez-Castano, Gonzalo",651,The Olympic Club,sg_total,0.07490759438056112,2012-06-17,-0.0027242585820243786,4583,brabazon course at the belfry
8262,"Fdez-Castano, Gonzalo",528,Pinehurst Resort & Country Club (Course No. 2),sg_total,0.10779758751767567,2014-06-15,-0.0029389590962934603,4583,brabazon course at the belfry
8262,"Fdez-Castano, Gonzalo",23,Muirfield Village Golf Club,sg_total,0.3251427305759681,2015-06-07,-0.004454926660038762,4583,brabazon course at the belfry
8262,"Fdez-Castano, Gonzalo",32,Glen Abbey GC,sg_total,0.19071025352350307,2017-07-30,-0.004808498337422422,4583,brabazon course at the belfry
8262,"Fdez-Castano, Gonzalo",3793,crans-sur-sierre gc,sg_total,0.2792912876603469,2019-09-01,-0.0053852148423537746,4583,brabazon course at the belfry
8262,"Fdez-Castano, Gonzalo",3765,randpark gc firethorn course,sg_total,0.2445097728767429,2018-12-09,-0.006734007597572148,4583,brabazon course at the belfry
8262,"Fdez-Castano, Gonzalo",3779,royal golf dar es salam red course,sg_total,0.2622387318069171,2019-04-28,-0.012350557371452539,4583,brabazon course at the belfry
8262,"Fdez-Castano, Gonzalo",3943,meloneras golf,sg_total,0.37738099689684185,2021-04-25,-0.013993874289405276,4583,brabazon course at the belfry
8262,"Fdez-Castano, Gonzalo",4786,circolo golf torino,sg_total,0.9709308776411942,2026-06-28,-0.015536752791106782,4583,brabazon course at the belfry
8262,"Fdez-Castano, Gonzalo",4075,doha gc,sg_total,0.4464177973920421,2022-03-27,-0.025678288019683172,4583,brabazon course at the belfry
21646,"Ferguson, Ewen",4782,dlf g&cc player course,sg_total,0.9277434863285529,2026-03-29,0.02955048565998637,4583,brabazon course at the belfry
21646,"Ferguson, Ewen",4817,national gc,sg_total,0.9441218903864221,2026-05-03,0.016737698715442225,4583,brabazon course at the belfry
21646,"Ferguson, Ewen",4723,gary player cc,sg_total,0.8772177743910435,2025-12-07,0.014938819855031642,4583,brabazon course at the belfry
21646,"Ferguson, Ewen",4011,himmerland golf & spa resort,sg_total,0.483840486467991,2022-09-04,0.014661819850399018,4583,brabazon course at the belfry
21646,"Ferguson, Ewen",4227,le golf national,sg_total,0.5865484532875249,2023-09-24,0.013821714937515456,4583,brabazon course at the belfry
21646,"Ferguson, Ewen",4075,doha gc,sg_total,0.4464177973920421,2022-03-27,0.012768237044304041,4583,brabazon course at the belfry
21646,"Ferguson, Ewen",4236,jumeirah golf estates,sg_total,0.6032038980649524,2023-11-19,0.010947918072165146,4583,brabazon course at the belfry
21646,"Ferguson, Ewen",4237,club at steyn city,sg_total,0.5355291261520809,2023-03-26,0.010155100295223506,4583,brabazon course at the belfry
21646,"Ferguson, Ewen",4375,laguna national g&cc classic course,sg_total,0.6424283409681188,2024-03-24,0.00958039072430565,4583,brabazon course at the belfry
21646,"Ferguson, Ewen",4030,gary player cc,sg_total,0.5010747437014489,2022-11-13,0.009546178947821561,4583,brabazon course at the belfry
21646,"Ferguson, Ewen",4235,gary player cc,sg_total,0.6010963747389753,2023-11-12,0.008239138584217381,4583,brabazon course at the belfry
21646,"Ferguson, Ewen",4786,circolo golf torino,sg_total,0.9709308776411942,2026-06-28,0.007829749766796786,4583,brabazon course at the belfry
21646,"Ferguson, Ewen",3926,hinton golf club,sg_total,0.3813643734941895,2021-05-16,0.0067980451272536815,4583,brabazon course at the belfry
21646,"Ferguson, Ewen",4076,zebula golf estate  spa,sg_total,0.3433516974975665,2020-10-18,0.00654552153303476,4583,brabazon course at the belfry
21646,"Ferguson, Ewen",4186,emirates gc,sg_total,0.520742292353521,2023-01-29,0.0057199478434807535,4583,brabazon course at the belfry
21646,"Ferguson, Ewen",4372,al hamra gc,sg_total,0.6246898452608237,2024-01-28,0.004763918667365527,4583,brabazon course at the belfry
21646,"Ferguson, Ewen",3765,randpark gc firethorn course,sg_total,0.2445097728767429,2018-12-09,0.004708904973535056,4583,brabazon course at the belfry
21646,"Ferguson, Ewen",3916,vierumäki resort,sg_total,0.39772279950933415,2021-08-08,0.0023116836663952273,4583,brabazon course at the belfry
21646,"Ferguson, Ewen",4593,jumeirah golf estates,sg_total,0.8680551755848918,2025-11-16,0.002256706007471027,4583,brabazon course at the belfry
21646,"Ferguson, Ewen",3898,randpark gc firethorn course,sg_total,0.34941323597069013,2020-11-22,0.0012743805248583379,4583,brabazon course at the belfry
21646,"Ferguson, Ewen",4402,le golf national,sg_total,0.7110589082064097,2024-10-13,0.0012661418918025731,4583,brabazon course at the belfry
21646,"Ferguson, Ewen",4619,regnum carya golf & spa resort,sg_total,0.7897806739328027,2025-05-11,-0.0006488941486465014,4583,brabazon course at the belfry
21646,"Ferguson, Ewen",4230,kingsbarns golf links,sg_total,0.5906686964874246,2023-10-08,-0.0007574317864409639,4583,brabazon course at the belfry
21646,"Ferguson, Ewen",4023,jumeirah golf estates,sg_total,0.5028315779709409,2022-11-20,-0.0029648118720042513,4583,brabazon course at the belfry
21646,"Ferguson, Ewen",4592,yas links,sg_total,0.8650222931107413,2025-11-09,-0.004419416966689923,4583,brabazon course at the belfry
21646,"Ferguson, Ewen",3763,racv royal pines resort,sg_total,0.24365548454833486,2018-12-02,-0.0047917487362039565,4583,brabazon course at the belfry
21646,"Ferguson, Ewen",4200,yas links,sg_total,0.5189228801589404,2023-01-22,-0.005447696322651938,4583,brabazon course at the belfry
21646,"Ferguson, Ewen",4221,galgorm castle golf club,sg_total,0.5763731489488771,2023-08-20,-0.006400775103542248,4583,brabazon course at the belfry
21646,"Ferguson, Ewen",4017,real club valderrama,sg_total,0.4941085742561417,2022-10-16,-0.007454274045925182,4583,brabazon course at the belfry
21646,"Ferguson, Ewen",3902,randpark gc bushwillow course,sg_total,0.2984956258576689,2020-01-12,-0.007676247285726022,4583,brabazon course at the belfry
21646,"Ferguson, Ewen",3651,diamond cc,sg_total,0.3269330072071321,2020-07-12,-0.0085181464205765,4583,brabazon course at the belfry
21646,"Ferguson, Ewen",4582,furesø golf klub,sg_total,0.8294437363854039,2025-08-17,-0.011513958104259576,4583,brabazon course at the belfry
21646,"Ferguson, Ewen",4207,golfclub münchen eichenried,sg_total,0.5604585449744904,2023-06-25,-0.013227509048260791,4583,brabazon course at the belfry
21646,"Ferguson, Ewen",4731,houghton gc,sg_total,0.9180531430541589,2026-03-08,-0.016477721784146533,4583,brabazon course at the belfry
21646,"Ferguson, Ewen",4371,emirates gc,sg_total,0.6225072525676867,2024-01-21,-0.020339926998123186,4583,brabazon course at the belfry
8262,"Fernandez-Castaño, Gonzal",800,The Abaco Club on Winding Bay,sg_total,0.20846168908963153,2018-01-24,0.008907360345377927,4583,brabazon course at the belfry
8262,"Fernandez-Castaño, Gonzal",630,Fox Den CC,sg_total,0.22013814453292976,2018-05-13,-0.0003651874200126001,4583,brabazon course at the belfry
9396,"Fisher, Ross",4731,houghton gc,sg_total,0.9180531430541589,2026-03-08,0.02448734855667557,4583,brabazon course at the belfry
9396,"Fisher, Ross",4603,kingsbarns golf links,sg_total,0.8500160902253981,2025-10-05,0.019008135682062652,4583,brabazon course at the belfry
9396,"Fisher, Ross",4382,rinkven international gc,sg_total,0.6629869316007273,2024-05-26,0.016028952412549726,4583,brabazon course at the belfry
9396,"Fisher, Ross",4017,real club valderrama,sg_total,0.4941085742561417,2022-10-16,0.012771683761347803,4583,brabazon course at the belfry
9396,"Fisher, Ross",4402,le golf national,sg_total,0.7110589082064097,2024-10-13,0.011895307805809422,4583,brabazon course at the belfry
9396,"Fisher, Ross",4030,gary player cc,sg_total,0.5010747437014489,2022-11-13,0.011084150188068779,4583,brabazon course at the belfry
9396,"Fisher, Ross",3901,royal greens,sg_total,0.664774302223504,2021-02-07,0.009203548078624136,4583,brabazon course at the belfry
9396,"Fisher, Ross",4181,blair atholl golf & equestrian estate,sg_total,0.5063637471859777,2022-12-04,0.007207163630716963,4583,brabazon course at the belfry
9396,"Fisher, Ross",3906,al mouj golf,sg_total,0.305899090813104,2020-03-01,0.006178386231938262,4583,brabazon course at the belfry
9396,"Fisher, Ross",3981,emirates gc,sg_total,0.43409147291705774,2022-01-30,0.0053526081187260785,4583,brabazon course at the belfry
9396,"Fisher, Ross",3862,himmerland golf & spa resort,sg_total,0.647201464831364,2021-05-30,0.0047726740798783645,4583,brabazon course at the belfry
9396,"Fisher, Ross",43,The Los Angeles Country Club (North Course),sg_total,0.5585003688742262,2023-06-18,0.0044279572046396565,4583,brabazon course at the belfry
9396,"Fisher, Ross",4377,genzon gc,sg_total,0.6560619883935562,2024-05-05,0.0043297352889815465,4583,brabazon course at the belfry
9396,"Fisher, Ross",3650,wentworth golf club,sg_total,0.22168451753581914,2018-05-27,0.003963656162176805,4583,brabazon course at the belfry
9396,"Fisher, Ross",4786,circolo golf torino,sg_total,0.9709308776411942,2026-06-28,0.0034451386864698666,4583,brabazon course at the belfry
9396,"Fisher, Ross",3769,royal greens,sg_total,0.25145279522530517,2019-02-03,0.003325484847969405,4583,brabazon course at the belfry
9396,"Fisher, Ross",4782,dlf g&cc player course,sg_total,0.9277434863285529,2026-03-29,0.002910359377635402,4583,brabazon course at the belfry
9396,"Fisher, Ross",4237,club at steyn city,sg_total,0.5355291261520809,2023-03-26,0.0028012957395523114,4583,brabazon course at the belfry
9396,"Fisher, Ross",23,Muirfield Village Golf Club,sg_total,0.18544443195597088,2017-06-04,0.002684742009770976,4583,brabazon course at the belfry
9396,"Fisher, Ross",3793,crans-sur-sierre gc,sg_total,0.2792912876603469,2019-09-01,0.002598030365431864,4583,brabazon course at the belfry
9396,"Fisher, Ross",4724,royal johannesburg east course,sg_total,0.880293415834221,2025-12-14,0.002132159783331469,4583,brabazon course at the belfry
9396,"Fisher, Ross",658,Carnoustie GC,sg_total,0.2585566208832322,2018-07-22,0.0021193296822753964,4583,brabazon course at the belfry
9396,"Fisher, Ross",610,Turnberry (Ailsa),sg_total,0.04400288847761665,2009-07-19,0.001579580239978501,4583,brabazon course at the belfry
9396,"Fisher, Ross",539,Royal Lytham St. Anne,sg_total,0.07623001471101583,2012-07-22,0.0007526996377397663,4583,brabazon course at the belfry
9396,"Fisher, Ross",729,Golf Club of Houston,sg_total,0.1465510491119983,2013-03-31,0.0006928114189851537,4583,brabazon course at the belfry
9396,"Fisher, Ross",4075,doha gc,sg_total,0.4464177973920421,2022-03-27,0.0005991479993400678,4583,brabazon course at the belfry
9396,"Fisher, Ross",618,Shinnecock Hills Golf Club,sg_total,0.22402446821274175,2018-06-17,0.0004840579835165286,4583,brabazon course at the belfry
9396,"Fisher, Ross",4186,emirates gc,sg_total,0.520742292353521,2023-01-29,0.0003887336359828293,4583,brabazon course at the belfry
9396,"Fisher, Ross",4621,gut altentann gc,sg_total,0.798117060447891,2025-06-01,-0.00040596280048363587,4583,brabazon course at the belfry
9396,"Fisher, Ross",743,Oakland Hills CC (South),sg_total,0.0370680450471995,2008-08-10,-0.0004068119070485622,4583,brabazon course at the belfry
9396,"Fisher, Ross",3678,walton heath gc,sg_total,0.2377584587145598,2018-10-14,-0.0008742854803945461,4583,brabazon course at the belfry
9396,"Fisher, Ross",734,PGA National Resort (The Champion),sg_total,0.14451362963848757,2013-03-03,-0.0010137226287119147,4583,brabazon course at the belfry
9396,"Fisher, Ross",4619,regnum carya golf & spa resort,sg_total,0.7897806739328027,2025-05-11,-0.0010829547593573477,4583,brabazon course at the belfry
9396,"Fisher, Ross",3802,dom pedro victoria golf course,sg_total,0.28722195492640357,2019-10-27,-0.0011021078272467652,4583,brabazon course at the belfry
9396,"Fisher, Ross",3637,emirates gc,sg_total,0.20887902966927693,2018-01-28,-0.00144528271501319,4583,brabazon course at the belfry
9396,"Fisher, Ross",4372,al hamra gc,sg_total,0.6246898452608237,2024-01-28,-0.001602325756634293,4583,brabazon course at the belfry
9396,"Fisher, Ross",3943,meloneras golf,sg_total,0.37738099689684185,2021-04-25,-0.0017358061771607924,4583,brabazon course at the belfry
9396,"Fisher, Ross",3774,doha gc,sg_total,0.25589194844208374,2019-03-10,-0.002271663343297444,4583,brabazon course at the belfry
9396,"Fisher, Ross",3674,regnum carya golf & spa resort,sg_total,0.2402680749592907,2018-11-04,-0.003665659752837127,4583,brabazon course at the belfry
9396,"Fisher, Ross",4582,furesø golf klub,sg_total,0.8294437363854039,2025-08-17,-0.0038859063839414535,4583,brabazon course at the belfry
9396,"Fisher, Ross",4011,himmerland golf & spa resort,sg_total,0.483840486467991,2022-09-04,-0.005371589461601703,4583,brabazon course at the belfry
9396,"Fisher, Ross",4375,laguna national g&cc classic course,sg_total,0.6424283409681188,2024-03-24,-0.008447055878277971,4583,brabazon course at the belfry
9396,"Fisher, Ross",3876,crans-sur-sierre gc,sg_total,0.4019208903110026,2021-08-29,-0.010518858146899778,4583,brabazon course at the belfry
9396,"Fisher, Ross",4227,le golf national,sg_total,0.5865484532875249,2023-09-24,-0.011565871939678252,4583,brabazon course at the belfry
9396,"Fisher, Ross",4016,club de campo villa de madrid,sg_total,0.4923822171335323,2022-10-09,-0.011571549305399909,4583,brabazon course at the belfry
9396,"Fisher, Ross",4371,emirates gc,sg_total,0.6225072525676867,2024-01-21,-0.013399200887262347,4583,brabazon course at the belfry
9396,"Fisher, Ross",4817,national gc,sg_total,0.9441218903864221,2026-05-03,-0.01621217506308352,4583,brabazon course at the belfry
9396,"Fisher, Ross",4200,yas links,sg_total,0.5189228801589404,2023-01-22,-0.03318433118227004,4583,brabazon course at the belfry
9396,"Fisher, Ross",4559,leopard creek cc,sg_total,0.733813771398553,2024-12-15,-0.04102657487841081,4583,brabazon course at the belfry
15211,"Follet-Smith, Benjamin",4771,montagu,sg_total,0.9084640160687062,2026-02-15,0.021786653249047924,4583,brabazon course at the belfry
15211,"Follet-Smith, Benjamin",4653,rosa golf club,sg_total,0.8381987791551844,2025-09-07,0.01955138847854617,4583,brabazon course at the belfry
15211,"Follet-Smith, Benjamin",4724,royal johannesburg east course,sg_total,0.880293415834221,2025-12-14,0.013286841206456925,4583,brabazon course at the belfry
15211,"Follet-Smith, Benjamin",4584,crans-sur-sierre gc,sg_total,0.835270211411272,2025-08-31,0.012732469519797247,4583,brabazon course at the belfry
15211,"Follet-Smith, Benjamin",4301,golf nazionale,sg_total,0.5643955181193583,2023-07-09,0.012478195119773959,4583,brabazon course at the belfry
15211,"Follet-Smith, Benjamin",4487,golf bluegreen de pléneuf val andré,sg_total,0.6723340256326573,2024-06-23,0.009408294357665695,4583,brabazon course at the belfry
15211,"Follet-Smith, Benjamin",3935,gary player cc,sg_total,0.3518677092565612,2020-12-06,0.007478046058887155,4583,brabazon course at the belfry
15211,"Follet-Smith, Benjamin",4517,iberostar real club de golf novo sancti petri,sg_total,0.6676441212689289,2024-06-09,0.00723927001245967,4583,brabazon course at the belfry
15211,"Follet-Smith, Benjamin",4484,royal óbidos spa & golf resort,sg_total,0.7011734432085724,2024-09-15,0.006075237357958767,4583,brabazon course at the belfry
15211,"Follet-Smith, Benjamin",4559,leopard creek cc,sg_total,0.733813771398553,2024-12-15,0.004505898359186908,4583,brabazon course at the belfry
15211,"Follet-Smith, Benjamin",4529,argentario gc,sg_total,0.7036318499619978,2024-09-22,0.0030152696293222004,4583,brabazon course at the belfry
15211,"Follet-Smith, Benjamin",4276,club de golf alcanada,sg_total,0.5989962148511054,2023-11-05,0.0022477238410957756,4583,brabazon course at the belfry
15211,"Follet-Smith, Benjamin",4817,national gc,sg_total,0.9441218903864221,2026-05-03,0.0020259887044770026,4583,brabazon course at the belfry
15211,"Follet-Smith, Benjamin",4237,club at steyn city,sg_total,0.5355291261520809,2023-03-26,0.0019306395480676896,4583,brabazon course at the belfry
15211,"Follet-Smith, Benjamin",4617,royal cape golf club,sg_total,0.7546509156752821,2025-02-09,0.0012841224358071095,4583,brabazon course at the belfry
15211,"Follet-Smith, Benjamin",4619,regnum carya golf & spa resort,sg_total,0.7897806739328027,2025-05-11,0.00012114218937389398,4583,brabazon course at the belfry
15211,"Follet-Smith, Benjamin",3898,randpark gc firethorn course,sg_total,0.647908861828359,2020-11-22,-0.0007369353772212933,4583,brabazon course at the belfry
15211,"Follet-Smith, Benjamin",4353,danzhou ancient saltern golf club,sg_total,0.5930361029297179,2023-10-16,-0.0013355766521822349,4583,brabazon course at the belfry
15211,"Follet-Smith, Benjamin",4271,askersunds golfklubb,sg_total,0.5783939893780083,2023-08-27,-0.0025556548375663536,4583,brabazon course at the belfry
15211,"Follet-Smith, Benjamin",4621,gut altentann gc,sg_total,0.798117060447891,2025-06-01,-0.0027947855729651156,4583,brabazon course at the belfry
15211,"Follet-Smith, Benjamin",4035,royal cape golf club,sg_total,0.4386734466479678,2022-02-20,-0.002913046844685363,4583,brabazon course at the belfry
15211,"Follet-Smith, Benjamin",4486,kaskáda golf resort,sg_total,0.669984969788664,2024-06-16,-0.0033714912610900887,4583,brabazon course at the belfry
15211,"Follet-Smith, Benjamin",4582,furesø golf klub,sg_total,0.8294437363854039,2025-08-17,-0.005018223636353615,4583,brabazon course at the belfry
15211,"Follet-Smith, Benjamin",4786,circolo golf torino,sg_total,0.9709308776411942,2026-06-28,-0.005270337837806837,4583,brabazon course at the belfry
15211,"Follet-Smith, Benjamin",4618,montagu,sg_total,0.7572968215143355,2025-02-16,-0.00592832926438705,4583,brabazon course at the belfry
15211,"Follet-Smith, Benjamin",4644,golf bluegreen de pléneuf val andré,sg_total,0.8065414401773269,2025-06-22,-0.009098210098369532,4583,brabazon course at the belfry
15211,"Follet-Smith, Benjamin",4654,royal óbidos spa & golf resort,sg_total,0.8411376148446232,2025-09-14,-0.009446250940476148,4583,brabazon course at the belfry
15211,"Follet-Smith, Benjamin",4267,wittelsbacher golfclub,sg_total,0.5683601467575404,2023-07-23,-0.009481056996509201,4583,brabazon course at the belfry
15211,"Follet-Smith, Benjamin",4369,la reserve gc,sg_total,0.6117081434533598,2023-12-17,-0.010937575189651124,4583,brabazon course at the belfry
15211,"Follet-Smith, Benjamin",4721,royal queensland gc,sg_total,0.8741528788765721,2025-11-30,-0.011910363292266154,4583,brabazon course at the belfry
15211,"Follet-Smith, Benjamin",4563,sanya luhuitou gc,sg_total,0.7110589082064097,2024-10-13,-0.01338251032376272,4583,brabazon course at the belfry
15211,"Follet-Smith, Benjamin",4317,twentsche gc,sg_total,0.550735842216777,2023-05-21,-0.017986923087158928,4583,brabazon course at the belfry
15211,"Follet-Smith, Benjamin",4731,houghton gc,sg_total,0.9180531430541589,2026-03-08,-0.044916597130858445,4583,brabazon course at the belfry
15211,"Follet-Smith, Benjamin",4485,hangzhou west lake golf club,sg_total,0.7135519747065024,2024-10-20,-0.045360778763537744,4583,brabazon course at the belfry
15211,"Follett-Smith, Benjamin",-1,Unknown,sg_total,8.088864730681342,2022-11-27,0.012295176112212775,4583,brabazon course at the belfry
16475,"Forrest, Grant",4200,yas links,sg_total,0.5189228801589404,2023-01-22,0.015555403478321302,4583,brabazon course at the belfry
16475,"Forrest, Grant",4193,kingsbarns golf links,sg_total,0.4906618916992401,2022-10-02,0.010228795499146393,4583,brabazon course at the belfry
16475,"Forrest, Grant",4592,yas links,sg_total,0.8650222931107413,2025-11-09,0.009350391048410981,4583,brabazon course at the belfry
16475,"Forrest, Grant",4723,gary player cc,sg_total,0.8772177743910435,2025-12-07,0.008746485311981515,4583,brabazon course at the belfry
16475,"Forrest, Grant",3779,royal golf dar es salam red course,sg_total,0.2622387318069171,2019-04-28,0.008661511526572397,4583,brabazon course at the belfry
16475,"Forrest, Grant",3906,al mouj golf,sg_total,0.305899090813104,2020-03-01,0.00814460891678637,4583,brabazon course at the belfry
16475,"Forrest, Grant",4593,jumeirah golf estates,sg_total,0.8680551755848918,2025-11-16,0.0062468590239253465,4583,brabazon course at the belfry
16475,"Forrest, Grant",3651,diamond cc,sg_total,0.22324175312442318,2018-06-10,0.004851536706085238,4583,brabazon course at the belfry
16475,"Forrest, Grant",4236,jumeirah golf estates,sg_total,0.6032038980649524,2023-11-19,0.004669943997047557,4583,brabazon course at the belfry
16475,"Forrest, Grant",3981,emirates gc,sg_total,0.43409147291705774,2022-01-30,0.004422569162263296,4583,brabazon course at the belfry
16475,"Forrest, Grant",4186,emirates gc,sg_total,0.520742292353521,2023-01-29,0.004156043975257757,4583,brabazon course at the belfry
16475,"Forrest, Grant",4817,national gc,sg_total,0.9441218903864221,2026-05-03,0.0024331804063879308,4583,brabazon course at the belfry
16475,"Forrest, Grant",3793,crans-sur-sierre gc,sg_total,0.2792912876603469,2019-09-01,0.0023181515287897083,4583,brabazon course at the belfry
16475,"Forrest, Grant",3762,hong kong gc,sg_total,0.24280418100265946,2018-11-25,0.0022303823364256794,4583,brabazon course at the belfry
16475,"Forrest, Grant",4221,galgorm castle golf club,sg_total,0.5763731489488771,2023-08-20,0.0014362065032977563,4583,brabazon course at the belfry
16475,"Forrest, Grant",4371,emirates gc,sg_total,0.6225072525676867,2024-01-21,0.0012116993711565663,4583,brabazon course at the belfry
16475,"Forrest, Grant",4619,regnum carya golf & spa resort,sg_total,0.7897806739328027,2025-05-11,0.0009561311828015963,4583,brabazon course at the belfry
16475,"Forrest, Grant",4302,jack nicklaus golf club korea,sg_total,0.544983369207548,2023-04-30,0.0008181222749923589,4583,brabazon course at the belfry
16475,"Forrest, Grant",3862,himmerland golf & spa resort,sg_total,0.2631581754560287,2019-05-05,0.0002917400255313118,4583,brabazon course at the belfry
16475,"Forrest, Grant",4235,gary player cc,sg_total,0.6010963747389753,2023-11-12,0.00016831403929839418,4583,brabazon course at the belfry
16475,"Forrest, Grant",4075,doha gc,sg_total,0.4464177973920421,2022-03-27,-0.0001512858996998191,4583,brabazon course at the belfry
16475,"Forrest, Grant",3774,doha gc,sg_total,0.25589194844208374,2019-03-10,-0.0001959231443865448,4583,brabazon course at the belfry
16475,"Forrest, Grant",3901,royal greens,sg_total,0.664774302223504,2021-02-07,-0.00034401753559780657,4583,brabazon course at the belfry
16475,"Forrest, Grant",3898,randpark gc firethorn course,sg_total,0.34941323597069013,2020-11-22,-0.0017790950055734712,4583,brabazon course at the belfry
16475,"Forrest, Grant",3626,racv royal pines resort,sg_total,0.20311153851913738,2017-12-03,-0.002066559620598075,4583,brabazon course at the belfry
16475,"Forrest, Grant",4011,himmerland golf & spa resort,sg_total,0.483840486467991,2022-09-04,-0.002579920027003321,4583,brabazon course at the belfry
16475,"Forrest, Grant",4382,rinkven international gc,sg_total,0.6629869316007273,2024-05-26,-0.002937867934307562,4583,brabazon course at the belfry
16475,"Forrest, Grant",4016,club de campo villa de madrid,sg_total,0.4923822171335323,2022-10-09,-0.003143288842586831,4583,brabazon course at the belfry
16475,"Forrest, Grant",3876,crans-sur-sierre gc,sg_total,0.4019208903110026,2021-08-29,-0.003640918931315192,4583,brabazon course at the belfry
16475,"Forrest, Grant",4621,gut altentann gc,sg_total,0.798117060447891,2025-06-01,-0.004070814545897664,4583,brabazon course at the belfry
16475,"Forrest, Grant",3802,dom pedro victoria golf course,sg_total,0.28722195492640357,2019-10-27,-0.004141406265062213,4583,brabazon course at the belfry
16475,"Forrest, Grant",658,Carnoustie GC,sg_total,0.22797940113688214,2018-07-22,-0.005271822346528109,4583,brabazon course at the belfry
16475,"Forrest, Grant",3769,royal greens,sg_total,0.25145279522530517,2019-02-03,-0.005440806954690675,4583,brabazon course at the belfry
16475,"Forrest, Grant",3943,meloneras golf,sg_total,0.37738099689684185,2021-04-25,-0.006225528150309915,4583,brabazon course at the belfry
16475,"Forrest, Grant",4358,royal queensland gc,sg_total,0.6053188106462242,2023-11-26,-0.006459284278337585,4583,brabazon course at the belfry
16475,"Forrest, Grant",4377,genzon gc,sg_total,0.6560619883935562,2024-05-05,-0.008590565840085282,4583,brabazon course at the belfry
16475,"Forrest, Grant",4786,circolo golf torino,sg_total,0.9709308776411942,2026-06-28,-0.008710592587736023,4583,brabazon course at the belfry
16475,"Forrest, Grant",4372,al hamra gc,sg_total,0.6246898452608237,2024-01-28,-0.008954216466543747,4583,brabazon course at the belfry
16475,"Forrest, Grant",4375,laguna national g&cc classic course,sg_total,0.6424283409681188,2024-03-24,-0.009139234889578744,4583,brabazon course at the belfry
16475,"Forrest, Grant",4076,zebula golf estate  spa,sg_total,0.3433516974975665,2020-10-18,-0.009403927606080257,4583,brabazon course at the belfry
16475,"Forrest, Grant",4017,real club valderrama,sg_total,0.4941085742561417,2022-10-16,-0.009833817439630493,4583,brabazon course at the belfry
16475,"Forrest, Grant",4181,blair atholl golf & equestrian estate,sg_total,0.5063637471859777,2022-12-04,-0.010273009332050716,4583,brabazon course at the belfry
16475,"Forrest, Grant",4782,dlf g&cc player course,sg_total,0.9277434863285529,2026-03-29,-0.01095515236076903,4583,brabazon course at the belfry
16475,"Forrest, Grant",528,Pinehurst Resort & Country Club (Course No. 2),sg_total,0.669984969788664,2024-06-16,-0.013803335951920855,4583,brabazon course at the belfry
16475,"Forrest, Grant",4183,mont choisy le golf,sg_total,0.5099207283259416,2022-12-18,-0.014986397532722507,4583,brabazon course at the belfry
16475,"Forrest, Grant",4724,royal johannesburg east course,sg_total,0.880293415834221,2025-12-14,-0.015157290696572895,4583,brabazon course at the belfry
16475,"Forrest, Grant",4227,le golf national,sg_total,0.5865484532875249,2023-09-24,-0.018586624935528498,4583,brabazon course at the belfry
16475,"Forrest, Grant",4827,blackstone course mission hills,sg_total,0.9245020599315531,2026-03-22,-0.026861817014466806,4583,brabazon course at the belfry
11955,"Frittelli, Dylan",4724,royal johannesburg east course,sg_total,0.880293415834221,2025-12-14,0.025490534539976736,4583,brabazon course at the belfry
11955,"Frittelli, Dylan",4786,circolo golf torino,sg_total,0.9709308776411942,2026-06-28,0.02402192468344393,4583,brabazon course at the belfry
11955,"Frittelli, Dylan",4782,dlf g&cc player course,sg_total,0.9277434863285529,2026-03-29,0.02366233665696265,4583,brabazon course at the belfry
11955,"Frittelli, Dylan",4371,emirates gc,sg_total,0.6225072525676867,2024-01-21,0.009475665522641919,4583,brabazon course at the belfry
11955,"Frittelli, Dylan",734,PGA National Resort (The Champion),sg_total,2.1118506152405714,2023-02-26,0.009345721432164049,4583,brabazon course at the belfry
11955,"Frittelli, Dylan",875,ACCORDIA GOLF Narashino Country Club,sg_total,0.7813305291825452,2022-10-16,0.00847735778161465,4583,brabazon course at the belfry
11955,"Frittelli, Dylan",4402,le golf national,sg_total,0.7110589082064097,2024-10-13,0.00828596352500768,4583,brabazon course at the belfry
11955,"Frittelli, Dylan",3520,diamond cc,sg_total,0.18609462464127785,2017-06-11,0.006474153005131909,4583,brabazon course at the belfry
11955,"Frittelli, Dylan",3935,gary player cc,sg_total,0.3518677092565612,2020-12-06,0.006083539163444692,4583,brabazon course at the belfry
11955,"Frittelli, Dylan",4559,leopard creek cc,sg_total,0.733813771398553,2024-12-15,0.004544016741531826,4583,brabazon course at the belfry
11955,"Frittelli, Dylan",3637,emirates gc,sg_total,0.20887902966927693,2018-01-28,0.0036191125618796473,4583,brabazon course at the belfry
11955,"Frittelli, Dylan",714,TPC Louisiana,sg_total,0.5430792615475027,2023-04-23,0.0030284758282604725,4583,brabazon course at the belfry
11955,"Frittelli, Dylan",23,Muirfield Village Golf Club,sg_total,0.7134690734352893,2021-06-06,0.002962602304367003,4583,brabazon course at the belfry
11955,"Frittelli, Dylan",3494,hong kong gc,sg_total,0.2024018907423617,2017-11-26,0.0025703679776568826,4583,brabazon course at the belfry
11955,"Frittelli, Dylan",3495,glendower gc,sg_total,0.17290724229171636,2017-01-15,0.00046158012074257686,4583,brabazon course at the belfry
11955,"Frittelli, Dylan",3650,wentworth golf club,sg_total,0.22168451753581914,2018-05-27,-0.00012029658494798388,4583,brabazon course at the belfry
11955,"Frittelli, Dylan",4619,regnum carya golf & spa resort,sg_total,0.7897806739328027,2025-05-11,-0.0004250048108346167,4583,brabazon course at the belfry
11955,"Frittelli, Dylan",4382,rinkven international gc,sg_total,0.6629869316007273,2024-05-26,-0.0004634005197934805,4583,brabazon course at the belfry
11955,"Frittelli, Dylan",897,Memorial Park Golf Course,sg_total,1.2657472057027415,2022-11-13,-0.0007400285107576606,4583,brabazon course at the belfry
11955,"Frittelli, Dylan",4372,al hamra gc,sg_total,0.6246898452608237,2024-01-28,-0.0020283981785875686,4583,brabazon course at the belfry
11955,"Frittelli, Dylan",3519,barsebäck g&cc,sg_total,0.18544443195597088,2017-06-04,-0.0027276603065576137,4583,brabazon course at the belfry
11955,"Frittelli, Dylan",243,Trinity Forest Golf Club,sg_total,0.26408084279608046,2019-05-12,-0.0030970809628446004,4583,brabazon course at the belfry
11955,"Frittelli, Dylan",729,Golf Club of Houston,sg_total,0.21556344595177757,2018-04-01,-0.0031968788483790556,4583,brabazon course at the belfry
11955,"Frittelli, Dylan",697,Ocean Course at Kiawah Island,sg_total,0.38270148738575926,2021-05-23,-0.003392895890344005,4583,brabazon course at the belfry
11955,"Frittelli, Dylan",4621,gut altentann gc,sg_total,0.798117060447891,2025-06-01,-0.0035353829558440147,4583,brabazon course at the belfry
11955,"Frittelli, Dylan",658,Carnoustie GC,sg_total,0.22797940113688214,2018-07-22,-0.003974741168500155,4583,brabazon course at the belfry
11955,"Frittelli, Dylan",4731,houghton gc,sg_total,0.9180531430541589,2026-03-08,-0.004129957307951695,4583,brabazon course at the belfry
11955,"Frittelli, Dylan",4181,blair atholl golf & equestrian estate,sg_total,0.5063637471859777,2022-12-04,-0.0042464388811928955,4583,brabazon course at the belfry
11955,"Frittelli, Dylan",4369,la reserve gc,sg_total,0.6117081434533598,2023-12-17,-0.005185866683957465,4583,brabazon course at the belfry
11955,"Frittelli, Dylan",3765,randpark gc firethorn course,sg_total,0.2445097728767429,2018-12-09,-0.005729850461288054,4583,brabazon course at the belfry
11955,"Frittelli, Dylan",765,Port Royal Golf Course,sg_total,1.0158792864205566,2023-11-12,-0.0058896157031487345,4583,brabazon course at the belfry
11955,"Frittelli, Dylan",4817,national gc,sg_total,0.9441218903864221,2026-05-03,-0.006994508792170153,4583,brabazon course at the belfry
11955,"Frittelli, Dylan",4584,crans-sur-sierre gc,sg_total,0.835270211411272,2025-08-31,-0.007485217655967947,4583,brabazon course at the belfry
11955,"Frittelli, Dylan",618,Shinnecock Hills Golf Club,sg_total,0.22402446821274175,2018-06-17,-0.007669091626043918,4583,brabazon course at the belfry
11955,"Frittelli, Dylan",4377,genzon gc,sg_total,0.6560619883935562,2024-05-05,-0.009382370182156955,4583,brabazon course at the belfry
11955,"Frittelli, Dylan",700,TPC Boston,sg_total,0.3338711963680944,2020-08-23,-0.00989243149725074,4583,brabazon course at the belfry
11955,"Frittelli, Dylan",876,Detroit Golf Club,sg_total,1.6993244525040023,2023-07-02,-0.014318256653639597,4583,brabazon course at the belfry
11955,"Frittelli, Dylan",890,Tahoe Mountain Club (Old Greenwood),sg_total,0.5683601467575404,2023-07-23,-0.014605152758019909,4583,brabazon course at the belfry
11955,"Frittelli, Dylan",4723,gary player cc,sg_total,0.8772177743910435,2025-12-07,-0.014683138160954083,4583,brabazon course at the belfry
11955,"Frittelli, Dylan",503,TPC River Highlands,sg_total,1.4509943496961157,2022-06-26,-0.025070471571688208,4583,brabazon course at the belfry
11955,"Frittelli, Dylan",978,Vidanta Vallarta,sg_total,0.544983369207548,2023-04-30,-0.026202576387782825,4583,brabazon course at the belfry
19296,"Gallegos, Andres",807,Lakewood National Golf Club - Commander Course,sg_total,0.2532191397852745,2019-02-17,0.0016443489457764096,4583,brabazon course at the belfry
19296,"Gallegos, Andres",800,The Abaco Club on Winding Bay,sg_total,0.2500736011120941,2019-01-23,-0.0022989936468886083,4583,brabazon course at the belfry
19296,"Gallegos, Andres",810,Blue Hills Country Club,sg_total,0.26408084279608046,2019-05-12,-0.006312442637309975,4583,brabazon course at the belfry
19296,"Gallegos, Andres",630,Fox Den CC,sg_total,0.2650067451297589,2019-05-19,-0.008482735895316406,4583,brabazon course at the belfry
19296,"Gallegos, Andres",108,Mactaquac Golf Course,sg_total,0.6794307253746364,2024-07-14,-0.009177065726907878,4583,brabazon course at the belfry
19296,"Gallegos, Andres German",4817,national gc,sg_total,0.9441218903864221,2026-05-03,0.01997434124676821,4583,brabazon course at the belfry
19296,"Gallegos, Andres German",4721,royal queensland gc,sg_total,0.8741528788765721,2025-11-30,-0.03188050224302029,4583,brabazon course at the belfry
12258,"Garcia Rodriguez, Sebastian",4342,infinitum golf lakes course,sg_total,0.6019986958727488,2023-11-15,0.03169490094330603,4583,brabazon course at the belfry
12258,"Garcia Rodriguez, Sebastian",4710,sanya luhuitou gc,sg_total,0.8529963589691315,2025-10-12,0.024889968388317876,4583,brabazon course at the belfry
12258,"Garcia Rodriguez, Sebastian",4656,hangzhou west lake golf club,sg_total,0.8559870769289292,2025-10-19,0.024837315285672273,4583,brabazon course at the belfry
12258,"Garcia Rodriguez, Sebastian",4786,circolo golf torino,sg_total,0.9709308776411942,2026-06-28,0.021190399368559158,4583,brabazon course at the belfry
12258,"Garcia Rodriguez, Sebastian",4382,rinkven international gc,sg_total,0.6629869316007273,2024-05-26,0.020799375509692134,4583,brabazon course at the belfry
12258,"Garcia Rodriguez, Sebastian",4731,houghton gc,sg_total,0.9180531430541589,2026-03-08,0.01806006187934714,4583,brabazon course at the belfry
12258,"Garcia Rodriguez, Sebastian",4827,blackstone course mission hills,sg_total,0.9245020599315531,2026-03-22,0.017688128147152156,4583,brabazon course at the belfry
12258,"Garcia Rodriguez, Sebastian",4654,royal óbidos spa & golf resort,sg_total,0.8411376148446232,2025-09-14,0.016203530243240557,4583,brabazon course at the belfry
12258,"Garcia Rodriguez, Sebastian",4017,real club valderrama,sg_total,0.4941085742561417,2022-10-16,0.015044419699996928,4583,brabazon course at the belfry
12258,"Garcia Rodriguez, Sebastian",4227,le golf national,sg_total,0.5865484532875249,2023-09-24,0.014243420355282485,4583,brabazon course at the belfry
12258,"Garcia Rodriguez, Sebastian",4371,emirates gc,sg_total,0.6225072525676867,2024-01-21,0.013614610194278587,4583,brabazon course at the belfry
12258,"Garcia Rodriguez, Sebastian",3972,golf santa ponsa,sg_total,0.41333370907465194,2021-10-24,0.013325982050729815,4583,brabazon course at the belfry
12258,"Garcia Rodriguez, Sebastian",4193,kingsbarns golf links,sg_total,0.4906618916992401,2022-10-02,0.012956078840464515,4583,brabazon course at the belfry
12258,"Garcia Rodriguez, Sebastian",4372,al hamra gc,sg_total,0.6246898452608237,2024-01-28,0.011130345339552384,4583,brabazon course at the belfry
12258,"Garcia Rodriguez, Sebastian",4555,kingston heath gc,sg_total,0.7286950115597843,2024-12-01,0.010760209341279307,4583,brabazon course at the belfry
12258,"Garcia Rodriguez, Sebastian",3651,diamond cc,sg_total,0.5501747603315552,2020-07-12,0.010227716085124012,4583,brabazon course at the belfry
12258,"Garcia Rodriguez, Sebastian",4534,infinitum golf lakes course,sg_total,0.7221661802661196,2024-11-13,0.009266345702247424,4583,brabazon course at the belfry
12258,"Garcia Rodriguez, Sebastian",890,Tahoe Mountain Club (Old Greenwood),sg_total,1.040490575258164,2023-07-23,0.008765861214411835,4583,brabazon course at the belfry
12258,"Garcia Rodriguez, Sebastian",4782,dlf g&cc player course,sg_total,0.9277434863285529,2026-03-29,0.006552470549720644,4583,brabazon course at the belfry
12258,"Garcia Rodriguez, Sebastian",4016,club de campo villa de madrid,sg_total,0.4923822171335323,2022-10-09,0.006186828329133411,4583,brabazon course at the belfry
12258,"Garcia Rodriguez, Sebastian",3862,himmerland golf & spa resort,sg_total,0.3840432893753353,2021-05-30,0.006103470247159056,4583,brabazon course at the belfry
12258,"Garcia Rodriguez, Sebastian",3904,13th beach gc creek course,sg_total,0.30270395418214285,2020-02-09,0.003330604020654743,4583,brabazon course at the belfry
12258,"Garcia Rodriguez, Sebastian",3981,emirates gc,sg_total,0.43409147291705774,2022-01-30,0.002963890295012198,4583,brabazon course at the belfry
12258,"Garcia Rodriguez, Sebastian",4653,rosa golf club,sg_total,0.8381987791551844,2025-09-07,0.0026059320544133575,4583,brabazon course at the belfry
12258,"Garcia Rodriguez, Sebastian",3935,gary player cc,sg_total,0.3518677092565612,2020-12-06,0.002499082883786787,4583,brabazon course at the belfry
12258,"Garcia Rodriguez, Sebastian",4618,montagu,sg_total,0.7572968215143355,2025-02-16,0.0022342732930126733,4583,brabazon course at the belfry
12258,"Garcia Rodriguez, Sebastian",4617,royal cape golf club,sg_total,0.7546509156752821,2025-02-09,0.002112263111684335,4583,brabazon course at the belfry
12258,"Garcia Rodriguez, Sebastian",4207,golfclub münchen eichenried,sg_total,0.5604585449744904,2023-06-25,0.0018186524312037477,4583,brabazon course at the belfry
12258,"Garcia Rodriguez, Sebastian",3901,royal greens,sg_total,0.30164634224304404,2020-02-02,0.0010229536350202185,4583,brabazon course at the belfry
12258,"Garcia Rodriguez, Sebastian",3544,verdura gc,sg_total,0.22013814453292976,2018-05-13,-0.00041436676353059557,4583,brabazon course at the belfry
12258,"Garcia Rodriguez, Sebastian",4582,furesø golf klub,sg_total,0.8294437363854039,2025-08-17,-0.0009783703907036887,4583,brabazon course at the belfry
12258,"Garcia Rodriguez, Sebastian",3906,al mouj golf,sg_total,0.305899090813104,2020-03-01,-0.0012419064628112853,4583,brabazon course at the belfry
12258,"Garcia Rodriguez, Sebastian",4673,club de golf alcanada,sg_total,0.8620000071704987,2025-11-02,-0.0014353787565640785,4583,brabazon course at the belfry
12258,"Garcia Rodriguez, Sebastian",3898,randpark gc firethorn course,sg_total,0.34941323597069013,2020-11-22,-0.0021713143722530285,4583,brabazon course at the belfry
12258,"Garcia Rodriguez, Sebastian",4721,royal queensland gc,sg_total,0.8741528788765721,2025-11-30,-0.0022989239705420257,4583,brabazon course at the belfry
12258,"Garcia Rodriguez, Sebastian",4644,golf bluegreen de pléneuf val andré,sg_total,0.8065414401773269,2025-06-22,-0.002862661872538829,4583,brabazon course at the belfry
12258,"Garcia Rodriguez, Sebastian",4724,royal johannesburg east course,sg_total,0.880293415834221,2025-12-14,-0.003584329856298144,4583,brabazon course at the belfry
12258,"Garcia Rodriguez, Sebastian",4637,classic golf & country club,sg_total,0.7706661563760512,2025-03-23,-0.00361466152996381,4583,brabazon course at the belfry
12258,"Garcia Rodriguez, Sebastian",4619,regnum carya golf & spa resort,sg_total,0.7897806739328027,2025-05-11,-0.005244057130537844,4583,brabazon course at the belfry
12258,"Garcia Rodriguez, Sebastian",3943,meloneras golf,sg_total,0.37738099689684185,2021-04-25,-0.007626955926517657,4583,brabazon course at the belfry
12258,"Garcia Rodriguez, Sebastian",934,Hurstbourne Country Club,sg_total,0.9777512371933363,2026-07-12,-0.012160579055172338,4583,brabazon course at the belfry
12258,"Garcia Rodriguez, Sebastian",3876,crans-sur-sierre gc,sg_total,0.4019208903110026,2021-08-29,-0.017439944854776016,4583,brabazon course at the belfry
18241,"Gavins, Daniel",3793,crans-sur-sierre gc,sg_total,0.2792912876603469,2019-09-01,0.012132375347123813,4583,brabazon course at the belfry
18241,"Gavins, Daniel",4302,jack nicklaus golf club korea,sg_total,0.544983369207548,2023-04-30,0.012048728679364091,4583,brabazon course at the belfry
18241,"Gavins, Daniel",4186,emirates gc,sg_total,0.520742292353521,2023-01-29,0.011614570892563163,4583,brabazon course at the belfry
18241,"Gavins, Daniel",4076,zebula golf estate  spa,sg_total,0.3433516974975665,2020-10-18,0.008502201664994607,4583,brabazon course at the belfry
18241,"Gavins, Daniel",3981,emirates gc,sg_total,0.43409147291705774,2022-01-30,0.005910758789838319,4583,brabazon course at the belfry
18241,"Gavins, Daniel",4016,club de campo villa de madrid,sg_total,0.4923822171335323,2022-10-09,0.0036419727231792112,4583,brabazon course at the belfry
18241,"Gavins, Daniel",4017,real club valderrama,sg_total,0.4941085742561417,2022-10-16,0.0028719203788865324,4583,brabazon course at the belfry
18241,"Gavins, Daniel",3651,diamond cc,sg_total,0.3269330072071321,2020-07-12,0.001942037770401761,4583,brabazon course at the belfry
18241,"Gavins, Daniel",4075,doha gc,sg_total,0.4464177973920421,2022-03-27,0.0011884443888960981,4583,brabazon course at the belfry
18241,"Gavins, Daniel",890,Tahoe Mountain Club (Old Greenwood),sg_total,0.47213042850062353,2022-07-17,0.0009668916102783089,4583,brabazon course at the belfry
18241,"Gavins, Daniel",3876,crans-sur-sierre gc,sg_total,0.4019208903110026,2021-08-29,0.0008864095715656944,4583,brabazon course at the belfry
18241,"Gavins, Daniel",4200,yas links,sg_total,0.5189228801589404,2023-01-22,0.0007523869152879287,4583,brabazon course at the belfry
18241,"Gavins, Daniel",3774,doha gc,sg_total,0.25589194844208374,2019-03-10,-0.0003579120609522197,4583,brabazon course at the belfry
18241,"Gavins, Daniel",4011,himmerland golf & spa resort,sg_total,0.483840486467991,2022-09-04,-0.00052359663400044,4583,brabazon course at the belfry
18241,"Gavins, Daniel",3802,dom pedro victoria golf course,sg_total,0.28722195492640357,2019-10-27,-0.0008519898719144617,4583,brabazon course at the belfry
18241,"Gavins, Daniel",3765,randpark gc firethorn course,sg_total,0.2445097728767429,2018-12-09,-0.0009930157084549773,4583,brabazon course at the belfry
18241,"Gavins, Daniel",4207,golfclub münchen eichenried,sg_total,0.5604585449744904,2023-06-25,-0.0010511615216115694,4583,brabazon course at the belfry
18241,"Gavins, Daniel",3926,hinton golf club,sg_total,0.3813643734941895,2021-05-16,-0.0015645629182127014,4583,brabazon course at the belfry
18241,"Gavins, Daniel",3862,himmerland golf & spa resort,sg_total,0.2631581754560287,2019-05-05,-0.004563440488396144,4583,brabazon course at the belfry
18241,"Gavins, Daniel",3779,royal golf dar es salam red course,sg_total,0.2622387318069171,2019-04-28,-0.004972516645545935,4583,brabazon course at the belfry
18241,"Gavins, Daniel",3902,randpark gc bushwillow course,sg_total,0.2984956258576689,2020-01-12,-0.0051609444389607104,4583,brabazon course at the belfry
18241,"Gavins, Daniel",3763,racv royal pines resort,sg_total,0.24365548454833486,2018-12-02,-0.00563208708007723,4583,brabazon course at the belfry
18241,"Gavins, Daniel",4181,blair atholl golf & equestrian estate,sg_total,0.5063637471859777,2022-12-04,-0.006757067612546945,4583,brabazon course at the belfry
18241,"Gavins, Daniel",4237,club at steyn city,sg_total,0.5355291261520809,2023-03-26,-0.017236951810697912,4583,brabazon course at the belfry
18241,"Gavins, Daniel",3792,hills golf & sports club,sg_total,0.27831547681864865,2019-08-25,-0.02437596808775263,4583,brabazon course at the belfry
18241,"Gavins, Daniel",4372,al hamra gc,sg_total,0.6246898452608237,2024-01-28,-0.026015242847218314,4583,brabazon course at the belfry
18241,"Gavins, Daniel",4227,le golf national,sg_total,0.5865484532875249,2023-09-24,-0.03707876388180439,4583,brabazon course at the belfry
18241,"Gavins, Daniel",4221,galgorm castle golf club,sg_total,0.5763731489488771,2023-08-20,-0.04079177523819688,4583,brabazon course at the belfry
18241,"Gavins, Daniel",4371,emirates gc,sg_total,0.6225072525676867,2024-01-21,-0.046997475526861864,4583,brabazon course at the belfry
18241,"Gavins, Daniel",4723,gary player cc,sg_total,0.8772177743910435,2025-12-07,-0.060483251277115825,4583,brabazon course at the belfry
18241,"Gavins, Daniel",934,Hurstbourne Country Club,sg_total,0.9777512371933363,2026-07-12,-0.07080633713831311,4583,brabazon course at the belfry
18241,"Gavins, Daniel",4786,circolo golf torino,sg_total,0.9709308776411942,2026-06-28,-0.08671466758877422,4583,brabazon course at the belfry
15592,"Girrbach, Joel",4584,crans-sur-sierre gc,sg_total,0.835270211411272,2025-08-31,0.028173870533559593,4583,brabazon course at the belfry
15592,"Girrbach, Joel",4724,royal johannesburg east course,sg_total,0.880293415834221,2025-12-14,0.022966061552457947,4583,brabazon course at the belfry
15592,"Girrbach, Joel",934,Hurstbourne Country Club,sg_total,1.792805979110845,2026-07-12,0.022574606688005757,4583,brabazon course at the belfry
15592,"Girrbach, Joel",4377,genzon gc,sg_total,0.6560619883935562,2024-05-05,0.021834156184594188,4583,brabazon course at the belfry
15592,"Girrbach, Joel",4353,danzhou ancient saltern golf club,sg_total,0.5930361029297179,2023-10-16,0.015595863577643084,4583,brabazon course at the belfry
15592,"Girrbach, Joel",4555,kingston heath gc,sg_total,0.7286950115597843,2024-12-01,0.015277438015460321,4583,brabazon course at the belfry
15592,"Girrbach, Joel",4372,al hamra gc,sg_total,0.6246898452608237,2024-01-28,0.014341682450582668,4583,brabazon course at the belfry
15592,"Girrbach, Joel",4592,yas links,sg_total,0.8650222931107413,2025-11-09,0.012914313353194432,4583,brabazon course at the belfry
15592,"Girrbach, Joel",4619,regnum carya golf & spa resort,sg_total,0.7897806739328027,2025-05-11,0.009412171803756177,4583,brabazon course at the belfry
15592,"Girrbach, Joel",4375,laguna national g&cc classic course,sg_total,0.6424283409681188,2024-03-24,0.007736096842983318,4583,brabazon course at the belfry
15592,"Girrbach, Joel",4402,le golf national,sg_total,0.7110589082064097,2024-10-13,0.007115211268827237,4583,brabazon course at the belfry
15592,"Girrbach, Joel",4266,gc adamstal,sg_total,0.5663743633919324,2023-07-16,0.006913515769525957,4583,brabazon course at the belfry
15592,"Girrbach, Joel",4731,houghton gc,sg_total,0.9180531430541589,2026-03-08,0.006428128501045818,4583,brabazon course at the belfry
15592,"Girrbach, Joel",4055,vierumäki resort,sg_total,0.4771139155210344,2022-08-07,0.004461658915329337,4583,brabazon course at the belfry
15592,"Girrbach, Joel",3792,hills golf & sports club,sg_total,0.27831547681864865,2019-08-25,0.0032138922897376864,4583,brabazon course at the belfry
15592,"Girrbach, Joel",4076,zebula golf estate  spa,sg_total,0.4464177973920421,2022-03-27,0.0032092984423762595,4583,brabazon course at the belfry
15592,"Girrbach, Joel",4271,askersunds golfklubb,sg_total,0.5783939893780083,2023-08-27,0.003068472439217675,4583,brabazon course at the belfry
15592,"Girrbach, Joel",4062,golf saint apollinaire,sg_total,0.4889475768792571,2022-09-25,0.002732509414720104,4583,brabazon course at the belfry
15592,"Girrbach, Joel",4276,club de golf alcanada,sg_total,0.5989962148511054,2023-11-05,0.0024726456112013156,4583,brabazon course at the belfry
15592,"Girrbach, Joel",3926,hinton golf club,sg_total,0.3813643734941895,2021-05-16,0.0015445352170336242,4583,brabazon course at the belfry
15592,"Girrbach, Joel",3793,crans-sur-sierre gc,sg_total,0.2792912876603469,2019-09-01,0.0009037040450156029,4583,brabazon course at the belfry
15592,"Girrbach, Joel",3765,randpark gc firethorn course,sg_total,0.2445097728767429,2018-12-09,0.0007207365201358335,4583,brabazon course at the belfry
15592,"Girrbach, Joel",3779,royal golf dar es salam red course,sg_total,0.2622387318069171,2019-04-28,0.00014535104708393115,4583,brabazon course at the belfry
15592,"Girrbach, Joel",4317,twentsche gc,sg_total,0.550735842216777,2023-05-21,0.00010643227411859517,4583,brabazon course at the belfry
15592,"Girrbach, Joel",3916,vierumäki resort,sg_total,0.39772279950933415,2021-08-08,-0.0001860750845616645,4583,brabazon course at the belfry
15592,"Girrbach, Joel",4621,gut altentann gc,sg_total,0.798117060447891,2025-06-01,-0.001156969400967611,4583,brabazon course at the belfry
15592,"Girrbach, Joel",4051,golf pga france du vaudreuil,sg_total,0.47048086042893056,2022-07-10,-0.0016833818668238409,4583,brabazon course at the belfry
15592,"Girrbach, Joel",3651,diamond cc,sg_total,0.3269330072071321,2020-07-12,-0.0020739723806153195,4583,brabazon course at the belfry
15592,"Girrbach, Joel",4301,golf nazionale,sg_total,0.5643955181193583,2023-07-09,-0.0024221835472001516,4583,brabazon course at the belfry
15592,"Girrbach, Joel",4104,iberostar real club de golf novo sancti petri,sg_total,0.4590941362868942,2022-05-22,-0.0027012154280016388,4583,brabazon course at the belfry
15592,"Girrbach, Joel",4080,schoeman park golf club,sg_total,0.4417549333953923,2022-03-06,-0.00415959110370446,4583,brabazon course at the belfry
15592,"Girrbach, Joel",4382,rinkven international gc,sg_total,0.6629869316007273,2024-05-26,-0.005049241539262424,4583,brabazon course at the belfry
15592,"Girrbach, Joel",4817,national gc,sg_total,0.9441218903864221,2026-05-03,-0.0055343723828743694,4583,brabazon course at the belfry
15592,"Girrbach, Joel",4267,wittelsbacher golfclub,sg_total,0.5683601467575404,2023-07-23,-0.005726688615725687,4583,brabazon course at the belfry
15592,"Girrbach, Joel",3802,dom pedro victoria golf course,sg_total,0.28722195492640357,2019-10-27,-0.007661790801360598,4583,brabazon course at the belfry
15592,"Girrbach, Joel",4782,dlf g&cc player course,sg_total,0.9277434863285529,2026-03-29,-0.009297294651225111,4583,brabazon course at the belfry
15592,"Girrbach, Joel",4559,leopard creek cc,sg_total,0.733813771398553,2024-12-15,-0.014224621278402386,4583,brabazon course at the belfry
15592,"Girrbach, Joel",4582,furesø golf klub,sg_total,0.8294437363854039,2025-08-17,-0.014962635178070085,4583,brabazon course at the belfry
15592,"Girrbach, Joel",4721,royal queensland gc,sg_total,0.8741528788765721,2025-11-30,-0.015946247272502975,4583,brabazon course at the belfry
15592,"Girrbach, Joel",4786,circolo golf torino,sg_total,0.9709308776411942,2026-06-28,-0.019440178238511047,4583,brabazon course at the belfry
15592,"Girrbach, Joel",4063,golf international de pont royal,sg_total,0.4906618916992401,2022-10-02,-0.020169625468013406,4583,brabazon course at the belfry
26491,"Gough(Am), John",-1,Unknown,sg_total,0.520742292353521,2023-01-29,-0.0013385636551505858,4583,brabazon course at the belfry
26491,"Gough, John",4644,golf bluegreen de pléneuf val andré,sg_total,0.8065414401773269,2025-06-22,0.03410920601836433,4583,brabazon course at the belfry
26491,"Gough, John",4653,rosa golf club,sg_total,0.8381987791551844,2025-09-07,0.028529692715168982,4583,brabazon course at the belfry
26491,"Gough, John",4063,golf international de pont royal,sg_total,0.4906618916992401,2022-10-02,0.0076384474256428305,4583,brabazon course at the belfry
26491,"Gough, John",4822,golf nazionale,sg_total,0.9474321065017983,2026-05-10,0.00756564908208716,4583,brabazon course at the belfry
26491,"Gough, John",4227,le golf national,sg_total,0.5865484532875249,2023-09-24,0.007419051521091203,4583,brabazon course at the belfry
26491,"Gough, John",4656,hangzhou west lake golf club,sg_total,0.8559870769289292,2025-10-19,-0.001561002554438308,4583,brabazon course at the belfry
26491,"Gough, John",-1,Unknown,sg_total,1.2493873429800637,2024-02-04,-0.0015843180306727171,4583,brabazon course at the belfry
26491,"Gough, John",4517,iberostar real club de golf novo sancti petri,sg_total,0.6676441212689289,2024-06-09,-0.002756170066783231,4583,brabazon course at the belfry
26491,"Gough, John",4654,royal óbidos spa & golf resort,sg_total,0.8411376148446232,2025-09-14,-0.0032265780335359625,4583,brabazon course at the belfry
26491,"Gough, John",4673,club de golf alcanada,sg_total,0.8620000071704987,2025-11-02,-0.030465125403191934,4583,brabazon course at the belfry
26491,"Gough, John",4710,sanya luhuitou gc,sg_total,0.8529963589691315,2025-10-12,-0.038144063756813874,4583,brabazon course at the belfry
10201,"Guerrier, Julien",4723,gary player cc,sg_total,0.8772177743910435,2025-12-07,0.02105579540188737,4583,brabazon course at the belfry
10201,"Guerrier, Julien",4235,gary player cc,sg_total,0.6010963747389753,2023-11-12,0.014143655096035207,4583,brabazon course at the belfry
10201,"Guerrier, Julien",890,Tahoe Mountain Club (Old Greenwood),sg_total,0.5683601467575404,2023-07-23,0.012333267660477274,4583,brabazon course at the belfry
10201,"Guerrier, Julien",4402,le golf national,sg_total,0.7110589082064097,2024-10-13,0.011314082081920803,4583,brabazon course at the belfry
10201,"Guerrier, Julien",3981,emirates gc,sg_total,0.43409147291705774,2022-01-30,0.010047056510532556,4583,brabazon course at the belfry
10201,"Guerrier, Julien",3544,verdura gc,sg_total,0.404288998271078,2018-05-13,0.00933473956164126,4583,brabazon course at the belfry
10201,"Guerrier, Julien",4782,dlf g&cc player course,sg_total,0.9277434863285529,2026-03-29,0.008815628534349071,4583,brabazon course at the belfry
10201,"Guerrier, Julien",4236,jumeirah golf estates,sg_total,0.6032038980649524,2023-11-19,0.0087428714851463,4583,brabazon course at the belfry
10201,"Guerrier, Julien",4183,mont choisy le golf,sg_total,0.5099207283259416,2022-12-18,0.007009005992565998,4583,brabazon course at the belfry
10201,"Guerrier, Julien",3862,himmerland golf & spa resort,sg_total,0.3840432893753353,2021-05-30,0.006433397138453406,4583,brabazon course at the belfry
10201,"Guerrier, Julien",3935,gary player cc,sg_total,0.3518677092565612,2020-12-06,0.0063646789763614495,4583,brabazon course at the belfry
10201,"Guerrier, Julien",4237,club at steyn city,sg_total,0.5355291261520809,2023-03-26,0.005396544174172018,4583,brabazon course at the belfry
10201,"Guerrier, Julien",4559,leopard creek cc,sg_total,0.733813771398553,2024-12-15,0.004555007184485846,4583,brabazon course at the belfry
10201,"Guerrier, Julien",4377,genzon gc,sg_total,0.6560619883935562,2024-05-05,0.004278580959894524,4583,brabazon course at the belfry
10201,"Guerrier, Julien",4582,furesø golf klub,sg_total,0.8294437363854039,2025-08-17,0.003577060062429819,4583,brabazon course at the belfry
10201,"Guerrier, Julien",3663,albatross golf resort,sg_total,0.23200415453447004,2018-08-26,0.0033055120772246733,4583,brabazon course at the belfry
10201,"Guerrier, Julien",3519,barsebäck g&cc,sg_total,0.18544443195597088,2017-06-04,0.0028160368749895817,4583,brabazon course at the belfry
10201,"Guerrier, Julien",4186,emirates gc,sg_total,0.520742292353521,2023-01-29,0.0021828675344717488,4583,brabazon course at the belfry
10201,"Guerrier, Julien",3943,meloneras golf,sg_total,0.37738099689684185,2021-04-25,0.0020048769143228584,4583,brabazon course at the belfry
10201,"Guerrier, Julien",3678,walton heath gc,sg_total,0.2377584587145598,2018-10-14,0.0019002298219155107,4583,brabazon course at the belfry
10201,"Guerrier, Julien",4230,kingsbarns golf links,sg_total,0.5906686964874246,2023-10-08,0.0018498778931318699,4583,brabazon course at the belfry
10201,"Guerrier, Julien",4302,jack nicklaus golf club korea,sg_total,0.544983369207548,2023-04-30,0.0013026018869904872,4583,brabazon course at the belfry
10201,"Guerrier, Julien",3876,crans-sur-sierre gc,sg_total,0.4019208903110026,2021-08-29,0.0007447856030807598,4583,brabazon course at the belfry
10201,"Guerrier, Julien",3520,diamond cc,sg_total,0.18609462464127785,2017-06-11,0.0005631775838096797,4583,brabazon course at the belfry
10201,"Guerrier, Julien",3501,royal johannesburg west course,sg_total,0.17657668871613386,2017-02-26,0.0003690628497902804,4583,brabazon course at the belfry
10201,"Guerrier, Julien",4227,le golf national,sg_total,0.5865484532875249,2023-09-24,0.000213453287663049,4583,brabazon course at the belfry
10201,"Guerrier, Julien",4621,gut altentann gc,sg_total,0.798117060447891,2025-06-01,-0.00032491947885632944,4583,brabazon course at the belfry
10201,"Guerrier, Julien",3898,randpark gc firethorn course,sg_total,0.2984956258576689,2020-01-12,-0.0009419684221749139,4583,brabazon course at the belfry
10201,"Guerrier, Julien",4193,kingsbarns golf links,sg_total,0.4906618916992401,2022-10-02,-0.0012183595687905529,4583,brabazon course at the belfry
10201,"Guerrier, Julien",4075,doha gc,sg_total,0.4464177973920421,2022-03-27,-0.0019951735453214783,4583,brabazon course at the belfry
10201,"Guerrier, Julien",3674,regnum carya golf & spa resort,sg_total,0.2402680749592907,2018-11-04,-0.0028693955218965514,4583,brabazon course at the belfry
10201,"Guerrier, Julien",4372,al hamra gc,sg_total,0.6246898452608237,2024-01-28,-0.0031361869519058636,4583,brabazon course at the belfry
10201,"Guerrier, Julien",3650,wentworth golf club,sg_total,0.22168451753581914,2018-05-27,-0.0035655164561927497,4583,brabazon course at the belfry
10201,"Guerrier, Julien",3664,silkeborg ry gc,sg_total,0.2328175917601019,2018-09-02,-0.005152958157817585,4583,brabazon course at the belfry
10201,"Guerrier, Julien",4371,emirates gc,sg_total,0.6225072525676867,2024-01-21,-0.005242826767297292,4583,brabazon course at the belfry
10201,"Guerrier, Julien",4817,national gc,sg_total,0.9441218903864221,2026-05-03,-0.006549247016775789,4583,brabazon course at the belfry
10201,"Guerrier, Julien",4619,regnum carya golf & spa resort,sg_total,0.7897806739328027,2025-05-11,-0.00735648855245884,4583,brabazon course at the belfry
10201,"Guerrier, Julien",4011,himmerland golf & spa resort,sg_total,0.483840486467991,2022-09-04,-0.008370441319807041,4583,brabazon course at the belfry
10201,"Guerrier, Julien",3906,al mouj golf,sg_total,0.305899090813104,2020-03-01,-0.010099239087249412,4583,brabazon course at the belfry
10201,"Guerrier, Julien",4382,rinkven international gc,sg_total,0.6629869316007273,2024-05-26,-0.011141215337072775,4583,brabazon course at the belfry
10201,"Guerrier, Julien",4731,houghton gc,sg_total,0.9180531430541589,2026-03-08,-0.01193182963443331,4583,brabazon course at the belfry
10201,"Guerrier, Julien",3901,royal greens,sg_total,0.664774302223504,2021-02-07,-0.012222543486480915,4583,brabazon course at the belfry
10201,"Guerrier, Julien",4603,kingsbarns golf links,sg_total,0.8500160902253981,2025-10-05,-0.013351878009247628,4583,brabazon course at the belfry
10201,"Guerrier, Julien",4200,yas links,sg_total,0.5189228801589404,2023-01-22,-0.018573504868282274,4583,brabazon course at the belfry
10201,"Guerrier, Julien",4724,royal johannesburg east course,sg_total,0.880293415834221,2025-12-14,-0.030604710304135616,4583,brabazon course at the belfry
28239,"Guillamoundeguy, Oihan",4644,golf bluegreen de pléneuf val andré,sg_total,0.8065414401773269,2025-06-22,0.016622713949730496,4583,brabazon course at the belfry
28239,"Guillamoundeguy, Oihan",4653,rosa golf club,sg_total,0.8381987791551844,2025-09-07,0.012726358651801115,4583,brabazon course at the belfry
28239,"Guillamoundeguy, Oihan",4786,circolo golf torino,sg_total,0.9709308776411942,2026-06-28,0.012027808096462872,4583,brabazon course at the belfry
28239,"Guillamoundeguy, Oihan",4651,vierumäki resort,sg_total,0.8294437363854039,2025-08-17,0.010974923976748027,4583,brabazon course at the belfry
28239,"Guillamoundeguy, Oihan",4529,argentario gc,sg_total,0.7036318499619978,2024-09-22,0.009601639663586846,4583,brabazon course at the belfry
28239,"Guillamoundeguy, Oihan",4656,hangzhou west lake golf club,sg_total,0.8559870769289292,2025-10-19,0.006360981106687527,4583,brabazon course at the belfry
28239,"Guillamoundeguy, Oihan",4563,sanya luhuitou gc,sg_total,0.7110589082064097,2024-10-13,0.00617014849116807,4583,brabazon course at the belfry
28239,"Guillamoundeguy, Oihan",4637,classic golf & country club,sg_total,0.7706661563760512,2025-03-23,0.005456179534079937,4583,brabazon course at the belfry
28239,"Guillamoundeguy, Oihan",4317,twentsche gc,sg_total,0.550735842216777,2023-05-21,0.00518778487245134,4583,brabazon course at the belfry
28239,"Guillamoundeguy, Oihan",4724,royal johannesburg east course,sg_total,0.880293415834221,2025-12-14,0.0034298815639913893,4583,brabazon course at the belfry
28239,"Guillamoundeguy, Oihan",4710,sanya luhuitou gc,sg_total,0.8529963589691315,2025-10-12,0.0033951312132959213,4583,brabazon course at the belfry
28239,"Guillamoundeguy, Oihan",934,Hurstbourne Country Club,sg_total,0.9777512371933363,2026-07-12,0.0028456496218717945,4583,brabazon course at the belfry
28239,"Guillamoundeguy, Oihan",4654,royal óbidos spa & golf resort,sg_total,0.8411376148446232,2025-09-14,0.0009938709202857257,4583,brabazon course at the belfry
28239,"Guillamoundeguy, Oihan",4485,hangzhou west lake golf club,sg_total,0.7135519747065024,2024-10-20,0.0008630283138736065,4583,brabazon course at the belfry
28239,"Guillamoundeguy, Oihan",4183,mont choisy le golf,sg_total,0.5099207283259416,2022-12-18,0.0008414782889696904,4583,brabazon course at the belfry
28239,"Guillamoundeguy, Oihan",4489,golf saint apollinaire,sg_total,0.7060988762143844,2024-09-29,0.00026252560757879576,4583,brabazon course at the belfry
28239,"Guillamoundeguy, Oihan",4486,kaskáda golf resort,sg_total,0.669984969788664,2024-06-16,5.1772094568093345e-05,4583,brabazon course at the belfry
28239,"Guillamoundeguy, Oihan",4487,golf bluegreen de pléneuf val andré,sg_total,0.6723340256326573,2024-06-23,-0.005616526837767505,4583,brabazon course at the belfry
28239,"Guillamoundeguy, Oihan",4817,national gc,sg_total,0.9441218903864221,2026-05-03,-0.006971176476827348,4583,brabazon course at the belfry
28239,"Guillamoundeguy, Oihan",4618,montagu,sg_total,0.7572968215143355,2025-02-16,-0.012033931673008242,4583,brabazon course at the belfry
28239,"Guillamoundeguy, Oihan",4617,royal cape golf club,sg_total,0.7546509156752821,2025-02-09,-0.012060239859199925,4583,brabazon course at the belfry
28239,"Guillamoundeguy, Oihan",4827,blackstone course mission hills,sg_total,0.9245020599315531,2026-03-22,-0.012389014576469699,4583,brabazon course at the belfry
28239,"Guillamoundeguy, Oihan",4369,la reserve gc,sg_total,0.6117081434533598,2023-12-17,-0.014695470897340565,4583,brabazon course at the belfry
28239,"Guillamoundeguy, Oihan",4517,iberostar real club de golf novo sancti petri,sg_total,0.6676441212689289,2024-06-09,-0.017048329500187785,4583,brabazon course at the belfry
28239,"Guillamoundeguy, Oihan",4267,wittelsbacher golfclub,sg_total,0.5683601467575404,2023-07-23,-0.01745478412963515,4583,brabazon course at the belfry
28239,"Guillamoundeguy, Oihan",4227,le golf national,sg_total,0.5865484532875249,2023-09-24,-0.024313109367699145,4583,brabazon course at the belfry
28239,"Guillamoundeguy, Oihan",-1,Unknown,sg_total,1.2534524626512988,2024-12-07,-0.036773559832693065,4583,brabazon course at the belfry
28239,"Guillamoundeguy, Oihan",4673,club de golf alcanada,sg_total,0.8620000071704987,2025-11-02,-0.03844492999829071,4583,brabazon course at the belfry
28239,"Guillamoundeguy, Oihan",4782,dlf g&cc player course,sg_total,0.9277434863285529,2026-03-29,-0.03911525266807832,4583,brabazon course at the belfry
23892,"Gumberg, Jordan",4827,blackstone course mission hills,sg_total,0.9245020599315531,2026-03-22,0.053334538238083574,4583,brabazon course at the belfry
23892,"Gumberg, Jordan",4317,twentsche gc,sg_total,0.550735842216777,2023-05-21,0.020266983689077762,4583,brabazon course at the belfry
23892,"Gumberg, Jordan",4782,dlf g&cc player course,sg_total,0.9277434863285529,2026-03-29,0.016345555314274788,4583,brabazon course at the belfry
23892,"Gumberg, Jordan",4731,houghton gc,sg_total,0.9180531430541589,2026-03-08,0.015004480593667758,4583,brabazon course at the belfry
23892,"Gumberg, Jordan",4555,kingston heath gc,sg_total,0.7286950115597843,2024-12-01,0.014620952408161324,4583,brabazon course at the belfry
23892,"Gumberg, Jordan",4342,infinitum golf lakes course,sg_total,0.6019986958727488,2023-11-15,0.013952894751675476,4583,brabazon course at the belfry
23892,"Gumberg, Jordan",4353,danzhou ancient saltern golf club,sg_total,0.5930361029297179,2023-10-16,0.013771927554797917,4583,brabazon course at the belfry
23892,"Gumberg, Jordan",4454,links,sg_total,0.631283645506926,2024-02-18,0.010410058954844674,4583,brabazon course at the belfry
23892,"Gumberg, Jordan",773,Aronimink Golf Club,sg_total,0.9507539286723269,2026-05-17,0.009312246813624442,4583,brabazon course at the belfry
23892,"Gumberg, Jordan",4584,crans-sur-sierre gc,sg_total,0.835270211411272,2025-08-31,0.008036962273263315,4583,brabazon course at the belfry
23892,"Gumberg, Jordan",4382,rinkven international gc,sg_total,0.6629869316007273,2024-05-26,0.0080084326072661,4583,brabazon course at the belfry
23892,"Gumberg, Jordan",925,Dunes Golf and Beach Club,sg_total,0.6583622284248272,2024-05-12,0.0077376110496501765,4583,brabazon course at the belfry
23892,"Gumberg, Jordan",43,The Los Angeles Country Club (North Course),sg_total,0.5585003688742262,2023-06-18,0.00735806227389237,4583,brabazon course at the belfry
23892,"Gumberg, Jordan",4266,gc adamstal,sg_total,0.5663743633919324,2023-07-16,0.0036363041994782424,4583,brabazon course at the belfry
23892,"Gumberg, Jordan",810,Blue Hills Country Club,sg_total,0.26408084279608046,2019-05-12,0.002263669202522108,4583,brabazon course at the belfry
23892,"Gumberg, Jordan",4183,mont choisy le golf,sg_total,0.5099207283259416,2022-12-18,0.0019051874916281855,4583,brabazon course at the belfry
23892,"Gumberg, Jordan",4267,wittelsbacher golfclub,sg_total,0.5683601467575404,2023-07-23,0.00014840591558540423,4583,brabazon course at the belfry
23892,"Gumberg, Jordan",4056,frederikshavn golfklub,sg_total,0.47878673996045235,2022-08-14,-0.00017301882279998924,4583,brabazon course at the belfry
23892,"Gumberg, Jordan",4369,la reserve gc,sg_total,0.6117081434533598,2023-12-17,-0.0006352550512161705,4583,brabazon course at the belfry
23892,"Gumberg, Jordan",765,Port Royal Golf Course,sg_total,0.7605465028408891,2021-10-31,-0.002063971643396371,4583,brabazon course at the belfry
23892,"Gumberg, Jordan",4375,laguna national g&cc classic course,sg_total,0.6424283409681188,2024-03-24,-0.0025776638762771377,4583,brabazon course at the belfry
23892,"Gumberg, Jordan",4786,circolo golf torino,sg_total,0.9709308776411942,2026-06-28,-0.0026599928132808428,4583,brabazon course at the belfry
23892,"Gumberg, Jordan",4559,leopard creek cc,sg_total,0.733813771398553,2024-12-15,-0.005363185715577785,4583,brabazon course at the belfry
23892,"Gumberg, Jordan",630,Fox Den CC,sg_total,0.45773000610993425,2019-05-19,-0.0076383080488113654,4583,brabazon course at the belfry
23892,"Gumberg, Jordan",4055,vierumäki resort,sg_total,0.4771139155210344,2022-08-07,-0.009088410942166706,4583,brabazon course at the belfry
23892,"Gumberg, Jordan",4619,regnum carya golf & spa resort,sg_total,0.7897806739328027,2025-05-11,-0.009400135082986708,4583,brabazon course at the belfry
23892,"Gumberg, Jordan",4402,le golf national,sg_total,0.7110589082064097,2024-10-13,-0.010048379747044934,4583,brabazon course at the belfry
23892,"Gumberg, Jordan",4358,royal queensland gc,sg_total,0.6053188106462242,2023-11-26,-0.012598894935616459,4583,brabazon course at the belfry
23892,"Gumberg, Jordan",4817,national gc,sg_total,0.9441218903864221,2026-05-03,-0.013592952115509366,4583,brabazon course at the belfry
23892,"Gumberg, Jordan",4721,royal queensland gc,sg_total,0.8741528788765721,2025-11-30,-0.015844622521203958,4583,brabazon course at the belfry
23892,"Gumberg, Jordan",4582,furesø golf klub,sg_total,0.8294437363854039,2025-08-17,-0.018530961534347183,4583,brabazon course at the belfry
23892,"Gumberg, Jordan",4276,club de golf alcanada,sg_total,0.5989962148511054,2023-11-05,-0.022081721146118418,4583,brabazon course at the belfry
23892,"Gumberg, Jordan",4621,gut altentann gc,sg_total,0.798117060447891,2025-06-01,-0.02654268214773322,4583,brabazon course at the belfry
27194,"Hall, Harry",897,Memorial Park Golf Course,sg_total,2.846867223425252,2026-03-29,0.021076116578112734,4583,brabazon course at the belfry
27194,"Hall, Harry",875,ACCORDIA GOLF Narashino Country Club,sg_total,1.3108716647988439,2024-10-27,0.01648468998977134,4583,brabazon course at the belfry
27194,"Hall, Harry",978,Vidanta Vallarta,sg_total,1.9384323828499972,2025-02-23,0.014312397087442157,4583,brabazon course at the belfry
27194,"Hall, Harry",714,TPC Louisiana,sg_total,0.5430792615475027,2023-04-23,0.008578855145098338,4583,brabazon course at the belfry
27194,"Hall, Harry",925,Dunes Golf and Beach Club,sg_total,1.4481429023576298,2025-05-11,0.007723001421921057,4583,brabazon course at the belfry
27194,"Hall, Harry",503,TPC River Highlands,sg_total,2.3379308627930118,2026-06-28,0.006270781203145927,4583,brabazon course at the belfry
27194,"Hall, Harry",3902,randpark gc bushwillow course,sg_total,0.2984956258576689,2020-01-12,0.0049359072105140105,4583,brabazon course at the belfry
27194,"Hall, Harry",876,Detroit Golf Club,sg_total,2.0464841853285374,2025-06-29,0.00407874761649452,4583,brabazon course at the belfry
27194,"Hall, Harry",930,Black Desert Resort,sg_total,0.7110589082064097,2024-10-13,0.004072295746141668,4583,brabazon course at the belfry
27194,"Hall, Harry",23,Muirfield Village Golf Club,sg_total,0.9607894391523232,2026-06-07,0.00396000856615433,4583,brabazon course at the belfry
27194,"Hall, Harry",811,Bolingbrook Golf Club,sg_total,0.37606247217196515,2021-04-18,0.00029779052053178297,4583,brabazon course at the belfry
27194,"Hall, Harry",62,The Ledges,sg_total,0.8330030116193452,2022-05-01,-0.0002893813794035553,4583,brabazon course at the belfry
27194,"Hall, Harry",928,PGA National  - Champion Course,sg_total,1.3983346300314796,2025-03-02,-0.0017030868312692287,4583,brabazon course at the belfry
27194,"Hall, Harry",807,Lakewood National Golf Club - Commander Course,sg_total,0.4386734466479678,2022-02-20,-0.003066491714123659,4583,brabazon course at the belfry
27194,"Hall, Harry",3901,royal greens,sg_total,0.3631279599804599,2021-02-07,-0.0031699799570004835,4583,brabazon course at the belfry
27194,"Hall, Harry",800,The Abaco Club on Winding Bay,sg_total,0.4332241575756701,2022-01-26,-0.005664743817374081,4583,brabazon course at the belfry
27194,"Hall, Harry",734,PGA National Resort (The Champion),sg_total,0.5280839561798034,2023-02-26,-0.006168066905527795,4583,brabazon course at the belfry
27194,"Hall, Harry",810,Blue Hills Country Club,sg_total,0.8417956236726535,2022-05-22,-0.009169983475591306,4583,brabazon course at the belfry
27194,"Hall, Harry",890,Tahoe Mountain Club (Old Greenwood),sg_total,0.5683601467575404,2023-07-23,-0.014399110116908713,4583,brabazon course at the belfry
27194,"Hall, Harry",654,The Country Club,sg_total,0.46556665611623754,2022-06-19,-0.01515226162981857,4583,brabazon course at the belfry
27194,"Hall, Harry",773,Aronimink Golf Club,sg_total,0.9507539286723269,2026-05-17,-0.017245108454132397,4583,brabazon course at the belfry
27194,"Hall, Harry",4603,kingsbarns golf links,sg_total,0.8500160902253981,2025-10-05,-0.017599249124756737,4583,brabazon course at the belfry
27194,"Hall, Harry",765,Port Royal Golf Course,sg_total,1.5134587546526015,2023-11-12,-0.0209784937053391,4583,brabazon course at the belfry
27194,"Hall, Harry",947,Detroit Golf Club,sg_total,0.9880717128619305,2026-08-02,-0.02619519311050608,4583,brabazon course at the belfry
27194,"Hall, Harry",618,Shinnecock Hills Golf Club,sg_total,0.967538559589032,2026-06-21,-0.03126157582552075,4583,brabazon course at the belfry
17747,"Halvorsen, Andreas",4487,golf bluegreen de pléneuf val andré,sg_total,0.6723340256326573,2024-06-23,0.01824423672205658,4583,brabazon course at the belfry
17747,"Halvorsen, Andreas",4271,askersunds golfklubb,sg_total,0.5783939893780083,2023-08-27,0.01605943141714437,4583,brabazon course at the belfry
17747,"Halvorsen, Andreas",4056,frederikshavn golfklub,sg_total,0.47878673996045235,2022-08-14,0.004683437697118386,4583,brabazon course at the belfry
17747,"Halvorsen, Andreas",4582,furesø golf klub,sg_total,0.8294437363854039,2025-08-17,0.001422843125892262,4583,brabazon course at the belfry
17747,"Halvorsen, Andreas",4619,regnum carya golf & spa resort,sg_total,0.7897806739328027,2025-05-11,0.00047226633588637784,4583,brabazon course at the belfry
17747,"Halvorsen, Andreas",4055,vierumäki resort,sg_total,0.4771139155210344,2022-08-07,-0.0004561845784122187,4583,brabazon course at the belfry
17747,"Halvorsen, Andreas",4817,national gc,sg_total,0.9441218903864221,2026-05-03,-0.0010808283907639768,4583,brabazon course at the belfry
17747,"Halvorsen, Andreas",4621,gut altentann gc,sg_total,0.798117060447891,2025-06-01,-0.0038411746703053344,4583,brabazon course at the belfry
17747,"Halvorsen, Andreas",4555,kingston heath gc,sg_total,0.7286950115597843,2024-12-01,-0.008467263745120732,4583,brabazon course at the belfry
17747,"Halvorsen, Andreas",934,Hurstbourne Country Club,sg_total,0.8150547419175087,2025-07-13,-0.01150517759423536,4583,brabazon course at the belfry
17747,"Halvorsen, Andreas",4486,kaskáda golf resort,sg_total,0.669984969788664,2024-06-16,-0.01387253139720431,4583,brabazon course at the belfry
17747,"Halvorsen, Andreas",4786,circolo golf torino,sg_total,0.9709308776411942,2026-06-28,-0.014307786283222228,4583,brabazon course at the belfry
17747,"Halvorsen, Andreas",4721,royal queensland gc,sg_total,0.8741528788765721,2025-11-30,-0.015041643298414939,4583,brabazon course at the belfry
14796,"Hatton, Tyrrell",618,Shinnecock Hills Golf Club,sg_total,1.1915630278017737,2026-06-21,0.01814401568358365,4583,brabazon course at the belfry
14796,"Hatton, Tyrrell",4023,jumeirah golf estates,sg_total,0.5028315779709409,2022-11-20,0.014605847067167305,4583,brabazon course at the belfry
14796,"Hatton, Tyrrell",23,Muirfield Village Golf Club,sg_total,0.821472817866359,2023-06-04,0.007425824212814481,4583,brabazon course at the belfry
14796,"Hatton, Tyrrell",700,TPC Boston,sg_total,0.5668052260311263,2020-08-23,0.007373529834604345,4583,brabazon course at the belfry
14796,"Hatton, Tyrrell",3981,emirates gc,sg_total,0.43409147291705774,2022-01-30,0.007020985834627959,4583,brabazon course at the belfry
14796,"Hatton, Tyrrell",3637,emirates gc,sg_total,0.20887902966927693,2018-01-28,0.004605399675663628,4583,brabazon course at the belfry
14796,"Hatton, Tyrrell",4200,yas links,sg_total,0.5189228801589404,2023-01-22,0.004142699680592421,4583,brabazon course at the belfry
14796,"Hatton, Tyrrell",876,Detroit Golf Club,sg_total,0.3257907418124103,2020-07-05,0.0036318764166473902,4583,brabazon course at the belfry
14796,"Hatton, Tyrrell",3901,royal greens,sg_total,0.3631279599804599,2021-02-07,0.0034517544065321587,4583,brabazon course at the belfry
14796,"Hatton, Tyrrell",503,TPC River Highlands,sg_total,0.1595337149655968,2016-08-07,0.0017783238774113075,4583,brabazon course at the belfry
14796,"Hatton, Tyrrell",4236,jumeirah golf estates,sg_total,0.6032038980649524,2023-11-19,0.0015792641805126672,4583,brabazon course at the belfry
14796,"Hatton, Tyrrell",734,PGA National Resort (The Champion),sg_total,0.38840059080831524,2018-02-25,0.0005528121271522708,4583,brabazon course at the belfry
14796,"Hatton, Tyrrell",697,Ocean Course at Kiawah Island,sg_total,0.38270148738575926,2021-05-23,5.718114630677452e-05,4583,brabazon course at the belfry
14796,"Hatton, Tyrrell",4593,jumeirah golf estates,sg_total,0.8680551755848918,2025-11-16,-4.878287590766966e-05,4583,brabazon course at the belfry
14796,"Hatton, Tyrrell",658,Carnoustie GC,sg_total,0.22797940113688214,2018-07-22,-0.00042480692166519096,4583,brabazon course at the belfry
14796,"Hatton, Tyrrell",528,Pinehurst Resort & Country Club (Course No. 2),sg_total,0.669984969788664,2024-06-16,-0.0008503361675007221,4583,brabazon course at the belfry
14796,"Hatton, Tyrrell",43,The Los Angeles Country Club (North Course),sg_total,0.5585003688742262,2023-06-18,-0.0011967084853648946,4583,brabazon course at the belfry
14796,"Hatton, Tyrrell",3650,wentworth golf club,sg_total,0.22168451753581914,2018-05-27,-0.004255841310328257,4583,brabazon course at the belfry
14796,"Hatton, Tyrrell",4186,emirates gc,sg_total,0.520742292353521,2023-01-29,-0.0062833985025852555,4583,brabazon course at the belfry
14796,"Hatton, Tyrrell",897,Memorial Park Golf Course,sg_total,0.7646724620012925,2021-11-14,-0.006715986841794876,4583,brabazon course at the belfry
14796,"Hatton, Tyrrell",3807,jumeirah golf estates,sg_total,0.2912713418641669,2019-11-24,-0.006887012669302864,4583,brabazon course at the belfry
14796,"Hatton, Tyrrell",875,ACCORDIA GOLF Narashino Country Club,sg_total,0.4941085742561417,2022-10-16,-0.0073059462233231575,4583,brabazon course at the belfry
14796,"Hatton, Tyrrell",4371,emirates gc,sg_total,0.6225072525676867,2024-01-21,-0.008384729984125034,4583,brabazon course at the belfry
14796,"Hatton, Tyrrell",654,The Country Club,sg_total,0.46556665611623754,2022-06-19,-0.011247233255028312,4583,brabazon course at the belfry
14796,"Hatton, Tyrrell",773,Aronimink Golf Club,sg_total,1.184387809676471,2026-05-17,-0.015054972397076333,4583,brabazon course at the belfry
14796,"Hatton, Tyrrell",-1,Unknown,sg_total,2.0371610852599207,2025-11-22,-0.021528732509364386,4583,brabazon course at the belfry
14796,"Hatton, Tyrrell",4592,yas links,sg_total,0.8650222931107413,2025-11-09,-0.022035862554708605,4583,brabazon course at the belfry
20190,"Helligkilde, Marcus",3916,vierumäki resort,sg_total,0.39772279950933415,2021-08-08,0.029262131883904283,4583,brabazon course at the belfry
20190,"Helligkilde, Marcus",4221,galgorm castle golf club,sg_total,0.5763731489488771,2023-08-20,0.014230308373705609,4583,brabazon course at the belfry
20190,"Helligkilde, Marcus",3926,hinton golf club,sg_total,0.3813643734941895,2021-05-16,0.013177567384572732,4583,brabazon course at the belfry
20190,"Helligkilde, Marcus",4011,himmerland golf & spa resort,sg_total,0.483840486467991,2022-09-04,0.011591631317644036,4583,brabazon course at the belfry
20190,"Helligkilde, Marcus",4302,jack nicklaus golf club korea,sg_total,0.544983369207548,2023-04-30,0.01112805825133672,4583,brabazon course at the belfry
20190,"Helligkilde, Marcus",4375,laguna national g&cc classic course,sg_total,0.6424283409681188,2024-03-24,0.010851022056231873,4583,brabazon course at the belfry
20190,"Helligkilde, Marcus",4200,yas links,sg_total,0.5189228801589404,2023-01-22,0.00877702922396245,4583,brabazon course at the belfry
20190,"Helligkilde, Marcus",4075,doha gc,sg_total,0.4464177973920421,2022-03-27,0.007964514930459392,4583,brabazon course at the belfry
20190,"Helligkilde, Marcus",3862,himmerland golf & spa resort,sg_total,0.3840432893753353,2021-05-30,0.00655441450748064,4583,brabazon course at the belfry
20190,"Helligkilde, Marcus",4372,al hamra gc,sg_total,0.6246898452608237,2024-01-28,0.0054639406377465,4583,brabazon course at the belfry
20190,"Helligkilde, Marcus",4186,emirates gc,sg_total,0.520742292353521,2023-01-29,0.00347201402125648,4583,brabazon course at the belfry
20190,"Helligkilde, Marcus",890,Tahoe Mountain Club (Old Greenwood),sg_total,1.040490575258164,2023-07-23,0.001640764332950292,4583,brabazon course at the belfry
20190,"Helligkilde, Marcus",4016,club de campo villa de madrid,sg_total,0.4923822171335323,2022-10-09,0.0015101093418808192,4583,brabazon course at the belfry
20190,"Helligkilde, Marcus",4371,emirates gc,sg_total,0.6225072525676867,2024-01-21,-0.0009023490955805255,4583,brabazon course at the belfry
20190,"Helligkilde, Marcus",3981,emirates gc,sg_total,0.43409147291705774,2022-01-30,-0.005467211778054468,4583,brabazon course at the belfry
20190,"Helligkilde, Marcus",4382,rinkven international gc,sg_total,0.6629869316007273,2024-05-26,-0.00842657606171219,4583,brabazon course at the belfry
20190,"Helligkilde, Marcus",4235,gary player cc,sg_total,0.6010963747389753,2023-11-12,-0.010300036109190036,4583,brabazon course at the belfry
20190,"Helligkilde, Marcus",4377,genzon gc,sg_total,0.6560619883935562,2024-05-05,-0.011200318871119393,4583,brabazon course at the belfry
20190,"Helligkilde, Marcus",4017,real club valderrama,sg_total,0.4941085742561417,2022-10-16,-0.012932507266596921,4583,brabazon course at the belfry
20190,"Helligkilde, Marcus",934,Hurstbourne Country Club,sg_total,0.9777512371933363,2026-07-12,-0.012984766664760311,4583,brabazon course at the belfry
20190,"Helligkilde, Marcus",4786,circolo golf torino,sg_total,0.9709308776411942,2026-06-28,-0.02334756424082598,4583,brabazon course at the belfry
24127,"Hidalgo Portillo, Angel",618,Shinnecock Hills Golf Club,sg_total,0.967538559589032,2026-06-21,0.016623416480973395,4583,brabazon course at the belfry
24127,"Hidalgo Portillo, Angel",890,Tahoe Mountain Club (Old Greenwood),sg_total,0.5683601467575404,2023-07-23,0.0013031388337552143,4583,brabazon course at the belfry
24127,"Hidalgo, Angel",4786,circolo golf torino,sg_total,0.9709308776411942,2026-06-28,0.023629969560588347,4583,brabazon course at the belfry
24127,"Hidalgo, Angel",4017,real club valderrama,sg_total,0.4941085742561417,2022-10-16,0.021491624611625168,4583,brabazon course at the belfry
24127,"Hidalgo, Angel",4372,al hamra gc,sg_total,0.6246898452608237,2024-01-28,0.017993822089521633,4583,brabazon course at the belfry
24127,"Hidalgo, Angel",4186,emirates gc,sg_total,0.520742292353521,2023-01-29,0.015115228200548026,4583,brabazon course at the belfry
24127,"Hidalgo, Angel",4382,rinkven international gc,sg_total,0.6629869316007273,2024-05-26,0.011240293502776192,4583,brabazon course at the belfry
24127,"Hidalgo, Angel",4221,galgorm castle golf club,sg_total,0.5763731489488771,2023-08-20,0.010921345005743327,4583,brabazon course at the belfry
24127,"Hidalgo, Angel",4095,links,sg_total,0.43714077332761425,2022-02-13,0.010481285798567299,4583,brabazon course at the belfry
24127,"Hidalgo, Angel",4817,national gc,sg_total,0.9441218903864221,2026-05-03,0.0101950499435863,4583,brabazon course at the belfry
24127,"Hidalgo, Angel",4011,himmerland golf & spa resort,sg_total,0.483840486467991,2022-09-04,0.009352268341957829,4583,brabazon course at the belfry
24127,"Hidalgo, Angel",4200,yas links,sg_total,0.5189228801589404,2023-01-22,0.005401268629807973,4583,brabazon course at the belfry
24127,"Hidalgo, Angel",4016,club de campo villa de madrid,sg_total,0.4923822171335323,2022-10-09,0.0038301781397325875,4583,brabazon course at the belfry
24127,"Hidalgo, Angel",4051,golf pga france du vaudreuil,sg_total,0.47048086042893056,2022-07-10,0.0036441802664849473,4583,brabazon course at the belfry
24127,"Hidalgo, Angel",4371,emirates gc,sg_total,0.6225072525676867,2024-01-21,0.0030552638580171117,4583,brabazon course at the belfry
24127,"Hidalgo, Angel",4369,la reserve gc,sg_total,0.6117081434533598,2023-12-17,0.0027988645704712404,4583,brabazon course at the belfry
24127,"Hidalgo, Angel",4227,le golf national,sg_total,0.5865484532875249,2023-09-24,0.0020221070924813372,4583,brabazon course at the belfry
24127,"Hidalgo, Angel",4302,jack nicklaus golf club korea,sg_total,0.544983369207548,2023-04-30,0.0016140115289953812,4583,brabazon course at the belfry
24127,"Hidalgo, Angel",4035,royal cape golf club,sg_total,0.4386734466479678,2022-02-20,0.0011795194183339013,4583,brabazon course at the belfry
24127,"Hidalgo, Angel",4036,durban country club,sg_total,0.4402114937235286,2022-02-27,0.00073866568419142,4583,brabazon course at the belfry
24127,"Hidalgo, Angel",3916,vierumäki resort,sg_total,0.39772279950933415,2021-08-08,0.0007191059033495907,4583,brabazon course at the belfry
24127,"Hidalgo, Angel",4075,doha gc,sg_total,0.4464177973920421,2022-03-27,6.504838627028193e-05,4583,brabazon course at the belfry
24127,"Hidalgo, Angel",4377,genzon gc,sg_total,0.6560619883935562,2024-05-05,-0.0007858763604939816,4583,brabazon course at the belfry
24127,"Hidalgo, Angel",4723,gary player cc,sg_total,0.8772177743910435,2025-12-07,-0.0008689233167417531,4583,brabazon course at the belfry
24127,"Hidalgo, Angel",4181,blair atholl golf & equestrian estate,sg_total,0.5063637471859777,2022-12-04,-0.00195717331307406,4583,brabazon course at the belfry
24127,"Hidalgo, Angel",4621,gut altentann gc,sg_total,0.798117060447891,2025-06-01,-0.0020872343919419644,4583,brabazon course at the belfry
24127,"Hidalgo, Angel",4104,iberostar real club de golf novo sancti petri,sg_total,0.4590941362868942,2022-05-22,-0.0034824333264041898,4583,brabazon course at the belfry
24127,"Hidalgo, Angel",4402,le golf national,sg_total,0.7110589082064097,2024-10-13,-0.004585591221452327,4583,brabazon course at the belfry
24127,"Hidalgo, Angel",4619,regnum carya golf & spa resort,sg_total,0.7897806739328027,2025-05-11,-0.005862058579142226,4583,brabazon course at the belfry
24127,"Hidalgo, Angel",4183,mont choisy le golf,sg_total,0.5099207283259416,2022-12-18,-0.006637794915880942,4583,brabazon course at the belfry
24127,"Hidalgo, Angel",4375,laguna national g&cc classic course,sg_total,0.6424283409681188,2024-03-24,-0.008904943195063388,4583,brabazon course at the belfry
24127,"Hidalgo, Angel",4731,houghton gc,sg_total,0.9180531430541589,2026-03-08,-0.012740884577442812,4583,brabazon course at the belfry
24127,"Hidalgo, Angel",4782,dlf g&cc player course,sg_total,0.9277434863285529,2026-03-29,-0.013698992174191255,4583,brabazon course at the belfry
24127,"Hidalgo, Angel",4724,royal johannesburg east course,sg_total,0.880293415834221,2025-12-14,-0.015305977903559849,4583,brabazon course at the belfry
24127,"Hidalgo, Angel",4827,blackstone course mission hills,sg_total,0.9245020599315531,2026-03-22,-0.02310484975566834,4583,brabazon course at the belfry
24127,"Hidalgo, Angel",4584,crans-sur-sierre gc,sg_total,0.835270211411272,2025-08-31,-0.030480078597216926,4583,brabazon course at the belfry
25131,"Hill, Calum",4782,dlf g&cc player course,sg_total,0.9277434863285529,2026-03-29,0.0332381847254318,4583,brabazon course at the belfry
25131,"Hill, Calum",4592,yas links,sg_total,0.8650222931107413,2025-11-09,0.01933762196614931,4583,brabazon course at the belfry
25131,"Hill, Calum",4603,kingsbarns golf links,sg_total,0.8500160902253981,2025-10-05,0.014124802939356404,4583,brabazon course at the belfry
25131,"Hill, Calum",4227,le golf national,sg_total,0.5865484532875249,2023-09-24,0.013427133797833456,4583,brabazon course at the belfry
25131,"Hill, Calum",4207,golfclub münchen eichenried,sg_total,0.5604585449744904,2023-06-25,0.011856301323942811,4583,brabazon course at the belfry
25131,"Hill, Calum",4786,circolo golf torino,sg_total,0.9709308776411942,2026-06-28,0.01156200179619677,4583,brabazon course at the belfry
25131,"Hill, Calum",3876,crans-sur-sierre gc,sg_total,0.4019208903110026,2021-08-29,0.010406954629406977,4583,brabazon course at the belfry
25131,"Hill, Calum",4402,le golf national,sg_total,0.7110589082064097,2024-10-13,0.010286493773877381,4583,brabazon course at the belfry
25131,"Hill, Calum",4186,emirates gc,sg_total,0.520742292353521,2023-01-29,0.008921717950669615,4583,brabazon course at the belfry
25131,"Hill, Calum",4382,rinkven international gc,sg_total,0.6629869316007273,2024-05-26,0.007949356519497481,4583,brabazon course at the belfry
25131,"Hill, Calum",4075,doha gc,sg_total,0.4464177973920421,2022-03-27,0.007782505371962174,4583,brabazon course at the belfry
25131,"Hill, Calum",4724,royal johannesburg east course,sg_total,0.880293415834221,2025-12-14,0.007707683805909883,4583,brabazon course at the belfry
25131,"Hill, Calum",3901,royal greens,sg_total,0.664774302223504,2021-02-07,0.006967674251618527,4583,brabazon course at the belfry
25131,"Hill, Calum",4230,kingsbarns golf links,sg_total,0.5906686964874246,2023-10-08,0.006444455942941878,4583,brabazon course at the belfry
25131,"Hill, Calum",3935,gary player cc,sg_total,0.3518677092565612,2020-12-06,0.0037032456332384773,4583,brabazon course at the belfry
25131,"Hill, Calum",4593,jumeirah golf estates,sg_total,0.8680551755848918,2025-11-16,0.00331359127022768,4583,brabazon course at the belfry
25131,"Hill, Calum",4076,zebula golf estate  spa,sg_total,0.3433516974975665,2020-10-18,0.0031541436347744417,4583,brabazon course at the belfry
25131,"Hill, Calum",4372,al hamra gc,sg_total,0.6246898452608237,2024-01-28,0.002364605326932098,4583,brabazon course at the belfry
25131,"Hill, Calum",4621,gut altentann gc,sg_total,0.798117060447891,2025-06-01,0.0022180901256817183,4583,brabazon course at the belfry
25131,"Hill, Calum",4371,emirates gc,sg_total,0.6225072525676867,2024-01-21,0.0019218138364976221,4583,brabazon course at the belfry
25131,"Hill, Calum",3943,meloneras golf,sg_total,0.37738099689684185,2021-04-25,0.0010104811716261947,4583,brabazon course at the belfry
25131,"Hill, Calum",4375,laguna national g&cc classic course,sg_total,0.6424283409681188,2024-03-24,0.0007926659052756725,4583,brabazon course at the belfry
25131,"Hill, Calum",618,Shinnecock Hills Golf Club,sg_total,0.22402446821274175,2018-06-17,0.0005052284945379766,4583,brabazon course at the belfry
25131,"Hill, Calum",4377,genzon gc,sg_total,0.6560619883935562,2024-05-05,0.0004639532271061192,4583,brabazon course at the belfry
25131,"Hill, Calum",3906,al mouj golf,sg_total,0.305899090813104,2020-03-01,-5.9473430849221966e-05,4583,brabazon course at the belfry
25131,"Hill, Calum",4358,royal queensland gc,sg_total,0.6053188106462242,2023-11-26,-0.00036789365901594603,4583,brabazon course at the belfry
25131,"Hill, Calum",4200,yas links,sg_total,0.5189228801589404,2023-01-22,-0.0005768982273591784,4583,brabazon course at the belfry
25131,"Hill, Calum",3862,himmerland golf & spa resort,sg_total,0.3840432893753353,2021-05-30,-0.0005832369614992398,4583,brabazon course at the belfry
25131,"Hill, Calum",4723,gary player cc,sg_total,0.8772177743910435,2025-12-07,-0.0015953255945161842,4583,brabazon course at the belfry
25131,"Hill, Calum",4619,regnum carya golf & spa resort,sg_total,0.7897806739328027,2025-05-11,-0.0026740971511869964,4583,brabazon course at the belfry
25131,"Hill, Calum",4237,club at steyn city,sg_total,0.5355291261520809,2023-03-26,-0.003394155083336922,4583,brabazon course at the belfry
25131,"Hill, Calum",4235,gary player cc,sg_total,0.6010963747389753,2023-11-12,-0.007101634859437639,4583,brabazon course at the belfry
25131,"Hill, Calum",4827,blackstone course mission hills,sg_total,0.9245020599315531,2026-03-22,-0.00893591009322189,4583,brabazon course at the belfry
25131,"Hill, Calum",4731,houghton gc,sg_total,0.9180531430541589,2026-03-08,-0.010400842154481019,4583,brabazon course at the belfry
25131,"Hill, Calum",4302,jack nicklaus golf club korea,sg_total,0.544983369207548,2023-04-30,-0.012382450171828862,4583,brabazon course at the belfry
25131,"Hill, Calum",4221,galgorm castle golf club,sg_total,0.5763731489488771,2023-08-20,-0.027646179823227205,4583,brabazon course at the belfry
21362,"Hillier, Daniel",4592,yas links,sg_total,0.8650222931107413,2025-11-09,0.029010272718124765,4583,brabazon course at the belfry
21362,"Hillier, Daniel",4207,golfclub münchen eichenried,sg_total,0.5604585449744904,2023-06-25,0.022913525271722354,4583,brabazon course at the belfry
21362,"Hillier, Daniel",-1,Unknown,sg_total,4.649186203225349,2026-03-01,0.022617461643563503,4583,brabazon course at the belfry
21362,"Hillier, Daniel",4062,golf saint apollinaire,sg_total,0.4889475768792571,2022-09-25,0.020588875516684188,4583,brabazon course at the belfry
21362,"Hillier, Daniel",4063,golf international de pont royal,sg_total,0.4906618916992401,2022-10-02,0.01289172059224745,4583,brabazon course at the belfry
21362,"Hillier, Daniel",4721,royal queensland gc,sg_total,0.8741528788765721,2025-11-30,0.011417973336181404,4583,brabazon course at the belfry
21362,"Hillier, Daniel",4593,jumeirah golf estates,sg_total,0.8680551755848918,2025-11-16,0.01013435987309399,4583,brabazon course at the belfry
21362,"Hillier, Daniel",4372,al hamra gc,sg_total,0.6246898452608237,2024-01-28,0.008785470046709383,4583,brabazon course at the belfry
21362,"Hillier, Daniel",773,Aronimink Golf Club,sg_total,0.9507539286723269,2026-05-17,0.008532568840518758,4583,brabazon course at the belfry
21362,"Hillier, Daniel",4200,yas links,sg_total,0.5189228801589404,2023-01-22,0.008140508048583302,4583,brabazon course at the belfry
21362,"Hillier, Daniel",4080,schoeman park golf club,sg_total,0.4417549333953923,2022-03-06,0.007112842265495317,4583,brabazon course at the belfry
21362,"Hillier, Daniel",4235,gary player cc,sg_total,0.6010963747389753,2023-11-12,0.006866736700444709,4583,brabazon course at the belfry
21362,"Hillier, Daniel",4150,st. mellion estate,sg_total,0.4923822171335323,2022-10-09,0.005077907074176771,4583,brabazon course at the belfry
21362,"Hillier, Daniel",4227,le golf national,sg_total,0.5865484532875249,2023-09-24,0.004994248518848251,4583,brabazon course at the belfry
21362,"Hillier, Daniel",4377,genzon gc,sg_total,0.6560619883935562,2024-05-05,0.00476121179172566,4583,brabazon course at the belfry
21362,"Hillier, Daniel",4035,royal cape golf club,sg_total,0.4386734466479678,2022-02-20,0.004649678889077391,4583,brabazon course at the belfry
21362,"Hillier, Daniel",3904,13th beach gc creek course,sg_total,0.30270395418214285,2020-02-09,0.003206980496297627,4583,brabazon course at the belfry
21362,"Hillier, Daniel",4555,kingston heath gc,sg_total,0.7286950115597843,2024-12-01,0.002267964723439793,4583,brabazon course at the belfry
21362,"Hillier, Daniel",4302,jack nicklaus golf club korea,sg_total,0.544983369207548,2023-04-30,0.001385261231138267,4583,brabazon course at the belfry
21362,"Hillier, Daniel",4071,koro creek golf club,sg_total,0.44798299718474366,2022-04-03,0.0010196315521317466,4583,brabazon course at the belfry
21362,"Hillier, Daniel",4236,jumeirah golf estates,sg_total,0.6032038980649524,2023-11-19,0.000627196485400486,4583,brabazon course at the belfry
21362,"Hillier, Daniel",4186,emirates gc,sg_total,0.520742292353521,2023-01-29,-0.0006075409189256552,4583,brabazon course at the belfry
21362,"Hillier, Daniel",4621,gut altentann gc,sg_total,0.798117060447891,2025-06-01,-0.0008843419709825453,4583,brabazon course at the belfry
21362,"Hillier, Daniel",3926,hinton golf club,sg_total,0.3813643734941895,2021-05-16,-0.0016086989954187758,4583,brabazon course at the belfry
21362,"Hillier, Daniel",4051,golf pga france du vaudreuil,sg_total,0.47048086042893056,2022-07-10,-0.0018702581801733449,4583,brabazon course at the belfry
21362,"Hillier, Daniel",4371,emirates gc,sg_total,0.6225072525676867,2024-01-21,-0.002802603932089982,4583,brabazon course at the belfry
21362,"Hillier, Daniel",4036,durban country club,sg_total,0.4402114937235286,2022-02-27,-0.004311432359955917,4583,brabazon course at the belfry
21362,"Hillier, Daniel",4104,iberostar real club de golf novo sancti petri,sg_total,0.4590941362868942,2022-05-22,-0.00600140469368577,4583,brabazon course at the belfry
21362,"Hillier, Daniel",4066,club de golf alcanada,sg_total,0.4993240476038332,2022-11-06,-0.006125199079424022,4583,brabazon course at the belfry
21362,"Hillier, Daniel",4382,rinkven international gc,sg_total,0.6629869316007273,2024-05-26,-0.007246476608110915,4583,brabazon course at the belfry
21362,"Hillier, Daniel",4375,laguna national g&cc classic course,sg_total,0.6424283409681188,2024-03-24,-0.01067425544308452,4583,brabazon course at the belfry
21362,"Hillier, Daniel",4786,circolo golf torino,sg_total,0.9709308776411942,2026-06-28,-0.01352550327098258,4583,brabazon course at the belfry
21362,"Hillier, Daniel",4358,royal queensland gc,sg_total,0.6053188106462242,2023-11-26,-0.015425753036752527,4583,brabazon course at the belfry
21362,"Hillier, Daniel",4817,national gc,sg_total,0.9441218903864221,2026-05-03,-0.023963983804795672,4583,brabazon course at the belfry
21362,"Hillier, Daniel",4076,zebula golf estate  spa,sg_total,0.4464177973920421,2022-03-27,-0.0246549947311691,4583,brabazon course at the belfry
15993,"Hollick, Michael",4809,royal johannesburg east course (par 70),sg_total,0.880293415834221,2025-12-14,0.025617806317276726,4583,brabazon course at the belfry
15993,"Hollick, Michael",4617,royal cape golf club,sg_total,0.7546509156752821,2025-02-09,0.009228654354513241,4583,brabazon course at the belfry
15993,"Hollick, Michael",4618,montagu,sg_total,0.7572968215143355,2025-02-16,0.006438037519852758,4583,brabazon course at the belfry
15993,"Hollick, Michael",3495,glendower gc,sg_total,0.17290724229171636,2017-01-15,0.0020381547835470488,4583,brabazon course at the belfry
15993,"Hollick, Michael",4782,dlf g&cc player course,sg_total,0.9277434863285529,2026-03-29,0.0011847542750776515,4583,brabazon course at the belfry
15993,"Hollick, Michael",4817,national gc,sg_total,0.9441218903864221,2026-05-03,-0.0036401702476995075,4583,brabazon course at the belfry
15993,"Hollick, Michael",4786,circolo golf torino,sg_total,0.9709308776411942,2026-06-28,-0.003902794640253063,4583,brabazon course at the belfry
15993,"Hollick, Michael",4559,leopard creek cc,sg_total,0.733813771398553,2024-12-15,-0.004289797585550858,4583,brabazon course at the belfry
15993,"Hollick, Michael",4731,houghton gc,sg_total,0.9180531430541589,2026-03-08,-0.004646044912661478,4583,brabazon course at the belfry
15993,"Hollick, Michael",4721,royal queensland gc,sg_total,0.8741528788765721,2025-11-30,-0.007613453194569904,4583,brabazon course at the belfry
15993,"Hollick, Michael",-1,Unknown,sg_total,0.8706632512691163,2025-11-22,-0.013994271835710607,4583,brabazon course at the belfry
15993,"Hollick, Michael",4603,kingsbarns golf links,sg_total,0.8500160902253981,2025-10-05,-0.021077995076491638,4583,brabazon course at the belfry
19190,"Hoshino, Rikuya",-1,Unknown,sg_total,21.635528949508757,2025-10-05,0.07002134865213137,4583,brabazon course at the belfry
19190,"Hoshino, Rikuya",765,Port Royal Golf Course,sg_total,0.8680551755848918,2025-11-16,0.025197796748033477,4583,brabazon course at the belfry
19190,"Hoshino, Rikuya",4358,royal queensland gc,sg_total,0.6053188106462242,2023-11-26,0.01848835631832285,4583,brabazon course at the belfry
19190,"Hoshino, Rikuya",4207,golfclub münchen eichenried,sg_total,0.5604585449744904,2023-06-25,0.016007188443578232,4583,brabazon course at the belfry
19190,"Hoshino, Rikuya",875,ACCORDIA GOLF Narashino Country Club,sg_total,1.1946642382571973,2022-10-16,0.006902800723904477,4583,brabazon course at the belfry
19190,"Hoshino, Rikuya",928,PGA National  - Champion Course,sg_total,0.7626164964050653,2025-03-02,0.0059825840343690215,4583,brabazon course at the belfry
19190,"Hoshino, Rikuya",714,TPC Louisiana,sg_total,0.7842715137715565,2025-04-27,0.004387089557222315,4583,brabazon course at the belfry
19190,"Hoshino, Rikuya",4375,laguna national g&cc classic course,sg_total,0.6424283409681188,2024-03-24,0.0017566399125934422,4583,brabazon course at the belfry
19190,"Hoshino, Rikuya",4371,emirates gc,sg_total,0.6225072525676867,2024-01-21,-0.0009507596673129728,4583,brabazon course at the belfry
19190,"Hoshino, Rikuya",897,Memorial Park Golf Course,sg_total,0.7733682137654491,2025-03-30,-0.001335922308442144,4583,brabazon course at the belfry
19190,"Hoshino, Rikuya",4786,circolo golf torino,sg_total,0.9709308776411942,2026-06-28,-0.00403991308293042,4583,brabazon course at the belfry
19190,"Hoshino, Rikuya",925,Dunes Golf and Beach Club,sg_total,0.7897806739328027,2025-05-11,-0.004493186314550709,4583,brabazon course at the belfry
19190,"Hoshino, Rikuya",618,Shinnecock Hills Golf Club,sg_total,0.22402446821274175,2018-06-17,-0.006079363919549004,4583,brabazon course at the belfry
19190,"Hoshino, Rikuya",654,The Country Club,sg_total,0.46556665611623754,2022-06-19,-0.006264250438422395,4583,brabazon course at the belfry
19190,"Hoshino, Rikuya",4817,national gc,sg_total,0.9441218903864221,2026-05-03,-0.009400323982840127,4583,brabazon course at the belfry
19190,"Hoshino, Rikuya",4221,galgorm castle golf club,sg_total,0.5763731489488771,2023-08-20,-0.00942052744031246,4583,brabazon course at the belfry
19190,"Hoshino, Rikuya",4402,le golf national,sg_total,0.7110589082064097,2024-10-13,-0.009702593179237638,4583,brabazon course at the belfry
19190,"Hoshino, Rikuya",4731,houghton gc,sg_total,0.9180531430541589,2026-03-08,-0.010209506978638889,4583,brabazon course at the belfry
19190,"Hoshino, Rikuya",876,Detroit Golf Club,sg_total,0.8093692810527258,2025-06-29,-0.010270789087790307,4583,brabazon course at the belfry
19190,"Hoshino, Rikuya",4723,gary player cc,sg_total,0.8772177743910435,2025-12-07,-0.013166210153732118,4583,brabazon course at the belfry
19190,"Hoshino, Rikuya",4227,le golf national,sg_total,0.5865484532875249,2023-09-24,-0.013610216002442959,4583,brabazon course at the belfry
19190,"Hoshino, Rikuya",4372,al hamra gc,sg_total,0.6246898452608237,2024-01-28,-0.015485197561680633,4583,brabazon course at the belfry
19190,"Hoshino, Rikuya",697,Ocean Course at Kiawah Island,sg_total,0.38270148738575926,2021-05-23,-0.01578860375514119,4583,brabazon course at the belfry
19190,"Hoshino, Rikuya",978,Vidanta Vallarta,sg_total,0.7599520042489227,2025-02-23,-0.016345351097554306,4583,brabazon course at the belfry
19190,"Hoshino, Rikuya",4782,dlf g&cc player course,sg_total,0.9277434863285529,2026-03-29,-0.017447841389164987,4583,brabazon course at the belfry
19190,"Hoshino, Rikuya",528,Pinehurst Resort & Country Club (Course No. 2),sg_total,0.669984969788664,2024-06-16,-0.029657648449432705,4583,brabazon course at the belfry
11397,"Jamieson, Scott",4603,kingsbarns golf links,sg_total,0.8500160902253981,2025-10-05,0.03273910941212004,4583,brabazon course at the belfry
11397,"Jamieson, Scott",4582,furesø golf klub,sg_total,0.8294437363854039,2025-08-17,0.010408663331149448,4583,brabazon course at the belfry
11397,"Jamieson, Scott",4030,gary player cc,sg_total,0.5010747437014489,2022-11-13,0.00982055050355503,4583,brabazon course at the belfry
11397,"Jamieson, Scott",4302,jack nicklaus golf club korea,sg_total,0.544983369207548,2023-04-30,0.009349645617357719,4583,brabazon course at the belfry
11397,"Jamieson, Scott",3793,crans-sur-sierre gc,sg_total,0.2792912876603469,2019-09-01,0.008813469871818079,4583,brabazon course at the belfry
11397,"Jamieson, Scott",890,Tahoe Mountain Club (Old Greenwood),sg_total,1.040490575258164,2023-07-23,0.007074425198478199,4583,brabazon course at the belfry
11397,"Jamieson, Scott",4371,emirates gc,sg_total,0.6225072525676867,2024-01-21,0.006649148612524467,4583,brabazon course at the belfry
11397,"Jamieson, Scott",4181,blair atholl golf & equestrian estate,sg_total,0.5063637471859777,2022-12-04,0.006001815516345152,4583,brabazon course at the belfry
11397,"Jamieson, Scott",3981,emirates gc,sg_total,0.43409147291705774,2022-01-30,0.00587312423715676,4583,brabazon course at the belfry
11397,"Jamieson, Scott",4377,genzon gc,sg_total,0.6560619883935562,2024-05-05,0.005693687977992712,4583,brabazon course at the belfry
11397,"Jamieson, Scott",3876,crans-sur-sierre gc,sg_total,0.4019208903110026,2021-08-29,0.005553762481484492,4583,brabazon course at the belfry
11397,"Jamieson, Scott",3663,albatross golf resort,sg_total,0.23200415453447004,2018-08-26,0.004903922471623596,4583,brabazon course at the belfry
11397,"Jamieson, Scott",4200,yas links,sg_total,0.5189228801589404,2023-01-22,0.003583310772954355,4583,brabazon course at the belfry
11397,"Jamieson, Scott",4621,gut altentann gc,sg_total,0.798117060447891,2025-06-01,0.003515856872020755,4583,brabazon course at the belfry
11397,"Jamieson, Scott",3898,randpark gc firethorn course,sg_total,0.34941323597069013,2020-11-22,0.002526914159812736,4583,brabazon course at the belfry
11397,"Jamieson, Scott",3519,barsebäck g&cc,sg_total,0.18544443195597088,2017-06-04,0.0023032864280516808,4583,brabazon course at the belfry
11397,"Jamieson, Scott",3637,emirates gc,sg_total,0.20887902966927693,2018-01-28,0.0020270421936686607,4583,brabazon course at the belfry
11397,"Jamieson, Scott",3774,doha gc,sg_total,0.25589194844208374,2019-03-10,0.001570341760172387,4583,brabazon course at the belfry
11397,"Jamieson, Scott",3943,meloneras golf,sg_total,0.37738099689684185,2021-04-25,0.0010719732976453005,4583,brabazon course at the belfry
11397,"Jamieson, Scott",3544,verdura gc,sg_total,0.1841508537381482,2017-05-21,0.0008811973666088279,4583,brabazon course at the belfry
11397,"Jamieson, Scott",4559,leopard creek cc,sg_total,0.733813771398553,2024-12-15,0.0006160390051613068,4583,brabazon course at the belfry
11397,"Jamieson, Scott",3935,gary player cc,sg_total,0.3518677092565612,2020-12-06,0.00023217240115469112,4583,brabazon course at the belfry
11397,"Jamieson, Scott",4076,zebula golf estate  spa,sg_total,0.3433516974975665,2020-10-18,-1.0436799613984912e-06,4583,brabazon course at the belfry
11397,"Jamieson, Scott",3769,royal greens,sg_total,0.25145279522530517,2019-02-03,-0.000392930703313896,4583,brabazon course at the belfry
11397,"Jamieson, Scott",4786,circolo golf torino,sg_total,0.9709308776411942,2026-06-28,-0.0005979977017920532,4583,brabazon course at the belfry
11397,"Jamieson, Scott",3906,al mouj golf,sg_total,0.305899090813104,2020-03-01,-0.0006004040990232104,4583,brabazon course at the belfry
11397,"Jamieson, Scott",658,Carnoustie GC,sg_total,0.22797940113688214,2018-07-22,-0.0007269057404736635,4583,brabazon course at the belfry
11397,"Jamieson, Scott",4186,emirates gc,sg_total,0.520742292353521,2023-01-29,-0.0012922844925644678,4583,brabazon course at the belfry
11397,"Jamieson, Scott",3678,walton heath gc,sg_total,0.2377584587145598,2018-10-14,-0.001342668381915227,4583,brabazon course at the belfry
11397,"Jamieson, Scott",4382,rinkven international gc,sg_total,0.6629869316007273,2024-05-26,-0.0016916921355873721,4583,brabazon course at the belfry
11397,"Jamieson, Scott",4724,royal johannesburg east course,sg_total,0.880293415834221,2025-12-14,-0.002329068985751615,4583,brabazon course at the belfry
11397,"Jamieson, Scott",4207,golfclub münchen eichenried,sg_total,0.5604585449744904,2023-06-25,-0.0023423041036810272,4583,brabazon course at the belfry
11397,"Jamieson, Scott",3779,royal golf dar es salam red course,sg_total,0.2622387318069171,2019-04-28,-0.0034407861279453313,4583,brabazon course at the belfry
11397,"Jamieson, Scott",3650,wentworth golf club,sg_total,0.22168451753581914,2018-05-27,-0.004446595343734174,4583,brabazon course at the belfry
11397,"Jamieson, Scott",4372,al hamra gc,sg_total,0.6246898452608237,2024-01-28,-0.005219101195660922,4583,brabazon course at the belfry
11397,"Jamieson, Scott",4402,le golf national,sg_total,0.7110589082064097,2024-10-13,-0.005230642843597772,4583,brabazon course at the belfry
11397,"Jamieson, Scott",3765,randpark gc firethorn course,sg_total,0.2445097728767429,2018-12-09,-0.0058490934998212535,4583,brabazon course at the belfry
11397,"Jamieson, Scott",4017,real club valderrama,sg_total,0.4941085742561417,2022-10-16,-0.0070489263437504114,4583,brabazon course at the belfry
11397,"Jamieson, Scott",3901,royal greens,sg_total,0.664774302223504,2021-02-07,-0.008872970750071478,4583,brabazon course at the belfry
11397,"Jamieson, Scott",3862,himmerland golf & spa resort,sg_total,0.647201464831364,2021-05-30,-0.009088875736297306,4583,brabazon course at the belfry
11397,"Jamieson, Scott",4193,kingsbarns golf links,sg_total,0.4906618916992401,2022-10-02,-0.012443024355911936,4583,brabazon course at the belfry
11397,"Jamieson, Scott",3792,hills golf & sports club,sg_total,0.27831547681864865,2019-08-25,-0.014676039513782463,4583,brabazon course at the belfry
11397,"Jamieson, Scott",4375,laguna national g&cc classic course,sg_total,0.6424283409681188,2024-03-24,-0.01633444386490588,4583,brabazon course at the belfry
11397,"Jamieson, Scott",4584,crans-sur-sierre gc,sg_total,0.835270211411272,2025-08-31,-0.017236262379466873,4583,brabazon course at the belfry
11397,"Jamieson, Scott",4731,houghton gc,sg_total,0.9180531430541589,2026-03-08,-0.018175258205375786,4583,brabazon course at the belfry
11397,"Jamieson, Scott",934,Hurstbourne Country Club,sg_total,0.8150547419175087,2025-07-13,-0.04504570779227739,4583,brabazon course at the belfry
11397,"Jamieson, Scott",4817,national gc,sg_total,0.9441218903864221,2026-05-03,-0.09978684173989041,4583,brabazon course at the belfry
26947,"Jarvis, Casey",4731,houghton gc,sg_total,0.9180531430541589,2026-03-08,0.030275918616828316,4583,brabazon course at the belfry
26947,"Jarvis, Casey",4782,dlf g&cc player course,sg_total,0.9277434863285529,2026-03-29,0.02181046584452965,4583,brabazon course at the belfry
26947,"Jarvis, Casey",4266,gc adamstal,sg_total,0.5663743633919324,2023-07-16,0.018249861739650795,4583,brabazon course at the belfry
26947,"Jarvis, Casey",4402,le golf national,sg_total,0.7110589082064097,2024-10-13,0.01427627548616721,4583,brabazon course at the belfry
26947,"Jarvis, Casey",4559,leopard creek cc,sg_total,0.733813771398553,2024-12-15,0.012672778698990845,4583,brabazon course at the belfry
26947,"Jarvis, Casey",4724,royal johannesburg east course,sg_total,0.880293415834221,2025-12-14,0.01191931351559178,4583,brabazon course at the belfry
26947,"Jarvis, Casey",4375,laguna national g&cc classic course,sg_total,0.6424283409681188,2024-03-24,0.00940264833109365,4583,brabazon course at the belfry
26947,"Jarvis, Casey",4369,la reserve gc,sg_total,0.6117081434533598,2023-12-17,0.007136488343770281,4583,brabazon course at the belfry
26947,"Jarvis, Casey",4371,emirates gc,sg_total,0.6225072525676867,2024-01-21,0.0067411736819311344,4583,brabazon course at the belfry
26947,"Jarvis, Casey",4301,golf nazionale,sg_total,0.5643955181193583,2023-07-09,0.006316535056949148,4583,brabazon course at the belfry
26947,"Jarvis, Casey",4771,montagu,sg_total,0.9084640160687062,2026-02-15,0.006126053859497518,4583,brabazon course at the belfry
26947,"Jarvis, Casey",714,TPC Louisiana,sg_total,0.9408232397760097,2026-04-26,0.00496527619940067,4583,brabazon course at the belfry
26947,"Jarvis, Casey",4276,club de golf alcanada,sg_total,0.5989962148511054,2023-11-05,0.0031888382673711394,4583,brabazon course at the belfry
26947,"Jarvis, Casey",4353,danzhou ancient saltern golf club,sg_total,0.5930361029297179,2023-10-16,0.0026702381897218096,4583,brabazon course at the belfry
26947,"Jarvis, Casey",3935,gary player cc,sg_total,0.3518677092565612,2020-12-06,0.0025004496552517934,4583,brabazon course at the belfry
26947,"Jarvis, Casey",3898,randpark gc firethorn course,sg_total,0.2984956258576689,2020-01-12,0.0021276758697262466,4583,brabazon course at the belfry
26947,"Jarvis, Casey",4584,crans-sur-sierre gc,sg_total,0.835270211411272,2025-08-31,0.0019469729179273794,4583,brabazon course at the belfry
26947,"Jarvis, Casey",925,Dunes Golf and Beach Club,sg_total,0.9474321065017983,2026-05-10,0.0015963979353957182,4583,brabazon course at the belfry
26947,"Jarvis, Casey",4582,furesø golf klub,sg_total,0.8294437363854039,2025-08-17,0.0011549537585284302,4583,brabazon course at the belfry
26947,"Jarvis, Casey",4183,mont choisy le golf,sg_total,0.5099207283259416,2022-12-18,0.0006825585294009481,4583,brabazon course at the belfry
26947,"Jarvis, Casey",773,Aronimink Golf Club,sg_total,0.9507539286723269,2026-05-17,0.00021302055195656757,4583,brabazon course at the belfry
26947,"Jarvis, Casey",4401,carnoustie,sg_total,0.7085745521868345,2024-10-06,-0.0009748951636444955,4583,brabazon course at the belfry
26947,"Jarvis, Casey",4377,genzon gc,sg_total,0.6560619883935562,2024-05-05,-0.004634371627781164,4583,brabazon course at the belfry
26947,"Jarvis, Casey",4619,regnum carya golf & spa resort,sg_total,0.7897806739328027,2025-05-11,-0.005245236661213964,4583,brabazon course at the belfry
26947,"Jarvis, Casey",4786,circolo golf torino,sg_total,0.9709308776411942,2026-06-28,-0.007419187593539811,4583,brabazon course at the belfry
26947,"Jarvis, Casey",528,Pinehurst Resort & Country Club (Course No. 2),sg_total,0.669984969788664,2024-06-16,-0.008051961031197747,4583,brabazon course at the belfry
26947,"Jarvis, Casey",4237,club at steyn city,sg_total,0.5355291261520809,2023-03-26,-0.009713297849759763,4583,brabazon course at the belfry
26947,"Jarvis, Casey",4621,gut altentann gc,sg_total,0.798117060447891,2025-06-01,-0.009865742340978905,4583,brabazon course at the belfry
26947,"Jarvis, Casey",4267,wittelsbacher golfclub,sg_total,0.5683601467575404,2023-07-23,-0.010232503041280405,4583,brabazon course at the belfry
26947,"Jarvis, Casey",4382,rinkven international gc,sg_total,0.6629869316007273,2024-05-26,-0.012908201594794127,4583,brabazon course at the belfry
26947,"Jarvis, Casey",934,Hurstbourne Country Club,sg_total,0.8150547419175087,2025-07-13,-0.013855904576516429,4583,brabazon course at the belfry
26947,"Jarvis, Casey",4372,al hamra gc,sg_total,0.6246898452608237,2024-01-28,-0.01496064929104547,4583,brabazon course at the belfry
26947,"Jarvis, Casey",4181,blair atholl golf & equestrian estate,sg_total,0.5063637471859777,2022-12-04,-0.024255340629545125,4583,brabazon course at the belfry
26947,"Jarvis, Casey",4317,twentsche gc,sg_total,0.550735842216777,2023-05-21,-0.030418377864812916,4583,brabazon course at the belfry
32449,"Johnston, Ryggs",4786,circolo golf torino,sg_total,0.9709308776411942,2026-06-28,0.04173142358083602,4583,brabazon course at the belfry
32449,"Johnston, Ryggs",4634,victoria gc,sg_total,0.7286950115597843,2024-12-01,0.03338996119006474,4583,brabazon course at the belfry
32449,"Johnston, Ryggs",4731,houghton gc,sg_total,0.9180531430541589,2026-03-08,0.03228851820188968,4583,brabazon course at the belfry
32449,"Johnston, Ryggs",4723,gary player cc,sg_total,0.8772177743910435,2025-12-07,0.02036237569551349,4583,brabazon course at the belfry
32449,"Johnston, Ryggs",4619,regnum carya golf & spa resort,sg_total,0.7897806739328027,2025-05-11,0.011483646540504574,4583,brabazon course at the belfry
32449,"Johnston, Ryggs",4582,furesø golf klub,sg_total,0.8294437363854039,2025-08-17,0.007758583957021414,4583,brabazon course at the belfry
32449,"Johnston, Ryggs",4584,crans-sur-sierre gc,sg_total,0.835270211411272,2025-08-31,0.00750336786233901,4583,brabazon course at the belfry
32449,"Johnston, Ryggs",4559,leopard creek cc,sg_total,0.733813771398553,2024-12-15,0.006693476994671794,4583,brabazon course at the belfry
32449,"Johnston, Ryggs",4724,royal johannesburg east course,sg_total,0.880293415834221,2025-12-14,0.0064046770964013965,4583,brabazon course at the belfry
32449,"Johnston, Ryggs",108,Mactaquac Golf Course,sg_total,0.6794307253746364,2024-07-14,0.005746728334227287,4583,brabazon course at the belfry
32449,"Johnston, Ryggs",4592,yas links,sg_total,0.8650222931107413,2025-11-09,-0.009911720278519104,4583,brabazon course at the belfry
32449,"Johnston, Ryggs",4621,gut altentann gc,sg_total,0.798117060447891,2025-06-01,-0.010560464765842032,4583,brabazon course at the belfry
32449,"Johnston, Ryggs",4603,kingsbarns golf links,sg_total,0.8500160902253981,2025-10-05,-0.014794286081146602,4583,brabazon course at the belfry
32449,"Johnston, Ryggs",4817,national gc,sg_total,0.9441218903864221,2026-05-03,-0.038726319929999295,4583,brabazon course at the belfry
28686,"Jonsson, Tobias",4653,rosa golf club,sg_total,0.8381987791551844,2025-09-07,0.030874818916501363,4583,brabazon course at the belfry
28686,"Jonsson, Tobias",4817,national gc,sg_total,0.9441218903864221,2026-05-03,0.017824068412367125,4583,brabazon course at the belfry
28686,"Jonsson, Tobias",4710,sanya luhuitou gc,sg_total,0.8529963589691315,2025-10-12,0.016701522815178574,4583,brabazon course at the belfry
28686,"Jonsson, Tobias",4489,golf saint apollinaire,sg_total,0.7060988762143844,2024-09-29,0.013621469812288723,4583,brabazon course at the belfry
28686,"Jonsson, Tobias",4827,blackstone course mission hills,sg_total,0.9245020599315531,2026-03-22,0.004813266249592748,4583,brabazon course at the belfry
28686,"Jonsson, Tobias",-1,Unknown,sg_total,1.4422028193008996,2024-11-24,0.002859086685811785,4583,brabazon course at the belfry
28686,"Jonsson, Tobias",4656,hangzhou west lake golf club,sg_total,0.8559870769289292,2025-10-19,-0.00053063111240266,4583,brabazon course at the belfry
28686,"Jonsson, Tobias",4731,houghton gc,sg_total,0.9180531430541589,2026-03-08,-0.002846579188581776,4583,brabazon course at the belfry
28686,"Jonsson, Tobias",4721,royal queensland gc,sg_total,0.8741528788765721,2025-11-30,-0.006284394721075415,4583,brabazon course at the belfry
28686,"Jonsson, Tobias",934,Hurstbourne Country Club,sg_total,0.9777512371933363,2026-07-12,-0.006451563773334692,4583,brabazon course at the belfry
28686,"Jonsson, Tobias",4651,vierumäki resort,sg_total,0.8294437363854039,2025-08-17,-0.006913391189301701,4583,brabazon course at the belfry
28686,"Jonsson, Tobias",4724,royal johannesburg east course,sg_total,0.880293415834221,2025-12-14,-0.008157381621352404,4583,brabazon course at the belfry
28686,"Jonsson, Tobias",4782,dlf g&cc player course,sg_total,0.9277434863285529,2026-03-29,-0.01185111901258017,4583,brabazon course at the belfry
28686,"Jonsson, Tobias",4529,argentario gc,sg_total,0.7036318499619978,2024-09-22,-0.016369440937684998,4583,brabazon course at the belfry
28686,"Jonsson, Tobias",4654,royal óbidos spa & golf resort,sg_total,0.8411376148446232,2025-09-14,-0.017402664869059826,4583,brabazon course at the belfry
28686,"Jonsson, Tobias",4786,circolo golf torino,sg_total,0.9709308776411942,2026-06-28,-0.024585083865515396,4583,brabazon course at the belfry
28686,"Jonsson, Tobias",4673,club de golf alcanada,sg_total,0.8620000071704987,2025-11-02,-0.02912771838822391,4583,brabazon course at the belfry
25601,"Jordan, Matthew",4402,le golf national,sg_total,0.7110589082064097,2024-10-13,0.023705684521655786,4583,brabazon course at the belfry
25601,"Jordan, Matthew",4592,yas links,sg_total,0.8650222931107413,2025-11-09,0.020647899415599955,4583,brabazon course at the belfry
25601,"Jordan, Matthew",4382,rinkven international gc,sg_total,0.6629869316007273,2024-05-26,0.017141670096778777,4583,brabazon course at the belfry
25601,"Jordan, Matthew",4621,gut altentann gc,sg_total,0.798117060447891,2025-06-01,0.0164536662418051,4583,brabazon course at the belfry
25601,"Jordan, Matthew",3876,crans-sur-sierre gc,sg_total,0.4019208903110026,2021-08-29,0.015446619163152504,4583,brabazon course at the belfry
25601,"Jordan, Matthew",4401,carnoustie,sg_total,0.7085745521868345,2024-10-06,0.013336040454525334,4583,brabazon course at the belfry
25601,"Jordan, Matthew",4011,himmerland golf & spa resort,sg_total,0.483840486467991,2022-09-04,0.011584630940662484,4583,brabazon course at the belfry
25601,"Jordan, Matthew",4200,yas links,sg_total,0.5189228801589404,2023-01-22,0.007999851574105722,4583,brabazon course at the belfry
25601,"Jordan, Matthew",4782,dlf g&cc player course,sg_total,0.9277434863285529,2026-03-29,0.007835053953415593,4583,brabazon course at the belfry
25601,"Jordan, Matthew",3906,al mouj golf,sg_total,0.305899090813104,2020-03-01,0.007714788556544289,4583,brabazon course at the belfry
25601,"Jordan, Matthew",4186,emirates gc,sg_total,0.520742292353521,2023-01-29,0.00766623639571001,4583,brabazon course at the belfry
25601,"Jordan, Matthew",4193,kingsbarns golf links,sg_total,0.4906618916992401,2022-10-02,0.007388415731833446,4583,brabazon course at the belfry
25601,"Jordan, Matthew",618,Shinnecock Hills Golf Club,sg_total,0.967538559589032,2026-06-21,0.006959909375206361,4583,brabazon course at the belfry
25601,"Jordan, Matthew",4075,doha gc,sg_total,0.4464177973920421,2022-03-27,0.006369248977092966,4583,brabazon course at the belfry
25601,"Jordan, Matthew",4371,emirates gc,sg_total,0.6225072525676867,2024-01-21,0.004679623575321901,4583,brabazon course at the belfry
25601,"Jordan, Matthew",4227,le golf national,sg_total,0.5865484532875249,2023-09-24,0.00436529147500967,4583,brabazon course at the belfry
25601,"Jordan, Matthew",3769,royal greens,sg_total,0.25145279522530517,2019-02-03,0.003906678835811511,4583,brabazon course at the belfry
25601,"Jordan, Matthew",4619,regnum carya golf & spa resort,sg_total,0.7897806739328027,2025-05-11,0.003337274743259604,4583,brabazon course at the belfry
25601,"Jordan, Matthew",4076,zebula golf estate  spa,sg_total,0.3433516974975665,2020-10-18,0.002446060931705615,4583,brabazon course at the belfry
25601,"Jordan, Matthew",3765,randpark gc firethorn course,sg_total,0.2445097728767429,2018-12-09,0.0017705136313735878,4583,brabazon course at the belfry
25601,"Jordan, Matthew",4235,gary player cc,sg_total,0.6010963747389753,2023-11-12,0.00175166091683841,4583,brabazon course at the belfry
25601,"Jordan, Matthew",3898,randpark gc firethorn course,sg_total,0.34941323597069013,2020-11-22,0.0009823948418977533,4583,brabazon course at the belfry
25601,"Jordan, Matthew",4817,national gc,sg_total,0.9441218903864221,2026-05-03,0.0009260111061867688,4583,brabazon course at the belfry
25601,"Jordan, Matthew",3903,13th beach gc beach course,sg_total,0.30270395418214285,2020-02-09,0.0008134285522322316,4583,brabazon course at the belfry
25601,"Jordan, Matthew",3901,royal greens,sg_total,0.30164634224304404,2020-02-02,0.0005047846499104269,4583,brabazon course at the belfry
25601,"Jordan, Matthew",4030,gary player cc,sg_total,0.5010747437014489,2022-11-13,-0.0010348773930293834,4583,brabazon course at the belfry
25601,"Jordan, Matthew",4017,real club valderrama,sg_total,0.4941085742561417,2022-10-16,-0.0022069099505659063,4583,brabazon course at the belfry
25601,"Jordan, Matthew",3862,himmerland golf & spa resort,sg_total,0.3840432893753353,2021-05-30,-0.0029176140099531375,4583,brabazon course at the belfry
25601,"Jordan, Matthew",3981,emirates gc,sg_total,0.43409147291705774,2022-01-30,-0.00296294548838737,4583,brabazon course at the belfry
25601,"Jordan, Matthew",4377,genzon gc,sg_total,0.6560619883935562,2024-05-05,-0.003935975002242758,4583,brabazon course at the belfry
25601,"Jordan, Matthew",4593,jumeirah golf estates,sg_total,0.8680551755848918,2025-11-16,-0.007508513866548487,4583,brabazon course at the belfry
25601,"Jordan, Matthew",3972,golf santa ponsa,sg_total,0.41333370907465194,2021-10-24,-0.0076305107380700106,4583,brabazon course at the belfry
25601,"Jordan, Matthew",4372,al hamra gc,sg_total,0.6246898452608237,2024-01-28,-0.007862478551133988,4583,brabazon course at the belfry
25601,"Jordan, Matthew",4375,laguna national g&cc classic course,sg_total,0.6424283409681188,2024-03-24,-0.008607099487076093,4583,brabazon course at the belfry
25601,"Jordan, Matthew",3943,meloneras golf,sg_total,0.37738099689684185,2021-04-25,-0.008788711168209026,4583,brabazon course at the belfry
25601,"Jordan, Matthew",4584,crans-sur-sierre gc,sg_total,0.835270211411272,2025-08-31,-0.014396504455312632,4583,brabazon course at the belfry
25601,"Jordan, Matthew",4302,jack nicklaus golf club korea,sg_total,0.544983369207548,2023-04-30,-0.04075302267233526,4583,brabazon course at the belfry
19844,"Kaewkanjana, Sadom",-1,Unknown,sg_total,47.82718482700286,2026-06-14,0.13252698499090992,4583,brabazon course at the belfry
19844,"Kaewkanjana, Sadom",4817,national gc,sg_total,0.9441218903864221,2026-05-03,0.008513407688515601,4583,brabazon course at the belfry
19844,"Kaewkanjana, Sadom",4786,circolo golf torino,sg_total,0.9709308776411942,2026-06-28,-0.0018332135218510506,4583,brabazon course at the belfry
19844,"Kaewkanjana, Sadom",3862,himmerland golf & spa resort,sg_total,0.2631581754560287,2019-05-05,-0.0022136919075932036,4583,brabazon course at the belfry
28268,"Kaneko, Kota",4817,national gc,sg_total,0.9441218903864221,2026-05-03,0.009522897505899354,4583,brabazon course at the belfry
28268,"Kaneko, Kota",4786,circolo golf torino,sg_total,0.9709308776411942,2026-06-28,0.008609847734826691,4583,brabazon course at the belfry
28268,"Kaneko, Kota",4782,dlf g&cc player course,sg_total,0.9277434863285529,2026-03-29,0.006389374151886354,4583,brabazon course at the belfry
28268,"Kaneko, Kota",773,Aronimink Golf Club,sg_total,0.9507539286723269,2026-05-17,-0.00017321690482982645,4583,brabazon course at the belfry
28268,"Kaneko, Kota",4731,houghton gc,sg_total,0.9180531430541589,2026-03-08,-0.008368033642238669,4583,brabazon course at the belfry
28268,"Kaneko, Kota",-1,Unknown,sg_total,25.47237107732126,2026-04-12,-0.03963879241443965,4583,brabazon course at the belfry
28268,"Kaneko, Kota Yuta",-1,Unknown,sg_total,12.487280395386762,2024-10-13,0.06350164106412164,4583,brabazon course at the belfry
28268,"Kaneko, Yuta",-1,Unknown,sg_total,1.1647357099965276,2021-09-05,-0.004824972936817412,4583,brabazon course at the belfry
20448,"Katsuragawa(Am), Yuto",-1,Unknown,sg_total,0.3433516974975665,2020-10-18,0.005262725469427186,4583,brabazon course at the belfry
20448,"Katsuragawa, Yuto",-1,Unknown,sg_total,21.952281042171222,2026-04-12,0.06186950192314267,4583,brabazon course at the belfry
20448,"Katsuragawa, Yuto",4827,blackstone course mission hills,sg_total,0.9245020599315531,2026-03-22,0.027410394961486388,4583,brabazon course at the belfry
20448,"Katsuragawa, Yuto",875,ACCORDIA GOLF Narashino Country Club,sg_total,1.2101623564833501,2024-10-27,0.015231591901250282,4583,brabazon course at the belfry
20448,"Katsuragawa, Yuto",43,The Los Angeles Country Club (North Course),sg_total,0.5585003688742262,2023-06-18,0.0034898487046343754,4583,brabazon course at the belfry
20448,"Katsuragawa, Yuto",4782,dlf g&cc player course,sg_total,0.9277434863285529,2026-03-29,0.003015176016468183,4583,brabazon course at the belfry
20448,"Katsuragawa, Yuto",4619,regnum carya golf & spa resort,sg_total,0.7897806739328027,2025-05-11,-0.0002543229991788589,4583,brabazon course at the belfry
20448,"Katsuragawa, Yuto",4817,national gc,sg_total,0.9441218903864221,2026-05-03,-0.0007926429123106265,4583,brabazon course at the belfry
20448,"Katsuragawa, Yuto",4621,gut altentann gc,sg_total,0.798117060447891,2025-06-01,-0.0012590585251400313,4583,brabazon course at the belfry
20448,"Katsuragawa, Yuto",4723,gary player cc,sg_total,0.8772177743910435,2025-12-07,-0.0015439218603174646,4583,brabazon course at the belfry
20448,"Katsuragawa, Yuto",4724,royal johannesburg east course,sg_total,0.880293415834221,2025-12-14,-0.004859799502773018,4583,brabazon course at the belfry
20448,"Katsuragawa, Yuto",4731,houghton gc,sg_total,0.9180531430541589,2026-03-08,-0.010779251480554385,4583,brabazon course at the belfry
20448,"Katsuragawa, Yuto",4721,royal queensland gc,sg_total,0.8741528788765721,2025-11-30,-0.012988151180773259,4583,brabazon course at the belfry
20448,"Katsuragawa, Yuto",4584,crans-sur-sierre gc,sg_total,0.835270211411272,2025-08-31,-0.01715834427698131,4583,brabazon course at the belfry
20448,"Katsuragawa, Yuto",4402,le golf national,sg_total,0.7110589082064097,2024-10-13,-0.02080794337560509,4583,brabazon course at the belfry
20448,"Katsuragawa, Yuto",4786,circolo golf torino,sg_total,0.9709308776411942,2026-06-28,-0.033154617013124686,4583,brabazon course at the belfry
18514,"Kinhult, Marcus",4603,kingsbarns golf links,sg_total,0.8500160902253981,2025-10-05,0.018262998278912996,4583,brabazon course at the belfry
18514,"Kinhult, Marcus",4559,leopard creek cc,sg_total,0.733813771398553,2024-12-15,0.01776980106476497,4583,brabazon course at the belfry
18514,"Kinhult, Marcus",4017,real club valderrama,sg_total,0.4941085742561417,2022-10-16,0.016420966869176407,4583,brabazon course at the belfry
18514,"Kinhult, Marcus",4817,national gc,sg_total,0.9441218903864221,2026-05-03,0.015129531842392864,4583,brabazon course at the belfry
18514,"Kinhult, Marcus",4186,emirates gc,sg_total,0.520742292353521,2023-01-29,0.013671590580633807,4583,brabazon course at the belfry
18514,"Kinhult, Marcus",890,Tahoe Mountain Club (Old Greenwood),sg_total,0.5683601467575404,2023-07-23,0.010947029347570025,4583,brabazon course at the belfry
18514,"Kinhult, Marcus",4075,doha gc,sg_total,0.4464177973920421,2022-03-27,0.010525484920662324,4583,brabazon course at the belfry
18514,"Kinhult, Marcus",4619,regnum carya golf & spa resort,sg_total,0.7897806739328027,2025-05-11,0.01022452838805207,4583,brabazon course at the belfry
18514,"Kinhult, Marcus",3793,crans-sur-sierre gc,sg_total,0.2792912876603469,2019-09-01,0.008554840772610565,4583,brabazon course at the belfry
18514,"Kinhult, Marcus",4200,yas links,sg_total,0.5189228801589404,2023-01-22,0.006999823098471415,4583,brabazon course at the belfry
18514,"Kinhult, Marcus",4302,jack nicklaus golf club korea,sg_total,0.544983369207548,2023-04-30,0.006827528915736114,4583,brabazon course at the belfry
18514,"Kinhult, Marcus",3650,wentworth golf club,sg_total,0.22168451753581914,2018-05-27,0.006593937270786927,4583,brabazon course at the belfry
18514,"Kinhult, Marcus",4786,circolo golf torino,sg_total,0.9709308776411942,2026-06-28,0.006417902390630657,4583,brabazon course at the belfry
18514,"Kinhult, Marcus",4227,le golf national,sg_total,0.5865484532875249,2023-09-24,0.005833853354781559,4583,brabazon course at the belfry
18514,"Kinhult, Marcus",3876,crans-sur-sierre gc,sg_total,0.4019208903110026,2021-08-29,0.005416875560207471,4583,brabazon course at the belfry
18514,"Kinhult, Marcus",3792,hills golf & sports club,sg_total,0.27831547681864865,2019-08-25,0.0050166316470577,4583,brabazon course at the belfry
18514,"Kinhult, Marcus",4621,gut altentann gc,sg_total,0.798117060447891,2025-06-01,0.0044961504173397105,4583,brabazon course at the belfry
18514,"Kinhult, Marcus",3769,royal greens,sg_total,0.25145279522530517,2019-02-03,0.0043040136172743226,4583,brabazon course at the belfry
18514,"Kinhult, Marcus",3671,carnoustie,sg_total,0.23692775868212176,2018-10-07,0.004149986655442806,4583,brabazon course at the belfry
18514,"Kinhult, Marcus",3807,jumeirah golf estates,sg_total,0.2912713418641669,2019-11-24,0.003521954659839156,4583,brabazon course at the belfry
18514,"Kinhult, Marcus",3494,hong kong gc,sg_total,0.2024018907423617,2017-11-26,0.0035099666822862793,4583,brabazon course at the belfry
18514,"Kinhult, Marcus",3674,regnum carya golf & spa resort,sg_total,0.2402680749592907,2018-11-04,0.003408840350191731,4583,brabazon course at the belfry
18514,"Kinhult, Marcus",658,Carnoustie GC,sg_total,0.22797940113688214,2018-07-22,0.0016137558204639539,4583,brabazon course at the belfry
18514,"Kinhult, Marcus",4382,rinkven international gc,sg_total,0.6629869316007273,2024-05-26,0.0011941760615663975,4583,brabazon course at the belfry
18514,"Kinhult, Marcus",3762,hong kong gc,sg_total,0.24280418100265946,2018-11-25,0.0011397640557519841,4583,brabazon course at the belfry
18514,"Kinhult, Marcus",4782,dlf g&cc player course,sg_total,0.9277434863285529,2026-03-29,0.00024430203142621553,4583,brabazon course at the belfry
18514,"Kinhult, Marcus",4207,golfclub münchen eichenried,sg_total,0.5604585449744904,2023-06-25,8.52429197419165e-05,4583,brabazon course at the belfry
18514,"Kinhult, Marcus",3774,doha gc,sg_total,0.25589194844208374,2019-03-10,1.9173111933331203e-05,4583,brabazon course at the belfry
18514,"Kinhult, Marcus",3664,silkeborg ry gc,sg_total,0.2328175917601019,2018-09-02,-0.00020579125320514203,4583,brabazon course at the belfry
18514,"Kinhult, Marcus",3678,walton heath gc,sg_total,0.2377584587145598,2018-10-14,-0.0005649037540030689,4583,brabazon course at the belfry
18514,"Kinhult, Marcus",4402,le golf national,sg_total,0.7110589082064097,2024-10-13,-0.0005748739386972177,4583,brabazon course at the belfry
18514,"Kinhult, Marcus",4582,furesø golf klub,sg_total,0.8294437363854039,2025-08-17,-0.0008055608275393623,4583,brabazon course at the belfry
18514,"Kinhult, Marcus",3981,emirates gc,sg_total,0.43409147291705774,2022-01-30,-0.0018871450778731908,4583,brabazon course at the belfry
18514,"Kinhult, Marcus",3901,royal greens,sg_total,0.664774302223504,2021-02-07,-0.0019680885400650185,4583,brabazon course at the belfry
18514,"Kinhult, Marcus",4377,genzon gc,sg_total,0.6560619883935562,2024-05-05,-0.002000631729687121,4583,brabazon course at the belfry
18514,"Kinhult, Marcus",3779,royal golf dar es salam red course,sg_total,0.2622387318069171,2019-04-28,-0.0028453677164101696,4583,brabazon course at the belfry
18514,"Kinhult, Marcus",4371,emirates gc,sg_total,0.6225072525676867,2024-01-21,-0.002983384636487369,4583,brabazon course at the belfry
18514,"Kinhult, Marcus",3972,golf santa ponsa,sg_total,0.41333370907465194,2021-10-24,-0.0037539284156628415,4583,brabazon course at the belfry
18514,"Kinhult, Marcus",4724,royal johannesburg east course,sg_total,0.880293415834221,2025-12-14,-0.009578255672659197,4583,brabazon course at the belfry
18514,"Kinhult, Marcus",4375,laguna national g&cc classic course,sg_total,0.6424283409681188,2024-03-24,-0.00970406642766056,4583,brabazon course at the belfry
18514,"Kinhult, Marcus",4372,al hamra gc,sg_total,0.6246898452608237,2024-01-28,-0.010175917275598051,4583,brabazon course at the belfry
18514,"Kinhult, Marcus",934,Hurstbourne Country Club,sg_total,1.792805979110845,2026-07-12,-0.016793026313310987,4583,brabazon course at the belfry
18514,"Kinhult, Marcus",4193,kingsbarns golf links,sg_total,0.4906618916992401,2022-10-02,-0.018679728685768348,4583,brabazon course at the belfry
26213,"Ko, Jeong Weon",4786,circolo golf torino,sg_total,0.9709308776411942,2026-06-28,0.03327407245875539,4583,brabazon course at the belfry
26213,"Ko, Jeong Weon",4062,golf saint apollinaire,sg_total,0.4889475768792571,2022-09-25,0.021748434164984745,4583,brabazon course at the belfry
26213,"Ko, Jeong Weon",4183,mont choisy le golf,sg_total,0.5099207283259416,2022-12-18,0.01510054138663554,4583,brabazon course at the belfry
26213,"Ko, Jeong Weon",4582,furesø golf klub,sg_total,0.8294437363854039,2025-08-17,0.014953396374678313,4583,brabazon course at the belfry
26213,"Ko, Jeong Weon",4055,vierumäki resort,sg_total,0.4771139155210344,2022-08-07,0.011768464121371544,4583,brabazon course at the belfry
26213,"Ko, Jeong Weon",4382,rinkven international gc,sg_total,0.6629869316007273,2024-05-26,0.011685302166957033,4583,brabazon course at the belfry
26213,"Ko, Jeong Weon",4817,national gc,sg_total,0.9441218903864221,2026-05-03,0.011361045700964847,4583,brabazon course at the belfry
26213,"Ko, Jeong Weon",4051,golf pga france du vaudreuil,sg_total,0.47048086042893056,2022-07-10,0.011307283197685262,4583,brabazon course at the belfry
26213,"Ko, Jeong Weon",4302,jack nicklaus golf club korea,sg_total,0.544983369207548,2023-04-30,0.011107533506752781,4583,brabazon course at the belfry
26213,"Ko, Jeong Weon",3916,vierumäki resort,sg_total,0.39772279950933415,2021-08-08,0.010539589105420055,4583,brabazon course at the belfry
26213,"Ko, Jeong Weon",934,Hurstbourne Country Club,sg_total,1.792805979110845,2026-07-12,0.009763628895912334,4583,brabazon course at the belfry
26213,"Ko, Jeong Weon",4150,st. mellion estate,sg_total,0.4923822171335323,2022-10-09,0.009706741542125008,4583,brabazon course at the belfry
26213,"Ko, Jeong Weon",4181,blair atholl golf & equestrian estate,sg_total,0.5063637471859777,2022-12-04,0.009084028661163082,4583,brabazon course at the belfry
26213,"Ko, Jeong Weon",3926,hinton golf club,sg_total,0.3813643734941895,2021-05-16,0.008555886534729341,4583,brabazon course at the belfry
26213,"Ko, Jeong Weon",4066,club de golf alcanada,sg_total,0.4993240476038332,2022-11-06,0.0072363028915129165,4583,brabazon course at the belfry
26213,"Ko, Jeong Weon",4036,durban country club,sg_total,0.4402114937235286,2022-02-27,0.0068994988770628846,4583,brabazon course at the belfry
26213,"Ko, Jeong Weon",4402,le golf national,sg_total,0.7110589082064097,2024-10-13,0.00650471173088066,4583,brabazon course at the belfry
26213,"Ko, Jeong Weon",4056,frederikshavn golfklub,sg_total,0.47878673996045235,2022-08-14,0.0046224808166790065,4583,brabazon course at the belfry
26213,"Ko, Jeong Weon",4372,al hamra gc,sg_total,0.6246898452608237,2024-01-28,0.002159046303725796,4583,brabazon course at the belfry
26213,"Ko, Jeong Weon",4559,leopard creek cc,sg_total,0.733813771398553,2024-12-15,0.0005215830864665316,4583,brabazon course at the belfry
26213,"Ko, Jeong Weon",4369,la reserve gc,sg_total,0.6117081434533598,2023-12-17,-0.00039488680093175,4583,brabazon course at the belfry
26213,"Ko, Jeong Weon",4104,iberostar real club de golf novo sancti petri,sg_total,0.4590941362868942,2022-05-22,-0.001139112933866315,4583,brabazon course at the belfry
26213,"Ko, Jeong Weon",4371,emirates gc,sg_total,0.6225072525676867,2024-01-21,-0.0012925845538260604,4583,brabazon course at the belfry
26213,"Ko, Jeong Weon",4621,gut altentann gc,sg_total,0.798117060447891,2025-06-01,-0.0014313039291034316,4583,brabazon course at the belfry
26213,"Ko, Jeong Weon",4619,regnum carya golf & spa resort,sg_total,0.7897806739328027,2025-05-11,-0.002320931957162643,4583,brabazon course at the belfry
26213,"Ko, Jeong Weon",890,Tahoe Mountain Club (Old Greenwood),sg_total,0.5683601467575404,2023-07-23,-0.00292657045465354,4583,brabazon course at the belfry
26213,"Ko, Jeong Weon",4237,club at steyn city,sg_total,0.5355291261520809,2023-03-26,-0.0034817437147300467,4583,brabazon course at the belfry
26213,"Ko, Jeong Weon",4555,kingston heath gc,sg_total,0.7286950115597843,2024-12-01,-0.004254280848966158,4583,brabazon course at the belfry
26213,"Ko, Jeong Weon",4207,golfclub münchen eichenried,sg_total,0.5604585449744904,2023-06-25,-0.01039422849622062,4583,brabazon course at the belfry
26213,"Ko, Jeong Weon",4063,golf international de pont royal,sg_total,0.4906618916992401,2022-10-02,-0.011070860470382526,4583,brabazon course at the belfry
26213,"Ko, Jeong Weon",4049,golf blue green de pléneuf val andré,sg_total,0.4671989943381879,2022-06-26,-0.012717529242995032,4583,brabazon course at the belfry
26213,"Ko, Jeong Weon",4375,laguna national g&cc classic course,sg_total,0.6424283409681188,2024-03-24,-0.014359905303452615,4583,brabazon course at the belfry
26213,"Ko, Jeong Weon",4227,le golf national,sg_total,0.5865484532875249,2023-09-24,-0.014623619290382838,4583,brabazon course at the belfry
26213,"Ko, Jeong Weon",4731,houghton gc,sg_total,0.9180531430541589,2026-03-08,-0.024943733573626958,4583,brabazon course at the belfry
26213,"Ko, Jeong Weon",4592,yas links,sg_total,0.8650222931107413,2025-11-09,-0.02888123866814547,4583,brabazon course at the belfry
26213,"Ko, Jeong Weon",4377,genzon gc,sg_total,0.6560619883935562,2024-05-05,-0.03090227151058453,4583,brabazon course at the belfry
24369,"Kobori(Am), Kazuma",-1,Unknown,sg_total,3.9270308147705637,2023-11-05,0.050649984659662806,4583,brabazon course at the belfry
24369,"Kobori, Kazuma",-1,Unknown,sg_total,10.981012298983952,2026-03-08,0.061494861124562955,4583,brabazon course at the belfry
24369,"Kobori, Kazuma",4401,carnoustie,sg_total,0.7085745521868345,2024-10-06,0.01632989048103871,4583,brabazon course at the belfry
24369,"Kobori, Kazuma",4817,national gc,sg_total,0.9441218903864221,2026-05-03,0.015855043449576625,4583,brabazon course at the belfry
24369,"Kobori, Kazuma",4786,circolo golf torino,sg_total,0.9709308776411942,2026-06-28,0.014502953379376907,4583,brabazon course at the belfry
24369,"Kobori, Kazuma",4603,kingsbarns golf links,sg_total,0.8500160902253981,2025-10-05,0.011919233303548393,4583,brabazon course at the belfry
24369,"Kobori, Kazuma",4592,yas links,sg_total,0.8650222931107413,2025-11-09,0.0034389794055115657,4583,brabazon course at the belfry
24369,"Kobori, Kazuma",4721,royal queensland gc,sg_total,0.8741528788765721,2025-11-30,0.0014863478380680686,4583,brabazon course at the belfry
24369,"Kobori, Kazuma",4555,kingston heath gc,sg_total,0.7286950115597843,2024-12-01,-0.0014952467345768613,4583,brabazon course at the belfry
24369,"Kobori, Kazuma",4593,jumeirah golf estates,sg_total,0.8680551755848918,2025-11-16,-0.002371063507013175,4583,brabazon course at the belfry
24369,"Kobori, Kazuma",4827,blackstone course mission hills,sg_total,0.9245020599315531,2026-03-22,-0.0035042105078519725,4583,brabazon course at the belfry
24369,"Kobori, Kazuma",4619,regnum carya golf & spa resort,sg_total,0.7897806739328027,2025-05-11,-0.003919838395572434,4583,brabazon course at the belfry
24369,"Kobori, Kazuma",4782,dlf g&cc player course,sg_total,0.9277434863285529,2026-03-29,-0.005877464112823815,4583,brabazon course at the belfry
24369,"Kobori, Kazuma",4621,gut altentann gc,sg_total,0.798117060447891,2025-06-01,-0.009920836955576232,4583,brabazon course at the belfry
24369,"Kobori, Kazuma",4582,furesø golf klub,sg_total,0.8294437363854039,2025-08-17,-0.01002612877650806,4583,brabazon course at the belfry
24369,"Kobori, Kazuma",4358,royal queensland gc,sg_total,0.6053188106462242,2023-11-26,-0.016708321419212843,4583,brabazon course at the belfry
24369,"Kobori, Kazuma",934,Hurstbourne Country Club,sg_total,0.8150547419175087,2025-07-13,-0.022232462074178918,4583,brabazon course at the belfry
23733,"Lacroix, Frederic",4372,al hamra gc,sg_total,0.6246898452608237,2024-01-28,0.02204236602520963,4583,brabazon course at the belfry
23733,"Lacroix, Frederic",4786,circolo golf torino,sg_total,0.9709308776411942,2026-06-28,0.021739412984072094,4583,brabazon course at the belfry
23733,"Lacroix, Frederic",4582,furesø golf klub,sg_total,0.8294437363854039,2025-08-17,0.010107010769719616,4583,brabazon course at the belfry
23733,"Lacroix, Frederic",4271,askersunds golfklubb,sg_total,0.5783939893780083,2023-08-27,0.007979738773648555,4583,brabazon course at the belfry
23733,"Lacroix, Frederic",4377,genzon gc,sg_total,0.6560619883935562,2024-05-05,0.007824196574479874,4583,brabazon course at the belfry
23733,"Lacroix, Frederic",4276,club de golf alcanada,sg_total,0.5989962148511054,2023-11-05,0.0052835955070966445,4583,brabazon course at the belfry
23733,"Lacroix, Frederic",3926,hinton golf club,sg_total,0.3813643734941895,2021-05-16,0.005197889967912537,4583,brabazon course at the belfry
23733,"Lacroix, Frederic",4267,wittelsbacher golfclub,sg_total,0.5683601467575404,2023-07-23,0.004747257685573681,4583,brabazon course at the belfry
23733,"Lacroix, Frederic",4353,danzhou ancient saltern golf club,sg_total,0.5930361029297179,2023-10-16,0.004472307165894757,4583,brabazon course at the belfry
23733,"Lacroix, Frederic",4221,galgorm castle golf club,sg_total,0.5763731489488771,2023-08-20,0.004353329967702407,4583,brabazon course at the belfry
23733,"Lacroix, Frederic",4619,regnum carya golf & spa resort,sg_total,0.7897806739328027,2025-05-11,0.004253841210999728,4583,brabazon course at the belfry
23733,"Lacroix, Frederic",4382,rinkven international gc,sg_total,0.6629869316007273,2024-05-26,0.004018878341098225,4583,brabazon course at the belfry
23733,"Lacroix, Frederic",4559,leopard creek cc,sg_total,0.733813771398553,2024-12-15,0.0021743465359891283,4583,brabazon course at the belfry
23733,"Lacroix, Frederic",4817,national gc,sg_total,0.9441218903864221,2026-05-03,-0.0001722432920696848,4583,brabazon course at the belfry
23733,"Lacroix, Frederic",4782,dlf g&cc player course,sg_total,0.9277434863285529,2026-03-29,-0.0010019863016995072,4583,brabazon course at the belfry
23733,"Lacroix, Frederic",4011,himmerland golf & spa resort,sg_total,0.483840486467991,2022-09-04,-0.0019180114935988654,4583,brabazon course at the belfry
23733,"Lacroix, Frederic",4016,club de campo villa de madrid,sg_total,0.4923822171335323,2022-10-09,-0.0023085184468655,4583,brabazon course at the belfry
23733,"Lacroix, Frederic",4621,gut altentann gc,sg_total,0.798117060447891,2025-06-01,-0.0030291402514005658,4583,brabazon course at the belfry
23733,"Lacroix, Frederic",4723,gary player cc,sg_total,0.8772177743910435,2025-12-07,-0.005426487790142451,4583,brabazon course at the belfry
23733,"Lacroix, Frederic",4075,doha gc,sg_total,0.4464177973920421,2022-03-27,-0.007979841786521783,4583,brabazon course at the belfry
23733,"Lacroix, Frederic",4375,laguna national g&cc classic course,sg_total,0.6424283409681188,2024-03-24,-0.00870151511271951,4583,brabazon course at the belfry
23733,"Lacroix, Frederic",4207,golfclub münchen eichenried,sg_total,0.5604585449744904,2023-06-25,-0.00909746409032798,4583,brabazon course at the belfry
23733,"Lacroix, Frederic",3651,diamond cc,sg_total,0.3269330072071321,2020-07-12,-0.015339176529264847,4583,brabazon course at the belfry
23733,"Lacroix, Frederic",4017,real club valderrama,sg_total,0.4941085742561417,2022-10-16,-0.018764684993856487,4583,brabazon course at the belfry
23733,"Lacroix, Frederic",4402,le golf national,sg_total,0.7110589082064097,2024-10-13,-0.028061632743773397,4583,brabazon course at the belfry
23733,"Lacroix, Frederic",4827,blackstone course mission hills,sg_total,0.9245020599315531,2026-03-22,-0.049389210609584976,4583,brabazon course at the belfry
14780,"Lagergren, Joakim",4786,circolo golf torino,sg_total,0.9709308776411942,2026-06-28,0.03477620871107737,4583,brabazon course at the belfry
14780,"Lagergren, Joakim",4017,real club valderrama,sg_total,0.4941085742561417,2022-10-16,0.027594614973478097,4583,brabazon course at the belfry
14780,"Lagergren, Joakim",4584,crans-sur-sierre gc,sg_total,0.835270211411272,2025-08-31,0.023423637738660116,4583,brabazon course at the belfry
14780,"Lagergren, Joakim",4603,kingsbarns golf links,sg_total,0.8500160902253981,2025-10-05,0.022716411970582627,4583,brabazon course at the belfry
14780,"Lagergren, Joakim",4227,le golf national,sg_total,0.5865484532875249,2023-09-24,0.01784300060564437,4583,brabazon course at the belfry
14780,"Lagergren, Joakim",4817,national gc,sg_total,0.9441218903864221,2026-05-03,0.017219940801345035,4583,brabazon course at the belfry
14780,"Lagergren, Joakim",3981,emirates gc,sg_total,0.43409147291705774,2022-01-30,0.013680352618863528,4583,brabazon course at the belfry
14780,"Lagergren, Joakim",4237,club at steyn city,sg_total,0.5355291261520809,2023-03-26,0.010456238710201852,4583,brabazon course at the belfry
14780,"Lagergren, Joakim",4023,jumeirah golf estates,sg_total,0.5028315779709409,2022-11-20,0.009829968159404434,4583,brabazon course at the belfry
14780,"Lagergren, Joakim",3792,hills golf & sports club,sg_total,0.27831547681864865,2019-08-25,0.008412227574310573,4583,brabazon course at the belfry
14780,"Lagergren, Joakim",4030,gary player cc,sg_total,0.5010747437014489,2022-11-13,0.008019816611416384,4583,brabazon course at the belfry
14780,"Lagergren, Joakim",4369,la reserve gc,sg_total,0.6117081434533598,2023-12-17,0.00767372466876524,4583,brabazon course at the belfry
14780,"Lagergren, Joakim",3544,verdura gc,sg_total,0.22013814453292976,2018-05-13,0.007113327848652398,4583,brabazon course at the belfry
14780,"Lagergren, Joakim",4621,gut altentann gc,sg_total,0.798117060447891,2025-06-01,0.006451652070392146,4583,brabazon course at the belfry
14780,"Lagergren, Joakim",4016,club de campo villa de madrid,sg_total,0.4923822171335323,2022-10-09,0.006233062935969503,4583,brabazon course at the belfry
14780,"Lagergren, Joakim",3862,himmerland golf & spa resort,sg_total,0.3840432893753353,2021-05-30,0.005190072821525045,4583,brabazon course at the belfry
14780,"Lagergren, Joakim",4619,regnum carya golf & spa resort,sg_total,0.7897806739328027,2025-05-11,0.004782713770893272,4583,brabazon course at the belfry
14780,"Lagergren, Joakim",3802,dom pedro victoria golf course,sg_total,0.28722195492640357,2019-10-27,0.00455193122124837,4583,brabazon course at the belfry
14780,"Lagergren, Joakim",4723,gary player cc,sg_total,0.8772177743910435,2025-12-07,0.004507487189343165,4583,brabazon course at the belfry
14780,"Lagergren, Joakim",4593,jumeirah golf estates,sg_total,0.8680551755848918,2025-11-16,0.0037065494941998446,4583,brabazon course at the belfry
14780,"Lagergren, Joakim",3494,hong kong gc,sg_total,0.2024018907423617,2017-11-26,0.0036615049169290933,4583,brabazon course at the belfry
14780,"Lagergren, Joakim",3774,doha gc,sg_total,0.25589194844208374,2019-03-10,0.0022425262288426067,4583,brabazon course at the belfry
14780,"Lagergren, Joakim",3678,walton heath gc,sg_total,0.2377584587145598,2018-10-14,0.0022339577430833765,4583,brabazon course at the belfry
14780,"Lagergren, Joakim",3650,wentworth golf club,sg_total,0.22168451753581914,2018-05-27,0.0015729899388470321,4583,brabazon course at the belfry
14780,"Lagergren, Joakim",3674,regnum carya golf & spa resort,sg_total,0.2402680749592907,2018-11-04,0.0009211548340208289,4583,brabazon course at the belfry
14780,"Lagergren, Joakim",3664,silkeborg ry gc,sg_total,0.2328175917601019,2018-09-02,0.0005831962339769066,4583,brabazon course at the belfry
14780,"Lagergren, Joakim",3901,royal greens,sg_total,0.30164634224304404,2020-02-02,-5.792847550054678e-05,4583,brabazon course at the belfry
14780,"Lagergren, Joakim",3637,emirates gc,sg_total,0.20887902966927693,2018-01-28,-0.00011892564230239762,4583,brabazon course at the belfry
14780,"Lagergren, Joakim",890,Tahoe Mountain Club (Old Greenwood),sg_total,1.040490575258164,2023-07-23,-0.0004553096163037754,4583,brabazon course at the belfry
14780,"Lagergren, Joakim",4186,emirates gc,sg_total,0.520742292353521,2023-01-29,-0.000480727199461856,4583,brabazon course at the belfry
14780,"Lagergren, Joakim",3519,barsebäck g&cc,sg_total,0.18544443195597088,2017-06-04,-0.0006347436491258933,4583,brabazon course at the belfry
14780,"Lagergren, Joakim",3779,royal golf dar es salam red course,sg_total,0.2622387318069171,2019-04-28,-0.0008176139583407752,4583,brabazon course at the belfry
14780,"Lagergren, Joakim",3906,al mouj golf,sg_total,0.305899090813104,2020-03-01,-0.0014053671535875394,4583,brabazon course at the belfry
14780,"Lagergren, Joakim",3626,racv royal pines resort,sg_total,0.20311153851913738,2017-12-03,-0.0015886415240435896,4583,brabazon course at the belfry
14780,"Lagergren, Joakim",4011,himmerland golf & spa resort,sg_total,0.483840486467991,2022-09-04,-0.001921851828111512,4583,brabazon course at the belfry
14780,"Lagergren, Joakim",4302,jack nicklaus golf club korea,sg_total,0.544983369207548,2023-04-30,-0.0022187696991777892,4583,brabazon course at the belfry
14780,"Lagergren, Joakim",4582,furesø golf klub,sg_total,0.8294437363854039,2025-08-17,-0.002800080534248047,4583,brabazon course at the belfry
14780,"Lagergren, Joakim",4200,yas links,sg_total,0.5189228801589404,2023-01-22,-0.0030277785218361204,4583,brabazon course at the belfry
14780,"Lagergren, Joakim",3769,royal greens,sg_total,0.25145279522530517,2019-02-03,-0.0034098980757483505,4583,brabazon course at the belfry
14780,"Lagergren, Joakim",4485,hangzhou west lake golf club,sg_total,0.7135519747065024,2024-10-20,-0.005547554580547888,4583,brabazon course at the belfry
14780,"Lagergren, Joakim",4075,doha gc,sg_total,0.4464177973920421,2022-03-27,-0.005860347019181949,4583,brabazon course at the belfry
14780,"Lagergren, Joakim",3793,crans-sur-sierre gc,sg_total,0.2792912876603469,2019-09-01,-0.010821313876590537,4583,brabazon course at the belfry
14780,"Lagergren, Joakim",4592,yas links,sg_total,0.8650222931107413,2025-11-09,-0.010868971032201094,4583,brabazon course at the belfry
14780,"Lagergren, Joakim",4529,argentario gc,sg_total,0.7036318499619978,2024-09-22,-0.01163455803199044,4583,brabazon course at the belfry
14780,"Lagergren, Joakim",3943,meloneras golf,sg_total,0.37738099689684185,2021-04-25,-0.012995788468212208,4583,brabazon course at the belfry
14780,"Lagergren, Joakim",4517,iberostar real club de golf novo sancti petri,sg_total,0.6676441212689289,2024-06-09,-0.013086871615886146,4583,brabazon course at the belfry
14780,"Lagergren, Joakim",3876,crans-sur-sierre gc,sg_total,0.4019208903110026,2021-08-29,-0.017701405686299406,4583,brabazon course at the belfry
14780,"Lagergren, Joakim",4559,leopard creek cc,sg_total,0.733813771398553,2024-12-15,-0.01841354471688239,4583,brabazon course at the belfry
14780,"Lagergren, Joakim",4782,dlf g&cc player course,sg_total,0.9277434863285529,2026-03-29,-0.05391868983668851,4583,brabazon course at the belfry
16652,"Langasque, Romain",4786,circolo golf torino,sg_total,0.9709308776411942,2026-06-28,0.018823692726958274,4583,brabazon course at the belfry
16652,"Langasque, Romain",4382,rinkven international gc,sg_total,0.6629869316007273,2024-05-26,0.0148086615425689,4583,brabazon course at the belfry
16652,"Langasque, Romain",3981,emirates gc,sg_total,0.43409147291705774,2022-01-30,0.01106867531530022,4583,brabazon course at the belfry
16652,"Langasque, Romain",4236,jumeirah golf estates,sg_total,0.6032038980649524,2023-11-19,0.0099284663302907,4583,brabazon course at the belfry
16652,"Langasque, Romain",4375,laguna national g&cc classic course,sg_total,0.6424283409681188,2024-03-24,0.007784081590236369,4583,brabazon course at the belfry
16652,"Langasque, Romain",4186,emirates gc,sg_total,0.520742292353521,2023-01-29,0.007304008770912903,4583,brabazon course at the belfry
16652,"Langasque, Romain",4559,leopard creek cc,sg_total,0.733813771398553,2024-12-15,0.0060130853169231046,4583,brabazon course at the belfry
16652,"Langasque, Romain",3765,randpark gc firethorn course,sg_total,0.2445097728767429,2018-12-09,0.005981838275097286,4583,brabazon course at the belfry
16652,"Langasque, Romain",4237,club at steyn city,sg_total,0.5355291261520809,2023-03-26,0.0057251637521993385,4583,brabazon course at the belfry
16652,"Langasque, Romain",4371,emirates gc,sg_total,0.6225072525676867,2024-01-21,0.004679297395739348,4583,brabazon course at the belfry
16652,"Langasque, Romain",4030,gary player cc,sg_total,0.5010747437014489,2022-11-13,0.004105296735202641,4583,brabazon course at the belfry
16652,"Langasque, Romain",4023,jumeirah golf estates,sg_total,0.5028315779709409,2022-11-20,0.00356194208912862,4583,brabazon course at the belfry
16652,"Langasque, Romain",3495,glendower gc,sg_total,0.17290724229171636,2017-01-15,0.003471485479703544,4583,brabazon course at the belfry
16652,"Langasque, Romain",4592,yas links,sg_total,0.8650222931107413,2025-11-09,0.003316077555382027,4583,brabazon course at the belfry
16652,"Langasque, Romain",4302,jack nicklaus golf club korea,sg_total,0.544983369207548,2023-04-30,0.0032665498669042685,4583,brabazon course at the belfry
16652,"Langasque, Romain",3501,royal johannesburg west course,sg_total,0.17657668871613386,2017-02-26,0.003229859482217153,4583,brabazon course at the belfry
16652,"Langasque, Romain",4584,crans-sur-sierre gc,sg_total,0.835270211411272,2025-08-31,0.003185409615817188,4583,brabazon course at the belfry
16652,"Langasque, Romain",4075,doha gc,sg_total,0.4464177973920421,2022-03-27,0.003036157013870813,4583,brabazon course at the belfry
16652,"Langasque, Romain",4017,real club valderrama,sg_total,0.4941085742561417,2022-10-16,0.0028540944792388194,4583,brabazon course at the belfry
16652,"Langasque, Romain",934,Hurstbourne Country Club,sg_total,0.9777512371933363,2026-07-12,0.0026381738595656775,4583,brabazon course at the belfry
16652,"Langasque, Romain",4731,houghton gc,sg_total,0.9180531430541589,2026-03-08,0.002064917213074572,4583,brabazon course at the belfry
16652,"Langasque, Romain",3538,kingsbarns golf links,sg_total,0.19750329721911253,2017-10-08,0.0016850114116976885,4583,brabazon course at the belfry
16652,"Langasque, Romain",3862,himmerland golf & spa resort,sg_total,0.647201464831364,2021-05-30,0.001608430918143737,4583,brabazon course at the belfry
16652,"Langasque, Romain",43,The Los Angeles Country Club (North Course),sg_total,0.5585003688742262,2023-06-18,0.0014562986543730995,4583,brabazon course at the belfry
16652,"Langasque, Romain",3972,golf santa ponsa,sg_total,0.41333370907465194,2021-10-24,0.001288337656573411,4583,brabazon course at the belfry
16652,"Langasque, Romain",3779,royal golf dar es salam red course,sg_total,0.2622387318069171,2019-04-28,0.0009261493095490325,4583,brabazon course at the belfry
16652,"Langasque, Romain",3876,crans-sur-sierre gc,sg_total,0.4019208903110026,2021-08-29,0.0008516718002158425,4583,brabazon course at the belfry
16652,"Langasque, Romain",3769,royal greens,sg_total,0.25145279522530517,2019-02-03,0.0007204946082923577,4583,brabazon course at the belfry
16652,"Langasque, Romain",3793,crans-sur-sierre gc,sg_total,0.2792912876603469,2019-09-01,0.00035384119377725545,4583,brabazon course at the belfry
16652,"Langasque, Romain",4619,regnum carya golf & spa resort,sg_total,0.7897806739328027,2025-05-11,9.686506865075021e-05,4583,brabazon course at the belfry
16652,"Langasque, Romain",4817,national gc,sg_total,0.9441218903864221,2026-05-03,-0.0002457779058787617,4583,brabazon course at the belfry
16652,"Langasque, Romain",3649,rinkven international gc,sg_total,0.2209099779593782,2018-05-20,-0.0002663913345419412,4583,brabazon course at the belfry
16652,"Langasque, Romain",4377,genzon gc,sg_total,0.6560619883935562,2024-05-05,-0.000329386871462902,4583,brabazon course at the belfry
16652,"Langasque, Romain",4207,golfclub münchen eichenried,sg_total,0.5604585449744904,2023-06-25,-0.0003751542555396755,4583,brabazon course at the belfry
16652,"Langasque, Romain",3519,barsebäck g&cc,sg_total,0.18544443195597088,2017-06-04,-0.0009106051640482676,4583,brabazon course at the belfry
16652,"Langasque, Romain",3807,jumeirah golf estates,sg_total,0.2912713418641669,2019-11-24,-0.0010430571039393354,4583,brabazon course at the belfry
16652,"Langasque, Romain",4181,blair atholl golf & equestrian estate,sg_total,0.5063637471859777,2022-12-04,-0.0010888694677436892,4583,brabazon course at the belfry
16652,"Langasque, Romain",3544,verdura gc,sg_total,0.404288998271078,2018-05-13,-0.0014703058564465527,4583,brabazon course at the belfry
16652,"Langasque, Romain",3943,meloneras golf,sg_total,0.37738099689684185,2021-04-25,-0.001971534104900154,4583,brabazon course at the belfry
16652,"Langasque, Romain",4011,himmerland golf & spa resort,sg_total,0.483840486467991,2022-09-04,-0.0033564049456752507,4583,brabazon course at the belfry
16652,"Langasque, Romain",3774,doha gc,sg_total,0.25589194844208374,2019-03-10,-0.003392666745165596,4583,brabazon course at the belfry
16652,"Langasque, Romain",3792,hills golf & sports club,sg_total,0.27831547681864865,2019-08-25,-0.004008363416809598,4583,brabazon course at the belfry
16652,"Langasque, Romain",3906,al mouj golf,sg_total,0.305899090813104,2020-03-01,-0.0063095147748213724,4583,brabazon course at the belfry
16652,"Langasque, Romain",3520,diamond cc,sg_total,0.18609462464127785,2017-06-11,-0.007288711134618048,4583,brabazon course at the belfry
16652,"Langasque, Romain",3901,royal greens,sg_total,0.664774302223504,2021-02-07,-0.009701792014178414,4583,brabazon course at the belfry
16652,"Langasque, Romain",4809,royal johannesburg east course (par 70),sg_total,0.880293415834221,2025-12-14,-0.011915294008094487,4583,brabazon course at the belfry
16652,"Langasque, Romain",4621,gut altentann gc,sg_total,0.798117060447891,2025-06-01,-0.0147390278501428,4583,brabazon course at the belfry
16652,"Langasque, Romain",4221,galgorm castle golf club,sg_total,0.5763731489488771,2023-08-20,-0.015255998657096474,4583,brabazon course at the belfry
16652,"Langasque, Romain",4782,dlf g&cc player course,sg_total,0.9277434863285529,2026-03-29,-0.016336778278774635,4583,brabazon course at the belfry
16652,"Langasque, Romain",4235,gary player cc,sg_total,0.6010963747389753,2023-11-12,-0.022971352183734212,4583,brabazon course at the belfry
16652,"Langasque, Romain",4402,le golf national,sg_total,0.7110589082064097,2024-10-13,-0.030990785788191037,4583,brabazon course at the belfry
14987,"Laporta, Francesco",4402,le golf national,sg_total,0.7110589082064097,2024-10-13,0.027523103064077563,4583,brabazon course at the belfry
14987,"Laporta, Francesco",4353,danzhou ancient saltern golf club,sg_total,0.5930361029297179,2023-10-16,0.0148479369234189,4583,brabazon course at the belfry
14987,"Laporta, Francesco",4267,wittelsbacher golfclub,sg_total,0.5683601467575404,2023-07-23,0.012457098750795911,4583,brabazon course at the belfry
14987,"Laporta, Francesco",4011,himmerland golf & spa resort,sg_total,0.483840486467991,2022-09-04,0.01220283644623375,4583,brabazon course at the belfry
14987,"Laporta, Francesco",3544,verdura gc,sg_total,0.404288998271078,2018-05-13,0.007055692189977479,4583,brabazon course at the belfry
14987,"Laporta, Francesco",4592,yas links,sg_total,0.8650222931107413,2025-11-09,0.006146969302590673,4583,brabazon course at the belfry
14987,"Laporta, Francesco",4382,rinkven international gc,sg_total,0.6629869316007273,2024-05-26,0.00595138684423161,4583,brabazon course at the belfry
14987,"Laporta, Francesco",4271,askersunds golfklubb,sg_total,0.5783939893780083,2023-08-27,0.005121616890464469,4583,brabazon course at the belfry
14987,"Laporta, Francesco",890,Tahoe Mountain Club (Old Greenwood),sg_total,0.47213042850062353,2022-07-17,0.004456590261905377,4583,brabazon course at the belfry
14987,"Laporta, Francesco",3501,royal johannesburg west course,sg_total,0.17657668871613386,2017-02-26,0.0037542817069681684,4583,brabazon course at the belfry
14987,"Laporta, Francesco",3901,royal greens,sg_total,0.664774302223504,2021-02-07,0.003716928916566696,4583,brabazon course at the belfry
14987,"Laporta, Francesco",4181,blair atholl golf & equestrian estate,sg_total,0.5063637471859777,2022-12-04,0.0032488488336586303,4583,brabazon course at the belfry
14987,"Laporta, Francesco",4276,club de golf alcanada,sg_total,0.5989962148511054,2023-11-05,0.0026022646675783498,4583,brabazon course at the belfry
14987,"Laporta, Francesco",4621,gut altentann gc,sg_total,0.798117060447891,2025-06-01,0.0025078300573452275,4583,brabazon course at the belfry
14987,"Laporta, Francesco",4372,al hamra gc,sg_total,0.6246898452608237,2024-01-28,0.002177869574554305,4583,brabazon course at the belfry
14987,"Laporta, Francesco",4193,kingsbarns golf links,sg_total,0.4906618916992401,2022-10-02,0.001674532505856907,4583,brabazon course at the belfry
14987,"Laporta, Francesco",3862,himmerland golf & spa resort,sg_total,0.3840432893753353,2021-05-30,0.001570960926093285,4583,brabazon course at the belfry
14987,"Laporta, Francesco",4017,real club valderrama,sg_total,0.4941085742561417,2022-10-16,0.0004885114877230243,4583,brabazon course at the belfry
14987,"Laporta, Francesco",3943,meloneras golf,sg_total,0.37738099689684185,2021-04-25,-0.0015261182350645103,4583,brabazon course at the belfry
14987,"Laporta, Francesco",4375,laguna national g&cc classic course,sg_total,0.6424283409681188,2024-03-24,-0.0016069834588920695,4583,brabazon course at the belfry
14987,"Laporta, Francesco",3906,al mouj golf,sg_total,0.305899090813104,2020-03-01,-0.002026168343606625,4583,brabazon course at the belfry
14987,"Laporta, Francesco",3649,rinkven international gc,sg_total,0.2209099779593782,2018-05-20,-0.0026564999892144804,4583,brabazon course at the belfry
14987,"Laporta, Francesco",4619,regnum carya golf & spa resort,sg_total,0.7897806739328027,2025-05-11,-0.0035082733362608223,4583,brabazon course at the belfry
14987,"Laporta, Francesco",4559,leopard creek cc,sg_total,0.733813771398553,2024-12-15,-0.0039856732779265025,4583,brabazon course at the belfry
14987,"Laporta, Francesco",3898,randpark gc firethorn course,sg_total,0.2984956258576689,2020-01-12,-0.006802366963495862,4583,brabazon course at the belfry
14987,"Laporta, Francesco",4817,national gc,sg_total,0.9441218903864221,2026-05-03,-0.007424527037996864,4583,brabazon course at the belfry
14987,"Laporta, Francesco",4266,gc adamstal,sg_total,0.5663743633919324,2023-07-16,-0.00868059689144378,4583,brabazon course at the belfry
14987,"Laporta, Francesco",3651,diamond cc,sg_total,0.5501747603315552,2020-07-12,-0.010062228837525592,4583,brabazon course at the belfry
14987,"Laporta, Francesco",3876,crans-sur-sierre gc,sg_total,0.4019208903110026,2021-08-29,-0.010888878056046509,4583,brabazon course at the belfry
14987,"Laporta, Francesco",4377,genzon gc,sg_total,0.6560619883935562,2024-05-05,-0.01263189144248609,4583,brabazon course at the belfry
14987,"Laporta, Francesco",4786,circolo golf torino,sg_total,0.9709308776411942,2026-06-28,-0.018273689041828134,4583,brabazon course at the belfry
14987,"Laporta, Francesco",4782,dlf g&cc player course,sg_total,0.9277434863285529,2026-03-29,-0.023843664218296014,4583,brabazon course at the belfry
14987,"Laporta, Francesco",3981,emirates gc,sg_total,0.43409147291705774,2022-01-30,-0.03137707031783147,4583,brabazon course at the belfry
14987,"Laporta, Francesco",4731,houghton gc,sg_total,0.9180531430541589,2026-03-08,-0.03261067999354618,4583,brabazon course at the belfry
14987,"Laporta, Francesco",4584,crans-sur-sierre gc,sg_total,0.835270211411272,2025-08-31,-0.03585582598419311,4583,brabazon course at the belfry
14987,"Laporta, Francesco",4724,royal johannesburg east course,sg_total,0.880293415834221,2025-12-14,-0.0503629072796634,4583,brabazon course at the belfry
9133,"Larrazabal, Pablo",4371,emirates gc,sg_total,0.6225072525676867,2024-01-21,0.018491768360139264,4583,brabazon course at the belfry
9133,"Larrazabal, Pablo",4302,jack nicklaus golf club korea,sg_total,0.544983369207548,2023-04-30,0.013658144637226075,4583,brabazon course at the belfry
9133,"Larrazabal, Pablo",4200,yas links,sg_total,0.5189228801589404,2023-01-22,0.012348268977352481,4583,brabazon course at the belfry
9133,"Larrazabal, Pablo",4786,circolo golf torino,sg_total,0.9709308776411942,2026-06-28,0.012251898893983065,4583,brabazon course at the belfry
9133,"Larrazabal, Pablo",4723,gary player cc,sg_total,0.8772177743910435,2025-12-07,0.009671642970213862,4583,brabazon course at the belfry
9133,"Larrazabal, Pablo",3901,royal greens,sg_total,0.664774302223504,2021-02-07,0.008837985570550735,4583,brabazon course at the belfry
9133,"Larrazabal, Pablo",-1,Unknown,sg_total,0.4356134549872005,2022-02-06,0.008164232682183114,4583,brabazon course at the belfry
9133,"Larrazabal, Pablo",4186,emirates gc,sg_total,0.520742292353521,2023-01-29,0.006950819339823277,4583,brabazon course at the belfry
9133,"Larrazabal, Pablo",3981,emirates gc,sg_total,0.43409147291705774,2022-01-30,0.006068820585657017,4583,brabazon course at the belfry
9133,"Larrazabal, Pablo",4075,doha gc,sg_total,0.4464177973920421,2022-03-27,0.005890852774778681,4583,brabazon course at the belfry
9133,"Larrazabal, Pablo",3674,regnum carya golf & spa resort,sg_total,0.2402680749592907,2018-11-04,0.005251001132818094,4583,brabazon course at the belfry
9133,"Larrazabal, Pablo",4382,rinkven international gc,sg_total,0.6629869316007273,2024-05-26,0.005211353128914081,4583,brabazon course at the belfry
9133,"Larrazabal, Pablo",3862,himmerland golf & spa resort,sg_total,0.3840432893753353,2021-05-30,0.004750037263230258,4583,brabazon course at the belfry
9133,"Larrazabal, Pablo",3802,dom pedro victoria golf course,sg_total,0.28722195492640357,2019-10-27,0.004157803653167337,4583,brabazon course at the belfry
9133,"Larrazabal, Pablo",3774,doha gc,sg_total,0.25589194844208374,2019-03-10,0.0030205674435476375,4583,brabazon course at the belfry
9133,"Larrazabal, Pablo",4782,dlf g&cc player course,sg_total,0.9277434863285529,2026-03-29,0.0028660839179788455,4583,brabazon course at the belfry
9133,"Larrazabal, Pablo",4236,jumeirah golf estates,sg_total,0.6032038980649524,2023-11-19,0.002705915290636451,4583,brabazon course at the belfry
9133,"Larrazabal, Pablo",3779,royal golf dar es salam red course,sg_total,0.2622387318069171,2019-04-28,0.0018258821163710654,4583,brabazon course at the belfry
9133,"Larrazabal, Pablo",539,Royal Lytham St. Anne,sg_total,0.07623001471101583,2012-07-22,0.0015861205879920987,4583,brabazon course at the belfry
9133,"Larrazabal, Pablo",4621,gut altentann gc,sg_total,0.798117060447891,2025-06-01,0.0014325946986491183,4583,brabazon course at the belfry
9133,"Larrazabal, Pablo",3935,gary player cc,sg_total,0.3518677092565612,2020-12-06,0.0006703637858234906,4583,brabazon course at the belfry
9133,"Larrazabal, Pablo",528,Pinehurst Resort & Country Club (Course No. 2),sg_total,0.10779758751767567,2014-06-15,8.896639076870136e-05,4583,brabazon course at the belfry
9133,"Larrazabal, Pablo",3519,barsebäck g&cc,sg_total,0.18544443195597088,2017-06-04,-0.0008416011069092224,4583,brabazon course at the belfry
9133,"Larrazabal, Pablo",3876,crans-sur-sierre gc,sg_total,0.4019208903110026,2021-08-29,-0.0008608448316627282,4583,brabazon course at the belfry
9133,"Larrazabal, Pablo",4235,gary player cc,sg_total,0.6010963747389753,2023-11-12,-0.000944832087610867,4583,brabazon course at the belfry
9133,"Larrazabal, Pablo",3678,walton heath gc,sg_total,0.2377584587145598,2018-10-14,-0.001016469364726289,4583,brabazon course at the belfry
9133,"Larrazabal, Pablo",3793,crans-sur-sierre gc,sg_total,0.2792912876603469,2019-09-01,-0.0010896883561642113,4583,brabazon course at the belfry
9133,"Larrazabal, Pablo",3650,wentworth golf club,sg_total,0.22168451753581914,2018-05-27,-0.0012153819903087907,4583,brabazon course at the belfry
9133,"Larrazabal, Pablo",3765,randpark gc firethorn course,sg_total,0.2445097728767429,2018-12-09,-0.0012684496987860696,4583,brabazon course at the belfry
9133,"Larrazabal, Pablo",3538,kingsbarns golf links,sg_total,0.19750329721911253,2017-10-08,-0.00134360577258827,4583,brabazon course at the belfry
9133,"Larrazabal, Pablo",743,Oakland Hills CC (South),sg_total,0.0370680450471995,2008-08-10,-0.0013565190587673617,4583,brabazon course at the belfry
9133,"Larrazabal, Pablo",4207,golfclub münchen eichenried,sg_total,0.5604585449744904,2023-06-25,-0.001610612933290758,4583,brabazon course at the belfry
9133,"Larrazabal, Pablo",697,Ocean Course at Kiawah Island,sg_total,0.07703464679135964,2012-08-12,-0.001807059132355153,4583,brabazon course at the belfry
9133,"Larrazabal, Pablo",4377,genzon gc,sg_total,0.6560619883935562,2024-05-05,-0.001831445483801259,4583,brabazon course at the belfry
9133,"Larrazabal, Pablo",3943,meloneras golf,sg_total,0.37738099689684185,2021-04-25,-0.001866628417373796,4583,brabazon course at the belfry
9133,"Larrazabal, Pablo",3906,al mouj golf,sg_total,0.305899090813104,2020-03-01,-0.0021250777767113068,4583,brabazon course at the belfry
9133,"Larrazabal, Pablo",4011,himmerland golf & spa resort,sg_total,0.483840486467991,2022-09-04,-0.0024933275440705144,4583,brabazon course at the belfry
9133,"Larrazabal, Pablo",3637,emirates gc,sg_total,0.20887902966927693,2018-01-28,-0.002963873205701072,4583,brabazon course at the belfry
9133,"Larrazabal, Pablo",4016,club de campo villa de madrid,sg_total,0.4923822171335323,2022-10-09,-0.003011558174322765,4583,brabazon course at the belfry
9133,"Larrazabal, Pablo",3769,royal greens,sg_total,0.25145279522530517,2019-02-03,-0.0033703988797783575,4583,brabazon course at the belfry
9133,"Larrazabal, Pablo",610,Turnberry (Ailsa),sg_total,0.04400288847761665,2009-07-19,-0.003769065102545862,4583,brabazon course at the belfry
9133,"Larrazabal, Pablo",4023,jumeirah golf estates,sg_total,0.5028315779709409,2022-11-20,-0.007166236734189601,4583,brabazon course at the belfry
9133,"Larrazabal, Pablo",4724,royal johannesburg east course,sg_total,0.880293415834221,2025-12-14,-0.007567545608606225,4583,brabazon course at the belfry
9133,"Larrazabal, Pablo",4017,real club valderrama,sg_total,0.4941085742561417,2022-10-16,-0.009348989631127406,4583,brabazon course at the belfry
9133,"Larrazabal, Pablo",4030,gary player cc,sg_total,0.5010747437014489,2022-11-13,-0.010323010508472058,4583,brabazon course at the belfry
9133,"Larrazabal, Pablo",43,The Los Angeles Country Club (North Course),sg_total,0.5585003688742262,2023-06-18,-0.011784845412488157,4583,brabazon course at the belfry
9133,"Larrazabal, Pablo",3972,golf santa ponsa,sg_total,0.41333370907465194,2021-10-24,-0.012269929088884203,4583,brabazon course at the belfry
9133,"Larrazabal, Pablo",4603,kingsbarns golf links,sg_total,0.8500160902253981,2025-10-05,-0.014877905044624799,4583,brabazon course at the belfry
9133,"Larrazabal, Pablo",4401,carnoustie,sg_total,0.7085745521868345,2024-10-06,-0.016241798943696067,4583,brabazon course at the belfry
9133,"Larrazabal, Pablo",4827,blackstone course mission hills,sg_total,0.9245020599315531,2026-03-22,-0.024185697642865545,4583,brabazon course at the belfry
9133,"Larrazabal, Pablo",4559,leopard creek cc,sg_total,0.733813771398553,2024-12-15,-0.024571364115449454,4583,brabazon course at the belfry
9133,"Larrazabal, Pablo",4372,al hamra gc,sg_total,0.6246898452608237,2024-01-28,-0.030714351094748578,4583,brabazon course at the belfry
9133,"Larrazabal, Pablo",4817,national gc,sg_total,0.9441218903864221,2026-05-03,-0.032352212547620274,4583,brabazon course at the belfry
14784,"Law, David",4782,dlf g&cc player course,sg_total,0.9277434863285529,2026-03-29,0.03552307054013165,4583,brabazon course at the belfry
14784,"Law, David",4651,vierumäki resort,sg_total,0.8294437363854039,2025-08-17,0.01635596771884812,4583,brabazon course at the belfry
14784,"Law, David",4654,royal óbidos spa & golf resort,sg_total,0.8411376148446232,2025-09-14,0.01533854801467681,4583,brabazon course at the belfry
14784,"Law, David",4534,infinitum golf lakes course,sg_total,0.7221661802661196,2024-11-13,0.013427086767617299,4583,brabazon course at the belfry
14784,"Law, David",4230,kingsbarns golf links,sg_total,0.5906686964874246,2023-10-08,0.012173177559036305,4583,brabazon course at the belfry
14784,"Law, David",4227,le golf national,sg_total,0.5865484532875249,2023-09-24,0.011276030779811071,4583,brabazon course at the belfry
14784,"Law, David",4375,laguna national g&cc classic course,sg_total,0.6424283409681188,2024-03-24,0.00914248641198372,4583,brabazon course at the belfry
14784,"Law, David",4402,le golf national,sg_total,0.7110589082064097,2024-10-13,0.008823234733559759,4583,brabazon course at the belfry
14784,"Law, David",4731,houghton gc,sg_total,0.9180531430541589,2026-03-08,0.008659154920420948,4583,brabazon course at the belfry
14784,"Law, David",4377,genzon gc,sg_total,0.6560619883935562,2024-05-05,0.008242523116234001,4583,brabazon course at the belfry
14784,"Law, David",3779,royal golf dar es salam red course,sg_total,0.2622387318069171,2019-04-28,0.007485060141354185,4583,brabazon course at the belfry
14784,"Law, David",4786,circolo golf torino,sg_total,0.9709308776411942,2026-06-28,0.007290842037286895,4583,brabazon course at the belfry
14784,"Law, David",4030,gary player cc,sg_total,0.5010747437014489,2022-11-13,0.006842920070356839,4583,brabazon course at the belfry
14784,"Law, David",4555,kingston heath gc,sg_total,0.7286950115597843,2024-12-01,0.005582029428812309,4583,brabazon course at the belfry
14784,"Law, David",3935,gary player cc,sg_total,0.3518677092565612,2020-12-06,0.004399009277455967,4583,brabazon course at the belfry
14784,"Law, David",4076,zebula golf estate  spa,sg_total,0.3433516974975665,2020-10-18,0.004261303844980814,4583,brabazon course at the belfry
14784,"Law, David",4023,jumeirah golf estates,sg_total,0.5028315779709409,2022-11-20,0.003572500160092348,4583,brabazon course at the belfry
14784,"Law, David",3981,emirates gc,sg_total,0.43409147291705774,2022-01-30,0.003227574735211367,4583,brabazon course at the belfry
14784,"Law, David",3862,himmerland golf & spa resort,sg_total,0.3840432893753353,2021-05-30,0.00273483814336647,4583,brabazon course at the belfry
14784,"Law, David",4186,emirates gc,sg_total,0.520742292353521,2023-01-29,0.0012664164278864004,4583,brabazon course at the belfry
14784,"Law, David",4710,sanya luhuitou gc,sg_total,0.8529963589691315,2025-10-12,0.0009049658450810872,4583,brabazon course at the belfry
14784,"Law, David",4827,blackstone course mission hills,sg_total,0.9245020599315531,2026-03-22,0.0004994351880472938,4583,brabazon course at the belfry
14784,"Law, David",3802,dom pedro victoria golf course,sg_total,0.28722195492640357,2019-10-27,3.724437405340736e-05,4583,brabazon course at the belfry
14784,"Law, David",3903,13th beach gc beach course,sg_total,0.30270395418214285,2020-02-09,-0.0003911148671144684,4583,brabazon course at the belfry
14784,"Law, David",4721,royal queensland gc,sg_total,0.8741528788765721,2025-11-30,-0.00043224975966746826,4583,brabazon course at the belfry
14784,"Law, David",4372,al hamra gc,sg_total,0.6246898452608237,2024-01-28,-0.0008803108658037103,4583,brabazon course at the belfry
14784,"Law, David",3898,randpark gc firethorn course,sg_total,0.34941323597069013,2020-11-22,-0.0011217670719161777,4583,brabazon course at the belfry
14784,"Law, David",4644,golf bluegreen de pléneuf val andré,sg_total,0.8065414401773269,2025-06-22,-0.001533490032233083,4583,brabazon course at the belfry
14784,"Law, David",3762,hong kong gc,sg_total,0.24280418100265946,2018-11-25,-0.001767260137084384,4583,brabazon course at the belfry
14784,"Law, David",3902,randpark gc bushwillow course,sg_total,0.2984956258576689,2020-01-12,-0.001898848721178961,4583,brabazon course at the belfry
14784,"Law, David",3769,royal greens,sg_total,0.25145279522530517,2019-02-03,-0.0035675113779079044,4583,brabazon course at the belfry
14784,"Law, David",3792,hills golf & sports club,sg_total,0.27831547681864865,2019-08-25,-0.003969385203065214,4583,brabazon course at the belfry
14784,"Law, David",4302,jack nicklaus golf club korea,sg_total,0.544983369207548,2023-04-30,-0.00399082692228442,4583,brabazon course at the belfry
14784,"Law, David",4017,real club valderrama,sg_total,0.4941085742561417,2022-10-16,-0.0042522421005750126,4583,brabazon course at the belfry
14784,"Law, David",3901,royal greens,sg_total,0.664774302223504,2021-02-07,-0.004596013873032504,4583,brabazon course at the belfry
14784,"Law, David",3943,meloneras golf,sg_total,0.37738099689684185,2021-04-25,-0.004703346862437766,4583,brabazon course at the belfry
14784,"Law, David",4011,himmerland golf & spa resort,sg_total,0.483840486467991,2022-09-04,-0.0051580427352698605,4583,brabazon course at the belfry
14784,"Law, David",4673,club de golf alcanada,sg_total,0.8620000071704987,2025-11-02,-0.005231929114943457,4583,brabazon course at the belfry
14784,"Law, David",4617,royal cape golf club,sg_total,0.7546509156752821,2025-02-09,-0.005368301262953708,4583,brabazon course at the belfry
14784,"Law, David",3876,crans-sur-sierre gc,sg_total,0.4019208903110026,2021-08-29,-0.006808422804606199,4583,brabazon course at the belfry
14784,"Law, David",4237,club at steyn city,sg_total,0.5355291261520809,2023-03-26,-0.007330475274498642,4583,brabazon course at the belfry
14784,"Law, David",3774,doha gc,sg_total,0.25589194844208374,2019-03-10,-0.007463292991947259,4583,brabazon course at the belfry
14784,"Law, David",3906,al mouj golf,sg_total,0.305899090813104,2020-03-01,-0.007964552101322594,4583,brabazon course at the belfry
14784,"Law, David",4724,royal johannesburg east course,sg_total,0.880293415834221,2025-12-14,-0.008557451413849466,4583,brabazon course at the belfry
14784,"Law, David",4200,yas links,sg_total,0.5189228801589404,2023-01-22,-0.00897915586034129,4583,brabazon course at the belfry
14784,"Law, David",934,Hurstbourne Country Club,sg_total,0.9777512371933363,2026-07-12,-0.009555397023587436,4583,brabazon course at the belfry
14784,"Law, David",3793,crans-sur-sierre gc,sg_total,0.2792912876603469,2019-09-01,-0.009821694384953162,4583,brabazon course at the belfry
14784,"Law, David",4016,club de campo villa de madrid,sg_total,0.4923822171335323,2022-10-09,-0.010718224497233073,4583,brabazon course at the belfry
14784,"Law, David",4637,classic golf & country club,sg_total,0.7706661563760512,2025-03-23,-0.012899421890045748,4583,brabazon course at the belfry
14784,"Law, David",4656,hangzhou west lake golf club,sg_total,0.8559870769289292,2025-10-19,-0.014012839427123709,4583,brabazon course at the belfry
14784,"Law, David",4382,rinkven international gc,sg_total,0.6629869316007273,2024-05-26,-0.014424657092991088,4583,brabazon course at the belfry
14784,"Law, David",4817,national gc,sg_total,0.9441218903864221,2026-05-03,-0.016033837677052357,4583,brabazon course at the belfry
14784,"Law, David",4653,rosa golf club,sg_total,0.8381987791551844,2025-09-07,-0.01750894628358146,4583,brabazon course at the belfry
14784,"Law, David",4371,emirates gc,sg_total,0.6225072525676867,2024-01-21,-0.01810326858064692,4583,brabazon course at the belfry
18105,"Lawrence, Thriston",4584,crans-sur-sierre gc,sg_total,0.835270211411272,2025-08-31,0.028176888637058157,4583,brabazon course at the belfry
18105,"Lawrence, Thriston",876,Detroit Golf Club,sg_total,0.8093692810527258,2025-06-29,0.024095266217008648,4583,brabazon course at the belfry
18105,"Lawrence, Thriston",4827,blackstone course mission hills,sg_total,0.9245020599315531,2026-03-22,0.0238905920194047,4583,brabazon course at the belfry
18105,"Lawrence, Thriston",4207,golfclub münchen eichenried,sg_total,0.5604585449744904,2023-06-25,0.018748791704168623,4583,brabazon course at the belfry
18105,"Lawrence, Thriston",4181,blair atholl golf & equestrian estate,sg_total,0.5063637471859777,2022-12-04,0.014856153389503617,4583,brabazon course at the belfry
18105,"Lawrence, Thriston",4724,royal johannesburg east course,sg_total,0.880293415834221,2025-12-14,0.013841413889605678,4583,brabazon course at the belfry
18105,"Lawrence, Thriston",4236,jumeirah golf estates,sg_total,0.6032038980649524,2023-11-19,0.013509606755691515,4583,brabazon course at the belfry
18105,"Lawrence, Thriston",4017,real club valderrama,sg_total,0.4941085742561417,2022-10-16,0.011903388717724027,4583,brabazon course at the belfry
18105,"Lawrence, Thriston",4030,gary player cc,sg_total,0.5010747437014489,2022-11-13,0.0077555501977468275,4583,brabazon course at the belfry
18105,"Lawrence, Thriston",4235,gary player cc,sg_total,0.6010963747389753,2023-11-12,0.007576113753486978,4583,brabazon course at the belfry
18105,"Lawrence, Thriston",4593,jumeirah golf estates,sg_total,0.8680551755848918,2025-11-16,0.007156864501552694,4583,brabazon course at the belfry
18105,"Lawrence, Thriston",43,The Los Angeles Country Club (North Course),sg_total,0.5585003688742262,2023-06-18,0.006631428831756524,4583,brabazon course at the belfry
18105,"Lawrence, Thriston",4075,doha gc,sg_total,0.4464177973920421,2022-03-27,0.004928020549362602,4583,brabazon course at the belfry
18105,"Lawrence, Thriston",4227,le golf national,sg_total,0.5865484532875249,2023-09-24,0.004305577564854895,4583,brabazon course at the belfry
18105,"Lawrence, Thriston",4200,yas links,sg_total,0.5189228801589404,2023-01-22,0.002610308539832623,4583,brabazon course at the belfry
18105,"Lawrence, Thriston",4723,gary player cc,sg_total,0.8772177743910435,2025-12-07,0.0021939307236723657,4583,brabazon course at the belfry
18105,"Lawrence, Thriston",3902,randpark gc bushwillow course,sg_total,0.2984956258576689,2020-01-12,0.0019510722735093511,4583,brabazon course at the belfry
18105,"Lawrence, Thriston",4782,dlf g&cc player course,sg_total,0.9277434863285529,2026-03-29,0.001216989626593626,4583,brabazon course at the belfry
18105,"Lawrence, Thriston",4401,carnoustie,sg_total,0.7085745521868345,2024-10-06,-0.0003261343907804113,4583,brabazon course at the belfry
18105,"Lawrence, Thriston",4817,national gc,sg_total,0.9441218903864221,2026-05-03,-0.000996187847438556,4583,brabazon course at the belfry
18105,"Lawrence, Thriston",4382,rinkven international gc,sg_total,0.6629869316007273,2024-05-26,-0.001697429958421126,4583,brabazon course at the belfry
18105,"Lawrence, Thriston",4023,jumeirah golf estates,sg_total,0.5028315779709409,2022-11-20,-0.001969897941860359,4583,brabazon course at the belfry
18105,"Lawrence, Thriston",978,Vidanta Vallarta,sg_total,0.7599520042489227,2025-02-23,-0.0026505828996285694,4583,brabazon course at the belfry
18105,"Lawrence, Thriston",3765,randpark gc firethorn course,sg_total,0.2445097728767429,2018-12-09,-0.002925788501523374,4583,brabazon course at the belfry
18105,"Lawrence, Thriston",3898,randpark gc firethorn course,sg_total,0.34941323597069013,2020-11-22,-0.002992253571073248,4583,brabazon course at the belfry
18105,"Lawrence, Thriston",4035,royal cape golf club,sg_total,0.4386734466479678,2022-02-20,-0.0037351459934196083,4583,brabazon course at the belfry
18105,"Lawrence, Thriston",3935,gary player cc,sg_total,0.3518677092565612,2020-12-06,-0.004351188622629629,4583,brabazon course at the belfry
18105,"Lawrence, Thriston",4186,emirates gc,sg_total,0.520742292353521,2023-01-29,-0.0045305110393179535,4583,brabazon course at the belfry
18105,"Lawrence, Thriston",4237,club at steyn city,sg_total,0.5355291261520809,2023-03-26,-0.004941161962642936,4583,brabazon course at the belfry
18105,"Lawrence, Thriston",928,PGA National  - Champion Course,sg_total,0.7626164964050653,2025-03-02,-0.004949242745184971,4583,brabazon course at the belfry
18105,"Lawrence, Thriston",4371,emirates gc,sg_total,0.6225072525676867,2024-01-21,-0.004982452977241129,4583,brabazon course at the belfry
18105,"Lawrence, Thriston",4011,himmerland golf & spa resort,sg_total,0.483840486467991,2022-09-04,-0.005200493763813335,4583,brabazon course at the belfry
18105,"Lawrence, Thriston",4372,al hamra gc,sg_total,0.6246898452608237,2024-01-28,-0.008679534553236137,4583,brabazon course at the belfry
18105,"Lawrence, Thriston",23,Muirfield Village Golf Club,sg_total,0.5546045176793348,2023-06-04,-0.009843071807569156,4583,brabazon course at the belfry
18105,"Lawrence, Thriston",4375,laguna national g&cc classic course,sg_total,0.6424283409681188,2024-03-24,-0.010808785184075355,4583,brabazon course at the belfry
18105,"Lawrence, Thriston",3981,emirates gc,sg_total,0.43409147291705774,2022-01-30,-0.011425518186652774,4583,brabazon course at the belfry
18105,"Lawrence, Thriston",4016,club de campo villa de madrid,sg_total,0.4923822171335323,2022-10-09,-0.011786100077520218,4583,brabazon course at the belfry
18105,"Lawrence, Thriston",4592,yas links,sg_total,0.8650222931107413,2025-11-09,-0.012573449107664654,4583,brabazon course at the belfry
18105,"Lawrence, Thriston",4786,circolo golf torino,sg_total,0.9709308776411942,2026-06-28,-0.012725370634887422,4583,brabazon course at the belfry
18105,"Lawrence, Thriston",4559,leopard creek cc,sg_total,0.733813771398553,2024-12-15,-0.017356101954329854,4583,brabazon course at the belfry
18105,"Lawrence, Thriston",925,Dunes Golf and Beach Club,sg_total,2.395575008859428,2026-05-10,-0.017721576111388918,4583,brabazon course at the belfry
18105,"Lawrence, Thriston",897,Memorial Park Golf Course,sg_total,0.7733682137654491,2025-03-30,-0.02366487925694839,4583,brabazon course at the belfry
18105,"Lawrence, Thriston",4402,le golf national,sg_total,0.7110589082064097,2024-10-13,-0.02412346156161787,4583,brabazon course at the belfry
18105,"Lawrence, Thriston",4731,houghton gc,sg_total,0.9180531430541589,2026-03-08,-0.029033273091605884,4583,brabazon course at the belfry
13498,"Lee, Junghwan",-1,Unknown,sg_total,18.19068292933158,2026-05-24,0.0716499033581954,4583,brabazon course at the belfry
13498,"Lee, Junghwan",4782,dlf g&cc player course,sg_total,0.9277434863285529,2026-03-29,0.021191876451916745,4583,brabazon course at the belfry
13498,"Lee, Junghwan",4302,jack nicklaus golf club korea,sg_total,0.544983369207548,2023-04-30,0.013811647248733681,4583,brabazon course at the belfry
13498,"Lee, Junghwan",4723,gary player cc,sg_total,0.8772177743910435,2025-12-07,0.01144004372074085,4583,brabazon course at the belfry
13498,"Lee, Junghwan",4786,circolo golf torino,sg_total,0.9709308776411942,2026-06-28,-0.011295877500055626,4583,brabazon course at the belfry
13498,"Lee, Junghwan",4724,royal johannesburg east course,sg_total,0.880293415834221,2025-12-14,-0.013475211986856436,4583,brabazon course at the belfry
13498,"Lee, Junghwan",4592,yas links,sg_total,0.8650222931107413,2025-11-09,-0.03941253558860581,4583,brabazon course at the belfry
13497,"Lee, K.H.",930,Black Desert Resort,sg_total,0.7110589082064097,2024-10-13,0.005409288154788405,4583,brabazon course at the belfry
13497,"Lee, K.H.",654,The Country Club,sg_total,0.46556665611623754,2022-06-19,0.005026682214436389,4583,brabazon course at the belfry
13497,"Lee, K.H.",503,TPC River Highlands,sg_total,1.4171152472338753,2023-06-25,0.0024906700906651242,4583,brabazon course at the belfry
13497,"Lee, K.H.",876,Detroit Golf Club,sg_total,1.0655145156896912,2024-06-30,0.002224537271546556,4583,brabazon course at the belfry
13497,"Lee, K.H.",734,PGA National Resort (The Champion),sg_total,0.4402114937235286,2022-02-27,0.002122631629105652,4583,brabazon course at the belfry
13497,"Lee, K.H.",875,ACCORDIA GOLF Narashino Country Club,sg_total,2.2183139481296372,2024-10-27,0.0019274307310403094,4583,brabazon course at the belfry
13497,"Lee, K.H.",928,PGA National  - Champion Course,sg_total,2.3131802036059317,2026-03-01,-0.0030770195735549542,4583,brabazon course at the belfry
13497,"Lee, K.H.",697,Ocean Course at Kiawah Island,sg_total,0.38270148738575926,2021-05-23,-0.008575570757991133,4583,brabazon course at the belfry
13497,"Lee, K.H.",978,Vidanta Vallarta,sg_total,1.3934490136424493,2025-02-23,-0.009023044907526642,4583,brabazon course at the belfry
13497,"Lee, K.H.",23,Muirfield Village Golf Club,sg_total,1.4023133829174594,2023-06-04,-0.01332662159975,4583,brabazon course at the belfry
13497,"Lee, K.H.",897,Memorial Park Golf Course,sg_total,2.3457924797238032,2026-03-29,-0.01828690156073752,4583,brabazon course at the belfry
13497,"Lee, K.H.",765,Port Royal Golf Course,sg_total,0.7236119579223822,2024-11-17,-0.031446272394944276,4583,brabazon course at the belfry
13497,"Lee, Kyoung-Hoon",734,PGA National Resort (The Champion),sg_total,0.9317312632450581,2021-03-21,0.01144791236294532,4583,brabazon course at the belfry
13497,"Lee, Kyoung-Hoon",700,TPC Boston,sg_total,0.3338711963680944,2020-08-23,0.011263269822796573,4583,brabazon course at the belfry
13497,"Lee, Kyoung-Hoon",503,TPC River Highlands,sg_total,0.5943376474367308,2020-06-28,0.008672006722001784,4583,brabazon course at the belfry
13497,"Lee, Kyoung-Hoon",233,Nicklaus Tournament Course,sg_total,0.3605949401730783,2021-01-24,0.008601467191015098,4583,brabazon course at the belfry
13497,"Lee, Kyoung-Hoon",23,Muirfield Village Golf Club,sg_total,0.2668683001870241,2019-06-02,0.004418374979127777,4583,brabazon course at the belfry
13497,"Lee, Kyoung-Hoon",876,Detroit Golf Club,sg_total,0.5964214737716065,2020-07-05,0.003280682890445403,4583,brabazon course at the belfry
13497,"Lee, Kyoung-Hoon",890,Tahoe Mountain Club (Old Greenwood),sg_total,0.33038388920839357,2020-08-02,0.0009620283051074043,4583,brabazon course at the belfry
13497,"Lee, Kyoung-Hoon",528,Pinehurst Resort & Country Club (Course No. 2),sg_total,0.10779758751767567,2014-06-15,0.0007116645862757318,4583,brabazon course at the belfry
13497,"Lee, Kyoung-Hoon",243,Trinity Forest Golf Club,sg_total,0.26408084279608046,2019-05-12,-0.0002773323950150088,4583,brabazon course at the belfry
13497,"Lee, Kyoung-Hoon",630,Fox Den CC,sg_total,0.41286140551310513,2018-05-13,-0.0009465092641625709,4583,brabazon course at the belfry
13497,"Lee, Kyoung-Hoon",897,Memorial Park Golf Course,sg_total,0.34697588400329366,2020-11-08,-0.0027382867812869366,4583,brabazon course at the belfry
13497,"Lee, Kyoung-Hoon",800,The Abaco Club on Winding Bay,sg_total,0.38223563254007664,2018-01-24,-0.0027625073902752774,4583,brabazon course at the belfry
13497,"Lee, Kyoung-Hoon",765,Port Royal Golf Course,sg_total,0.633992584216665,2020-11-01,-0.010196519124891171,4583,brabazon course at the belfry
13497,"Lee, Kyoung-Hoon",-1,Unknown,sg_total,1.7361209848565395,2025-11-23,-0.04757382236957839,4583,brabazon course at the belfry
13497,"Lee, Kyounghoon",43,The Los Angeles Country Club (North Course),sg_total,0.5585003688742262,2023-06-18,-0.02048220463631639,4583,brabazon course at the belfry
10418,"Lemke, Niklas",4485,hangzhou west lake golf club,sg_total,0.7135519747065024,2024-10-20,0.02006628135923624,4583,brabazon course at the belfry
10418,"Lemke, Niklas",4582,furesø golf klub,sg_total,0.8294437363854039,2025-08-17,0.018695194666106925,4583,brabazon course at the belfry
10418,"Lemke, Niklas",4484,royal óbidos spa & golf resort,sg_total,0.7011734432085724,2024-09-15,0.017251965344522776,4583,brabazon course at the belfry
10418,"Lemke, Niklas",4221,galgorm castle golf club,sg_total,0.5763731489488771,2023-08-20,0.015872709435582527,4583,brabazon course at the belfry
10418,"Lemke, Niklas",4489,golf saint apollinaire,sg_total,0.7060988762143844,2024-09-29,0.01581443852784218,4583,brabazon course at the belfry
10418,"Lemke, Niklas",4534,infinitum golf lakes course,sg_total,0.7221661802661196,2024-11-13,0.015677061755145934,4583,brabazon course at the belfry
10418,"Lemke, Niklas",4517,iberostar real club de golf novo sancti petri,sg_total,0.6676441212689289,2024-06-09,0.01557004562448847,4583,brabazon course at the belfry
10418,"Lemke, Niklas",934,Hurstbourne Country Club,sg_total,0.9777512371933363,2026-07-12,0.01453905654230755,4583,brabazon course at the belfry
10418,"Lemke, Niklas",4809,royal johannesburg east course (par 70),sg_total,0.880293415834221,2025-12-14,0.011378807024915595,4583,brabazon course at the belfry
10418,"Lemke, Niklas",3972,golf santa ponsa,sg_total,0.41333370907465194,2021-10-24,0.010147858213153012,4583,brabazon course at the belfry
10418,"Lemke, Niklas",4011,himmerland golf & spa resort,sg_total,0.483840486467991,2022-09-04,0.009321202645229103,4583,brabazon course at the belfry
10418,"Lemke, Niklas",4227,le golf national,sg_total,0.5865484532875249,2023-09-24,0.009041505429659612,4583,brabazon course at the belfry
10418,"Lemke, Niklas",4619,regnum carya golf & spa resort,sg_total,0.7897806739328027,2025-05-11,0.00897487095385263,4583,brabazon course at the belfry
10418,"Lemke, Niklas",4207,golfclub münchen eichenried,sg_total,0.5604585449744904,2023-06-25,0.008786607767991705,4583,brabazon course at the belfry
10418,"Lemke, Niklas",4563,sanya luhuitou gc,sg_total,0.7110589082064097,2024-10-13,0.00866273755600945,4583,brabazon course at the belfry
10418,"Lemke, Niklas",4016,club de campo villa de madrid,sg_total,0.4923822171335323,2022-10-09,0.006597335474011132,4583,brabazon course at the belfry
10418,"Lemke, Niklas",3792,hills golf & sports club,sg_total,0.27831547681864865,2019-08-25,0.006543866513992607,4583,brabazon course at the belfry
10418,"Lemke, Niklas",4035,royal cape golf club,sg_total,0.4386734466479678,2022-02-20,0.006298633557842544,4583,brabazon course at the belfry
10418,"Lemke, Niklas",3898,randpark gc firethorn course,sg_total,0.647908861828359,2020-11-22,0.0058443230707595105,4583,brabazon course at the belfry
10418,"Lemke, Niklas",4786,circolo golf torino,sg_total,0.9709308776411942,2026-06-28,0.004779068810499261,4583,brabazon course at the belfry
10418,"Lemke, Niklas",3769,royal greens,sg_total,0.25145279522530517,2019-02-03,0.004680895049444325,4583,brabazon course at the belfry
10418,"Lemke, Niklas",3519,barsebäck g&cc,sg_total,0.18544443195597088,2017-06-04,0.00454996008117264,4583,brabazon course at the belfry
10418,"Lemke, Niklas",3903,13th beach gc beach course,sg_total,0.30270395418214285,2020-02-09,0.002886458501902742,4583,brabazon course at the belfry
10418,"Lemke, Niklas",4584,crans-sur-sierre gc,sg_total,0.835270211411272,2025-08-31,0.0028669647220020884,4583,brabazon course at the belfry
10418,"Lemke, Niklas",4621,gut altentann gc,sg_total,0.798117060447891,2025-06-01,0.002020432788017089,4583,brabazon course at the belfry
10418,"Lemke, Niklas",3779,royal golf dar es salam red course,sg_total,0.2622387318069171,2019-04-28,0.0013295134636699421,4583,brabazon course at the belfry
10418,"Lemke, Niklas",3774,doha gc,sg_total,0.25589194844208374,2019-03-10,0.0006919157566669898,4583,brabazon course at the belfry
10418,"Lemke, Niklas",3802,dom pedro victoria golf course,sg_total,0.28722195492640357,2019-10-27,-0.00040979103128978024,4583,brabazon course at the belfry
10418,"Lemke, Niklas",4486,kaskáda golf resort,sg_total,0.669984969788664,2024-06-16,-0.0014997734499757767,4583,brabazon course at the belfry
10418,"Lemke, Niklas",4183,mont choisy le golf,sg_total,0.5099207283259416,2022-12-18,-0.001609177620429231,4583,brabazon course at the belfry
10418,"Lemke, Niklas",4076,zebula golf estate  spa,sg_total,0.3433516974975665,2020-10-18,-0.001839269956498701,4583,brabazon course at the belfry
10418,"Lemke, Niklas",3765,randpark gc firethorn course,sg_total,0.2445097728767429,2018-12-09,-0.0019509076060907208,4583,brabazon course at the belfry
10418,"Lemke, Niklas",3793,crans-sur-sierre gc,sg_total,0.2792912876603469,2019-09-01,-0.002187639116708486,4583,brabazon course at the belfry
10418,"Lemke, Niklas",3876,crans-sur-sierre gc,sg_total,0.4019208903110026,2021-08-29,-0.002597577894003797,4583,brabazon course at the belfry
10418,"Lemke, Niklas",4529,argentario gc,sg_total,0.7036318499619978,2024-09-22,-0.0030236644131901433,4583,brabazon course at the belfry
10418,"Lemke, Niklas",3862,himmerland golf & spa resort,sg_total,0.647201464831364,2021-05-30,-0.0030366775996433543,4583,brabazon course at the belfry
10418,"Lemke, Niklas",4075,doha gc,sg_total,0.4464177973920421,2022-03-27,-0.008783681672467437,4583,brabazon course at the belfry
10418,"Lemke, Niklas",3906,al mouj golf,sg_total,0.305899090813104,2020-03-01,-0.01191760427527323,4583,brabazon course at the belfry
10418,"Lemke, Niklas",4827,blackstone course mission hills,sg_total,0.9245020599315531,2026-03-22,-0.08345805358220997,4583,brabazon course at the belfry
14973,"Levy, Alexander",934,Hurstbourne Country Club,sg_total,0.8150547419175087,2025-07-13,0.022998334224246856,4583,brabazon course at the belfry
14973,"Levy, Alexander",4621,gut altentann gc,sg_total,0.798117060447891,2025-06-01,0.018097081163738035,4583,brabazon course at the belfry
14973,"Levy, Alexander",4517,iberostar real club de golf novo sancti petri,sg_total,0.6676441212689289,2024-06-09,0.015895688337271625,4583,brabazon course at the belfry
14973,"Levy, Alexander",4227,le golf national,sg_total,0.5865484532875249,2023-09-24,0.015115157996571415,4583,brabazon course at the belfry
14973,"Levy, Alexander",4489,golf saint apollinaire,sg_total,0.7060988762143844,2024-09-29,0.011709105132448999,4583,brabazon course at the belfry
14973,"Levy, Alexander",3876,crans-sur-sierre gc,sg_total,0.4019208903110026,2021-08-29,0.008348835558487372,4583,brabazon course at the belfry
14973,"Levy, Alexander",4302,jack nicklaus golf club korea,sg_total,0.544983369207548,2023-04-30,0.0077697510515214304,4583,brabazon course at the belfry
14973,"Levy, Alexander",3769,royal greens,sg_total,0.25145279522530517,2019-02-03,0.006875740380734134,4583,brabazon course at the belfry
14973,"Levy, Alexander",3792,hills golf & sports club,sg_total,0.27831547681864865,2019-08-25,0.006449757609276652,4583,brabazon course at the belfry
14973,"Levy, Alexander",4076,zebula golf estate  spa,sg_total,0.3433516974975665,2020-10-18,0.006194174253985595,4583,brabazon course at the belfry
14973,"Levy, Alexander",4200,yas links,sg_total,0.5189228801589404,2023-01-22,0.005865677685009861,4583,brabazon course at the belfry
14973,"Levy, Alexander",4369,la reserve gc,sg_total,0.6117081434533598,2023-12-17,0.005387473341909226,4583,brabazon course at the belfry
14973,"Levy, Alexander",3637,emirates gc,sg_total,0.20887902966927693,2018-01-28,0.005196103074075615,4583,brabazon course at the belfry
14973,"Levy, Alexander",4584,crans-sur-sierre gc,sg_total,0.835270211411272,2025-08-31,0.004863040534201836,4583,brabazon course at the belfry
14973,"Levy, Alexander",4207,golfclub münchen eichenried,sg_total,0.5604585449744904,2023-06-25,0.0047013787136358665,4583,brabazon course at the belfry
14973,"Levy, Alexander",3674,regnum carya golf & spa resort,sg_total,0.2402680749592907,2018-11-04,0.004578033058506381,4583,brabazon course at the belfry
14973,"Levy, Alexander",890,Tahoe Mountain Club (Old Greenwood),sg_total,0.5683601467575404,2023-07-23,0.004201556201203718,4583,brabazon course at the belfry
14973,"Levy, Alexander",4486,kaskáda golf resort,sg_total,0.669984969788664,2024-06-16,0.003044950698153225,4583,brabazon course at the belfry
14973,"Levy, Alexander",4603,kingsbarns golf links,sg_total,0.8500160902253981,2025-10-05,0.002837996749492478,4583,brabazon course at the belfry
14973,"Levy, Alexander",3906,al mouj golf,sg_total,0.305899090813104,2020-03-01,0.002749036533899471,4583,brabazon course at the belfry
14973,"Levy, Alexander",3519,barsebäck g&cc,sg_total,0.18544443195597088,2017-06-04,0.0017642317916107578,4583,brabazon course at the belfry
14973,"Levy, Alexander",4186,emirates gc,sg_total,0.520742292353521,2023-01-29,-3.5282726950613996e-06,4583,brabazon course at the belfry
14973,"Levy, Alexander",3650,wentworth golf club,sg_total,0.22168451753581914,2018-05-27,-0.0006690451389826541,4583,brabazon course at the belfry
14973,"Levy, Alexander",3901,royal greens,sg_total,0.664774302223504,2021-02-07,-0.0008886074198710326,4583,brabazon course at the belfry
14973,"Levy, Alexander",3678,walton heath gc,sg_total,0.2377584587145598,2018-10-14,-0.0010410655052474891,4583,brabazon course at the belfry
14973,"Levy, Alexander",4485,hangzhou west lake golf club,sg_total,0.7135519747065024,2024-10-20,-0.0012385906642808236,4583,brabazon course at the belfry
14973,"Levy, Alexander",658,Carnoustie GC,sg_total,0.22797940113688214,2018-07-22,-0.0013450725082915923,4583,brabazon course at the belfry
14973,"Levy, Alexander",4377,genzon gc,sg_total,0.6560619883935562,2024-05-05,-0.001374437557854961,4583,brabazon course at the belfry
14973,"Levy, Alexander",3793,crans-sur-sierre gc,sg_total,0.2792912876603469,2019-09-01,-0.00261184516423721,4583,brabazon course at the belfry
14973,"Levy, Alexander",3779,royal golf dar es salam red course,sg_total,0.2622387318069171,2019-04-28,-0.0030407571025017283,4583,brabazon course at the belfry
14973,"Levy, Alexander",3981,emirates gc,sg_total,0.43409147291705774,2022-01-30,-0.003598754329662864,4583,brabazon course at the belfry
14973,"Levy, Alexander",3898,randpark gc firethorn course,sg_total,0.34941323597069013,2020-11-22,-0.004278390947684878,4583,brabazon course at the belfry
14973,"Levy, Alexander",3802,dom pedro victoria golf course,sg_total,0.28722195492640357,2019-10-27,-0.005652391355397124,4583,brabazon course at the belfry
14973,"Levy, Alexander",3862,himmerland golf & spa resort,sg_total,0.647201464831364,2021-05-30,-0.006159963615396853,4583,brabazon course at the belfry
14973,"Levy, Alexander",618,Shinnecock Hills Golf Club,sg_total,0.22402446821274175,2018-06-17,-0.007052448475733486,4583,brabazon course at the belfry
14973,"Levy, Alexander",3943,meloneras golf,sg_total,0.37738099689684185,2021-04-25,-0.00721486784787263,4583,brabazon course at the belfry
14973,"Levy, Alexander",4529,argentario gc,sg_total,0.7036318499619978,2024-09-22,-0.008769889478258687,4583,brabazon course at the belfry
14973,"Levy, Alexander",4487,golf bluegreen de pléneuf val andré,sg_total,0.6723340256326573,2024-06-23,-0.0096820449610343,4583,brabazon course at the belfry
14973,"Levy, Alexander",4230,kingsbarns golf links,sg_total,0.5906686964874246,2023-10-08,-0.00983011241402167,4583,brabazon course at the belfry
14973,"Levy, Alexander",4619,regnum carya golf & spa resort,sg_total,0.7897806739328027,2025-05-11,-0.010431948695497099,4583,brabazon course at the belfry
14973,"Levy, Alexander",4559,leopard creek cc,sg_total,0.733813771398553,2024-12-15,-0.014366266578788369,4583,brabazon course at the belfry
14973,"Levy, Alexander",4382,rinkven international gc,sg_total,0.6629869316007273,2024-05-26,-0.017931420268346678,4583,brabazon course at the belfry
14973,"Levy, Alexander",4358,royal queensland gc,sg_total,0.6053188106462242,2023-11-26,-0.018959155054389026,4583,brabazon course at the belfry
14973,"Levy, Alexander",4237,club at steyn city,sg_total,0.5355291261520809,2023-03-26,-0.01961063306661427,4583,brabazon course at the belfry
14973,"Levy, Alexander",4582,furesø golf klub,sg_total,0.8294437363854039,2025-08-17,-0.02274268190854739,4583,brabazon course at the belfry
14973,"Levy, Alexander",4484,royal óbidos spa & golf resort,sg_total,0.7011734432085724,2024-09-15,-0.024943899594421323,4583,brabazon course at the belfry
14973,"Levy, Alexander",4563,sanya luhuitou gc,sg_total,0.7110589082064097,2024-10-13,-0.029412963787702737,4583,brabazon course at the belfry
14973,"Levy, Alexander",4817,national gc,sg_total,0.9441218903864221,2026-05-03,-0.03308152765443251,4583,brabazon course at the belfry
15310,"Li, HaoTong",618,Shinnecock Hills Golf Club,sg_total,0.22402446821274175,2018-06-17,0.004518191181095582,4583,brabazon course at the belfry
15310,"Li, HaoTong",658,Carnoustie GC,sg_total,0.22797940113688214,2018-07-22,0.0027351607975217482,4583,brabazon course at the belfry
15310,"Li, HaoTong",800,The Abaco Club on Winding Bay,sg_total,0.19819576987963633,2017-10-15,0.00014760118870346502,4583,brabazon course at the belfry
15310,"Li, Haotong",4371,emirates gc,sg_total,0.6225072525676867,2024-01-21,0.030187277503654273,4583,brabazon course at the belfry
15310,"Li, Haotong",4619,regnum carya golf & spa resort,sg_total,0.7897806739328027,2025-05-11,0.016701348401750367,4583,brabazon course at the belfry
15310,"Li, Haotong",4593,jumeirah golf estates,sg_total,0.8680551755848918,2025-11-16,0.01562775255846865,4583,brabazon course at the belfry
15310,"Li, Haotong",4375,laguna national g&cc classic course,sg_total,0.6424283409681188,2024-03-24,0.014901592167973206,4583,brabazon course at the belfry
15310,"Li, Haotong",4402,le golf national,sg_total,0.7110589082064097,2024-10-13,0.01375202125361539,4583,brabazon course at the belfry
15310,"Li, Haotong",-1,Unknown,sg_total,3.275628928942864,2025-10-19,0.013136761262670858,4583,brabazon course at the belfry
15310,"Li, Haotong",4723,gary player cc,sg_total,0.8772177743910435,2025-12-07,0.013111707393712445,4583,brabazon course at the belfry
15310,"Li, Haotong",3981,emirates gc,sg_total,0.43409147291705774,2022-01-30,0.013107407184462986,4583,brabazon course at the belfry
15310,"Li, Haotong",4377,genzon gc,sg_total,0.6560619883935562,2024-05-05,0.009990921912012753,4583,brabazon course at the belfry
15310,"Li, Haotong",4372,al hamra gc,sg_total,0.6246898452608237,2024-01-28,0.008450044394666324,4583,brabazon course at the belfry
15310,"Li, Haotong",773,Aronimink Golf Club,sg_total,0.9507539286723269,2026-05-17,0.008259196820242768,4583,brabazon course at the belfry
15310,"Li, Haotong",3637,emirates gc,sg_total,0.20887902966927693,2018-01-28,0.008004993130811176,4583,brabazon course at the belfry
15310,"Li, Haotong",3674,regnum carya golf & spa resort,sg_total,0.2402680749592907,2018-11-04,0.007186899101194644,4583,brabazon course at the belfry
15310,"Li, Haotong",4023,jumeirah golf estates,sg_total,0.5028315779709409,2022-11-20,0.0071605668632304,4583,brabazon course at the belfry
15310,"Li, Haotong",3769,royal greens,sg_total,0.25145279522530517,2019-02-03,0.007059446812094546,4583,brabazon course at the belfry
15310,"Li, Haotong",4592,yas links,sg_total,0.8650222931107413,2025-11-09,0.005566878276286061,4583,brabazon course at the belfry
15310,"Li, Haotong",4584,crans-sur-sierre gc,sg_total,0.835270211411272,2025-08-31,0.005183816881877379,4583,brabazon course at the belfry
15310,"Li, Haotong",3544,verdura gc,sg_total,0.1841508537381482,2017-05-21,0.004432634993582575,4583,brabazon course at the belfry
15310,"Li, Haotong",3671,carnoustie,sg_total,0.23692775868212176,2018-10-07,0.004344582289998807,4583,brabazon course at the belfry
15310,"Li, Haotong",4621,gut altentann gc,sg_total,0.798117060447891,2025-06-01,0.004225729063034746,4583,brabazon course at the belfry
15310,"Li, Haotong",928,PGA National  - Champion Course,sg_total,0.9148455735744521,2026-03-01,0.004107344398518031,4583,brabazon course at the belfry
15310,"Li, Haotong",3906,al mouj golf,sg_total,0.305899090813104,2020-03-01,0.0027260373505516625,4583,brabazon course at the belfry
15310,"Li, Haotong",3494,hong kong gc,sg_total,0.2024018907423617,2017-11-26,0.0017331162414083395,4583,brabazon course at the belfry
15310,"Li, Haotong",3650,wentworth golf club,sg_total,0.22168451753581914,2018-05-27,0.0017020901834071684,4583,brabazon course at the belfry
15310,"Li, Haotong",3678,walton heath gc,sg_total,0.2377584587145598,2018-10-14,0.001407036883547366,4583,brabazon course at the belfry
15310,"Li, Haotong",3519,barsebäck g&cc,sg_total,0.18544443195597088,2017-06-04,0.0013095929226058858,4583,brabazon course at the belfry
15310,"Li, Haotong",3901,royal greens,sg_total,0.664774302223504,2021-02-07,0.00124961548798366,4583,brabazon course at the belfry
15310,"Li, Haotong",4030,gary player cc,sg_total,0.5010747437014489,2022-11-13,-0.0019318978219623774,4583,brabazon course at the belfry
15310,"Li, Haotong",3807,jumeirah golf estates,sg_total,0.2912713418641669,2019-11-24,-0.003171457235697513,4583,brabazon course at the belfry
15310,"Li, Haotong",897,Memorial Park Golf Course,sg_total,0.9277434863285529,2026-03-29,-0.007678634514366981,4583,brabazon course at the belfry
15310,"Li, Haotong",3904,13th beach gc creek course,sg_total,0.30270395418214285,2020-02-09,-0.0086785623995901,4583,brabazon course at the belfry
15310,"Li, Haotong",4302,jack nicklaus golf club korea,sg_total,0.544983369207548,2023-04-30,-0.009676314827567683,4583,brabazon course at the belfry
15310,"Li, Haotong",947,Detroit Golf Club,sg_total,0.9880717128619305,2026-08-02,-0.010002921751905884,4583,brabazon course at the belfry
15310,"Li, Haotong",23,Muirfield Village Golf Club,sg_total,0.9803373736223134,2021-06-06,-0.010090123524272555,4583,brabazon course at the belfry
15310,"Li, Haotong",925,Dunes Golf and Beach Club,sg_total,0.9474321065017983,2026-05-10,-0.014047055638897514,4583,brabazon course at the belfry
15310,"Li, Haotong",3862,himmerland golf & spa resort,sg_total,0.647201464831364,2021-05-30,-0.014492539335356283,4583,brabazon course at the belfry
15310,"Li, Haotong",4207,golfclub münchen eichenried,sg_total,0.5604585449744904,2023-06-25,-0.029350617551172815,4583,brabazon course at the belfry
15310,"Li, Haotong",4200,yas links,sg_total,0.5189228801589404,2023-01-22,-0.03143821690350221,4583,brabazon course at the belfry
15310,"Li, Haotong",714,TPC Louisiana,sg_total,0.9408232397760097,2026-04-26,-0.03717765670164759,4583,brabazon course at the belfry
15310,"Li, Haotong",4227,le golf national,sg_total,0.5865484532875249,2023-09-24,-0.04301145809371702,4583,brabazon course at the belfry
20084,"Lindberg, Mikael",4582,furesø golf klub,sg_total,0.8294437363854039,2025-08-17,0.03267077607240781,4583,brabazon course at the belfry
20084,"Lindberg, Mikael",4817,national gc,sg_total,0.9441218903864221,2026-05-03,0.026842446211161757,4583,brabazon course at the belfry
20084,"Lindberg, Mikael",4603,kingsbarns golf links,sg_total,0.8500160902253981,2025-10-05,0.026766102684278228,4583,brabazon course at the belfry
20084,"Lindberg, Mikael",4584,crans-sur-sierre gc,sg_total,0.835270211411272,2025-08-31,0.019955877223207998,4583,brabazon course at the belfry
20084,"Lindberg, Mikael",4724,royal johannesburg east course,sg_total,0.880293415834221,2025-12-14,0.017324527613048417,4583,brabazon course at the belfry
20084,"Lindberg, Mikael",4207,golfclub münchen eichenried,sg_total,0.5604585449744904,2023-06-25,0.014856059845809202,4583,brabazon course at the belfry
20084,"Lindberg, Mikael",4063,golf international de pont royal,sg_total,0.4906618916992401,2022-10-02,0.010222906790735935,4583,brabazon course at the belfry
20084,"Lindberg, Mikael",4619,regnum carya golf & spa resort,sg_total,0.7897806739328027,2025-05-11,0.010052987792149614,4583,brabazon course at the belfry
20084,"Lindberg, Mikael",4104,iberostar real club de golf novo sancti petri,sg_total,0.4590941362868942,2022-05-22,0.009858726153850212,4583,brabazon course at the belfry
20084,"Lindberg, Mikael",4049,golf blue green de pléneuf val andré,sg_total,0.4671989943381879,2022-06-26,0.00933621067122804,4583,brabazon course at the belfry
20084,"Lindberg, Mikael",773,Aronimink Golf Club,sg_total,0.9507539286723269,2026-05-17,0.00706989406854221,4583,brabazon course at the belfry
20084,"Lindberg, Mikael",4592,yas links,sg_total,0.8650222931107413,2025-11-09,0.0051828780917342965,4583,brabazon course at the belfry
20084,"Lindberg, Mikael",4485,hangzhou west lake golf club,sg_total,0.7135519747065024,2024-10-20,0.003731332652947819,4583,brabazon course at the belfry
20084,"Lindberg, Mikael",4186,emirates gc,sg_total,0.520742292353521,2023-01-29,0.0033231146767815664,4583,brabazon course at the belfry
20084,"Lindberg, Mikael",4055,vierumäki resort,sg_total,0.4771139155210344,2022-08-07,0.0032057083180184577,4583,brabazon course at the belfry
20084,"Lindberg, Mikael",4517,iberostar real club de golf novo sancti petri,sg_total,0.6676441212689289,2024-06-09,0.0030461535463216015,4583,brabazon course at the belfry
20084,"Lindberg, Mikael",4227,le golf national,sg_total,0.5865484532875249,2023-09-24,0.002953808306312102,4583,brabazon course at the belfry
20084,"Lindberg, Mikael",890,Tahoe Mountain Club (Old Greenwood),sg_total,0.5683601467575404,2023-07-23,0.001755561586762375,4583,brabazon course at the belfry
20084,"Lindberg, Mikael",4237,club at steyn city,sg_total,0.5355291261520809,2023-03-26,0.0015540197106672698,4583,brabazon course at the belfry
20084,"Lindberg, Mikael",4056,frederikshavn golfklub,sg_total,0.47878673996045235,2022-08-14,0.0009812028642094603,4583,brabazon course at the belfry
20084,"Lindberg, Mikael",4076,zebula golf estate  spa,sg_total,0.4464177973920421,2022-03-27,0.0009544558944577984,4583,brabazon course at the belfry
20084,"Lindberg, Mikael",3926,hinton golf club,sg_total,0.3813643734941895,2021-05-16,0.0006067247964622708,4583,brabazon course at the belfry
20084,"Lindberg, Mikael",4200,yas links,sg_total,0.5189228801589404,2023-01-22,-0.0007202795738403431,4583,brabazon course at the belfry
20084,"Lindberg, Mikael",3916,vierumäki resort,sg_total,0.39772279950933415,2021-08-08,-0.000744279202564298,4583,brabazon course at the belfry
20084,"Lindberg, Mikael",4181,blair atholl golf & equestrian estate,sg_total,0.5063637471859777,2022-12-04,-0.0022128169606451145,4583,brabazon course at the belfry
20084,"Lindberg, Mikael",4066,club de golf alcanada,sg_total,0.4993240476038332,2022-11-06,-0.0030926964535305363,4583,brabazon course at the belfry
20084,"Lindberg, Mikael",4230,kingsbarns golf links,sg_total,0.5906686964874246,2023-10-08,-0.003295370948988814,4583,brabazon course at the belfry
20084,"Lindberg, Mikael",4487,golf bluegreen de pléneuf val andré,sg_total,0.6723340256326573,2024-06-23,-0.0038134780124335064,4583,brabazon course at the belfry
20084,"Lindberg, Mikael",4621,gut altentann gc,sg_total,0.798117060447891,2025-06-01,-0.004163064814167586,4583,brabazon course at the belfry
20084,"Lindberg, Mikael",4302,jack nicklaus golf club korea,sg_total,0.544983369207548,2023-04-30,-0.006036948196305248,4583,brabazon course at the belfry
20084,"Lindberg, Mikael",4563,sanya luhuitou gc,sg_total,0.7110589082064097,2024-10-13,-0.006278032775086767,4583,brabazon course at the belfry
20084,"Lindberg, Mikael",934,Hurstbourne Country Club,sg_total,0.8150547419175087,2025-07-13,-0.0063943051664203535,4583,brabazon course at the belfry
20084,"Lindberg, Mikael",4484,royal óbidos spa & golf resort,sg_total,0.7011734432085724,2024-09-15,-0.008880521954700188,4583,brabazon course at the belfry
20084,"Lindberg, Mikael",4183,mont choisy le golf,sg_total,0.5099207283259416,2022-12-18,-0.010389762146723805,4583,brabazon course at the belfry
20084,"Lindberg, Mikael",4782,dlf g&cc player course,sg_total,0.9277434863285529,2026-03-29,-0.012148959563163102,4583,brabazon course at the belfry
20084,"Lindberg, Mikael",4062,golf saint apollinaire,sg_total,0.4889475768792571,2022-09-25,-0.014610290806311314,4583,brabazon course at the belfry
20084,"Lindberg, Mikael",4786,circolo golf torino,sg_total,0.9709308776411942,2026-06-28,-0.01705179604804134,4583,brabazon course at the belfry
20084,"Lindberg, Mikael",4529,argentario gc,sg_total,0.7036318499619978,2024-09-22,-0.01922480525540458,4583,brabazon course at the belfry
20084,"Lindberg, Mikael",4559,leopard creek cc,sg_total,0.733813771398553,2024-12-15,-0.021708290302712326,4583,brabazon course at the belfry
20085,"Lindell, Oliver",4563,sanya luhuitou gc,sg_total,0.7110589082064097,2024-10-13,0.016778419985152945,4583,brabazon course at the belfry
20085,"Lindell, Oliver",4485,hangzhou west lake golf club,sg_total,0.7135519747065024,2024-10-20,0.01409658675787971,4583,brabazon course at the belfry
20085,"Lindell, Oliver",4342,infinitum golf lakes course,sg_total,0.6019986958727488,2023-11-15,0.013974934945939668,4583,brabazon course at the belfry
20085,"Lindell, Oliver",4489,golf saint apollinaire,sg_total,0.7060988762143844,2024-09-29,0.013328164035031662,4583,brabazon course at the belfry
20085,"Lindell, Oliver",4582,furesø golf klub,sg_total,0.8294437363854039,2025-08-17,0.013096492457458163,4583,brabazon course at the belfry
20085,"Lindell, Oliver",4529,argentario gc,sg_total,0.7036318499619978,2024-09-22,0.012758024869102033,4583,brabazon course at the belfry
20085,"Lindell, Oliver",4782,dlf g&cc player course,sg_total,0.9277434863285529,2026-03-29,0.010865424005864514,4583,brabazon course at the belfry
20085,"Lindell, Oliver",4486,kaskáda golf resort,sg_total,0.669984969788664,2024-06-16,0.010096580756057825,4583,brabazon course at the belfry
20085,"Lindell, Oliver",4484,royal óbidos spa & golf resort,sg_total,0.7011734432085724,2024-09-15,0.009760184647161507,4583,brabazon course at the belfry
20085,"Lindell, Oliver",4621,gut altentann gc,sg_total,0.798117060447891,2025-06-01,0.00812595373960134,4583,brabazon course at the belfry
20085,"Lindell, Oliver",4786,circolo golf torino,sg_total,0.9709308776411942,2026-06-28,0.007891714833801603,4583,brabazon course at the belfry
20085,"Lindell, Oliver",4584,crans-sur-sierre gc,sg_total,0.835270211411272,2025-08-31,0.007349677402005839,4583,brabazon course at the belfry
20085,"Lindell, Oliver",4634,victoria gc,sg_total,0.7286950115597843,2024-12-01,0.006467345070580921,4583,brabazon course at the belfry
20085,"Lindell, Oliver",4104,iberostar real club de golf novo sancti petri,sg_total,0.4590941362868942,2022-05-22,0.006166345675240397,4583,brabazon course at the belfry
20085,"Lindell, Oliver",4619,regnum carya golf & spa resort,sg_total,0.7897806739328027,2025-05-11,0.006145535517865348,4583,brabazon course at the belfry
20085,"Lindell, Oliver",4517,iberostar real club de golf novo sancti petri,sg_total,0.6676441212689289,2024-06-09,0.004316426910553796,4583,brabazon course at the belfry
20085,"Lindell, Oliver",3651,diamond cc,sg_total,0.3269330072071321,2020-07-12,0.003655639094365231,4583,brabazon course at the belfry
20085,"Lindell, Oliver",4150,st. mellion estate,sg_total,0.4923822171335323,2022-10-09,0.003174016403594673,4583,brabazon course at the belfry
20085,"Lindell, Oliver",3916,vierumäki resort,sg_total,0.39772279950933415,2021-08-08,0.0023589443998268747,4583,brabazon course at the belfry
20085,"Lindell, Oliver",4559,leopard creek cc,sg_total,0.733813771398553,2024-12-15,0.00017226273685469037,4583,brabazon course at the belfry
20085,"Lindell, Oliver",3544,verdura gc,sg_total,0.22013814453292976,2018-05-13,5.192164728756424e-05,4583,brabazon course at the belfry
20085,"Lindell, Oliver",4827,blackstone course mission hills,sg_total,0.9245020599315531,2026-03-22,-0.001100428082534917,4583,brabazon course at the belfry
20085,"Lindell, Oliver",4593,jumeirah golf estates,sg_total,0.8680551755848918,2025-11-16,-0.0016296555855275954,4583,brabazon course at the belfry
20085,"Lindell, Oliver",4266,gc adamstal,sg_total,0.5663743633919324,2023-07-16,-0.0016511470779550256,4583,brabazon course at the belfry
20085,"Lindell, Oliver",4056,frederikshavn golfklub,sg_total,0.47878673996045235,2022-08-14,-0.0020058767056964364,4583,brabazon course at the belfry
20085,"Lindell, Oliver",4055,vierumäki resort,sg_total,0.4771139155210344,2022-08-07,-0.004549174773123843,4583,brabazon course at the belfry
20085,"Lindell, Oliver",4592,yas links,sg_total,0.8650222931107413,2025-11-09,-0.006486881676330377,4583,brabazon course at the belfry
20085,"Lindell, Oliver",4271,askersunds golfklubb,sg_total,0.5783939893780083,2023-08-27,-0.006583790987232413,4583,brabazon course at the belfry
20085,"Lindell, Oliver",4062,golf saint apollinaire,sg_total,0.4889475768792571,2022-09-25,-0.006850844770231768,4583,brabazon course at the belfry
20085,"Lindell, Oliver",4723,gary player cc,sg_total,0.8772177743910435,2025-12-07,-0.008130562705876462,4583,brabazon course at the belfry
20085,"Lindell, Oliver",4724,royal johannesburg east course,sg_total,0.880293415834221,2025-12-14,-0.009023334758581279,4583,brabazon course at the belfry
20085,"Lindell, Oliver",4817,national gc,sg_total,0.9441218903864221,2026-05-03,-0.00911426626913741,4583,brabazon course at the belfry
20085,"Lindell, Oliver",3649,rinkven international gc,sg_total,0.2209099779593782,2018-05-20,-0.012211428869087458,4583,brabazon course at the belfry
20085,"Lindell, Oliver",4063,golf international de pont royal,sg_total,0.4906618916992401,2022-10-02,-0.012685838016884174,4583,brabazon course at the belfry
20085,"Lindell, Oliver",4317,twentsche gc,sg_total,0.550735842216777,2023-05-21,-0.013771602412137533,4583,brabazon course at the belfry
20085,"Lindell, Oliver",4301,golf nazionale,sg_total,0.5643955181193583,2023-07-09,-0.013932130044138062,4583,brabazon course at the belfry
7960,"List, Luke",934,Hurstbourne Country Club,sg_total,1.792805979110845,2026-07-12,0.026170294319799926,4583,brabazon course at the belfry
7960,"List, Luke",875,ACCORDIA GOLF Narashino Country Club,sg_total,1.6234960655580022,2024-10-27,0.02551606914147041,4583,brabazon course at the belfry
7960,"List, Luke",714,TPC Louisiana,sg_total,2.268174015095069,2026-04-26,0.023704892889247157,4583,brabazon course at the belfry
7960,"List, Luke",23,Muirfield Village Golf Club,sg_total,2.405167165346107,2023-06-04,0.016606646476799426,4583,brabazon course at the belfry
7960,"List, Luke",503,TPC River Highlands,sg_total,1.9889303649506032,2023-06-25,0.009804934208233963,4583,brabazon course at the belfry
7960,"List, Luke",729,Golf Club of Houston,sg_total,0.9167353321057883,2019-10-13,0.009185740556575952,4583,brabazon course at the belfry
7960,"List, Luke",32,Glen Abbey GC,sg_total,0.44089836349456085,2017-07-30,0.008642470480073532,4583,brabazon course at the belfry
7960,"List, Luke",233,Nicklaus Tournament Course,sg_total,0.7321169994416334,2022-01-23,0.00701008798492729,4583,brabazon course at the belfry
7960,"List, Luke",734,PGA National Resort (The Champion),sg_total,1.5525906702747465,2021-03-21,0.0066886668031293775,4583,brabazon course at the belfry
7960,"List, Luke",800,The Abaco Club on Winding Bay,sg_total,0.19819576987963633,2017-10-15,0.003866527019066801,4583,brabazon course at the belfry
7960,"List, Luke",928,PGA National  - Champion Course,sg_total,1.3983346300314796,2025-03-02,0.0015024914258459207,4583,brabazon course at the belfry
7960,"List, Luke",658,Carnoustie GC,sg_total,0.22797940113688214,2018-07-22,0.0011035261349635818,4583,brabazon course at the belfry
7960,"List, Luke",773,Aronimink Golf Club,sg_total,0.23363388100414423,2018-09-09,-0.0005530965208532943,4583,brabazon course at the belfry
7960,"List, Luke",654,The Country Club,sg_total,0.46556665611623754,2022-06-19,-0.0005933842714082877,4583,brabazon course at the belfry
7960,"List, Luke",618,Shinnecock Hills Golf Club,sg_total,0.22402446821274175,2018-06-17,-0.002600902140449561,4583,brabazon course at the belfry
7960,"List, Luke",807,Lakewood National Golf Club - Commander Course,sg_total,0.9309962775948618,2026-04-05,-0.003318539531654418,4583,brabazon course at the belfry
7960,"List, Luke",43,The Los Angeles Country Club (North Course),sg_total,0.5585003688742262,2023-06-18,-0.0058594295986945984,4583,brabazon course at the belfry
7960,"List, Luke",700,TPC Boston,sg_total,0.7609793453866683,2020-08-23,-0.011981018853275719,4583,brabazon course at the belfry
7960,"List, Luke",978,Vidanta Vallarta,sg_total,1.3049353734564706,2025-02-23,-0.012140673481348195,4583,brabazon course at the belfry
7960,"List, Luke",925,Dunes Golf and Beach Club,sg_total,0.7897806739328027,2025-05-11,-0.014285381028335953,4583,brabazon course at the belfry
7960,"List, Luke",897,Memorial Park Golf Course,sg_total,2.6837961990979915,2025-03-30,-0.01447736332485578,4583,brabazon course at the belfry
7960,"List, Luke",876,Detroit Golf Club,sg_total,3.1183525948331914,2025-06-29,-0.029802155398458437,4583,brabazon course at the belfry
7960,"List, Luke",930,Black Desert Resort,sg_total,1.5700471889475334,2025-10-26,-0.030030435015994065,4583,brabazon course at the belfry
7960,"List, Luke",765,Port Royal Golf Course,sg_total,1.8149151414831748,2025-11-16,-0.032327253617406404,4583,brabazon course at the belfry
16897,"Lombard, Zander",4227,le golf national,sg_total,0.5865484532875249,2023-09-24,0.018273327575933213,4583,brabazon course at the belfry
16897,"Lombard, Zander",4237,club at steyn city,sg_total,0.5355291261520809,2023-03-26,0.013898376770883979,4583,brabazon course at the belfry
16897,"Lombard, Zander",4016,club de campo villa de madrid,sg_total,0.4923822171335323,2022-10-09,0.01375605939026362,4583,brabazon course at the belfry
16897,"Lombard, Zander",4017,real club valderrama,sg_total,0.4941085742561417,2022-10-16,0.011978215167792303,4583,brabazon course at the belfry
16897,"Lombard, Zander",4035,royal cape golf club,sg_total,0.4386734466479678,2022-02-20,0.009992492938808767,4583,brabazon course at the belfry
16897,"Lombard, Zander",4372,al hamra gc,sg_total,0.6246898452608237,2024-01-28,0.009989146800174183,4583,brabazon course at the belfry
16897,"Lombard, Zander",4371,emirates gc,sg_total,0.6225072525676867,2024-01-21,0.009510840125285507,4583,brabazon course at the belfry
16897,"Lombard, Zander",3792,hills golf & sports club,sg_total,0.27831547681864865,2019-08-25,0.009303355653863424,4583,brabazon course at the belfry
16897,"Lombard, Zander",4584,crans-sur-sierre gc,sg_total,0.835270211411272,2025-08-31,0.008428036921350258,4583,brabazon course at the belfry
16897,"Lombard, Zander",4011,himmerland golf & spa resort,sg_total,0.483840486467991,2022-09-04,0.008265825829053733,4583,brabazon course at the belfry
16897,"Lombard, Zander",3544,verdura gc,sg_total,0.404288998271078,2018-05-13,0.008234186762513683,4583,brabazon course at the belfry
16897,"Lombard, Zander",4236,jumeirah golf estates,sg_total,0.6032038980649524,2023-11-19,0.008180859405468885,4583,brabazon course at the belfry
16897,"Lombard, Zander",3972,golf santa ponsa,sg_total,0.41333370907465194,2021-10-24,0.007270121344426399,4583,brabazon course at the belfry
16897,"Lombard, Zander",3943,meloneras golf,sg_total,0.37738099689684185,2021-04-25,0.006986604736197615,4583,brabazon course at the belfry
16897,"Lombard, Zander",4230,kingsbarns golf links,sg_total,0.5906686964874246,2023-10-08,0.006852801074391298,4583,brabazon course at the belfry
16897,"Lombard, Zander",3898,randpark gc firethorn course,sg_total,0.34941323597069013,2020-11-22,0.006513849196487637,4583,brabazon course at the belfry
16897,"Lombard, Zander",4075,doha gc,sg_total,0.4464177973920421,2022-03-27,0.006296911569197965,4583,brabazon course at the belfry
16897,"Lombard, Zander",3906,al mouj golf,sg_total,0.305899090813104,2020-03-01,0.006283344425762603,4583,brabazon course at the belfry
16897,"Lombard, Zander",3769,royal greens,sg_total,0.25145279522530517,2019-02-03,0.006274025485322977,4583,brabazon course at the belfry
16897,"Lombard, Zander",4621,gut altentann gc,sg_total,0.798117060447891,2025-06-01,0.006145857762635204,4583,brabazon course at the belfry
16897,"Lombard, Zander",3765,randpark gc firethorn course,sg_total,0.2445097728767429,2018-12-09,0.00578685266010278,4583,brabazon course at the belfry
16897,"Lombard, Zander",4731,houghton gc,sg_total,0.9180531430541589,2026-03-08,0.005611197704266324,4583,brabazon course at the belfry
16897,"Lombard, Zander",4181,blair atholl golf & equestrian estate,sg_total,0.5063637471859777,2022-12-04,0.005324570916398262,4583,brabazon course at the belfry
16897,"Lombard, Zander",4454,links,sg_total,0.631283645506926,2024-02-18,0.004920380371529339,4583,brabazon course at the belfry
16897,"Lombard, Zander",4377,genzon gc,sg_total,0.6560619883935562,2024-05-05,0.003705563038813271,4583,brabazon course at the belfry
16897,"Lombard, Zander",4724,royal johannesburg east course,sg_total,0.880293415834221,2025-12-14,0.0036286070685054017,4583,brabazon course at the belfry
16897,"Lombard, Zander",658,Carnoustie GC,sg_total,0.22797940113688214,2018-07-22,0.002988952914647344,4583,brabazon course at the belfry
16897,"Lombard, Zander",3902,randpark gc bushwillow course,sg_total,0.2984956258576689,2020-01-12,0.0015553061226521497,4583,brabazon course at the belfry
16897,"Lombard, Zander",3793,crans-sur-sierre gc,sg_total,0.2792912876603469,2019-09-01,0.0014606858115761817,4583,brabazon course at the belfry
16897,"Lombard, Zander",3520,diamond cc,sg_total,0.18609462464127785,2017-06-11,0.001233144335882504,4583,brabazon course at the belfry
16897,"Lombard, Zander",3649,rinkven international gc,sg_total,0.2209099779593782,2018-05-20,0.000964759978553338,4583,brabazon course at the belfry
16897,"Lombard, Zander",3762,hong kong gc,sg_total,0.24280418100265946,2018-11-25,0.0007563674172843592,4583,brabazon course at the belfry
16897,"Lombard, Zander",3678,walton heath gc,sg_total,0.2377584587145598,2018-10-14,0.0004284401663207535,4583,brabazon course at the belfry
16897,"Lombard, Zander",3901,royal greens,sg_total,0.664774302223504,2021-02-07,0.00022823640517947064,4583,brabazon course at the belfry
16897,"Lombard, Zander",4827,blackstone course mission hills,sg_total,0.9245020599315531,2026-03-22,-0.0004573531178885243,4583,brabazon course at the belfry
16897,"Lombard, Zander",3651,diamond cc,sg_total,0.22324175312442318,2018-06-10,-0.000506871924571506,4583,brabazon course at the belfry
16897,"Lombard, Zander",3495,glendower gc,sg_total,0.17290724229171636,2017-01-15,-0.0006904388699114377,4583,brabazon course at the belfry
16897,"Lombard, Zander",3519,barsebäck g&cc,sg_total,0.18544443195597088,2017-06-04,-0.0007691287485324645,4583,brabazon course at the belfry
16897,"Lombard, Zander",4382,rinkven international gc,sg_total,0.6629869316007273,2024-05-26,-0.0007865386271080438,4583,brabazon course at the belfry
16897,"Lombard, Zander",4375,laguna national g&cc classic course,sg_total,0.6424283409681188,2024-03-24,-0.0010972875611298294,4583,brabazon course at the belfry
16897,"Lombard, Zander",3637,emirates gc,sg_total,0.20887902966927693,2018-01-28,-0.001368938168530269,4583,brabazon course at the belfry
16897,"Lombard, Zander",4235,gary player cc,sg_total,0.6010963747389753,2023-11-12,-0.00306093677308529,4583,brabazon course at the belfry
16897,"Lombard, Zander",3650,wentworth golf club,sg_total,0.22168451753581914,2018-05-27,-0.003086452445445335,4583,brabazon course at the belfry
16897,"Lombard, Zander",3774,doha gc,sg_total,0.25589194844208374,2019-03-10,-0.0033331536314073727,4583,brabazon course at the belfry
16897,"Lombard, Zander",3664,silkeborg ry gc,sg_total,0.2328175917601019,2018-09-02,-0.003816830951122833,4583,brabazon course at the belfry
16897,"Lombard, Zander",4302,jack nicklaus golf club korea,sg_total,0.544983369207548,2023-04-30,-0.004110866115591626,4583,brabazon course at the belfry
16897,"Lombard, Zander",4200,yas links,sg_total,0.5189228801589404,2023-01-22,-0.008004710912203564,4583,brabazon course at the belfry
16897,"Lombard, Zander",4619,regnum carya golf & spa resort,sg_total,0.7897806739328027,2025-05-11,-0.008854123740368884,4583,brabazon course at the belfry
16897,"Lombard, Zander",3876,crans-sur-sierre gc,sg_total,0.4019208903110026,2021-08-29,-0.008916742296551379,4583,brabazon course at the belfry
16897,"Lombard, Zander",4817,national gc,sg_total,0.9441218903864221,2026-05-03,-0.009211085149393353,4583,brabazon course at the belfry
16897,"Lombard, Zander",4186,emirates gc,sg_total,0.520742292353521,2023-01-29,-0.009412425182681055,4583,brabazon course at the belfry
16897,"Lombard, Zander",4030,gary player cc,sg_total,0.5010747437014489,2022-11-13,-0.009425883668677226,4583,brabazon course at the belfry
16897,"Lombard, Zander",4582,furesø golf klub,sg_total,0.8294437363854039,2025-08-17,-0.011016973999187251,4583,brabazon course at the belfry
16897,"Lombard, Zander",4207,golfclub münchen eichenried,sg_total,0.5604585449744904,2023-06-25,-0.011026544671661495,4583,brabazon course at the belfry
16897,"Lombard, Zander",3862,himmerland golf & spa resort,sg_total,0.2631581754560287,2019-05-05,-0.011944042750986879,4583,brabazon course at the belfry
16897,"Lombard, Zander",3935,gary player cc,sg_total,0.3518677092565612,2020-12-06,-0.012780312170670773,4583,brabazon course at the belfry
16897,"Lombard, Zander",3779,royal golf dar es salam red course,sg_total,0.2622387318069171,2019-04-28,-0.013017823513147196,4583,brabazon course at the belfry
16897,"Lombard, Zander",4786,circolo golf torino,sg_total,0.9709308776411942,2026-06-28,-0.03415347560565738,4583,brabazon course at the belfry
16897,"Lombard, Zander",4618,montagu,sg_total,0.7572968215143355,2025-02-16,-0.03587197558945125,4583,brabazon course at the belfry
26745,"Lopez-Chacarra, Eugenio",4782,dlf g&cc player course,sg_total,0.9277434863285529,2026-03-29,0.04737333740795994,4583,brabazon course at the belfry
26745,"Lopez-Chacarra, Eugenio",4786,circolo golf torino,sg_total,0.9709308776411942,2026-06-28,0.04416872531048452,4583,brabazon course at the belfry
26745,"Lopez-Chacarra, Eugenio",4724,royal johannesburg east course,sg_total,0.880293415834221,2025-12-14,0.03352845708567406,4583,brabazon course at the belfry
26745,"Lopez-Chacarra, Eugenio",-1,Unknown,sg_total,2.2017354983820083,2023-08-27,0.009510374458371454,4583,brabazon course at the belfry
26745,"Lopez-Chacarra, Eugenio",4817,national gc,sg_total,0.9441218903864221,2026-05-03,0.006312063237522636,4583,brabazon course at the belfry
26745,"Lopez-Chacarra, Eugenio",4582,furesø golf klub,sg_total,0.8294437363854039,2025-08-17,0.0057596589937684226,4583,brabazon course at the belfry
26745,"Lopez-Chacarra, Eugenio",4723,gary player cc,sg_total,0.8772177743910435,2025-12-07,0.004381485612991923,4583,brabazon course at the belfry
26745,"Lopez-Chacarra, Eugenio",4592,yas links,sg_total,0.8650222931107413,2025-11-09,0.002460074415353751,4583,brabazon course at the belfry
26745,"Lopez-Chacarra, Eugenio",4621,gut altentann gc,sg_total,0.798117060447891,2025-06-01,-0.000954575177551111,4583,brabazon course at the belfry
26745,"Lopez-Chacarra, Eugenio",4593,jumeirah golf estates,sg_total,0.8680551755848918,2025-11-16,-0.0014530361722240087,4583,brabazon course at the belfry
26745,"Lopez-Chacarra, Eugenio",3793,crans-sur-sierre gc,sg_total,0.2792912876603469,2019-09-01,-0.003979789552241038,4583,brabazon course at the belfry
26745,"Lopez-Chacarra, Eugenio",4584,crans-sur-sierre gc,sg_total,0.835270211411272,2025-08-31,-0.005440529509656657,4583,brabazon course at the belfry
10158,"Luiten, Joost",4207,golfclub münchen eichenried,sg_total,0.5604585449744904,2023-06-25,0.01663733104755121,4583,brabazon course at the belfry
10158,"Luiten, Joost",4723,gary player cc,sg_total,0.8772177743910435,2025-12-07,0.01453781961310481,4583,brabazon course at the belfry
10158,"Luiten, Joost",4375,laguna national g&cc classic course,sg_total,0.6424283409681188,2024-03-24,0.011202208717920662,4583,brabazon course at the belfry
10158,"Luiten, Joost",4619,regnum carya golf & spa resort,sg_total,0.7897806739328027,2025-05-11,0.008058121566914878,4583,brabazon course at the belfry
10158,"Luiten, Joost",4200,yas links,sg_total,0.5189228801589404,2023-01-22,0.007789027063204999,4583,brabazon course at the belfry
10158,"Luiten, Joost",4302,jack nicklaus golf club korea,sg_total,0.544983369207548,2023-04-30,0.0074549952434921985,4583,brabazon course at the belfry
10158,"Luiten, Joost",4371,emirates gc,sg_total,0.6225072525676867,2024-01-21,0.005788289790960243,4583,brabazon course at the belfry
10158,"Luiten, Joost",4017,real club valderrama,sg_total,0.4941085742561417,2022-10-16,0.005356267016428969,4583,brabazon course at the belfry
10158,"Luiten, Joost",4377,genzon gc,sg_total,0.6560619883935562,2024-05-05,0.005288733409246948,4583,brabazon course at the belfry
10158,"Luiten, Joost",4181,blair atholl golf & equestrian estate,sg_total,0.5063637471859777,2022-12-04,0.003953815129799191,4583,brabazon course at the belfry
10158,"Luiten, Joost",3862,himmerland golf & spa resort,sg_total,0.3840432893753353,2021-05-30,0.003402177127543709,4583,brabazon course at the belfry
10158,"Luiten, Joost",734,PGA National Resort (The Champion),sg_total,0.1227015861857013,2015-03-01,0.0032786806766112015,4583,brabazon course at the belfry
10158,"Luiten, Joost",3769,royal greens,sg_total,0.25145279522530517,2019-02-03,0.0029322252195414225,4583,brabazon course at the belfry
10158,"Luiten, Joost",3943,meloneras golf,sg_total,0.37738099689684185,2021-04-25,0.0028480822581888367,4583,brabazon course at the belfry
10158,"Luiten, Joost",3520,diamond cc,sg_total,0.18609462464127785,2017-06-11,0.002586250691072484,4583,brabazon course at the belfry
10158,"Luiten, Joost",4559,leopard creek cc,sg_total,0.733813771398553,2024-12-15,0.0025178312312067377,4583,brabazon course at the belfry
10158,"Luiten, Joost",4603,kingsbarns golf links,sg_total,0.8500160902253981,2025-10-05,0.002492172901954323,4583,brabazon course at the belfry
10158,"Luiten, Joost",3906,al mouj golf,sg_total,0.305899090813104,2020-03-01,0.002469937387293531,4583,brabazon course at the belfry
10158,"Luiten, Joost",3935,gary player cc,sg_total,0.3518677092565612,2020-12-06,0.0022629942415854274,4583,brabazon course at the belfry
10158,"Luiten, Joost",3793,crans-sur-sierre gc,sg_total,0.2792912876603469,2019-09-01,0.0022273260815953238,4583,brabazon course at the belfry
10158,"Luiten, Joost",697,Ocean Course at Kiawah Island,sg_total,0.07703464679135964,2012-08-12,0.0022042516063610464,4583,brabazon course at the belfry
10158,"Luiten, Joost",4186,emirates gc,sg_total,0.520742292353521,2023-01-29,0.0020878369614467933,4583,brabazon course at the belfry
10158,"Luiten, Joost",3674,regnum carya golf & spa resort,sg_total,0.2402680749592907,2018-11-04,0.00116869998924898,4583,brabazon course at the belfry
10158,"Luiten, Joost",539,Royal Lytham St. Anne,sg_total,0.07623001471101583,2012-07-22,0.0009973688306375585,4583,brabazon course at the belfry
10158,"Luiten, Joost",528,Pinehurst Resort & Country Club (Course No. 2),sg_total,0.10779758751767567,2014-06-15,0.00024629120796045316,4583,brabazon course at the belfry
10158,"Luiten, Joost",3792,hills golf & sports club,sg_total,0.27831547681864865,2019-08-25,0.0001222782550758008,4583,brabazon course at the belfry
10158,"Luiten, Joost",3807,jumeirah golf estates,sg_total,0.2912713418641669,2019-11-24,-4.684800143882838e-05,4583,brabazon course at the belfry
10158,"Luiten, Joost",3972,golf santa ponsa,sg_total,0.41333370907465194,2021-10-24,-0.0004226330750348587,4583,brabazon course at the belfry
10158,"Luiten, Joost",3779,royal golf dar es salam red course,sg_total,0.2622387318069171,2019-04-28,-0.0004480607583600287,4583,brabazon course at the belfry
10158,"Luiten, Joost",4016,club de campo villa de madrid,sg_total,0.4923822171335323,2022-10-09,-0.0006015816626201339,4583,brabazon course at the belfry
10158,"Luiten, Joost",729,Golf Club of Houston,sg_total,0.12486776270615724,2015-04-05,-0.0009523956064566585,4583,brabazon course at the belfry
10158,"Luiten, Joost",3901,royal greens,sg_total,0.664774302223504,2021-02-07,-0.0010568143352049522,4583,brabazon course at the belfry
10158,"Luiten, Joost",3650,wentworth golf club,sg_total,0.22168451753581914,2018-05-27,-0.0012415383014548272,4583,brabazon course at the belfry
10158,"Luiten, Joost",3651,diamond cc,sg_total,0.3269330072071321,2020-07-12,-0.001273821383236666,4583,brabazon course at the belfry
10158,"Luiten, Joost",3649,rinkven international gc,sg_total,0.2209099779593782,2018-05-20,-0.0013984321585437806,4583,brabazon course at the belfry
10158,"Luiten, Joost",4731,houghton gc,sg_total,0.9180531430541589,2026-03-08,-0.0015103570201313006,4583,brabazon course at the belfry
10158,"Luiten, Joost",4592,yas links,sg_total,0.8650222931107413,2025-11-09,-0.0018300278399806299,4583,brabazon course at the belfry
10158,"Luiten, Joost",3637,emirates gc,sg_total,0.20887902966927693,2018-01-28,-0.0020066080820762915,4583,brabazon course at the belfry
10158,"Luiten, Joost",23,Muirfield Village Golf Club,sg_total,0.2668683001870241,2019-06-02,-0.0024079579428820837,4583,brabazon course at the belfry
10158,"Luiten, Joost",4237,club at steyn city,sg_total,0.5355291261520809,2023-03-26,-0.0032196662407577925,4583,brabazon course at the belfry
10158,"Luiten, Joost",3519,barsebäck g&cc,sg_total,0.18544443195597088,2017-06-04,-0.0033636254786882326,4583,brabazon course at the belfry
10158,"Luiten, Joost",3981,emirates gc,sg_total,0.43409147291705774,2022-01-30,-0.003568879922702973,4583,brabazon course at the belfry
10158,"Luiten, Joost",4235,gary player cc,sg_total,0.6010963747389753,2023-11-12,-0.0036496677416039468,4583,brabazon course at the belfry
10158,"Luiten, Joost",4382,rinkven international gc,sg_total,0.6629869316007273,2024-05-26,-0.003819401070928193,4583,brabazon course at the belfry
10158,"Luiten, Joost",4621,gut altentann gc,sg_total,0.798117060447891,2025-06-01,-0.004748323960285198,4583,brabazon course at the belfry
10158,"Luiten, Joost",4582,furesø golf klub,sg_total,0.8294437363854039,2025-08-17,-0.004893694944218516,4583,brabazon course at the belfry
10158,"Luiten, Joost",3898,randpark gc firethorn course,sg_total,0.34941323597069013,2020-11-22,-0.007295048308638149,4583,brabazon course at the belfry
10158,"Luiten, Joost",4193,kingsbarns golf links,sg_total,0.4906618916992401,2022-10-02,-0.007945283288950451,4583,brabazon course at the belfry
10158,"Luiten, Joost",4786,circolo golf torino,sg_total,0.9709308776411942,2026-06-28,-0.008472952203880155,4583,brabazon course at the belfry
10158,"Luiten, Joost",4236,jumeirah golf estates,sg_total,0.6032038980649524,2023-11-19,-0.012065589771671116,4583,brabazon course at the belfry
10158,"Luiten, Joost",4782,dlf g&cc player course,sg_total,0.9277434863285529,2026-03-29,-0.013488983017267095,4583,brabazon course at the belfry
10158,"Luiten, Joost",4593,jumeirah golf estates,sg_total,0.8680551755848918,2025-11-16,-0.013846486268591519,4583,brabazon course at the belfry
10158,"Luiten, Joost",4724,royal johannesburg east course,sg_total,0.880293415834221,2025-12-14,-0.025076222209451333,4583,brabazon course at the belfry
10158,"Luiten, Joost",4827,blackstone course mission hills,sg_total,0.9245020599315531,2026-03-22,-0.031064831506602542,4583,brabazon course at the belfry
10158,"Luiten, Joost",4402,le golf national,sg_total,0.7110589082064097,2024-10-13,-0.0312606353083378,4583,brabazon course at the belfry
11460,"Manassero, Matteo",4782,dlf g&cc player course,sg_total,0.9277434863285529,2026-03-29,0.02908401353152497,4583,brabazon course at the belfry
11460,"Manassero, Matteo",4301,golf nazionale,sg_total,0.5643955181193583,2023-07-09,0.016176582770246403,4583,brabazon course at the belfry
11460,"Manassero, Matteo",4382,rinkven international gc,sg_total,0.6629869316007273,2024-05-26,0.01298354306143925,4583,brabazon course at the belfry
11460,"Manassero, Matteo",4817,national gc,sg_total,0.9441218903864221,2026-05-03,0.011759222793496,4583,brabazon course at the belfry
11460,"Manassero, Matteo",4035,royal cape golf club,sg_total,0.4386734466479678,2022-02-20,0.010787487055109514,4583,brabazon course at the belfry
11460,"Manassero, Matteo",714,TPC Louisiana,sg_total,0.7842715137715565,2025-04-27,0.00967653747857985,4583,brabazon course at the belfry
11460,"Manassero, Matteo",4076,zebula golf estate  spa,sg_total,0.4464177973920421,2022-03-27,0.008852208410897278,4583,brabazon course at the belfry
11460,"Manassero, Matteo",4353,danzhou ancient saltern golf club,sg_total,0.5930361029297179,2023-10-16,0.0071831641251958196,4583,brabazon course at the belfry
11460,"Manassero, Matteo",-1,Unknown,sg_total,0.4356134549872005,2022-02-06,0.005752941496499416,4583,brabazon course at the belfry
11460,"Manassero, Matteo",4377,genzon gc,sg_total,0.6560619883935562,2024-05-05,0.0056898569504149335,4583,brabazon course at the belfry
11460,"Manassero, Matteo",4266,gc adamstal,sg_total,0.5663743633919324,2023-07-16,0.005514514466636905,4583,brabazon course at the belfry
11460,"Manassero, Matteo",4104,iberostar real club de golf novo sancti petri,sg_total,0.4590941362868942,2022-05-22,0.005505099341723465,4583,brabazon course at the belfry
11460,"Manassero, Matteo",897,Memorial Park Golf Course,sg_total,0.7733682137654491,2025-03-30,0.004889135778439666,4583,brabazon course at the belfry
11460,"Manassero, Matteo",3926,hinton golf club,sg_total,0.3813643734941895,2021-05-16,0.004077011331968181,4583,brabazon course at the belfry
11460,"Manassero, Matteo",4049,golf blue green de pléneuf val andré,sg_total,0.4671989943381879,2022-06-26,0.0036522167522933164,4583,brabazon course at the belfry
11460,"Manassero, Matteo",3650,wentworth golf club,sg_total,0.22168451753581914,2018-05-27,0.0035906897360291536,4583,brabazon course at the belfry
11460,"Manassero, Matteo",734,PGA National Resort (The Champion),sg_total,0.1875484585369696,2014-03-02,0.0029364125000697224,4583,brabazon course at the belfry
11460,"Manassero, Matteo",3678,walton heath gc,sg_total,0.2377584587145598,2018-10-14,0.0024801536926865085,4583,brabazon course at the belfry
11460,"Manassero, Matteo",610,Turnberry (Ailsa),sg_total,0.04400288847761665,2009-07-19,0.0016006695343743905,4583,brabazon course at the belfry
11460,"Manassero, Matteo",4063,golf international de pont royal,sg_total,0.4906618916992401,2022-10-02,0.0015557267661105384,4583,brabazon course at the belfry
11460,"Manassero, Matteo",3544,verdura gc,sg_total,0.404288998271078,2018-05-13,0.001551107231841482,4583,brabazon course at the belfry
11460,"Manassero, Matteo",4402,le golf national,sg_total,0.7110589082064097,2024-10-13,0.0012227346799318635,4583,brabazon course at the belfry
11460,"Manassero, Matteo",3769,royal greens,sg_total,0.25145279522530517,2019-02-03,0.0008733414422100097,4583,brabazon course at the belfry
11460,"Manassero, Matteo",651,The Olympic Club,sg_total,0.07490759438056112,2012-06-17,0.00036520468412247606,4583,brabazon course at the belfry
11460,"Manassero, Matteo",3779,royal golf dar es salam red course,sg_total,0.2622387318069171,2019-04-28,0.00014742724038536618,4583,brabazon course at the belfry
11460,"Manassero, Matteo",3494,hong kong gc,sg_total,0.2024018907423617,2017-11-26,-0.00037514121013015514,4583,brabazon course at the belfry
11460,"Manassero, Matteo",4071,koro creek golf club,sg_total,0.44798299718474366,2022-04-03,-0.0003882795180909524,4583,brabazon course at the belfry
11460,"Manassero, Matteo",697,Ocean Course at Kiawah Island,sg_total,0.07703464679135964,2012-08-12,-0.0008796088595155386,4583,brabazon course at the belfry
11460,"Manassero, Matteo",4369,la reserve gc,sg_total,0.6117081434533598,2023-12-17,-0.0011725425434569077,4583,brabazon course at the belfry
11460,"Manassero, Matteo",729,Golf Club of Houston,sg_total,0.10408993436656665,2014-04-06,-0.0014039254287337897,4583,brabazon course at the belfry
11460,"Manassero, Matteo",3765,randpark gc firethorn course,sg_total,0.2445097728767429,2018-12-09,-0.0014434247195716364,4583,brabazon course at the belfry
11460,"Manassero, Matteo",928,PGA National  - Champion Course,sg_total,0.7626164964050653,2025-03-02,-0.0015142546196080472,4583,brabazon course at the belfry
11460,"Manassero, Matteo",4584,crans-sur-sierre gc,sg_total,0.835270211411272,2025-08-31,-0.00198779685704396,4583,brabazon course at the belfry
11460,"Manassero, Matteo",4056,frederikshavn golfklub,sg_total,0.47878673996045235,2022-08-14,-0.002017726282256861,4583,brabazon course at the belfry
11460,"Manassero, Matteo",3637,emirates gc,sg_total,0.20887902966927693,2018-01-28,-0.0021118740510915036,4583,brabazon course at the belfry
11460,"Manassero, Matteo",4051,golf pga france du vaudreuil,sg_total,0.47048086042893056,2022-07-10,-0.002332389534559124,4583,brabazon course at the belfry
11460,"Manassero, Matteo",4786,circolo golf torino,sg_total,0.9709308776411942,2026-06-28,-0.004385951520436261,4583,brabazon course at the belfry
11460,"Manassero, Matteo",4062,golf saint apollinaire,sg_total,0.4889475768792571,2022-09-25,-0.00483373902321514,4583,brabazon course at the belfry
11460,"Manassero, Matteo",3663,albatross golf resort,sg_total,0.23200415453447004,2018-08-26,-0.005290551915947011,4583,brabazon course at the belfry
11460,"Manassero, Matteo",3519,barsebäck g&cc,sg_total,0.18544443195597088,2017-06-04,-0.005774194672758509,4583,brabazon course at the belfry
11460,"Manassero, Matteo",4276,club de golf alcanada,sg_total,0.5989962148511054,2023-11-05,-0.0058133760698046155,4583,brabazon course at the belfry
11460,"Manassero, Matteo",4723,gary player cc,sg_total,0.8772177743910435,2025-12-07,-0.005895241245189471,4583,brabazon course at the belfry
11460,"Manassero, Matteo",4371,emirates gc,sg_total,0.6225072525676867,2024-01-21,-0.006432647744654916,4583,brabazon course at the belfry
11460,"Manassero, Matteo",4375,laguna national g&cc classic course,sg_total,0.6424283409681188,2024-03-24,-0.008121298420672812,4583,brabazon course at the belfry
11460,"Manassero, Matteo",978,Vidanta Vallarta,sg_total,0.7599520042489227,2025-02-23,-0.00885788020760882,4583,brabazon course at the belfry
11460,"Manassero, Matteo",925,Dunes Golf and Beach Club,sg_total,0.7897806739328027,2025-05-11,-0.008892079724714497,4583,brabazon course at the belfry
11460,"Manassero, Matteo",4317,twentsche gc,sg_total,0.550735842216777,2023-05-21,-0.010425734725324537,4583,brabazon course at the belfry
11460,"Manassero, Matteo",4372,al hamra gc,sg_total,0.6246898452608237,2024-01-28,-0.013474511504367724,4583,brabazon course at the belfry
11460,"Manassero, Matteo",765,Port Royal Golf Course,sg_total,0.8680551755848918,2025-11-16,-0.014658543346579754,4583,brabazon course at the belfry
11460,"Manassero, Matteo",3802,dom pedro victoria golf course,sg_total,0.28722195492640357,2019-10-27,-0.015763081770427404,4583,brabazon course at the belfry
11460,"Manassero, Matteo",528,Pinehurst Resort & Country Club (Course No. 2),sg_total,0.669984969788664,2024-06-16,-0.017174749948544052,4583,brabazon course at the belfry
11460,"Manassero, Matteo",4221,galgorm castle golf club,sg_total,0.5763731489488771,2023-08-20,-0.02044094096956752,4583,brabazon course at the belfry
11460,"Manassero, Matteo",930,Black Desert Resort,sg_total,0.8589882807411235,2025-10-26,-0.028557080666596905,4583,brabazon course at the belfry
24185,"Mansell, Richard",4592,yas links,sg_total,0.8650222931107413,2025-11-09,0.03548867002710805,4583,brabazon course at the belfry
24185,"Mansell, Richard",4584,crans-sur-sierre gc,sg_total,0.835270211411272,2025-08-31,0.022898498791033468,4583,brabazon course at the belfry
24185,"Mansell, Richard",4603,kingsbarns golf links,sg_total,0.8500160902253981,2025-10-05,0.020941977642737947,4583,brabazon course at the belfry
24185,"Mansell, Richard",4372,al hamra gc,sg_total,0.6246898452608237,2024-01-28,0.011805130952093505,4583,brabazon course at the belfry
24185,"Mansell, Richard",4375,laguna national g&cc classic course,sg_total,0.6424283409681188,2024-03-24,0.010768767488878683,4583,brabazon course at the belfry
24185,"Mansell, Richard",4382,rinkven international gc,sg_total,0.6629869316007273,2024-05-26,0.008908355120704878,4583,brabazon course at the belfry
24185,"Mansell, Richard",4227,le golf national,sg_total,0.5865484532875249,2023-09-24,0.008683772910253114,4583,brabazon course at the belfry
24185,"Mansell, Richard",4619,regnum carya golf & spa resort,sg_total,0.7897806739328027,2025-05-11,0.0066389228439570225,4583,brabazon course at the belfry
24185,"Mansell, Richard",4371,emirates gc,sg_total,0.6225072525676867,2024-01-21,0.006209106576891822,4583,brabazon course at the belfry
24185,"Mansell, Richard",4401,carnoustie,sg_total,0.7085745521868345,2024-10-06,0.006144021607282402,4583,brabazon course at the belfry
24185,"Mansell, Richard",4723,gary player cc,sg_total,0.8772177743910435,2025-12-07,0.005041065513191704,4583,brabazon course at the belfry
24185,"Mansell, Richard",4207,golfclub münchen eichenried,sg_total,0.5604585449744904,2023-06-25,0.004112156029027454,4583,brabazon course at the belfry
24185,"Mansell, Richard",4011,himmerland golf & spa resort,sg_total,0.483840486467991,2022-09-04,0.0023014016899778095,4583,brabazon course at the belfry
24185,"Mansell, Richard",4186,emirates gc,sg_total,0.520742292353521,2023-01-29,0.002300974103434255,4583,brabazon course at the belfry
24185,"Mansell, Richard",4017,real club valderrama,sg_total,0.4941085742561417,2022-10-16,0.0021025411907292296,4583,brabazon course at the belfry
24185,"Mansell, Richard",3972,golf santa ponsa,sg_total,0.41333370907465194,2021-10-24,0.0018092924370756878,4583,brabazon course at the belfry
24185,"Mansell, Richard",4023,jumeirah golf estates,sg_total,0.5028315779709409,2022-11-20,0.001477880509999166,4583,brabazon course at the belfry
24185,"Mansell, Richard",3943,meloneras golf,sg_total,0.37738099689684185,2021-04-25,0.0009472921527752431,4583,brabazon course at the belfry
24185,"Mansell, Richard",4200,yas links,sg_total,0.5189228801589404,2023-01-22,0.0009384345721699844,4583,brabazon course at the belfry
24185,"Mansell, Richard",4302,jack nicklaus golf club korea,sg_total,0.544983369207548,2023-04-30,-0.0003745710109649677,4583,brabazon course at the belfry
24185,"Mansell, Richard",4559,leopard creek cc,sg_total,0.733813771398553,2024-12-15,-0.0009780939621090309,4583,brabazon course at the belfry
24185,"Mansell, Richard",4786,circolo golf torino,sg_total,0.9709308776411942,2026-06-28,-0.0019229840655200204,4583,brabazon course at the belfry
24185,"Mansell, Richard",4235,gary player cc,sg_total,0.6010963747389753,2023-11-12,-0.0029720152856112596,4583,brabazon course at the belfry
24185,"Mansell, Richard",4621,gut altentann gc,sg_total,0.798117060447891,2025-06-01,-0.0030127421750538344,4583,brabazon course at the belfry
24185,"Mansell, Richard",4362,lakes gc,sg_total,0.6074411383904961,2023-12-03,-0.0034390711836346597,4583,brabazon course at the belfry
24185,"Mansell, Richard",4358,royal queensland gc,sg_total,0.6053188106462242,2023-11-26,-0.003723583853830009,4583,brabazon course at the belfry
24185,"Mansell, Richard",528,Pinehurst Resort & Country Club (Course No. 2),sg_total,0.669984969788664,2024-06-16,-0.0041146639341173765,4583,brabazon course at the belfry
24185,"Mansell, Richard",4035,royal cape golf club,sg_total,0.4386734466479678,2022-02-20,-0.004240891735255085,4583,brabazon course at the belfry
24185,"Mansell, Richard",3651,diamond cc,sg_total,0.3269330072071321,2020-07-12,-0.0050727755139103265,4583,brabazon course at the belfry
24185,"Mansell, Richard",4030,gary player cc,sg_total,0.5010747437014489,2022-11-13,-0.00833612144999523,4583,brabazon course at the belfry
24185,"Mansell, Richard",654,The Country Club,sg_total,0.46556665611623754,2022-06-19,-0.014145852259598732,4583,brabazon course at the belfry
24185,"Mansell, Richard",4593,jumeirah golf estates,sg_total,0.8680551755848918,2025-11-16,-0.014257577196431063,4583,brabazon course at the belfry
24185,"Mansell, Richard",3862,himmerland golf & spa resort,sg_total,0.3840432893753353,2021-05-30,-0.015759497360442753,4583,brabazon course at the belfry
20844,"Mazzoli, Stefano",-1,Unknown,sg_total,18.77207068107673,2025-11-22,0.042741662423642836,4583,brabazon course at the belfry
20844,"Mazzoli, Stefano",4786,circolo golf torino,sg_total,0.9709308776411942,2026-06-28,0.016819400278647593,4583,brabazon course at the belfry
20844,"Mazzoli, Stefano",4484,royal óbidos spa & golf resort,sg_total,0.7011734432085724,2024-09-15,0.014569267245125316,4583,brabazon course at the belfry
20844,"Mazzoli, Stefano",4563,sanya luhuitou gc,sg_total,0.7110589082064097,2024-10-13,0.01235675194800643,4583,brabazon course at the belfry
20844,"Mazzoli, Stefano",4267,wittelsbacher golfclub,sg_total,0.5683601467575404,2023-07-23,0.008924025691963065,4583,brabazon course at the belfry
20844,"Mazzoli, Stefano",4266,gc adamstal,sg_total,0.5663743633919324,2023-07-16,0.008390196798933438,4583,brabazon course at the belfry
20844,"Mazzoli, Stefano",4617,royal cape golf club,sg_total,0.7546509156752821,2025-02-09,0.004949153504143403,4583,brabazon course at the belfry
20844,"Mazzoli, Stefano",4654,royal óbidos spa & golf resort,sg_total,0.8411376148446232,2025-09-14,0.004530671676719635,4583,brabazon course at the belfry
20844,"Mazzoli, Stefano",4653,rosa golf club,sg_total,0.8381987791551844,2025-09-07,0.004161257941225182,4583,brabazon course at the belfry
20844,"Mazzoli, Stefano",4673,club de golf alcanada,sg_total,0.8620000071704987,2025-11-02,0.003968527111570706,4583,brabazon course at the belfry
20844,"Mazzoli, Stefano",4710,sanya luhuitou gc,sg_total,0.8529963589691315,2025-10-12,0.0034710470661095537,4583,brabazon course at the belfry
20844,"Mazzoli, Stefano",4486,kaskáda golf resort,sg_total,0.669984969788664,2024-06-16,0.0034193189631482987,4583,brabazon course at the belfry
20844,"Mazzoli, Stefano",4271,askersunds golfklubb,sg_total,0.5783939893780083,2023-08-27,0.001993999773040259,4583,brabazon course at the belfry
20844,"Mazzoli, Stefano",4721,royal queensland gc,sg_total,0.8741528788765721,2025-11-30,0.001492143539353666,4583,brabazon course at the belfry
20844,"Mazzoli, Stefano",4662,links,sg_total,0.7572968215143355,2025-02-16,0.0009768361745194003,4583,brabazon course at the belfry
20844,"Mazzoli, Stefano",4651,vierumäki resort,sg_total,0.8294437363854039,2025-08-17,-0.0009244672419101016,4583,brabazon course at the belfry
20844,"Mazzoli, Stefano",4656,hangzhou west lake golf club,sg_total,0.8559870769289292,2025-10-19,-0.001847512462559595,4583,brabazon course at the belfry
20844,"Mazzoli, Stefano",4104,iberostar real club de golf novo sancti petri,sg_total,0.4590941362868942,2022-05-22,-0.0025498839605556036,4583,brabazon course at the belfry
20844,"Mazzoli, Stefano",4317,twentsche gc,sg_total,0.550735842216777,2023-05-21,-0.004885425431969834,4583,brabazon course at the belfry
20844,"Mazzoli, Stefano",4827,blackstone course mission hills,sg_total,0.9245020599315531,2026-03-22,-0.006076376240556373,4583,brabazon course at the belfry
20844,"Mazzoli, Stefano",4056,frederikshavn golfklub,sg_total,0.47878673996045235,2022-08-14,-0.007917352071560252,4583,brabazon course at the belfry
20844,"Mazzoli, Stefano",4062,golf saint apollinaire,sg_total,0.4889475768792571,2022-09-25,-0.009363758970205626,4583,brabazon course at the belfry
20844,"Mazzoli, Stefano",4817,national gc,sg_total,0.9441218903864221,2026-05-03,-0.011540921801075018,4583,brabazon course at the belfry
20844,"Mazzoli, Stefano",947,Detroit Golf Club,sg_total,0.9880717128619305,2026-08-02,-0.015020635672564472,4583,brabazon course at the belfry
20844,"Mazzoli, Stefano",934,Hurstbourne Country Club,sg_total,0.9777512371933363,2026-07-12,-0.016862803331861676,4583,brabazon course at the belfry
20844,"Mazzoli, Stefano",4301,golf nazionale,sg_total,0.5643955181193583,2023-07-09,-0.025571457418439414,4583,brabazon course at the belfry
20844,"Mazzoli, Stefano",4782,dlf g&cc player course,sg_total,0.9277434863285529,2026-03-29,-0.025962050892378033,4583,brabazon course at the belfry
20844,"Mazzoli, Stefano",4731,houghton gc,sg_total,0.9180531430541589,2026-03-08,-0.029141144295222045,4583,brabazon course at the belfry
22322,"McKibbin, Tom",-1,Unknown,sg_total,1.732663258439615,2025-11-22,0.0074886196505896336,4583,brabazon course at the belfry
22322,"McKibbin, Tom",773,Aronimink Golf Club,sg_total,0.9507539286723269,2026-05-17,-0.015266957924554637,4583,brabazon course at the belfry
24172,"McKinney(Am), Connor",-1,Unknown,sg_total,1.4011190417098232,2022-10-16,0.04838828619519749,4583,brabazon course at the belfry
24172,"McKinney, Connor",-1,Unknown,sg_total,8.836621808474241,2026-03-01,0.08271029241448247,4583,brabazon course at the belfry
24172,"McKinney, Connor",4782,dlf g&cc player course,sg_total,0.9277434863285529,2026-03-29,0.0403278421913621,4583,brabazon course at the belfry
24172,"McKinney, Connor",4817,national gc,sg_total,0.9441218903864221,2026-05-03,0.016481136882998033,4583,brabazon course at the belfry
24172,"McKinney, Connor",4555,kingston heath gc,sg_total,0.7286950115597843,2024-12-01,0.013750929667432743,4583,brabazon course at the belfry
24172,"McKinney, Connor",4342,infinitum golf lakes course,sg_total,0.6019986958727488,2023-11-15,0.011132404642861568,4583,brabazon course at the belfry
24172,"McKinney, Connor",4487,golf bluegreen de pléneuf val andré,sg_total,0.6723340256326573,2024-06-23,0.009826571524308674,4583,brabazon course at the belfry
24172,"McKinney, Connor",4358,royal queensland gc,sg_total,0.6053188106462242,2023-11-26,0.009367331993666982,4583,brabazon course at the belfry
24172,"McKinney, Connor",4486,kaskáda golf resort,sg_total,0.669984969788664,2024-06-16,0.008661673032283506,4583,brabazon course at the belfry
24172,"McKinney, Connor",4517,iberostar real club de golf novo sancti petri,sg_total,0.6676441212689289,2024-06-09,0.004062032623958135,4583,brabazon course at the belfry
24172,"McKinney, Connor",4721,royal queensland gc,sg_total,0.8741528788765721,2025-11-30,-0.008360548479043184,4583,brabazon course at the belfry
24172,"McKinney, Connor",4301,golf nazionale,sg_total,0.5643955181193583,2023-07-09,-0.011515432967491648,4583,brabazon course at the belfry
24172,"McKinney, Connor",4317,twentsche gc,sg_total,0.550735842216777,2023-05-21,-0.012389206404331143,4583,brabazon course at the belfry
24172,"McKinney, Connor",4489,golf saint apollinaire,sg_total,0.7060988762143844,2024-09-29,-0.047823286786774756,4583,brabazon course at the belfry
24172,"McKinney, Connor",4786,circolo golf torino,sg_total,0.9709308776411942,2026-06-28,-0.04999527385343263,4583,brabazon course at the belfry
22322,"Mckibbin , Tom",4371,emirates gc,sg_total,0.6225072525676867,2024-01-21,0.011062494678235014,4583,brabazon course at the belfry
22322,"Mckibbin , Tom",4036,durban country club,sg_total,0.4402114937235286,2022-02-27,0.01083882682247296,4583,brabazon course at the belfry
22322,"Mckibbin , Tom",4181,blair atholl golf & equestrian estate,sg_total,0.5063637471859777,2022-12-04,0.008504866488080265,4583,brabazon course at the belfry
22322,"Mckibbin , Tom",4372,al hamra gc,sg_total,0.6246898452608237,2024-01-28,0.008117548578676786,4583,brabazon course at the belfry
22322,"Mckibbin , Tom",4235,gary player cc,sg_total,0.6010963747389753,2023-11-12,0.0038099329017897607,4583,brabazon course at the belfry
22322,"Mckibbin , Tom",4066,club de golf alcanada,sg_total,0.4993240476038332,2022-11-06,0.003401603192494318,4583,brabazon course at the belfry
22322,"Mckibbin , Tom",4402,le golf national,sg_total,0.7110589082064097,2024-10-13,0.0028539733272024553,4583,brabazon course at the belfry
22322,"Mckibbin , Tom",4200,yas links,sg_total,0.5189228801589404,2023-01-22,0.002726585702537257,4583,brabazon course at the belfry
22322,"Mckibbin , Tom",4723,gary player cc,sg_total,0.8772177743910435,2025-12-07,0.002549449401824988,4583,brabazon course at the belfry
22322,"Mckibbin , Tom",4236,jumeirah golf estates,sg_total,0.6032038980649524,2023-11-19,0.002155350934854129,4583,brabazon course at the belfry
22322,"Mckibbin , Tom",4593,jumeirah golf estates,sg_total,0.8680551755848918,2025-11-16,0.0011289722166950259,4583,brabazon course at the belfry
22322,"Mckibbin , Tom",4377,genzon gc,sg_total,0.6560619883935562,2024-05-05,-0.00027327169726042844,4583,brabazon course at the belfry
22322,"Mckibbin , Tom",4150,st. mellion estate,sg_total,0.4923822171335323,2022-10-09,-0.0009786838249823105,4583,brabazon course at the belfry
22322,"Mckibbin , Tom",4302,jack nicklaus golf club korea,sg_total,0.544983369207548,2023-04-30,-0.0010703485463173343,4583,brabazon course at the belfry
22322,"Mckibbin , Tom",4049,golf blue green de pléneuf val andré,sg_total,0.4671989943381879,2022-06-26,-0.0021012118979129267,4583,brabazon course at the belfry
22322,"Mckibbin , Tom",4559,leopard creek cc,sg_total,0.733813771398553,2024-12-15,-0.002474026634736213,4583,brabazon course at the belfry
22322,"Mckibbin , Tom",4786,circolo golf torino,sg_total,0.9709308776411942,2026-06-28,-0.0024884558175519273,4583,brabazon course at the belfry
22322,"Mckibbin , Tom",4183,mont choisy le golf,sg_total,0.5099207283259416,2022-12-18,-0.0026792452034515744,4583,brabazon course at the belfry
22322,"Mckibbin , Tom",3651,diamond cc,sg_total,0.22324175312442318,2018-06-10,-0.003588245884219439,4583,brabazon course at the belfry
22322,"Mckibbin , Tom",4063,golf international de pont royal,sg_total,0.4906618916992401,2022-10-02,-0.004532169391868786,4583,brabazon course at the belfry
22322,"Mckibbin , Tom",4186,emirates gc,sg_total,0.520742292353521,2023-01-29,-0.0073972997115370415,4583,brabazon course at the belfry
22322,"Mckibbin , Tom",4104,iberostar real club de golf novo sancti petri,sg_total,0.4590941362868942,2022-05-22,-0.008809386786637332,4583,brabazon course at the belfry
22322,"Mckibbin , Tom",4237,club at steyn city,sg_total,0.5355291261520809,2023-03-26,-0.010036714808828635,4583,brabazon course at the belfry
22322,"Mckibbin , Tom",4227,le golf national,sg_total,0.5865484532875249,2023-09-24,-0.010765938239083466,4583,brabazon course at the belfry
22322,"Mckibbin , Tom",4062,golf saint apollinaire,sg_total,0.4889475768792571,2022-09-25,-0.012434039802639109,4583,brabazon course at the belfry
22322,"Mckibbin , Tom",4375,laguna national g&cc classic course,sg_total,0.6424283409681188,2024-03-24,-0.014016755069784148,4583,brabazon course at the belfry
22322,"Mckibbin , Tom",4207,golfclub münchen eichenried,sg_total,0.5604585449744904,2023-06-25,-0.022470028055858546,4583,brabazon course at the belfry
22322,"Mckibbin , Tom",4358,royal queensland gc,sg_total,0.6053188106462242,2023-11-26,-0.022840263442817792,4583,brabazon course at the belfry
22322,"Mckibbin , Tom",4817,national gc,sg_total,0.9441218903864221,2026-05-03,-0.029600483312017194,4583,brabazon course at the belfry
22322,"Mckibbin , Tom",4592,yas links,sg_total,0.8650222931107413,2025-11-09,-0.03927214745115201,4583,brabazon course at the belfry
22322,"Mckibbin, Tom",528,Pinehurst Resort & Country Club (Course No. 2),sg_total,0.669984969788664,2024-06-16,0.005247052378532724,4583,brabazon course at the belfry
14196,"Meronk, Adrian",4371,emirates gc,sg_total,0.6225072525676867,2024-01-21,0.01882483822713454,4583,brabazon course at the belfry
14196,"Meronk, Adrian",3981,emirates gc,sg_total,0.43409147291705774,2022-01-30,0.01632938199308923,4583,brabazon course at the belfry
14196,"Meronk, Adrian",4207,golfclub münchen eichenried,sg_total,0.5604585449744904,2023-06-25,0.013208807132631853,4583,brabazon course at the belfry
14196,"Meronk, Adrian",4023,jumeirah golf estates,sg_total,0.5028315779709409,2022-11-20,0.010536404903653623,4583,brabazon course at the belfry
14196,"Meronk, Adrian",3876,crans-sur-sierre gc,sg_total,0.4019208903110026,2021-08-29,0.01007805278887685,4583,brabazon course at the belfry
14196,"Meronk, Adrian",4200,yas links,sg_total,0.5189228801589404,2023-01-22,0.009970017116574541,4583,brabazon course at the belfry
14196,"Meronk, Adrian",734,PGA National Resort (The Champion),sg_total,0.5280839561798034,2023-02-26,0.008410542057351606,4583,brabazon course at the belfry
14196,"Meronk, Adrian",3943,meloneras golf,sg_total,0.37738099689684185,2021-04-25,0.008279723642221659,4583,brabazon course at the belfry
14196,"Meronk, Adrian",3901,royal greens,sg_total,0.30164634224304404,2020-02-02,0.00793412106984544,4583,brabazon course at the belfry
14196,"Meronk, Adrian",4235,gary player cc,sg_total,0.6010963747389753,2023-11-12,0.007219437389113783,4583,brabazon course at the belfry
14196,"Meronk, Adrian",4075,doha gc,sg_total,0.4464177973920421,2022-03-27,0.0067098841213039375,4583,brabazon course at the belfry
14196,"Meronk, Adrian",3906,al mouj golf,sg_total,0.305899090813104,2020-03-01,0.003575606577880134,4583,brabazon course at the belfry
14196,"Meronk, Adrian",3862,himmerland golf & spa resort,sg_total,0.3840432893753353,2021-05-30,0.0035096789885531677,4583,brabazon course at the belfry
14196,"Meronk, Adrian",3774,doha gc,sg_total,0.25589194844208374,2019-03-10,0.002926529193359617,4583,brabazon course at the belfry
14196,"Meronk, Adrian",4302,jack nicklaus golf club korea,sg_total,0.544983369207548,2023-04-30,0.0015250396225226228,4583,brabazon course at the belfry
14196,"Meronk, Adrian",43,The Los Angeles Country Club (North Course),sg_total,0.5585003688742262,2023-06-18,0.0007474606355990952,4583,brabazon course at the belfry
14196,"Meronk, Adrian",3626,racv royal pines resort,sg_total,0.20311153851913738,2017-12-03,-6.862812490995916e-05,4583,brabazon course at the belfry
14196,"Meronk, Adrian",4076,zebula golf estate  spa,sg_total,0.3433516974975665,2020-10-18,-0.00032060441592216297,4583,brabazon course at the belfry
14196,"Meronk, Adrian",4030,gary player cc,sg_total,0.5010747437014489,2022-11-13,-0.0020439773836357505,4583,brabazon course at the belfry
14196,"Meronk, Adrian",4236,jumeirah golf estates,sg_total,0.6032038980649524,2023-11-19,-0.0026190224751466737,4583,brabazon course at the belfry
14196,"Meronk, Adrian",3663,albatross golf resort,sg_total,0.23200415453447004,2018-08-26,-0.0027541785037183885,4583,brabazon course at the belfry
14196,"Meronk, Adrian",4017,real club valderrama,sg_total,0.4941085742561417,2022-10-16,-0.0033393508579729037,4583,brabazon course at the belfry
14196,"Meronk, Adrian",3898,randpark gc firethorn course,sg_total,0.34941323597069013,2020-11-22,-0.0037172167986154396,4583,brabazon course at the belfry
14196,"Meronk, Adrian",3651,diamond cc,sg_total,0.3269330072071321,2020-07-12,-0.007481026585022334,4583,brabazon course at the belfry
14196,"Meronk, Adrian",-1,Unknown,sg_total,3.2342137938192703,2025-11-22,-0.008040655839029234,4583,brabazon course at the belfry
14196,"Meronk, Adrian",3935,gary player cc,sg_total,0.3518677092565612,2020-12-06,-0.008185489921296226,4583,brabazon course at the belfry
14196,"Meronk, Adrian",4186,emirates gc,sg_total,0.520742292353521,2023-01-29,-0.01153328474754437,4583,brabazon course at the belfry
14196,"Meronk, Adrian",765,Port Royal Golf Course,sg_total,0.4975794682320448,2022-10-30,-0.01526343677614384,4583,brabazon course at the belfry
14196,"Meronk, Adrian",4723,gary player cc,sg_total,0.8772177743910435,2025-12-07,-0.01545359296549179,4583,brabazon course at the belfry
14196,"Meronk, Adrian",4358,royal queensland gc,sg_total,0.6053188106462242,2023-11-26,-0.01982069673908774,4583,brabazon course at the belfry
14196,"Meronk, Adrian",528,Pinehurst Resort & Country Club (Course No. 2),sg_total,0.669984969788664,2024-06-16,-0.02323409410949827,4583,brabazon course at the belfry
19224,"Micheluzzi, David",-1,Unknown,sg_total,20.140930731261065,2026-03-15,0.1961745985318419,4583,brabazon course at the belfry
19224,"Micheluzzi, David",4375,laguna national g&cc classic course,sg_total,0.6424283409681188,2024-03-24,0.01421992609659116,4583,brabazon course at the belfry
19224,"Micheluzzi, David",4402,le golf national,sg_total,0.7110589082064097,2024-10-13,0.012350165993370838,4583,brabazon course at the belfry
19224,"Micheluzzi, David",4193,kingsbarns golf links,sg_total,0.4906618916992401,2022-10-02,0.009842883007051524,4583,brabazon course at the belfry
19224,"Micheluzzi, David",4827,blackstone course mission hills,sg_total,0.9245020599315531,2026-03-22,0.00921827274470712,4583,brabazon course at the belfry
19224,"Micheluzzi, David",4786,circolo golf torino,sg_total,0.9709308776411942,2026-06-28,0.007538742771106619,4583,brabazon course at the belfry
19224,"Micheluzzi, David",934,Hurstbourne Country Club,sg_total,0.9777512371933363,2026-07-12,0.007180797711985917,4583,brabazon course at the belfry
19224,"Micheluzzi, David",4302,jack nicklaus golf club korea,sg_total,0.544983369207548,2023-04-30,0.004096070111119388,4583,brabazon course at the belfry
19224,"Micheluzzi, David",4817,national gc,sg_total,0.9441218903864221,2026-05-03,0.002351583016200248,4583,brabazon course at the belfry
19224,"Micheluzzi, David",4603,kingsbarns golf links,sg_total,0.8500160902253981,2025-10-05,0.0012074623117846396,4583,brabazon course at the belfry
19224,"Micheluzzi, David",4382,rinkven international gc,sg_total,0.6629869316007273,2024-05-26,-0.00034174614169243435,4583,brabazon course at the belfry
19224,"Micheluzzi, David",3901,royal greens,sg_total,0.30164634224304404,2020-02-02,-0.0007630590800674541,4583,brabazon course at the belfry
19224,"Micheluzzi, David",3902,randpark gc bushwillow course,sg_total,0.2984956258576689,2020-01-12,-0.0010454519433517543,4583,brabazon course at the belfry
19224,"Micheluzzi, David",4358,royal queensland gc,sg_total,0.6053188106462242,2023-11-26,-0.0016087198958469587,4583,brabazon course at the belfry
19224,"Micheluzzi, David",4621,gut altentann gc,sg_total,0.798117060447891,2025-06-01,-0.002237954783047267,4583,brabazon course at the belfry
19224,"Micheluzzi, David",3705,natadola bay gc,sg_total,0.22958085549583,2018-08-05,-0.004646443054901055,4583,brabazon course at the belfry
19224,"Micheluzzi, David",4555,kingston heath gc,sg_total,0.7286950115597843,2024-12-01,-0.009111015040306309,4583,brabazon course at the belfry
19224,"Micheluzzi, David",4372,al hamra gc,sg_total,0.6246898452608237,2024-01-28,-0.009261469399639127,4583,brabazon course at the belfry
19224,"Micheluzzi, David",23,Muirfield Village Golf Club,sg_total,0.5546045176793348,2023-06-04,-0.010145948147516199,4583,brabazon course at the belfry
19224,"Micheluzzi, David",4782,dlf g&cc player course,sg_total,0.9277434863285529,2026-03-29,-0.011236870389282764,4583,brabazon course at the belfry
19224,"Micheluzzi, David",4362,lakes gc,sg_total,0.6074411383904961,2023-12-03,-0.011903188866962818,4583,brabazon course at the belfry
19224,"Micheluzzi, David",3903,13th beach gc beach course,sg_total,0.30270395418214285,2020-02-09,-0.012791114132531917,4583,brabazon course at the belfry
19224,"Micheluzzi, David",4582,furesø golf klub,sg_total,0.8294437363854039,2025-08-17,-0.026581919872920166,4583,brabazon course at the belfry
19224,"Micheluzzi, David",4721,royal queensland gc,sg_total,0.8741528788765721,2025-11-30,-0.043343130317750556,4583,brabazon course at the belfry
17357,"Migliozzi, Guido",4817,national gc,sg_total,0.9441218903864221,2026-05-03,0.028679615202842543,4583,brabazon course at the belfry
17357,"Migliozzi, Guido",4377,genzon gc,sg_total,0.6560619883935562,2024-05-05,0.024110071707010877,4583,brabazon course at the belfry
17357,"Migliozzi, Guido",654,The Country Club,sg_total,0.46556665611623754,2022-06-19,0.01987181968040226,4583,brabazon course at the belfry
17357,"Migliozzi, Guido",4207,golfclub münchen eichenried,sg_total,0.5604585449744904,2023-06-25,0.01937082918991572,4583,brabazon course at the belfry
17357,"Migliozzi, Guido",4584,crans-sur-sierre gc,sg_total,0.835270211411272,2025-08-31,0.018497878617034696,4583,brabazon course at the belfry
17357,"Migliozzi, Guido",4375,laguna national g&cc classic course,sg_total,0.6424283409681188,2024-03-24,0.014130023847010075,4583,brabazon course at the belfry
17357,"Migliozzi, Guido",4786,circolo golf torino,sg_total,0.9709308776411942,2026-06-28,0.013841473391517513,4583,brabazon course at the belfry
17357,"Migliozzi, Guido",4200,yas links,sg_total,0.5189228801589404,2023-01-22,0.013008537088711213,4583,brabazon course at the belfry
17357,"Migliozzi, Guido",4402,le golf national,sg_total,0.7110589082064097,2024-10-13,0.0126255859749285,4583,brabazon course at the belfry
17357,"Migliozzi, Guido",3862,himmerland golf & spa resort,sg_total,0.647201464831364,2021-05-30,0.01104451294852724,4583,brabazon course at the belfry
17357,"Migliozzi, Guido",3906,al mouj golf,sg_total,0.305899090813104,2020-03-01,0.01062666835485124,4583,brabazon course at the belfry
17357,"Migliozzi, Guido",3876,crans-sur-sierre gc,sg_total,0.4019208903110026,2021-08-29,0.010612233310867721,4583,brabazon course at the belfry
17357,"Migliozzi, Guido",4371,emirates gc,sg_total,0.6225072525676867,2024-01-21,0.009848806415301318,4583,brabazon course at the belfry
17357,"Migliozzi, Guido",4302,jack nicklaus golf club korea,sg_total,0.544983369207548,2023-04-30,0.008468828327185034,4583,brabazon course at the belfry
17357,"Migliozzi, Guido",503,TPC River Highlands,sg_total,0.38945770792119694,2021-06-27,0.0077787796488399796,4583,brabazon course at the belfry
17357,"Migliozzi, Guido",4382,rinkven international gc,sg_total,0.6629869316007273,2024-05-26,0.007388607411863446,4583,brabazon course at the belfry
17357,"Migliozzi, Guido",4227,le golf national,sg_total,0.5865484532875249,2023-09-24,0.0064264479555374504,4583,brabazon course at the belfry
17357,"Migliozzi, Guido",3793,crans-sur-sierre gc,sg_total,0.2792912876603469,2019-09-01,0.006298071744035083,4583,brabazon course at the belfry
17357,"Migliozzi, Guido",3779,royal golf dar es salam red course,sg_total,0.2622387318069171,2019-04-28,0.005879349997904999,4583,brabazon course at the belfry
17357,"Migliozzi, Guido",3807,jumeirah golf estates,sg_total,0.2912713418641669,2019-11-24,0.00549938230637975,4583,brabazon course at the belfry
17357,"Migliozzi, Guido",3943,meloneras golf,sg_total,0.37738099689684185,2021-04-25,0.00510590648238769,4583,brabazon course at the belfry
17357,"Migliozzi, Guido",4619,regnum carya golf & spa resort,sg_total,0.7897806739328027,2025-05-11,0.004859424438473552,4583,brabazon course at the belfry
17357,"Migliozzi, Guido",3802,dom pedro victoria golf course,sg_total,0.28722195492640357,2019-10-27,0.004846798026525645,4583,brabazon course at the belfry
17357,"Migliozzi, Guido",4023,jumeirah golf estates,sg_total,0.5028315779709409,2022-11-20,0.004648048471390976,4583,brabazon course at the belfry
17357,"Migliozzi, Guido",4011,himmerland golf & spa resort,sg_total,0.483840486467991,2022-09-04,0.004400896442351147,4583,brabazon course at the belfry
17357,"Migliozzi, Guido",3544,verdura gc,sg_total,0.404288998271078,2018-05-13,0.004066883757055543,4583,brabazon course at the belfry
17357,"Migliozzi, Guido",3901,royal greens,sg_total,0.664774302223504,2021-02-07,0.00265992753497435,4583,brabazon course at the belfry
17357,"Migliozzi, Guido",4030,gary player cc,sg_total,0.5010747437014489,2022-11-13,0.0006352358218095208,4583,brabazon course at the belfry
17357,"Migliozzi, Guido",765,Port Royal Golf Course,sg_total,0.4147829116815814,2021-10-31,-0.001449293810259549,4583,brabazon course at the belfry
17357,"Migliozzi, Guido",4369,la reserve gc,sg_total,0.6117081434533598,2023-12-17,-0.001532088007491522,4583,brabazon course at the belfry
17357,"Migliozzi, Guido",4186,emirates gc,sg_total,0.520742292353521,2023-01-29,-0.0016725155735438306,4583,brabazon course at the belfry
17357,"Migliozzi, Guido",4401,carnoustie,sg_total,0.7085745521868345,2024-10-06,-0.0017869775637964888,4583,brabazon course at the belfry
17357,"Migliozzi, Guido",4075,doha gc,sg_total,0.4464177973920421,2022-03-27,-0.0020106906120550346,4583,brabazon course at the belfry
17357,"Migliozzi, Guido",4372,al hamra gc,sg_total,0.6246898452608237,2024-01-28,-0.004536135363867986,4583,brabazon course at the belfry
17357,"Migliozzi, Guido",3981,emirates gc,sg_total,0.43409147291705774,2022-01-30,-0.006002753602937643,4583,brabazon course at the belfry
17357,"Migliozzi, Guido",4723,gary player cc,sg_total,0.8772177743910435,2025-12-07,-0.007978539637100067,4583,brabazon course at the belfry
17357,"Migliozzi, Guido",4017,real club valderrama,sg_total,0.4941085742561417,2022-10-16,-0.009437762497037075,4583,brabazon course at the belfry
17357,"Migliozzi, Guido",3774,doha gc,sg_total,0.25589194844208374,2019-03-10,-0.010945115578835759,4583,brabazon course at the belfry
17357,"Migliozzi, Guido",4724,royal johannesburg east course,sg_total,0.880293415834221,2025-12-14,-0.013865346529774803,4583,brabazon course at the belfry
27717,"Mjaaseth, Michael",4584,crans-sur-sierre gc,sg_total,0.835270211411272,2025-08-31,0.01578380686689062,4583,brabazon course at the belfry
27717,"Mjaaseth, Michael",4582,furesø golf klub,sg_total,0.8294437363854039,2025-08-17,0.0040316317665540545,4583,brabazon course at the belfry
7033,"Molinari, Edoardo",4534,infinitum golf lakes course,sg_total,0.7221661802661196,2024-11-13,0.02469279879595818,4583,brabazon course at the belfry
7033,"Molinari, Edoardo",4786,circolo golf torino,sg_total,0.9709308776411942,2026-06-28,0.012066704613496662,4583,brabazon course at the belfry
7033,"Molinari, Edoardo",3981,emirates gc,sg_total,0.43409147291705774,2022-01-30,0.011182467116804913,4583,brabazon course at the belfry
7033,"Molinari, Edoardo",4200,yas links,sg_total,0.5189228801589404,2023-01-22,0.011072960358453584,4583,brabazon course at the belfry
7033,"Molinari, Edoardo",4016,club de campo villa de madrid,sg_total,0.4923822171335323,2022-10-09,0.01081428466475759,4583,brabazon course at the belfry
7033,"Molinari, Edoardo",4621,gut altentann gc,sg_total,0.798117060447891,2025-06-01,0.010550785258035494,4583,brabazon course at the belfry
7033,"Molinari, Edoardo",4227,le golf national,sg_total,0.5865484532875249,2023-09-24,0.009279763400429498,4583,brabazon course at the belfry
7033,"Molinari, Edoardo",714,TPC Louisiana,sg_total,0.5430792615475027,2023-04-23,0.009073605600993752,4583,brabazon course at the belfry
7033,"Molinari, Edoardo",4619,regnum carya golf & spa resort,sg_total,0.7897806739328027,2025-05-11,0.007616185475950714,4583,brabazon course at the belfry
7033,"Molinari, Edoardo",4207,golfclub münchen eichenried,sg_total,0.5604585449744904,2023-06-25,0.007565994893162471,4583,brabazon course at the belfry
7033,"Molinari, Edoardo",4181,blair atholl golf & equestrian estate,sg_total,0.5063637471859777,2022-12-04,0.006139931467405635,4583,brabazon course at the belfry
7033,"Molinari, Edoardo",4382,rinkven international gc,sg_total,0.6629869316007273,2024-05-26,0.005601093448133068,4583,brabazon course at the belfry
7033,"Molinari, Edoardo",4817,national gc,sg_total,0.9441218903864221,2026-05-03,0.004610815474059704,4583,brabazon course at the belfry
7033,"Molinari, Edoardo",3769,royal greens,sg_total,0.25145279522530517,2019-02-03,0.003980817621796395,4583,brabazon course at the belfry
7033,"Molinari, Edoardo",3678,walton heath gc,sg_total,0.2377584587145598,2018-10-14,0.00394523810099846,4583,brabazon course at the belfry
7033,"Molinari, Edoardo",3495,glendower gc,sg_total,0.17290724229171636,2017-01-15,0.003943469300412966,4583,brabazon course at the belfry
7033,"Molinari, Edoardo",890,Tahoe Mountain Club (Old Greenwood),sg_total,0.5683601467575404,2023-07-23,0.003936769132755931,4583,brabazon course at the belfry
7033,"Molinari, Edoardo",3901,royal greens,sg_total,0.664774302223504,2021-02-07,0.003516272700844154,4583,brabazon course at the belfry
7033,"Molinari, Edoardo",3494,hong kong gc,sg_total,0.2024018907423617,2017-11-26,0.0033090478383582924,4583,brabazon course at the belfry
7033,"Molinari, Edoardo",3637,emirates gc,sg_total,0.20887902966927693,2018-01-28,0.0029501942409375483,4583,brabazon course at the belfry
7033,"Molinari, Edoardo",4030,gary player cc,sg_total,0.5010747437014489,2022-11-13,0.002357674122999195,4583,brabazon course at the belfry
7033,"Molinari, Edoardo",3906,al mouj golf,sg_total,0.305899090813104,2020-03-01,0.002087204184811616,4583,brabazon course at the belfry
7033,"Molinari, Edoardo",4075,doha gc,sg_total,0.4464177973920421,2022-03-27,0.002005248559841509,4583,brabazon course at the belfry
7033,"Molinari, Edoardo",3544,verdura gc,sg_total,0.404288998271078,2018-05-13,0.0019689861532031397,4583,brabazon course at the belfry
7033,"Molinari, Edoardo",3774,doha gc,sg_total,0.25589194844208374,2019-03-10,0.0017916235206267737,4583,brabazon course at the belfry
7033,"Molinari, Edoardo",4375,laguna national g&cc classic course,sg_total,0.6424283409681188,2024-03-24,0.0006821203543462954,4583,brabazon course at the belfry
7033,"Molinari, Edoardo",3862,himmerland golf & spa resort,sg_total,0.3840432893753353,2021-05-30,0.0004470066574077318,4583,brabazon course at the belfry
7033,"Molinari, Edoardo",3664,silkeborg ry gc,sg_total,0.2328175917601019,2018-09-02,0.0004242678006795026,4583,brabazon course at the belfry
7033,"Molinari, Edoardo",3762,hong kong gc,sg_total,0.24280418100265946,2018-11-25,0.0003015698118323911,4583,brabazon course at the belfry
7033,"Molinari, Edoardo",734,PGA National Resort (The Champion),sg_total,0.0592493778170554,2011-03-06,0.0002181201906386793,4583,brabazon course at the belfry
7033,"Molinari, Edoardo",3779,royal golf dar es salam red course,sg_total,0.2622387318069171,2019-04-28,-2.2975779330490383e-05,4583,brabazon course at the belfry
7033,"Molinari, Edoardo",4377,genzon gc,sg_total,0.6560619883935562,2024-05-05,-9.380258926169583e-05,4583,brabazon course at the belfry
7033,"Molinari, Edoardo",23,Muirfield Village Golf Club,sg_total,0.062007495877190746,2011-06-05,-0.0005009154946061214,4583,brabazon course at the belfry
7033,"Molinari, Edoardo",3793,crans-sur-sierre gc,sg_total,0.2792912876603469,2019-09-01,-0.0012480404280261446,4583,brabazon course at the belfry
7033,"Molinari, Edoardo",528,Pinehurst Resort & Country Club (Course No. 2),sg_total,0.669984969788664,2024-06-16,-0.0014541079228946974,4583,brabazon course at the belfry
7033,"Molinari, Edoardo",3792,hills golf & sports club,sg_total,0.27831547681864865,2019-08-25,-0.001571089274575982,4583,brabazon course at the belfry
7033,"Molinari, Edoardo",4011,himmerland golf & spa resort,sg_total,0.483840486467991,2022-09-04,-0.0016220742633767866,4583,brabazon course at the belfry
7033,"Molinari, Edoardo",3943,meloneras golf,sg_total,0.37738099689684185,2021-04-25,-0.0017691152501761631,4583,brabazon course at the belfry
7033,"Molinari, Edoardo",3650,wentworth golf club,sg_total,0.22168451753581914,2018-05-27,-0.002747385010137703,4583,brabazon course at the belfry
7033,"Molinari, Edoardo",4371,emirates gc,sg_total,0.6225072525676867,2024-01-21,-0.00447103958380818,4583,brabazon course at the belfry
7033,"Molinari, Edoardo",3765,randpark gc firethorn course,sg_total,0.2445097728767429,2018-12-09,-0.0045090639695902724,4583,brabazon course at the belfry
7033,"Molinari, Edoardo",4186,emirates gc,sg_total,0.520742292353521,2023-01-29,-0.004694671020115775,4583,brabazon course at the belfry
7033,"Molinari, Edoardo",4372,al hamra gc,sg_total,0.6246898452608237,2024-01-28,-0.008348265041604975,4583,brabazon course at the belfry
7033,"Molinari, Edoardo",4017,real club valderrama,sg_total,0.4941085742561417,2022-10-16,-0.011667624703223928,4583,brabazon course at the belfry
7033,"Molinari, Edoardo",4402,le golf national,sg_total,0.7110589082064097,2024-10-13,-0.015290427648466243,4583,brabazon course at the belfry
7033,"Molinari, Edoardo",3876,crans-sur-sierre gc,sg_total,0.4019208903110026,2021-08-29,-0.023248861614300245,4583,brabazon course at the belfry
7033,"Molinari, Edoardo",4782,dlf g&cc player course,sg_total,0.9277434863285529,2026-03-29,-0.044808668694989486,4583,brabazon course at the belfry
15676,"Moller, Niklas Norgaard",4382,rinkven international gc,sg_total,0.6629869316007273,2024-05-26,0.01867979743725546,4583,brabazon course at the belfry
15676,"Moller, Niklas Norgaard",4401,carnoustie,sg_total,0.7085745521868345,2024-10-06,0.012742932832982785,4583,brabazon course at the belfry
15676,"Moller, Niklas Norgaard",4402,le golf national,sg_total,0.7110589082064097,2024-10-13,0.009628977618711081,4583,brabazon course at the belfry
15676,"Moller, Niklas Norgaard",3916,vierumäki resort,sg_total,0.39772279950933415,2021-08-08,0.009566659854639689,4583,brabazon course at the belfry
15676,"Moller, Niklas Norgaard",4183,mont choisy le golf,sg_total,0.5099207283259416,2022-12-18,0.008433309178148362,4583,brabazon course at the belfry
15676,"Moller, Niklas Norgaard",3862,himmerland golf & spa resort,sg_total,0.3840432893753353,2021-05-30,0.007748592691035867,4583,brabazon course at the belfry
15676,"Moller, Niklas Norgaard",4372,al hamra gc,sg_total,0.6246898452608237,2024-01-28,0.00606915899383835,4583,brabazon course at the belfry
15676,"Moller, Niklas Norgaard",3926,hinton golf club,sg_total,0.3813643734941895,2021-05-16,0.005985303142415673,4583,brabazon course at the belfry
15676,"Moller, Niklas Norgaard",4582,furesø golf klub,sg_total,0.8294437363854039,2025-08-17,0.005077607535730044,4583,brabazon course at the belfry
15676,"Moller, Niklas Norgaard",4016,club de campo villa de madrid,sg_total,0.4923822171335323,2022-10-09,0.004500366542230779,4583,brabazon course at the belfry
15676,"Moller, Niklas Norgaard",4786,circolo golf torino,sg_total,0.9709308776411942,2026-06-28,0.004284406426666035,4583,brabazon course at the belfry
15676,"Moller, Niklas Norgaard",4817,national gc,sg_total,0.9441218903864221,2026-05-03,0.004003831018499934,4583,brabazon course at the belfry
15676,"Moller, Niklas Norgaard",4186,emirates gc,sg_total,0.520742292353521,2023-01-29,0.003805853910434428,4583,brabazon course at the belfry
15676,"Moller, Niklas Norgaard",4377,genzon gc,sg_total,0.6560619883935562,2024-05-05,0.0024062469900611584,4583,brabazon course at the belfry
15676,"Moller, Niklas Norgaard",3651,diamond cc,sg_total,0.3269330072071321,2020-07-12,0.002162667206745445,4583,brabazon course at the belfry
15676,"Moller, Niklas Norgaard",4375,laguna national g&cc classic course,sg_total,0.6424283409681188,2024-03-24,0.001700060095715364,4583,brabazon course at the belfry
15676,"Moller, Niklas Norgaard",4075,doha gc,sg_total,0.4464177973920421,2022-03-27,0.0008953258633931959,4583,brabazon course at the belfry
15676,"Moller, Niklas Norgaard",3664,silkeborg ry gc,sg_total,0.2328175917601019,2018-09-02,0.00014994210037887654,4583,brabazon course at the belfry
15676,"Moller, Niklas Norgaard",4371,emirates gc,sg_total,0.6225072525676867,2024-01-21,-0.0009207362436935131,4583,brabazon course at the belfry
15676,"Moller, Niklas Norgaard",4237,club at steyn city,sg_total,0.5355291261520809,2023-03-26,-0.001122710117558947,4583,brabazon course at the belfry
15676,"Moller, Niklas Norgaard",890,Tahoe Mountain Club (Old Greenwood),sg_total,0.47213042850062353,2022-07-17,-0.002588409145063086,4583,brabazon course at the belfry
15676,"Moller, Niklas Norgaard",4302,jack nicklaus golf club korea,sg_total,0.544983369207548,2023-04-30,-0.004287428980604083,4583,brabazon course at the belfry
15676,"Moller, Niklas Norgaard",4207,golfclub münchen eichenried,sg_total,0.5604585449744904,2023-06-25,-0.0043072646185048896,4583,brabazon course at the belfry
15676,"Moller, Niklas Norgaard",4017,real club valderrama,sg_total,0.4941085742561417,2022-10-16,-0.004368432085526789,4583,brabazon course at the belfry
15676,"Moller, Niklas Norgaard",4011,himmerland golf & spa resort,sg_total,0.483840486467991,2022-09-04,-0.008094118928262062,4583,brabazon course at the belfry
15676,"Moller, Niklas Norgaard",4200,yas links,sg_total,0.5189228801589404,2023-01-22,-0.009277823222716855,4583,brabazon course at the belfry
15676,"Moller, Niklas Norgaard",4782,dlf g&cc player course,sg_total,0.9277434863285529,2026-03-29,-0.013481149525101753,4583,brabazon course at the belfry
15676,"Moller, Niklas Norgaard",4723,gary player cc,sg_total,0.8772177743910435,2025-12-07,-0.015279462420212334,4583,brabazon course at the belfry
15676,"Moller, Niklas Norgaard",4827,blackstone course mission hills,sg_total,0.9245020599315531,2026-03-22,-0.016936712317318595,4583,brabazon course at the belfry
11061,"Morrison, James",4782,dlf g&cc player course,sg_total,0.9277434863285529,2026-03-29,0.028617503018955135,4583,brabazon course at the belfry
11061,"Morrison, James",4673,club de golf alcanada,sg_total,0.8620000071704987,2025-11-02,0.027045439852030725,4583,brabazon course at the belfry
11061,"Morrison, James",4644,golf bluegreen de pléneuf val andré,sg_total,0.8065414401773269,2025-06-22,0.02410429542971659,4583,brabazon course at the belfry
11061,"Morrison, James",4809,royal johannesburg east course (par 70),sg_total,0.880293415834221,2025-12-14,0.018538854293862657,4583,brabazon course at the belfry
11061,"Morrison, James",890,Tahoe Mountain Club (Old Greenwood),sg_total,1.040490575258164,2023-07-23,0.01747361123971736,4583,brabazon course at the belfry
11061,"Morrison, James",4402,le golf national,sg_total,0.7110589082064097,2024-10-13,0.01261135196757367,4583,brabazon course at the belfry
11061,"Morrison, James",4721,royal queensland gc,sg_total,0.8741528788765721,2025-11-30,0.011953650410976704,4583,brabazon course at the belfry
11061,"Morrison, James",4582,furesø golf klub,sg_total,0.8294437363854039,2025-08-17,0.011455021847181078,4583,brabazon course at the belfry
11061,"Morrison, James",4372,al hamra gc,sg_total,0.6246898452608237,2024-01-28,0.01050866221117766,4583,brabazon course at the belfry
11061,"Morrison, James",4710,sanya luhuitou gc,sg_total,0.8529963589691315,2025-10-12,0.008632594729759819,4583,brabazon course at the belfry
11061,"Morrison, James",3901,royal greens,sg_total,0.664774302223504,2021-02-07,0.00810582661275433,4583,brabazon course at the belfry
11061,"Morrison, James",4654,royal óbidos spa & golf resort,sg_total,0.8411376148446232,2025-09-14,0.007519474289403598,4583,brabazon course at the belfry
11061,"Morrison, James",4382,rinkven international gc,sg_total,0.6629869316007273,2024-05-26,0.007514656023793958,4583,brabazon course at the belfry
11061,"Morrison, James",3793,crans-sur-sierre gc,sg_total,0.2792912876603469,2019-09-01,0.007371552926857405,4583,brabazon course at the belfry
11061,"Morrison, James",4221,galgorm castle golf club,sg_total,0.5763731489488771,2023-08-20,0.007352928343953262,4583,brabazon course at the belfry
11061,"Morrison, James",4200,yas links,sg_total,0.5189228801589404,2023-01-22,0.006920440494489791,4583,brabazon course at the belfry
11061,"Morrison, James",3876,crans-sur-sierre gc,sg_total,0.4019208903110026,2021-08-29,0.006720940998373372,4583,brabazon course at the belfry
11061,"Morrison, James",4656,hangzhou west lake golf club,sg_total,0.8559870769289292,2025-10-19,0.006281048001405224,4583,brabazon course at the belfry
11061,"Morrison, James",4731,houghton gc,sg_total,0.9180531430541589,2026-03-08,0.005773795965441793,4583,brabazon course at the belfry
11061,"Morrison, James",3792,hills golf & sports club,sg_total,0.27831547681864865,2019-08-25,0.005738218722386478,4583,brabazon course at the belfry
11061,"Morrison, James",4817,national gc,sg_total,0.9441218903864221,2026-05-03,0.0057035304588481765,4583,brabazon course at the belfry
11061,"Morrison, James",3495,glendower gc,sg_total,0.17290724229171636,2017-01-15,0.005596347275026041,4583,brabazon course at the belfry
11061,"Morrison, James",4011,himmerland golf & spa resort,sg_total,0.483840486467991,2022-09-04,0.004931803807421539,4583,brabazon course at the belfry
11061,"Morrison, James",4207,golfclub münchen eichenried,sg_total,0.5604585449744904,2023-06-25,0.0046583135812449635,4583,brabazon course at the belfry
11061,"Morrison, James",3501,royal johannesburg west course,sg_total,0.17657668871613386,2017-02-26,0.004343164119059426,4583,brabazon course at the belfry
11061,"Morrison, James",4371,emirates gc,sg_total,0.6225072525676867,2024-01-21,0.00433920737652821,4583,brabazon course at the belfry
11061,"Morrison, James",4375,laguna national g&cc classic course,sg_total,0.6424283409681188,2024-03-24,0.004018602351518809,4583,brabazon course at the belfry
11061,"Morrison, James",3494,hong kong gc,sg_total,0.2024018907423617,2017-11-26,0.003927418184201451,4583,brabazon course at the belfry
11061,"Morrison, James",4076,zebula golf estate  spa,sg_total,0.3433516974975665,2020-10-18,0.003460374870061093,4583,brabazon course at the belfry
11061,"Morrison, James",4302,jack nicklaus golf club korea,sg_total,0.544983369207548,2023-04-30,0.003155767740666832,4583,brabazon course at the belfry
11061,"Morrison, James",3906,al mouj golf,sg_total,0.305899090813104,2020-03-01,0.0023993990525745953,4583,brabazon course at the belfry
11061,"Morrison, James",3664,silkeborg ry gc,sg_total,0.2328175917601019,2018-09-02,0.0021201425914094334,4583,brabazon course at the belfry
11061,"Morrison, James",3649,rinkven international gc,sg_total,0.2209099779593782,2018-05-20,0.0021147801296788195,4583,brabazon course at the belfry
11061,"Morrison, James",3779,royal golf dar es salam red course,sg_total,0.2622387318069171,2019-04-28,0.0018268925345503602,4583,brabazon course at the belfry
11061,"Morrison, James",539,Royal Lytham St. Anne,sg_total,0.07623001471101583,2012-07-22,0.0017891198015584499,4583,brabazon course at the belfry
11061,"Morrison, James",4634,victoria gc,sg_total,0.7286950115597843,2024-12-01,0.0017298809292224675,4583,brabazon course at the belfry
11061,"Morrison, James",3763,racv royal pines resort,sg_total,0.24365548454833486,2018-12-02,0.0015763500659201418,4583,brabazon course at the belfry
11061,"Morrison, James",4193,kingsbarns golf links,sg_total,0.4906618916992401,2022-10-02,0.0015303613478138086,4583,brabazon course at the belfry
11061,"Morrison, James",3663,albatross golf resort,sg_total,0.23200415453447004,2018-08-26,0.0014216490251899988,4583,brabazon course at the belfry
11061,"Morrison, James",4786,circolo golf torino,sg_total,0.9709308776411942,2026-06-28,0.0012947496504431425,4583,brabazon course at the belfry
11061,"Morrison, James",3637,emirates gc,sg_total,0.20887902966927693,2018-01-28,0.0007771461783376026,4583,brabazon course at the belfry
11061,"Morrison, James",4017,real club valderrama,sg_total,0.4941085742561417,2022-10-16,-0.00012874321137856364,4583,brabazon course at the belfry
11061,"Morrison, James",3943,meloneras golf,sg_total,0.37738099689684185,2021-04-25,-0.00048124312323974834,4583,brabazon course at the belfry
11061,"Morrison, James",3520,diamond cc,sg_total,0.18609462464127785,2017-06-11,-0.0006116016382157755,4583,brabazon course at the belfry
11061,"Morrison, James",4377,genzon gc,sg_total,0.6560619883935562,2024-05-05,-0.0007977541126856385,4583,brabazon course at the belfry
11061,"Morrison, James",3650,wentworth golf club,sg_total,0.22168451753581914,2018-05-27,-0.0008908475267896431,4583,brabazon course at the belfry
11061,"Morrison, James",3762,hong kong gc,sg_total,0.24280418100265946,2018-11-25,-0.0010013265485490884,4583,brabazon course at the belfry
11061,"Morrison, James",3862,himmerland golf & spa resort,sg_total,0.647201464831364,2021-05-30,-0.001052748508712023,4583,brabazon course at the belfry
11061,"Morrison, James",3544,verdura gc,sg_total,0.404288998271078,2018-05-13,-0.0020689495157786173,4583,brabazon course at the belfry
11061,"Morrison, James",3902,randpark gc bushwillow course,sg_total,0.2984956258576689,2020-01-12,-0.0022752438206877132,4583,brabazon course at the belfry
11061,"Morrison, James",4016,club de campo villa de madrid,sg_total,0.4923822171335323,2022-10-09,-0.0026980552172225732,4583,brabazon course at the belfry
11061,"Morrison, James",3678,walton heath gc,sg_total,0.2377584587145598,2018-10-14,-0.0032580528517871226,4583,brabazon course at the belfry
11061,"Morrison, James",618,Shinnecock Hills Golf Club,sg_total,0.22402446821274175,2018-06-17,-0.005217876298637566,4583,brabazon course at the belfry
11061,"Morrison, James",4619,regnum carya golf & spa resort,sg_total,0.7897806739328027,2025-05-11,-0.0053175854782811635,4583,brabazon course at the belfry
11061,"Morrison, James",3972,golf santa ponsa,sg_total,0.41333370907465194,2021-10-24,-0.005339333416247833,4583,brabazon course at the belfry
11061,"Morrison, James",3769,royal greens,sg_total,0.25145279522530517,2019-02-03,-0.006360380098634473,4583,brabazon course at the belfry
11061,"Morrison, James",3981,emirates gc,sg_total,0.43409147291705774,2022-01-30,-0.006641592634353852,4583,brabazon course at the belfry
11061,"Morrison, James",4186,emirates gc,sg_total,0.520742292353521,2023-01-29,-0.007338763923718278,4583,brabazon course at the belfry
11061,"Morrison, James",4227,le golf national,sg_total,0.5865484532875249,2023-09-24,-0.013970518135031298,4583,brabazon course at the belfry
11061,"Morrison, James",4617,royal cape golf club,sg_total,0.7546509156752821,2025-02-09,-0.014853657383456996,4583,brabazon course at the belfry
11061,"Morrison, James",4618,montagu,sg_total,0.7572968215143355,2025-02-16,-0.015710583723402637,4583,brabazon course at the belfry
11061,"Morrison, James",4181,blair atholl golf & equestrian estate,sg_total,0.5063637471859777,2022-12-04,-0.018419052610065028,4583,brabazon course at the belfry
25089,"Mory , Felix",4710,sanya luhuitou gc,sg_total,0.8529963589691315,2025-10-12,0.024526204037885673,4583,brabazon course at the belfry
25089,"Mory , Felix",4782,dlf g&cc player course,sg_total,0.9277434863285529,2026-03-29,0.021789646259254274,4583,brabazon course at the belfry
25089,"Mory , Felix",4786,circolo golf torino,sg_total,0.9709308776411942,2026-06-28,0.020916148771048946,4583,brabazon course at the belfry
25089,"Mory , Felix",4485,hangzhou west lake golf club,sg_total,0.7135519747065024,2024-10-20,0.018747222514021864,4583,brabazon course at the belfry
25089,"Mory , Felix",4342,infinitum golf lakes course,sg_total,0.6019986958727488,2023-11-15,0.013451668180052855,4583,brabazon course at the belfry
25089,"Mory , Felix",4656,hangzhou west lake golf club,sg_total,0.8559870769289292,2025-10-19,0.013403730338254597,4583,brabazon course at the belfry
25089,"Mory , Felix",4062,golf saint apollinaire,sg_total,0.4889475768792571,2022-09-25,0.011546956519131003,4583,brabazon course at the belfry
25089,"Mory , Felix",4266,gc adamstal,sg_total,0.5663743633919324,2023-07-16,0.010927962420955005,4583,brabazon course at the belfry
25089,"Mory , Felix",4517,iberostar real club de golf novo sancti petri,sg_total,0.6676441212689289,2024-06-09,0.00957613115708546,4583,brabazon course at the belfry
25089,"Mory , Felix",4673,club de golf alcanada,sg_total,0.8620000071704987,2025-11-02,0.009343500353013843,4583,brabazon course at the belfry
25089,"Mory , Felix",4486,kaskáda golf resort,sg_total,0.669984969788664,2024-06-16,0.008777889557221478,4583,brabazon course at the belfry
25089,"Mory , Felix",4484,royal óbidos spa & golf resort,sg_total,0.7011734432085724,2024-09-15,0.008258418753316983,4583,brabazon course at the belfry
25089,"Mory , Felix",4063,golf international de pont royal,sg_total,0.4906618916992401,2022-10-02,0.006640095834930192,4583,brabazon course at the belfry
25089,"Mory , Felix",4071,koro creek golf club,sg_total,0.44798299718474366,2022-04-03,0.006259731324629074,4583,brabazon course at the belfry
25089,"Mory , Felix",4055,vierumäki resort,sg_total,0.4771139155210344,2022-08-07,0.0058354666115829675,4583,brabazon course at the belfry
25089,"Mory , Felix",4049,golf blue green de pléneuf val andré,sg_total,0.4671989943381879,2022-06-26,0.005759615277769082,4583,brabazon course at the belfry
25089,"Mory , Felix",4654,royal óbidos spa & golf resort,sg_total,0.8411376148446232,2025-09-14,0.004527684302982829,4583,brabazon course at the belfry
25089,"Mory , Felix",4617,royal cape golf club,sg_total,0.7546509156752821,2025-02-09,0.003824296641028634,4583,brabazon course at the belfry
25089,"Mory , Felix",3916,vierumäki resort,sg_total,0.39772279950933415,2021-08-08,0.0033448541280417833,4583,brabazon course at the belfry
25089,"Mory , Felix",4618,montagu,sg_total,0.7572968215143355,2025-02-16,0.00329527850331926,4583,brabazon course at the belfry
25089,"Mory , Felix",4104,iberostar real club de golf novo sancti petri,sg_total,0.4590941362868942,2022-05-22,0.0012519176866315448,4583,brabazon course at the belfry
25089,"Mory , Felix",4301,golf nazionale,sg_total,0.5643955181193583,2023-07-09,0.0010290362773259802,4583,brabazon course at the belfry
25089,"Mory , Felix",4489,golf saint apollinaire,sg_total,0.7060988762143844,2024-09-29,0.0008420349092436232,4583,brabazon course at the belfry
25089,"Mory , Felix",4817,national gc,sg_total,0.9441218903864221,2026-05-03,-0.00018151850772790196,4583,brabazon course at the belfry
25089,"Mory , Felix",4653,rosa golf club,sg_total,0.8381987791551844,2025-09-07,-0.0010801450712383614,4583,brabazon course at the belfry
25089,"Mory , Felix",4353,danzhou ancient saltern golf club,sg_total,0.5930361029297179,2023-10-16,-0.0020015546798721998,4583,brabazon course at the belfry
25089,"Mory , Felix",4066,club de golf alcanada,sg_total,0.4993240476038332,2022-11-06,-0.002544297845579474,4583,brabazon course at the belfry
25089,"Mory , Felix",4267,wittelsbacher golfclub,sg_total,0.5683601467575404,2023-07-23,-0.003186693275183357,4583,brabazon course at the belfry
25089,"Mory , Felix",4276,club de golf alcanada,sg_total,0.5989962148511054,2023-11-05,-0.003223670479513843,4583,brabazon course at the belfry
25089,"Mory , Felix",4056,frederikshavn golfklub,sg_total,0.47878673996045235,2022-08-14,-0.0034494791572875715,4583,brabazon course at the belfry
25089,"Mory , Felix",4563,sanya luhuitou gc,sg_total,0.7110589082064097,2024-10-13,-0.0038542653207795587,4583,brabazon course at the belfry
25089,"Mory , Felix",4724,royal johannesburg east course,sg_total,0.880293415834221,2025-12-14,-0.004761053141126117,4583,brabazon course at the belfry
25089,"Mory , Felix",4637,classic golf & country club,sg_total,0.7706661563760512,2025-03-23,-0.00543514996766742,4583,brabazon course at the belfry
25089,"Mory , Felix",4271,askersunds golfklubb,sg_total,0.5783939893780083,2023-08-27,-0.008584216481113132,4583,brabazon course at the belfry
25089,"Mory , Felix",4051,golf pga france du vaudreuil,sg_total,0.47048086042893056,2022-07-10,-0.010764506562146689,4583,brabazon course at the belfry
25089,"Mory , Felix",4651,vierumäki resort,sg_total,0.8294437363854039,2025-08-17,-0.012041235218688462,4583,brabazon course at the belfry
25089,"Mory , Felix",4487,golf bluegreen de pléneuf val andré,sg_total,0.6723340256326573,2024-06-23,-0.016304388602787167,4583,brabazon course at the belfry
25089,"Mory , Felix",4150,st. mellion estate,sg_total,0.4923822171335323,2022-10-09,-0.016408041857269733,4583,brabazon course at the belfry
25089,"Mory , Felix",4827,blackstone course mission hills,sg_total,0.9245020599315531,2026-03-22,-0.03706464352178493,4583,brabazon course at the belfry
25089,"Mory, Felix",934,Hurstbourne Country Club,sg_total,0.9777512371933363,2026-07-12,0.02378013434756819,4583,brabazon course at the belfry
25089,"Mory, Felix",3651,diamond cc,sg_total,0.3269330072071321,2020-07-12,0.0061778546584845915,4583,brabazon course at the belfry
19429,"Naidoo, Dylan",4369,la reserve gc,sg_total,0.6117081434533598,2023-12-17,0.01781891169196169,4583,brabazon course at the belfry
19429,"Naidoo, Dylan",4266,gc adamstal,sg_total,0.5663743633919324,2023-07-16,0.01113151845488181,4583,brabazon course at the belfry
19429,"Naidoo, Dylan",4817,national gc,sg_total,0.9441218903864221,2026-05-03,0.010865604311889408,4583,brabazon course at the belfry
19429,"Naidoo, Dylan",4487,golf bluegreen de pléneuf val andré,sg_total,0.6723340256326573,2024-06-23,0.009530763241545087,4583,brabazon course at the belfry
19429,"Naidoo, Dylan",4621,gut altentann gc,sg_total,0.798117060447891,2025-06-01,0.007879149024480827,4583,brabazon course at the belfry
19429,"Naidoo, Dylan",4786,circolo golf torino,sg_total,0.9709308776411942,2026-06-28,0.0056424480995112235,4583,brabazon course at the belfry
19429,"Naidoo, Dylan",4080,schoeman park golf club,sg_total,0.4417549333953923,2022-03-06,0.00481055229393119,4583,brabazon course at the belfry
19429,"Naidoo, Dylan",4592,yas links,sg_total,0.8650222931107413,2025-11-09,0.0014851897771058142,4583,brabazon course at the belfry
19429,"Naidoo, Dylan",4619,regnum carya golf & spa resort,sg_total,0.7897806739328027,2025-05-11,-8.4090343652073e-05,4583,brabazon course at the belfry
19429,"Naidoo, Dylan",4183,mont choisy le golf,sg_total,0.5099207283259416,2022-12-18,-0.0010793275257439648,4583,brabazon course at the belfry
19429,"Naidoo, Dylan",4582,furesø golf klub,sg_total,0.8294437363854039,2025-08-17,-0.0031129246893985604,4583,brabazon course at the belfry
19429,"Naidoo, Dylan",3935,gary player cc,sg_total,0.3518677092565612,2020-12-06,-0.00491169989587327,4583,brabazon course at the belfry
19429,"Naidoo, Dylan",3898,randpark gc firethorn course,sg_total,0.647908861828359,2020-11-22,-0.005046797177875563,4583,brabazon course at the belfry
19429,"Naidoo, Dylan",4617,royal cape golf club,sg_total,0.7546509156752821,2025-02-09,-0.006051056697863471,4583,brabazon course at the belfry
19429,"Naidoo, Dylan",4723,gary player cc,sg_total,0.8772177743910435,2025-12-07,-0.009259590819142693,4583,brabazon course at the belfry
19429,"Naidoo, Dylan",4181,blair atholl golf & equestrian estate,sg_total,0.5063637471859777,2022-12-04,-0.009460760891458352,4583,brabazon course at the belfry
19429,"Naidoo, Dylan",3495,glendower gc,sg_total,0.17290724229171636,2017-01-15,-0.009748585935416651,4583,brabazon course at the belfry
19429,"Naidoo, Dylan",4237,club at steyn city,sg_total,0.5355291261520809,2023-03-26,-0.011882927947466137,4583,brabazon course at the belfry
19429,"Naidoo, Dylan",4559,leopard creek cc,sg_total,0.733813771398553,2024-12-15,-0.016473834993815734,4583,brabazon course at the belfry
19429,"Naidoo, Dylan",4782,dlf g&cc player course,sg_total,0.9277434863285529,2026-03-29,-0.016620772930388678,4583,brabazon course at the belfry
19429,"Naidoo, Dylan",4724,royal johannesburg east course,sg_total,0.880293415834221,2025-12-14,-0.031597952575414714,4583,brabazon course at the belfry
19429,"Naidoo, Dylan",4731,houghton gc,sg_total,0.9180531430541589,2026-03-08,-0.0401833981486809,4583,brabazon course at the belfry
21074,"Nakajima(Am), Keita",-1,Unknown,sg_total,6.0078157446060985,2022-06-05,0.027609105185808187,4583,brabazon course at the belfry
21074,"Nakajima, Keita",947,Detroit Golf Club,sg_total,0.9880717128619305,2026-08-02,0.022696704649915068,4583,brabazon course at the belfry
21074,"Nakajima, Keita",875,ACCORDIA GOLF Narashino Country Club,sg_total,1.5022601659024288,2023-10-22,0.020736160392156706,4583,brabazon course at the belfry
21074,"Nakajima, Keita",4592,yas links,sg_total,0.8650222931107413,2025-11-09,0.01963791832808965,4583,brabazon course at the belfry
21074,"Nakajima, Keita",925,Dunes Golf and Beach Club,sg_total,0.9474321065017983,2026-05-10,0.015930143387549143,4583,brabazon course at the belfry
21074,"Nakajima, Keita",4372,al hamra gc,sg_total,0.6246898452608237,2024-01-28,0.014045635016650205,4583,brabazon course at the belfry
21074,"Nakajima, Keita",4593,jumeirah golf estates,sg_total,0.8680551755848918,2025-11-16,0.009090994982553498,4583,brabazon course at the belfry
21074,"Nakajima, Keita",4621,gut altentann gc,sg_total,0.798117060447891,2025-06-01,0.008553461012348228,4583,brabazon course at the belfry
21074,"Nakajima, Keita",4584,crans-sur-sierre gc,sg_total,0.835270211411272,2025-08-31,0.007995727660683388,4583,brabazon course at the belfry
21074,"Nakajima, Keita",4375,laguna national g&cc classic course,sg_total,0.6424283409681188,2024-03-24,0.006610895943295201,4583,brabazon course at the belfry
21074,"Nakajima, Keita",654,The Country Club,sg_total,0.46556665611623754,2022-06-19,-0.006911968403209809,4583,brabazon course at the belfry
21074,"Nakajima, Keita",928,PGA National  - Champion Course,sg_total,0.9148455735744521,2026-03-01,-0.017679071893536392,4583,brabazon course at the belfry
21074,"Nakajima, Keita",714,TPC Louisiana,sg_total,0.9408232397760097,2026-04-26,-0.02876972273924894,4583,brabazon course at the belfry
21074,"Nakajima, Keita",-1,Unknown,sg_total,6.380668304187328,2025-12-07,-0.03498404261595393,4583,brabazon course at the belfry
15676,"Norgaard, Niklas",714,TPC Louisiana,sg_total,0.7842715137715565,2025-04-27,0.025481060107822164,4583,brabazon course at the belfry
15676,"Norgaard, Niklas",925,Dunes Golf and Beach Club,sg_total,0.7897806739328027,2025-05-11,0.018266757516561417,4583,brabazon course at the belfry
15676,"Norgaard, Niklas",765,Port Royal Golf Course,sg_total,0.8680551755848918,2025-11-16,0.013398393556505689,4583,brabazon course at the belfry
15676,"Norgaard, Niklas",618,Shinnecock Hills Golf Club,sg_total,0.967538559589032,2026-06-21,0.011880499727049946,4583,brabazon course at the belfry
15676,"Norgaard, Niklas",928,PGA National  - Champion Course,sg_total,0.7626164964050653,2025-03-02,0.0101260530749822,4583,brabazon course at the belfry
15676,"Norgaard, Niklas",978,Vidanta Vallarta,sg_total,0.7599520042489227,2025-02-23,0.004547597768307098,4583,brabazon course at the belfry
15676,"Norgaard, Niklas",897,Memorial Park Golf Course,sg_total,0.7733682137654491,2025-03-30,-0.0017401847011074025,4583,brabazon course at the belfry
15676,"Norgaard, Niklas",890,Tahoe Mountain Club (Old Greenwood),sg_total,0.5683601467575404,2023-07-23,-0.00539724896814715,4583,brabazon course at the belfry
7677,"Norris, Shaun",4724,royal johannesburg east course,sg_total,0.880293415834221,2025-12-14,0.03468918374474359,4583,brabazon course at the belfry
7677,"Norris, Shaun",4723,gary player cc,sg_total,0.8772177743910435,2025-12-07,0.02320051297727908,4583,brabazon course at the belfry
7677,"Norris, Shaun",4559,leopard creek cc,sg_total,0.733813771398553,2024-12-15,0.0156281301995418,4583,brabazon course at the belfry
7677,"Norris, Shaun",3898,randpark gc firethorn course,sg_total,0.647908861828359,2020-11-22,0.009883672910020524,4583,brabazon course at the belfry
7677,"Norris, Shaun",875,ACCORDIA GOLF Narashino Country Club,sg_total,0.7005556640010555,2021-10-24,0.008219633380834064,4583,brabazon course at the belfry
7677,"Norris, Shaun",3906,al mouj golf,sg_total,0.305899090813104,2020-03-01,0.006020330187919537,4583,brabazon course at the belfry
7677,"Norris, Shaun",3769,royal greens,sg_total,0.25145279522530517,2019-02-03,0.00307844577183302,4583,brabazon course at the belfry
7677,"Norris, Shaun",4186,emirates gc,sg_total,0.520742292353521,2023-01-29,0.0014112562578938222,4583,brabazon course at the belfry
7677,"Norris, Shaun",658,Carnoustie GC,sg_total,0.22797940113688214,2018-07-22,0.0013170412237187576,4583,brabazon course at the belfry
7677,"Norris, Shaun",3495,glendower gc,sg_total,0.17290724229171636,2017-01-15,0.0011312142218308748,4583,brabazon course at the belfry
7677,"Norris, Shaun",3501,royal johannesburg west course,sg_total,0.17657668871613386,2017-02-26,-8.501673514514582e-05,4583,brabazon course at the belfry
7677,"Norris, Shaun",3765,randpark gc firethorn course,sg_total,0.2445097728767429,2018-12-09,-0.0005831852775870359,4583,brabazon course at the belfry
7677,"Norris, Shaun",4030,gary player cc,sg_total,0.5010747437014489,2022-11-13,-0.0008218041401820649,4583,brabazon course at the belfry
7677,"Norris, Shaun",3935,gary player cc,sg_total,0.3518677092565612,2020-12-06,-0.0012545031189380264,4583,brabazon course at the belfry
7677,"Norris, Shaun",4193,kingsbarns golf links,sg_total,0.4906618916992401,2022-10-02,-0.0020662545590050146,4583,brabazon course at the belfry
7677,"Norris, Shaun",4181,blair atholl golf & equestrian estate,sg_total,0.5063637471859777,2022-12-04,-0.0033990501562587627,4583,brabazon course at the belfry
7677,"Norris, Shaun",4237,club at steyn city,sg_total,0.5355291261520809,2023-03-26,-0.003445501513388892,4583,brabazon course at the belfry
7677,"Norris, Shaun",3862,himmerland golf & spa resort,sg_total,0.2631581754560287,2019-05-05,-0.003939994245789495,4583,brabazon course at the belfry
7677,"Norris, Shaun",654,The Country Club,sg_total,0.46556665611623754,2022-06-19,-0.0056037053051132745,4583,brabazon course at the belfry
7677,"Norris, Shaun",4035,royal cape golf club,sg_total,0.4386734466479678,2022-02-20,-0.006279386418044073,4583,brabazon course at the belfry
7677,"Norris, Shaun",4592,yas links,sg_total,0.8650222931107413,2025-11-09,-0.008933520419503897,4583,brabazon course at the belfry
7677,"Norris, Shaun",4731,houghton gc,sg_total,0.9180531430541589,2026-03-08,-0.010474816288535894,4583,brabazon course at the belfry
7677,"Norris, Shaun",4593,jumeirah golf estates,sg_total,0.8680551755848918,2025-11-16,-0.012179098834274947,4583,brabazon course at the belfry
7677,"Norris, Shaun",4662,links,sg_total,0.7572968215143355,2025-02-16,-0.023546652463692305,4583,brabazon course at the belfry
7677,"Norris, Shaun",4302,jack nicklaus golf club korea,sg_total,0.544983369207548,2023-04-30,-0.026749693106230682,4583,brabazon course at the belfry
7677,"Norris, Shaun",4771,montagu,sg_total,0.9084640160687062,2026-02-15,-0.0549782867193629,4583,brabazon course at the belfry
7677,"Norris, Shaun",-1,Unknown,sg_total,37.81796919333334,2026-06-07,-0.07289425807990853,4583,brabazon course at the belfry
25611,"Olesen(Am), Jacob Skov",-1,Unknown,sg_total,0.7135519747065024,2024-10-20,-0.009142519573519541,4583,brabazon course at the belfry
25611,"Olesen, Jacob Skov",4782,dlf g&cc player course,sg_total,0.9277434863285529,2026-03-29,0.01969711369492358,4583,brabazon course at the belfry
25611,"Olesen, Jacob Skov",4817,national gc,sg_total,0.9441218903864221,2026-05-03,0.018316181314941428,4583,brabazon course at the belfry
25611,"Olesen, Jacob Skov",714,TPC Louisiana,sg_total,0.9408232397760097,2026-04-26,0.017876310372143742,4583,brabazon course at the belfry
25611,"Olesen, Jacob Skov",4593,jumeirah golf estates,sg_total,0.8680551755848918,2025-11-16,0.016790837405683542,4583,brabazon course at the belfry
25611,"Olesen, Jacob Skov",4534,infinitum golf lakes course,sg_total,0.7221661802661196,2024-11-13,0.012838238328843494,4583,brabazon course at the belfry
25611,"Olesen, Jacob Skov",4592,yas links,sg_total,0.8650222931107413,2025-11-09,0.011128340810722136,4583,brabazon course at the belfry
25611,"Olesen, Jacob Skov",4619,regnum carya golf & spa resort,sg_total,0.7897806739328027,2025-05-11,0.007124266546517384,4583,brabazon course at the belfry
25611,"Olesen, Jacob Skov",4555,kingston heath gc,sg_total,0.7286950115597843,2024-12-01,0.0029636632026547576,4583,brabazon course at the belfry
25611,"Olesen, Jacob Skov",4809,royal johannesburg east course (par 70),sg_total,0.880293415834221,2025-12-14,-0.0006288406699097266,4583,brabazon course at the belfry
25611,"Olesen, Jacob Skov",4786,circolo golf torino,sg_total,0.9709308776411942,2026-06-28,-0.001987469397776231,4583,brabazon course at the belfry
25611,"Olesen, Jacob Skov",4621,gut altentann gc,sg_total,0.798117060447891,2025-06-01,-0.004207580108443257,4583,brabazon course at the belfry
25611,"Olesen, Jacob Skov",4723,gary player cc,sg_total,0.8772177743910435,2025-12-07,-0.005832896499945286,4583,brabazon course at the belfry
25611,"Olesen, Jacob Skov",4731,houghton gc,sg_total,0.9180531430541589,2026-03-08,-0.006833874821930002,4583,brabazon course at the belfry
25611,"Olesen, Jacob Skov",934,Hurstbourne Country Club,sg_total,1.792805979110845,2026-07-12,-0.009745447592813669,4583,brabazon course at the belfry
25611,"Olesen, Jacob Skov",4584,crans-sur-sierre gc,sg_total,0.835270211411272,2025-08-31,-0.012799321892013547,4583,brabazon course at the belfry
25611,"Olesen, Jacob Skov",4582,furesø golf klub,sg_total,0.8294437363854039,2025-08-17,-0.031394689280153446,4583,brabazon course at the belfry
13412,"Olesen, Thorbjorn",4372,al hamra gc,sg_total,0.6246898452608237,2024-01-28,0.02317906749518783,4583,brabazon course at the belfry
13412,"Olesen, Thorbjorn",4235,gary player cc,sg_total,0.6010963747389753,2023-11-12,0.020918677847857392,4583,brabazon course at the belfry
13412,"Olesen, Thorbjorn",925,Dunes Golf and Beach Club,sg_total,1.4481429023576298,2025-05-11,0.017972288785091255,4583,brabazon course at the belfry
13412,"Olesen, Thorbjorn",930,Black Desert Resort,sg_total,0.8589882807411235,2025-10-26,0.0178684524545783,4583,brabazon course at the belfry
13412,"Olesen, Thorbjorn",4402,le golf national,sg_total,0.7110589082064097,2024-10-13,0.017108368826597435,4583,brabazon course at the belfry
13412,"Olesen, Thorbjorn",4227,le golf national,sg_total,0.5865484532875249,2023-09-24,0.010181388419419419,4583,brabazon course at the belfry
13412,"Olesen, Thorbjorn",947,Detroit Golf Club,sg_total,0.9880717128619305,2026-08-02,0.00946186135785629,4583,brabazon course at the belfry
13412,"Olesen, Thorbjorn",4401,carnoustie,sg_total,0.7085745521868345,2024-10-06,0.008630268457706656,4583,brabazon course at the belfry
13412,"Olesen, Thorbjorn",4200,yas links,sg_total,0.5189228801589404,2023-01-22,0.008456819129336936,4583,brabazon course at the belfry
13412,"Olesen, Thorbjorn",4186,emirates gc,sg_total,0.520742292353521,2023-01-29,0.006647579393376547,4583,brabazon course at the belfry
13412,"Olesen, Thorbjorn",3943,meloneras golf,sg_total,0.37738099689684185,2021-04-25,0.005686865595165603,4583,brabazon course at the belfry
13412,"Olesen, Thorbjorn",4017,real club valderrama,sg_total,0.4941085742561417,2022-10-16,0.00468473116094237,4583,brabazon course at the belfry
13412,"Olesen, Thorbjorn",3519,barsebäck g&cc,sg_total,0.18544443195597088,2017-06-04,0.00452598510780698,4583,brabazon course at the belfry
13412,"Olesen, Thorbjorn",658,Carnoustie GC,sg_total,0.22797940113688214,2018-07-22,0.004346740032987649,4583,brabazon course at the belfry
13412,"Olesen, Thorbjorn",3981,emirates gc,sg_total,0.43409147291705774,2022-01-30,0.0042975952105118505,4583,brabazon course at the belfry
13412,"Olesen, Thorbjorn",4075,doha gc,sg_total,0.4464177973920421,2022-03-27,0.00415353765854296,4583,brabazon course at the belfry
13412,"Olesen, Thorbjorn",4371,emirates gc,sg_total,0.6225072525676867,2024-01-21,0.003557228276276135,4583,brabazon course at the belfry
13412,"Olesen, Thorbjorn",3674,regnum carya golf & spa resort,sg_total,0.2402680749592907,2018-11-04,0.003458107000902364,4583,brabazon course at the belfry
13412,"Olesen, Thorbjorn",4011,himmerland golf & spa resort,sg_total,0.483840486467991,2022-09-04,0.002963473070163463,4583,brabazon course at the belfry
13412,"Olesen, Thorbjorn",23,Muirfield Village Golf Club,sg_total,0.2616323663454185,2016-06-05,0.00220302200304435,4583,brabazon course at the belfry
13412,"Olesen, Thorbjorn",539,Royal Lytham St. Anne,sg_total,0.07623001471101583,2012-07-22,0.0021349368509707674,4583,brabazon course at the belfry
13412,"Olesen, Thorbjorn",697,Ocean Course at Kiawah Island,sg_total,0.07703464679135964,2012-08-12,0.001685460435704539,4583,brabazon course at the belfry
13412,"Olesen, Thorbjorn",4236,jumeirah golf estates,sg_total,0.6032038980649524,2023-11-19,0.0016088951905967115,4583,brabazon course at the belfry
13412,"Olesen, Thorbjorn",3637,emirates gc,sg_total,0.20887902966927693,2018-01-28,0.0010497149910454321,4583,brabazon course at the belfry
13412,"Olesen, Thorbjorn",618,Shinnecock Hills Golf Club,sg_total,0.22402446821274175,2018-06-17,0.001003193969253209,4583,brabazon course at the belfry
13412,"Olesen, Thorbjorn",3538,kingsbarns golf links,sg_total,0.19750329721911253,2017-10-08,0.0004340249830461071,4583,brabazon course at the belfry
13412,"Olesen, Thorbjorn",3862,himmerland golf & spa resort,sg_total,0.3840432893753353,2021-05-30,0.0003929243466653339,4583,brabazon course at the belfry
13412,"Olesen, Thorbjorn",4582,furesø golf klub,sg_total,0.8294437363854039,2025-08-17,0.0003448443799792073,4583,brabazon course at the belfry
13412,"Olesen, Thorbjorn",734,PGA National Resort (The Champion),sg_total,0.10228420671553744,2014-03-02,-2.8366066623216254e-05,4583,brabazon course at the belfry
13412,"Olesen, Thorbjorn",4023,jumeirah golf estates,sg_total,0.5028315779709409,2022-11-20,-0.00016040345716139084,4583,brabazon course at the belfry
13412,"Olesen, Thorbjorn",3664,silkeborg ry gc,sg_total,0.2328175917601019,2018-09-02,-0.00044560817085570877,4583,brabazon course at the belfry
13412,"Olesen, Thorbjorn",503,TPC River Highlands,sg_total,0.10817554010518914,2014-06-22,-0.000449678157504219,4583,brabazon course at the belfry
13412,"Olesen, Thorbjorn",3650,wentworth golf club,sg_total,0.22168451753581914,2018-05-27,-0.0012617283574677533,4583,brabazon course at the belfry
13412,"Olesen, Thorbjorn",4723,gary player cc,sg_total,0.8772177743910435,2025-12-07,-0.001841562803564177,4583,brabazon course at the belfry
13412,"Olesen, Thorbjorn",765,Port Royal Golf Course,sg_total,0.8680551755848918,2025-11-16,-0.0019306588116811496,4583,brabazon course at the belfry
13412,"Olesen, Thorbjorn",4030,gary player cc,sg_total,0.5010747437014489,2022-11-13,-0.002233236561779038,4583,brabazon course at the belfry
13412,"Olesen, Thorbjorn",3544,verdura gc,sg_total,0.22013814453292976,2018-05-13,-0.0028606166334244148,4583,brabazon course at the belfry
13412,"Olesen, Thorbjorn",3769,royal greens,sg_total,0.25145279522530517,2019-02-03,-0.0030940172912092205,4583,brabazon course at the belfry
13412,"Olesen, Thorbjorn",243,Trinity Forest Golf Club,sg_total,0.26408084279608046,2019-05-12,-0.004226592669814292,4583,brabazon course at the belfry
13412,"Olesen, Thorbjorn",978,Vidanta Vallarta,sg_total,1.3934490136424493,2025-02-23,-0.00461700473246909,4583,brabazon course at the belfry
13412,"Olesen, Thorbjorn",3678,walton heath gc,sg_total,0.2377584587145598,2018-10-14,-0.005276950658133986,4583,brabazon course at the belfry
13412,"Olesen, Thorbjorn",729,Golf Club of Houston,sg_total,0.08646634637465792,2013-03-31,-0.007614159204119863,4583,brabazon course at the belfry
13412,"Olesen, Thorbjorn",714,TPC Louisiana,sg_total,1.3273507753190592,2025-04-27,-0.007998897133605166,4583,brabazon course at the belfry
13412,"Olesen, Thorbjorn",3876,crans-sur-sierre gc,sg_total,0.4019208903110026,2021-08-29,-0.009526286620692697,4583,brabazon course at the belfry
13412,"Olesen, Thorbjorn",897,Memorial Park Golf Course,sg_total,2.3457924797238032,2026-03-29,-0.01253644224616271,4583,brabazon course at the belfry
13412,"Olesen, Thorbjorn",654,The Country Club,sg_total,0.46556665611623754,2022-06-19,-0.01421056408073139,4583,brabazon course at the belfry
13412,"Olesen, Thorbjorn",928,PGA National  - Champion Course,sg_total,2.3131802036059317,2026-03-01,-0.01721203640076543,4583,brabazon course at the belfry
13412,"Olesen, Thorbjorn",876,Detroit Golf Club,sg_total,1.484060598629598,2025-06-29,-0.026116878209518034,4583,brabazon course at the belfry
16549,"Paratore, Renato",4710,sanya luhuitou gc,sg_total,0.8529963589691315,2025-10-12,0.031740261107180125,4583,brabazon course at the belfry
16549,"Paratore, Renato",4653,rosa golf club,sg_total,0.8381987791551844,2025-09-07,0.015909408885933556,4583,brabazon course at the belfry
16549,"Paratore, Renato",3876,crans-sur-sierre gc,sg_total,0.4019208903110026,2021-08-29,0.013559662474369386,4583,brabazon course at the belfry
16549,"Paratore, Renato",4016,club de campo villa de madrid,sg_total,0.4923822171335323,2022-10-09,0.01260583714517224,4583,brabazon course at the belfry
16549,"Paratore, Renato",-1,Unknown,sg_total,0.8500160902253981,2025-10-05,0.011888792699426939,4583,brabazon course at the belfry
16549,"Paratore, Renato",4181,blair atholl golf & equestrian estate,sg_total,0.5063637471859777,2022-12-04,0.010121577092090652,4583,brabazon course at the belfry
16549,"Paratore, Renato",4017,real club valderrama,sg_total,0.4941085742561417,2022-10-16,0.00956102469014147,4583,brabazon course at the belfry
16549,"Paratore, Renato",3793,crans-sur-sierre gc,sg_total,0.2792912876603469,2019-09-01,0.009171283857722645,4583,brabazon course at the belfry
16549,"Paratore, Renato",4342,infinitum golf lakes course,sg_total,0.6019986958727488,2023-11-15,0.008755371756953135,4583,brabazon course at the belfry
16549,"Paratore, Renato",4207,golfclub münchen eichenried,sg_total,0.5604585449744904,2023-06-25,0.008274074341164008,4583,brabazon course at the belfry
16549,"Paratore, Renato",4227,le golf national,sg_total,0.5865484532875249,2023-09-24,0.006998376794314387,4583,brabazon course at the belfry
16549,"Paratore, Renato",3972,golf santa ponsa,sg_total,0.41333370907465194,2021-10-24,0.006806680638550514,4583,brabazon course at the belfry
16549,"Paratore, Renato",3519,barsebäck g&cc,sg_total,0.18544443195597088,2017-06-04,0.005846857410536984,4583,brabazon course at the belfry
16549,"Paratore, Renato",3792,hills golf & sports club,sg_total,0.27831547681864865,2019-08-25,0.005804027675370058,4583,brabazon course at the belfry
16549,"Paratore, Renato",4369,la reserve gc,sg_total,0.6117081434533598,2023-12-17,0.005733366038916483,4583,brabazon course at the belfry
16549,"Paratore, Renato",4654,royal óbidos spa & golf resort,sg_total,0.8411376148446232,2025-09-14,0.00573063854966409,4583,brabazon course at the belfry
16549,"Paratore, Renato",4534,infinitum golf lakes course,sg_total,0.7221661802661196,2024-11-13,0.004971182177731221,4583,brabazon course at the belfry
16549,"Paratore, Renato",3769,royal greens,sg_total,0.25145279522530517,2019-02-03,0.004835761217619651,4583,brabazon course at the belfry
16549,"Paratore, Renato",3674,regnum carya golf & spa resort,sg_total,0.2402680749592907,2018-11-04,0.004648091546967479,4583,brabazon course at the belfry
16549,"Paratore, Renato",3671,carnoustie,sg_total,0.23692775868212176,2018-10-07,0.004401021415082345,4583,brabazon course at the belfry
16549,"Paratore, Renato",4011,himmerland golf & spa resort,sg_total,0.483840486467991,2022-09-04,0.003886713292860346,4583,brabazon course at the belfry
16549,"Paratore, Renato",3802,dom pedro victoria golf course,sg_total,0.28722195492640357,2019-10-27,0.0037689405350542554,4583,brabazon course at the belfry
16549,"Paratore, Renato",4267,wittelsbacher golfclub,sg_total,0.5683601467575404,2023-07-23,0.003452113668763635,4583,brabazon course at the belfry
16549,"Paratore, Renato",3651,diamond cc,sg_total,0.3269330072071321,2020-07-12,0.003236937344834717,4583,brabazon course at the belfry
16549,"Paratore, Renato",3544,verdura gc,sg_total,0.1841508537381482,2017-05-21,0.00208630099901483,4583,brabazon course at the belfry
16549,"Paratore, Renato",3663,albatross golf resort,sg_total,0.23200415453447004,2018-08-26,0.002009209756445321,4583,brabazon course at the belfry
16549,"Paratore, Renato",3763,racv royal pines resort,sg_total,0.24365548454833486,2018-12-02,0.0018812780986455443,4583,brabazon course at the belfry
16549,"Paratore, Renato",4401,carnoustie,sg_total,0.7085745521868345,2024-10-06,0.0016743354578265277,4583,brabazon course at the belfry
16549,"Paratore, Renato",4634,victoria gc,sg_total,0.7286950115597843,2024-12-01,0.0012846326036029556,4583,brabazon course at the belfry
16549,"Paratore, Renato",3779,royal golf dar es salam red course,sg_total,0.2622387318069171,2019-04-28,0.0005844770898935163,4583,brabazon course at the belfry
16549,"Paratore, Renato",3501,royal johannesburg west course,sg_total,0.17657668871613386,2017-02-26,0.0002701847221707461,4583,brabazon course at the belfry
16549,"Paratore, Renato",3637,emirates gc,sg_total,0.20887902966927693,2018-01-28,-0.00012182933046084245,4583,brabazon course at the belfry
16549,"Paratore, Renato",4817,national gc,sg_total,0.9441218903864221,2026-05-03,-0.0007452526988125338,4583,brabazon course at the belfry
16549,"Paratore, Renato",4076,zebula golf estate  spa,sg_total,0.3433516974975665,2020-10-18,-0.0008051169713952406,4583,brabazon course at the belfry
16549,"Paratore, Renato",4721,royal queensland gc,sg_total,0.8741528788765721,2025-11-30,-0.0008300406802515208,4583,brabazon course at the belfry
16549,"Paratore, Renato",4617,royal cape golf club,sg_total,0.7546509156752821,2025-02-09,-0.0009612990147499295,4583,brabazon course at the belfry
16549,"Paratore, Renato",4656,hangzhou west lake golf club,sg_total,0.8559870769289292,2025-10-19,-0.0010079173753380197,4583,brabazon course at the belfry
16549,"Paratore, Renato",4075,doha gc,sg_total,0.4464177973920421,2022-03-27,-0.002015998654365688,4583,brabazon course at the belfry
16549,"Paratore, Renato",3906,al mouj golf,sg_total,0.305899090813104,2020-03-01,-0.002578618610160927,4583,brabazon course at the belfry
16549,"Paratore, Renato",3862,himmerland golf & spa resort,sg_total,0.647201464831364,2021-05-30,-0.002780277175752813,4583,brabazon course at the belfry
16549,"Paratore, Renato",4183,mont choisy le golf,sg_total,0.5099207283259416,2022-12-18,-0.003049745950231285,4583,brabazon course at the belfry
16549,"Paratore, Renato",3650,wentworth golf club,sg_total,0.22168451753581914,2018-05-27,-0.003845655499720535,4583,brabazon course at the belfry
16549,"Paratore, Renato",4637,classic golf & country club,sg_total,0.7706661563760512,2025-03-23,-0.0039022777504620887,4583,brabazon course at the belfry
16549,"Paratore, Renato",4382,rinkven international gc,sg_total,0.6629869316007273,2024-05-26,-0.004440174462917658,4583,brabazon course at the belfry
16549,"Paratore, Renato",3678,walton heath gc,sg_total,0.2377584587145598,2018-10-14,-0.00472971459172798,4583,brabazon course at the belfry
16549,"Paratore, Renato",4221,galgorm castle golf club,sg_total,0.5763731489488771,2023-08-20,-0.005726704480505122,4583,brabazon course at the belfry
16549,"Paratore, Renato",4317,twentsche gc,sg_total,0.550735842216777,2023-05-21,-0.006666256989557097,4583,brabazon course at the belfry
16549,"Paratore, Renato",3901,royal greens,sg_total,0.664774302223504,2021-02-07,-0.008046436607079224,4583,brabazon course at the belfry
16549,"Paratore, Renato",4377,genzon gc,sg_total,0.6560619883935562,2024-05-05,-0.009311830188361549,4583,brabazon course at the belfry
16549,"Paratore, Renato",3774,doha gc,sg_total,0.25589194844208374,2019-03-10,-0.009761825220012052,4583,brabazon course at the belfry
16549,"Paratore, Renato",4673,club de golf alcanada,sg_total,0.8620000071704987,2025-11-02,-0.010466094169363076,4583,brabazon course at the belfry
16549,"Paratore, Renato",4375,laguna national g&cc classic course,sg_total,0.6424283409681188,2024-03-24,-0.012203881885831484,4583,brabazon course at the belfry
16549,"Paratore, Renato",934,Hurstbourne Country Club,sg_total,0.9777512371933363,2026-07-12,-0.017583922612758016,4583,brabazon course at the belfry
16549,"Paratore, Renato",4786,circolo golf torino,sg_total,0.9709308776411942,2026-06-28,-0.01808827743222141,4583,brabazon course at the belfry
16549,"Paratore, Renato",4731,houghton gc,sg_total,0.9180531430541589,2026-03-08,-0.02326926096382048,4583,brabazon course at the belfry
13764,"Parry, John",4487,golf bluegreen de pléneuf val andré,sg_total,0.6723340256326573,2024-06-23,0.02532435148518305,4583,brabazon course at the belfry
13764,"Parry, John",4529,argentario gc,sg_total,0.7036318499619978,2024-09-22,0.022637361291891613,4583,brabazon course at the belfry
13764,"Parry, John",618,Shinnecock Hills Golf Club,sg_total,0.967538559589032,2026-06-21,0.017226570054499946,4583,brabazon course at the belfry
13764,"Parry, John",4559,leopard creek cc,sg_total,0.733813771398553,2024-12-15,0.015037156075918873,4583,brabazon course at the belfry
13764,"Parry, John",4227,le golf national,sg_total,0.5865484532875249,2023-09-24,0.012356795996582935,4583,brabazon course at the belfry
13764,"Parry, John",4150,st. mellion estate,sg_total,0.4923822171335323,2022-10-09,0.011672236641341009,4583,brabazon course at the belfry
13764,"Parry, John",4592,yas links,sg_total,0.8650222931107413,2025-11-09,0.011671890598309746,4583,brabazon course at the belfry
13764,"Parry, John",4809,royal johannesburg east course (par 70),sg_total,0.880293415834221,2025-12-14,0.010557023567393109,4583,brabazon course at the belfry
13764,"Parry, John",4584,crans-sur-sierre gc,sg_total,0.835270211411272,2025-08-31,0.009665011442032306,4583,brabazon course at the belfry
13764,"Parry, John",4517,iberostar real club de golf novo sancti petri,sg_total,0.6676441212689289,2024-06-09,0.009159051479006638,4583,brabazon course at the belfry
13764,"Parry, John",4484,royal óbidos spa & golf resort,sg_total,0.7011734432085724,2024-09-15,0.006585485236397097,4583,brabazon course at the belfry
13764,"Parry, John",4723,gary player cc,sg_total,0.8772177743910435,2025-12-07,0.006462440128090065,4583,brabazon course at the belfry
13764,"Parry, John",4066,club de golf alcanada,sg_total,0.4993240476038332,2022-11-06,0.005975903239600512,4583,brabazon course at the belfry
13764,"Parry, John",4056,frederikshavn golfklub,sg_total,0.47878673996045235,2022-08-14,0.0057927067689643175,4583,brabazon course at the belfry
13764,"Parry, John",4062,golf saint apollinaire,sg_total,0.4889475768792571,2022-09-25,0.005140944994360605,4583,brabazon course at the belfry
13764,"Parry, John",4104,iberostar real club de golf novo sancti petri,sg_total,0.4590941362868942,2022-05-22,0.0038879087465272274,4583,brabazon course at the belfry
13764,"Parry, John",3519,barsebäck g&cc,sg_total,0.18544443195597088,2017-06-04,0.0025265582298391394,4583,brabazon course at the belfry
13764,"Parry, John",3544,verdura gc,sg_total,0.1841508537381482,2017-05-21,0.0022532491559879996,4583,brabazon course at the belfry
13764,"Parry, John",4076,zebula golf estate  spa,sg_total,0.4464177973920421,2022-03-27,0.002090283171209009,4583,brabazon course at the belfry
13764,"Parry, John",3495,glendower gc,sg_total,0.17290724229171636,2017-01-15,0.0015756328188079552,4583,brabazon course at the belfry
13764,"Parry, John",4302,jack nicklaus golf club korea,sg_total,0.544983369207548,2023-04-30,0.001420960424291478,4583,brabazon course at the belfry
13764,"Parry, John",3520,diamond cc,sg_total,0.18609462464127785,2017-06-11,0.00041614672148127365,4583,brabazon course at the belfry
13764,"Parry, John",4619,regnum carya golf & spa resort,sg_total,0.7897806739328027,2025-05-11,-0.00016607679681225873,4583,brabazon course at the belfry
13764,"Parry, John",4207,golfclub münchen eichenried,sg_total,0.5604585449744904,2023-06-25,-0.00023694365571421162,4583,brabazon course at the belfry
13764,"Parry, John",4593,jumeirah golf estates,sg_total,0.8680551755848918,2025-11-16,-0.0005948938947293308,4583,brabazon course at the belfry
13764,"Parry, John",897,Memorial Park Golf Course,sg_total,0.9277434863285529,2026-03-29,-0.0006813064735518567,4583,brabazon course at the belfry
13764,"Parry, John",4055,vierumäki resort,sg_total,0.4771139155210344,2022-08-07,-0.0016259258886791301,4583,brabazon course at the belfry
13764,"Parry, John",925,Dunes Golf and Beach Club,sg_total,0.9474321065017983,2026-05-10,-0.003158179599745431,4583,brabazon course at the belfry
13764,"Parry, John",4071,koro creek golf club,sg_total,0.44798299718474366,2022-04-03,-0.004061694405939745,4583,brabazon course at the belfry
13764,"Parry, John",4049,golf blue green de pléneuf val andré,sg_total,0.4671989943381879,2022-06-26,-0.006617135339851749,4583,brabazon course at the belfry
13764,"Parry, John",773,Aronimink Golf Club,sg_total,0.9507539286723269,2026-05-17,-0.00697717525285692,4583,brabazon course at the belfry
13764,"Parry, John",947,Detroit Golf Club,sg_total,0.9880717128619305,2026-08-02,-0.007844962229278378,4583,brabazon course at the belfry
13764,"Parry, John",3501,royal johannesburg west course,sg_total,0.17657668871613386,2017-02-26,-0.007996882304226152,4583,brabazon course at the belfry
13764,"Parry, John",4063,golf international de pont royal,sg_total,0.4906618916992401,2022-10-02,-0.008192301708574908,4583,brabazon course at the belfry
13764,"Parry, John",4555,kingston heath gc,sg_total,0.7286950115597843,2024-12-01,-0.009323842375585228,4583,brabazon course at the belfry
13764,"Parry, John",4486,kaskáda golf resort,sg_total,0.669984969788664,2024-06-16,-0.010544580192589638,4583,brabazon course at the belfry
13764,"Parry, John",4237,club at steyn city,sg_total,0.5355291261520809,2023-03-26,-0.012976328163778453,4583,brabazon course at the belfry
13764,"Parry, John",714,TPC Louisiana,sg_total,0.9408232397760097,2026-04-26,-0.01656367426377859,4583,brabazon course at the belfry
13764,"Parry, John",928,PGA National  - Champion Course,sg_total,0.9148455735744521,2026-03-01,-0.017343073598789616,4583,brabazon course at the belfry
13764,"Parry, John",4051,golf pga france du vaudreuil,sg_total,0.47048086042893056,2022-07-10,-0.03335696468663918,4583,brabazon course at the belfry
19960,"Pavon, Matthieu",928,PGA National  - Champion Course,sg_total,2.3131802036059317,2026-03-01,0.02909724109366722,4583,brabazon course at the belfry
19960,"Pavon, Matthieu",528,Pinehurst Resort & Country Club (Course No. 2),sg_total,0.669984969788664,2024-06-16,0.021182911346677036,4583,brabazon course at the belfry
19960,"Pavon, Matthieu",4207,golfclub münchen eichenried,sg_total,0.5604585449744904,2023-06-25,0.01431702944579078,4583,brabazon course at the belfry
19960,"Pavon, Matthieu",4016,club de campo villa de madrid,sg_total,0.4923822171335323,2022-10-09,0.01373785506552171,4583,brabazon course at the belfry
19960,"Pavon, Matthieu",4236,jumeirah golf estates,sg_total,0.6032038980649524,2023-11-19,0.01369479898800509,4583,brabazon course at the belfry
19960,"Pavon, Matthieu",4375,laguna national g&cc classic course,sg_total,0.6424283409681188,2024-03-24,0.01166962239588861,4583,brabazon course at the belfry
19960,"Pavon, Matthieu",3901,royal greens,sg_total,0.664774302223504,2021-02-07,0.010953088931912382,4583,brabazon course at the belfry
19960,"Pavon, Matthieu",4235,gary player cc,sg_total,0.6010963747389753,2023-11-12,0.010771448199579722,4583,brabazon course at the belfry
19960,"Pavon, Matthieu",503,TPC River Highlands,sg_total,1.4788754658099843,2025-06-22,0.010301409756473687,4583,brabazon course at the belfry
19960,"Pavon, Matthieu",4200,yas links,sg_total,0.5189228801589404,2023-01-22,0.009147658342701039,4583,brabazon course at the belfry
19960,"Pavon, Matthieu",3792,hills golf & sports club,sg_total,0.27831547681864865,2019-08-25,0.007764750023154275,4583,brabazon course at the belfry
19960,"Pavon, Matthieu",3943,meloneras golf,sg_total,0.37738099689684185,2021-04-25,0.007550794913818661,4583,brabazon course at the belfry
19960,"Pavon, Matthieu",897,Memorial Park Golf Course,sg_total,0.9277434863285529,2026-03-29,0.006796833961530801,4583,brabazon course at the belfry
19960,"Pavon, Matthieu",3519,barsebäck g&cc,sg_total,0.18544443195597088,2017-06-04,0.005034812143559001,4583,brabazon course at the belfry
19960,"Pavon, Matthieu",618,Shinnecock Hills Golf Club,sg_total,0.22402446821274175,2018-06-17,0.004423867367636451,4583,brabazon course at the belfry
19960,"Pavon, Matthieu",3862,himmerland golf & spa resort,sg_total,0.647201464831364,2021-05-30,0.004400782151262821,4583,brabazon course at the belfry
19960,"Pavon, Matthieu",3972,golf santa ponsa,sg_total,0.41333370907465194,2021-10-24,0.003988889509435282,4583,brabazon course at the belfry
19960,"Pavon, Matthieu",3802,dom pedro victoria golf course,sg_total,0.28722195492640357,2019-10-27,0.003412469012997108,4583,brabazon course at the belfry
19960,"Pavon, Matthieu",3793,crans-sur-sierre gc,sg_total,0.2792912876603469,2019-09-01,0.0018787265003153096,4583,brabazon course at the belfry
19960,"Pavon, Matthieu",4075,doha gc,sg_total,0.4464177973920421,2022-03-27,0.0017230144938827586,4583,brabazon course at the belfry
19960,"Pavon, Matthieu",3779,royal golf dar es salam red course,sg_total,0.2622387318069171,2019-04-28,0.0014728611155292947,4583,brabazon course at the belfry
19960,"Pavon, Matthieu",3495,glendower gc,sg_total,0.17290724229171636,2017-01-15,0.0011777647529348173,4583,brabazon course at the belfry
19960,"Pavon, Matthieu",4011,himmerland golf & spa resort,sg_total,0.483840486467991,2022-09-04,0.0011451779330338544,4583,brabazon course at the belfry
19960,"Pavon, Matthieu",4237,club at steyn city,sg_total,0.5355291261520809,2023-03-26,0.0008725383450820543,4583,brabazon course at the belfry
19960,"Pavon, Matthieu",4030,gary player cc,sg_total,0.5010747437014489,2022-11-13,0.0007397173398608432,4583,brabazon course at the belfry
19960,"Pavon, Matthieu",3544,verdura gc,sg_total,0.1841508537381482,2017-05-21,0.0006148747226595475,4583,brabazon course at the belfry
19960,"Pavon, Matthieu",890,Tahoe Mountain Club (Old Greenwood),sg_total,1.040490575258164,2023-07-23,0.0005000364181678051,4583,brabazon course at the belfry
19960,"Pavon, Matthieu",3663,albatross golf resort,sg_total,0.23200415453447004,2018-08-26,4.313545242856019e-05,4583,brabazon course at the belfry
19960,"Pavon, Matthieu",3650,wentworth golf club,sg_total,0.22168451753581914,2018-05-27,3.172763869350069e-05,4583,brabazon course at the belfry
19960,"Pavon, Matthieu",714,TPC Louisiana,sg_total,1.725094753547566,2026-04-26,-0.00037661021000323267,4583,brabazon course at the belfry
19960,"Pavon, Matthieu",3906,al mouj golf,sg_total,0.305899090813104,2020-03-01,-0.0007898747941007263,4583,brabazon course at the belfry
19960,"Pavon, Matthieu",4183,mont choisy le golf,sg_total,0.5099207283259416,2022-12-18,-0.0008804135351991392,4583,brabazon course at the belfry
19960,"Pavon, Matthieu",947,Detroit Golf Club,sg_total,0.9880717128619305,2026-08-02,-0.0013848689864155658,4583,brabazon course at the belfry
19960,"Pavon, Matthieu",4302,jack nicklaus golf club korea,sg_total,0.544983369207548,2023-04-30,-0.0015983718161206003,4583,brabazon course at the belfry
19960,"Pavon, Matthieu",3674,regnum carya golf & spa resort,sg_total,0.2402680749592907,2018-11-04,-0.002194378456625685,4583,brabazon course at the belfry
19960,"Pavon, Matthieu",3935,gary player cc,sg_total,0.3518677092565612,2020-12-06,-0.0025057610414232177,4583,brabazon course at the belfry
19960,"Pavon, Matthieu",3769,royal greens,sg_total,0.25145279522530517,2019-02-03,-0.002650252280029143,4583,brabazon course at the belfry
19960,"Pavon, Matthieu",3876,crans-sur-sierre gc,sg_total,0.4019208903110026,2021-08-29,-0.0029498136005134982,4583,brabazon course at the belfry
19960,"Pavon, Matthieu",3637,emirates gc,sg_total,0.20887902966927693,2018-01-28,-0.003158199836918008,4583,brabazon course at the belfry
19960,"Pavon, Matthieu",3898,randpark gc firethorn course,sg_total,0.34941323597069013,2020-11-22,-0.0040459529266704646,4583,brabazon course at the belfry
19960,"Pavon, Matthieu",4186,emirates gc,sg_total,0.520742292353521,2023-01-29,-0.004947422035000912,4583,brabazon course at the belfry
19960,"Pavon, Matthieu",925,Dunes Golf and Beach Club,sg_total,0.9474321065017983,2026-05-10,-0.005253112511641582,4583,brabazon course at the belfry
19960,"Pavon, Matthieu",3678,walton heath gc,sg_total,0.2377584587145598,2018-10-14,-0.005770959984521111,4583,brabazon course at the belfry
19960,"Pavon, Matthieu",4402,le golf national,sg_total,0.7110589082064097,2024-10-13,-0.008494777675009444,4583,brabazon course at the belfry
19960,"Pavon, Matthieu",4023,jumeirah golf estates,sg_total,0.5028315779709409,2022-11-20,-0.008605148897082027,4583,brabazon course at the belfry
19960,"Pavon, Matthieu",3649,rinkven international gc,sg_total,0.2209099779593782,2018-05-20,-0.00918630506749737,4583,brabazon course at the belfry
19960,"Pavon, Matthieu",4017,real club valderrama,sg_total,0.4941085742561417,2022-10-16,-0.010188183770737125,4583,brabazon course at the belfry
19960,"Pavon, Matthieu",4227,le golf national,sg_total,0.5865484532875249,2023-09-24,-0.013080645418956198,4583,brabazon course at the belfry
19960,"Pavon, Matthieu",23,Muirfield Village Golf Club,sg_total,1.46576118171682,2025-06-01,-0.014931256335176354,4583,brabazon course at the belfry
19960,"Pavon, Matthieu",4369,la reserve gc,sg_total,0.6117081434533598,2023-12-17,-0.014979368672936696,4583,brabazon course at the belfry
19960,"Pavon, Matthieu",43,The Los Angeles Country Club (North Course),sg_total,0.5585003688742262,2023-06-18,-0.0158975768240618,4583,brabazon course at the belfry
19960,"Pavon, Matthieu",765,Port Royal Golf Course,sg_total,0.8680551755848918,2025-11-16,-0.017431174188582515,4583,brabazon course at the belfry
19960,"Pavon, Matthieu",3774,doha gc,sg_total,0.25589194844208374,2019-03-10,-0.018681318307891256,4583,brabazon course at the belfry
15169,"Peake(Am), Ryan",-1,Unknown,sg_total,1.8124558511686524,2022-05-08,-0.011758502256233176,4583,brabazon course at the belfry
15169,"Peake, Ryan",-1,Unknown,sg_total,24.95844650929194,2026-06-14,0.06167673492849735,4583,brabazon course at the belfry
15169,"Peake, Ryan",4782,dlf g&cc player course,sg_total,0.9277434863285529,2026-03-29,0.03234124333216881,4583,brabazon course at the belfry
15169,"Peake, Ryan",4721,royal queensland gc,sg_total,0.8741528788765721,2025-11-30,0.017933495445732424,4583,brabazon course at the belfry
15169,"Peake, Ryan",4634,victoria gc,sg_total,0.7286950115597843,2024-12-01,-0.003933723103646182,4583,brabazon course at the belfry
15169,"Peake, Ryan",4817,national gc,sg_total,0.9441218903864221,2026-05-03,-0.015405466355933414,4583,brabazon course at the belfry
15169,"Peake, Ryan",4786,circolo golf torino,sg_total,0.9709308776411942,2026-06-28,-0.020907546529167813,4583,brabazon course at the belfry
22465,"Penge, Marco",4582,furesø golf klub,sg_total,0.8294437363854039,2025-08-17,0.033100394599428797,4583,brabazon course at the belfry
22465,"Penge, Marco",4276,club de golf alcanada,sg_total,0.5989962148511054,2023-11-05,0.021514708099287495,4583,brabazon course at the belfry
22465,"Penge, Marco",4076,zebula golf estate  spa,sg_total,0.4464177973920421,2022-03-27,0.018889833526270713,4583,brabazon course at the belfry
22465,"Penge, Marco",4592,yas links,sg_total,0.8650222931107413,2025-11-09,0.01790286546232785,4583,brabazon course at the belfry
22465,"Penge, Marco",4221,galgorm castle golf club,sg_total,0.5763731489488771,2023-08-20,0.015207980482351622,4583,brabazon course at the belfry
22465,"Penge, Marco",4271,askersunds golfklubb,sg_total,0.5783939893780083,2023-08-27,0.013363748438172823,4583,brabazon course at the belfry
22465,"Penge, Marco",4584,crans-sur-sierre gc,sg_total,0.835270211411272,2025-08-31,0.010589243391818015,4583,brabazon course at the belfry
22465,"Penge, Marco",4377,genzon gc,sg_total,0.6560619883935562,2024-05-05,0.008713577742555375,4583,brabazon course at the belfry
22465,"Penge, Marco",4183,mont choisy le golf,sg_total,0.5099207283259416,2022-12-18,0.0070571780581496985,4583,brabazon course at the belfry
22465,"Penge, Marco",4071,koro creek golf club,sg_total,0.44798299718474366,2022-04-03,0.0054961558836506596,4583,brabazon course at the belfry
22465,"Penge, Marco",4353,danzhou ancient saltern golf club,sg_total,0.5930361029297179,2023-10-16,0.004912457057064038,4583,brabazon course at the belfry
22465,"Penge, Marco",4051,golf pga france du vaudreuil,sg_total,0.47048086042893056,2022-07-10,0.0035809155366989458,4583,brabazon course at the belfry
22465,"Penge, Marco",4555,kingston heath gc,sg_total,0.7286950115597843,2024-12-01,0.0030615250975749744,4583,brabazon course at the belfry
22465,"Penge, Marco",4104,iberostar real club de golf novo sancti petri,sg_total,0.4590941362868942,2022-05-22,0.0016929515510997388,4583,brabazon course at the belfry
22465,"Penge, Marco",4371,emirates gc,sg_total,0.6225072525676867,2024-01-21,0.001586116167969218,4583,brabazon course at the belfry
22465,"Penge, Marco",4593,jumeirah golf estates,sg_total,0.8680551755848918,2025-11-16,0.0015385416922558256,4583,brabazon course at the belfry
22465,"Penge, Marco",4055,vierumäki resort,sg_total,0.4771139155210344,2022-08-07,0.000973994666489402,4583,brabazon course at the belfry
22465,"Penge, Marco",4317,twentsche gc,sg_total,0.550735842216777,2023-05-21,-0.0006963909293470674,4583,brabazon course at the belfry
22465,"Penge, Marco",947,Detroit Golf Club,sg_total,0.9880717128619305,2026-08-02,-0.002148043577220056,4583,brabazon course at the belfry
22465,"Penge, Marco",4372,al hamra gc,sg_total,0.6246898452608237,2024-01-28,-0.0024967371460766427,4583,brabazon course at the belfry
22465,"Penge, Marco",4619,regnum carya golf & spa resort,sg_total,0.7897806739328027,2025-05-11,-0.002929214046427018,4583,brabazon course at the belfry
22465,"Penge, Marco",4301,golf nazionale,sg_total,0.5643955181193583,2023-07-09,-0.0034652955391213528,4583,brabazon course at the belfry
22465,"Penge, Marco",897,Memorial Park Golf Course,sg_total,0.9277434863285529,2026-03-29,-0.005265061347959741,4583,brabazon course at the belfry
22465,"Penge, Marco",4382,rinkven international gc,sg_total,0.6629869316007273,2024-05-26,-0.005591855977079806,4583,brabazon course at the belfry
22465,"Penge, Marco",4063,golf international de pont royal,sg_total,0.4906618916992401,2022-10-02,-0.006067898723884206,4583,brabazon course at the belfry
22465,"Penge, Marco",714,TPC Louisiana,sg_total,0.9408232397760097,2026-04-26,-0.006252258954568657,4583,brabazon course at the belfry
22465,"Penge, Marco",4150,st. mellion estate,sg_total,0.4923822171335323,2022-10-09,-0.007511138844450628,4583,brabazon course at the belfry
22465,"Penge, Marco",4721,royal queensland gc,sg_total,0.8741528788765721,2025-11-30,-0.010843551579443361,4583,brabazon course at the belfry
22465,"Penge, Marco",4723,gary player cc,sg_total,0.8772177743910435,2025-12-07,-0.011587856441000117,4583,brabazon course at the belfry
22465,"Penge, Marco",4402,le golf national,sg_total,0.7110589082064097,2024-10-13,-0.016147646408698903,4583,brabazon course at the belfry
22465,"Penge, Marco",4066,club de golf alcanada,sg_total,0.4993240476038332,2022-11-06,-0.0183217233109312,4583,brabazon course at the belfry
22465,"Penge, Marco",4062,golf saint apollinaire,sg_total,0.4889475768792571,2022-09-25,-0.020227322924479152,4583,brabazon course at the belfry
22465,"Penge, Marco",4375,laguna national g&cc classic course,sg_total,0.6424283409681188,2024-03-24,-0.03174888760228771,4583,brabazon course at the belfry
22465,"Penge, Marco",773,Aronimink Golf Club,sg_total,0.9507539286723269,2026-05-17,-0.03372519473540249,4583,brabazon course at the belfry
15113,"Pepperell, Eddie",4827,blackstone course mission hills,sg_total,0.9245020599315531,2026-03-22,0.027984486925805477,4583,brabazon course at the belfry
15113,"Pepperell, Eddie",4786,circolo golf torino,sg_total,0.9709308776411942,2026-06-28,0.019669097123458896,4583,brabazon course at the belfry
15113,"Pepperell, Eddie",4603,kingsbarns golf links,sg_total,0.8500160902253981,2025-10-05,0.019417796651717507,4583,brabazon course at the belfry
15113,"Pepperell, Eddie",4221,galgorm castle golf club,sg_total,0.5763731489488771,2023-08-20,0.017682598034881824,4583,brabazon course at the belfry
15113,"Pepperell, Eddie",4618,montagu,sg_total,0.7572968215143355,2025-02-16,0.013964646862069557,4583,brabazon course at the belfry
15113,"Pepperell, Eddie",4817,national gc,sg_total,0.9441218903864221,2026-05-03,0.013352788221080585,4583,brabazon course at the belfry
15113,"Pepperell, Eddie",4372,al hamra gc,sg_total,0.6246898452608237,2024-01-28,0.010269562940302922,4583,brabazon course at the belfry
15113,"Pepperell, Eddie",4731,houghton gc,sg_total,0.9180531430541589,2026-03-08,0.007775409763181528,4583,brabazon course at the belfry
15113,"Pepperell, Eddie",4193,kingsbarns golf links,sg_total,0.4906618916992401,2022-10-02,0.007444413410503329,4583,brabazon course at the belfry
15113,"Pepperell, Eddie",4016,club de campo villa de madrid,sg_total,0.4923822171335323,2022-10-09,0.007130749190956849,4583,brabazon course at the belfry
15113,"Pepperell, Eddie",658,Carnoustie GC,sg_total,0.22797940113688214,2018-07-22,0.007025907098789042,4583,brabazon course at the belfry
15113,"Pepperell, Eddie",4402,le golf national,sg_total,0.7110589082064097,2024-10-13,0.006939982213456676,4583,brabazon course at the belfry
15113,"Pepperell, Eddie",4534,infinitum golf lakes course,sg_total,0.7221661802661196,2024-11-13,0.006594869749683817,4583,brabazon course at the belfry
15113,"Pepperell, Eddie",4011,himmerland golf & spa resort,sg_total,0.483840486467991,2022-09-04,0.006152055194429532,4583,brabazon course at the belfry
15113,"Pepperell, Eddie",3678,walton heath gc,sg_total,0.2377584587145598,2018-10-14,0.005784849203051864,4583,brabazon course at the belfry
15113,"Pepperell, Eddie",3519,barsebäck g&cc,sg_total,0.18544443195597088,2017-06-04,0.005065496868222695,4583,brabazon course at the belfry
15113,"Pepperell, Eddie",3544,verdura gc,sg_total,0.404288998271078,2018-05-13,0.004939254498249287,4583,brabazon course at the belfry
15113,"Pepperell, Eddie",3802,dom pedro victoria golf course,sg_total,0.28722195492640357,2019-10-27,0.003474071638613909,4583,brabazon course at the belfry
15113,"Pepperell, Eddie",4076,zebula golf estate  spa,sg_total,0.3433516974975665,2020-10-18,0.0028008073370161942,4583,brabazon course at the belfry
15113,"Pepperell, Eddie",3663,albatross golf resort,sg_total,0.23200415453447004,2018-08-26,0.0021084711783144958,4583,brabazon course at the belfry
15113,"Pepperell, Eddie",3650,wentworth golf club,sg_total,0.22168451753581914,2018-05-27,0.001806310846493638,4583,brabazon course at the belfry
15113,"Pepperell, Eddie",3520,diamond cc,sg_total,0.18609462464127785,2017-06-11,0.001674025362694918,4583,brabazon course at the belfry
15113,"Pepperell, Eddie",3862,himmerland golf & spa resort,sg_total,0.3840432893753353,2021-05-30,0.001465128594867108,4583,brabazon course at the belfry
15113,"Pepperell, Eddie",3972,golf santa ponsa,sg_total,0.41333370907465194,2021-10-24,0.001336010929823344,4583,brabazon course at the belfry
15113,"Pepperell, Eddie",3793,crans-sur-sierre gc,sg_total,0.2792912876603469,2019-09-01,0.0008050238701494162,4583,brabazon course at the belfry
15113,"Pepperell, Eddie",3501,royal johannesburg west course,sg_total,0.17657668871613386,2017-02-26,0.0001256928318163366,4583,brabazon course at the belfry
15113,"Pepperell, Eddie",4023,jumeirah golf estates,sg_total,0.5028315779709409,2022-11-20,-0.0008888620886498866,4583,brabazon course at the belfry
15113,"Pepperell, Eddie",3664,silkeborg ry gc,sg_total,0.2328175917601019,2018-09-02,-0.0021569565139391085,4583,brabazon course at the belfry
15113,"Pepperell, Eddie",4075,doha gc,sg_total,0.4464177973920421,2022-03-27,-0.002324702379424469,4583,brabazon course at the belfry
15113,"Pepperell, Eddie",3943,meloneras golf,sg_total,0.37738099689684185,2021-04-25,-0.0023416211372385555,4583,brabazon course at the belfry
15113,"Pepperell, Eddie",3637,emirates gc,sg_total,0.20887902966927693,2018-01-28,-0.0026672580481927094,4583,brabazon course at the belfry
15113,"Pepperell, Eddie",4030,gary player cc,sg_total,0.5010747437014489,2022-11-13,-0.0033909207946596527,4583,brabazon course at the belfry
15113,"Pepperell, Eddie",3495,glendower gc,sg_total,0.17290724229171636,2017-01-15,-0.0034025683173920813,4583,brabazon course at the belfry
15113,"Pepperell, Eddie",3876,crans-sur-sierre gc,sg_total,0.4019208903110026,2021-08-29,-0.004338651567723179,4583,brabazon course at the belfry
15113,"Pepperell, Eddie",4584,crans-sur-sierre gc,sg_total,0.835270211411272,2025-08-31,-0.004678230869977452,4583,brabazon course at the belfry
15113,"Pepperell, Eddie",4382,rinkven international gc,sg_total,0.6629869316007273,2024-05-26,-0.004717669356894395,4583,brabazon course at the belfry
15113,"Pepperell, Eddie",3769,royal greens,sg_total,0.25145279522530517,2019-02-03,-0.0063749165961082595,4583,brabazon course at the belfry
15113,"Pepperell, Eddie",4721,royal queensland gc,sg_total,0.8741528788765721,2025-11-30,-0.007871563290538897,4583,brabazon course at the belfry
15113,"Pepperell, Eddie",3898,randpark gc firethorn course,sg_total,0.2984956258576689,2020-01-12,-0.008351048086639359,4583,brabazon course at the belfry
15113,"Pepperell, Eddie",4644,golf bluegreen de pléneuf val andré,sg_total,0.8065414401773269,2025-06-22,-0.010202368696191564,4583,brabazon course at the belfry
15113,"Pepperell, Eddie",4619,regnum carya golf & spa resort,sg_total,0.7897806739328027,2025-05-11,-0.015078530751683679,4583,brabazon course at the belfry
15113,"Pepperell, Eddie",4637,classic golf & country club,sg_total,0.7706661563760512,2025-03-23,-0.01528067333482968,4583,brabazon course at the belfry
15113,"Pepperell, Eddie",4371,emirates gc,sg_total,0.6225072525676867,2024-01-21,-0.016597930180933085,4583,brabazon course at the belfry
15113,"Pepperell, Eddie",4207,golfclub münchen eichenried,sg_total,0.5604585449744904,2023-06-25,-0.016899543728143677,4583,brabazon course at the belfry
15113,"Pepperell, Eddie",4186,emirates gc,sg_total,0.520742292353521,2023-01-29,-0.017105519360011156,4583,brabazon course at the belfry
15113,"Pepperell, Eddie",4654,royal óbidos spa & golf resort,sg_total,0.8411376148446232,2025-09-14,-0.017184843908535113,4583,brabazon course at the belfry
15113,"Pepperell, Eddie",4200,yas links,sg_total,0.5189228801589404,2023-01-22,-0.01746760225847907,4583,brabazon course at the belfry
15113,"Pepperell, Eddie",4559,leopard creek cc,sg_total,0.733813771398553,2024-12-15,-0.019998802990860112,4583,brabazon course at the belfry
15113,"Pepperell, Eddie",4358,royal queensland gc,sg_total,0.6053188106462242,2023-11-26,-0.02146285232790844,4583,brabazon course at the belfry
15113,"Pepperell, Eddie",4375,laguna national g&cc classic course,sg_total,0.6424283409681188,2024-03-24,-0.02277915233966663,4583,brabazon course at the belfry
25890,"Premlall, Yurav",-1,Unknown,sg_total,4.091742671554506,2025-11-22,0.029734372592598625,4583,brabazon course at the belfry
25890,"Premlall, Yurav",4782,dlf g&cc player course,sg_total,0.9277434863285529,2026-03-29,0.027447766799288873,4583,brabazon course at the belfry
25890,"Premlall, Yurav",4401,carnoustie,sg_total,0.7085745521868345,2024-10-06,0.01919955350169321,4583,brabazon course at the belfry
25890,"Premlall, Yurav",4603,kingsbarns golf links,sg_total,0.8500160902253981,2025-10-05,0.017153071578657454,4583,brabazon course at the belfry
25890,"Premlall, Yurav",4559,leopard creek cc,sg_total,0.733813771398553,2024-12-15,0.016958792708182627,4583,brabazon course at the belfry
25890,"Premlall, Yurav",4809,royal johannesburg east course (par 70),sg_total,0.880293415834221,2025-12-14,0.011940163634984532,4583,brabazon course at the belfry
25890,"Premlall, Yurav",4731,houghton gc,sg_total,0.9180531430541589,2026-03-08,0.008067487522487643,4583,brabazon course at the belfry
25890,"Premlall, Yurav",4181,blair atholl golf & equestrian estate,sg_total,0.5063637471859777,2022-12-04,0.005554891506022802,4583,brabazon course at the belfry
25890,"Premlall, Yurav",4369,la reserve gc,sg_total,0.6117081434533598,2023-12-17,0.0025957272032369623,4583,brabazon course at the belfry
25890,"Premlall, Yurav",3765,randpark gc firethorn course,sg_total,0.2445097728767429,2018-12-09,0.0017205256479054113,4583,brabazon course at the belfry
25890,"Premlall, Yurav",4619,regnum carya golf & spa resort,sg_total,0.7897806739328027,2025-05-11,0.0010458609084817883,4583,brabazon course at the belfry
25890,"Premlall, Yurav",4301,golf nazionale,sg_total,0.5643955181193583,2023-07-09,0.0005724482847145564,4583,brabazon course at the belfry
25890,"Premlall, Yurav",4267,wittelsbacher golfclub,sg_total,0.5683601467575404,2023-07-23,0.000351779573526329,4583,brabazon course at the belfry
25890,"Premlall, Yurav",4786,circolo golf torino,sg_total,0.9709308776411942,2026-06-28,-0.00584473801146399,4583,brabazon course at the belfry
25890,"Premlall, Yurav",3898,randpark gc firethorn course,sg_total,0.2984956258576689,2020-01-12,-0.0067314018918023435,4583,brabazon course at the belfry
25890,"Premlall, Yurav",3935,gary player cc,sg_total,0.3518677092565612,2020-12-06,-0.007247698189572004,4583,brabazon course at the belfry
25890,"Premlall, Yurav",4266,gc adamstal,sg_total,0.5663743633919324,2023-07-16,-0.008864036059579897,4583,brabazon course at the belfry
25890,"Premlall, Yurav",4771,montagu,sg_total,0.9084640160687062,2026-02-15,-0.014480776015760307,4583,brabazon course at the belfry
25890,"Premlall, Yurav",4723,gary player cc,sg_total,0.8772177743910435,2025-12-07,-0.017169297523195876,4583,brabazon course at the belfry
25890,"Premlall, Yurav",4817,national gc,sg_total,0.9441218903864221,2026-05-03,-0.038254533192720236,4583,brabazon course at the belfry
18900,"Quayle, Anthony",4721,royal queensland gc,sg_total,0.8741528788765721,2025-11-30,0.025431059119893285,4583,brabazon course at the belfry
18900,"Quayle, Anthony",4782,dlf g&cc player course,sg_total,0.9277434863285529,2026-03-29,0.01448323371152957,4583,brabazon course at the belfry
18900,"Quayle, Anthony",3705,natadola bay gc,sg_total,0.22958085549583,2018-08-05,0.008270766978153652,4583,brabazon course at the belfry
18900,"Quayle, Anthony",4634,victoria gc,sg_total,0.7286950115597843,2024-12-01,0.006518910017794939,4583,brabazon course at the belfry
18900,"Quayle, Anthony",4817,national gc,sg_total,0.9441218903864221,2026-05-03,0.004338134059535606,4583,brabazon course at the belfry
18900,"Quayle, Anthony",3903,13th beach gc beach course,sg_total,0.30270395418214285,2020-02-09,0.0018565055655741603,4583,brabazon course at the belfry
18900,"Quayle, Anthony",3530,natadola bay gc,sg_total,0.19272326098017534,2017-08-20,0.0009913799658477396,4583,brabazon course at the belfry
18900,"Quayle, Anthony",3763,racv royal pines resort,sg_total,0.24365548454833486,2018-12-02,-0.0008681622873697313,4583,brabazon course at the belfry
18900,"Quayle, Anthony",4827,blackstone course mission hills,sg_total,0.9245020599315531,2026-03-22,-0.0012894645912731434,4583,brabazon course at the belfry
18900,"Quayle, Anthony",4786,circolo golf torino,sg_total,0.9709308776411942,2026-06-28,-0.005245399126179455,4583,brabazon course at the belfry
18900,"Quayle, Anthony",4358,royal queensland gc,sg_total,0.6053188106462242,2023-11-26,-0.00991794194495751,4583,brabazon course at the belfry
18900,"Quayle, Anthony",-1,Unknown,sg_total,38.800268799131196,2026-03-08,-0.08045230781669661,4583,brabazon course at the belfry
23416,"Ravetto, David",4731,houghton gc,sg_total,0.9180531430541589,2026-03-08,0.030607819605143402,4583,brabazon course at the belfry
23416,"Ravetto, David",4454,links,sg_total,0.631283645506926,2024-02-18,0.02409744178133201,4583,brabazon course at the belfry
23416,"Ravetto, David",4375,laguna national g&cc classic course,sg_total,0.6424283409681188,2024-03-24,0.01408040331585649,4583,brabazon course at the belfry
23416,"Ravetto, David",4062,golf saint apollinaire,sg_total,0.4889475768792571,2022-09-25,0.00986300307880823,4583,brabazon course at the belfry
23416,"Ravetto, David",4402,le golf national,sg_total,0.7110589082064097,2024-10-13,0.009786465921511478,4583,brabazon course at the belfry
23416,"Ravetto, David",4181,blair atholl golf & equestrian estate,sg_total,0.5063637471859777,2022-12-04,0.008327831341256137,4583,brabazon course at the belfry
23416,"Ravetto, David",4051,golf pga france du vaudreuil,sg_total,0.47048086042893056,2022-07-10,0.007373012683964132,4583,brabazon course at the belfry
23416,"Ravetto, David",4063,golf international de pont royal,sg_total,0.4906618916992401,2022-10-02,0.006513025803092853,4583,brabazon course at the belfry
23416,"Ravetto, David",4055,vierumäki resort,sg_total,0.4771139155210344,2022-08-07,0.0026209498624320494,4583,brabazon course at the belfry
23416,"Ravetto, David",4150,st. mellion estate,sg_total,0.4923822171335323,2022-10-09,0.0017995135973016719,4583,brabazon course at the belfry
23416,"Ravetto, David",4302,jack nicklaus golf club korea,sg_total,0.544983369207548,2023-04-30,0.001704836228740462,4583,brabazon course at the belfry
23416,"Ravetto, David",4809,royal johannesburg east course (par 70),sg_total,0.880293415834221,2025-12-14,0.0014877213160774305,4583,brabazon course at the belfry
23416,"Ravetto, David",4723,gary player cc,sg_total,0.8772177743910435,2025-12-07,-0.00012615753429694662,4583,brabazon course at the belfry
23416,"Ravetto, David",4621,gut altentann gc,sg_total,0.798117060447891,2025-06-01,-0.0015945617757344881,4583,brabazon course at the belfry
23416,"Ravetto, David",4183,mont choisy le golf,sg_total,0.5099207283259416,2022-12-18,-0.001605558500518007,4583,brabazon course at the belfry
23416,"Ravetto, David",4619,regnum carya golf & spa resort,sg_total,0.7897806739328027,2025-05-11,-0.0016909055990092102,4583,brabazon course at the belfry
23416,"Ravetto, David",4786,circolo golf torino,sg_total,0.9709308776411942,2026-06-28,-0.002152952732370224,4583,brabazon course at the belfry
23416,"Ravetto, David",4035,royal cape golf club,sg_total,0.4386734466479678,2022-02-20,-0.0034746771466205332,4583,brabazon course at the belfry
23416,"Ravetto, David",4237,club at steyn city,sg_total,0.5355291261520809,2023-03-26,-0.0035445983411702517,4583,brabazon course at the belfry
23416,"Ravetto, David",3935,gary player cc,sg_total,0.3518677092565612,2020-12-06,-0.004356641850890955,4583,brabazon course at the belfry
23416,"Ravetto, David",4382,rinkven international gc,sg_total,0.6629869316007273,2024-05-26,-0.004804272106538254,4583,brabazon course at the belfry
23416,"Ravetto, David",4104,iberostar real club de golf novo sancti petri,sg_total,0.4590941362868942,2022-05-22,-0.006318029697482244,4583,brabazon course at the belfry
23416,"Ravetto, David",4066,club de golf alcanada,sg_total,0.4993240476038332,2022-11-06,-0.006887758567963202,4583,brabazon course at the belfry
23416,"Ravetto, David",4207,golfclub münchen eichenried,sg_total,0.5604585449744904,2023-06-25,-0.007603731337776107,4583,brabazon course at the belfry
23416,"Ravetto, David",4782,dlf g&cc player course,sg_total,0.9277434863285529,2026-03-29,-0.00784736880376161,4583,brabazon course at the belfry
23416,"Ravetto, David",3916,vierumäki resort,sg_total,0.39772279950933415,2021-08-08,-0.00846501108812501,4583,brabazon course at the belfry
23416,"Ravetto, David",4227,le golf national,sg_total,0.5865484532875249,2023-09-24,-0.012678044516878298,4583,brabazon course at the belfry
23416,"Ravetto, David",4559,leopard creek cc,sg_total,0.733813771398553,2024-12-15,-0.014071982103732875,4583,brabazon course at the belfry
23416,"Ravetto, David",4817,national gc,sg_total,0.9441218903864221,2026-05-03,-0.016281466517431353,4583,brabazon course at the belfry
23416,"Ravetto, David",4369,la reserve gc,sg_total,0.6117081434533598,2023-12-17,-0.016592812236926536,4583,brabazon course at the belfry
23416,"Ravetto, David",4584,crans-sur-sierre gc,sg_total,0.835270211411272,2025-08-31,-0.01926897569690624,4583,brabazon course at the belfry
23416,"Ravetto, David",4221,galgorm castle golf club,sg_total,0.5763731489488771,2023-08-20,-0.02269687289455904,4583,brabazon course at the belfry
23416,"Ravetto, David",4049,golf blue green de pléneuf val andré,sg_total,0.4671989943381879,2022-06-26,-0.030163225858244234,4583,brabazon course at the belfry
14838,"Reed, Patrick",4186,emirates gc,sg_total,0.520742292353521,2023-01-29,0.012645775358150764,4583,brabazon course at the belfry
14838,"Reed, Patrick",23,Muirfield Village Golf Club,sg_total,1.8671447774111853,2022-06-05,0.011669473328421515,4583,brabazon course at the belfry
14838,"Reed, Patrick",773,Aronimink Golf Club,sg_total,1.184387809676471,2026-05-17,0.01046638338128197,4583,brabazon course at the belfry
14838,"Reed, Patrick",765,Port Royal Golf Course,sg_total,0.4147829116815814,2021-10-31,0.0068609102106441605,4583,brabazon course at the belfry
14838,"Reed, Patrick",697,Ocean Course at Kiawah Island,sg_total,0.38270148738575926,2021-05-23,0.002523880299141727,4583,brabazon course at the belfry
14838,"Reed, Patrick",32,Glen Abbey GC,sg_total,0.0917672315382765,2013-07-28,0.0022671861137665396,4583,brabazon course at the belfry
14838,"Reed, Patrick",503,TPC River Highlands,sg_total,1.9592858008591827,2021-06-27,0.0022372881819004635,4583,brabazon course at the belfry
14838,"Reed, Patrick",875,ACCORDIA GOLF Narashino Country Club,sg_total,0.28722195492640357,2019-10-27,0.002063581535755198,4583,brabazon course at the belfry
14838,"Reed, Patrick",528,Pinehurst Resort & Country Club (Course No. 2),sg_total,0.10779758751767567,2014-06-15,0.0011385662548235786,4583,brabazon course at the belfry
14838,"Reed, Patrick",658,Carnoustie GC,sg_total,0.22797940113688214,2018-07-22,0.0006524945830451086,4583,brabazon course at the belfry
14838,"Reed, Patrick",800,The Abaco Club on Winding Bay,sg_total,0.5161403612939575,2016-10-23,0.00018309011206448254,4583,brabazon course at the belfry
14838,"Reed, Patrick",4731,houghton gc,sg_total,0.9180531430541589,2026-03-08,-0.000609181360696894,4583,brabazon course at the belfry
14838,"Reed, Patrick",700,TPC Boston,sg_total,1.263291784650255,2020-08-23,-0.0010354689837617798,4583,brabazon course at the belfry
14838,"Reed, Patrick",618,Shinnecock Hills Golf Club,sg_total,1.1915630278017737,2026-06-21,-0.0011975787924230874,4583,brabazon course at the belfry
14838,"Reed, Patrick",978,Vidanta Vallarta,sg_total,0.4542988670756955,2022-05-01,-0.0021535868472194,4583,brabazon course at the belfry
14838,"Reed, Patrick",654,The Country Club,sg_total,0.46556665611623754,2022-06-19,-0.002329299862275179,4583,brabazon course at the belfry
14838,"Reed, Patrick",3807,jumeirah golf estates,sg_total,0.2912713418641669,2019-11-24,-0.002891481760755691,4583,brabazon course at the belfry
14838,"Reed, Patrick",3762,hong kong gc,sg_total,0.24280418100265946,2018-11-25,-0.004438582321726264,4583,brabazon course at the belfry
14838,"Reed, Patrick",243,Trinity Forest Golf Club,sg_total,0.26408084279608046,2019-05-12,-0.004525506695637237,4583,brabazon course at the belfry
14838,"Reed, Patrick",729,Golf Club of Houston,sg_total,0.5408212270711813,2017-04-02,-0.004980220703349482,4583,brabazon course at the belfry
14838,"Reed, Patrick",3769,royal greens,sg_total,0.25145279522530517,2019-02-03,-0.0052236714520517,4583,brabazon course at the belfry
14838,"Reed, Patrick",4593,jumeirah golf estates,sg_total,0.8680551755848918,2025-11-16,-0.006105404337843121,4583,brabazon course at the belfry
14838,"Reed, Patrick",43,The Los Angeles Country Club (North Course),sg_total,0.5585003688742262,2023-06-18,-0.006434675111786172,4583,brabazon course at the belfry
14838,"Reed, Patrick",897,Memorial Park Golf Course,sg_total,0.4176965779979988,2021-11-14,-0.007364458797107399,4583,brabazon course at the belfry
14838,"Reed, Patrick",876,Detroit Golf Club,sg_total,0.9872446718844253,2021-07-04,-0.008094528770795065,4583,brabazon course at the belfry
14838,"Reed, Patrick",233,Nicklaus Tournament Course,sg_total,0.7422576490645045,2021-01-24,-0.009777533333931379,4583,brabazon course at the belfry
14838,"Reed, Patrick",4786,circolo golf torino,sg_total,0.9709308776411942,2026-06-28,-0.012784224065862092,4583,brabazon course at the belfry
14838,"Reed, Patrick",4592,yas links,sg_total,0.8650222931107413,2025-11-09,-0.015413343997993269,4583,brabazon course at the belfry
14838,"Reed, Patrick",3901,royal greens,sg_total,0.664774302223504,2021-02-07,-0.018147760394125422,4583,brabazon course at the belfry
14838,"Reed, Patrick",734,PGA National Resort (The Champion),sg_total,1.109480004938322,2022-02-27,-0.022602793777306805,4583,brabazon course at the belfry
14838,"Reed, Patrick",4200,yas links,sg_total,0.5189228801589404,2023-01-22,-0.024388770537885605,4583,brabazon course at the belfry
14838,"Reed, Patrick",-1,Unknown,sg_total,8.829134190220708,2025-11-22,-0.028283470356308547,4583,brabazon course at the belfry
31235,"Repetto Taylor, Rocco",934,Hurstbourne Country Club,sg_total,0.9777512371933363,2026-07-12,-0.015648861188320363,4583,brabazon course at the belfry
31235,"Repetto Taylor, Rocco Paolo",4644,golf bluegreen de pléneuf val andré,sg_total,0.8065414401773269,2025-06-22,0.022259453519292947,4583,brabazon course at the belfry
31235,"Repetto Taylor, Rocco Paolo",4786,circolo golf torino,sg_total,0.9709308776411942,2026-06-28,0.018934765230167856,4583,brabazon course at the belfry
31235,"Repetto Taylor, Rocco Paolo",4654,royal óbidos spa & golf resort,sg_total,0.8411376148446232,2025-09-14,0.015003766512450691,4583,brabazon course at the belfry
31235,"Repetto Taylor, Rocco Paolo",4710,sanya luhuitou gc,sg_total,0.8529963589691315,2025-10-12,0.014130740640371588,4583,brabazon course at the belfry
31235,"Repetto Taylor, Rocco Paolo",4817,national gc,sg_total,0.9441218903864221,2026-05-03,0.01323493338550222,4583,brabazon course at the belfry
31235,"Repetto Taylor, Rocco Paolo",4653,rosa golf club,sg_total,0.8381987791551844,2025-09-07,0.006772252819810932,4583,brabazon course at the belfry
31235,"Repetto Taylor, Rocco Paolo",4827,blackstone course mission hills,sg_total,0.9245020599315531,2026-03-22,0.005727636580171567,4583,brabazon course at the belfry
31235,"Repetto Taylor, Rocco Paolo",4651,vierumäki resort,sg_total,0.8294437363854039,2025-08-17,0.0031728421851314557,4583,brabazon course at the belfry
31235,"Repetto Taylor, Rocco Paolo",4724,royal johannesburg east course,sg_total,0.880293415834221,2025-12-14,-0.004344595262354369,4583,brabazon course at the belfry
31235,"Repetto Taylor, Rocco Paolo",4731,houghton gc,sg_total,0.9180531430541589,2026-03-08,-0.005623615156738844,4583,brabazon course at the belfry
31235,"Repetto Taylor, Rocco Paolo",4721,royal queensland gc,sg_total,0.8741528788765721,2025-11-30,-0.006979258223027515,4583,brabazon course at the belfry
31235,"Repetto Taylor, Rocco Paolo",4673,club de golf alcanada,sg_total,0.8620000071704987,2025-11-02,-0.013418090700332272,4583,brabazon course at the belfry
31235,"Repetto Taylor, Rocco Paolo",4656,hangzhou west lake golf club,sg_total,0.8559870769289292,2025-10-19,-0.015682875097398397,4583,brabazon course at the belfry
31235,"Repetto Taylor, Rocco Paolo",618,Shinnecock Hills Golf Club,sg_total,0.967538559589032,2026-06-21,-0.0418540463185235,4583,brabazon course at the belfry
22259,"Rey, Alejandro Del",43,The Los Angeles Country Club (North Course),sg_total,0.5585003688742262,2023-06-18,-0.00047150766843807575,4583,brabazon course at the belfry
18174,"Ritchie, JC",4036,durban country club,sg_total,0.4402114937235286,2022-02-27,0.018496888850852877,4583,brabazon course at the belfry
18174,"Ritchie, JC",4817,national gc,sg_total,0.9441218903864221,2026-05-03,0.01722144540846756,4583,brabazon course at the belfry
18174,"Ritchie, JC",4654,royal óbidos spa & golf resort,sg_total,0.8411376148446232,2025-09-14,0.01705152478114742,4583,brabazon course at the belfry
18174,"Ritchie, JC",4563,sanya luhuitou gc,sg_total,0.7110589082064097,2024-10-13,0.016363989491218225,4583,brabazon course at the belfry
18174,"Ritchie, JC",4489,golf saint apollinaire,sg_total,0.7060988762143844,2024-09-29,0.012384974285749507,4583,brabazon course at the belfry
18174,"Ritchie, JC",4529,argentario gc,sg_total,0.7036318499619978,2024-09-22,0.011692394952824965,4583,brabazon course at the belfry
18174,"Ritchie, JC",3935,gary player cc,sg_total,0.3518677092565612,2020-12-06,0.009656090637339108,4583,brabazon course at the belfry
18174,"Ritchie, JC",4150,st. mellion estate,sg_total,0.4923822171335323,2022-10-09,0.009390147179972748,4583,brabazon course at the belfry
18174,"Ritchie, JC",890,Tahoe Mountain Club (Old Greenwood),sg_total,0.5683601467575404,2023-07-23,0.009115536978107635,4583,brabazon course at the belfry
18174,"Ritchie, JC",4484,royal óbidos spa & golf resort,sg_total,0.7011734432085724,2024-09-15,0.008732441804930702,4583,brabazon course at the belfry
18174,"Ritchie, JC",4809,royal johannesburg east course (par 70),sg_total,0.880293415834221,2025-12-14,0.008006668265316737,4583,brabazon course at the belfry
18174,"Ritchie, JC",4207,golfclub münchen eichenried,sg_total,0.5604585449744904,2023-06-25,0.007128963160981824,4583,brabazon course at the belfry
18174,"Ritchie, JC",3902,randpark gc bushwillow course,sg_total,0.2984956258576689,2020-01-12,0.006007753152750799,4583,brabazon course at the belfry
18174,"Ritchie, JC",4617,royal cape golf club,sg_total,0.7546509156752821,2025-02-09,0.0046706972639312195,4583,brabazon course at the belfry
18174,"Ritchie, JC",4710,sanya luhuitou gc,sg_total,0.8529963589691315,2025-10-12,0.004504077586275301,4583,brabazon course at the belfry
18174,"Ritchie, JC",4653,rosa golf club,sg_total,0.8381987791551844,2025-09-07,0.003619793722966437,4583,brabazon course at the belfry
18174,"Ritchie, JC",3663,albatross golf resort,sg_total,0.23200415453447004,2018-08-26,0.0020984619847102654,4583,brabazon course at the belfry
18174,"Ritchie, JC",4062,golf saint apollinaire,sg_total,0.4889475768792571,2022-09-25,0.0013047511437061523,4583,brabazon course at the belfry
18174,"Ritchie, JC",4559,leopard creek cc,sg_total,0.733813771398553,2024-12-15,0.0009066732735225315,4583,brabazon course at the belfry
18174,"Ritchie, JC",4104,iberostar real club de golf novo sancti petri,sg_total,0.4590941362868942,2022-05-22,0.0008531260358949929,4583,brabazon course at the belfry
18174,"Ritchie, JC",3501,royal johannesburg west course,sg_total,0.17657668871613386,2017-02-26,0.0007009299649014291,4583,brabazon course at the belfry
18174,"Ritchie, JC",-1,Unknown,sg_total,0.4356134549872005,2022-02-06,0.00038222403058955906,4583,brabazon course at the belfry
18174,"Ritchie, JC",4656,hangzhou west lake golf club,sg_total,0.8559870769289292,2025-10-19,-0.00018206219800833846,4583,brabazon course at the belfry
18174,"Ritchie, JC",4786,circolo golf torino,sg_total,0.9709308776411942,2026-06-28,-0.0006043494951468917,4583,brabazon course at the belfry
18174,"Ritchie, JC",4183,mont choisy le golf,sg_total,0.5099207283259416,2022-12-18,-0.0009919200235941209,4583,brabazon course at the belfry
18174,"Ritchie, JC",4673,club de golf alcanada,sg_total,0.8620000071704987,2025-11-02,-0.0014034831413741033,4583,brabazon course at the belfry
18174,"Ritchie, JC",4181,blair atholl golf & equestrian estate,sg_total,0.5063637471859777,2022-12-04,-0.001767514536442266,4583,brabazon course at the belfry
18174,"Ritchie, JC",3898,randpark gc firethorn course,sg_total,0.34941323597069013,2020-11-22,-0.0020563461672693357,4583,brabazon course at the belfry
18174,"Ritchie, JC",4030,gary player cc,sg_total,0.5010747437014489,2022-11-13,-0.003296883228110892,4583,brabazon course at the belfry
18174,"Ritchie, JC",3495,glendower gc,sg_total,0.17290724229171636,2017-01-15,-0.0034197120679999755,4583,brabazon course at the belfry
18174,"Ritchie, JC",4186,emirates gc,sg_total,0.520742292353521,2023-01-29,-0.004506190832977475,4583,brabazon course at the belfry
18174,"Ritchie, JC",4066,club de golf alcanada,sg_total,0.4993240476038332,2022-11-06,-0.005501895240262027,4583,brabazon course at the belfry
18174,"Ritchie, JC",4485,hangzhou west lake golf club,sg_total,0.7135519747065024,2024-10-20,-0.009021769882113338,4583,brabazon course at the belfry
18174,"Ritchie, JC",4063,golf international de pont royal,sg_total,0.4906618916992401,2022-10-02,-0.012221984063027505,4583,brabazon course at the belfry
18174,"Ritchie, JC",4200,yas links,sg_total,0.5189228801589404,2023-01-22,-0.01501401812516637,4583,brabazon course at the belfry
18174,"Ritchie, JC",934,Hurstbourne Country Club,sg_total,0.9777512371933363,2026-07-12,-0.018981117873066854,4583,brabazon course at the belfry
18174,"Ritchie, JC",4237,club at steyn city,sg_total,0.5355291261520809,2023-03-26,-0.020175891079634946,4583,brabazon course at the belfry
18174,"Ritchie, JC",4369,la reserve gc,sg_total,0.6117081434533598,2023-12-17,-0.02085332980798692,4583,brabazon course at the belfry
18174,"Ritchie, JC",4731,houghton gc,sg_total,0.9180531430541589,2026-03-08,-0.023954205633970944,4583,brabazon course at the belfry
18174,"Ritchie, JC",4227,le golf national,sg_total,0.5865484532875249,2023-09-24,-0.03669354503737099,4583,brabazon course at the belfry
24497,"Robinson Thompson, Brandon",934,Hurstbourne Country Club,sg_total,1.792805979110845,2026-07-12,-0.04636974737783572,4583,brabazon course at the belfry
24497,"Robinson-Thompson, Brandon",4731,houghton gc,sg_total,0.9180531430541589,2026-03-08,0.03388833550873503,4583,brabazon course at the belfry
24497,"Robinson-Thompson, Brandon",4619,regnum carya golf & spa resort,sg_total,0.7897806739328027,2025-05-11,0.013139652546239472,4583,brabazon course at the belfry
24497,"Robinson-Thompson, Brandon",4353,danzhou ancient saltern golf club,sg_total,0.5930361029297179,2023-10-16,0.011626753388032726,4583,brabazon course at the belfry
24497,"Robinson-Thompson, Brandon",4487,golf bluegreen de pléneuf val andré,sg_total,0.6723340256326573,2024-06-23,0.009860860857471182,4583,brabazon course at the belfry
24497,"Robinson-Thompson, Brandon",4529,argentario gc,sg_total,0.7036318499619978,2024-09-22,0.007843136440175343,4583,brabazon course at the belfry
24497,"Robinson-Thompson, Brandon",528,Pinehurst Resort & Country Club (Course No. 2),sg_total,0.669984969788664,2024-06-16,0.007726725354241874,4583,brabazon course at the belfry
24497,"Robinson-Thompson, Brandon",4724,royal johannesburg east course,sg_total,0.880293415834221,2025-12-14,0.007215820620882393,4583,brabazon course at the belfry
24497,"Robinson-Thompson, Brandon",4276,club de golf alcanada,sg_total,0.5989962148511054,2023-11-05,0.006109918794547922,4583,brabazon course at the belfry
24497,"Robinson-Thompson, Brandon",4817,national gc,sg_total,0.9441218903864221,2026-05-03,0.003043550877641979,4583,brabazon course at the belfry
24497,"Robinson-Thompson, Brandon",4827,blackstone course mission hills,sg_total,0.9245020599315531,2026-03-22,0.003021181791975451,4583,brabazon course at the belfry
24497,"Robinson-Thompson, Brandon",4593,jumeirah golf estates,sg_total,0.8680551755848918,2025-11-16,0.002824710303633536,4583,brabazon course at the belfry
24497,"Robinson-Thompson, Brandon",4485,hangzhou west lake golf club,sg_total,0.7135519747065024,2024-10-20,0.0011756618875786,4583,brabazon course at the belfry
24497,"Robinson-Thompson, Brandon",4592,yas links,sg_total,0.8650222931107413,2025-11-09,-0.0009120057083103402,4583,brabazon course at the belfry
24497,"Robinson-Thompson, Brandon",4584,crans-sur-sierre gc,sg_total,0.835270211411272,2025-08-31,-0.001572399685999723,4583,brabazon course at the belfry
24497,"Robinson-Thompson, Brandon",4271,askersunds golfklubb,sg_total,0.5783939893780083,2023-08-27,-0.0019562798652532965,4583,brabazon course at the belfry
24497,"Robinson-Thompson, Brandon",4563,sanya luhuitou gc,sg_total,0.7110589082064097,2024-10-13,-0.0028571391931088777,4583,brabazon course at the belfry
24497,"Robinson-Thompson, Brandon",4786,circolo golf torino,sg_total,0.9709308776411942,2026-06-28,-0.008537957079173306,4583,brabazon course at the belfry
24497,"Robinson-Thompson, Brandon",4782,dlf g&cc player course,sg_total,0.9277434863285529,2026-03-29,-0.01556066238322795,4583,brabazon course at the belfry
24497,"Robinson-Thompson, Brandon",4559,leopard creek cc,sg_total,0.733813771398553,2024-12-15,-0.02031083754691446,4583,brabazon course at the belfry
24497,"Robinson-Thompson, Brandon",4621,gut altentann gc,sg_total,0.798117060447891,2025-06-01,-0.02790305383632264,4583,brabazon course at the belfry
27149,"Rodrigues, Daniel",3802,dom pedro victoria golf course,sg_total,0.28722195492640357,2019-10-27,-0.005685804352813997,4583,brabazon course at the belfry
22736,"Rosenmueller, Thomas",714,TPC Louisiana,sg_total,0.7842715137715565,2025-04-27,0.02976439384937599,4583,brabazon course at the belfry
22736,"Rosenmueller, Thomas",934,Hurstbourne Country Club,sg_total,1.792805979110845,2026-07-12,0.02779408140025511,4583,brabazon course at the belfry
22736,"Rosenmueller, Thomas",62,The Ledges,sg_total,0.9992822362832434,2023-04-30,0.02066108316458785,4583,brabazon course at the belfry
22736,"Rosenmueller, Thomas",810,Blue Hills Country Club,sg_total,1.5492369666544878,2026-08-23,0.009412384997248118,4583,brabazon course at the belfry
22736,"Rosenmueller, Thomas",928,PGA National  - Champion Course,sg_total,0.7626164964050653,2025-03-02,0.004732637917843958,4583,brabazon course at the belfry
22736,"Rosenmueller, Thomas",765,Port Royal Golf Course,sg_total,0.8680551755848918,2025-11-16,0.00382502962294458,4583,brabazon course at the belfry
22736,"Rosenmueller, Thomas",876,Detroit Golf Club,sg_total,0.8093692810527258,2025-06-29,0.0024907479194322167,4583,brabazon course at the belfry
22736,"Rosenmueller, Thomas",897,Memorial Park Golf Course,sg_total,0.7733682137654491,2025-03-30,0.0008662793835654559,4583,brabazon course at the belfry
22736,"Rosenmueller, Thomas",978,Vidanta Vallarta,sg_total,0.7599520042489227,2025-02-23,-0.007125872285333023,4583,brabazon course at the belfry
22736,"Rosenmueller, Thomas",233,Nicklaus Tournament Course,sg_total,0.7467685359733571,2025-01-19,-0.012405868305718557,4583,brabazon course at the belfry
22736,"Rosenmueller, Thomas",930,Black Desert Resort,sg_total,0.8589882807411235,2025-10-26,-0.01448906320061499,4583,brabazon course at the belfry
22736,"Rosenmueller, Thomas",800,The Abaco Club on Winding Bay,sg_total,1.5763677202525817,2024-01-24,-0.015120320590672776,4583,brabazon course at the belfry
22736,"Rosenmueller, Thomas",925,Dunes Golf and Beach Club,sg_total,1.737212780434601,2026-05-10,-0.01974690735687938,4583,brabazon course at the belfry
22736,"Rosenmueller, Thomas",-1,Unknown,sg_total,0.7308843790036041,2024-12-07,-0.03283101622694318,4583,brabazon course at the belfry
22736,"Rosenmueller, Thomas",807,Lakewood National Golf Club - Commander Course,sg_total,1.9127489857903326,2026-04-05,-0.036228413523004106,4583,brabazon course at the belfry
22736,"Rosenmuller, Thomas",4207,golfclub münchen eichenried,sg_total,0.5604585449744904,2023-06-25,0.01268820387507255,4583,brabazon course at the belfry
22736,"Rosenmuller, Thomas",810,Blue Hills Country Club,sg_total,0.6606705334016292,2024-05-19,0.01174002921536355,4583,brabazon course at the belfry
22736,"Rosenmuller, Thomas",807,Lakewood National Golf Club - Commander Course,sg_total,0.6514855905541816,2024-04-21,0.009144419388599204,4583,brabazon course at the belfry
22736,"Rosenmuller, Thomas",3916,vierumäki resort,sg_total,0.39772279950933415,2021-08-08,-0.002619523071145373,4583,brabazon course at the belfry
22736,"Rosenmuller, Thomas",3926,hinton golf club,sg_total,0.3813643734941895,2021-05-16,-0.019752218594374454,4583,brabazon course at the belfry
18770,"Rozner, Antoine",4183,mont choisy le golf,sg_total,0.5099207283259416,2022-12-18,0.016420479168950133,4583,brabazon course at the belfry
18770,"Rozner, Antoine",4230,kingsbarns golf links,sg_total,0.5906686964874246,2023-10-08,0.013048497517765689,4583,brabazon course at the belfry
18770,"Rozner, Antoine",4724,royal johannesburg east course,sg_total,0.880293415834221,2025-12-14,0.011341304396217854,4583,brabazon course at the belfry
18770,"Rozner, Antoine",4236,jumeirah golf estates,sg_total,0.6032038980649524,2023-11-19,0.008786982729055006,4583,brabazon course at the belfry
18770,"Rozner, Antoine",714,TPC Louisiana,sg_total,0.7842715137715565,2025-04-27,0.008755376186996755,4583,brabazon course at the belfry
18770,"Rozner, Antoine",3876,crans-sur-sierre gc,sg_total,0.4019208903110026,2021-08-29,0.007674497629618027,4583,brabazon course at the belfry
18770,"Rozner, Antoine",3906,al mouj golf,sg_total,0.305899090813104,2020-03-01,0.007277472095229859,4583,brabazon course at the belfry
18770,"Rozner, Antoine",4017,real club valderrama,sg_total,0.4941085742561417,2022-10-16,0.00661221840431591,4583,brabazon course at the belfry
18770,"Rozner, Antoine",4371,emirates gc,sg_total,0.6225072525676867,2024-01-21,0.006161866678607566,4583,brabazon course at the belfry
18770,"Rozner, Antoine",23,Muirfield Village Golf Club,sg_total,0.38538979590000866,2021-06-06,0.006053310792607343,4583,brabazon course at the belfry
18770,"Rozner, Antoine",4377,genzon gc,sg_total,0.6560619883935562,2024-05-05,0.006038630702540561,4583,brabazon course at the belfry
18770,"Rozner, Antoine",4817,national gc,sg_total,0.9441218903864221,2026-05-03,0.0044135167351266906,4583,brabazon course at the belfry
18770,"Rozner, Antoine",925,Dunes Golf and Beach Club,sg_total,0.7897806739328027,2025-05-11,0.002898084725806778,4583,brabazon course at the belfry
18770,"Rozner, Antoine",4302,jack nicklaus golf club korea,sg_total,0.544983369207548,2023-04-30,0.0021505772033339147,4583,brabazon course at the belfry
18770,"Rozner, Antoine",3901,royal greens,sg_total,0.664774302223504,2021-02-07,0.002060602237259853,4583,brabazon course at the belfry
18770,"Rozner, Antoine",3981,emirates gc,sg_total,0.43409147291705774,2022-01-30,0.0011526648813585606,4583,brabazon course at the belfry
18770,"Rozner, Antoine",697,Ocean Course at Kiawah Island,sg_total,0.38270148738575926,2021-05-23,0.00106947692081254,4583,brabazon course at the belfry
18770,"Rozner, Antoine",3943,meloneras golf,sg_total,0.37738099689684185,2021-04-25,0.0007988309021345803,4583,brabazon course at the belfry
18770,"Rozner, Antoine",4030,gary player cc,sg_total,0.5010747437014489,2022-11-13,0.0007506379987182796,4583,brabazon course at the belfry
18770,"Rozner, Antoine",3898,randpark gc firethorn course,sg_total,0.647908861828359,2020-11-22,0.0005034589598062213,4583,brabazon course at the belfry
18770,"Rozner, Antoine",4584,crans-sur-sierre gc,sg_total,0.835270211411272,2025-08-31,0.00010554025944707512,4583,brabazon course at the belfry
18770,"Rozner, Antoine",4200,yas links,sg_total,0.5189228801589404,2023-01-22,-0.0011929794037047858,4583,brabazon course at the belfry
18770,"Rozner, Antoine",978,Vidanta Vallarta,sg_total,0.7599520042489227,2025-02-23,-0.0015669290753301734,4583,brabazon course at the belfry
18770,"Rozner, Antoine",4207,golfclub münchen eichenried,sg_total,0.5604585449744904,2023-06-25,-0.0019088342451973616,4583,brabazon course at the belfry
18770,"Rozner, Antoine",4023,jumeirah golf estates,sg_total,0.5028315779709409,2022-11-20,-0.0021307144692911217,4583,brabazon course at the belfry
18770,"Rozner, Antoine",3651,diamond cc,sg_total,0.3269330072071321,2020-07-12,-0.002741386520827793,4583,brabazon course at the belfry
18770,"Rozner, Antoine",930,Black Desert Resort,sg_total,0.8589882807411235,2025-10-26,-0.0032328477527641592,4583,brabazon course at the belfry
18770,"Rozner, Antoine",4369,la reserve gc,sg_total,0.6117081434533598,2023-12-17,-0.0037050044761849908,4583,brabazon course at the belfry
18770,"Rozner, Antoine",897,Memorial Park Golf Course,sg_total,0.7733682137654491,2025-03-30,-0.004274404437682876,4583,brabazon course at the belfry
18770,"Rozner, Antoine",928,PGA National  - Champion Course,sg_total,0.7626164964050653,2025-03-02,-0.005350493020690254,4583,brabazon course at the belfry
18770,"Rozner, Antoine",4186,emirates gc,sg_total,0.520742292353521,2023-01-29,-0.005945263658801955,4583,brabazon course at the belfry
18770,"Rozner, Antoine",876,Detroit Golf Club,sg_total,0.8093692810527258,2025-06-29,-0.006171679359943027,4583,brabazon course at the belfry
18770,"Rozner, Antoine",4382,rinkven international gc,sg_total,0.6629869316007273,2024-05-26,-0.006851954073215349,4583,brabazon course at the belfry
18770,"Rozner, Antoine",4235,gary player cc,sg_total,0.6010963747389753,2023-11-12,-0.007131706421577304,4583,brabazon course at the belfry
18770,"Rozner, Antoine",4723,gary player cc,sg_total,0.8772177743910435,2025-12-07,-0.007405013354711947,4583,brabazon course at the belfry
18770,"Rozner, Antoine",765,Port Royal Golf Course,sg_total,0.8680551755848918,2025-11-16,-0.008643323853193363,4583,brabazon course at the belfry
18770,"Rozner, Antoine",4786,circolo golf torino,sg_total,0.9709308776411942,2026-06-28,-0.009019557348735052,4583,brabazon course at the belfry
18770,"Rozner, Antoine",4075,doha gc,sg_total,0.4464177973920421,2022-03-27,-0.009513220579968017,4583,brabazon course at the belfry
18770,"Rozner, Antoine",4402,le golf national,sg_total,0.7110589082064097,2024-10-13,-0.01002471903638662,4583,brabazon course at the belfry
18770,"Rozner, Antoine",4731,houghton gc,sg_total,0.9180531430541589,2026-03-08,-0.01754750598781427,4583,brabazon course at the belfry
18770,"Rozner, Antoine",4401,carnoustie,sg_total,0.7085745521868345,2024-10-06,-0.018934686319574918,4583,brabazon course at the belfry
18770,"Rozner, Antoine",233,Nicklaus Tournament Course,sg_total,0.7467685359733571,2025-01-19,-0.019680424664133958,4583,brabazon course at the belfry
18770,"Rozner, Antoine",4227,le golf national,sg_total,0.5865484532875249,2023-09-24,-0.032250926433128775,4583,brabazon course at the belfry
23060,"Sandhu, Yuvraj",-1,Unknown,sg_total,11.098047379297551,2025-11-30,0.09075163137787703,4583,brabazon course at the belfry
23060,"Sandhu, Yuvraj Singh",4817,national gc,sg_total,0.9441218903864221,2026-05-03,0.028617471618955965,4583,brabazon course at the belfry
23060,"Sandhu, Yuvraj Singh",4786,circolo golf torino,sg_total,0.9709308776411942,2026-06-28,-0.00722196968364871,4583,brabazon course at the belfry
23060,"Sandhu, Yuvraj Singh",4342,infinitum golf lakes course,sg_total,0.6019986958727488,2023-11-15,-0.011676673916294823,4583,brabazon course at the belfry
23060,"Sandhu, Yuvraj Singh",-1,Unknown,sg_total,11.216766175940734,2024-11-03,-0.013180170111007207,4583,brabazon course at the belfry
23060,"Sandhu, Yuvraj Singh",4782,dlf g&cc player course,sg_total,0.9277434863285529,2026-03-29,-0.0704876007052535,4583,brabazon course at the belfry
26991,"Schaper, Jayden",-1,Unknown,sg_total,0.7308843790036041,2024-12-07,0.0037174471656442934,4583,brabazon course at the belfry
26991,"Schaper, Jayden",618,Shinnecock Hills Golf Club,sg_total,0.967538559589032,2026-06-21,-0.025560027004629813,4583,brabazon course at the belfry
26991,"Schaper, Jayden",773,Aronimink Golf Club,sg_total,0.9507539286723269,2026-05-17,-0.02697858494655071,4583,brabazon course at the belfry
26991,"Schaper, Jayden Trey",4723,gary player cc,sg_total,0.8772177743910435,2025-12-07,0.030896520488201462,4583,brabazon course at the belfry
26991,"Schaper, Jayden Trey",4724,royal johannesburg east course,sg_total,0.880293415834221,2025-12-14,0.030698767526411926,4583,brabazon course at the belfry
26991,"Schaper, Jayden Trey",4621,gut altentann gc,sg_total,0.798117060447891,2025-06-01,0.017978849346835836,4583,brabazon course at the belfry
26991,"Schaper, Jayden Trey",4181,blair atholl golf & equestrian estate,sg_total,0.5063637471859777,2022-12-04,0.015568334928819214,4583,brabazon course at the belfry
26991,"Schaper, Jayden Trey",4369,la reserve gc,sg_total,0.6117081434533598,2023-12-17,0.013501692023229345,4583,brabazon course at the belfry
26991,"Schaper, Jayden Trey",4183,mont choisy le golf,sg_total,0.5099207283259416,2022-12-18,0.013431698817008692,4583,brabazon course at the belfry
26991,"Schaper, Jayden Trey",3898,randpark gc firethorn course,sg_total,0.647908861828359,2020-11-22,0.011110392939928696,4583,brabazon course at the belfry
26991,"Schaper, Jayden Trey",4592,yas links,sg_total,0.8650222931107413,2025-11-09,0.009013439463738898,4583,brabazon course at the belfry
26991,"Schaper, Jayden Trey",4095,links,sg_total,0.43714077332761425,2022-02-13,0.008773396073799488,4583,brabazon course at the belfry
26991,"Schaper, Jayden Trey",4237,club at steyn city,sg_total,0.5355291261520809,2023-03-26,0.008387441070961309,4583,brabazon course at the belfry
26991,"Schaper, Jayden Trey",4207,golfclub münchen eichenried,sg_total,0.5604585449744904,2023-06-25,0.008123869844325718,4583,brabazon course at the belfry
26991,"Schaper, Jayden Trey",4593,jumeirah golf estates,sg_total,0.8680551755848918,2025-11-16,0.007651076350337848,4583,brabazon course at the belfry
26991,"Schaper, Jayden Trey",4372,al hamra gc,sg_total,0.6246898452608237,2024-01-28,0.006070355587879144,4583,brabazon course at the belfry
26991,"Schaper, Jayden Trey",4371,emirates gc,sg_total,0.6225072525676867,2024-01-21,0.004008033972253633,4583,brabazon course at the belfry
26991,"Schaper, Jayden Trey",4619,regnum carya golf & spa resort,sg_total,0.7897806739328027,2025-05-11,0.003110865693407189,4583,brabazon course at the belfry
26991,"Schaper, Jayden Trey",4382,rinkven international gc,sg_total,0.6629869316007273,2024-05-26,0.003086796183157395,4583,brabazon course at the belfry
26991,"Schaper, Jayden Trey",4049,golf blue green de pléneuf val andré,sg_total,0.4671989943381879,2022-06-26,0.0008763823208075639,4583,brabazon course at the belfry
26991,"Schaper, Jayden Trey",4227,le golf national,sg_total,0.5865484532875249,2023-09-24,0.0007814810209492353,4583,brabazon course at the belfry
26991,"Schaper, Jayden Trey",3935,gary player cc,sg_total,0.3518677092565612,2020-12-06,-0.0024975541846577977,4583,brabazon course at the belfry
26991,"Schaper, Jayden Trey",4731,houghton gc,sg_total,0.9180531430541589,2026-03-08,-0.003255412896386751,4583,brabazon course at the belfry
26991,"Schaper, Jayden Trey",4051,golf pga france du vaudreuil,sg_total,0.47048086042893056,2022-07-10,-0.0036908493196623022,4583,brabazon course at the belfry
26991,"Schaper, Jayden Trey",4402,le golf national,sg_total,0.7110589082064097,2024-10-13,-0.0038831800709124703,4583,brabazon course at the belfry
26991,"Schaper, Jayden Trey",4035,royal cape golf club,sg_total,0.4386734466479678,2022-02-20,-0.005367863672677709,4583,brabazon course at the belfry
26991,"Schaper, Jayden Trey",4375,laguna national g&cc classic course,sg_total,0.6424283409681188,2024-03-24,-0.005847756350455348,4583,brabazon course at the belfry
26991,"Schaper, Jayden Trey",4221,galgorm castle golf club,sg_total,0.5763731489488771,2023-08-20,-0.009598853069854717,4583,brabazon course at the belfry
26991,"Schaper, Jayden Trey",4584,crans-sur-sierre gc,sg_total,0.835270211411272,2025-08-31,-0.013788397137242808,4583,brabazon course at the belfry
26991,"Schaper, Jayden Trey",3901,royal greens,sg_total,0.3631279599804599,2021-02-07,-0.016268780925047074,4583,brabazon course at the belfry
26991,"Schaper, Jayden Trey",4076,zebula golf estate  spa,sg_total,0.4464177973920421,2022-03-27,-0.019489571384902458,4583,brabazon course at the belfry
26991,"Schaper, Jayden Trey",4817,national gc,sg_total,0.9441218903864221,2026-05-03,-0.02206086452412535,4583,brabazon course at the belfry
26991,"Schaper, Jayden Trey",4559,leopard creek cc,sg_total,0.733813771398553,2024-12-15,-0.034175030629211935,4583,brabazon course at the belfry
27258,"Schmidt, Ben",4582,furesø golf klub,sg_total,0.8294437363854039,2025-08-17,0.03601554755836416,4583,brabazon course at the belfry
27258,"Schmidt, Ben",4563,sanya luhuitou gc,sg_total,0.7110589082064097,2024-10-13,0.02516444940501953,4583,brabazon course at the belfry
27258,"Schmidt, Ben",4486,kaskáda golf resort,sg_total,0.669984969788664,2024-06-16,0.023150091483437957,4583,brabazon course at the belfry
27258,"Schmidt, Ben",4485,hangzhou west lake golf club,sg_total,0.7135519747065024,2024-10-20,0.019670587185533835,4583,brabazon course at the belfry
27258,"Schmidt, Ben",4782,dlf g&cc player course,sg_total,0.9277434863285529,2026-03-29,0.01638556613301389,4583,brabazon course at the belfry
27258,"Schmidt, Ben",4317,twentsche gc,sg_total,0.550735842216777,2023-05-21,0.013067417444435526,4583,brabazon course at the belfry
27258,"Schmidt, Ben",4271,askersunds golfklubb,sg_total,0.5783939893780083,2023-08-27,0.012015670941572416,4583,brabazon course at the belfry
27258,"Schmidt, Ben",4150,st. mellion estate,sg_total,0.4923822171335323,2022-10-09,0.011001287005027548,4583,brabazon course at the belfry
27258,"Schmidt, Ben",4529,argentario gc,sg_total,0.7036318499619978,2024-09-22,0.005057070060494661,4583,brabazon course at the belfry
27258,"Schmidt, Ben",4724,royal johannesburg east course,sg_total,0.880293415834221,2025-12-14,0.004307610407946776,4583,brabazon course at the belfry
27258,"Schmidt, Ben",4055,vierumäki resort,sg_total,0.4771139155210344,2022-08-07,0.0034128648729033844,4583,brabazon course at the belfry
27258,"Schmidt, Ben",4619,regnum carya golf & spa resort,sg_total,0.7897806739328027,2025-05-11,0.002620205362753464,4583,brabazon course at the belfry
27258,"Schmidt, Ben",4603,kingsbarns golf links,sg_total,0.8500160902253981,2025-10-05,0.002416000741964495,4583,brabazon course at the belfry
27258,"Schmidt, Ben",4731,houghton gc,sg_total,0.9180531430541589,2026-03-08,0.0005892545185404447,4583,brabazon course at the belfry
27258,"Schmidt, Ben",4484,royal óbidos spa & golf resort,sg_total,0.7011734432085724,2024-09-15,0.00044814498500528435,4583,brabazon course at the belfry
27258,"Schmidt, Ben",-1,Unknown,sg_total,0.5262388930771054,2023-02-19,-0.0007020318921838705,4583,brabazon course at the belfry
27258,"Schmidt, Ben",4621,gut altentann gc,sg_total,0.798117060447891,2025-06-01,-0.001002825808529113,4583,brabazon course at the belfry
27258,"Schmidt, Ben",4104,iberostar real club de golf novo sancti petri,sg_total,0.4590941362868942,2022-05-22,-0.004988171490617405,4583,brabazon course at the belfry
27258,"Schmidt, Ben",4555,kingston heath gc,sg_total,0.7286950115597843,2024-12-01,-0.005208359027298865,4583,brabazon course at the belfry
27258,"Schmidt, Ben",4487,golf bluegreen de pléneuf val andré,sg_total,0.6723340256326573,2024-06-23,-0.0057327559136925756,4583,brabazon course at the belfry
27258,"Schmidt, Ben",4786,circolo golf torino,sg_total,0.9709308776411942,2026-06-28,-0.007870374616549904,4583,brabazon course at the belfry
27258,"Schmidt, Ben",4584,crans-sur-sierre gc,sg_total,0.835270211411272,2025-08-31,-0.014619633944437853,4583,brabazon course at the belfry
27258,"Schmidt, Ben",4267,wittelsbacher golfclub,sg_total,0.5683601467575404,2023-07-23,-0.016531293538753135,4583,brabazon course at the belfry
27258,"Schmidt, Ben",4592,yas links,sg_total,0.8650222931107413,2025-11-09,-0.02283051358554329,4583,brabazon course at the belfry
27258,"Schmidt, Ben",4827,blackstone course mission hills,sg_total,0.9245020599315531,2026-03-22,-0.03173091776131734,4583,brabazon course at the belfry
12522,"Schneider, Marcel",4621,gut altentann gc,sg_total,0.798117060447891,2025-06-01,0.03205842587537732,4583,brabazon course at the belfry
12522,"Schneider, Marcel",4817,national gc,sg_total,0.9441218903864221,2026-05-03,0.015281015487354669,4583,brabazon course at the belfry
12522,"Schneider, Marcel",4559,leopard creek cc,sg_total,0.733813771398553,2024-12-15,0.014450062593851948,4583,brabazon course at the belfry
12522,"Schneider, Marcel",4809,royal johannesburg east course (par 70),sg_total,0.880293415834221,2025-12-14,0.010403046604586049,4583,brabazon course at the belfry
12522,"Schneider, Marcel",3943,meloneras golf,sg_total,0.37738099689684185,2021-04-25,0.01012505731007479,4583,brabazon course at the belfry
12522,"Schneider, Marcel",4207,golfclub münchen eichenried,sg_total,0.5604585449744904,2023-06-25,0.009910332065525829,4583,brabazon course at the belfry
12522,"Schneider, Marcel",3651,diamond cc,sg_total,0.5501747603315552,2020-07-12,0.008471981808906168,4583,brabazon course at the belfry
12522,"Schneider, Marcel",4030,gary player cc,sg_total,0.5010747437014489,2022-11-13,0.0065943360375230586,4583,brabazon course at the belfry
12522,"Schneider, Marcel",4237,club at steyn city,sg_total,0.5355291261520809,2023-03-26,0.006490844634318011,4583,brabazon course at the belfry
12522,"Schneider, Marcel",4619,regnum carya golf & spa resort,sg_total,0.7897806739328027,2025-05-11,0.004293209305849552,4583,brabazon course at the belfry
12522,"Schneider, Marcel",3649,rinkven international gc,sg_total,0.2209099779593782,2018-05-20,0.004014865161217723,4583,brabazon course at the belfry
12522,"Schneider, Marcel",4302,jack nicklaus golf club korea,sg_total,0.544983369207548,2023-04-30,0.0022305242883924664,4583,brabazon course at the belfry
12522,"Schneider, Marcel",3765,randpark gc firethorn course,sg_total,0.2445097728767429,2018-12-09,0.002157124369895647,4583,brabazon course at the belfry
12522,"Schneider, Marcel",3862,himmerland golf & spa resort,sg_total,0.3840432893753353,2021-05-30,0.0015064340970066988,4583,brabazon course at the belfry
12522,"Schneider, Marcel",4369,la reserve gc,sg_total,0.6117081434533598,2023-12-17,0.0012949846053577686,4583,brabazon course at the belfry
12522,"Schneider, Marcel",4023,jumeirah golf estates,sg_total,0.5028315779709409,2022-11-20,-0.0002984424657955453,4583,brabazon course at the belfry
12522,"Schneider, Marcel",3544,verdura gc,sg_total,0.22013814453292976,2018-05-13,-0.0004896474139620498,4583,brabazon course at the belfry
12522,"Schneider, Marcel",4592,yas links,sg_total,0.8650222931107413,2025-11-09,-0.001094006660414745,4583,brabazon course at the belfry
12522,"Schneider, Marcel",4186,emirates gc,sg_total,0.520742292353521,2023-01-29,-0.0022452323946320738,4583,brabazon course at the belfry
12522,"Schneider, Marcel",4076,zebula golf estate  spa,sg_total,0.3433516974975665,2020-10-18,-0.0025938421864797404,4583,brabazon course at the belfry
12522,"Schneider, Marcel",4375,laguna national g&cc classic course,sg_total,0.6424283409681188,2024-03-24,-0.002611594837989829,4583,brabazon course at the belfry
12522,"Schneider, Marcel",4227,le golf national,sg_total,0.5865484532875249,2023-09-24,-0.0031820574380651157,4583,brabazon course at the belfry
12522,"Schneider, Marcel",4075,doha gc,sg_total,0.4464177973920421,2022-03-27,-0.0033534175041556543,4583,brabazon course at the belfry
12522,"Schneider, Marcel",4011,himmerland golf & spa resort,sg_total,0.483840486467991,2022-09-04,-0.003542433298679498,4583,brabazon course at the belfry
12522,"Schneider, Marcel",4582,furesø golf klub,sg_total,0.8294437363854039,2025-08-17,-0.004159991705649295,4583,brabazon course at the belfry
12522,"Schneider, Marcel",4382,rinkven international gc,sg_total,0.6629869316007273,2024-05-26,-0.004678313948286531,4583,brabazon course at the belfry
12522,"Schneider, Marcel",934,Hurstbourne Country Club,sg_total,0.9777512371933363,2026-07-12,-0.00608872134940541,4583,brabazon course at the belfry
12522,"Schneider, Marcel",4371,emirates gc,sg_total,0.6225072525676867,2024-01-21,-0.0076914128879097664,4583,brabazon course at the belfry
12522,"Schneider, Marcel",4584,crans-sur-sierre gc,sg_total,0.835270211411272,2025-08-31,-0.007872135259538842,4583,brabazon course at the belfry
12522,"Schneider, Marcel",890,Tahoe Mountain Club (Old Greenwood),sg_total,0.5683601467575404,2023-07-23,-0.010412951171710297,4583,brabazon course at the belfry
12522,"Schneider, Marcel",4230,kingsbarns golf links,sg_total,0.5906686964874246,2023-10-08,-0.012691383353192138,4583,brabazon course at the belfry
12522,"Schneider, Marcel",4372,al hamra gc,sg_total,0.6246898452608237,2024-01-28,-0.015025299602392054,4583,brabazon course at the belfry
12522,"Schneider, Marcel",4200,yas links,sg_total,0.5189228801589404,2023-01-22,-0.016913135174417827,4583,brabazon course at the belfry
12522,"Schneider, Marcel",4402,le golf national,sg_total,0.7110589082064097,2024-10-13,-0.018380978207284397,4583,brabazon course at the belfry
12522,"Schneider, Marcel",4731,houghton gc,sg_total,0.9180531430541589,2026-03-08,-0.023103839824128444,4583,brabazon course at the belfry
12522,"Schneider, Marcel",654,The Country Club,sg_total,0.46556665611623754,2022-06-19,-0.028802722330226217,4583,brabazon course at the belfry
12522,"Schneider, Marcel",4786,circolo golf torino,sg_total,0.9709308776411942,2026-06-28,-0.040002852456556465,4583,brabazon course at the belfry
27588,"Schott, Freddy",4782,dlf g&cc player course,sg_total,0.9277434863285529,2026-03-29,0.02351212377441456,4583,brabazon course at the belfry
27588,"Schott, Freddy",4221,galgorm castle golf club,sg_total,0.5763731489488771,2023-08-20,0.019530872740028033,4583,brabazon course at the belfry
27588,"Schott, Freddy",4375,laguna national g&cc classic course,sg_total,0.6424283409681188,2024-03-24,0.018255233114456763,4583,brabazon course at the belfry
27588,"Schott, Freddy",4056,frederikshavn golfklub,sg_total,0.47878673996045235,2022-08-14,0.017478651949911213,4583,brabazon course at the belfry
27588,"Schott, Freddy",4227,le golf national,sg_total,0.5865484532875249,2023-09-24,0.01635810889089666,4583,brabazon course at the belfry
27588,"Schott, Freddy",4049,golf blue green de pléneuf val andré,sg_total,0.4671989943381879,2022-06-26,0.016045096962111365,4583,brabazon course at the belfry
27588,"Schott, Freddy",4377,genzon gc,sg_total,0.6560619883935562,2024-05-05,0.01551538151968172,4583,brabazon course at the belfry
27588,"Schott, Freddy",4076,zebula golf estate  spa,sg_total,0.4464177973920421,2022-03-27,0.013535059077032306,4583,brabazon course at the belfry
27588,"Schott, Freddy",4555,kingston heath gc,sg_total,0.7286950115597843,2024-12-01,0.01080063460739416,4583,brabazon course at the belfry
27588,"Schott, Freddy",4372,al hamra gc,sg_total,0.6246898452608237,2024-01-28,0.009768128847782356,4583,brabazon course at the belfry
27588,"Schott, Freddy",4051,golf pga france du vaudreuil,sg_total,0.47048086042893056,2022-07-10,0.007764960411839882,4583,brabazon course at the belfry
27588,"Schott, Freddy",4036,durban country club,sg_total,0.4402114937235286,2022-02-27,0.007595869679658009,4583,brabazon course at the belfry
27588,"Schott, Freddy",4302,jack nicklaus golf club korea,sg_total,0.544983369207548,2023-04-30,0.00614107830020959,4583,brabazon course at the belfry
27588,"Schott, Freddy",4055,vierumäki resort,sg_total,0.4771139155210344,2022-08-07,0.005972712114928637,4583,brabazon course at the belfry
27588,"Schott, Freddy",4200,yas links,sg_total,0.5189228801589404,2023-01-22,0.005627514530885772,4583,brabazon course at the belfry
27588,"Schott, Freddy",4621,gut altentann gc,sg_total,0.798117060447891,2025-06-01,0.005589122312337947,4583,brabazon course at the belfry
27588,"Schott, Freddy",4071,koro creek golf club,sg_total,0.44798299718474366,2022-04-03,0.005269150895911303,4583,brabazon course at the belfry
27588,"Schott, Freddy",890,Tahoe Mountain Club (Old Greenwood),sg_total,0.5683601467575404,2023-07-23,0.005191908887873689,4583,brabazon course at the belfry
27588,"Schott, Freddy",4181,blair atholl golf & equestrian estate,sg_total,0.5063637471859777,2022-12-04,0.003944922486170869,4583,brabazon course at the belfry
27588,"Schott, Freddy",4619,regnum carya golf & spa resort,sg_total,0.7897806739328027,2025-05-11,0.0019257538358455964,4583,brabazon course at the belfry
27588,"Schott, Freddy",4721,royal queensland gc,sg_total,0.8741528788765721,2025-11-30,0.0007538817726871673,4583,brabazon course at the belfry
27588,"Schott, Freddy",3916,vierumäki resort,sg_total,0.39772279950933415,2021-08-08,-0.0010412697075462083,4583,brabazon course at the belfry
27588,"Schott, Freddy",4237,club at steyn city,sg_total,0.5355291261520809,2023-03-26,-0.0013376137325042826,4583,brabazon course at the belfry
27588,"Schott, Freddy",4207,golfclub münchen eichenried,sg_total,0.5604585449744904,2023-06-25,-0.0019306855865146078,4583,brabazon course at the belfry
27588,"Schott, Freddy",4534,infinitum golf lakes course,sg_total,0.7221661802661196,2024-11-13,-0.001975888677933415,4583,brabazon course at the belfry
27588,"Schott, Freddy",3926,hinton golf club,sg_total,0.3813643734941895,2021-05-16,-0.00268725861822135,4583,brabazon course at the belfry
27588,"Schott, Freddy",4786,circolo golf torino,sg_total,0.9709308776411942,2026-06-28,-0.003348597265622531,4583,brabazon course at the belfry
27588,"Schott, Freddy",4066,club de golf alcanada,sg_total,0.4993240476038332,2022-11-06,-0.004945204551034351,4583,brabazon course at the belfry
27588,"Schott, Freddy",4369,la reserve gc,sg_total,0.6117081434533598,2023-12-17,-0.006579713977146354,4583,brabazon course at the belfry
27588,"Schott, Freddy",4584,crans-sur-sierre gc,sg_total,0.835270211411272,2025-08-31,-0.007434768604167921,4583,brabazon course at the belfry
27588,"Schott, Freddy",4035,royal cape golf club,sg_total,0.4386734466479678,2022-02-20,-0.007731094216565819,4583,brabazon course at the belfry
27588,"Schott, Freddy",4617,royal cape golf club,sg_total,0.7546509156752821,2025-02-09,-0.0084308097563107,4583,brabazon course at the belfry
27588,"Schott, Freddy",4618,montagu,sg_total,0.7572968215143355,2025-02-16,-0.009803082776202154,4583,brabazon course at the belfry
27588,"Schott, Freddy",4382,rinkven international gc,sg_total,0.6629869316007273,2024-05-26,-0.012182543813813985,4583,brabazon course at the belfry
27588,"Schott, Freddy",4817,national gc,sg_total,0.9441218903864221,2026-05-03,-0.015397101104408086,4583,brabazon course at the belfry
27588,"Schott, Freddy",4063,golf international de pont royal,sg_total,0.4906618916992401,2022-10-02,-0.01719876551744131,4583,brabazon course at the belfry
27588,"Schott, Freddy",4183,mont choisy le golf,sg_total,0.5099207283259416,2022-12-18,-0.023177406292927968,4583,brabazon course at the belfry
27588,"Schott, Freddy",4582,furesø golf klub,sg_total,0.8294437363854039,2025-08-17,-0.02489785183296812,4583,brabazon course at the belfry
27588,"Schott, Freddy",4653,rosa golf club,sg_total,0.8381987791551844,2025-09-07,-0.03950704702177413,4583,brabazon course at the belfry
12734,"Scrivener, Jason",4582,furesø golf klub,sg_total,0.8294437363854039,2025-08-17,0.01651152801210452,4583,brabazon course at the belfry
12734,"Scrivener, Jason",4200,yas links,sg_total,0.5189228801589404,2023-01-22,0.01442295966578089,4583,brabazon course at the belfry
12734,"Scrivener, Jason",697,Ocean Course at Kiawah Island,sg_total,0.38270148738575926,2021-05-23,0.011076815233737953,4583,brabazon course at the belfry
12734,"Scrivener, Jason",4731,houghton gc,sg_total,0.9180531430541589,2026-03-08,0.010148017306284278,4583,brabazon course at the belfry
12734,"Scrivener, Jason",4375,laguna national g&cc classic course,sg_total,0.6424283409681188,2024-03-24,0.008614192633669106,4583,brabazon course at the belfry
12734,"Scrivener, Jason",890,Tahoe Mountain Club (Old Greenwood),sg_total,0.5683601467575404,2023-07-23,0.008069481626938746,4583,brabazon course at the belfry
12734,"Scrivener, Jason",3862,himmerland golf & spa resort,sg_total,0.647201464831364,2021-05-30,0.006747233306471881,4583,brabazon course at the belfry
12734,"Scrivener, Jason",528,Pinehurst Resort & Country Club (Course No. 2),sg_total,0.669984969788664,2024-06-16,0.00666591639228971,4583,brabazon course at the belfry
12734,"Scrivener, Jason",3807,jumeirah golf estates,sg_total,0.2912713418641669,2019-11-24,0.005754189515271248,4583,brabazon course at the belfry
12734,"Scrivener, Jason",4584,crans-sur-sierre gc,sg_total,0.835270211411272,2025-08-31,0.005654867349924575,4583,brabazon course at the belfry
12734,"Scrivener, Jason",3637,emirates gc,sg_total,0.20887902966927693,2018-01-28,0.0054390769585010495,4583,brabazon course at the belfry
12734,"Scrivener, Jason",3762,hong kong gc,sg_total,0.24280418100265946,2018-11-25,0.004307807192593874,4583,brabazon course at the belfry
12734,"Scrivener, Jason",3674,regnum carya golf & spa resort,sg_total,0.2402680749592907,2018-11-04,0.0042328229150961,4583,brabazon course at the belfry
12734,"Scrivener, Jason",4377,genzon gc,sg_total,0.6560619883935562,2024-05-05,0.004220817912953076,4583,brabazon course at the belfry
12734,"Scrivener, Jason",3792,hills golf & sports club,sg_total,0.27831547681864865,2019-08-25,0.0037009279258746505,4583,brabazon course at the belfry
12734,"Scrivener, Jason",3671,carnoustie,sg_total,0.23692775868212176,2018-10-07,0.0036015263520352866,4583,brabazon course at the belfry
12734,"Scrivener, Jason",4372,al hamra gc,sg_total,0.6246898452608237,2024-01-28,0.0028763869091771367,4583,brabazon course at the belfry
12734,"Scrivener, Jason",3544,verdura gc,sg_total,0.404288998271078,2018-05-13,0.00287416014317712,4583,brabazon course at the belfry
12734,"Scrivener, Jason",3538,kingsbarns golf links,sg_total,0.19750329721911253,2017-10-08,0.0028546711397152693,4583,brabazon course at the belfry
12734,"Scrivener, Jason",3663,albatross golf resort,sg_total,0.23200415453447004,2018-08-26,0.0026897750758200748,4583,brabazon course at the belfry
12734,"Scrivener, Jason",618,Shinnecock Hills Golf Club,sg_total,0.22402446821274175,2018-06-17,0.002587571759707524,4583,brabazon course at the belfry
12734,"Scrivener, Jason",3626,racv royal pines resort,sg_total,0.20311153851913738,2017-12-03,0.002505260756198066,4583,brabazon course at the belfry
12734,"Scrivener, Jason",3763,racv royal pines resort,sg_total,0.24365548454833486,2018-12-02,0.002389908192495305,4583,brabazon course at the belfry
12734,"Scrivener, Jason",4075,doha gc,sg_total,0.4464177973920421,2022-03-27,0.002385690379281182,4583,brabazon course at the belfry
12734,"Scrivener, Jason",4382,rinkven international gc,sg_total,0.6629869316007273,2024-05-26,0.0016655581359668636,4583,brabazon course at the belfry
12734,"Scrivener, Jason",3530,natadola bay gc,sg_total,0.19272326098017534,2017-08-20,0.0009145221074523402,4583,brabazon course at the belfry
12734,"Scrivener, Jason",-1,Unknown,sg_total,1.243487463024071,2024-10-20,0.0005634544676560453,4583,brabazon course at the belfry
12734,"Scrivener, Jason",4235,gary player cc,sg_total,0.6010963747389753,2023-11-12,0.0003778409655223449,4583,brabazon course at the belfry
12734,"Scrivener, Jason",4186,emirates gc,sg_total,0.520742292353521,2023-01-29,0.00023190147482360287,4583,brabazon course at the belfry
12734,"Scrivener, Jason",4786,circolo golf torino,sg_total,0.9709308776411942,2026-06-28,-0.0011284914968040594,4583,brabazon course at the belfry
12734,"Scrivener, Jason",3650,wentworth golf club,sg_total,0.22168451753581914,2018-05-27,-0.0016793991225505273,4583,brabazon course at the belfry
12734,"Scrivener, Jason",3906,al mouj golf,sg_total,0.305899090813104,2020-03-01,-0.001967564585554666,4583,brabazon course at the belfry
12734,"Scrivener, Jason",3664,silkeborg ry gc,sg_total,0.2328175917601019,2018-09-02,-0.0022112432513852853,4583,brabazon course at the belfry
12734,"Scrivener, Jason",3903,13th beach gc beach course,sg_total,0.30270395418214285,2020-02-09,-0.002237837264572565,4583,brabazon course at the belfry
12734,"Scrivener, Jason",4555,kingston heath gc,sg_total,0.7286950115597843,2024-12-01,-0.0025783645856469624,4583,brabazon course at the belfry
12734,"Scrivener, Jason",4721,royal queensland gc,sg_total,0.8741528788765721,2025-11-30,-0.002751462842531408,4583,brabazon course at the belfry
12734,"Scrivener, Jason",4017,real club valderrama,sg_total,0.4941085742561417,2022-10-16,-0.0031855146468181043,4583,brabazon course at the belfry
12734,"Scrivener, Jason",3793,crans-sur-sierre gc,sg_total,0.2792912876603469,2019-09-01,-0.0031898304019065873,4583,brabazon course at the belfry
12734,"Scrivener, Jason",3519,barsebäck g&cc,sg_total,0.18544443195597088,2017-06-04,-0.0033210772815884075,4583,brabazon course at the belfry
12734,"Scrivener, Jason",4371,emirates gc,sg_total,0.6225072525676867,2024-01-21,-0.004168913557203551,4583,brabazon course at the belfry
12734,"Scrivener, Jason",23,Muirfield Village Golf Club,sg_total,0.32807927753528066,2020-07-19,-0.005458366253967622,4583,brabazon course at the belfry
12734,"Scrivener, Jason",4817,national gc,sg_total,0.9441218903864221,2026-05-03,-0.005999677689183844,4583,brabazon course at the belfry
12734,"Scrivener, Jason",3901,royal greens,sg_total,0.3631279599804599,2021-02-07,-0.006460475479858283,4583,brabazon course at the belfry
12734,"Scrivener, Jason",3779,royal golf dar es salam red course,sg_total,0.2622387318069171,2019-04-28,-0.0071165697234466105,4583,brabazon course at the belfry
12734,"Scrivener, Jason",3678,walton heath gc,sg_total,0.2377584587145598,2018-10-14,-0.0075057736828938034,4583,brabazon course at the belfry
12734,"Scrivener, Jason",4621,gut altentann gc,sg_total,0.798117060447891,2025-06-01,-0.008635746362934576,4583,brabazon course at the belfry
12734,"Scrivener, Jason",4016,club de campo villa de madrid,sg_total,0.4923822171335323,2022-10-09,-0.011332201894322816,4583,brabazon course at the belfry
12734,"Scrivener, Jason",934,Hurstbourne Country Club,sg_total,0.8150547419175087,2025-07-13,-0.01249891246442843,4583,brabazon course at the belfry
12734,"Scrivener, Jason",4358,royal queensland gc,sg_total,0.6053188106462242,2023-11-26,-0.016853013387564376,4583,brabazon course at the belfry
12734,"Scrivener, Jason",3981,emirates gc,sg_total,0.43409147291705774,2022-01-30,-0.01770160920651096,4583,brabazon course at the belfry
15115,"Senior, Jack",4485,hangzhou west lake golf club,sg_total,0.7135519747065024,2024-10-20,0.023299773506420002,4583,brabazon course at the belfry
15115,"Senior, Jack",934,Hurstbourne Country Club,sg_total,1.792805979110845,2026-07-12,0.01964841979851922,4583,brabazon course at the belfry
15115,"Senior, Jack",4782,dlf g&cc player course,sg_total,0.9277434863285529,2026-03-29,0.014799281082954271,4583,brabazon course at the belfry
15115,"Senior, Jack",4786,circolo golf torino,sg_total,0.9709308776411942,2026-06-28,0.011366991476583491,4583,brabazon course at the belfry
15115,"Senior, Jack",4221,galgorm castle golf club,sg_total,0.5763731489488771,2023-08-20,0.009501477450668119,4583,brabazon course at the belfry
15115,"Senior, Jack",3972,golf santa ponsa,sg_total,0.41333370907465194,2021-10-24,0.009097346558618163,4583,brabazon course at the belfry
15115,"Senior, Jack",3901,royal greens,sg_total,0.30164634224304404,2020-02-02,0.008973111488790823,4583,brabazon course at the belfry
15115,"Senior, Jack",3943,meloneras golf,sg_total,0.37738099689684185,2021-04-25,0.008629192551434685,4583,brabazon course at the belfry
15115,"Senior, Jack",4529,argentario gc,sg_total,0.7036318499619978,2024-09-22,0.007296703964081996,4583,brabazon course at the belfry
15115,"Senior, Jack",4011,himmerland golf & spa resort,sg_total,0.483840486467991,2022-09-04,0.006440764699088335,4583,brabazon course at the belfry
15115,"Senior, Jack",4486,kaskáda golf resort,sg_total,0.669984969788664,2024-06-16,0.005460301686571472,4583,brabazon course at the belfry
15115,"Senior, Jack",3898,randpark gc firethorn course,sg_total,0.647908861828359,2020-11-22,0.005368358975494175,4583,brabazon course at the belfry
15115,"Senior, Jack",3779,royal golf dar es salam red course,sg_total,0.2622387318069171,2019-04-28,0.005332568892746086,4583,brabazon course at the belfry
15115,"Senior, Jack",4271,askersunds golfklubb,sg_total,0.5783939893780083,2023-08-27,0.004925737659445556,4583,brabazon course at the belfry
15115,"Senior, Jack",4487,golf bluegreen de pléneuf val andré,sg_total,0.6723340256326573,2024-06-23,0.0047408801101789435,4583,brabazon course at the belfry
15115,"Senior, Jack",4484,royal óbidos spa & golf resort,sg_total,0.7011734432085724,2024-09-15,0.004625158242460116,4583,brabazon course at the belfry
15115,"Senior, Jack",4559,leopard creek cc,sg_total,0.733813771398553,2024-12-15,0.001628878962171524,4583,brabazon course at the belfry
15115,"Senior, Jack",3906,al mouj golf,sg_total,0.305899090813104,2020-03-01,0.0014208984992844368,4583,brabazon course at the belfry
15115,"Senior, Jack",4207,golfclub münchen eichenried,sg_total,0.5604585449744904,2023-06-25,0.0009587344040567819,4583,brabazon course at the belfry
15115,"Senior, Jack",4301,golf nazionale,sg_total,0.5643955181193583,2023-07-09,0.0006517755514375537,4583,brabazon course at the belfry
15115,"Senior, Jack",4582,furesø golf klub,sg_total,0.8294437363854039,2025-08-17,-7.035674631501135e-05,4583,brabazon course at the belfry
15115,"Senior, Jack",4186,emirates gc,sg_total,0.520742292353521,2023-01-29,-0.0014113909157103053,4583,brabazon course at the belfry
15115,"Senior, Jack",4619,regnum carya golf & spa resort,sg_total,0.7897806739328027,2025-05-11,-0.001980975716690536,4583,brabazon course at the belfry
15115,"Senior, Jack",4817,national gc,sg_total,0.9441218903864221,2026-05-03,-0.0020397558449448882,4583,brabazon course at the belfry
15115,"Senior, Jack",3862,himmerland golf & spa resort,sg_total,0.3840432893753353,2021-05-30,-0.0030468278217020296,4583,brabazon course at the belfry
15115,"Senior, Jack",4555,kingston heath gc,sg_total,0.7286950115597843,2024-12-01,-0.003949273719990793,4583,brabazon course at the belfry
15115,"Senior, Jack",3763,racv royal pines resort,sg_total,0.24365548454833486,2018-12-02,-0.0043849257330987376,4583,brabazon course at the belfry
15115,"Senior, Jack",4076,zebula golf estate  spa,sg_total,0.3433516974975665,2020-10-18,-0.0044472362373643385,4583,brabazon course at the belfry
15115,"Senior, Jack",4017,real club valderrama,sg_total,0.4941085742561417,2022-10-16,-0.005850842118253267,4583,brabazon course at the belfry
15115,"Senior, Jack",4584,crans-sur-sierre gc,sg_total,0.835270211411272,2025-08-31,-0.007162513836335226,4583,brabazon course at the belfry
15115,"Senior, Jack",3876,crans-sur-sierre gc,sg_total,0.4019208903110026,2021-08-29,-0.007188038598103704,4583,brabazon course at the belfry
15115,"Senior, Jack",658,Carnoustie GC,sg_total,0.22797940113688214,2018-07-22,-0.007778910837857128,4583,brabazon course at the belfry
15115,"Senior, Jack",4721,royal queensland gc,sg_total,0.8741528788765721,2025-11-30,-0.008043238251557002,4583,brabazon course at the belfry
15115,"Senior, Jack",4075,doha gc,sg_total,0.4464177973920421,2022-03-27,-0.009433984661294519,4583,brabazon course at the belfry
15115,"Senior, Jack",4267,wittelsbacher golfclub,sg_total,0.5683601467575404,2023-07-23,-0.010643295855897567,4583,brabazon course at the belfry
15115,"Senior, Jack",4302,jack nicklaus golf club korea,sg_total,0.544983369207548,2023-04-30,-0.01842760475320259,4583,brabazon course at the belfry
15115,"Senior, Jack",4731,houghton gc,sg_total,0.9180531430541589,2026-03-08,-0.027043476094223733,4583,brabazon course at the belfry
15115,"Senior, Jack",4563,sanya luhuitou gc,sg_total,0.7110589082064097,2024-10-13,-0.029775748231875062,4583,brabazon course at the belfry
15115,"Senior, Jack",4724,royal johannesburg east course,sg_total,0.880293415834221,2025-12-14,-0.029827881548808072,4583,brabazon course at the belfry
15115,"Senior, Jack",4489,golf saint apollinaire,sg_total,0.7060988762143844,2024-09-29,-0.042625012504059416,4583,brabazon course at the belfry
17081,"Sharma, Shubhankar",4030,gary player cc,sg_total,0.5010747437014489,2022-11-13,0.019942705003106933,4583,brabazon course at the belfry
17081,"Sharma, Shubhankar",4200,yas links,sg_total,0.5189228801589404,2023-01-22,0.01922464501910417,4583,brabazon course at the belfry
17081,"Sharma, Shubhankar",4375,laguna national g&cc classic course,sg_total,0.6424283409681188,2024-03-24,0.0188445573337815,4583,brabazon course at the belfry
17081,"Sharma, Shubhankar",4371,emirates gc,sg_total,0.6225072525676867,2024-01-21,0.014203640144022023,4583,brabazon course at the belfry
17081,"Sharma, Shubhankar",3862,himmerland golf & spa resort,sg_total,0.3840432893753353,2021-05-30,0.009606958687089556,4583,brabazon course at the belfry
17081,"Sharma, Shubhankar",4582,furesø golf klub,sg_total,0.8294437363854039,2025-08-17,0.009409234574380934,4583,brabazon course at the belfry
17081,"Sharma, Shubhankar",4584,crans-sur-sierre gc,sg_total,0.835270211411272,2025-08-31,0.008305110432324464,4583,brabazon course at the belfry
17081,"Sharma, Shubhankar",800,The Abaco Club on Winding Bay,sg_total,0.2377584587145598,2018-10-14,0.007701085486212588,4583,brabazon course at the belfry
17081,"Sharma, Shubhankar",4372,al hamra gc,sg_total,0.6246898452608237,2024-01-28,0.007058744919998958,4583,brabazon course at the belfry
17081,"Sharma, Shubhankar",3876,crans-sur-sierre gc,sg_total,0.4019208903110026,2021-08-29,0.006122813894457431,4583,brabazon course at the belfry
17081,"Sharma, Shubhankar",4382,rinkven international gc,sg_total,0.6629869316007273,2024-05-26,0.00562350876901425,4583,brabazon course at the belfry
17081,"Sharma, Shubhankar",4731,houghton gc,sg_total,0.9180531430541589,2026-03-08,0.004966436927385439,4583,brabazon course at the belfry
17081,"Sharma, Shubhankar",4817,national gc,sg_total,0.9441218903864221,2026-05-03,0.004963935947733406,4583,brabazon course at the belfry
17081,"Sharma, Shubhankar",3494,hong kong gc,sg_total,0.2024018907423617,2017-11-26,0.0048988783925029596,4583,brabazon course at the belfry
17081,"Sharma, Shubhankar",3802,dom pedro victoria golf course,sg_total,0.28722195492640357,2019-10-27,0.004097537741109675,4583,brabazon course at the belfry
17081,"Sharma, Shubhankar",3901,royal greens,sg_total,0.664774302223504,2021-02-07,0.0035477336283256636,4583,brabazon course at the belfry
17081,"Sharma, Shubhankar",4076,zebula golf estate  spa,sg_total,0.3433516974975665,2020-10-18,0.003491324391353781,4583,brabazon course at the belfry
17081,"Sharma, Shubhankar",3530,natadola bay gc,sg_total,0.19272326098017534,2017-08-20,0.002993313107003603,4583,brabazon course at the belfry
17081,"Sharma, Shubhankar",3762,hong kong gc,sg_total,0.24280418100265946,2018-11-25,0.0029084957800471667,4583,brabazon course at the belfry
17081,"Sharma, Shubhankar",4302,jack nicklaus golf club korea,sg_total,0.544983369207548,2023-04-30,0.0018631158875755305,4583,brabazon course at the belfry
17081,"Sharma, Shubhankar",658,Carnoustie GC,sg_total,0.22797940113688214,2018-07-22,0.0015992708631583836,4583,brabazon course at the belfry
17081,"Sharma, Shubhankar",4230,kingsbarns golf links,sg_total,0.5906686964874246,2023-10-08,0.0014671702539734007,4583,brabazon course at the belfry
17081,"Sharma, Shubhankar",4011,himmerland golf & spa resort,sg_total,0.483840486467991,2022-09-04,0.0012724837155583253,4583,brabazon course at the belfry
17081,"Sharma, Shubhankar",3674,regnum carya golf & spa resort,sg_total,0.2402680749592907,2018-11-04,0.001251158978093648,4583,brabazon course at the belfry
17081,"Sharma, Shubhankar",4075,doha gc,sg_total,0.4464177973920421,2022-03-27,0.00099095302615056,4583,brabazon course at the belfry
17081,"Sharma, Shubhankar",-1,Unknown,sg_total,3.350930354993863,2025-02-02,0.0005202546933630391,4583,brabazon course at the belfry
17081,"Sharma, Shubhankar",3935,gary player cc,sg_total,0.3518677092565612,2020-12-06,0.0004478792310971076,4583,brabazon course at the belfry
17081,"Sharma, Shubhankar",618,Shinnecock Hills Golf Club,sg_total,0.22402446821274175,2018-06-17,0.0003915932527142978,4583,brabazon course at the belfry
17081,"Sharma, Shubhankar",4401,carnoustie,sg_total,0.7085745521868345,2024-10-06,0.00035212234996776897,4583,brabazon course at the belfry
17081,"Sharma, Shubhankar",4186,emirates gc,sg_total,0.520742292353521,2023-01-29,-0.00013009437795069825,4583,brabazon course at the belfry
17081,"Sharma, Shubhankar",3637,emirates gc,sg_total,0.20887902966927693,2018-01-28,-0.0006838049476925342,4583,brabazon course at the belfry
17081,"Sharma, Shubhankar",4023,jumeirah golf estates,sg_total,0.5028315779709409,2022-11-20,-0.0009570896407450081,4583,brabazon course at the belfry
17081,"Sharma, Shubhankar",4782,dlf g&cc player course,sg_total,0.9277434863285529,2026-03-29,-0.0011702728513508659,4583,brabazon course at the belfry
17081,"Sharma, Shubhankar",4377,genzon gc,sg_total,0.6560619883935562,2024-05-05,-0.001556541178490033,4583,brabazon course at the belfry
17081,"Sharma, Shubhankar",4721,royal queensland gc,sg_total,0.8741528788765721,2025-11-30,-0.0018799971058558608,4583,brabazon course at the belfry
17081,"Sharma, Shubhankar",3981,emirates gc,sg_total,0.43409147291705774,2022-01-30,-0.0025280587850953816,4583,brabazon course at the belfry
17081,"Sharma, Shubhankar",23,Muirfield Village Golf Club,sg_total,0.48933007293739617,2019-06-02,-0.0031267835635465343,4583,brabazon course at the belfry
17081,"Sharma, Shubhankar",3906,al mouj golf,sg_total,0.305899090813104,2020-03-01,-0.0033237459732005374,4583,brabazon course at the belfry
17081,"Sharma, Shubhankar",729,Golf Club of Houston,sg_total,0.21556344595177757,2018-04-01,-0.00358064811879208,4583,brabazon course at the belfry
17081,"Sharma, Shubhankar",4235,gary player cc,sg_total,0.6010963747389753,2023-11-12,-0.004337431177117704,4583,brabazon course at the belfry
17081,"Sharma, Shubhankar",3943,meloneras golf,sg_total,0.37738099689684185,2021-04-25,-0.005127533523054104,4583,brabazon course at the belfry
17081,"Sharma, Shubhankar",4207,golfclub münchen eichenried,sg_total,0.5604585449744904,2023-06-25,-0.007432146222410962,4583,brabazon course at the belfry
17081,"Sharma, Shubhankar",3769,royal greens,sg_total,0.25145279522530517,2019-02-03,-0.009921938852897709,4583,brabazon course at the belfry
17081,"Sharma, Shubhankar",4621,gut altentann gc,sg_total,0.798117060447891,2025-06-01,-0.012454435626429138,4583,brabazon course at the belfry
17081,"Sharma, Shubhankar",4017,real club valderrama,sg_total,0.4941085742561417,2022-10-16,-0.014632001374646153,4583,brabazon course at the belfry
17081,"Sharma, Shubhankar",3898,randpark gc firethorn course,sg_total,0.34941323597069013,2020-11-22,-0.020867959270860166,4583,brabazon course at the belfry
17081,"Sharma, Shubhankar",4402,le golf national,sg_total,0.7110589082064097,2024-10-13,-0.02261700637332454,4583,brabazon course at the belfry
17081,"Sharma, Shubhankar",934,Hurstbourne Country Club,sg_total,0.8150547419175087,2025-07-13,-0.04968790606701305,4583,brabazon course at the belfry
6950,"Siem, Marcel",4621,gut altentann gc,sg_total,0.798117060447891,2025-06-01,0.023491447564403942,4583,brabazon course at the belfry
6950,"Siem, Marcel",4731,houghton gc,sg_total,0.9180531430541589,2026-03-08,0.020555959643076264,4583,brabazon course at the belfry
6950,"Siem, Marcel",3876,crans-sur-sierre gc,sg_total,0.4019208903110026,2021-08-29,0.016087889365907496,4583,brabazon course at the belfry
6950,"Siem, Marcel",4181,blair atholl golf & equestrian estate,sg_total,0.5063637471859777,2022-12-04,0.012814436459038308,4583,brabazon course at the belfry
6950,"Siem, Marcel",4235,gary player cc,sg_total,0.6010963747389753,2023-11-12,0.012532989619578444,4583,brabazon course at the belfry
6950,"Siem, Marcel",3935,gary player cc,sg_total,0.3518677092565612,2020-12-06,0.010360951349903898,4583,brabazon course at the belfry
6950,"Siem, Marcel",4193,kingsbarns golf links,sg_total,0.4906618916992401,2022-10-02,0.009672387422635417,4583,brabazon course at the belfry
6950,"Siem, Marcel",4724,royal johannesburg east course,sg_total,0.880293415834221,2025-12-14,0.00872412739957849,4583,brabazon course at the belfry
6950,"Siem, Marcel",4016,club de campo villa de madrid,sg_total,0.4923822171335323,2022-10-09,0.007725505708838783,4583,brabazon course at the belfry
6950,"Siem, Marcel",3862,himmerland golf & spa resort,sg_total,0.647201464831364,2021-05-30,0.007339299075969371,4583,brabazon course at the belfry
6950,"Siem, Marcel",3651,diamond cc,sg_total,0.3269330072071321,2020-07-12,0.006759356985283502,4583,brabazon course at the belfry
6950,"Siem, Marcel",4017,real club valderrama,sg_total,0.4941085742561417,2022-10-16,0.006369142009605199,4583,brabazon course at the belfry
6950,"Siem, Marcel",4183,mont choisy le golf,sg_total,0.5099207283259416,2022-12-18,0.006087545378265744,4583,brabazon course at the belfry
6950,"Siem, Marcel",3538,kingsbarns golf links,sg_total,0.19750329721911253,2017-10-08,0.006076519739707617,4583,brabazon course at the belfry
6950,"Siem, Marcel",4369,la reserve gc,sg_total,0.6117081434533598,2023-12-17,0.005796971754359266,4583,brabazon course at the belfry
6950,"Siem, Marcel",4011,himmerland golf & spa resort,sg_total,0.483840486467991,2022-09-04,0.005600406830742144,4583,brabazon course at the belfry
6950,"Siem, Marcel",3519,barsebäck g&cc,sg_total,0.18544443195597088,2017-06-04,0.0053840833785812415,4583,brabazon course at the belfry
6950,"Siem, Marcel",3544,verdura gc,sg_total,0.1841508537381482,2017-05-21,0.004760919618100293,4583,brabazon course at the belfry
6950,"Siem, Marcel",3779,royal golf dar es salam red course,sg_total,0.2622387318069171,2019-04-28,0.00390647817194477,4583,brabazon course at the belfry
6950,"Siem, Marcel",3898,randpark gc firethorn course,sg_total,0.647908861828359,2020-11-22,0.0034906387604195636,4583,brabazon course at the belfry
6950,"Siem, Marcel",528,Pinehurst Resort & Country Club (Course No. 2),sg_total,0.10779758751767567,2014-06-15,0.003158635324688609,4583,brabazon course at the belfry
6950,"Siem, Marcel",4372,al hamra gc,sg_total,0.6246898452608237,2024-01-28,0.0030610730192649487,4583,brabazon course at the belfry
6950,"Siem, Marcel",3678,walton heath gc,sg_total,0.2377584587145598,2018-10-14,0.002841028401682638,4583,brabazon course at the belfry
6950,"Siem, Marcel",4227,le golf national,sg_total,0.5865484532875249,2023-09-24,0.002311290271924344,4583,brabazon course at the belfry
6950,"Siem, Marcel",3671,carnoustie,sg_total,0.23692775868212176,2018-10-07,0.002211280153781243,4583,brabazon course at the belfry
6950,"Siem, Marcel",3765,randpark gc firethorn course,sg_total,0.2445097728767429,2018-12-09,0.0021143412115990023,4583,brabazon course at the belfry
6950,"Siem, Marcel",697,Ocean Course at Kiawah Island,sg_total,0.07703464679135964,2012-08-12,0.001770683831954409,4583,brabazon course at the belfry
6950,"Siem, Marcel",32,Glen Abbey GC,sg_total,0.0917672315382765,2013-07-28,0.0017236020300648784,4583,brabazon course at the belfry
6950,"Siem, Marcel",3926,hinton golf club,sg_total,0.3813643734941895,2021-05-16,0.0010874655234415556,4583,brabazon course at the belfry
6950,"Siem, Marcel",700,TPC Boston,sg_total,0.03980678031880073,2005-09-05,0.0007791335910967802,4583,brabazon course at the belfry
6950,"Siem, Marcel",3649,rinkven international gc,sg_total,0.2209099779593782,2018-05-20,0.0006122996321351638,4583,brabazon course at the belfry
6950,"Siem, Marcel",3650,wentworth golf club,sg_total,0.22168451753581914,2018-05-27,0.0006082608515274347,4583,brabazon course at the belfry
6950,"Siem, Marcel",539,Royal Lytham St. Anne,sg_total,0.07623001471101583,2012-07-22,0.00030485808028810865,4583,brabazon course at the belfry
6950,"Siem, Marcel",3664,silkeborg ry gc,sg_total,0.2328175917601019,2018-09-02,-0.00041165678736430824,4583,brabazon course at the belfry
6950,"Siem, Marcel",4371,emirates gc,sg_total,0.6225072525676867,2024-01-21,-0.0007953318664654512,4583,brabazon course at the belfry
6950,"Siem, Marcel",3663,albatross golf resort,sg_total,0.23200415453447004,2018-08-26,-0.0029273099756514072,4583,brabazon course at the belfry
6950,"Siem, Marcel",3637,emirates gc,sg_total,0.20887902966927693,2018-01-28,-0.003232087769637998,4583,brabazon course at the belfry
6950,"Siem, Marcel",3792,hills golf & sports club,sg_total,0.27831547681864865,2019-08-25,-0.0045324681328867775,4583,brabazon course at the belfry
6950,"Siem, Marcel",3495,glendower gc,sg_total,0.17290724229171636,2017-01-15,-0.005238803867549503,4583,brabazon course at the belfry
6950,"Siem, Marcel",4236,jumeirah golf estates,sg_total,0.6032038980649524,2023-11-19,-0.005338331809811427,4583,brabazon course at the belfry
6950,"Siem, Marcel",4302,jack nicklaus golf club korea,sg_total,0.544983369207548,2023-04-30,-0.005814350562744522,4583,brabazon course at the belfry
6950,"Siem, Marcel",4207,golfclub münchen eichenried,sg_total,0.5604585449744904,2023-06-25,-0.01096612225089274,4583,brabazon course at the belfry
6950,"Siem, Marcel",4584,crans-sur-sierre gc,sg_total,0.835270211411272,2025-08-31,-0.012289973331950203,4583,brabazon course at the belfry
6950,"Siem, Marcel",3972,golf santa ponsa,sg_total,0.41333370907465194,2021-10-24,-0.012498451352022315,4583,brabazon course at the belfry
6950,"Siem, Marcel",890,Tahoe Mountain Club (Old Greenwood),sg_total,0.47213042850062353,2022-07-17,-0.016665430165343366,4583,brabazon course at the belfry
6950,"Siem, Marcel",4402,le golf national,sg_total,0.7110589082064097,2024-10-13,-0.022165630222638122,4583,brabazon course at the belfry
6950,"Siem, Marcel",4723,gary player cc,sg_total,0.8772177743910435,2025-12-07,-0.02330261692016062,4583,brabazon course at the belfry
6950,"Siem, Marcel",4786,circolo golf torino,sg_total,0.9709308776411942,2026-06-28,-0.02773690893526324,4583,brabazon course at the belfry
6950,"Siem, Marcel",4382,rinkven international gc,sg_total,0.6629869316007273,2024-05-26,-0.035181871355920956,4583,brabazon course at the belfry
23060,"Singh Sandhu, Yuvraj",-1,Unknown,sg_total,0.4464177973920421,2022-03-27,0.020321395815073737,4583,brabazon course at the belfry
29434,"Smith, Harley",4056,frederikshavn golfklub,sg_total,0.47878673996045235,2022-08-14,0.032646819259474345,4583,brabazon course at the belfry
29434,"Smith, Harley",4011,himmerland golf & spa resort,sg_total,0.483840486467991,2022-09-04,-0.0063983067492871925,4583,brabazon course at the belfry
29434,"Smith, Harley",4822,golf nazionale,sg_total,0.9474321065017983,2026-05-10,-0.02099601107146658,4583,brabazon course at the belfry
18517,"Soderberg, Sebastian",4200,yas links,sg_total,0.5189228801589404,2023-01-22,0.024462418689113686,4583,brabazon course at the belfry
18517,"Soderberg, Sebastian",4235,gary player cc,sg_total,0.6010963747389753,2023-11-12,0.01927108552788867,4583,brabazon course at the belfry
18517,"Soderberg, Sebastian",4030,gary player cc,sg_total,0.5010747437014489,2022-11-13,0.015875912390990017,4583,brabazon course at the belfry
18517,"Soderberg, Sebastian",4377,genzon gc,sg_total,0.6560619883935562,2024-05-05,0.015066557283052288,4583,brabazon course at the belfry
18517,"Soderberg, Sebastian",3972,golf santa ponsa,sg_total,0.41333370907465194,2021-10-24,0.014071411137114525,4583,brabazon course at the belfry
18517,"Soderberg, Sebastian",4369,la reserve gc,sg_total,0.6117081434533598,2023-12-17,0.013504096876622169,4583,brabazon course at the belfry
18517,"Soderberg, Sebastian",3793,crans-sur-sierre gc,sg_total,0.2792912876603469,2019-09-01,0.013117747413477699,4583,brabazon course at the belfry
18517,"Soderberg, Sebastian",890,Tahoe Mountain Club (Old Greenwood),sg_total,1.040490575258164,2023-07-23,0.011546130634193517,4583,brabazon course at the belfry
18517,"Soderberg, Sebastian",4372,al hamra gc,sg_total,0.6246898452608237,2024-01-28,0.011285626861963972,4583,brabazon course at the belfry
18517,"Soderberg, Sebastian",4621,gut altentann gc,sg_total,0.798117060447891,2025-06-01,0.01119472659405352,4583,brabazon course at the belfry
18517,"Soderberg, Sebastian",4237,club at steyn city,sg_total,0.5355291261520809,2023-03-26,0.010284293856993578,4583,brabazon course at the belfry
18517,"Soderberg, Sebastian",3792,hills golf & sports club,sg_total,0.27831547681864865,2019-08-25,0.009349825401513067,4583,brabazon course at the belfry
18517,"Soderberg, Sebastian",3876,crans-sur-sierre gc,sg_total,0.4019208903110026,2021-08-29,0.008331102933010329,4583,brabazon course at the belfry
18517,"Soderberg, Sebastian",654,The Country Club,sg_total,0.46556665611623754,2022-06-19,0.0070577652999949505,4583,brabazon course at the belfry
18517,"Soderberg, Sebastian",4375,laguna national g&cc classic course,sg_total,0.6424283409681188,2024-03-24,0.0063438164355848385,4583,brabazon course at the belfry
18517,"Soderberg, Sebastian",4076,zebula golf estate  spa,sg_total,0.3433516974975665,2020-10-18,0.006052959480637411,4583,brabazon course at the belfry
18517,"Soderberg, Sebastian",3774,doha gc,sg_total,0.25589194844208374,2019-03-10,0.005110791522392907,4583,brabazon course at the belfry
18517,"Soderberg, Sebastian",3501,royal johannesburg west course,sg_total,0.17657668871613386,2017-02-26,0.003422336281837502,4583,brabazon course at the belfry
18517,"Soderberg, Sebastian",3495,glendower gc,sg_total,0.17290724229171636,2017-01-15,0.0033872367198773522,4583,brabazon course at the belfry
18517,"Soderberg, Sebastian",3544,verdura gc,sg_total,0.1841508537381482,2017-05-21,0.0027337496704635286,4583,brabazon course at the belfry
18517,"Soderberg, Sebastian",3769,royal greens,sg_total,0.25145279522530517,2019-02-03,0.0021296440187921362,4583,brabazon course at the belfry
18517,"Soderberg, Sebastian",4371,emirates gc,sg_total,0.6225072525676867,2024-01-21,0.001638774614433416,4583,brabazon course at the belfry
18517,"Soderberg, Sebastian",-1,Unknown,sg_total,0.9735484455670846,2023-03-12,0.0014426963959959281,4583,brabazon course at the belfry
18517,"Soderberg, Sebastian",3519,barsebäck g&cc,sg_total,0.18544443195597088,2017-06-04,0.0010989625150178515,4583,brabazon course at the belfry
18517,"Soderberg, Sebastian",4017,real club valderrama,sg_total,0.4941085742561417,2022-10-16,0.001073165190362017,4583,brabazon course at the belfry
18517,"Soderberg, Sebastian",3981,emirates gc,sg_total,0.43409147291705774,2022-01-30,0.000490283676537995,4583,brabazon course at the belfry
18517,"Soderberg, Sebastian",3779,royal golf dar es salam red course,sg_total,0.2622387318069171,2019-04-28,0.00048675785436449803,4583,brabazon course at the belfry
18517,"Soderberg, Sebastian",3862,himmerland golf & spa resort,sg_total,0.647201464831364,2021-05-30,0.00022078586650536614,4583,brabazon course at the belfry
18517,"Soderberg, Sebastian",3943,meloneras golf,sg_total,0.37738099689684185,2021-04-25,-4.4818924775240865e-05,4583,brabazon course at the belfry
18517,"Soderberg, Sebastian",4402,le golf national,sg_total,0.7110589082064097,2024-10-13,-0.0001575872215116394,4583,brabazon course at the belfry
18517,"Soderberg, Sebastian",4075,doha gc,sg_total,0.4464177973920421,2022-03-27,-0.0004722199091172042,4583,brabazon course at the belfry
18517,"Soderberg, Sebastian",3906,al mouj golf,sg_total,0.305899090813104,2020-03-01,-0.000745619567548214,4583,brabazon course at the belfry
18517,"Soderberg, Sebastian",4817,national gc,sg_total,0.9441218903864221,2026-05-03,-0.0010319083883407294,4583,brabazon course at the belfry
18517,"Soderberg, Sebastian",4302,jack nicklaus golf club korea,sg_total,0.544983369207548,2023-04-30,-0.0018735283684764034,4583,brabazon course at the belfry
18517,"Soderberg, Sebastian",4011,himmerland golf & spa resort,sg_total,0.483840486467991,2022-09-04,-0.0020686367606414496,4583,brabazon course at the belfry
18517,"Soderberg, Sebastian",3520,diamond cc,sg_total,0.18609462464127785,2017-06-11,-0.0023454146862565946,4583,brabazon course at the belfry
18517,"Soderberg, Sebastian",4236,jumeirah golf estates,sg_total,0.6032038980649524,2023-11-19,-0.0026539566292646142,4583,brabazon course at the belfry
18517,"Soderberg, Sebastian",4023,jumeirah golf estates,sg_total,0.5028315779709409,2022-11-20,-0.0030290013503665365,4583,brabazon course at the belfry
18517,"Soderberg, Sebastian",4619,regnum carya golf & spa resort,sg_total,0.7897806739328027,2025-05-11,-0.003495897091096032,4583,brabazon course at the belfry
18517,"Soderberg, Sebastian",4584,crans-sur-sierre gc,sg_total,0.835270211411272,2025-08-31,-0.004253895721851242,4583,brabazon course at the belfry
18517,"Soderberg, Sebastian",4731,houghton gc,sg_total,0.9180531430541589,2026-03-08,-0.0065924420958244,4583,brabazon course at the belfry
18517,"Soderberg, Sebastian",3901,royal greens,sg_total,0.664774302223504,2021-02-07,-0.007412663158951088,4583,brabazon course at the belfry
18517,"Soderberg, Sebastian",4207,golfclub münchen eichenried,sg_total,0.5604585449744904,2023-06-25,-0.00873820627583113,4583,brabazon course at the belfry
18517,"Soderberg, Sebastian",4782,dlf g&cc player course,sg_total,0.9277434863285529,2026-03-29,-0.013456364072223894,4583,brabazon course at the belfry
18517,"Soderberg, Sebastian",934,Hurstbourne Country Club,sg_total,0.9777512371933363,2026-07-12,-0.013685883725167255,4583,brabazon course at the belfry
18517,"Soderberg, Sebastian",4786,circolo golf torino,sg_total,0.9709308776411942,2026-06-28,-0.015543277449325293,4583,brabazon course at the belfry
18517,"Soderberg, Sebastian",4582,furesø golf klub,sg_total,0.8294437363854039,2025-08-17,-0.017943231382032587,4583,brabazon course at the belfry
18517,"Soderberg, Sebastian",4186,emirates gc,sg_total,0.520742292353521,2023-01-29,-0.020197796135911262,4583,brabazon course at the belfry
21677,"Steinlechner, Maximilian",4710,sanya luhuitou gc,sg_total,0.8529963589691315,2025-10-12,0.025958885899950376,4583,brabazon course at the belfry
21677,"Steinlechner, Maximilian",4731,houghton gc,sg_total,0.9180531430541589,2026-03-08,0.01921754564510695,4583,brabazon course at the belfry
21677,"Steinlechner, Maximilian",4656,hangzhou west lake golf club,sg_total,0.8559870769289292,2025-10-19,0.018638906193540857,4583,brabazon course at the belfry
21677,"Steinlechner, Maximilian",4786,circolo golf torino,sg_total,0.9709308776411942,2026-06-28,0.01643836957994554,4583,brabazon course at the belfry
21677,"Steinlechner, Maximilian",4782,dlf g&cc player course,sg_total,0.9277434863285529,2026-03-29,0.013614075375339409,4583,brabazon course at the belfry
21677,"Steinlechner, Maximilian",4637,classic golf & country club,sg_total,0.7706661563760512,2025-03-23,0.012607579313614012,4583,brabazon course at the belfry
21677,"Steinlechner, Maximilian",4621,gut altentann gc,sg_total,0.798117060447891,2025-06-01,0.011188661255304686,4583,brabazon course at the belfry
21677,"Steinlechner, Maximilian",4653,rosa golf club,sg_total,0.8381987791551844,2025-09-07,0.009741920902770929,4583,brabazon course at the belfry
21677,"Steinlechner, Maximilian",4267,wittelsbacher golfclub,sg_total,0.5683601467575404,2023-07-23,0.008071353517908468,4583,brabazon course at the belfry
21677,"Steinlechner, Maximilian",4271,askersunds golfklubb,sg_total,0.5783939893780083,2023-08-27,0.008023144500812688,4583,brabazon course at the belfry
21677,"Steinlechner, Maximilian",4618,montagu,sg_total,0.7572968215143355,2025-02-16,0.006814405405367016,4583,brabazon course at the belfry
21677,"Steinlechner, Maximilian",4489,golf saint apollinaire,sg_total,0.7060988762143844,2024-09-29,0.006012893606751949,4583,brabazon course at the belfry
21677,"Steinlechner, Maximilian",4484,royal óbidos spa & golf resort,sg_total,0.7011734432085724,2024-09-15,0.005043683649337401,4583,brabazon course at the belfry
21677,"Steinlechner, Maximilian",4817,national gc,sg_total,0.9441218903864221,2026-05-03,0.0038757373403423994,4583,brabazon course at the belfry
21677,"Steinlechner, Maximilian",4485,hangzhou west lake golf club,sg_total,0.7135519747065024,2024-10-20,0.0037654976304583566,4583,brabazon course at the belfry
21677,"Steinlechner, Maximilian",4487,golf bluegreen de pléneuf val andré,sg_total,0.6723340256326573,2024-06-23,0.0029174520401569594,4583,brabazon course at the belfry
21677,"Steinlechner, Maximilian",4534,infinitum golf lakes course,sg_total,0.7221661802661196,2024-11-13,0.0015624571970536073,4583,brabazon course at the belfry
21677,"Steinlechner, Maximilian",4563,sanya luhuitou gc,sg_total,0.7110589082064097,2024-10-13,-2.1042838583947595e-05,4583,brabazon course at the belfry
21677,"Steinlechner, Maximilian",4266,gc adamstal,sg_total,0.5663743633919324,2023-07-16,-0.002372795383315498,4583,brabazon course at the belfry
21677,"Steinlechner, Maximilian",934,Hurstbourne Country Club,sg_total,0.9777512371933363,2026-07-12,-0.0025189086060911046,4583,brabazon course at the belfry
21677,"Steinlechner, Maximilian",4617,royal cape golf club,sg_total,0.7546509156752821,2025-02-09,-0.0031049114720553745,4583,brabazon course at the belfry
21677,"Steinlechner, Maximilian",4582,furesø golf klub,sg_total,0.8294437363854039,2025-08-17,-0.0039872234530840996,4583,brabazon course at the belfry
21677,"Steinlechner, Maximilian",4827,blackstone course mission hills,sg_total,0.9245020599315531,2026-03-22,-0.004397380955973686,4583,brabazon course at the belfry
21677,"Steinlechner, Maximilian",4721,royal queensland gc,sg_total,0.8741528788765721,2025-11-30,-0.007568914238550478,4583,brabazon course at the belfry
21677,"Steinlechner, Maximilian",3651,diamond cc,sg_total,0.5501747603315552,2020-07-12,-0.007908376838486946,4583,brabazon course at the belfry
21677,"Steinlechner, Maximilian",4619,regnum carya golf & spa resort,sg_total,0.7897806739328027,2025-05-11,-0.012379606785771215,4583,brabazon course at the belfry
21677,"Steinlechner, Maximilian",4654,royal óbidos spa & golf resort,sg_total,0.8411376148446232,2025-09-14,-0.017812673694017643,4583,brabazon course at the belfry
21677,"Steinlechner, Maximilian",4673,club de golf alcanada,sg_total,0.8620000071704987,2025-11-02,-0.02747160632802762,4583,brabazon course at the belfry
15229,"Stone, Brandon",4402,le golf national,sg_total,0.7110589082064097,2024-10-13,0.021689558410502092,4583,brabazon course at the belfry
15229,"Stone, Brandon",4377,genzon gc,sg_total,0.6560619883935562,2024-05-05,0.019350567232661587,4583,brabazon course at the belfry
15229,"Stone, Brandon",4372,al hamra gc,sg_total,0.6246898452608237,2024-01-28,0.019189877734939593,4583,brabazon course at the belfry
15229,"Stone, Brandon",4317,twentsche gc,sg_total,0.550735842216777,2023-05-21,0.01683555203990752,4583,brabazon course at the belfry
15229,"Stone, Brandon",3906,al mouj golf,sg_total,0.305899090813104,2020-03-01,0.013214613708092992,4583,brabazon course at the belfry
15229,"Stone, Brandon",4621,gut altentann gc,sg_total,0.798117060447891,2025-06-01,0.01133936554964593,4583,brabazon course at the belfry
15229,"Stone, Brandon",3981,emirates gc,sg_total,0.43409147291705774,2022-01-30,0.011238244108203494,4583,brabazon course at the belfry
15229,"Stone, Brandon",4183,mont choisy le golf,sg_total,0.5099207283259416,2022-12-18,0.010535181909281835,4583,brabazon course at the belfry
15229,"Stone, Brandon",4809,royal johannesburg east course (par 70),sg_total,0.880293415834221,2025-12-14,0.008360085911996433,4583,brabazon course at the belfry
15229,"Stone, Brandon",3802,dom pedro victoria golf course,sg_total,0.28722195492640357,2019-10-27,0.008084293753546579,4583,brabazon course at the belfry
15229,"Stone, Brandon",3671,carnoustie,sg_total,0.23692775868212176,2018-10-07,0.00548433013929871,4583,brabazon course at the belfry
15229,"Stone, Brandon",3898,randpark gc firethorn course,sg_total,0.647908861828359,2020-11-22,0.0053573855117427125,4583,brabazon course at the belfry
15229,"Stone, Brandon",3501,royal johannesburg west course,sg_total,0.17657668871613386,2017-02-26,0.005151001202051135,4583,brabazon course at the belfry
15229,"Stone, Brandon",4301,golf nazionale,sg_total,0.5643955181193583,2023-07-09,0.005126496896267652,4583,brabazon course at the belfry
15229,"Stone, Brandon",4267,wittelsbacher golfclub,sg_total,0.5683601467575404,2023-07-23,0.004955918684515151,4583,brabazon course at the belfry
15229,"Stone, Brandon",3765,randpark gc firethorn course,sg_total,0.2445097728767429,2018-12-09,0.004613906706907973,4583,brabazon course at the belfry
15229,"Stone, Brandon",4076,zebula golf estate  spa,sg_total,0.3433516974975665,2020-10-18,0.004588609640839001,4583,brabazon course at the belfry
15229,"Stone, Brandon",4559,leopard creek cc,sg_total,0.733813771398553,2024-12-15,0.003884422289265382,4583,brabazon course at the belfry
15229,"Stone, Brandon",4817,national gc,sg_total,0.9441218903864221,2026-05-03,0.003666211387794248,4583,brabazon course at the belfry
15229,"Stone, Brandon",3495,glendower gc,sg_total,0.17290724229171636,2017-01-15,0.0035479588712887806,4583,brabazon course at the belfry
15229,"Stone, Brandon",4382,rinkven international gc,sg_total,0.6629869316007273,2024-05-26,0.0030635921669429516,4583,brabazon course at the belfry
15229,"Stone, Brandon",4266,gc adamstal,sg_total,0.5663743633919324,2023-07-16,0.0028550740733361145,4583,brabazon course at the belfry
15229,"Stone, Brandon",658,Carnoustie GC,sg_total,0.22797940113688214,2018-07-22,0.0026811589490644628,4583,brabazon course at the belfry
15229,"Stone, Brandon",4075,doha gc,sg_total,0.4464177973920421,2022-03-27,0.001928555997808407,4583,brabazon course at the belfry
15229,"Stone, Brandon",4731,houghton gc,sg_total,0.9180531430541589,2026-03-08,0.0018227596403307194,4583,brabazon course at the belfry
15229,"Stone, Brandon",3862,himmerland golf & spa resort,sg_total,0.3840432893753353,2021-05-30,0.0017356514854607078,4583,brabazon course at the belfry
15229,"Stone, Brandon",3650,wentworth golf club,sg_total,0.22168451753581914,2018-05-27,0.0014650505598120798,4583,brabazon course at the belfry
15229,"Stone, Brandon",3935,gary player cc,sg_total,0.3518677092565612,2020-12-06,0.001378320361053757,4583,brabazon course at the belfry
15229,"Stone, Brandon",4369,la reserve gc,sg_total,0.6117081434533598,2023-12-17,0.0012912031167354732,4583,brabazon course at the belfry
15229,"Stone, Brandon",4353,danzhou ancient saltern golf club,sg_total,0.5930361029297179,2023-10-16,0.001006119835653135,4583,brabazon course at the belfry
15229,"Stone, Brandon",3792,hills golf & sports club,sg_total,0.27831547681864865,2019-08-25,-0.00019148949904040862,4583,brabazon course at the belfry
15229,"Stone, Brandon",4181,blair atholl golf & equestrian estate,sg_total,0.5063637471859777,2022-12-04,-0.0013850262459326086,4583,brabazon course at the belfry
15229,"Stone, Brandon",3649,rinkven international gc,sg_total,0.2209099779593782,2018-05-20,-0.0017792970179041656,4583,brabazon course at the belfry
15229,"Stone, Brandon",3637,emirates gc,sg_total,0.20887902966927693,2018-01-28,-0.0018526245854133742,4583,brabazon course at the belfry
15229,"Stone, Brandon",3774,doha gc,sg_total,0.25589194844208374,2019-03-10,-0.001876648691597356,4583,brabazon course at the belfry
15229,"Stone, Brandon",3678,walton heath gc,sg_total,0.2377584587145598,2018-10-14,-0.002145173705973144,4583,brabazon course at the belfry
15229,"Stone, Brandon",4016,club de campo villa de madrid,sg_total,0.4923822171335323,2022-10-09,-0.0021852234664955766,4583,brabazon course at the belfry
15229,"Stone, Brandon",3876,crans-sur-sierre gc,sg_total,0.4019208903110026,2021-08-29,-0.002472800401895969,4583,brabazon course at the belfry
15229,"Stone, Brandon",3674,regnum carya golf & spa resort,sg_total,0.2402680749592907,2018-11-04,-0.0026556030217391694,4583,brabazon course at the belfry
15229,"Stone, Brandon",3769,royal greens,sg_total,0.25145279522530517,2019-02-03,-0.0033083776180797128,4583,brabazon course at the belfry
15229,"Stone, Brandon",4276,club de golf alcanada,sg_total,0.5989962148511054,2023-11-05,-0.003377977336092602,4583,brabazon course at the belfry
15229,"Stone, Brandon",4786,circolo golf torino,sg_total,0.9709308776411942,2026-06-28,-0.00384874118149601,4583,brabazon course at the belfry
15229,"Stone, Brandon",4237,club at steyn city,sg_total,0.5355291261520809,2023-03-26,-0.006116861891150079,4583,brabazon course at the belfry
15229,"Stone, Brandon",4017,real club valderrama,sg_total,0.4941085742561417,2022-10-16,-0.006739849751475138,4583,brabazon course at the belfry
15229,"Stone, Brandon",4011,himmerland golf & spa resort,sg_total,0.483840486467991,2022-09-04,-0.007086961988136047,4583,brabazon course at the belfry
15229,"Stone, Brandon",934,Hurstbourne Country Club,sg_total,0.9777512371933363,2026-07-12,-0.0073930468426767456,4583,brabazon course at the belfry
15229,"Stone, Brandon",4584,crans-sur-sierre gc,sg_total,0.835270211411272,2025-08-31,-0.009325612074315388,4583,brabazon course at the belfry
15229,"Stone, Brandon",3793,crans-sur-sierre gc,sg_total,0.2792912876603469,2019-09-01,-0.011134308534286994,4583,brabazon course at the belfry
15229,"Stone, Brandon",4401,carnoustie,sg_total,0.7085745521868345,2024-10-06,-0.012184698490149339,4583,brabazon course at the belfry
15229,"Stone, Brandon",4375,laguna national g&cc classic course,sg_total,0.6424283409681188,2024-03-24,-0.01372484756737585,4583,brabazon course at the belfry
15229,"Stone, Brandon",3901,royal greens,sg_total,0.664774302223504,2021-02-07,-0.015301887632483274,4583,brabazon course at the belfry
15229,"Stone, Brandon",697,Ocean Course at Kiawah Island,sg_total,0.38270148738575926,2021-05-23,-0.02004662959270234,4583,brabazon course at the belfry
15326,"Sullivan, Andy",4782,dlf g&cc player course,sg_total,0.9277434863285529,2026-03-29,0.03735460313049089,4583,brabazon course at the belfry
15326,"Sullivan, Andy",4592,yas links,sg_total,0.8650222931107413,2025-11-09,0.028172915466301924,4583,brabazon course at the belfry
15326,"Sullivan, Andy",4827,blackstone course mission hills,sg_total,0.9245020599315531,2026-03-22,0.020684072396614718,4583,brabazon course at the belfry
15326,"Sullivan, Andy",4375,laguna national g&cc classic course,sg_total,0.6424283409681188,2024-03-24,0.02026301528515259,4583,brabazon course at the belfry
15326,"Sullivan, Andy",4723,gary player cc,sg_total,0.8772177743910435,2025-12-07,0.01836035678359648,4583,brabazon course at the belfry
15326,"Sullivan, Andy",-1,Unknown,sg_total,0.6890096515578809,2024-08-11,0.01795612940314009,4583,brabazon course at the belfry
15326,"Sullivan, Andy",4227,le golf national,sg_total,0.5865484532875249,2023-09-24,0.013586807989264562,4583,brabazon course at the belfry
15326,"Sullivan, Andy",4200,yas links,sg_total,0.5189228801589404,2023-01-22,0.012555590680310168,4583,brabazon course at the belfry
15326,"Sullivan, Andy",4786,circolo golf torino,sg_total,0.9709308776411942,2026-06-28,0.012454586060359547,4583,brabazon course at the belfry
15326,"Sullivan, Andy",4559,leopard creek cc,sg_total,0.733813771398553,2024-12-15,0.011903201780903335,4583,brabazon course at the belfry
15326,"Sullivan, Andy",4017,real club valderrama,sg_total,0.4941085742561417,2022-10-16,0.010996668146158427,4583,brabazon course at the belfry
15326,"Sullivan, Andy",4621,gut altentann gc,sg_total,0.798117060447891,2025-06-01,0.007799504502184658,4583,brabazon course at the belfry
15326,"Sullivan, Andy",4302,jack nicklaus golf club korea,sg_total,0.544983369207548,2023-04-30,0.0077141812144530105,4583,brabazon course at the belfry
15326,"Sullivan, Andy",4582,furesø golf klub,sg_total,0.8294437363854039,2025-08-17,0.006353203920125781,4583,brabazon course at the belfry
15326,"Sullivan, Andy",3807,jumeirah golf estates,sg_total,0.2912713418641669,2019-11-24,0.005572238327376613,4583,brabazon course at the belfry
15326,"Sullivan, Andy",3544,verdura gc,sg_total,0.22013814453292976,2018-05-13,0.00504199528278038,4583,brabazon course at the belfry
15326,"Sullivan, Andy",773,Aronimink Golf Club,sg_total,0.9507539286723269,2026-05-17,0.004426664951833672,4583,brabazon course at the belfry
15326,"Sullivan, Andy",3637,emirates gc,sg_total,0.20887902966927693,2018-01-28,0.0043428821775062494,4583,brabazon course at the belfry
15326,"Sullivan, Andy",4011,himmerland golf & spa resort,sg_total,0.483840486467991,2022-09-04,0.004242354942582558,4583,brabazon course at the belfry
15326,"Sullivan, Andy",4237,club at steyn city,sg_total,0.5355291261520809,2023-03-26,0.00412308884112743,4583,brabazon course at the belfry
15326,"Sullivan, Andy",3774,doha gc,sg_total,0.25589194844208374,2019-03-10,0.003771742870324718,4583,brabazon course at the belfry
15326,"Sullivan, Andy",23,Muirfield Village Golf Club,sg_total,0.12886370288030502,2015-06-07,0.0035315277253325232,4583,brabazon course at the belfry
15326,"Sullivan, Andy",3898,randpark gc firethorn course,sg_total,0.2984956258576689,2020-01-12,0.003268754656121171,4583,brabazon course at the belfry
15326,"Sullivan, Andy",3901,royal greens,sg_total,0.664774302223504,2021-02-07,0.002995261043241103,4583,brabazon course at the belfry
15326,"Sullivan, Andy",3802,dom pedro victoria golf course,sg_total,0.28722195492640357,2019-10-27,0.002993006694426519,4583,brabazon course at the belfry
15326,"Sullivan, Andy",3519,barsebäck g&cc,sg_total,0.18544443195597088,2017-06-04,0.002558737224400126,4583,brabazon course at the belfry
15326,"Sullivan, Andy",734,PGA National Resort (The Champion),sg_total,0.14719456439994122,2016-02-28,0.002532599447972977,4583,brabazon course at the belfry
15326,"Sullivan, Andy",3674,regnum carya golf & spa resort,sg_total,0.2402680749592907,2018-11-04,0.002459486593209661,4583,brabazon course at the belfry
15326,"Sullivan, Andy",729,Golf Club of Houston,sg_total,0.17969397749003665,2017-04-02,0.002438889811794933,4583,brabazon course at the belfry
15326,"Sullivan, Andy",4593,jumeirah golf estates,sg_total,0.8680551755848918,2025-11-16,0.002426596160614058,4583,brabazon course at the belfry
15326,"Sullivan, Andy",3792,hills golf & sports club,sg_total,0.27831547681864865,2019-08-25,0.002186579496955922,4583,brabazon course at the belfry
15326,"Sullivan, Andy",3650,wentworth golf club,sg_total,0.22168451753581914,2018-05-27,0.0019215825567214509,4583,brabazon course at the belfry
15326,"Sullivan, Andy",3779,royal golf dar es salam red course,sg_total,0.2622387318069171,2019-04-28,0.001909144252776239,4583,brabazon course at the belfry
15326,"Sullivan, Andy",890,Tahoe Mountain Club (Old Greenwood),sg_total,0.5683601467575404,2023-07-23,0.0017990044070049164,4583,brabazon course at the belfry
15326,"Sullivan, Andy",697,Ocean Course at Kiawah Island,sg_total,0.38270148738575926,2021-05-23,0.0013276290549895727,4583,brabazon course at the belfry
15326,"Sullivan, Andy",3981,emirates gc,sg_total,0.43409147291705774,2022-01-30,0.0009583387745366529,4583,brabazon course at the belfry
15326,"Sullivan, Andy",3678,walton heath gc,sg_total,0.2377584587145598,2018-10-14,0.0009130082633276634,4583,brabazon course at the belfry
15326,"Sullivan, Andy",3876,crans-sur-sierre gc,sg_total,0.4019208903110026,2021-08-29,0.0003248953542536692,4583,brabazon course at the belfry
15326,"Sullivan, Andy",658,Carnoustie GC,sg_total,0.22797940113688214,2018-07-22,-0.0010497502724751803,4583,brabazon course at the belfry
15326,"Sullivan, Andy",3862,himmerland golf & spa resort,sg_total,0.3840432893753353,2021-05-30,-0.001626162705205529,4583,brabazon course at the belfry
15326,"Sullivan, Andy",4371,emirates gc,sg_total,0.6225072525676867,2024-01-21,-0.0018127514178232383,4583,brabazon course at the belfry
15326,"Sullivan, Andy",4186,emirates gc,sg_total,0.520742292353521,2023-01-29,-0.001897970209169089,4583,brabazon course at the belfry
15326,"Sullivan, Andy",4207,golfclub münchen eichenried,sg_total,0.5604585449744904,2023-06-25,-0.0023875197274379817,4583,brabazon course at the belfry
15326,"Sullivan, Andy",3793,crans-sur-sierre gc,sg_total,0.2792912876603469,2019-09-01,-0.0025590888768514896,4583,brabazon course at the belfry
15326,"Sullivan, Andy",4377,genzon gc,sg_total,0.6560619883935562,2024-05-05,-0.0037374217511461087,4583,brabazon course at the belfry
15326,"Sullivan, Andy",4372,al hamra gc,sg_total,0.6246898452608237,2024-01-28,-0.004267133926480917,4583,brabazon course at the belfry
15326,"Sullivan, Andy",3769,royal greens,sg_total,0.25145279522530517,2019-02-03,-0.004380826819518292,4583,brabazon course at the belfry
15326,"Sullivan, Andy",3495,glendower gc,sg_total,0.17290724229171636,2017-01-15,-0.004477139062984219,4583,brabazon course at the belfry
15326,"Sullivan, Andy",3906,al mouj golf,sg_total,0.305899090813104,2020-03-01,-0.0057803412741675485,4583,brabazon course at the belfry
15326,"Sullivan, Andy",3943,meloneras golf,sg_total,0.37738099689684185,2021-04-25,-0.008927943076973638,4583,brabazon course at the belfry
15326,"Sullivan, Andy",4619,regnum carya golf & spa resort,sg_total,0.7897806739328027,2025-05-11,-0.011307930419540578,4583,brabazon course at the belfry
15326,"Sullivan, Andy",4075,doha gc,sg_total,0.4464177973920421,2022-03-27,-0.012309036002576275,4583,brabazon course at the belfry
15326,"Sullivan, Andy",4402,le golf national,sg_total,0.7110589082064097,2024-10-13,-0.014422440431863377,4583,brabazon course at the belfry
15326,"Sullivan, Andy",4382,rinkven international gc,sg_total,0.6629869316007273,2024-05-26,-0.022797811689073567,4583,brabazon course at the belfry
15326,"Sullivan, Andy",4817,national gc,sg_total,0.9441218903864221,2026-05-03,-0.03224829835907711,4583,brabazon course at the belfry
15326,"Sullivan, Andy",4731,houghton gc,sg_total,0.9180531430541589,2026-03-08,-0.041902093481788534,4583,brabazon course at the belfry
22089,"Syme, Connor",4592,yas links,sg_total,0.8650222931107413,2025-11-09,0.01607807013018965,4583,brabazon course at the belfry
22089,"Syme, Connor",3651,diamond cc,sg_total,0.5501747603315552,2020-07-12,0.014696748642247738,4583,brabazon course at the belfry
22089,"Syme, Connor",4221,galgorm castle golf club,sg_total,0.5763731489488771,2023-08-20,0.014433714296323319,4583,brabazon course at the belfry
22089,"Syme, Connor",4786,circolo golf torino,sg_total,0.9709308776411942,2026-06-28,0.011969980359363572,4583,brabazon course at the belfry
22089,"Syme, Connor",4193,kingsbarns golf links,sg_total,0.4906618916992401,2022-10-02,0.011894812766267939,4583,brabazon course at the belfry
22089,"Syme, Connor",4207,golfclub münchen eichenried,sg_total,0.5604585449744904,2023-06-25,0.011794521029973854,4583,brabazon course at the belfry
22089,"Syme, Connor",4200,yas links,sg_total,0.5189228801589404,2023-01-22,0.009923467479649008,4583,brabazon course at the belfry
22089,"Syme, Connor",3943,meloneras golf,sg_total,0.37738099689684185,2021-04-25,0.009420592354360198,4583,brabazon course at the belfry
22089,"Syme, Connor",4023,jumeirah golf estates,sg_total,0.5028315779709409,2022-11-20,0.008802622356191508,4583,brabazon course at the belfry
22089,"Syme, Connor",3906,al mouj golf,sg_total,0.305899090813104,2020-03-01,0.008436013938054777,4583,brabazon course at the belfry
22089,"Syme, Connor",4731,houghton gc,sg_total,0.9180531430541589,2026-03-08,0.006940618433586113,4583,brabazon course at the belfry
22089,"Syme, Connor",3935,gary player cc,sg_total,0.3518677092565612,2020-12-06,0.005889227733134816,4583,brabazon course at the belfry
22089,"Syme, Connor",4372,al hamra gc,sg_total,0.6246898452608237,2024-01-28,0.005463279403412292,4583,brabazon course at the belfry
22089,"Syme, Connor",4017,real club valderrama,sg_total,0.4941085742561417,2022-10-16,0.005243828138716044,4583,brabazon course at the belfry
22089,"Syme, Connor",3538,kingsbarns golf links,sg_total,0.19750329721911253,2017-10-08,0.005228974659139093,4583,brabazon course at the belfry
22089,"Syme, Connor",4186,emirates gc,sg_total,0.520742292353521,2023-01-29,0.005070164363117514,4583,brabazon course at the belfry
22089,"Syme, Connor",4358,royal queensland gc,sg_total,0.6053188106462242,2023-11-26,0.004437864569983246,4583,brabazon course at the belfry
22089,"Syme, Connor",4402,le golf national,sg_total,0.7110589082064097,2024-10-13,0.004422531303125283,4583,brabazon course at the belfry
22089,"Syme, Connor",3972,golf santa ponsa,sg_total,0.41333370907465194,2021-10-24,0.0033847855282092398,4583,brabazon course at the belfry
22089,"Syme, Connor",4382,rinkven international gc,sg_total,0.6629869316007273,2024-05-26,0.003042069083400314,4583,brabazon course at the belfry
22089,"Syme, Connor",3898,randpark gc firethorn course,sg_total,0.2984956258576689,2020-01-12,0.003019063352155879,4583,brabazon course at the belfry
22089,"Syme, Connor",3901,royal greens,sg_total,0.30164634224304404,2020-02-02,0.0025875297224173285,4583,brabazon course at the belfry
22089,"Syme, Connor",3637,emirates gc,sg_total,0.20887902966927693,2018-01-28,0.002126273207181435,4583,brabazon course at the belfry
22089,"Syme, Connor",4371,emirates gc,sg_total,0.6225072525676867,2024-01-21,0.0019665888668452826,4583,brabazon course at the belfry
22089,"Syme, Connor",3671,carnoustie,sg_total,0.23692775868212176,2018-10-07,0.0017357100152241287,4583,brabazon course at the belfry
22089,"Syme, Connor",3981,emirates gc,sg_total,0.43409147291705774,2022-01-30,0.0014044070158853404,4583,brabazon course at the belfry
22089,"Syme, Connor",3501,royal johannesburg west course,sg_total,0.17657668871613386,2017-02-26,0.001090748388168393,4583,brabazon course at the belfry
22089,"Syme, Connor",3862,himmerland golf & spa resort,sg_total,0.3840432893753353,2021-05-30,0.0007148706507596046,4583,brabazon course at the belfry
22089,"Syme, Connor",3663,albatross golf resort,sg_total,0.23200415453447004,2018-08-26,0.0005465357368774447,4583,brabazon course at the belfry
22089,"Syme, Connor",4076,zebula golf estate  spa,sg_total,0.3433516974975665,2020-10-18,0.0004365385165364397,4583,brabazon course at the belfry
22089,"Syme, Connor",3544,verdura gc,sg_total,0.22013814453292976,2018-05-13,-0.000329075677640639,4583,brabazon course at the belfry
22089,"Syme, Connor",3649,rinkven international gc,sg_total,0.2209099779593782,2018-05-20,-0.00035430345736553345,4583,brabazon course at the belfry
22089,"Syme, Connor",4030,gary player cc,sg_total,0.5010747437014489,2022-11-13,-0.0010854618051497175,4583,brabazon course at the belfry
22089,"Syme, Connor",3765,randpark gc firethorn course,sg_total,0.2445097728767429,2018-12-09,-0.001722043797230238,4583,brabazon course at the belfry
22089,"Syme, Connor",4235,gary player cc,sg_total,0.6010963747389753,2023-11-12,-0.001825631695774074,4583,brabazon course at the belfry
22089,"Syme, Connor",4236,jumeirah golf estates,sg_total,0.6032038980649524,2023-11-19,-0.0018464190947035278,4583,brabazon course at the belfry
22089,"Syme, Connor",3903,13th beach gc beach course,sg_total,0.30270395418214285,2020-02-09,-0.002901440840337245,4583,brabazon course at the belfry
22089,"Syme, Connor",4593,jumeirah golf estates,sg_total,0.8680551755848918,2025-11-16,-0.003215295889050513,4583,brabazon course at the belfry
22089,"Syme, Connor",4011,himmerland golf & spa resort,sg_total,0.483840486467991,2022-09-04,-0.0034124205431631605,4583,brabazon course at the belfry
22089,"Syme, Connor",4723,gary player cc,sg_total,0.8772177743910435,2025-12-07,-0.003617505940280218,4583,brabazon course at the belfry
22089,"Syme, Connor",4621,gut altentann gc,sg_total,0.798117060447891,2025-06-01,-0.004532885772437854,4583,brabazon course at the belfry
22089,"Syme, Connor",4237,club at steyn city,sg_total,0.5355291261520809,2023-03-26,-0.004725147358498185,4583,brabazon course at the belfry
22089,"Syme, Connor",4377,genzon gc,sg_total,0.6560619883935562,2024-05-05,-0.005272266678585404,4583,brabazon course at the belfry
22089,"Syme, Connor",4559,leopard creek cc,sg_total,0.733813771398553,2024-12-15,-0.009745927361881119,4583,brabazon course at the belfry
22089,"Syme, Connor",3664,silkeborg ry gc,sg_total,0.2328175917601019,2018-09-02,-0.010722793865804046,4583,brabazon course at the belfry
22089,"Syme, Connor",3763,racv royal pines resort,sg_total,0.24365548454833486,2018-12-02,-0.01211294018232286,4583,brabazon course at the belfry
22089,"Syme, Connor",4227,le golf national,sg_total,0.5865484532875249,2023-09-24,-0.013110547168319055,4583,brabazon course at the belfry
22089,"Syme, Connor",4619,regnum carya golf & spa resort,sg_total,0.7897806739328027,2025-05-11,-0.013468212866422443,4583,brabazon course at the belfry
22089,"Syme, Connor",3876,crans-sur-sierre gc,sg_total,0.4019208903110026,2021-08-29,-0.018030337042792784,4583,brabazon course at the belfry
22089,"Syme, Connor",4817,national gc,sg_total,0.9441218903864221,2026-05-03,-0.03340672947676232,4583,brabazon course at the belfry
25273,"Toorop, Mike",4771,montagu,sg_total,0.9084640160687062,2026-02-15,0.02318535642541143,4583,brabazon course at the belfry
25273,"Toorop, Mike",4484,royal óbidos spa & golf resort,sg_total,0.7011734432085724,2024-09-15,0.010267646932382638,4583,brabazon course at the belfry
25273,"Toorop, Mike",4817,national gc,sg_total,0.9441218903864221,2026-05-03,0.008579970733561128,4583,brabazon course at the belfry
25273,"Toorop, Mike",4721,royal queensland gc,sg_total,0.8741528788765721,2025-11-30,-0.003805576503942699,4583,brabazon course at the belfry
25273,"Toorop, Mike",3774,doha gc,sg_total,0.25589194844208374,2019-03-10,-0.010764384464222562,4583,brabazon course at the belfry
25273,"Toorop, Mike",4786,circolo golf torino,sg_total,0.9709308776411942,2026-06-28,-0.01641573103836392,4583,brabazon course at the belfry
31165,"Townsend, Hugo",4653,rosa golf club,sg_total,0.8381987791551844,2025-09-07,0.04062753532107532,4583,brabazon course at the belfry
31165,"Townsend, Hugo",4782,dlf g&cc player course,sg_total,0.9277434863285529,2026-03-29,0.02724836993681649,4583,brabazon course at the belfry
31165,"Townsend, Hugo",4724,royal johannesburg east course,sg_total,0.880293415834221,2025-12-14,0.023578762669867467,4583,brabazon course at the belfry
31165,"Townsend, Hugo",4644,golf bluegreen de pléneuf val andré,sg_total,0.8065414401773269,2025-06-22,0.015360545392229193,4583,brabazon course at the belfry
31165,"Townsend, Hugo",4731,houghton gc,sg_total,0.9180531430541589,2026-03-08,0.014509530849323557,4583,brabazon course at the belfry
31165,"Townsend, Hugo",4271,askersunds golfklubb,sg_total,0.5783939893780083,2023-08-27,0.012438328664715686,4583,brabazon course at the belfry
31165,"Townsend, Hugo",4651,vierumäki resort,sg_total,0.8294437363854039,2025-08-17,0.010007022382431775,4583,brabazon course at the belfry
31165,"Townsend, Hugo",4656,hangzhou west lake golf club,sg_total,0.8559870769289292,2025-10-19,0.005611052680077985,4583,brabazon course at the belfry
31165,"Townsend, Hugo",4266,gc adamstal,sg_total,0.5663743633919324,2023-07-16,0.003288844155436401,4583,brabazon course at the belfry
31165,"Townsend, Hugo",4817,national gc,sg_total,0.9441218903864221,2026-05-03,0.0031542338445810594,4583,brabazon course at the belfry
31165,"Townsend, Hugo",4786,circolo golf torino,sg_total,0.9709308776411942,2026-06-28,0.0031261440331837188,4583,brabazon course at the belfry
31165,"Townsend, Hugo",4487,golf bluegreen de pléneuf val andré,sg_total,0.6723340256326573,2024-06-23,-3.7867815774583656e-05,4583,brabazon course at the belfry
31165,"Townsend, Hugo",934,Hurstbourne Country Club,sg_total,0.9777512371933363,2026-07-12,-0.0009464984136511547,4583,brabazon course at the belfry
31165,"Townsend, Hugo",4673,club de golf alcanada,sg_total,0.8620000071704987,2025-11-02,-0.0010304041108210437,4583,brabazon course at the belfry
31165,"Townsend, Hugo",4517,iberostar real club de golf novo sancti petri,sg_total,0.6676441212689289,2024-06-09,-0.0040421289806271375,4583,brabazon course at the belfry
31165,"Townsend, Hugo",4827,blackstone course mission hills,sg_total,0.9245020599315531,2026-03-22,-0.004992493960552009,4583,brabazon course at the belfry
31165,"Townsend, Hugo",4710,sanya luhuitou gc,sg_total,0.8529963589691315,2025-10-12,-0.005558792212689883,4583,brabazon course at the belfry
31165,"Townsend, Hugo",4301,golf nazionale,sg_total,0.5643955181193583,2023-07-09,-0.010138903881986723,4583,brabazon course at the belfry
31165,"Townsend, Hugo",4654,royal óbidos spa & golf resort,sg_total,0.8411376148446232,2025-09-14,-0.01340073577391526,4583,brabazon course at the belfry
28157,"Vaillant, Tom",4584,crans-sur-sierre gc,sg_total,0.835270211411272,2025-08-31,0.0142792207154101,4583,brabazon course at the belfry
28157,"Vaillant, Tom",4276,club de golf alcanada,sg_total,0.5989962148511054,2023-11-05,0.010980405252397712,4583,brabazon course at the belfry
28157,"Vaillant, Tom",4353,danzhou ancient saltern golf club,sg_total,0.5930361029297179,2023-10-16,0.010809430594535398,4583,brabazon course at the belfry
28157,"Vaillant, Tom",4402,le golf national,sg_total,0.7110589082064097,2024-10-13,0.009766633131544047,4583,brabazon course at the belfry
28157,"Vaillant, Tom",4369,la reserve gc,sg_total,0.6117081434533598,2023-12-17,0.008383288961815014,4583,brabazon course at the belfry
28157,"Vaillant, Tom",4382,rinkven international gc,sg_total,0.6629869316007273,2024-05-26,0.006792560615246992,4583,brabazon course at the belfry
28157,"Vaillant, Tom",4271,askersunds golfklubb,sg_total,0.5783939893780083,2023-08-27,0.0067343723171029496,4583,brabazon course at the belfry
28157,"Vaillant, Tom",4721,royal queensland gc,sg_total,0.8741528788765721,2025-11-30,0.0037670174064989024,4583,brabazon course at the belfry
28157,"Vaillant, Tom",4621,gut altentann gc,sg_total,0.798117060447891,2025-06-01,-0.0010433272190747858,4583,brabazon course at the belfry
28157,"Vaillant, Tom",4377,genzon gc,sg_total,0.6560619883935562,2024-05-05,-0.001344683177241475,4583,brabazon course at the belfry
28157,"Vaillant, Tom",4786,circolo golf torino,sg_total,0.9709308776411942,2026-06-28,-0.005052834932333018,4583,brabazon course at the belfry
28157,"Vaillant, Tom",4827,blackstone course mission hills,sg_total,0.9245020599315531,2026-03-22,-0.00775160553338674,4583,brabazon course at the belfry
28157,"Vaillant, Tom",4371,emirates gc,sg_total,0.6225072525676867,2024-01-21,-0.00890405038910805,4583,brabazon course at the belfry
28157,"Vaillant, Tom",4372,al hamra gc,sg_total,0.6246898452608237,2024-01-28,-0.009774251277221521,4583,brabazon course at the belfry
28157,"Vaillant, Tom",4301,golf nazionale,sg_total,0.5643955181193583,2023-07-09,-0.010479396132415582,4583,brabazon course at the belfry
28157,"Vaillant, Tom",4782,dlf g&cc player course,sg_total,0.9277434863285529,2026-03-29,-0.010537840051569764,4583,brabazon course at the belfry
28157,"Vaillant, Tom",4375,laguna national g&cc classic course,sg_total,0.6424283409681188,2024-03-24,-0.01659145103020671,4583,brabazon course at the belfry
28157,"Vaillant, Tom",4817,national gc,sg_total,0.9441218903864221,2026-05-03,-0.017232135862568016,4583,brabazon course at the belfry
28157,"Vaillant, Tom",934,Hurstbourne Country Club,sg_total,1.792805979110845,2026-07-12,-0.047341086849159074,4583,brabazon course at the belfry
13374,"Van Driel, Darius",4782,dlf g&cc player course,sg_total,0.9277434863285529,2026-03-29,0.025827431373796624,4583,brabazon course at the belfry
13374,"Van Driel, Darius",4817,national gc,sg_total,0.9441218903864221,2026-05-03,0.025527623161676945,4583,brabazon course at the belfry
13374,"Van Driel, Darius",4559,leopard creek cc,sg_total,0.733813771398553,2024-12-15,0.016537703901532603,4583,brabazon course at the belfry
13374,"Van Driel, Darius",4207,golfclub münchen eichenried,sg_total,0.5604585449744904,2023-06-25,0.01533310715369161,4583,brabazon course at the belfry
13374,"Van Driel, Darius",4603,kingsbarns golf links,sg_total,0.8500160902253981,2025-10-05,0.013498920262830524,4583,brabazon course at the belfry
13374,"Van Driel, Darius",4584,crans-sur-sierre gc,sg_total,0.835270211411272,2025-08-31,0.011605077454047189,4583,brabazon course at the belfry
13374,"Van Driel, Darius",4375,laguna national g&cc classic course,sg_total,0.6424283409681188,2024-03-24,0.010729134416463221,4583,brabazon course at the belfry
13374,"Van Driel, Darius",4016,club de campo villa de madrid,sg_total,0.4923822171335323,2022-10-09,0.010440905641814213,4583,brabazon course at the belfry
13374,"Van Driel, Darius",3651,diamond cc,sg_total,0.3269330072071321,2020-07-12,0.009692878597689233,4583,brabazon course at the belfry
13374,"Van Driel, Darius",4017,real club valderrama,sg_total,0.4941085742561417,2022-10-16,0.009528754008749928,4583,brabazon course at the belfry
13374,"Van Driel, Darius",3943,meloneras golf,sg_total,0.37738099689684185,2021-04-25,0.007989883362561493,4583,brabazon course at the belfry
13374,"Van Driel, Darius",4724,royal johannesburg east course,sg_total,0.880293415834221,2025-12-14,0.007097120172502875,4583,brabazon course at the belfry
13374,"Van Driel, Darius",3906,al mouj golf,sg_total,0.305899090813104,2020-03-01,0.006958395978700326,4583,brabazon course at the belfry
13374,"Van Driel, Darius",4827,blackstone course mission hills,sg_total,0.9245020599315531,2026-03-22,0.004554634301528679,4583,brabazon course at the belfry
13374,"Van Driel, Darius",4076,zebula golf estate  spa,sg_total,0.3433516974975665,2020-10-18,0.00327357557511744,4583,brabazon course at the belfry
13374,"Van Driel, Darius",4200,yas links,sg_total,0.5189228801589404,2023-01-22,0.0027689401537283028,4583,brabazon course at the belfry
13374,"Van Driel, Darius",4227,le golf national,sg_total,0.5865484532875249,2023-09-24,0.002303630915168725,4583,brabazon course at the belfry
13374,"Van Driel, Darius",4402,le golf national,sg_total,0.7110589082064097,2024-10-13,0.0017132726001978136,4583,brabazon course at the belfry
13374,"Van Driel, Darius",3901,royal greens,sg_total,0.30164634224304404,2020-02-02,0.0003834885773276679,4583,brabazon course at the belfry
13374,"Van Driel, Darius",3935,gary player cc,sg_total,0.3518677092565612,2020-12-06,-0.00044021551417072855,4583,brabazon course at the belfry
13374,"Van Driel, Darius",4221,galgorm castle golf club,sg_total,0.5763731489488771,2023-08-20,-0.0006040049272820648,4583,brabazon course at the belfry
13374,"Van Driel, Darius",4555,kingston heath gc,sg_total,0.7286950115597843,2024-12-01,-0.0010433249507980679,4583,brabazon course at the belfry
13374,"Van Driel, Darius",3898,randpark gc firethorn course,sg_total,0.34941323597069013,2020-11-22,-0.0015083482452811017,4583,brabazon course at the belfry
13374,"Van Driel, Darius",4592,yas links,sg_total,0.8650222931107413,2025-11-09,-0.00219361010803038,4583,brabazon course at the belfry
13374,"Van Driel, Darius",4621,gut altentann gc,sg_total,0.798117060447891,2025-06-01,-0.0027161201405783326,4583,brabazon course at the belfry
13374,"Van Driel, Darius",3876,crans-sur-sierre gc,sg_total,0.4019208903110026,2021-08-29,-0.003515383904657369,4583,brabazon course at the belfry
13374,"Van Driel, Darius",4786,circolo golf torino,sg_total,0.9709308776411942,2026-06-28,-0.004129076282602542,4583,brabazon course at the belfry
13374,"Van Driel, Darius",3972,golf santa ponsa,sg_total,0.41333370907465194,2021-10-24,-0.005393875166542573,4583,brabazon course at the belfry
13374,"Van Driel, Darius",4011,himmerland golf & spa resort,sg_total,0.483840486467991,2022-09-04,-0.005478927272932804,4583,brabazon course at the belfry
13374,"Van Driel, Darius",4731,houghton gc,sg_total,0.9180531430541589,2026-03-08,-0.006302303175152455,4583,brabazon course at the belfry
13374,"Van Driel, Darius",4723,gary player cc,sg_total,0.8772177743910435,2025-12-07,-0.006599013091139364,4583,brabazon course at the belfry
13374,"Van Driel, Darius",3903,13th beach gc beach course,sg_total,0.30270395418214285,2020-02-09,-0.007152375629605164,4583,brabazon course at the belfry
13374,"Van Driel, Darius",4186,emirates gc,sg_total,0.520742292353521,2023-01-29,-0.007241910269397941,4583,brabazon course at the belfry
13374,"Van Driel, Darius",4193,kingsbarns golf links,sg_total,0.4906618916992401,2022-10-02,-0.009559599291048186,4583,brabazon course at the belfry
13374,"Van Driel, Darius",3862,himmerland golf & spa resort,sg_total,0.3840432893753353,2021-05-30,-0.011338415947697158,4583,brabazon course at the belfry
13374,"Van Driel, Darius",4377,genzon gc,sg_total,0.6560619883935562,2024-05-05,-0.012382333692334825,4583,brabazon course at the belfry
13374,"Van Driel, Darius",890,Tahoe Mountain Club (Old Greenwood),sg_total,0.5683601467575404,2023-07-23,-0.013384007336908614,4583,brabazon course at the belfry
13374,"Van Driel, Darius",3981,emirates gc,sg_total,0.43409147291705774,2022-01-30,-0.01427409510999622,4583,brabazon course at the belfry
13374,"Van Driel, Darius",4181,blair atholl golf & equestrian estate,sg_total,0.5063637471859777,2022-12-04,-0.018163852219626412,4583,brabazon course at the belfry
13374,"Van Driel, Darius",4382,rinkven international gc,sg_total,0.6629869316007273,2024-05-26,-0.020039028082632603,4583,brabazon course at the belfry
13374,"Van Driel, Darius",4302,jack nicklaus golf club korea,sg_total,0.544983369207548,2023-04-30,-0.022575517416855807,4583,brabazon course at the belfry
17550,"Van Rooyen, Erik",714,TPC Louisiana,sg_total,2.268174015095069,2026-04-26,0.023060914258293312,4583,brabazon course at the belfry
17550,"Van Rooyen, Erik",3981,emirates gc,sg_total,0.43409147291705774,2022-01-30,0.00975372603385164,4583,brabazon course at the belfry
17550,"Van Rooyen, Erik",3792,hills golf & sports club,sg_total,0.27831547681864865,2019-08-25,0.008272383822551485,4583,brabazon course at the belfry
17550,"Van Rooyen, Erik",3779,royal golf dar es salam red course,sg_total,0.2622387318069171,2019-04-28,0.006967142544616047,4583,brabazon course at the belfry
17550,"Van Rooyen, Erik",3664,silkeborg ry gc,sg_total,0.2328175917601019,2018-09-02,0.005535211122736042,4583,brabazon course at the belfry
17550,"Van Rooyen, Erik",3774,doha gc,sg_total,0.25589194844208374,2019-03-10,0.005288919282342315,4583,brabazon course at the belfry
17550,"Van Rooyen, Erik",3793,crans-sur-sierre gc,sg_total,0.2792912876603469,2019-09-01,0.0039897854619757546,4583,brabazon course at the belfry
17550,"Van Rooyen, Erik",3650,wentworth golf club,sg_total,0.22168451753581914,2018-05-27,0.003673270384841351,4583,brabazon course at the belfry
17550,"Van Rooyen, Erik",3674,regnum carya golf & spa resort,sg_total,0.2402680749592907,2018-11-04,0.0009261389415263882,4583,brabazon course at the belfry
17550,"Van Rooyen, Erik",3649,rinkven international gc,sg_total,0.2209099779593782,2018-05-20,0.0009100799984956325,4583,brabazon course at the belfry
17550,"Van Rooyen, Erik",3494,hong kong gc,sg_total,0.2024018907423617,2017-11-26,0.00011789831727386959,4583,brabazon course at the belfry
17550,"Van Rooyen, Erik",3862,himmerland golf & spa resort,sg_total,0.2631581754560287,2019-05-05,1.4946106342534893e-05,4583,brabazon course at the belfry
17550,"Van Rooyen, Erik",3807,jumeirah golf estates,sg_total,0.2912713418641669,2019-11-24,-0.0003647471738363707,4583,brabazon course at the belfry
17550,"Van Rooyen, Erik",3495,glendower gc,sg_total,0.17290724229171636,2017-01-15,-0.0004813921381254538,4583,brabazon course at the belfry
17550,"Van Rooyen, Erik",3898,randpark gc firethorn course,sg_total,0.2984956258576689,2020-01-12,-0.0008364969258497966,4583,brabazon course at the belfry
17550,"Van Rooyen, Erik",3501,royal johannesburg west course,sg_total,0.17657668871613386,2017-02-26,-0.00228240690405316,4583,brabazon course at the belfry
17550,"Van Rooyen, Erik",3678,walton heath gc,sg_total,0.2377584587145598,2018-10-14,-0.002634530922073903,4583,brabazon course at the belfry
17550,"Van Rooyen, Erik",528,Pinehurst Resort & Country Club (Course No. 2),sg_total,0.669984969788664,2024-06-16,-0.004610366222747716,4583,brabazon course at the belfry
17550,"Van Rooyen, Erik",4559,leopard creek cc,sg_total,0.733813771398553,2024-12-15,-0.004683982494237418,4583,brabazon course at the belfry
17550,"Van Rooyen, Erik",3901,royal greens,sg_total,0.30164634224304404,2020-02-02,-0.007074015691875988,4583,brabazon course at the belfry
17550,"Van Rooyen, Erik",4584,crans-sur-sierre gc,sg_total,0.835270211411272,2025-08-31,-0.008181162534903001,4583,brabazon course at the belfry
17550,"Van Rooyen, Erik",4017,real club valderrama,sg_total,0.4941085742561417,2022-10-16,-0.00906602110466884,4583,brabazon course at the belfry
17550,"Van Rooyen, Erik",4181,blair atholl golf & equestrian estate,sg_total,0.5063637471859777,2022-12-04,-0.00995431722373155,4583,brabazon course at the belfry
17550,"Van Rooyen, Erik",3769,royal greens,sg_total,0.25145279522530517,2019-02-03,-0.010734652494396781,4583,brabazon course at the belfry
15193,"Van Tonder, Daniel",4731,houghton gc,sg_total,0.9180531430541589,2026-03-08,0.03320904495331926,4583,brabazon course at the belfry
15193,"Van Tonder, Daniel",4723,gary player cc,sg_total,0.8772177743910435,2025-12-07,0.030196826095278042,4583,brabazon course at the belfry
15193,"Van Tonder, Daniel",4724,royal johannesburg east course,sg_total,0.880293415834221,2025-12-14,0.029376015882407142,4583,brabazon course at the belfry
15193,"Van Tonder, Daniel",4786,circolo golf torino,sg_total,0.9709308776411942,2026-06-28,0.02242978155311573,4583,brabazon course at the belfry
15193,"Van Tonder, Daniel",4673,club de golf alcanada,sg_total,0.8620000071704987,2025-11-02,0.015191749919152838,4583,brabazon course at the belfry
15193,"Van Tonder, Daniel",3876,crans-sur-sierre gc,sg_total,0.4019208903110026,2021-08-29,0.011519337482666652,4583,brabazon course at the belfry
15193,"Van Tonder, Daniel",4617,royal cape golf club,sg_total,0.7546509156752821,2025-02-09,0.00926502513918779,4583,brabazon course at the belfry
15193,"Van Tonder, Daniel",4651,vierumäki resort,sg_total,0.8294437363854039,2025-08-17,0.00860847019719915,4583,brabazon course at the belfry
15193,"Van Tonder, Daniel",3981,emirates gc,sg_total,0.43409147291705774,2022-01-30,0.007654383732054489,4583,brabazon course at the belfry
15193,"Van Tonder, Daniel",4237,club at steyn city,sg_total,0.5355291261520809,2023-03-26,0.0036855546428529815,4583,brabazon course at the belfry
15193,"Van Tonder, Daniel",4369,la reserve gc,sg_total,0.6117081434533598,2023-12-17,0.0019494273311145124,4583,brabazon course at the belfry
15193,"Van Tonder, Daniel",3495,glendower gc,sg_total,0.17290724229171636,2017-01-15,0.0011730790436950047,4583,brabazon course at the belfry
15193,"Van Tonder, Daniel",3862,himmerland golf & spa resort,sg_total,0.2631581754560287,2019-05-05,0.0011646037760976262,4583,brabazon course at the belfry
15193,"Van Tonder, Daniel",4076,zebula golf estate  spa,sg_total,0.4464177973920421,2022-03-27,0.0008449854464813032,4583,brabazon course at the belfry
15193,"Van Tonder, Daniel",4817,national gc,sg_total,0.9441218903864221,2026-05-03,0.0006808396451117759,4583,brabazon course at the belfry
15193,"Van Tonder, Daniel",4016,club de campo villa de madrid,sg_total,0.4923822171335323,2022-10-09,0.0004839412549062731,4583,brabazon course at the belfry
15193,"Van Tonder, Daniel",3935,gary player cc,sg_total,0.3518677092565612,2020-12-06,-0.00313709063214698,4583,brabazon course at the belfry
15193,"Van Tonder, Daniel",4017,real club valderrama,sg_total,0.4941085742561417,2022-10-16,-0.0034653028680608966,4583,brabazon course at the belfry
15193,"Van Tonder, Daniel",3902,randpark gc bushwillow course,sg_total,0.2984956258576689,2020-01-12,-0.004903577156644868,4583,brabazon course at the belfry
15193,"Van Tonder, Daniel",3898,randpark gc firethorn course,sg_total,0.34941323597069013,2020-11-22,-0.006775750671481169,4583,brabazon course at the belfry
15193,"Van Tonder, Daniel",4181,blair atholl golf & equestrian estate,sg_total,0.5063637471859777,2022-12-04,-0.008197759061877821,4583,brabazon course at the belfry
15193,"Van Tonder, Daniel",4207,golfclub münchen eichenried,sg_total,0.5604585449744904,2023-06-25,-0.010981784236268485,4583,brabazon course at the belfry
15193,"Van Tonder, Daniel",4653,rosa golf club,sg_total,0.8381987791551844,2025-09-07,-0.01659134745069663,4583,brabazon course at the belfry
15193,"Van Tonder, Daniel",4011,himmerland golf & spa resort,sg_total,0.483840486467991,2022-09-04,-0.026745445719940412,4583,brabazon course at the belfry
15193,"Van Tonder, Daniel",4559,leopard creek cc,sg_total,0.733813771398553,2024-12-15,-0.03582432970071491,4583,brabazon course at the belfry
20522,"Veerman, Johannes",4402,le golf national,sg_total,0.7110589082064097,2024-10-13,0.0247081211894579,4583,brabazon course at the belfry
20522,"Veerman, Johannes",4582,furesø golf klub,sg_total,0.8294437363854039,2025-08-17,0.021105738585850405,4583,brabazon course at the belfry
20522,"Veerman, Johannes",4377,genzon gc,sg_total,0.6560619883935562,2024-05-05,0.015290874078725446,4583,brabazon course at the belfry
20522,"Veerman, Johannes",4371,emirates gc,sg_total,0.6225072525676867,2024-01-21,0.014504069937176739,4583,brabazon course at the belfry
20522,"Veerman, Johannes",4186,emirates gc,sg_total,0.520742292353521,2023-01-29,0.01351561235286897,4583,brabazon course at the belfry
20522,"Veerman, Johannes",4227,le golf national,sg_total,0.5865484532875249,2023-09-24,0.01250923228997478,4583,brabazon course at the belfry
20522,"Veerman, Johannes",4593,jumeirah golf estates,sg_total,0.8680551755848918,2025-11-16,0.009911686749978266,4583,brabazon course at the belfry
20522,"Veerman, Johannes",4375,laguna national g&cc classic course,sg_total,0.6424283409681188,2024-03-24,0.006621664180289061,4583,brabazon course at the belfry
20522,"Veerman, Johannes",3705,natadola bay gc,sg_total,0.22958085549583,2018-08-05,0.006178889095248034,4583,brabazon course at the belfry
20522,"Veerman, Johannes",3981,emirates gc,sg_total,0.43409147291705774,2022-01-30,0.005261759092119976,4583,brabazon course at the belfry
20522,"Veerman, Johannes",3898,randpark gc firethorn course,sg_total,0.647908861828359,2020-11-22,0.0047961543926604835,4583,brabazon course at the belfry
20522,"Veerman, Johannes",890,Tahoe Mountain Club (Old Greenwood),sg_total,1.040490575258164,2023-07-23,0.004040377762294273,4583,brabazon course at the belfry
20522,"Veerman, Johannes",4372,al hamra gc,sg_total,0.6246898452608237,2024-01-28,0.0028370256080479154,4583,brabazon course at the belfry
20522,"Veerman, Johannes",4382,rinkven international gc,sg_total,0.6629869316007273,2024-05-26,0.002651976054284924,4583,brabazon course at the belfry
20522,"Veerman, Johannes",4592,yas links,sg_total,0.8650222931107413,2025-11-09,0.0017153480181318216,4583,brabazon course at the belfry
20522,"Veerman, Johannes",-1,Unknown,sg_total,0.29954219096874685,2020-01-19,0.00141905731687402,4583,brabazon course at the belfry
20522,"Veerman, Johannes",3906,al mouj golf,sg_total,0.305899090813104,2020-03-01,0.0009647977412060051,4583,brabazon course at the belfry
20522,"Veerman, Johannes",4817,national gc,sg_total,0.9441218903864221,2026-05-03,-0.00027729879407856743,4583,brabazon course at the belfry
20522,"Veerman, Johannes",4017,real club valderrama,sg_total,0.4941085742561417,2022-10-16,-0.0008880512961042318,4583,brabazon course at the belfry
20522,"Veerman, Johannes",3935,gary player cc,sg_total,0.3518677092565612,2020-12-06,-0.002838709761694238,4583,brabazon course at the belfry
20522,"Veerman, Johannes",3494,hong kong gc,sg_total,0.2024018907423617,2017-11-26,-0.0034686851279880984,4583,brabazon course at the belfry
20522,"Veerman, Johannes",3762,hong kong gc,sg_total,0.24280418100265946,2018-11-25,-0.0037175344021573866,4583,brabazon course at the belfry
20522,"Veerman, Johannes",3943,meloneras golf,sg_total,0.37738099689684185,2021-04-25,-0.005900629714851217,4583,brabazon course at the belfry
20522,"Veerman, Johannes",3876,crans-sur-sierre gc,sg_total,0.4019208903110026,2021-08-29,-0.006308569650042495,4583,brabazon course at the belfry
20522,"Veerman, Johannes",4619,regnum carya golf & spa resort,sg_total,0.7897806739328027,2025-05-11,-0.006839135353096113,4583,brabazon course at the belfry
20522,"Veerman, Johannes",3530,natadola bay gc,sg_total,0.19272326098017534,2017-08-20,-0.007213964071066067,4583,brabazon course at the belfry
20522,"Veerman, Johannes",3862,himmerland golf & spa resort,sg_total,0.647201464831364,2021-05-30,-0.011534343616560336,4583,brabazon course at the belfry
20522,"Veerman, Johannes",4302,jack nicklaus golf club korea,sg_total,0.544983369207548,2023-04-30,-0.013451460491450915,4583,brabazon course at the belfry
20522,"Veerman, Johannes",4200,yas links,sg_total,0.5189228801589404,2023-01-22,-0.018035064399822467,4583,brabazon course at the belfry
20522,"Veerman, Johannes",897,Memorial Park Golf Course,sg_total,0.5010747437014489,2022-11-13,-0.018418705323548955,4583,brabazon course at the belfry
20522,"Veerman, Johannes",4786,circolo golf torino,sg_total,0.9709308776411942,2026-06-28,-0.03287952522895069,4583,brabazon course at the belfry
20522,"Veerman, Johannes",4723,gary player cc,sg_total,0.8772177743910435,2025-12-07,-0.033186567685767394,4583,brabazon course at the belfry
29712,"Vidal, Quim",4782,dlf g&cc player course,sg_total,0.9277434863285529,2026-03-29,0.041397048533556725,4583,brabazon course at the belfry
29712,"Vidal, Quim",4653,rosa golf club,sg_total,0.8381987791551844,2025-09-07,0.02328523945697153,4583,brabazon course at the belfry
29712,"Vidal, Quim",4637,classic golf & country club,sg_total,0.7706661563760512,2025-03-23,0.02076683049579736,4583,brabazon course at the belfry
29712,"Vidal, Quim",4489,golf saint apollinaire,sg_total,0.7060988762143844,2024-09-29,0.017439058993522803,4583,brabazon course at the belfry
29712,"Vidal, Quim",4654,royal óbidos spa & golf resort,sg_total,0.8411376148446232,2025-09-14,0.017087542601332335,4583,brabazon course at the belfry
29712,"Vidal, Quim",4454,links,sg_total,0.631283645506926,2024-02-18,0.01688713698569369,4583,brabazon course at the belfry
29712,"Vidal, Quim",4529,argentario gc,sg_total,0.7036318499619978,2024-09-22,0.015895423593983774,4583,brabazon course at the belfry
29712,"Vidal, Quim",4342,infinitum golf lakes course,sg_total,0.6019986958727488,2023-11-15,0.013419721882014807,4583,brabazon course at the belfry
29712,"Vidal, Quim",4617,royal cape golf club,sg_total,0.7546509156752821,2025-02-09,0.01178488064740291,4583,brabazon course at the belfry
29712,"Vidal, Quim",4271,askersunds golfklubb,sg_total,0.5783939893780083,2023-08-27,0.010483323497528124,4583,brabazon course at the belfry
29712,"Vidal, Quim",4618,montagu,sg_total,0.7572968215143355,2025-02-16,0.010187728706662735,4583,brabazon course at the belfry
29712,"Vidal, Quim",4301,golf nazionale,sg_total,0.5643955181193583,2023-07-09,0.009130624652684783,4583,brabazon course at the belfry
29712,"Vidal, Quim",4651,vierumäki resort,sg_total,0.8294437363854039,2025-08-17,0.004921404122957606,4583,brabazon course at the belfry
29712,"Vidal, Quim",4817,national gc,sg_total,0.9441218903864221,2026-05-03,0.0043828884395100695,4583,brabazon course at the belfry
29712,"Vidal, Quim",4731,houghton gc,sg_total,0.9180531430541589,2026-03-08,0.0035149669869437923,4583,brabazon course at the belfry
29712,"Vidal, Quim",4016,club de campo villa de madrid,sg_total,0.4923822171335323,2022-10-09,0.0025663527527619665,4583,brabazon course at the belfry
29712,"Vidal, Quim",4827,blackstone course mission hills,sg_total,0.9245020599315531,2026-03-22,0.0023113369824148185,4583,brabazon course at the belfry
29712,"Vidal, Quim",4517,iberostar real club de golf novo sancti petri,sg_total,0.6676441212689289,2024-06-09,0.0009059596349924477,4583,brabazon course at the belfry
29712,"Vidal, Quim",4724,royal johannesburg east course,sg_total,0.880293415834221,2025-12-14,0.0007564082222106834,4583,brabazon course at the belfry
29712,"Vidal, Quim",4056,frederikshavn golfklub,sg_total,0.47878673996045235,2022-08-14,0.000125669136251085,4583,brabazon course at the belfry
29712,"Vidal, Quim",934,Hurstbourne Country Club,sg_total,0.9777512371933363,2026-07-12,-0.0013069695470928242,4583,brabazon course at the belfry
29712,"Vidal, Quim",4673,club de golf alcanada,sg_total,0.8620000071704987,2025-11-02,-0.0017121062463276982,4583,brabazon course at the belfry
29712,"Vidal, Quim",4487,golf bluegreen de pléneuf val andré,sg_total,0.6723340256326573,2024-06-23,-0.007885370113513564,4583,brabazon course at the belfry
29712,"Vidal, Quim",4563,sanya luhuitou gc,sg_total,0.7110589082064097,2024-10-13,-0.008374058167920025,4583,brabazon course at the belfry
29712,"Vidal, Quim",4486,kaskáda golf resort,sg_total,0.669984969788664,2024-06-16,-0.010107128153334661,4583,brabazon course at the belfry
29712,"Vidal, Quim",4485,hangzhou west lake golf club,sg_total,0.7135519747065024,2024-10-20,-0.010215597275193023,4583,brabazon course at the belfry
29712,"Vidal, Quim",4710,sanya luhuitou gc,sg_total,0.8529963589691315,2025-10-12,-0.016863175721174826,4583,brabazon course at the belfry
29712,"Vidal, Quim",4786,circolo golf torino,sg_total,0.9709308776411942,2026-06-28,-0.018634446009269036,4583,brabazon course at the belfry
29712,"Vidal, Quim",4721,royal queensland gc,sg_total,0.8741528788765721,2025-11-30,-0.02290591856991592,4583,brabazon course at the belfry
29712,"Vidal, Quim",4484,royal óbidos spa & golf resort,sg_total,0.7011734432085724,2024-09-15,-0.041916749431405644,4583,brabazon course at the belfry
29712,"Vidal, Quim",4656,hangzhou west lake golf club,sg_total,0.8559870769289292,2025-10-19,-0.04297330994162498,4583,brabazon course at the belfry
27147,"Walker, Euan",4782,dlf g&cc player course,sg_total,0.9277434863285529,2026-03-29,0.0372836459827974,4583,brabazon course at the belfry
27147,"Walker, Euan",4489,golf saint apollinaire,sg_total,0.7060988762143844,2024-09-29,0.033792962293708304,4583,brabazon course at the belfry
27147,"Walker, Euan",4827,blackstone course mission hills,sg_total,0.9245020599315531,2026-03-22,0.03278164808512931,4583,brabazon course at the belfry
27147,"Walker, Euan",4150,st. mellion estate,sg_total,0.4923822171335323,2022-10-09,0.019048745951859375,4583,brabazon course at the belfry
27147,"Walker, Euan",4266,gc adamstal,sg_total,0.5663743633919324,2023-07-16,0.016737578226657994,4583,brabazon course at the belfry
27147,"Walker, Euan",934,Hurstbourne Country Club,sg_total,0.9777512371933363,2026-07-12,0.015389976093787271,4583,brabazon course at the belfry
27147,"Walker, Euan",4062,golf saint apollinaire,sg_total,0.4889475768792571,2022-09-25,0.01204557499524209,4583,brabazon course at the belfry
27147,"Walker, Euan",4786,circolo golf torino,sg_total,0.9709308776411942,2026-06-28,0.011898729931596588,4583,brabazon course at the belfry
27147,"Walker, Euan",4673,club de golf alcanada,sg_total,0.8620000071704987,2025-11-02,0.009181188417026373,4583,brabazon course at the belfry
27147,"Walker, Euan",4301,golf nazionale,sg_total,0.5643955181193583,2023-07-09,0.008160615507359458,4583,brabazon course at the belfry
27147,"Walker, Euan",4487,golf bluegreen de pléneuf val andré,sg_total,0.6723340256326573,2024-06-23,0.00806730042125237,4583,brabazon course at the belfry
27147,"Walker, Euan",4271,askersunds golfklubb,sg_total,0.5783939893780083,2023-08-27,0.008064597238033221,4583,brabazon course at the belfry
27147,"Walker, Euan",4485,hangzhou west lake golf club,sg_total,0.7135519747065024,2024-10-20,0.007374905851429041,4583,brabazon course at the belfry
27147,"Walker, Euan",4817,national gc,sg_total,0.9441218903864221,2026-05-03,0.007077266381598405,4583,brabazon course at the belfry
27147,"Walker, Euan",4710,sanya luhuitou gc,sg_total,0.8529963589691315,2025-10-12,0.006355114901231965,4583,brabazon course at the belfry
27147,"Walker, Euan",4517,iberostar real club de golf novo sancti petri,sg_total,0.6676441212689289,2024-06-09,0.005640807517487489,4583,brabazon course at the belfry
27147,"Walker, Euan",4644,golf bluegreen de pléneuf val andré,sg_total,0.8065414401773269,2025-06-22,0.00554517076174616,4583,brabazon course at the belfry
27147,"Walker, Euan",4066,club de golf alcanada,sg_total,0.4993240476038332,2022-11-06,0.004981241030648391,4583,brabazon course at the belfry
27147,"Walker, Euan",4051,golf pga france du vaudreuil,sg_total,0.47048086042893056,2022-07-10,0.003651244013017325,4583,brabazon course at the belfry
27147,"Walker, Euan",3943,meloneras golf,sg_total,0.37738099689684185,2021-04-25,0.0035474963042594412,4583,brabazon course at the belfry
27147,"Walker, Euan",4637,classic golf & country club,sg_total,0.7706661563760512,2025-03-23,0.003068321328778213,4583,brabazon course at the belfry
27147,"Walker, Euan",4656,hangzhou west lake golf club,sg_total,0.8559870769289292,2025-10-19,0.00011088300471475226,4583,brabazon course at the belfry
27147,"Walker, Euan",4618,montagu,sg_total,0.7572968215143355,2025-02-16,-0.0027446289245146326,4583,brabazon course at the belfry
27147,"Walker, Euan",4529,argentario gc,sg_total,0.7036318499619978,2024-09-22,-0.004849720487950284,4583,brabazon course at the belfry
27147,"Walker, Euan",4484,royal óbidos spa & golf resort,sg_total,0.7011734432085724,2024-09-15,-0.005954751859542967,4583,brabazon course at the belfry
27147,"Walker, Euan",4317,twentsche gc,sg_total,0.550735842216777,2023-05-21,-0.006815097862468253,4583,brabazon course at the belfry
27147,"Walker, Euan",4104,iberostar real club de golf novo sancti petri,sg_total,0.4590941362868942,2022-05-22,-0.006818159491124665,4583,brabazon course at the belfry
27147,"Walker, Euan",4731,houghton gc,sg_total,0.9180531430541589,2026-03-08,-0.007019101112992594,4583,brabazon course at the belfry
27147,"Walker, Euan",4617,royal cape golf club,sg_total,0.7546509156752821,2025-02-09,-0.0071020114972521415,4583,brabazon course at the belfry
27147,"Walker, Euan",3926,hinton golf club,sg_total,0.3813643734941895,2021-05-16,-0.007641266344106698,4583,brabazon course at the belfry
27147,"Walker, Euan",4653,rosa golf club,sg_total,0.8381987791551844,2025-09-07,-0.00822137366601005,4583,brabazon course at the belfry
27147,"Walker, Euan",4076,zebula golf estate  spa,sg_total,0.3433516974975665,2020-10-18,-0.008707450205885923,4583,brabazon course at the belfry
27147,"Walker, Euan",4276,club de golf alcanada,sg_total,0.5989962148511054,2023-11-05,-0.010695371832267986,4583,brabazon course at the belfry
27147,"Walker, Euan",4563,sanya luhuitou gc,sg_total,0.7110589082064097,2024-10-13,-0.012884448496766026,4583,brabazon course at the belfry
27147,"Walker, Euan",4075,doha gc,sg_total,0.4464177973920421,2022-03-27,-0.01606292048811606,4583,brabazon course at the belfry
27147,"Walker, Euan",4353,danzhou ancient saltern golf club,sg_total,0.5930361029297179,2023-10-16,-0.017990209502934038,4583,brabazon course at the belfry
27147,"Walker, Euan",4654,royal óbidos spa & golf resort,sg_total,0.8411376148446232,2025-09-14,-0.03004019927020979,4583,brabazon course at the belfry
27147,"Walker, Euan",4724,royal johannesburg east course,sg_total,0.880293415834221,2025-12-14,-0.037232736556590235,4583,brabazon course at the belfry
20706,"Wallace, Matt",947,Detroit Golf Club,sg_total,0.9880717128619305,2026-08-02,0.023242058217779037,4583,brabazon course at the belfry
20706,"Wallace, Matt",4786,circolo golf torino,sg_total,0.9709308776411942,2026-06-28,0.021050988833726088,4583,brabazon course at the belfry
20706,"Wallace, Matt",4584,crans-sur-sierre gc,sg_total,0.835270211411272,2025-08-31,0.017035501779051956,4583,brabazon course at the belfry
20706,"Wallace, Matt",23,Muirfield Village Golf Club,sg_total,1.2680735911146241,2023-06-04,0.013122273770547263,4583,brabazon course at the belfry
20706,"Wallace, Matt",4236,jumeirah golf estates,sg_total,0.6032038980649524,2023-11-19,0.012964511693520524,4583,brabazon course at the belfry
20706,"Wallace, Matt",4200,yas links,sg_total,0.5189228801589404,2023-01-22,0.008484252026159161,4583,brabazon course at the belfry
20706,"Wallace, Matt",4235,gary player cc,sg_total,0.6010963747389753,2023-11-12,0.007207668530890552,4583,brabazon course at the belfry
20706,"Wallace, Matt",4186,emirates gc,sg_total,0.520742292353521,2023-01-29,0.0067373519512886676,4583,brabazon course at the belfry
20706,"Wallace, Matt",3664,silkeborg ry gc,sg_total,0.2328175917601019,2018-09-02,0.0059730705147776515,4583,brabazon course at the belfry
20706,"Wallace, Matt",4076,zebula golf estate  spa,sg_total,0.3433516974975665,2020-10-18,0.005666240619380485,4583,brabazon course at the belfry
20706,"Wallace, Matt",734,PGA National Resort (The Champion),sg_total,1.4598152194248615,2023-02-26,0.005194955631637205,4583,brabazon course at the belfry
20706,"Wallace, Matt",925,Dunes Golf and Beach Club,sg_total,0.6583622284248272,2024-05-12,0.004965353741020505,4583,brabazon course at the belfry
20706,"Wallace, Matt",773,Aronimink Golf Club,sg_total,0.9507539286723269,2026-05-17,0.004229262285697981,4583,brabazon course at the belfry
20706,"Wallace, Matt",3520,diamond cc,sg_total,0.18609462464127785,2017-06-11,0.0037570035622590467,4583,brabazon course at the belfry
20706,"Wallace, Matt",3650,wentworth golf club,sg_total,0.22168451753581914,2018-05-27,0.00320703532641962,4583,brabazon course at the belfry
20706,"Wallace, Matt",233,Nicklaus Tournament Course,sg_total,0.6225072525676867,2024-01-21,0.002760059755297022,4583,brabazon course at the belfry
20706,"Wallace, Matt",3981,emirates gc,sg_total,0.43409147291705774,2022-01-30,0.002331502060446975,4583,brabazon course at the belfry
20706,"Wallace, Matt",618,Shinnecock Hills Golf Club,sg_total,0.22402446821274175,2018-06-17,0.0013871343337905158,4583,brabazon course at the belfry
20706,"Wallace, Matt",3637,emirates gc,sg_total,0.20887902966927693,2018-01-28,0.0011184575917814257,4583,brabazon course at the belfry
20706,"Wallace, Matt",3678,walton heath gc,sg_total,0.2377584587145598,2018-10-14,0.001093984163248578,4583,brabazon course at the belfry
20706,"Wallace, Matt",875,ACCORDIA GOLF Narashino Country Club,sg_total,1.5022601659024288,2023-10-22,0.001022357707739615,4583,brabazon course at the belfry
20706,"Wallace, Matt",658,Carnoustie GC,sg_total,0.22797940113688214,2018-07-22,0.000946241999244197,4583,brabazon course at the belfry
20706,"Wallace, Matt",3544,verdura gc,sg_total,0.1841508537381482,2017-05-21,0.0008815915715016042,4583,brabazon course at the belfry
20706,"Wallace, Matt",3802,dom pedro victoria golf course,sg_total,0.28722195492640357,2019-10-27,0.000828578053551825,4583,brabazon course at the belfry
20706,"Wallace, Matt",697,Ocean Course at Kiawah Island,sg_total,0.38270148738575926,2021-05-23,0.0007420368240693338,4583,brabazon course at the belfry
20706,"Wallace, Matt",3663,albatross golf resort,sg_total,0.23200415453447004,2018-08-26,-2.4085928336191926e-05,4583,brabazon course at the belfry
20706,"Wallace, Matt",3674,regnum carya golf & spa resort,sg_total,0.2402680749592907,2018-11-04,-0.0001830879773580245,4583,brabazon course at the belfry
20706,"Wallace, Matt",3807,jumeirah golf estates,sg_total,0.2912713418641669,2019-11-24,-0.0006039996155345398,4583,brabazon course at the belfry
20706,"Wallace, Matt",4402,le golf national,sg_total,0.7110589082064097,2024-10-13,-0.003222624249345029,4583,brabazon course at the belfry
20706,"Wallace, Matt",876,Detroit Golf Club,sg_total,2.8477218628739953,2025-06-29,-0.003373821906464245,4583,brabazon course at the belfry
20706,"Wallace, Matt",714,TPC Louisiana,sg_total,2.268174015095069,2026-04-26,-0.004379972024683191,4583,brabazon course at the belfry
20706,"Wallace, Matt",4011,himmerland golf & spa resort,sg_total,0.483840486467991,2022-09-04,-0.004847611880257755,4583,brabazon course at the belfry
20706,"Wallace, Matt",3769,royal greens,sg_total,0.25145279522530517,2019-02-03,-0.005383767642634977,4583,brabazon course at the belfry
20706,"Wallace, Matt",3901,royal greens,sg_total,0.664774302223504,2021-02-07,-0.005444738843252106,4583,brabazon course at the belfry
20706,"Wallace, Matt",928,PGA National  - Champion Course,sg_total,2.3131802036059317,2026-03-01,-0.012313780228677006,4583,brabazon course at the belfry
20706,"Wallace, Matt",3793,crans-sur-sierre gc,sg_total,0.2792912876603469,2019-09-01,-0.012516252729880903,4583,brabazon course at the belfry
20706,"Wallace, Matt",503,TPC River Highlands,sg_total,1.352310006671028,2023-06-25,-0.013318308933344174,4583,brabazon course at the belfry
20706,"Wallace, Matt",765,Port Royal Golf Course,sg_total,0.8680551755848918,2025-11-16,-0.013633051624357554,4583,brabazon course at the belfry
20706,"Wallace, Matt",897,Memorial Park Golf Course,sg_total,2.846867223425252,2026-03-29,-0.022661448670037852,4583,brabazon course at the belfry
20706,"Wallace, Matt",930,Black Desert Resort,sg_total,0.8589882807411235,2025-10-26,-0.025959384776178235,4583,brabazon course at the belfry
20706,"Wallace, Matt",4582,furesø golf klub,sg_total,0.8294437363854039,2025-08-17,-0.026471940449423748,4583,brabazon course at the belfry
20706,"Wallace, Matt",978,Vidanta Vallarta,sg_total,2.3927312499256925,2025-02-23,-0.03742277688116488,4583,brabazon course at the belfry
12426,"Waring, Paul",4377,genzon gc,sg_total,0.6560619883935562,2024-05-05,0.018425473450396572,4583,brabazon course at the belfry
12426,"Waring, Paul",4382,rinkven international gc,sg_total,0.6629869316007273,2024-05-26,0.01050633570887558,4583,brabazon course at the belfry
12426,"Waring, Paul",4030,gary player cc,sg_total,0.5010747437014489,2022-11-13,0.010055035054564206,4583,brabazon course at the belfry
12426,"Waring, Paul",4075,doha gc,sg_total,0.4464177973920421,2022-03-27,0.007428959517917768,4583,brabazon course at the belfry
12426,"Waring, Paul",4402,le golf national,sg_total,0.7110589082064097,2024-10-13,0.00617319145322677,4583,brabazon course at the belfry
12426,"Waring, Paul",4369,la reserve gc,sg_total,0.6117081434533598,2023-12-17,0.0056631987932872045,4583,brabazon course at the belfry
12426,"Waring, Paul",4016,club de campo villa de madrid,sg_total,0.4923822171335323,2022-10-09,0.0036472786706506534,4583,brabazon course at the belfry
12426,"Waring, Paul",3544,verdura gc,sg_total,0.22013814453292976,2018-05-13,0.0035788154874531815,4583,brabazon course at the belfry
12426,"Waring, Paul",3792,hills golf & sports club,sg_total,0.27831547681864865,2019-08-25,0.003554420864516926,4583,brabazon course at the belfry
12426,"Waring, Paul",3807,jumeirah golf estates,sg_total,0.2912713418641669,2019-11-24,0.003418062026796407,4583,brabazon course at the belfry
12426,"Waring, Paul",3779,royal golf dar es salam red course,sg_total,0.2622387318069171,2019-04-28,0.0029948454549124175,4583,brabazon course at the belfry
12426,"Waring, Paul",4200,yas links,sg_total,0.5189228801589404,2023-01-22,0.0026773469886827253,4583,brabazon course at the belfry
12426,"Waring, Paul",4371,emirates gc,sg_total,0.6225072525676867,2024-01-21,0.0025161266589237194,4583,brabazon course at the belfry
12426,"Waring, Paul",4023,jumeirah golf estates,sg_total,0.5028315779709409,2022-11-20,0.002313378440176727,4583,brabazon course at the belfry
12426,"Waring, Paul",3495,glendower gc,sg_total,0.17290724229171636,2017-01-15,0.0023074050730521544,4583,brabazon course at the belfry
12426,"Waring, Paul",3906,al mouj golf,sg_total,0.305899090813104,2020-03-01,0.0020699337852520252,4583,brabazon course at the belfry
12426,"Waring, Paul",3981,emirates gc,sg_total,0.43409147291705774,2022-01-30,0.0019513192215499038,4583,brabazon course at the belfry
12426,"Waring, Paul",3519,barsebäck g&cc,sg_total,0.18544443195597088,2017-06-04,0.0019194557013474396,4583,brabazon course at the belfry
12426,"Waring, Paul",4186,emirates gc,sg_total,0.520742292353521,2023-01-29,0.001904442136682919,4583,brabazon course at the belfry
12426,"Waring, Paul",4372,al hamra gc,sg_total,0.6246898452608237,2024-01-28,0.0013620673876824777,4583,brabazon course at the belfry
12426,"Waring, Paul",3650,wentworth golf club,sg_total,0.22168451753581914,2018-05-27,0.001098753171328614,4583,brabazon course at the belfry
12426,"Waring, Paul",4076,zebula golf estate  spa,sg_total,0.3433516974975665,2020-10-18,0.0009391661028736678,4583,brabazon course at the belfry
12426,"Waring, Paul",3494,hong kong gc,sg_total,0.2024018907423617,2017-11-26,0.00029041681302060504,4583,brabazon course at the belfry
12426,"Waring, Paul",3538,kingsbarns golf links,sg_total,0.19750329721911253,2017-10-08,0.00018152030708478385,4583,brabazon course at the belfry
12426,"Waring, Paul",3520,diamond cc,sg_total,0.18609462464127785,2017-06-11,9.434220020840062e-05,4583,brabazon course at the belfry
12426,"Waring, Paul",3663,albatross golf resort,sg_total,0.23200415453447004,2018-08-26,-0.0001790055610535887,4583,brabazon course at the belfry
12426,"Waring, Paul",3674,regnum carya golf & spa resort,sg_total,0.2402680749592907,2018-11-04,-0.00025335020618721954,4583,brabazon course at the belfry
12426,"Waring, Paul",3769,royal greens,sg_total,0.25145279522530517,2019-02-03,-0.00046513610423459106,4583,brabazon course at the belfry
12426,"Waring, Paul",3678,walton heath gc,sg_total,0.2377584587145598,2018-10-14,-0.0005327716407141734,4583,brabazon course at the belfry
12426,"Waring, Paul",658,Carnoustie GC,sg_total,0.03057721974635008,2007-07-22,-0.0007565381637407202,4583,brabazon course at the belfry
12426,"Waring, Paul",3774,doha gc,sg_total,0.25589194844208374,2019-03-10,-0.0008624790481774384,4583,brabazon course at the belfry
12426,"Waring, Paul",4375,laguna national g&cc classic course,sg_total,0.6424283409681188,2024-03-24,-0.0010643093579607503,4583,brabazon course at the belfry
12426,"Waring, Paul",4221,galgorm castle golf club,sg_total,0.5763731489488771,2023-08-20,-0.0013126822842149245,4583,brabazon course at the belfry
12426,"Waring, Paul",3943,meloneras golf,sg_total,0.37738099689684185,2021-04-25,-0.0018869601058377492,4583,brabazon course at the belfry
12426,"Waring, Paul",3637,emirates gc,sg_total,0.20887902966927693,2018-01-28,-0.0019180410228354177,4583,brabazon course at the belfry
12426,"Waring, Paul",618,Shinnecock Hills Golf Club,sg_total,0.22402446821274175,2018-06-17,-0.0026297075577552767,4583,brabazon course at the belfry
12426,"Waring, Paul",4302,jack nicklaus golf club korea,sg_total,0.544983369207548,2023-04-30,-0.0030164505601135917,4583,brabazon course at the belfry
12426,"Waring, Paul",876,Detroit Golf Club,sg_total,0.8093692810527258,2025-06-29,-0.003174912770316414,4583,brabazon course at the belfry
12426,"Waring, Paul",4207,golfclub münchen eichenried,sg_total,0.5604585449744904,2023-06-25,-0.0033101440642904064,4583,brabazon course at the belfry
12426,"Waring, Paul",928,PGA National  - Champion Course,sg_total,1.6774620699795175,2026-03-01,-0.0036575905853822896,4583,brabazon course at the belfry
12426,"Waring, Paul",4227,le golf national,sg_total,0.5865484532875249,2023-09-24,-0.005306621409553197,4583,brabazon course at the belfry
12426,"Waring, Paul",4237,club at steyn city,sg_total,0.5355291261520809,2023-03-26,-0.005848307163007887,4583,brabazon course at the belfry
12426,"Waring, Paul",4011,himmerland golf & spa resort,sg_total,0.483840486467991,2022-09-04,-0.00640204827522677,4583,brabazon course at the belfry
12426,"Waring, Paul",4817,national gc,sg_total,0.9441218903864221,2026-05-03,-0.00951628184303029,4583,brabazon course at the belfry
12426,"Waring, Paul",925,Dunes Golf and Beach Club,sg_total,0.7897806739328027,2025-05-11,-0.010512755676263986,4583,brabazon course at the belfry
12426,"Waring, Paul",3901,royal greens,sg_total,0.664774302223504,2021-02-07,-0.011156306656494835,4583,brabazon course at the belfry
12426,"Waring, Paul",897,Memorial Park Golf Course,sg_total,1.701111700094002,2026-03-29,-0.01291239434039617,4583,brabazon course at the belfry
12426,"Waring, Paul",4723,gary player cc,sg_total,0.8772177743910435,2025-12-07,-0.013564684573516214,4583,brabazon course at the belfry
12426,"Waring, Paul",978,Vidanta Vallarta,sg_total,0.7599520042489227,2025-02-23,-0.0316056034488886,4583,brabazon course at the belfry
26193,"Wenyi(Am), Ding",-1,Unknown,sg_total,2.198275231266084,2023-11-05,0.03354690555351936,4583,brabazon course at the belfry
26193,"Wenyi, Ding",-1,Unknown,sg_total,3.3675477231099906,2026-04-05,0.04094085054510086,4583,brabazon course at the belfry
26193,"Wenyi, Ding",4721,royal queensland gc,sg_total,0.8741528788765721,2025-11-30,0.022701041645586638,4583,brabazon course at the belfry
26193,"Wenyi, Ding",4353,danzhou ancient saltern golf club,sg_total,0.5930361029297179,2023-10-16,0.018865479999569328,4583,brabazon course at the belfry
26193,"Wenyi, Ding",4485,hangzhou west lake golf club,sg_total,0.7135519747065024,2024-10-20,0.013395051986914127,4583,brabazon course at the belfry
26193,"Wenyi, Ding",4555,kingston heath gc,sg_total,0.7286950115597843,2024-12-01,0.01328076234443811,4583,brabazon course at the belfry
26193,"Wenyi, Ding",4827,blackstone course mission hills,sg_total,0.9245020599315531,2026-03-22,0.01128965946723683,4583,brabazon course at the belfry
26193,"Wenyi, Ding",4817,national gc,sg_total,0.9441218903864221,2026-05-03,0.011193151920006701,4583,brabazon course at the belfry
26193,"Wenyi, Ding",4786,circolo golf torino,sg_total,0.9709308776411942,2026-06-28,0.007245729945695877,4583,brabazon course at the belfry
26193,"Wenyi, Ding",4582,furesø golf klub,sg_total,0.8294437363854039,2025-08-17,0.007242661727633961,4583,brabazon course at the belfry
26193,"Wenyi, Ding",4619,regnum carya golf & spa resort,sg_total,0.7897806739328027,2025-05-11,0.005832241680389301,4583,brabazon course at the belfry
26193,"Wenyi, Ding",4559,leopard creek cc,sg_total,0.733813771398553,2024-12-15,0.005670310559887812,4583,brabazon course at the belfry
26193,"Wenyi, Ding",4302,jack nicklaus golf club korea,sg_total,0.544983369207548,2023-04-30,-0.0042833058969121394,4583,brabazon course at the belfry
26193,"Wenyi, Ding",4621,gut altentann gc,sg_total,0.798117060447891,2025-06-01,-0.006180470891044565,4583,brabazon course at the belfry
26193,"Wenyi, Ding",4584,crans-sur-sierre gc,sg_total,0.835270211411272,2025-08-31,-0.011590204781065152,4583,brabazon course at the belfry
26193,"Wenyi, Ding",43,The Los Angeles Country Club (North Course),sg_total,0.5585003688742262,2023-06-18,-0.018397594769277038,4583,brabazon course at the belfry
9531,"Wiesberger, Bernd",4731,houghton gc,sg_total,0.9180531430541589,2026-03-08,0.01949690756445588,4583,brabazon course at the belfry
9531,"Wiesberger, Bernd",4817,national gc,sg_total,0.9441218903864221,2026-05-03,0.018714284489159967,4583,brabazon course at the belfry
9531,"Wiesberger, Bernd",4721,royal queensland gc,sg_total,0.8741528788765721,2025-11-30,0.013894953518179192,4583,brabazon course at the belfry
9531,"Wiesberger, Bernd",3862,himmerland golf & spa resort,sg_total,0.647201464831364,2021-05-30,0.012254000521683238,4583,brabazon course at the belfry
9531,"Wiesberger, Bernd",3876,crans-sur-sierre gc,sg_total,0.4019208903110026,2021-08-29,0.011673760020682362,4583,brabazon course at the belfry
9531,"Wiesberger, Bernd",4603,kingsbarns golf links,sg_total,0.8500160902253981,2025-10-05,0.011415960626134538,4583,brabazon course at the belfry
9531,"Wiesberger, Bernd",4375,laguna national g&cc classic course,sg_total,0.6424283409681188,2024-03-24,0.008576033567614452,4583,brabazon course at the belfry
9531,"Wiesberger, Bernd",4371,emirates gc,sg_total,0.6225072525676867,2024-01-21,0.007314477935369876,4583,brabazon course at the belfry
9531,"Wiesberger, Bernd",3981,emirates gc,sg_total,0.43409147291705774,2022-01-30,0.004882403418752944,4583,brabazon course at the belfry
9531,"Wiesberger, Bernd",4186,emirates gc,sg_total,0.520742292353521,2023-01-29,0.004032383002242322,4583,brabazon course at the belfry
9531,"Wiesberger, Bernd",4382,rinkven international gc,sg_total,0.6629869316007273,2024-05-26,0.0030145376255788585,4583,brabazon course at the belfry
9531,"Wiesberger, Bernd",729,Golf Club of Houston,sg_total,0.3294871179903662,2017-04-02,0.0016040490143957426,4583,brabazon course at the belfry
9531,"Wiesberger, Bernd",4372,al hamra gc,sg_total,0.6246898452608237,2024-01-28,0.0012556841588997403,4583,brabazon course at the belfry
9531,"Wiesberger, Bernd",3520,diamond cc,sg_total,0.18609462464127785,2017-06-11,0.0009470607090325311,4583,brabazon course at the belfry
9531,"Wiesberger, Bernd",4377,genzon gc,sg_total,0.6560619883935562,2024-05-05,0.0006859360362897707,4583,brabazon course at the belfry
9531,"Wiesberger, Bernd",3807,jumeirah golf estates,sg_total,0.2912713418641669,2019-11-24,0.0005531843350420178,4583,brabazon course at the belfry
9531,"Wiesberger, Bernd",3637,emirates gc,sg_total,0.20887902966927693,2018-01-28,1.2922815821470034e-05,4583,brabazon course at the belfry
9531,"Wiesberger, Bernd",4782,dlf g&cc player course,sg_total,0.9277434863285529,2026-03-29,-5.1864053026246395e-05,4583,brabazon course at the belfry
9531,"Wiesberger, Bernd",3774,doha gc,sg_total,0.25589194844208374,2019-03-10,-0.0011680862677910183,4583,brabazon course at the belfry
9531,"Wiesberger, Bernd",528,Pinehurst Resort & Country Club (Course No. 2),sg_total,0.10779758751767567,2014-06-15,-0.0016053924548646496,4583,brabazon course at the belfry
9531,"Wiesberger, Bernd",4200,yas links,sg_total,0.5189228801589404,2023-01-22,-0.002221872551935845,4583,brabazon course at the belfry
9531,"Wiesberger, Bernd",3793,crans-sur-sierre gc,sg_total,0.2792912876603469,2019-09-01,-0.0024075520747184574,4583,brabazon course at the belfry
9531,"Wiesberger, Bernd",4402,le golf national,sg_total,0.7110589082064097,2024-10-13,-0.0029113191178138835,4583,brabazon course at the belfry
9531,"Wiesberger, Bernd",4621,gut altentann gc,sg_total,0.798117060447891,2025-06-01,-0.0030595362445816677,4583,brabazon course at the belfry
9531,"Wiesberger, Bernd",23,Muirfield Village Golf Club,sg_total,0.32807927753528066,2020-07-19,-0.004793951099440152,4583,brabazon course at the belfry
9531,"Wiesberger, Bernd",4584,crans-sur-sierre gc,sg_total,0.835270211411272,2025-08-31,-0.005116145100487437,4583,brabazon course at the belfry
9531,"Wiesberger, Bernd",773,Aronimink Golf Club,sg_total,0.9507539286723269,2026-05-17,-0.005834988666382173,4583,brabazon course at the belfry
9531,"Wiesberger, Bernd",697,Ocean Course at Kiawah Island,sg_total,0.4597361341771189,2021-05-23,-0.006417680105871561,4583,brabazon course at the belfry
9531,"Wiesberger, Bernd",-1,Unknown,sg_total,2.698773999873594,2023-10-07,-0.007531999801287212,4583,brabazon course at the belfry
9531,"Wiesberger, Bernd",3769,royal greens,sg_total,0.25145279522530517,2019-02-03,-0.007599341169816368,4583,brabazon course at the belfry
9531,"Wiesberger, Bernd",3901,royal greens,sg_total,0.664774302223504,2021-02-07,-0.007802829192641732,4583,brabazon course at the belfry
9531,"Wiesberger, Bernd",4559,leopard creek cc,sg_total,0.733813771398553,2024-12-15,-0.013909747352946816,4583,brabazon course at the belfry
9531,"Wiesberger, Bernd",734,PGA National Resort (The Champion),sg_total,0.35901846649212255,2018-02-25,-0.016702686143753444,4583,brabazon course at the belfry
9531,"Wiesberger, Bernd",4786,circolo golf torino,sg_total,0.9709308776411942,2026-06-28,-0.023483373949264915,4583,brabazon course at the belfry
12920,"Willett, Danny",928,PGA National  - Champion Course,sg_total,1.6774620699795175,2026-03-01,0.014689594510744261,4583,brabazon course at the belfry
12920,"Willett, Danny",925,Dunes Golf and Beach Club,sg_total,0.9474321065017983,2026-05-10,0.012389420460605562,4583,brabazon course at the belfry
12920,"Willett, Danny",23,Muirfield Village Golf Club,sg_total,1.997260960639764,2023-06-04,0.012275573423890884,4583,brabazon course at the belfry
12920,"Willett, Danny",734,PGA National Resort (The Champion),sg_total,1.1448721386194658,2023-02-26,0.011863169711945667,4583,brabazon course at the belfry
12920,"Willett, Danny",3674,regnum carya golf & spa resort,sg_total,0.2402680749592907,2018-11-04,0.007964228001153126,4583,brabazon course at the belfry
12920,"Willett, Danny",3807,jumeirah golf estates,sg_total,0.2912713418641669,2019-11-24,0.007487627194308555,4583,brabazon course at the belfry
12920,"Willett, Danny",658,Carnoustie GC,sg_total,0.22797940113688214,2018-07-22,0.006943584552647299,4583,brabazon course at the belfry
12920,"Willett, Danny",4401,carnoustie,sg_total,0.7085745521868345,2024-10-06,0.0049165341065094065,4583,brabazon course at the belfry
12920,"Willett, Danny",3663,albatross golf resort,sg_total,0.23200415453447004,2018-08-26,0.003299167273123433,4583,brabazon course at the belfry
12920,"Willett, Danny",4584,crans-sur-sierre gc,sg_total,0.835270211411272,2025-08-31,0.0030807858706584303,4583,brabazon course at the belfry
12920,"Willett, Danny",697,Ocean Course at Kiawah Island,sg_total,0.38270148738575926,2021-05-23,0.0013746593578552397,4583,brabazon course at the belfry
12920,"Willett, Danny",618,Shinnecock Hills Golf Club,sg_total,0.22402446821274175,2018-06-17,0.0013189152911944485,4583,brabazon course at the belfry
12920,"Willett, Danny",3650,wentworth golf club,sg_total,0.22168451753581914,2018-05-27,0.0012234724293820134,4583,brabazon course at the belfry
12920,"Willett, Danny",528,Pinehurst Resort & Country Club (Course No. 2),sg_total,0.10779758751767567,2014-06-15,0.0007265538618984226,4583,brabazon course at the belfry
12920,"Willett, Danny",3678,walton heath gc,sg_total,0.2377584587145598,2018-10-14,-0.0005199753249880282,4583,brabazon course at the belfry
12920,"Willett, Danny",876,Detroit Golf Club,sg_total,2.5638537434099415,2025-06-29,-0.0009930774964636857,4583,brabazon course at the belfry
12920,"Willett, Danny",3901,royal greens,sg_total,0.3631279599804599,2021-02-07,-0.0012650706623024094,4583,brabazon course at the belfry
12920,"Willett, Danny",3664,silkeborg ry gc,sg_total,0.2328175917601019,2018-09-02,-0.001694857471131901,4583,brabazon course at the belfry
12920,"Willett, Danny",3793,crans-sur-sierre gc,sg_total,0.2792912876603469,2019-09-01,-0.0017632192974460395,4583,brabazon course at the belfry
12920,"Willett, Danny",503,TPC River Highlands,sg_total,1.352310006671028,2023-06-25,-0.0021767627855862432,4583,brabazon course at the belfry
12920,"Willett, Danny",729,Golf Club of Houston,sg_total,0.12486776270615724,2015-04-05,-0.002830435485867688,4583,brabazon course at the belfry
12920,"Willett, Danny",3981,emirates gc,sg_total,0.43409147291705774,2022-01-30,-0.0035046969387801086,4583,brabazon course at the belfry
12920,"Willett, Danny",3637,emirates gc,sg_total,0.20887902966927693,2018-01-28,-0.007140366555091617,4583,brabazon course at the belfry
12920,"Willett, Danny",3876,crans-sur-sierre gc,sg_total,0.4019208903110026,2021-08-29,-0.009727861462546882,4583,brabazon course at the belfry
12920,"Willett, Danny",4402,le golf national,sg_total,0.7110589082064097,2024-10-13,-0.017448990520101997,4583,brabazon course at the belfry
12920,"Willett, Danny",233,Nicklaus Tournament Course,sg_total,0.9964673078759707,2025-01-19,-0.01842093242876954,4583,brabazon course at the belfry
12920,"Willett, Danny",765,Port Royal Golf Course,sg_total,1.6286016784257809,2025-11-16,-0.02107997166661726,4583,brabazon course at the belfry
12920,"Willett, Danny",897,Memorial Park Golf Course,sg_total,2.966858905796743,2026-03-29,-0.023529647461455364,4583,brabazon course at the belfry
12920,"Willett, Danny",4786,circolo golf torino,sg_total,0.9709308776411942,2026-06-28,-0.028048513023868602,4583,brabazon course at the belfry
15680,"Winther, Jeff",4402,le golf national,sg_total,0.7110589082064097,2024-10-13,0.02972905498116423,4583,brabazon course at the belfry
15680,"Winther, Jeff",4786,circolo golf torino,sg_total,0.9709308776411942,2026-06-28,0.02972104714389653,4583,brabazon course at the belfry
15680,"Winther, Jeff",4227,le golf national,sg_total,0.5865484532875249,2023-09-24,0.02859957115755539,4583,brabazon course at the belfry
15680,"Winther, Jeff",4621,gut altentann gc,sg_total,0.798117060447891,2025-06-01,0.024435815586490262,4583,brabazon course at the belfry
15680,"Winther, Jeff",4236,jumeirah golf estates,sg_total,0.6032038980649524,2023-11-19,0.016237164835449673,4583,brabazon course at the belfry
15680,"Winther, Jeff",4375,laguna national g&cc classic course,sg_total,0.6424283409681188,2024-03-24,0.015708594239174138,4583,brabazon course at the belfry
15680,"Winther, Jeff",4724,royal johannesburg east course,sg_total,0.880293415834221,2025-12-14,0.014404824820461877,4583,brabazon course at the belfry
15680,"Winther, Jeff",3972,golf santa ponsa,sg_total,0.41333370907465194,2021-10-24,0.014247144922990264,4583,brabazon course at the belfry
15680,"Winther, Jeff",4200,yas links,sg_total,0.5189228801589404,2023-01-22,0.014161258132920658,4583,brabazon course at the belfry
15680,"Winther, Jeff",3943,meloneras golf,sg_total,0.37738099689684185,2021-04-25,0.012383440469263443,4583,brabazon course at the belfry
15680,"Winther, Jeff",4817,national gc,sg_total,0.9441218903864221,2026-05-03,0.010523561700477383,4583,brabazon course at the belfry
15680,"Winther, Jeff",4369,la reserve gc,sg_total,0.6117081434533598,2023-12-17,0.00996970875453902,4583,brabazon course at the belfry
15680,"Winther, Jeff",4235,gary player cc,sg_total,0.6010963747389753,2023-11-12,0.009690406984477389,4583,brabazon course at the belfry
15680,"Winther, Jeff",3649,rinkven international gc,sg_total,0.2209099779593782,2018-05-20,0.008593076143298878,4583,brabazon course at the belfry
15680,"Winther, Jeff",4011,himmerland golf & spa resort,sg_total,0.483840486467991,2022-09-04,0.00838454253706257,4583,brabazon course at the belfry
15680,"Winther, Jeff",3901,royal greens,sg_total,0.664774302223504,2021-02-07,0.006760855699299152,4583,brabazon course at the belfry
15680,"Winther, Jeff",3876,crans-sur-sierre gc,sg_total,0.4019208903110026,2021-08-29,0.006054316949285852,4583,brabazon course at the belfry
15680,"Winther, Jeff",3495,glendower gc,sg_total,0.17290724229171636,2017-01-15,0.005198570883999396,4583,brabazon course at the belfry
15680,"Winther, Jeff",3774,doha gc,sg_total,0.25589194844208374,2019-03-10,0.005147954697327047,4583,brabazon course at the belfry
15680,"Winther, Jeff",3544,verdura gc,sg_total,0.404288998271078,2018-05-13,0.004820964971682831,4583,brabazon course at the belfry
15680,"Winther, Jeff",4017,real club valderrama,sg_total,0.4941085742561417,2022-10-16,0.004291161397625346,4583,brabazon course at the belfry
15680,"Winther, Jeff",3765,randpark gc firethorn course,sg_total,0.2445097728767429,2018-12-09,0.003587712487126336,4583,brabazon course at the belfry
15680,"Winther, Jeff",3779,royal golf dar es salam red course,sg_total,0.2622387318069171,2019-04-28,0.003284798218198739,4583,brabazon course at the belfry
15680,"Winther, Jeff",3663,albatross golf resort,sg_total,0.23200415453447004,2018-08-26,0.0028202767334667444,4583,brabazon course at the belfry
15680,"Winther, Jeff",3792,hills golf & sports club,sg_total,0.27831547681864865,2019-08-25,0.002785906123714635,4583,brabazon course at the belfry
15680,"Winther, Jeff",3651,diamond cc,sg_total,0.22324175312442318,2018-06-10,0.0022407666468785142,4583,brabazon course at the belfry
15680,"Winther, Jeff",3650,wentworth golf club,sg_total,0.22168451753581914,2018-05-27,0.0011207191748163934,4583,brabazon course at the belfry
15680,"Winther, Jeff",4382,rinkven international gc,sg_total,0.6629869316007273,2024-05-26,0.0008113047015711018,4583,brabazon course at the belfry
15680,"Winther, Jeff",3906,al mouj golf,sg_total,0.305899090813104,2020-03-01,0.000756937658459469,4583,brabazon course at the belfry
15680,"Winther, Jeff",3519,barsebäck g&cc,sg_total,0.18544443195597088,2017-06-04,0.00031144487250290306,4583,brabazon course at the belfry
15680,"Winther, Jeff",3898,randpark gc firethorn course,sg_total,0.2984956258576689,2020-01-12,0.0002632031913806244,4583,brabazon course at the belfry
15680,"Winther, Jeff",3769,royal greens,sg_total,0.25145279522530517,2019-02-03,-0.000525315626743474,4583,brabazon course at the belfry
15680,"Winther, Jeff",4582,furesø golf klub,sg_total,0.8294437363854039,2025-08-17,-0.0006770291680459936,4583,brabazon course at the belfry
15680,"Winther, Jeff",3664,silkeborg ry gc,sg_total,0.2328175917601019,2018-09-02,-0.0017971022496506082,4583,brabazon course at the belfry
15680,"Winther, Jeff",3862,himmerland golf & spa resort,sg_total,0.3840432893753353,2021-05-30,-0.0020342729264845125,4583,brabazon course at the belfry
15680,"Winther, Jeff",4371,emirates gc,sg_total,0.6225072525676867,2024-01-21,-0.002079684948850527,4583,brabazon course at the belfry
15680,"Winther, Jeff",3520,diamond cc,sg_total,0.18609462464127785,2017-06-11,-0.0023628653650554954,4583,brabazon course at the belfry
15680,"Winther, Jeff",3802,dom pedro victoria golf course,sg_total,0.28722195492640357,2019-10-27,-0.0025927453657932096,4583,brabazon course at the belfry
15680,"Winther, Jeff",4237,club at steyn city,sg_total,0.5355291261520809,2023-03-26,-0.005333082129953078,4583,brabazon course at the belfry
15680,"Winther, Jeff",4619,regnum carya golf & spa resort,sg_total,0.7897806739328027,2025-05-11,-0.006784275291839648,4583,brabazon course at the belfry
15680,"Winther, Jeff",4207,golfclub münchen eichenried,sg_total,0.5604585449744904,2023-06-25,-0.0070757779987959575,4583,brabazon course at the belfry
15680,"Winther, Jeff",4193,kingsbarns golf links,sg_total,0.4906618916992401,2022-10-02,-0.008133416774346099,4583,brabazon course at the belfry
15680,"Winther, Jeff",4377,genzon gc,sg_total,0.6560619883935562,2024-05-05,-0.015926929848403777,4583,brabazon course at the belfry
15680,"Winther, Jeff",3981,emirates gc,sg_total,0.43409147291705774,2022-01-30,-0.016697022958125914,4583,brabazon course at the belfry
15680,"Winther, Jeff",4186,emirates gc,sg_total,0.520742292353521,2023-01-29,-0.02264573954442372,4583,brabazon course at the belfry
11763,"Wu, Ashun",4817,national gc,sg_total,0.9441218903864221,2026-05-03,0.016872708582118152,4583,brabazon course at the belfry
11763,"Wu, Ashun",3901,royal greens,sg_total,0.664774302223504,2021-02-07,0.013978753695011323,4583,brabazon course at the belfry
11763,"Wu, Ashun",4402,le golf national,sg_total,0.7110589082064097,2024-10-13,0.010807722998579987,4583,brabazon course at the belfry
11763,"Wu, Ashun",4200,yas links,sg_total,0.5189228801589404,2023-01-22,0.010455048973639327,4583,brabazon course at the belfry
11763,"Wu, Ashun",3981,emirates gc,sg_total,0.43409147291705774,2022-01-30,0.009489655403033637,4583,brabazon course at the belfry
11763,"Wu, Ashun",4016,club de campo villa de madrid,sg_total,0.4923822171335323,2022-10-09,0.008259415476611302,4583,brabazon course at the belfry
11763,"Wu, Ashun",4534,infinitum golf lakes course,sg_total,0.7221661802661196,2024-11-13,0.007925200773682325,4583,brabazon course at the belfry
11763,"Wu, Ashun",4181,blair atholl golf & equestrian estate,sg_total,0.5063637471859777,2022-12-04,0.006743450438962657,4583,brabazon course at the belfry
11763,"Wu, Ashun",4186,emirates gc,sg_total,0.520742292353521,2023-01-29,0.006661493394185502,4583,brabazon course at the belfry
11763,"Wu, Ashun",4375,laguna national g&cc classic course,sg_total,0.6424283409681188,2024-03-24,0.0066277221854323725,4583,brabazon course at the belfry
11763,"Wu, Ashun",3972,golf santa ponsa,sg_total,0.41333370907465194,2021-10-24,0.006442733565870763,4583,brabazon course at the belfry
11763,"Wu, Ashun",3862,himmerland golf & spa resort,sg_total,0.647201464831364,2021-05-30,0.0064319961473041885,4583,brabazon course at the belfry
11763,"Wu, Ashun",4030,gary player cc,sg_total,0.5010747437014489,2022-11-13,0.0064129510940426765,4583,brabazon course at the belfry
11763,"Wu, Ashun",3792,hills golf & sports club,sg_total,0.27831547681864865,2019-08-25,0.005834786344818666,4583,brabazon course at the belfry
11763,"Wu, Ashun",3943,meloneras golf,sg_total,0.37738099689684185,2021-04-25,0.005763364771063915,4583,brabazon course at the belfry
11763,"Wu, Ashun",4076,zebula golf estate  spa,sg_total,0.3433516974975665,2020-10-18,0.0054511765048019,4583,brabazon course at the belfry
11763,"Wu, Ashun",4377,genzon gc,sg_total,0.6560619883935562,2024-05-05,0.005006592177404621,4583,brabazon course at the belfry
11763,"Wu, Ashun",3705,natadola bay gc,sg_total,0.22958085549583,2018-08-05,0.0047618039764571515,4583,brabazon course at the belfry
11763,"Wu, Ashun",3520,diamond cc,sg_total,0.18609462464127785,2017-06-11,0.004135111231579716,4583,brabazon course at the belfry
11763,"Wu, Ashun",890,Tahoe Mountain Club (Old Greenwood),sg_total,1.040490575258164,2023-07-23,0.003369797691111456,4583,brabazon course at the belfry
11763,"Wu, Ashun",3637,emirates gc,sg_total,0.20887902966927693,2018-01-28,0.002519428924049651,4583,brabazon course at the belfry
11763,"Wu, Ashun",3501,royal johannesburg west course,sg_total,0.17657668871613386,2017-02-26,0.002295265280080933,4583,brabazon course at the belfry
11763,"Wu, Ashun",4011,himmerland golf & spa resort,sg_total,0.483840486467991,2022-09-04,0.002261099765788862,4583,brabazon course at the belfry
11763,"Wu, Ashun",4023,jumeirah golf estates,sg_total,0.5028315779709409,2022-11-20,0.0017963106859557065,4583,brabazon course at the belfry
11763,"Wu, Ashun",4017,real club valderrama,sg_total,0.4941085742561417,2022-10-16,0.001256792376139344,4583,brabazon course at the belfry
11763,"Wu, Ashun",3793,crans-sur-sierre gc,sg_total,0.2792912876603469,2019-09-01,0.0009458182211615621,4583,brabazon course at the belfry
11763,"Wu, Ashun",3674,regnum carya golf & spa resort,sg_total,0.2402680749592907,2018-11-04,0.0008051668813789617,4583,brabazon course at the belfry
11763,"Wu, Ashun",3769,royal greens,sg_total,0.25145279522530517,2019-02-03,0.00024260554014014438,4583,brabazon course at the belfry
11763,"Wu, Ashun",4634,victoria gc,sg_total,0.7286950115597843,2024-12-01,2.222317064460096e-05,4583,brabazon course at the belfry
11763,"Wu, Ashun",3663,albatross golf resort,sg_total,0.23200415453447004,2018-08-26,-5.570108651184065e-05,4583,brabazon course at the belfry
11763,"Wu, Ashun",3651,diamond cc,sg_total,0.22324175312442318,2018-06-10,-6.695054421259492e-05,4583,brabazon course at the belfry
11763,"Wu, Ashun",3664,silkeborg ry gc,sg_total,0.2328175917601019,2018-09-02,-0.00023355754143742375,4583,brabazon course at the belfry
11763,"Wu, Ashun",3650,wentworth golf club,sg_total,0.22168451753581914,2018-05-27,-0.00029146781238607595,4583,brabazon course at the belfry
11763,"Wu, Ashun",4075,doha gc,sg_total,0.4464177973920421,2022-03-27,-0.0008363410542889574,4583,brabazon course at the belfry
11763,"Wu, Ashun",3649,rinkven international gc,sg_total,0.2209099779593782,2018-05-20,-0.0008605852709242063,4583,brabazon course at the belfry
11763,"Wu, Ashun",3774,doha gc,sg_total,0.25589194844208374,2019-03-10,-0.0008738598790415101,4583,brabazon course at the belfry
11763,"Wu, Ashun",4786,circolo golf torino,sg_total,0.9709308776411942,2026-06-28,-0.0011933404141005698,4583,brabazon course at the belfry
11763,"Wu, Ashun",4382,rinkven international gc,sg_total,0.6629869316007273,2024-05-26,-0.0014014126951760906,4583,brabazon course at the belfry
11763,"Wu, Ashun",3494,hong kong gc,sg_total,0.2024018907423617,2017-11-26,-0.0017745030980503415,4583,brabazon course at the belfry
11763,"Wu, Ashun",3519,barsebäck g&cc,sg_total,0.18544443195597088,2017-06-04,-0.0018639344408290794,4583,brabazon course at the belfry
11763,"Wu, Ashun",4302,jack nicklaus golf club korea,sg_total,0.544983369207548,2023-04-30,-0.0031135240480369302,4583,brabazon course at the belfry
11763,"Wu, Ashun",3779,royal golf dar es salam red course,sg_total,0.2622387318069171,2019-04-28,-0.0034646617028739673,4583,brabazon course at the belfry
11763,"Wu, Ashun",3906,al mouj golf,sg_total,0.305899090813104,2020-03-01,-0.0035175891115661363,4583,brabazon course at the belfry
11763,"Wu, Ashun",4372,al hamra gc,sg_total,0.6246898452608237,2024-01-28,-0.011345539342910774,4583,brabazon course at the belfry
11763,"Wu, Ashun",4827,blackstone course mission hills,sg_total,0.9245020599315531,2026-03-22,-0.01357893260788144,4583,brabazon course at the belfry
11763,"Wu, Ashun",4371,emirates gc,sg_total,0.6225072525676867,2024-01-21,-0.020583420019469445,4583,brabazon course at the belfry
29119,"Yanhan(Am), Zhou",-1,Unknown,sg_total,0.5989962148511054,2023-11-05,-0.007578127315703932,4583,brabazon course at the belfry
19908,"Young, Daniel",4644,golf bluegreen de pléneuf val andré,sg_total,0.8065414401773269,2025-06-22,0.018641098607280155,4583,brabazon course at the belfry
19908,"Young, Daniel",4342,infinitum golf lakes course,sg_total,0.6019986958727488,2023-11-15,0.01693520539877806,4583,brabazon course at the belfry
19908,"Young, Daniel",4782,dlf g&cc player course,sg_total,0.9277434863285529,2026-03-29,0.014461665719439062,4583,brabazon course at the belfry
19908,"Young, Daniel",4563,sanya luhuitou gc,sg_total,0.7110589082064097,2024-10-13,0.013014626022570497,4583,brabazon course at the belfry
19908,"Young, Daniel",4267,wittelsbacher golfclub,sg_total,0.5683601467575404,2023-07-23,0.010214858219655216,4583,brabazon course at the belfry
19908,"Young, Daniel",4486,kaskáda golf resort,sg_total,0.669984969788664,2024-06-16,0.010067714181962888,4583,brabazon course at the belfry
19908,"Young, Daniel",4809,royal johannesburg east course (par 70),sg_total,0.880293415834221,2025-12-14,0.007515681975836257,4583,brabazon course at the belfry
19908,"Young, Daniel",4617,royal cape golf club,sg_total,0.7546509156752821,2025-02-09,0.00558337997141596,4583,brabazon course at the belfry
19908,"Young, Daniel",4049,golf blue green de pléneuf val andré,sg_total,0.4671989943381879,2022-06-26,0.005354644837941096,4583,brabazon course at the belfry
19908,"Young, Daniel",4301,golf nazionale,sg_total,0.5643955181193583,2023-07-09,0.00353507319203897,4583,brabazon course at the belfry
19908,"Young, Daniel",4104,iberostar real club de golf novo sancti petri,sg_total,0.4590941362868942,2022-05-22,0.0033620213571890355,4583,brabazon course at the belfry
19908,"Young, Daniel",4827,blackstone course mission hills,sg_total,0.9245020599315531,2026-03-22,0.0030725767677368073,4583,brabazon course at the belfry
19908,"Young, Daniel",4656,hangzhou west lake golf club,sg_total,0.8559870769289292,2025-10-19,0.0025703122349809648,4583,brabazon course at the belfry
19908,"Young, Daniel",4786,circolo golf torino,sg_total,0.9709308776411942,2026-06-28,0.0024971333189585383,4583,brabazon course at the belfry
19908,"Young, Daniel",3898,randpark gc firethorn course,sg_total,0.2984956258576689,2020-01-12,0.002058490681464872,4583,brabazon course at the belfry
19908,"Young, Daniel",3926,hinton golf club,sg_total,0.3813643734941895,2021-05-16,0.0012134753458983986,4583,brabazon course at the belfry
19908,"Young, Daniel",4619,regnum carya golf & spa resort,sg_total,0.7897806739328027,2025-05-11,0.0007951832279891231,4583,brabazon course at the belfry
19908,"Young, Daniel",4654,royal óbidos spa & golf resort,sg_total,0.8411376148446232,2025-09-14,0.0007582882755901699,4583,brabazon course at the belfry
19908,"Young, Daniel",4056,frederikshavn golfklub,sg_total,0.47878673996045235,2022-08-14,0.0004968953234367918,4583,brabazon course at the belfry
19908,"Young, Daniel",3972,golf santa ponsa,sg_total,0.41333370907465194,2021-10-24,-0.001094219994160853,4583,brabazon course at the belfry
19908,"Young, Daniel",4487,golf bluegreen de pléneuf val andré,sg_total,0.6723340256326573,2024-06-23,-0.00209753074198603,4583,brabazon course at the belfry
19908,"Young, Daniel",4317,twentsche gc,sg_total,0.550735842216777,2023-05-21,-0.002341654775557286,4583,brabazon course at the belfry
19908,"Young, Daniel",4485,hangzhou west lake golf club,sg_total,0.7135519747065024,2024-10-20,-0.002533067800813749,4583,brabazon course at the belfry
19908,"Young, Daniel",4063,golf international de pont royal,sg_total,0.4906618916992401,2022-10-02,-0.0026566612622125306,4583,brabazon course at the belfry
19908,"Young, Daniel",4076,zebula golf estate  spa,sg_total,0.3433516974975665,2020-10-18,-0.0031639835402321403,4583,brabazon course at the belfry
19908,"Young, Daniel",4582,furesø golf klub,sg_total,0.8294437363854039,2025-08-17,-0.004162712612508545,4583,brabazon course at the belfry
19908,"Young, Daniel",4529,argentario gc,sg_total,0.7036318499619978,2024-09-22,-0.005218074917740293,4583,brabazon course at the belfry
19908,"Young, Daniel",4150,st. mellion estate,sg_total,0.4923822171335323,2022-10-09,-0.007300639082427538,4583,brabazon course at the belfry
19908,"Young, Daniel",4637,classic golf & country club,sg_total,0.7706661563760512,2025-03-23,-0.007587962065469909,4583,brabazon course at the belfry
19908,"Young, Daniel",4817,national gc,sg_total,0.9441218903864221,2026-05-03,-0.007935816026696697,4583,brabazon course at the belfry
19908,"Young, Daniel",4673,club de golf alcanada,sg_total,0.8620000071704987,2025-11-02,-0.008873496540170894,4583,brabazon course at the belfry
19908,"Young, Daniel",4062,golf saint apollinaire,sg_total,0.4889475768792571,2022-09-25,-0.011464536559586961,4583,brabazon course at the belfry
19908,"Young, Daniel",4271,askersunds golfklubb,sg_total,0.5783939893780083,2023-08-27,-0.015233977450065434,4583,brabazon course at the belfry
19908,"Young, Daniel",4721,royal queensland gc,sg_total,0.8741528788765721,2025-11-30,-0.016669859758816716,4583,brabazon course at the belfry
19908,"Young, Daniel",4489,golf saint apollinaire,sg_total,0.7060988762143844,2024-09-29,-0.017804313584445872,4583,brabazon course at the belfry
19908,"Young, Daniel",4653,rosa golf club,sg_total,0.8381987791551844,2025-09-07,-0.01943784936913449,4583,brabazon course at the belfry
19908,"Young, Daniel",934,Hurstbourne Country Club,sg_total,0.9777512371933363,2026-07-12,-0.025560000665354316,4583,brabazon course at the belfry
19908,"Young, Daniel",4710,sanya luhuitou gc,sg_total,0.8529963589691315,2025-10-12,-0.03343107753119219,4583,brabazon course at the belfry
19908,"Young, Daniel",4731,houghton gc,sg_total,0.9180531430541589,2026-03-08,-0.03831113410252925,4583,brabazon course at the belfry
28268,"Yuta Kaneko, Kota",-1,Unknown,sg_total,2.75352058578447,2022-08-07,0.005056705517723227,4583,brabazon course at the belfry
9842,"Zanotti, Fabrizio",4402,le golf national,sg_total,0.7110589082064097,2024-10-13,0.021520116338654065,4583,brabazon course at the belfry
9842,"Zanotti, Fabrizio",4817,national gc,sg_total,0.9441218903864221,2026-05-03,0.021421237138820257,4583,brabazon course at the belfry
9842,"Zanotti, Fabrizio",3981,emirates gc,sg_total,0.43409147291705774,2022-01-30,0.012159501778712159,4583,brabazon course at the belfry
9842,"Zanotti, Fabrizio",4401,carnoustie,sg_total,0.7085745521868345,2024-10-06,0.011583023904330338,4583,brabazon course at the belfry
9842,"Zanotti, Fabrizio",4372,al hamra gc,sg_total,0.6246898452608237,2024-01-28,0.008800980028520897,4583,brabazon course at the belfry
9842,"Zanotti, Fabrizio",4011,himmerland golf & spa resort,sg_total,0.483840486467991,2022-09-04,0.006333583168850526,4583,brabazon course at the belfry
9842,"Zanotti, Fabrizio",4375,laguna national g&cc classic course,sg_total,0.6424283409681188,2024-03-24,0.006043397427312883,4583,brabazon course at the belfry
9842,"Zanotti, Fabrizio",3906,al mouj golf,sg_total,0.305899090813104,2020-03-01,0.005978273225918146,4583,brabazon course at the belfry
9842,"Zanotti, Fabrizio",3650,wentworth golf club,sg_total,0.22168451753581914,2018-05-27,0.005167162389245006,4583,brabazon course at the belfry
9842,"Zanotti, Fabrizio",3774,doha gc,sg_total,0.25589194844208374,2019-03-10,0.0048439706692697026,4583,brabazon course at the belfry
9842,"Zanotti, Fabrizio",4377,genzon gc,sg_total,0.6560619883935562,2024-05-05,0.004793237132595509,4583,brabazon course at the belfry
9842,"Zanotti, Fabrizio",4186,emirates gc,sg_total,0.520742292353521,2023-01-29,0.003312117227337185,4583,brabazon course at the belfry
9842,"Zanotti, Fabrizio",4030,gary player cc,sg_total,0.5010747437014489,2022-11-13,0.003116026721963745,4583,brabazon course at the belfry
9842,"Zanotti, Fabrizio",4603,kingsbarns golf links,sg_total,0.8500160902253981,2025-10-05,0.0028359137022704573,4583,brabazon course at the belfry
9842,"Zanotti, Fabrizio",3769,royal greens,sg_total,0.25145279522530517,2019-02-03,0.002653946035884401,4583,brabazon course at the belfry
9842,"Zanotti, Fabrizio",3901,royal greens,sg_total,0.664774302223504,2021-02-07,0.00211825271103984,4583,brabazon course at the belfry
9842,"Zanotti, Fabrizio",4584,crans-sur-sierre gc,sg_total,0.835270211411272,2025-08-31,0.002053606860592183,4583,brabazon course at the belfry
9842,"Zanotti, Fabrizio",658,Carnoustie GC,sg_total,0.22797940113688214,2018-07-22,0.0017372900836884549,4583,brabazon course at the belfry
9842,"Zanotti, Fabrizio",4621,gut altentann gc,sg_total,0.798117060447891,2025-06-01,0.0006654102870215259,4583,brabazon course at the belfry
9842,"Zanotti, Fabrizio",4302,jack nicklaus golf club korea,sg_total,0.544983369207548,2023-04-30,0.0006123677578618966,4583,brabazon course at the belfry
9842,"Zanotti, Fabrizio",3664,silkeborg ry gc,sg_total,0.2328175917601019,2018-09-02,0.0005724655558738765,4583,brabazon course at the belfry
9842,"Zanotti, Fabrizio",3538,kingsbarns golf links,sg_total,0.19750329721911253,2017-10-08,-0.00020570236232611759,4583,brabazon course at the belfry
9842,"Zanotti, Fabrizio",4382,rinkven international gc,sg_total,0.6629869316007273,2024-05-26,-0.0012464596080458995,4583,brabazon course at the belfry
9842,"Zanotti, Fabrizio",3862,himmerland golf & spa resort,sg_total,0.2631581754560287,2019-05-05,-0.0017943860343850153,4583,brabazon course at the belfry
9842,"Zanotti, Fabrizio",4023,jumeirah golf estates,sg_total,0.5028315779709409,2022-11-20,-0.0018320371207781142,4583,brabazon course at the belfry
9842,"Zanotti, Fabrizio",3762,hong kong gc,sg_total,0.24280418100265946,2018-11-25,-0.002644409091637075,4583,brabazon course at the belfry
9842,"Zanotti, Fabrizio",3943,meloneras golf,sg_total,0.37738099689684185,2021-04-25,-0.0033010375176787624,4583,brabazon course at the belfry
9842,"Zanotti, Fabrizio",934,Hurstbourne Country Club,sg_total,0.8150547419175087,2025-07-13,-0.003428347457976087,4583,brabazon course at the belfry
9842,"Zanotti, Fabrizio",3779,royal golf dar es salam red course,sg_total,0.2622387318069171,2019-04-28,-0.0036857055944783937,4583,brabazon course at the belfry
9842,"Zanotti, Fabrizio",3898,randpark gc firethorn course,sg_total,0.34941323597069013,2020-11-22,-0.0053206769766794585,4583,brabazon course at the belfry
9842,"Zanotti, Fabrizio",4207,golfclub münchen eichenried,sg_total,0.5604585449744904,2023-06-25,-0.005634104474211729,4583,brabazon course at the belfry
9842,"Zanotti, Fabrizio",3637,emirates gc,sg_total,0.20887902966927693,2018-01-28,-0.0061427452600868624,4583,brabazon course at the belfry
9842,"Zanotti, Fabrizio",4721,royal queensland gc,sg_total,0.8741528788765721,2025-11-30,-0.0072081895456724615,4583,brabazon course at the belfry
9842,"Zanotti, Fabrizio",3793,crans-sur-sierre gc,sg_total,0.2792912876603469,2019-09-01,-0.007377956025110144,4583,brabazon course at the belfry
9842,"Zanotti, Fabrizio",4230,kingsbarns golf links,sg_total,0.5906686964874246,2023-10-08,-0.009159899680136646,4583,brabazon course at the belfry
9842,"Zanotti, Fabrizio",4227,le golf national,sg_total,0.5865484532875249,2023-09-24,-0.009163568692026426,4583,brabazon course at the belfry
9842,"Zanotti, Fabrizio",890,Tahoe Mountain Club (Old Greenwood),sg_total,0.5683601467575404,2023-07-23,-0.011696576924851362,4583,brabazon course at the belfry
9842,"Zanotti, Fabrizio",3876,crans-sur-sierre gc,sg_total,0.4019208903110026,2021-08-29,-0.013060135676080793,4583,brabazon course at the belfry
9842,"Zanotti, Fabrizio",4371,emirates gc,sg_total,0.6225072525676867,2024-01-21,-0.013426576055769251,4583,brabazon course at the belfry
9842,"Zanotti, Fabrizio",4200,yas links,sg_total,0.5189228801589404,2023-01-22,-0.01573720927717569,4583,brabazon course at the belfry
9842,"Zanotti, Fabrizio",4017,real club valderrama,sg_total,0.4941085742561417,2022-10-16,-0.015860625865242128,4583,brabazon course at the belfry
29119,"Zhou, Yanhan",4485,hangzhou west lake golf club,sg_total,0.7135519747065024,2024-10-20,0.0341397399358004,4583,brabazon course at the belfry
29119,"Zhou, Yanhan",4656,hangzhou west lake golf club,sg_total,0.8559870769289292,2025-10-19,0.014630283110976127,4583,brabazon course at the belfry
29119,"Zhou, Yanhan",4353,danzhou ancient saltern golf club,sg_total,0.5930361029297179,2023-10-16,0.006706476778506367,4583,brabazon course at the belfry
29119,"Zhou, Yanhan",4377,genzon gc,sg_total,0.6560619883935562,2024-05-05,-0.0019557045157523926,4583,brabazon course at the belfry
29119,"Zhou, Yanhan",4710,sanya luhuitou gc,sg_total,0.8529963589691315,2025-10-12,-0.009759631363097506,4583,brabazon course at the belfry
29119,"Zhou, Yanhan",4817,national gc,sg_total,0.9441218903864221,2026-05-03,-0.01567847941620786,4583,brabazon course at the belfry
29119,"Zhou, Yanhan",4786,circolo golf torino,sg_total,0.9709308776411942,2026-06-28,-0.022532937217759657,4583,brabazon course at the belfry
29119,"Zhou, Yanhan",4563,sanya luhuitou gc,sg_total,0.7110589082064097,2024-10-13,-0.043062633086239074,4583,brabazon course at the belfry
12821,"de Jager, Louis",890,Tahoe Mountain Club (Old Greenwood),sg_total,0.5683601467575404,2023-07-23,-0.01212697975911012,4583,brabazon course at the belfry
22259,"del Rey, Alejandro",-1,Unknown,sg_total,0.8710986917457983,2025-11-23,-0.011155950796254385,4583,brabazon course at the belfry
17550,"van Rooyen, Erik",928,PGA National  - Champion Course,sg_total,2.3131802036059317,2026-03-01,0.028642820334326354,4583,brabazon course at the belfry
17550,"van Rooyen, Erik",925,Dunes Golf and Beach Club,sg_total,1.6057943349266255,2026-05-10,0.020045263122164734,4583,brabazon course at the belfry
17550,"van Rooyen, Erik",890,Tahoe Mountain Club (Old Greenwood),sg_total,0.9660829462668745,2023-07-23,0.01806832173451517,4583,brabazon course at the belfry
17550,"van Rooyen, Erik",978,Vidanta Vallarta,sg_total,1.9384323828499972,2025-02-23,0.014105830469606017,4583,brabazon course at the belfry
17550,"van Rooyen, Erik",947,Detroit Golf Club,sg_total,0.9880717128619305,2026-08-02,0.007903404988214183,4583,brabazon course at the belfry
17550,"van Rooyen, Erik",658,Carnoustie GC,sg_total,0.22797940113688214,2018-07-22,0.004535271322286008,4583,brabazon course at the belfry
17550,"van Rooyen, Erik",23,Muirfield Village Golf Club,sg_total,0.7903983468733966,2022-06-05,0.001485925211455153,4583,brabazon course at the belfry
17550,"van Rooyen, Erik",930,Black Desert Resort,sg_total,0.7110589082064097,2024-10-13,0.0010069516566705774,4583,brabazon course at the belfry
17550,"van Rooyen, Erik",765,Port Royal Golf Course,sg_total,0.4975794682320448,2022-10-30,0.0009691297185011443,4583,brabazon course at the belfry
17550,"van Rooyen, Erik",875,ACCORDIA GOLF Narashino Country Club,sg_total,0.41333370907465194,2021-10-24,0.00011171994531884587,4583,brabazon course at the belfry
17550,"van Rooyen, Erik",697,Ocean Course at Kiawah Island,sg_total,0.38270148738575926,2021-05-23,-0.005857437561606167,4583,brabazon course at the belfry
17550,"van Rooyen, Erik",876,Detroit Golf Club,sg_total,2.3722749271409476,2025-06-29,-0.007483652764030622,4583,brabazon course at the belfry
17550,"van Rooyen, Erik",233,Nicklaus Tournament Course,sg_total,1.6457435841345887,2026-01-25,-0.007866822113246514,4583,brabazon course at the belfry
17550,"van Rooyen, Erik",897,Memorial Park Golf Course,sg_total,2.193490692031294,2026-03-29,-0.008346969006655868,4583,brabazon course at the belfry
17550,"van Rooyen, Erik",503,TPC River Highlands,sg_total,0.5604585449744904,2023-06-25,-0.01126367103053424,4583,brabazon course at the belfry
17550,"van Rooyen, Erik",654,The Country Club,sg_total,0.46556665611623754,2022-06-19,-0.014660518549975443,4583,brabazon course at the belfry
17550,"van Rooyen, Erik",734,PGA National Resort (The Champion),sg_total,1.2048173272911031,2023-02-26,-0.048042700912574836,4583,brabazon course at the belfry
15193,"van Tonder, Daniel",697,Ocean Course at Kiawah Island,sg_total,0.38270148738575926,2021-05-23,0.01123526105648412,4583,brabazon course at the belfry
15193,"van Tonder, Daniel",934,Hurstbourne Country Club,sg_total,0.9777512371933363,2026-07-12,0.007725181572834184,4583,brabazon course at the belfry
15193,"van Tonder, Daniel",-1,Unknown,sg_total,1.581722159475526,2025-11-22,-0.022807698803678923,4583,brabazon course at the belfry
