masters_year,masters_start_date,window_start,window_end,predictor_course_num,predictor_tour,predictor_event_date,weeks_before_masters,days_before_masters,predictor_skill,target_skill,metric_type,correlation_r,r_squared,p_value,weighted_score,is_strong_signal,shared_players,masters_field_size,positive_predictor_only,min_shared_players,run_timestamp,predictor_course_name
2019,2019-04-14,2018-12-26,2019-04-14,770,pga,2019-04-07,1.0,7,sg_putt,sg_total,vs_expected,0.4119665836500626,0.16971646604430404,0.10035690757812213,0.37062289128941855,True,17,87,False,4,2026-04-06 19:05:29.498914,TPC San Antonio - The Oaks Course
2019,2019-04-14,2018-12-26,2019-04-14,770,pga,2019-04-07,1.0,7,sg_app,sg_total,vs_expected,0.1720733183579074,0.02960922689070175,0.5090039477978211,0.08448732000306125,False,17,87,False,4,2026-04-06 19:05:29.498914,TPC San Antonio - The Oaks Course
2019,2019-04-14,2018-12-26,2019-04-14,770,pga,2019-04-07,1.0,7,sg_total,sg_total,vs_expected,0.11656792890874873,0.013588082050075098,0.6450662958296745,0.04137388679504536,False,18,87,False,4,2026-04-06 19:05:29.498914,TPC San Antonio - The Oaks Course
2019,2019-04-14,2018-12-26,2019-04-14,770,pga,2019-04-07,1.0,7,sg_ott,sg_total,vs_expected,-0.048340008053855764,0.00233675637864684,0.8538281999578221,-0.0070659459912854735,False,17,87,False,4,2026-04-06 19:05:29.498914,TPC San Antonio - The Oaks Course
2019,2019-04-14,2018-12-26,2019-04-14,770,pga,2019-04-07,1.0,7,sg_arg,sg_total,vs_expected,-0.3954443153236213,0.15637620652176762,0.11615844710972217,-0.34951011773726215,False,17,87,False,4,2026-04-06 19:05:29.498914,TPC San Antonio - The Oaks Course
2019,2019-04-14,2018-12-26,2019-04-14,665,pga,2019-03-24,3.0,21,sg_ott,sg_total,vs_expected,0.028851941364847172,0.0008324345205205793,0.886405080685564,0.0032774339514046527,False,27,87,False,4,2026-04-06 19:05:29.498914,Innisbrook Resort and Golf Club - Copperhead Course
2019,2019-04-14,2018-12-26,2019-04-14,665,pga,2019-03-24,3.0,21,sg_app,sg_total,vs_expected,-0.05166292160513191,0.0026690574687780054,0.7980153189083905,-0.01043511874467339,False,27,87,False,4,2026-04-06 19:05:29.498914,Innisbrook Resort and Golf Club - Copperhead Course
2019,2019-04-14,2018-12-26,2019-04-14,665,pga,2019-03-24,3.0,21,sg_putt,sg_total,vs_expected,-0.08489708319410565,0.007207514734866896,0.6737363483662004,-0.027698832375967382,False,27,87,False,4,2026-04-06 19:05:29.498914,Innisbrook Resort and Golf Club - Copperhead Course
2019,2019-04-14,2018-12-26,2019-04-14,665,pga,2019-03-24,3.0,21,sg_total,sg_total,vs_expected,-0.10235049634900072,0.01047562410288681,0.6114527576216479,-0.03976800311245983,False,27,87,False,4,2026-04-06 19:05:29.498914,Innisbrook Resort and Golf Club - Copperhead Course
2019,2019-04-14,2018-12-26,2019-04-14,665,pga,2019-03-24,3.0,21,sg_arg,sg_total,vs_expected,-0.16675367180161269,0.027806787059319958,0.40579238823960034,-0.09908630107351377,False,27,87,False,4,2026-04-06 19:05:29.498914,Innisbrook Resort and Golf Club - Copperhead Course
2019,2019-04-14,2018-12-26,2019-04-14,11,pga,2019-03-17,4.0,28,sg_total,sg_total,vs_expected,0.2889887153720297,0.08351447761237599,0.015252315444155843,0.2845809683253741,True,70,87,False,4,2026-04-06 19:05:29.498914,TPC Sawgrass - THE PLAYERS Stadium Course
2019,2019-04-14,2018-12-26,2019-04-14,11,pga,2019-03-17,4.0,28,sg_ott,sg_total,vs_expected,0.25986993171343054,0.06753238140874306,0.036568475065754134,0.2503668845952287,True,65,87,False,4,2026-04-06 19:05:29.498914,TPC Sawgrass - THE PLAYERS Stadium Course
2019,2019-04-14,2018-12-26,2019-04-14,11,pga,2019-03-17,4.0,28,sg_putt,sg_total,vs_expected,0.2213220798627229,0.04898346303476149,0.07643153506567871,0.20440609355488626,True,65,87,False,4,2026-04-06 19:05:29.498914,TPC Sawgrass - THE PLAYERS Stadium Course
2019,2019-04-14,2018-12-26,2019-04-14,11,pga,2019-03-17,4.0,28,sg_arg,sg_total,vs_expected,0.19845846518170634,0.03938576240227855,0.11301503813001111,0.17602967417197232,True,65,87,False,4,2026-04-06 19:05:29.498914,TPC Sawgrass - THE PLAYERS Stadium Course
2019,2019-04-14,2018-12-26,2019-04-14,11,pga,2019-03-17,4.0,28,sg_app,sg_total,vs_expected,-0.07652003536459451,0.005855315812198794,0.5446188615261899,-0.03484578082038526,False,65,87,False,4,2026-04-06 19:05:29.498914,TPC Sawgrass - THE PLAYERS Stadium Course
2019,2019-04-14,2018-12-26,2019-04-14,9,pga,2019-03-10,5.0,35,sg_total,sg_total,vs_expected,0.14170055255973785,0.020079046595735027,0.3420630291141101,0.09323003232401077,False,47,87,False,4,2026-04-06 19:05:29.498914,Arnold Palmer's Bay Hill Club & Lodge
2019,2019-04-14,2018-12-26,2019-04-14,9,pga,2019-03-10,5.0,35,sg_app,sg_total,vs_expected,0.08651585692300198,0.00748499349912135,0.6158660188722687,0.03323368055050995,False,36,87,False,4,2026-04-06 19:05:29.498914,Arnold Palmer's Bay Hill Club & Lodge
2019,2019-04-14,2018-12-26,2019-04-14,9,pga,2019-03-10,5.0,35,sg_putt,sg_total,vs_expected,0.06624698347193637,0.004388662819131011,0.7010701735287275,0.0198031992735112,False,36,87,False,4,2026-04-06 19:05:29.498914,Arnold Palmer's Bay Hill Club & Lodge
2019,2019-04-14,2018-12-26,2019-04-14,9,pga,2019-03-10,5.0,35,sg_ott,sg_total,vs_expected,0.04087787789455552,0.0016710009011621908,0.8128816421437751,0.007649001384276505,False,36,87,False,4,2026-04-06 19:05:29.498914,Arnold Palmer's Bay Hill Club & Lodge
2019,2019-04-14,2018-12-26,2019-04-14,9,pga,2019-03-10,5.0,35,sg_arg,sg_total,vs_expected,-0.14927725450716955,0.022283698713198272,0.3848813720753458,-0.09182321997280954,False,36,87,False,4,2026-04-06 19:05:29.498914,Arnold Palmer's Bay Hill Club & Lodge
2019,2019-04-14,2018-12-26,2019-04-14,734,pga,2019-03-03,6.0,42,sg_arg,sg_total,vs_expected,0.11045951054596075,0.012201303470053214,0.6336066325432839,0.040471632036555204,False,21,87,False,4,2026-04-06 19:05:29.498914,PGA National Resort (The Champion)
2019,2019-04-14,2018-12-26,2019-04-14,734,pga,2019-03-03,6.0,42,sg_ott,sg_total,vs_expected,0.08628798078367741,0.007445615627724283,0.7099649317252186,0.025026540397886907,False,21,87,False,4,2026-04-06 19:05:29.498914,PGA National Resort (The Champion)
2019,2019-04-14,2018-12-26,2019-04-14,734,pga,2019-03-03,6.0,42,sg_putt,sg_total,vs_expected,-0.020371505451381902,0.00041499823435568257,0.9301578281818761,-0.0014227901839292626,False,21,87,False,4,2026-04-06 19:05:29.498914,PGA National Resort (The Champion)
2019,2019-04-14,2018-12-26,2019-04-14,734,pga,2019-03-03,6.0,42,sg_app,sg_total,vs_expected,-0.05614798479274802,0.003152596196286663,0.8089838045058602,-0.010725174439773546,False,21,87,False,4,2026-04-06 19:05:29.498914,PGA National Resort (The Champion)
2019,2019-04-14,2018-12-26,2019-04-14,734,pga,2019-03-03,6.0,42,sg_total,sg_total,vs_expected,-0.08742211764456492,0.007642626653460149,0.6645821710887088,-0.029322936899167453,False,27,87,False,4,2026-04-06 19:05:29.498914,PGA National Resort (The Champion)
2019,2019-04-14,2018-12-26,2019-04-14,742,pga,2019-02-24,7.0,49,sg_total,sg_total,vs_expected,0.6228962743346155,0.38799976857994456,0.37710372566538464,0.38799976857994445,True,4,87,False,4,2026-04-06 19:05:29.498914,Grand Reserve Golf Club
2019,2019-04-14,2018-12-26,2019-04-14,240,pga,2019-02-24,7.0,49,sg_total,sg_total,vs_expected,0.13130377282295594,0.017240680757542422,0.35348343703342616,0.08489006391004131,False,52,87,False,4,2026-04-06 19:05:29.498914,Club de Golf Chapultepec
2019,2019-04-14,2018-12-26,2019-04-14,240,pga,2019-02-24,7.0,49,sg_arg,sg_total,vs_expected,0.0696033435247472,0.004844625429823968,0.7147547944644934,0.019854020029674988,False,30,87,False,4,2026-04-06 19:05:29.498914,Club de Golf Chapultepec
2019,2019-04-14,2018-12-26,2019-04-14,240,pga,2019-02-24,7.0,49,sg_ott,sg_total,vs_expected,0.05002230869641529,0.0025022313673194645,0.7929315974666571,0.01035803955279646,False,30,87,False,4,2026-04-06 19:05:29.498914,Club de Golf Chapultepec
2019,2019-04-14,2018-12-26,2019-04-14,240,pga,2019-02-24,7.0,49,sg_putt,sg_total,vs_expected,0.04825256730132233,0.002328310251168641,0.8001079278085376,0.009645305666419322,False,30,87,False,4,2026-04-06 19:05:29.498914,Club de Golf Chapultepec
2019,2019-04-14,2018-12-26,2019-04-14,240,pga,2019-02-24,7.0,49,sg_app,sg_total,vs_expected,-0.1135856736595674,0.012901705260697742,0.5500813130935756,-0.051104317144294205,False,30,87,False,4,2026-04-06 19:05:29.498914,Club de Golf Chapultepec
2019,2019-04-14,2018-12-26,2019-04-14,500,pga,2019-02-17,8.0,56,sg_total,sg_total,vs_expected,0.2324709282806563,0.05404273249567004,0.12436240308851255,0.20356028499145662,True,45,87,False,4,2026-04-06 19:05:29.498914,The Riviera Country Club
2019,2019-04-14,2018-12-26,2019-04-14,500,pga,2019-02-17,8.0,56,sg_ott,sg_total,vs_expected,0.09493441100420771,0.009012542392715834,0.6242341316718819,0.03567311138521456,False,29,87,False,4,2026-04-06 19:05:29.498914,The Riviera Country Club
2019,2019-04-14,2018-12-26,2019-04-14,500,pga,2019-02-17,8.0,56,sg_arg,sg_total,vs_expected,0.07563634306177863,0.005720856391759069,0.6965683875129554,0.022950457537858782,False,29,87,False,4,2026-04-06 19:05:29.498914,The Riviera Country Club
2019,2019-04-14,2018-12-26,2019-04-14,500,pga,2019-02-17,8.0,56,sg_putt,sg_total,vs_expected,0.0696367999112403,0.0048492839018781176,0.7196351949250421,0.01952370783315873,False,29,87,False,4,2026-04-06 19:05:29.498914,The Riviera Country Club
2019,2019-04-14,2018-12-26,2019-04-14,500,pga,2019-02-17,8.0,56,sg_app,sg_total,vs_expected,0.03830290421445689,0.0014671124712618592,0.8436190615860973,0.005989844105034595,False,29,87,False,4,2026-04-06 19:05:29.498914,The Riviera Country Club
2019,2019-04-14,2018-12-26,2019-04-14,5,pga,2019-02-10,9.0,63,sg_arg,sg_total,vs_expected,0.03262926547417566,0.001064668965384232,0.8913767409606377,0.003544297155865504,False,20,87,False,4,2026-04-06 19:05:29.498914,Pebble Beach Golf Links
2019,2019-04-14,2018-12-26,2019-04-14,5,pga,2019-02-10,9.0,63,sg_total,sg_total,vs_expected,0.0029342929277708096,8.61007498596579e-06,0.989143022564414,3.1857552106207266e-05,False,24,87,False,4,2026-04-06 19:05:29.498914,Pebble Beach Golf Links
2019,2019-04-14,2018-12-26,2019-04-14,5,pga,2019-02-10,9.0,63,sg_putt,sg_total,vs_expected,-0.09443910322728871,0.008918744218374493,0.6920776321063872,-0.02907991228749607,False,20,87,False,4,2026-04-06 19:05:29.498914,Pebble Beach Golf Links
2019,2019-04-14,2018-12-26,2019-04-14,205,pga,2019-02-10,9.0,63,sg_total,sg_total,vs_expected,-0.12395488550841202,0.015364813641403532,0.563893494965487,-0.054057531901026766,False,24,87,False,4,2026-04-06 19:05:29.498914,Spyglass Hill Golf Course
2019,2019-04-14,2018-12-26,2019-04-14,5,pga,2019-02-10,9.0,63,sg_app,sg_total,vs_expected,-0.15675617853492455,0.02457249950887314,0.5092570505893248,-0.07692698939257525,False,20,87,False,4,2026-04-06 19:05:29.498914,Pebble Beach Golf Links
2019,2019-04-14,2018-12-26,2019-04-14,769,pga,2019-02-10,9.0,63,sg_total,sg_total,vs_expected,-0.19127309743679283,0.03658539780306484,0.37061245536466714,-0.12038490515053782,False,24,87,False,4,2026-04-06 19:05:29.498914,Monterey Peninsula CC
2019,2019-04-14,2018-12-26,2019-04-14,5,pga,2019-02-10,9.0,63,sg_ott,sg_total,vs_expected,-0.21966856869728998,0.04825428007351601,0.3520765904588875,-0.14232840799936422,False,20,87,False,4,2026-04-06 19:05:29.498914,Pebble Beach Golf Links
2019,2019-04-14,2018-12-26,2019-04-14,3769,euro,2019-02-03,10.0,70,sg_total,sg_total,vs_expected,0.40938602755592013,0.1675969195580166,0.1460600039212968,0.3495911027657783,True,14,87,False,4,2026-04-06 19:05:29.498914,royal greens
2019,2019-04-14,2018-12-26,2019-04-14,510,pga,2019-02-03,10.0,70,sg_putt,sg_total,vs_expected,0.3443092335018293,0.1185488482746172,0.2998010441031247,0.2410849658036343,True,11,87,False,4,2026-04-06 19:05:29.498914,TPC Scottsdale (Stadium Course)
2019,2019-04-14,2018-12-26,2019-04-14,510,pga,2019-02-03,10.0,70,sg_app,sg_total,vs_expected,0.2323162134600727,0.053970823036426065,0.49182414066162705,0.11805749141330933,False,11,87,False,4,2026-04-06 19:05:29.498914,TPC Scottsdale (Stadium Course)
2019,2019-04-14,2018-12-26,2019-04-14,510,pga,2019-02-03,10.0,70,sg_total,sg_total,vs_expected,0.1307248712846586,0.017088991972390558,0.4340449019690482,0.07398440734299251,False,38,87,False,4,2026-04-06 19:05:29.498914,TPC Scottsdale (Stadium Course)
2019,2019-04-14,2018-12-26,2019-04-14,510,pga,2019-02-03,10.0,70,sg_ott,sg_total,vs_expected,0.03863410331454152,0.001492593938918668,0.9102081725065476,0.003469026740183529,False,11,87,False,4,2026-04-06 19:05:29.498914,TPC Scottsdale (Stadium Course)
2019,2019-04-14,2018-12-26,2019-04-14,510,pga,2019-02-03,10.0,70,sg_arg,sg_total,vs_expected,-0.6849666255798655,0.4691792781582677,0.02003264028435765,-0.6712449355628338,False,11,87,False,4,2026-04-06 19:05:29.498914,TPC Scottsdale (Stadium Course)
2019,2019-04-14,2018-12-26,2019-04-14,4,pga,2019-01-27,11.0,77,sg_ott,sg_total,vs_expected,0.587641195024544,0.3453221740898742,0.034690104540560825,0.5672558605368024,True,13,87,False,4,2026-04-06 19:05:29.498914,Torrey Pines Golf Course (South Course)
2019,2019-04-14,2018-12-26,2019-04-14,3768,euro,2019-01-27,11.0,77,sg_total,sg_total,vs_expected,0.4335556920320325,0.1879705380933746,0.06367485237097517,0.40594909734729684,True,19,87,False,4,2026-04-06 19:05:29.498914,emirates gc
2019,2019-04-14,2018-12-26,2019-04-14,4,pga,2019-01-27,11.0,77,sg_total,sg_total,vs_expected,0.016028928043569673,0.0002569265342259343,0.9228455847910891,0.0012367025696273298,False,39,87,False,4,2026-04-06 19:05:29.498914,Torrey Pines Golf Course (South Course)
2019,2019-04-14,2018-12-26,2019-04-14,4,pga,2019-01-27,11.0,77,sg_arg,sg_total,vs_expected,-0.07642213091500741,0.005840342093590531,0.8040249736528302,-0.014976829119575435,False,13,87,False,4,2026-04-06 19:05:29.498914,Torrey Pines Golf Course (South Course)
2019,2019-04-14,2018-12-26,2019-04-14,4,pga,2019-01-27,11.0,77,sg_app,sg_total,vs_expected,-0.0868868974186424,0.007549332943037688,0.7777575213553723,-0.01930995944406059,False,13,87,False,4,2026-04-06 19:05:29.498914,Torrey Pines Golf Course (South Course)
2019,2019-04-14,2018-12-26,2019-04-14,104,pga,2019-01-27,11.0,77,sg_total,sg_total,vs_expected,-0.07505679445503358,0.005633522393865159,0.6497419529075823,-0.026289246246837067,False,39,87,False,4,2026-04-06 19:05:29.498914,Torrey Pines Golf Course (North Course)
2019,2019-04-14,2018-12-26,2019-04-14,4,pga,2019-01-27,11.0,77,sg_putt,sg_total,vs_expected,-0.2338491091614613,0.054685405855609034,0.4419202746791169,-0.13050644660736152,False,13,87,False,4,2026-04-06 19:05:29.498914,Torrey Pines Golf Course (South Course)
2019,2019-04-14,2018-12-26,2019-04-14,704,pga,2019-01-20,12.0,84,sg_total,sg_total,vs_expected,0.030526642832877912,0.0009318759226460964,0.9074118464661872,0.0028264054934823654,False,17,87,False,4,2026-04-06 19:05:29.498914,Pete Dye Stadium Course
2019,2019-04-14,2018-12-26,2019-04-14,704,pga,2019-01-20,12.0,84,sg_app,sg_total,vs_expected,0.03154816339973046,0.0009952866138960926,0.9310570378843445,0.0021750238340861277,False,10,87,False,4,2026-04-06 19:05:29.498914,Pete Dye Stadium Course
2019,2019-04-14,2018-12-26,2019-04-14,202,pga,2019-01-20,12.0,84,sg_total,sg_total,vs_expected,-0.10104240798715484,0.010209568211842653,0.6995962304493522,-0.030353520243815803,False,17,87,False,4,2026-04-06 19:05:29.498914,La Quinta Country Club
2019,2019-04-14,2018-12-26,2019-04-14,704,pga,2019-01-20,12.0,84,sg_arg,sg_total,vs_expected,-0.12380789162532464,0.015328394028708132,0.7332835812925367,-0.03302159746202833,False,10,87,False,4,2026-04-06 19:05:29.498914,Pete Dye Stadium Course
2019,2019-04-14,2018-12-26,2019-04-14,704,pga,2019-01-20,12.0,84,sg_ott,sg_total,vs_expected,-0.2673952421764928,0.07150021553862523,0.4551316779650093,-0.14569519692484562,False,10,87,False,4,2026-04-06 19:05:29.498914,Pete Dye Stadium Course
2019,2019-04-14,2018-12-26,2019-04-14,233,pga,2019-01-20,12.0,84,sg_total,sg_total,vs_expected,-0.3893065083962529,0.15155955747968175,0.12245093592106636,-0.34163556208296925,False,17,87,False,4,2026-04-06 19:05:29.498914,Nicklaus Tournament Course
2019,2019-04-14,2018-12-26,2019-04-14,704,pga,2019-01-20,12.0,84,sg_putt,sg_total,vs_expected,-0.6150765883499665,0.3783192095362341,0.05840515754874012,-0.5791529433028452,False,10,87,False,4,2026-04-06 19:05:29.498914,Pete Dye Stadium Course
2019,2019-04-14,2018-12-26,2019-04-14,3767,euro,2019-01-19,12.1,85,sg_total,sg_total,vs_expected,-0.03165542757602957,0.0010020660950212535,0.8976371251105779,-0.0032403405725362766,False,19,87,False,4,2026-04-06 19:05:29.498914,abu dhabi gc
2019,2019-04-14,2018-12-26,2019-04-14,6,pga,2019-01-13,13.0,91,sg_total,sg_total,vs_expected,0.2440357466124959,0.05955344562471831,0.1642653313834121,0.20394913382579588,True,34,87,False,4,2026-04-06 19:05:29.498914,Waialae Country Club
2019,2019-04-14,2018-12-26,2019-04-14,656,pga,2019-01-06,14.0,98,sg_total,sg_total,vs_expected,0.23456501213972153,0.05502074492010771,0.23892368502432165,0.1785218750615245,True,27,87,False,4,2026-04-06 19:05:29.498914,Plantation Course at Kapalua
2022,2022-04-10,2021-12-26,2022-04-10,770,pga,2022-04-03,1.0,7,sg_putt,sg_app,vs_expected,0.4118425422478672,0.1696142796051863,0.05684944294188747,0.3884295231413052,True,22,90,False,4,2026-04-06 19:05:30.275682,TPC San Antonio - The Oaks Course
2022,2022-04-10,2021-12-26,2022-04-10,770,pga,2022-04-03,1.0,7,sg_arg,sg_putt,vs_expected,0.3684110082710593,0.13572667101529853,0.09158963603120054,0.3346683781136254,True,22,90,False,4,2026-04-06 19:05:30.275682,TPC San Antonio - The Oaks Course
2022,2022-04-10,2021-12-26,2022-04-10,770,pga,2022-04-03,1.0,7,sg_arg,sg_total,vs_expected,0.3444032651767973,0.11861360906443937,0.11651703186032396,0.3042744189553928,True,22,90,False,4,2026-04-06 19:05:30.275682,TPC San Antonio - The Oaks Course
2022,2022-04-10,2021-12-26,2022-04-10,770,pga,2022-04-03,1.0,7,sg_ott,sg_ott,vs_expected,0.27200263066565333,0.07398543108903581,0.22073116402124016,0.2119631733819842,True,22,90,False,4,2026-04-06 19:05:30.275682,TPC San Antonio - The Oaks Course
2022,2022-04-10,2021-12-26,2022-04-10,770,pga,2022-04-03,1.0,7,sg_putt,sg_total,vs_expected,0.2373075909981765,0.05631489274535782,0.2876081158860503,0.16905600186573352,True,22,90,False,4,2026-04-06 19:05:30.275682,TPC San Antonio - The Oaks Course
2022,2022-04-10,2021-12-26,2022-04-10,770,pga,2022-04-03,1.0,7,sg_arg,sg_ott,vs_expected,0.19636377735843924,0.038558733058474695,0.38111843602852047,0.12152592163893827,False,22,90,False,4,2026-04-06 19:05:30.275682,TPC San Antonio - The Oaks Course
2022,2022-04-10,2021-12-26,2022-04-10,770,pga,2022-04-03,1.0,7,sg_total,sg_ott,vs_expected,0.1909454469405241,0.0364601637073165,0.38280227045585785,0.11785109631848295,False,23,90,False,4,2026-04-06 19:05:30.275682,TPC San Antonio - The Oaks Course
2022,2022-04-10,2021-12-26,2022-04-10,770,pga,2022-04-03,1.0,7,sg_putt,sg_putt,vs_expected,0.19126928196908127,0.036583938224967916,0.3938379291064167,0.11594018405670702,False,22,90,False,4,2026-04-06 19:05:30.275682,TPC San Antonio - The Oaks Course
2022,2022-04-10,2021-12-26,2022-04-10,770,pga,2022-04-03,1.0,7,sg_total,sg_total,vs_expected,0.17407499531746468,0.03030210399477535,0.42697914553888283,0.09974860255712859,False,23,90,False,4,2026-04-06 19:05:30.275682,TPC San Antonio - The Oaks Course
2022,2022-04-10,2021-12-26,2022-04-10,770,pga,2022-04-03,1.0,7,sg_ott,sg_arg,vs_expected,0.14761896640696195,0.021791359243059763,0.512091504762166,0.07202454776818518,False,22,90,False,4,2026-04-06 19:05:30.275682,TPC San Antonio - The Oaks Course
2022,2022-04-10,2021-12-26,2022-04-10,770,pga,2022-04-03,1.0,7,sg_ott,sg_total,vs_expected,0.13485349150132486,0.018185464170097896,0.5496123375553087,0.06073634880978675,False,22,90,False,4,2026-04-06 19:05:30.275682,TPC San Antonio - The Oaks Course
2022,2022-04-10,2021-12-26,2022-04-10,770,pga,2022-04-03,1.0,7,sg_app,sg_arg,vs_expected,0.09019905362326414,0.008135869274532479,0.689752510593248,0.02798402993348269,False,22,90,False,4,2026-04-06 19:05:30.275682,TPC San Antonio - The Oaks Course
2022,2022-04-10,2021-12-26,2022-04-10,770,pga,2022-04-03,1.0,7,sg_arg,sg_app,vs_expected,0.08782300459261362,0.007712880135674233,0.6975470595729065,0.026562325976178126,False,22,90,False,4,2026-04-06 19:05:30.275682,TPC San Antonio - The Oaks Course
2022,2022-04-10,2021-12-26,2022-04-10,770,pga,2022-04-03,1.0,7,sg_total,sg_arg,vs_expected,0.07679818062886376,0.005897960547903585,0.7276248725725987,0.02091791423497935,False,23,90,False,4,2026-04-06 19:05:30.275682,TPC San Antonio - The Oaks Course
2022,2022-04-10,2021-12-26,2022-04-10,770,pga,2022-04-03,1.0,7,sg_arg,sg_arg,vs_expected,0.07292902728418561,0.00531864302061749,0.747051160664691,0.018447312805387833,False,22,90,False,4,2026-04-06 19:05:30.275682,TPC San Antonio - The Oaks Course
2022,2022-04-10,2021-12-26,2022-04-10,770,pga,2022-04-03,1.0,7,sg_total,sg_app,vs_expected,0.06081512418058846,0.003698479329100395,0.7828174701960824,0.013207982519879603,False,23,90,False,4,2026-04-06 19:05:30.275682,TPC San Antonio - The Oaks Course
2022,2022-04-10,2021-12-26,2022-04-10,770,pga,2022-04-03,1.0,7,sg_total,sg_putt,vs_expected,0.058327923488754485,0.0034021466585099974,0.7915055294945161,0.012161049523472241,False,23,90,False,4,2026-04-06 19:05:30.275682,TPC San Antonio - The Oaks Course
2022,2022-04-10,2021-12-26,2022-04-10,770,pga,2022-04-03,1.0,7,sg_ott,sg_app,vs_expected,0.02720838392776828,0.0007402961559608394,0.9043318218080718,0.002602976521916131,False,22,90,False,4,2026-04-06 19:05:30.275682,TPC San Antonio - The Oaks Course
2022,2022-04-10,2021-12-26,2022-04-10,770,pga,2022-04-03,1.0,7,sg_putt,sg_ott,vs_expected,0.01289552164534466,0.00016629447850555264,0.9545796037845754,0.0005857197025361386,False,22,90,False,4,2026-04-06 19:05:30.275682,TPC San Antonio - The Oaks Course
2022,2022-04-10,2021-12-26,2022-04-10,770,pga,2022-04-03,1.0,7,sg_app,sg_putt,vs_expected,-0.02833989237903635,0.0008031495000553625,0.9003720540401179,-0.0028234452664475085,False,22,90,False,4,2026-04-06 19:05:30.275682,TPC San Antonio - The Oaks Course
2022,2022-04-10,2021-12-26,2022-04-10,770,pga,2022-04-03,1.0,7,sg_ott,sg_putt,vs_expected,-0.09397250592250589,0.008830831869355404,0.6774362861625567,-0.030312120508974635,False,22,90,False,4,2026-04-06 19:05:30.275682,TPC San Antonio - The Oaks Course
2022,2022-04-10,2021-12-26,2022-04-10,770,pga,2022-04-03,1.0,7,sg_app,sg_ott,vs_expected,-0.14216336845632674,0.020210423330849315,0.5279745898144885,-0.06710472230895163,False,22,90,False,4,2026-04-06 19:05:30.275682,TPC San Antonio - The Oaks Course
2022,2022-04-10,2021-12-26,2022-04-10,770,pga,2022-04-03,1.0,7,sg_putt,sg_arg,vs_expected,-0.17399891068826454,0.03027562092070266,0.4386801908809166,-0.0976690353344651,False,22,90,False,4,2026-04-06 19:05:30.275682,TPC San Antonio - The Oaks Course
2022,2022-04-10,2021-12-26,2022-04-10,770,pga,2022-04-03,1.0,7,sg_app,sg_total,vs_expected,-0.20164534453620578,0.04066084497312513,0.36818106219333313,-0.1274033473985249,False,22,90,False,4,2026-04-06 19:05:30.275682,TPC San Antonio - The Oaks Course
2022,2022-04-10,2021-12-26,2022-04-10,770,pga,2022-04-03,1.0,7,sg_app,sg_app,vs_expected,-0.2927708723592055,0.0857147837019702,0.18608361278588534,-0.23829101071212924,False,22,90,False,4,2026-04-06 19:05:30.275682,TPC San Antonio - The Oaks Course
2022,2022-04-10,2021-12-26,2022-04-10,665,pga,2022-03-20,3.0,21,sg_ott,sg_arg,vs_expected,0.427792115953776,0.18300609447220892,0.020616430255074328,0.4189725696315443,True,29,90,False,4,2026-04-06 19:05:30.275682,Innisbrook Resort and Golf Club - Copperhead Course
2022,2022-04-10,2021-12-26,2022-04-10,665,pga,2022-03-20,3.0,21,sg_arg,sg_ott,vs_expected,0.276222988921318,0.07629913960862658,0.14692762423746134,0.23563820139933817,True,29,90,False,4,2026-04-06 19:05:30.275682,Innisbrook Resort and Golf Club - Copperhead Course
2022,2022-04-10,2021-12-26,2022-04-10,665,pga,2022-03-20,3.0,21,sg_ott,sg_total,vs_expected,0.24585856829444122,0.06044643560379242,0.19858605951294947,0.19703448401935275,True,29,90,False,4,2026-04-06 19:05:30.275682,Innisbrook Resort and Golf Club - Copperhead Course
2022,2022-04-10,2021-12-26,2022-04-10,665,pga,2022-03-20,3.0,21,sg_app,sg_arg,vs_expected,0.23426099658691157,0.054878214521892996,0.22127271971257276,0.18242542874954792,True,29,90,False,4,2026-04-06 19:05:30.275682,Innisbrook Resort and Golf Club - Copperhead Course
2022,2022-04-10,2021-12-26,2022-04-10,665,pga,2022-03-20,3.0,21,sg_total,sg_arg,vs_expected,0.17120524277340493,0.02931123515310052,0.37454318343967224,0.10708148612349191,False,29,90,False,4,2026-04-06 19:05:30.275682,Innisbrook Resort and Golf Club - Copperhead Course
2022,2022-04-10,2021-12-26,2022-04-10,665,pga,2022-03-20,3.0,21,sg_app,sg_app,vs_expected,0.08375693214233834,0.00701522368189627,0.6657668062111105,0.027994346931893038,False,29,90,False,4,2026-04-06 19:05:30.275682,Innisbrook Resort and Golf Club - Copperhead Course
2022,2022-04-10,2021-12-26,2022-04-10,665,pga,2022-03-20,3.0,21,sg_arg,sg_total,vs_expected,0.07186422670081138,0.005164467079305612,0.7110418780943686,0.02076575197966699,False,29,90,False,4,2026-04-06 19:05:30.275682,Innisbrook Resort and Golf Club - Copperhead Course
2022,2022-04-10,2021-12-26,2022-04-10,665,pga,2022-03-20,3.0,21,sg_total,sg_total,vs_expected,0.06494004739586172,0.004217209755776766,0.7378638610581008,0.01702313328705513,False,29,90,False,4,2026-04-06 19:05:30.275682,Innisbrook Resort and Golf Club - Copperhead Course
2022,2022-04-10,2021-12-26,2022-04-10,665,pga,2022-03-20,3.0,21,sg_total,sg_ott,vs_expected,0.06059125911091885,0.0036713006806465068,0.7548671681834923,0.01485290692918731,False,29,90,False,4,2026-04-06 19:05:30.275682,Innisbrook Resort and Golf Club - Copperhead Course
2022,2022-04-10,2021-12-26,2022-04-10,665,pga,2022-03-20,3.0,21,sg_putt,sg_arg,vs_expected,0.034140772535570685,0.0011655923493255776,0.8604373811025036,0.004764775626247965,False,29,90,False,4,2026-04-06 19:05:30.275682,Innisbrook Resort and Golf Club - Copperhead Course
2022,2022-04-10,2021-12-26,2022-04-10,665,pga,2022-03-20,3.0,21,sg_app,sg_total,vs_expected,0.0324914154060832,0.0010556920750906605,0.8671190683082811,0.004317489551143004,False,29,90,False,4,2026-04-06 19:05:30.275682,Innisbrook Resort and Golf Club - Copperhead Course
2022,2022-04-10,2021-12-26,2022-04-10,665,pga,2022-03-20,3.0,21,sg_arg,sg_app,vs_expected,0.03018592519320911,0.0009111900797700165,0.8764737357429381,0.0037287545722602517,False,29,90,False,4,2026-04-06 19:05:30.275682,Innisbrook Resort and Golf Club - Copperhead Course
2022,2022-04-10,2021-12-26,2022-04-10,665,pga,2022-03-20,3.0,21,sg_app,sg_ott,vs_expected,0.02884888548425993,0.0008322581936839432,0.8819064039366744,0.0034068686292553292,False,29,90,False,4,2026-04-06 19:05:30.275682,Innisbrook Resort and Golf Club - Copperhead Course
2022,2022-04-10,2021-12-26,2022-04-10,665,pga,2022-03-20,3.0,21,sg_arg,sg_putt,vs_expected,0.02552121664706461,0.0006513324991464077,0.8954496685177776,0.0026682516602802167,False,29,90,False,4,2026-04-06 19:05:30.275682,Innisbrook Resort and Golf Club - Copperhead Course
2022,2022-04-10,2021-12-26,2022-04-10,665,pga,2022-03-20,3.0,21,sg_total,sg_app,vs_expected,0.006688017737153745,4.47295812524831e-05,0.9725325655669279,0.00018370268868249368,False,29,90,False,4,2026-04-06 19:05:30.275682,Innisbrook Resort and Golf Club - Copperhead Course
2022,2022-04-10,2021-12-26,2022-04-10,665,pga,2022-03-20,3.0,21,sg_ott,sg_ott,vs_expected,0.005084955248683583,2.585676988111472e-05,0.9791146400932039,0.00010620112047870836,False,29,90,False,4,2026-04-06 19:05:30.275682,Innisbrook Resort and Golf Club - Copperhead Course
2022,2022-04-10,2021-12-26,2022-04-10,665,pga,2022-03-20,3.0,21,sg_ott,sg_app,vs_expected,-0.011254773661648898,0.00012666993017494574,0.9537928476610639,-0.0005200510411240566,False,29,90,False,4,2026-04-06 19:05:30.275682,Innisbrook Resort and Golf Club - Copperhead Course
2022,2022-04-10,2021-12-26,2022-04-10,665,pga,2022-03-20,3.0,21,sg_ott,sg_putt,vs_expected,-0.01635990970967066,0.00026764664570857636,0.9328728246156547,-0.0010981945283531163,False,29,90,False,4,2026-04-06 19:05:30.275682,Innisbrook Resort and Golf Club - Copperhead Course
2022,2022-04-10,2021-12-26,2022-04-10,665,pga,2022-03-20,3.0,21,sg_putt,sg_putt,vs_expected,-0.05580700376670589,0.003114421669417125,0.7737031161093031,-0.012628951051681927,False,29,90,False,4,2026-04-06 19:05:30.275682,Innisbrook Resort and Golf Club - Copperhead Course
2022,2022-04-10,2021-12-26,2022-04-10,665,pga,2022-03-20,3.0,21,sg_putt,sg_app,vs_expected,-0.0849712109531239,0.007220106690840284,0.6612049269604654,-0.028787827621121316,False,29,90,False,4,2026-04-06 19:05:30.275682,Innisbrook Resort and Golf Club - Copperhead Course
2022,2022-04-10,2021-12-26,2022-04-10,665,pga,2022-03-20,3.0,21,sg_total,sg_putt,vs_expected,-0.1125531533053567,0.012668212318979128,0.5610328714013637,-0.04940713452117454,False,29,90,False,4,2026-04-06 19:05:30.275682,Innisbrook Resort and Golf Club - Copperhead Course
2022,2022-04-10,2021-12-26,2022-04-10,665,pga,2022-03-20,3.0,21,sg_putt,sg_ott,vs_expected,-0.12363333957793135,0.015285202655192086,0.5228499341811442,-0.05899165611701489,False,29,90,False,4,2026-04-06 19:05:30.275682,Innisbrook Resort and Golf Club - Copperhead Course
2022,2022-04-10,2021-12-26,2022-04-10,665,pga,2022-03-20,3.0,21,sg_putt,sg_total,vs_expected,-0.1345573574914504,0.018105682455081984,0.4864822308944771,-0.06909759403574392,False,29,90,False,4,2026-04-06 19:05:30.275682,Innisbrook Resort and Golf Club - Copperhead Course
2022,2022-04-10,2021-12-26,2022-04-10,665,pga,2022-03-20,3.0,21,sg_arg,sg_arg,vs_expected,-0.20106848670631705,0.04042853634636839,0.29561305575375085,-0.14163001693528024,False,29,90,False,4,2026-04-06 19:05:30.275682,Innisbrook Resort and Golf Club - Copperhead Course
2022,2022-04-10,2021-12-26,2022-04-10,665,pga,2022-03-20,3.0,21,sg_app,sg_putt,vs_expected,-0.2095212995437763,0.04389917496251283,0.2753434744937205,-0.15183097694695338,False,29,90,False,4,2026-04-06 19:05:30.275682,Innisbrook Resort and Golf Club - Copperhead Course
2022,2022-04-10,2021-12-26,2022-04-10,11,pga,2022-03-13,4.0,28,sg_app,sg_ott,vs_expected,0.19285326103677963,0.03719238029252026,0.12376715733307926,0.16898436113584311,True,65,90,False,4,2026-04-06 19:05:30.275682,TPC Sawgrass - THE PLAYERS Stadium Course
2022,2022-04-10,2021-12-26,2022-04-10,11,pga,2022-03-13,4.0,28,sg_total,sg_total,vs_expected,0.18475497903226906,0.03413440227721418,0.14065474767868413,0.1587683140741047,True,65,90,False,4,2026-04-06 19:05:30.275682,TPC Sawgrass - THE PLAYERS Stadium Course
2022,2022-04-10,2021-12-26,2022-04-10,11,pga,2022-03-13,4.0,28,sg_total,sg_app,vs_expected,0.13313835860769732,0.01772582253275181,0.29038198490281236,0.09447737776849173,False,65,90,False,4,2026-04-06 19:05:30.275682,TPC Sawgrass - THE PLAYERS Stadium Course
2022,2022-04-10,2021-12-26,2022-04-10,11,pga,2022-03-13,4.0,28,sg_ott,sg_arg,vs_expected,0.1254200745703606,0.015730195105234816,0.3194995777437289,0.08534841370454341,False,65,90,False,4,2026-04-06 19:05:30.275682,TPC Sawgrass - THE PLAYERS Stadium Course
2022,2022-04-10,2021-12-26,2022-04-10,11,pga,2022-03-13,4.0,28,sg_app,sg_total,vs_expected,0.12487571977541227,0.015593945389427292,0.32162120342412287,0.08471304050279065,False,65,90,False,4,2026-04-06 19:05:30.275682,TPC Sawgrass - THE PLAYERS Stadium Course
2022,2022-04-10,2021-12-26,2022-04-10,11,pga,2022-03-13,4.0,28,sg_total,sg_ott,vs_expected,0.10244776306348863,0.010495544156712704,0.416749265812783,0.0597527330226178,False,65,90,False,4,2026-04-06 19:05:30.275682,TPC Sawgrass - THE PLAYERS Stadium Course
2022,2022-04-10,2021-12-26,2022-04-10,11,pga,2022-03-13,4.0,28,sg_ott,sg_total,vs_expected,0.09822999946134972,0.009649132794176767,0.43628934659932306,0.05537329717990559,False,65,90,False,4,2026-04-06 19:05:30.275682,TPC Sawgrass - THE PLAYERS Stadium Course
2022,2022-04-10,2021-12-26,2022-04-10,11,pga,2022-03-13,4.0,28,sg_app,sg_putt,vs_expected,0.07297995386561229,0.005326073666226898,0.5634410747975747,0.03186005022089429,False,65,90,False,4,2026-04-06 19:05:30.275682,TPC Sawgrass - THE PLAYERS Stadium Course
2022,2022-04-10,2021-12-26,2022-04-10,11,pga,2022-03-13,4.0,28,sg_app,sg_app,vs_expected,0.07121394429560793,0.005071425862137949,0.5729437501399709,0.030412359988623332,False,65,90,False,4,2026-04-06 19:05:30.275682,TPC Sawgrass - THE PLAYERS Stadium Course
2022,2022-04-10,2021-12-26,2022-04-10,11,pga,2022-03-13,4.0,28,sg_putt,sg_total,vs_expected,0.07033285803614442,0.004946710919532445,0.5777123476023308,0.029700697506501967,False,65,90,False,4,2026-04-06 19:05:30.275682,TPC Sawgrass - THE PLAYERS Stadium Course
2022,2022-04-10,2021-12-26,2022-04-10,11,pga,2022-03-13,4.0,28,sg_total,sg_arg,vs_expected,0.06116104550011042,0.003740673486666577,0.6283986733876048,0.0227275256448421,False,65,90,False,4,2026-04-06 19:05:30.275682,TPC Sawgrass - THE PLAYERS Stadium Course
2022,2022-04-10,2021-12-26,2022-04-10,11,pga,2022-03-13,4.0,28,sg_ott,sg_app,vs_expected,0.05720030263646464,0.0032718746217031435,0.6508466069678341,0.019971679747988372,False,65,90,False,4,2026-04-06 19:05:30.275682,TPC Sawgrass - THE PLAYERS Stadium Course
2022,2022-04-10,2021-12-26,2022-04-10,11,pga,2022-03-13,4.0,28,sg_putt,sg_app,vs_expected,0.056955974977222774,0.003243983085606027,0.6522418018705133,0.019806907230787124,False,65,90,False,4,2026-04-06 19:05:30.275682,TPC Sawgrass - THE PLAYERS Stadium Course
2022,2022-04-10,2021-12-26,2022-04-10,11,pga,2022-03-13,4.0,28,sg_total,sg_putt,vs_expected,0.055331609125887325,0.0030615869684599774,0.6615475126982399,0.018727120735065335,False,65,90,False,4,2026-04-06 19:05:30.275682,TPC Sawgrass - THE PLAYERS Stadium Course
2022,2022-04-10,2021-12-26,2022-04-10,11,pga,2022-03-13,4.0,28,sg_putt,sg_arg,vs_expected,0.036169659079842834,0.0013082442379520572,0.7748439995396416,0.008143815776432101,False,65,90,False,4,2026-04-06 19:05:30.275682,TPC Sawgrass - THE PLAYERS Stadium Course
2022,2022-04-10,2021-12-26,2022-04-10,11,pga,2022-03-13,4.0,28,sg_arg,sg_app,vs_expected,0.025996228939563784,0.0006758039190782136,0.8371375121540929,0.004233810519709124,False,65,90,False,4,2026-04-06 19:05:30.275682,TPC Sawgrass - THE PLAYERS Stadium Course
2022,2022-04-10,2021-12-26,2022-04-10,11,pga,2022-03-13,4.0,28,sg_ott,sg_putt,vs_expected,0.01975269255868828,0.0003901688633180593,0.8758938996891088,0.0024514296440987615,False,65,90,False,4,2026-04-06 19:05:30.275682,TPC Sawgrass - THE PLAYERS Stadium Course
2022,2022-04-10,2021-12-26,2022-04-10,11,pga,2022-03-13,4.0,28,sg_putt,sg_putt,vs_expected,0.018526857922477102,0.0003432444644796526,0.8835404223499461,0.002157630048834238,False,65,90,False,4,2026-04-06 19:05:30.275682,TPC Sawgrass - THE PLAYERS Stadium Course
2022,2022-04-10,2021-12-26,2022-04-10,11,pga,2022-03-13,4.0,28,sg_ott,sg_ott,vs_expected,0.0006218967482443452,3.8675556547689046e-07,0.9960771328921143,2.439618298188814e-06,False,65,90,False,4,2026-04-06 19:05:30.275682,TPC Sawgrass - THE PLAYERS Stadium Course
2022,2022-04-10,2021-12-26,2022-04-10,11,pga,2022-03-13,4.0,28,sg_putt,sg_ott,vs_expected,-0.021055383908041417,0.00044332919151500943,0.8677803492497026,-0.002783935506734668,False,65,90,False,4,2026-04-06 19:05:30.275682,TPC Sawgrass - THE PLAYERS Stadium Course
2022,2022-04-10,2021-12-26,2022-04-10,11,pga,2022-03-13,4.0,28,sg_arg,sg_putt,vs_expected,-0.024101534234256306,0.0005808839524450287,0.8488623997552001,-0.0036426480463833903,False,65,90,False,4,2026-04-06 19:05:30.275682,TPC Sawgrass - THE PLAYERS Stadium Course
2022,2022-04-10,2021-12-26,2022-04-10,11,pga,2022-03-13,4.0,28,sg_app,sg_arg,vs_expected,-0.04087146805649226,0.0016704769010928674,0.7465000562299957,-0.010360914854118315,False,65,90,False,4,2026-04-06 19:05:30.275682,TPC Sawgrass - THE PLAYERS Stadium Course
2022,2022-04-10,2021-12-26,2022-04-10,11,pga,2022-03-13,4.0,28,sg_arg,sg_arg,vs_expected,-0.08661158504008792,0.0075015666631563825,0.4926962282901901,-0.04393838376460155,False,65,90,False,4,2026-04-06 19:05:30.275682,TPC Sawgrass - THE PLAYERS Stadium Course
2022,2022-04-10,2021-12-26,2022-04-10,11,pga,2022-03-13,4.0,28,sg_arg,sg_total,vs_expected,-0.10491078053261854,0.011006271871963253,0.4055756167483109,-0.06236152601455509,False,65,90,False,4,2026-04-06 19:05:30.275682,TPC Sawgrass - THE PLAYERS Stadium Course
2022,2022-04-10,2021-12-26,2022-04-10,11,pga,2022-03-13,4.0,28,sg_arg,sg_ott,vs_expected,-0.13420795535376587,0.018011775280238413,0.28648901501419793,-0.09575885041739604,False,65,90,False,4,2026-04-06 19:05:30.275682,TPC Sawgrass - THE PLAYERS Stadium Course
2022,2022-04-10,2021-12-26,2022-04-10,9,pga,2022-03-06,5.0,35,sg_putt,sg_app,vs_expected,0.21211508896544318,0.04499281096681788,0.1391856885893697,0.18259170424759258,True,50,90,False,4,2026-04-06 19:05:30.275682,Arnold Palmer's Bay Hill Club & Lodge
2022,2022-04-10,2021-12-26,2022-04-10,9,pga,2022-03-06,5.0,35,sg_app,sg_ott,vs_expected,0.13193662749695517,0.01740727367527031,0.36106496736748017,0.08429893339519166,False,50,90,False,4,2026-04-06 19:05:30.275682,Arnold Palmer's Bay Hill Club & Lodge
2022,2022-04-10,2021-12-26,2022-04-10,9,pga,2022-03-06,5.0,35,sg_putt,sg_total,vs_expected,0.055272632130994315,0.0030550638626882253,0.7030230717084816,0.016414696508849778,False,50,90,False,4,2026-04-06 19:05:30.275682,Arnold Palmer's Bay Hill Club & Lodge
2022,2022-04-10,2021-12-26,2022-04-10,9,pga,2022-03-06,5.0,35,sg_app,sg_arg,vs_expected,0.04589947000609359,0.002106761346840285,0.7516107857190476,0.011400933290725728,False,50,90,False,4,2026-04-06 19:05:30.275682,Arnold Palmer's Bay Hill Club & Lodge
2022,2022-04-10,2021-12-26,2022-04-10,9,pga,2022-03-06,5.0,35,sg_arg,sg_putt,vs_expected,0.017284988381270655,0.00029877082334066156,0.9051638264608657,0.0016392421577481042,False,50,90,False,4,2026-04-06 19:05:30.275682,Arnold Palmer's Bay Hill Club & Lodge
2022,2022-04-10,2021-12-26,2022-04-10,9,pga,2022-03-06,5.0,35,sg_app,sg_putt,vs_expected,-0.003531830249197017,1.2473824909143063e-05,0.9805796441331981,-6.858940030054173e-05,False,50,90,False,4,2026-04-06 19:05:30.275682,Arnold Palmer's Bay Hill Club & Lodge
2022,2022-04-10,2021-12-26,2022-04-10,9,pga,2022-03-06,5.0,35,sg_putt,sg_putt,vs_expected,-0.013100364905078155,0.00017161956064620337,0.9280532576373556,-0.0009425285786822868,False,50,90,False,4,2026-04-06 19:05:30.275682,Arnold Palmer's Bay Hill Club & Lodge
2022,2022-04-10,2021-12-26,2022-04-10,9,pga,2022-03-06,5.0,35,sg_total,sg_arg,vs_expected,-0.02046979359188523,0.00041901244969438554,0.8877932887486486,-0.002296848218939429,False,50,90,False,4,2026-04-06 19:05:30.275682,Arnold Palmer's Bay Hill Club & Lodge
2022,2022-04-10,2021-12-26,2022-04-10,9,pga,2022-03-06,5.0,35,sg_total,sg_putt,vs_expected,-0.03335221978656844,0.0011123705646915673,0.8181424702578021,-0.006065352301804192,False,50,90,False,4,2026-04-06 19:05:30.275682,Arnold Palmer's Bay Hill Club & Lodge
2022,2022-04-10,2021-12-26,2022-04-10,9,pga,2022-03-06,5.0,35,sg_ott,sg_arg,vs_expected,-0.036175007339023194,0.0013086311559783819,0.8030454242256297,-0.007124833224092044,False,50,90,False,4,2026-04-06 19:05:30.275682,Arnold Palmer's Bay Hill Club & Lodge
2022,2022-04-10,2021-12-26,2022-04-10,9,pga,2022-03-06,5.0,35,sg_app,sg_total,vs_expected,-0.0397148192842401,0.0015772668707798494,0.7842142701019574,-0.008569891267018606,False,50,90,False,4,2026-04-06 19:05:30.275682,Arnold Palmer's Bay Hill Club & Lodge
2022,2022-04-10,2021-12-26,2022-04-10,9,pga,2022-03-06,5.0,35,sg_putt,sg_arg,vs_expected,-0.043562970465792966,0.0018977323958035502,0.763881054123263,-0.010286042665642462,False,50,90,False,4,2026-04-06 19:05:30.275682,Arnold Palmer's Bay Hill Club & Lodge
2022,2022-04-10,2021-12-26,2022-04-10,9,pga,2022-03-06,5.0,35,sg_ott,sg_putt,vs_expected,-0.05165556114170965,0.0026682969968649037,0.7216462367424739,-0.014378519836974114,False,50,90,False,4,2026-04-06 19:05:30.275682,Arnold Palmer's Bay Hill Club & Lodge
2022,2022-04-10,2021-12-26,2022-04-10,9,pga,2022-03-06,5.0,35,sg_putt,sg_ott,vs_expected,-0.06764491766240058,0.004575834885552954,0.6406723573522589,-0.024306688800730943,False,50,90,False,4,2026-04-06 19:05:30.275682,Arnold Palmer's Bay Hill Club & Lodge
2022,2022-04-10,2021-12-26,2022-04-10,9,pga,2022-03-06,5.0,35,sg_total,sg_total,vs_expected,-0.07284004251898851,0.005305671794168055,0.6114802409322637,-0.028299795769961084,False,51,90,False,4,2026-04-06 19:05:30.275682,Arnold Palmer's Bay Hill Club & Lodge
2022,2022-04-10,2021-12-26,2022-04-10,9,pga,2022-03-06,5.0,35,sg_arg,sg_app,vs_expected,-0.08901433730539801,0.007923552245919173,0.5387339378946335,-0.04105929283977976,False,50,90,False,4,2026-04-06 19:05:30.275682,Arnold Palmer's Bay Hill Club & Lodge
2022,2022-04-10,2021-12-26,2022-04-10,9,pga,2022-03-06,5.0,35,sg_arg,sg_arg,vs_expected,-0.08924097312113345,0.007963951283606864,0.5376964993884448,-0.0412564142718817,False,50,90,False,4,2026-04-06 19:05:30.275682,Arnold Palmer's Bay Hill Club & Lodge
2022,2022-04-10,2021-12-26,2022-04-10,9,pga,2022-03-06,5.0,35,sg_total,sg_ott,vs_expected,-0.10780755056506512,0.011622467958839073,0.45614518290530703,-0.058631655693990356,False,50,90,False,4,2026-04-06 19:05:30.275682,Arnold Palmer's Bay Hill Club & Lodge
2022,2022-04-10,2021-12-26,2022-04-10,9,pga,2022-03-06,5.0,35,sg_arg,sg_total,vs_expected,-0.132630008833864,0.017590719243270842,0.35852439695547156,-0.08507891489850404,False,50,90,False,4,2026-04-06 19:05:30.275682,Arnold Palmer's Bay Hill Club & Lodge
2022,2022-04-10,2021-12-26,2022-04-10,9,pga,2022-03-06,5.0,35,sg_total,sg_app,vs_expected,-0.14194753018058717,0.020149101324368705,0.3254478216177424,-0.09575101569929634,False,50,90,False,4,2026-04-06 19:05:30.275682,Arnold Palmer's Bay Hill Club & Lodge
2022,2022-04-10,2021-12-26,2022-04-10,9,pga,2022-03-06,5.0,35,sg_arg,sg_ott,vs_expected,-0.16303662872734498,0.02658094230677813,0.25793998742439356,-0.1209829627636981,False,50,90,False,4,2026-04-06 19:05:30.275682,Arnold Palmer's Bay Hill Club & Lodge
2022,2022-04-10,2021-12-26,2022-04-10,9,pga,2022-03-06,5.0,35,sg_app,sg_app,vs_expected,-0.2041805419494074,0.04168969371075372,0.1549419005032301,-0.17254442073398674,False,50,90,False,4,2026-04-06 19:05:30.275682,Arnold Palmer's Bay Hill Club & Lodge
2022,2022-04-10,2021-12-26,2022-04-10,9,pga,2022-03-06,5.0,35,sg_ott,sg_ott,vs_expected,-0.2484178790466193,0.06171144263002078,0.0819408251604489,-0.22806231305293073,False,50,90,False,4,2026-04-06 19:05:30.275682,Arnold Palmer's Bay Hill Club & Lodge
2022,2022-04-10,2021-12-26,2022-04-10,9,pga,2022-03-06,5.0,35,sg_ott,sg_total,vs_expected,-0.351030406413847,0.12322234622707058,0.012437545882276928,-0.3466644496280004,False,50,90,False,4,2026-04-06 19:05:30.275682,Arnold Palmer's Bay Hill Club & Lodge
2022,2022-04-10,2021-12-26,2022-04-10,9,pga,2022-03-06,5.0,35,sg_ott,sg_app,vs_expected,-0.3961757198269086,0.15695520098036916,0.004398327512080757,-0.39443320925877545,False,50,90,False,4,2026-04-06 19:05:30.275682,Arnold Palmer's Bay Hill Club & Lodge
2022,2022-04-10,2021-12-26,2022-04-10,734,pga,2022-02-27,6.0,42,sg_total,sg_arg,vs_expected,0.36646151008827965,0.13429403837618228,0.046392251286666054,0.3494605356253731,True,30,90,False,4,2026-04-06 19:05:30.275682,PGA National Resort (The Champion)
2022,2022-04-10,2021-12-26,2022-04-10,734,pga,2022-02-27,6.0,42,sg_ott,sg_total,vs_expected,0.3640711491836859,0.13254780166792965,0.047946891946972325,0.34661506913276563,True,30,90,False,4,2026-04-06 19:05:30.275682,PGA National Resort (The Champion)
2022,2022-04-10,2021-12-26,2022-04-10,734,pga,2022-02-27,6.0,42,sg_putt,sg_ott,vs_expected,0.3244074664845513,0.10524020431092529,0.08029011389867877,0.2983607540509249,True,30,90,False,4,2026-04-06 19:05:30.275682,PGA National Resort (The Champion)
2022,2022-04-10,2021-12-26,2022-04-10,734,pga,2022-02-27,6.0,42,sg_putt,sg_arg,vs_expected,0.30198563026045966,0.09119532088380705,0.10482838125659374,0.27032896547750346,True,30,90,False,4,2026-04-06 19:05:30.275682,PGA National Resort (The Champion)
2022,2022-04-10,2021-12-26,2022-04-10,734,pga,2022-02-27,6.0,42,sg_total,sg_total,vs_expected,0.2848225368743596,0.08112387751154593,0.12712291803755751,0.24861506486403118,True,30,90,False,4,2026-04-06 19:05:30.275682,PGA National Resort (The Champion)
2022,2022-04-10,2021-12-26,2022-04-10,734,pga,2022-02-27,6.0,42,sg_total,sg_ott,vs_expected,0.2728811545216235,0.07446412449305415,0.144571205731027,0.2334303969911577,True,30,90,False,4,2026-04-06 19:05:30.275682,PGA National Resort (The Champion)
2022,2022-04-10,2021-12-26,2022-04-10,734,pga,2022-02-27,6.0,42,sg_ott,sg_app,vs_expected,0.25872923573531637,0.06694081742418091,0.16741969639446286,0.21541286564013828,True,30,90,False,4,2026-04-06 19:05:30.275682,PGA National Resort (The Champion)
2022,2022-04-10,2021-12-26,2022-04-10,734,pga,2022-02-27,6.0,42,sg_ott,sg_arg,vs_expected,0.231965958610877,0.0538082059542631,0.21740725902578706,0.18153487536199706,True,30,90,False,4,2026-04-06 19:05:30.275682,PGA National Resort (The Champion)
2022,2022-04-10,2021-12-26,2022-04-10,734,pga,2022-02-27,6.0,42,sg_app,sg_arg,vs_expected,0.21507897097336673,0.04625896375496233,0.25370356299793995,0.16051266971149308,True,30,90,False,4,2026-04-06 19:05:30.275682,PGA National Resort (The Champion)
2022,2022-04-10,2021-12-26,2022-04-10,734,pga,2022-02-27,6.0,42,sg_putt,sg_total,vs_expected,0.19215367400725863,0.03692303443448782,0.30902614322296085,0.1327731652226734,False,30,90,False,4,2026-04-06 19:05:30.275682,PGA National Resort (The Champion)
2022,2022-04-10,2021-12-26,2022-04-10,734,pga,2022-02-27,6.0,42,sg_ott,sg_ott,vs_expected,0.14243931017579736,0.02028895708335701,0.4527353146178717,0.07795200426940514,False,30,90,False,4,2026-04-06 19:05:30.275682,PGA National Resort (The Champion)
2022,2022-04-10,2021-12-26,2022-04-10,734,pga,2022-02-27,6.0,42,sg_total,sg_app,vs_expected,0.1325746857831405,0.017576047310498433,0.4849403133978374,0.06828387611084452,False,30,90,False,4,2026-04-06 19:05:30.275682,PGA National Resort (The Champion)
2022,2022-04-10,2021-12-26,2022-04-10,734,pga,2022-02-27,6.0,42,sg_arg,sg_ott,vs_expected,0.1072204442478039,0.011496223664696424,0.5727906181543044,0.04580557970832517,False,30,90,False,4,2026-04-06 19:05:30.275682,PGA National Resort (The Champion)
2022,2022-04-10,2021-12-26,2022-04-10,734,pga,2022-02-27,6.0,42,sg_app,sg_total,vs_expected,0.09869236310937955,0.009740182536113622,0.6038578502282683,0.03909620488820196,False,30,90,False,4,2026-04-06 19:05:30.275682,PGA National Resort (The Champion)
2022,2022-04-10,2021-12-26,2022-04-10,734,pga,2022-02-27,6.0,42,sg_ott,sg_putt,vs_expected,0.09821162268467498,0.009645522830356966,0.6056302514241714,0.03873169294537942,False,30,90,False,4,2026-04-06 19:05:30.275682,PGA National Resort (The Champion)
2022,2022-04-10,2021-12-26,2022-04-10,734,pga,2022-02-27,6.0,42,sg_arg,sg_app,vs_expected,0.08325407937080156,0.006931241731879726,0.6618315279656541,0.02815390481145012,False,30,90,False,4,2026-04-06 19:05:30.275682,PGA National Resort (The Champion)
2022,2022-04-10,2021-12-26,2022-04-10,734,pga,2022-02-27,6.0,42,sg_app,sg_app,vs_expected,0.06992612405475424,0.004889662825320879,0.7134871322200771,0.020034734335662288,False,30,90,False,4,2026-04-06 19:05:30.275682,PGA National Resort (The Champion)
2022,2022-04-10,2021-12-26,2022-04-10,734,pga,2022-02-27,6.0,42,sg_arg,sg_arg,vs_expected,0.026828064854262805,0.0007197450638245311,0.8880875259611667,0.0030023951115148227,False,30,90,False,4,2026-04-06 19:05:30.275682,PGA National Resort (The Champion)
2022,2022-04-10,2021-12-26,2022-04-10,734,pga,2022-02-27,6.0,42,sg_app,sg_ott,vs_expected,0.011406483109883247,0.0001301078569360518,0.9522966122095209,0.0005441278871163107,False,30,90,False,4,2026-04-06 19:05:30.275682,PGA National Resort (The Champion)
2022,2022-04-10,2021-12-26,2022-04-10,734,pga,2022-02-27,6.0,42,sg_arg,sg_total,vs_expected,-0.0013095451075433029,1.7149083886906008e-06,0.9945202656379397,-7.175959324472968e-06,False,30,90,False,4,2026-04-06 19:05:30.275682,PGA National Resort (The Champion)
2022,2022-04-10,2021-12-26,2022-04-10,734,pga,2022-02-27,6.0,42,sg_putt,sg_app,vs_expected,-0.010811914358687447,0.00011689749209959178,0.9547805880434292,-0.0004889084094246501,False,30,90,False,4,2026-04-06 19:05:30.275682,PGA National Resort (The Champion)
2022,2022-04-10,2021-12-26,2022-04-10,734,pga,2022-02-27,6.0,42,sg_putt,sg_putt,vs_expected,-0.036081486950760175,0.0013018737005778768,0.8498652526341931,-0.005417084927935037,False,30,90,False,4,2026-04-06 19:05:30.275682,PGA National Resort (The Champion)
2022,2022-04-10,2021-12-26,2022-04-10,734,pga,2022-02-27,6.0,42,sg_app,sg_putt,vs_expected,-0.03883241043419139,0.0015079561001294962,0.8385623354006826,-0.006269013651258024,False,30,90,False,4,2026-04-06 19:05:30.275682,PGA National Resort (The Champion)
2022,2022-04-10,2021-12-26,2022-04-10,734,pga,2022-02-27,6.0,42,sg_total,sg_putt,vs_expected,-0.06166081358976938,0.0038020559325522884,0.7461744984342455,-0.0156510869363757,False,30,90,False,4,2026-04-06 19:05:30.275682,PGA National Resort (The Champion)
2022,2022-04-10,2021-12-26,2022-04-10,734,pga,2022-02-27,6.0,42,sg_arg,sg_putt,vs_expected,-0.16253612816274965,0.02641799295813778,0.3908117206317639,-0.09901510425064057,False,30,90,False,4,2026-04-06 19:05:30.275682,PGA National Resort (The Champion)
2022,2022-04-10,2021-12-26,2022-04-10,500,pga,2022-02-20,7.0,49,sg_total,sg_arg,vs_expected,0.16742519265422062,0.028031195135302892,0.24026507545038078,0.12719876610885977,False,51,90,False,4,2026-04-06 19:05:30.275682,The Riviera Country Club
2022,2022-04-10,2021-12-26,2022-04-10,500,pga,2022-02-20,7.0,49,sg_ott,sg_arg,vs_expected,0.15847089068333933,0.025113023193970886,0.2667025061339275,0.11620630698881708,False,51,90,False,4,2026-04-06 19:05:30.275682,The Riviera Country Club
2022,2022-04-10,2021-12-26,2022-04-10,500,pga,2022-02-20,7.0,49,sg_putt,sg_arg,vs_expected,0.10660971271941129,0.011365630846115405,0.4565154648763475,0.057940730156975394,False,51,90,False,4,2026-04-06 19:05:30.275682,The Riviera Country Club
2022,2022-04-10,2021-12-26,2022-04-10,500,pga,2022-02-20,7.0,49,sg_app,sg_arg,vs_expected,0.06103605011024679,0.0037253994130605574,0.6704900247189889,0.020111987363077975,False,51,90,False,4,2026-04-06 19:05:30.275682,The Riviera Country Club
2022,2022-04-10,2021-12-26,2022-04-10,500,pga,2022-02-20,7.0,49,sg_app,sg_app,vs_expected,0.038141114958081555,0.0014547446502455926,0.7904502124487178,0.00799246253643502,False,51,90,False,4,2026-04-06 19:05:30.275682,The Riviera Country Club
2022,2022-04-10,2021-12-26,2022-04-10,500,pga,2022-02-20,7.0,49,sg_arg,sg_arg,vs_expected,0.012161598948971564,0.00014790448899562624,0.9324990028549963,0.0008209200559332093,False,51,90,False,4,2026-04-06 19:05:30.275682,The Riviera Country Club
2022,2022-04-10,2021-12-26,2022-04-10,500,pga,2022-02-20,7.0,49,sg_app,sg_total,vs_expected,-0.008264398096094947,6.830027589073779e-05,0.9541011942934495,-0.0003793260024942476,False,51,90,False,4,2026-04-06 19:05:30.275682,The Riviera Country Club
2022,2022-04-10,2021-12-26,2022-04-10,500,pga,2022-02-20,7.0,49,sg_total,sg_app,vs_expected,-0.051186061523250635,0.002620012894261999,0.7213063971687208,-0.014265227900658234,False,51,90,False,4,2026-04-06 19:05:30.275682,The Riviera Country Club
2022,2022-04-10,2021-12-26,2022-04-10,500,pga,2022-02-20,7.0,49,sg_putt,sg_app,vs_expected,-0.05654257118591803,0.003197062356314608,0.693507411098028,-0.01732987902594606,False,51,90,False,4,2026-04-06 19:05:30.275682,The Riviera Country Club
2022,2022-04-10,2021-12-26,2022-04-10,500,pga,2022-02-20,7.0,49,sg_ott,sg_putt,vs_expected,-0.062127364339082,0.003859809399721038,0.6649438456469349,-0.020816155775544572,False,51,90,False,4,2026-04-06 19:05:30.275682,The Riviera Country Club
2022,2022-04-10,2021-12-26,2022-04-10,500,pga,2022-02-20,7.0,49,sg_arg,sg_app,vs_expected,-0.06324277747655505,0.003999648902949058,0.6592934999153968,-0.021547225369666446,False,51,90,False,4,2026-04-06 19:05:30.275682,The Riviera Country Club
2022,2022-04-10,2021-12-26,2022-04-10,500,pga,2022-02-20,7.0,49,sg_total,sg_total,vs_expected,-0.0660620935939497,0.00436420021001577,0.6450960214341946,-0.02344569984887935,False,51,90,False,4,2026-04-06 19:05:30.275682,The Riviera Country Club
2022,2022-04-10,2021-12-26,2022-04-10,500,pga,2022-02-20,7.0,49,sg_app,sg_putt,vs_expected,-0.07949473251308455,0.006319412497326861,0.5792294334516871,-0.033449043637137174,False,51,90,False,4,2026-04-06 19:05:30.275682,The Riviera Country Club
2022,2022-04-10,2021-12-26,2022-04-10,500,pga,2022-02-20,7.0,49,sg_arg,sg_ott,vs_expected,-0.08881557685303235,0.007888206691736895,0.5354075754764921,-0.041263044185604246,False,51,90,False,4,2026-04-06 19:05:30.275682,The Riviera Country Club
2022,2022-04-10,2021-12-26,2022-04-10,500,pga,2022-02-20,7.0,49,sg_arg,sg_total,vs_expected,-0.09681222823920019,0.00937260753663899,0.4991500414622159,-0.048488400499553906,False,51,90,False,4,2026-04-06 19:05:30.275682,The Riviera Country Club
2022,2022-04-10,2021-12-26,2022-04-10,500,pga,2022-02-20,7.0,49,sg_ott,sg_app,vs_expected,-0.09705325020981515,0.009419333376288983,0.4980772103932435,-0.04871323808571294,False,51,90,False,4,2026-04-06 19:05:30.275682,The Riviera Country Club
2022,2022-04-10,2021-12-26,2022-04-10,500,pga,2022-02-20,7.0,49,sg_ott,sg_total,vs_expected,-0.0976245576665913,0.00953055425959761,0.4955389773789457,-0.04924778419341673,False,51,90,False,4,2026-04-06 19:05:30.275682,The Riviera Country Club
2022,2022-04-10,2021-12-26,2022-04-10,500,pga,2022-02-20,7.0,49,sg_app,sg_ott,vs_expected,-0.10112486514471687,0.010226238350537173,0.4801349229351498,-0.05257128581163082,False,51,90,False,4,2026-04-06 19:05:30.275682,The Riviera Country Club
2022,2022-04-10,2021-12-26,2022-04-10,500,pga,2022-02-20,7.0,49,sg_putt,sg_total,vs_expected,-0.10372927627474597,0.010759762756482577,0.46883982734541463,-0.055096860295429255,False,51,90,False,4,2026-04-06 19:05:30.275682,The Riviera Country Club
2022,2022-04-10,2021-12-26,2022-04-10,500,pga,2022-02-20,7.0,49,sg_putt,sg_putt,vs_expected,-0.10853129533134868,0.011779042066300429,0.4483928752896588,-0.05986663575881412,False,51,90,False,4,2026-04-06 19:05:30.275682,The Riviera Country Club
2022,2022-04-10,2021-12-26,2022-04-10,500,pga,2022-02-20,7.0,49,sg_arg,sg_putt,vs_expected,-0.14764570589594572,0.0217992544695121,0.3011635382302047,-0.10318020270382651,False,51,90,False,4,2026-04-06 19:05:30.275682,The Riviera Country Club
2022,2022-04-10,2021-12-26,2022-04-10,500,pga,2022-02-20,7.0,49,sg_putt,sg_ott,vs_expected,-0.1517759342398839,0.02303593421438956,0.28769111014493315,-0.10811134722512733,False,51,90,False,4,2026-04-06 19:05:30.275682,The Riviera Country Club
2022,2022-04-10,2021-12-26,2022-04-10,500,pga,2022-02-20,7.0,49,sg_total,sg_putt,vs_expected,-0.1597164723205505,0.025509351530521175,0.26291328880687465,-0.11772488930612242,False,51,90,False,4,2026-04-06 19:05:30.275682,The Riviera Country Club
2022,2022-04-10,2021-12-26,2022-04-10,500,pga,2022-02-20,7.0,49,sg_total,sg_ott,vs_expected,-0.1824626261859082,0.03329260995465847,0.20000784729319812,-0.14596866911100118,False,51,90,False,4,2026-04-06 19:05:30.275682,The Riviera Country Club
2022,2022-04-10,2021-12-26,2022-04-10,500,pga,2022-02-20,7.0,49,sg_ott,sg_ott,vs_expected,-0.194047689705277,0.03765450587995547,0.1724315822899793,-0.16058773952968114,False,51,90,False,4,2026-04-06 19:05:30.275682,The Riviera Country Club
2022,2022-04-10,2021-12-26,2022-04-10,510,pga,2022-02-13,8.0,56,sg_putt,sg_app,vs_expected,0.35702832066908513,0.1274692217597871,0.020283589892833513,0.3497865046325063,True,42,90,False,4,2026-04-06 19:05:30.275682,TPC Scottsdale (Stadium Course)
2022,2022-04-10,2021-12-26,2022-04-10,510,pga,2022-02-13,8.0,56,sg_arg,sg_ott,vs_expected,0.22277698667700435,0.04962958579288618,0.1561669192679242,0.18798659098386516,True,42,90,False,4,2026-04-06 19:05:30.275682,TPC Scottsdale (Stadium Course)
2022,2022-04-10,2021-12-26,2022-04-10,510,pga,2022-02-13,8.0,56,sg_total,sg_app,vs_expected,0.19927424269446808,0.03971022380145377,0.20579779710792462,0.15826404252759663,True,42,90,False,4,2026-04-06 19:05:30.275682,TPC Scottsdale (Stadium Course)
2022,2022-04-10,2021-12-26,2022-04-10,510,pga,2022-02-13,8.0,56,sg_app,sg_ott,vs_expected,0.18683523449248876,0.03490740484786326,0.2361136435699568,0.14272088652921996,False,42,90,False,4,2026-04-06 19:05:30.275682,TPC Scottsdale (Stadium Course)
2022,2022-04-10,2021-12-26,2022-04-10,510,pga,2022-02-13,8.0,56,sg_total,sg_ott,vs_expected,0.12893395972929217,0.016623965971474735,0.4157735316412352,0.07532663194415556,False,42,90,False,4,2026-04-06 19:05:30.275682,TPC Scottsdale (Stadium Course)
2022,2022-04-10,2021-12-26,2022-04-10,510,pga,2022-02-13,8.0,56,sg_total,sg_arg,vs_expected,0.12868646260380195,0.016560205657479718,0.4166766955032446,0.0750658126100479,False,42,90,False,4,2026-04-06 19:05:30.275682,TPC Scottsdale (Stadium Course)
2022,2022-04-10,2021-12-26,2022-04-10,510,pga,2022-02-13,8.0,56,sg_arg,sg_total,vs_expected,0.10091934191992188,0.010184713573550103,0.5248278788071971,0.04795405776947104,False,42,90,False,4,2026-04-06 19:05:30.275682,TPC Scottsdale (Stadium Course)
2022,2022-04-10,2021-12-26,2022-04-10,510,pga,2022-02-13,8.0,56,sg_putt,sg_arg,vs_expected,0.09602992316152154,0.00922174614240773,0.5452027172837541,0.04367414811330988,False,42,90,False,4,2026-04-06 19:05:30.275682,TPC Scottsdale (Stadium Course)
2022,2022-04-10,2021-12-26,2022-04-10,510,pga,2022-02-13,8.0,56,sg_app,sg_arg,vs_expected,0.0935446223035662,0.008750596361916853,0.5557019973194848,0.041561688850977635,False,42,90,False,4,2026-04-06 19:05:30.275682,TPC Scottsdale (Stadium Course)
2022,2022-04-10,2021-12-26,2022-04-10,510,pga,2022-02-13,8.0,56,sg_arg,sg_app,vs_expected,0.08995566998080849,0.00809202256169613,0.5710291258065331,0.038588362390326425,False,42,90,False,4,2026-04-06 19:05:30.275682,TPC Scottsdale (Stadium Course)
2022,2022-04-10,2021-12-26,2022-04-10,510,pga,2022-02-13,8.0,56,sg_putt,sg_total,vs_expected,0.08036970809678944,0.0064592899795631415,0.6128873213995077,0.031112132979687828,False,42,90,False,4,2026-04-06 19:05:30.275682,TPC Scottsdale (Stadium Course)
2022,2022-04-10,2021-12-26,2022-04-10,510,pga,2022-02-13,8.0,56,sg_total,sg_total,vs_expected,0.05143516708438594,0.002645576412998699,0.7463222640783961,0.01304795673271643,False,42,90,False,4,2026-04-06 19:05:30.275682,TPC Scottsdale (Stadium Course)
2022,2022-04-10,2021-12-26,2022-04-10,510,pga,2022-02-13,8.0,56,sg_ott,sg_arg,vs_expected,0.03771835058906364,0.0014226739711595176,0.8125402613937149,0.007070672142086089,False,42,90,False,4,2026-04-06 19:05:30.275682,TPC Scottsdale (Stadium Course)
2022,2022-04-10,2021-12-26,2022-04-10,510,pga,2022-02-13,8.0,56,sg_app,sg_total,vs_expected,0.024530439323869967,0.000601742453422066,0.8774513765458443,0.0030061715718659554,False,42,90,False,4,2026-04-06 19:05:30.275682,TPC Scottsdale (Stadium Course)
2022,2022-04-10,2021-12-26,2022-04-10,510,pga,2022-02-13,8.0,56,sg_arg,sg_putt,vs_expected,-0.03616803343993123,0.0013081266429119838,0.8201156603934845,-0.0065060628102083995,False,42,90,False,4,2026-04-06 19:05:30.275682,TPC Scottsdale (Stadium Course)
2022,2022-04-10,2021-12-26,2022-04-10,510,pga,2022-02-13,8.0,56,sg_putt,sg_ott,vs_expected,-0.039391088892161544,0.0015516578841101726,0.80438557370675,-0.0077054652547065925,False,42,90,False,4,2026-04-06 19:05:30.275682,TPC Scottsdale (Stadium Course)
2022,2022-04-10,2021-12-26,2022-04-10,510,pga,2022-02-13,8.0,56,sg_arg,sg_arg,vs_expected,-0.04198088432574277,0.001762394648771395,0.7918007677335498,-0.008740387886486298,False,42,90,False,4,2026-04-06 19:05:30.275682,TPC Scottsdale (Stadium Course)
2022,2022-04-10,2021-12-26,2022-04-10,510,pga,2022-02-13,8.0,56,sg_ott,sg_app,vs_expected,-0.05710690094757864,0.0032611981358365585,0.719430929274612,-0.016022430130868917,False,42,90,False,4,2026-04-06 19:05:30.275682,TPC Scottsdale (Stadium Course)
2022,2022-04-10,2021-12-26,2022-04-10,510,pga,2022-02-13,8.0,56,sg_app,sg_putt,vs_expected,-0.07701725554099584,0.005931657651067054,0.6278274513096889,-0.02866370828782541,False,42,90,False,4,2026-04-06 19:05:30.275682,TPC Scottsdale (Stadium Course)
2022,2022-04-10,2021-12-26,2022-04-10,510,pga,2022-02-13,8.0,56,sg_app,sg_app,vs_expected,-0.08739843256979558,0.007638486015657106,0.5820668600945929,-0.03652670134670567,False,42,90,False,4,2026-04-06 19:05:30.275682,TPC Scottsdale (Stadium Course)
2022,2022-04-10,2021-12-26,2022-04-10,510,pga,2022-02-13,8.0,56,sg_ott,sg_putt,vs_expected,-0.09295620000004223,0.008640855118447852,0.558201641991627,-0.04106789652671658,False,42,90,False,4,2026-04-06 19:05:30.275682,TPC Scottsdale (Stadium Course)
2022,2022-04-10,2021-12-26,2022-04-10,510,pga,2022-02-13,8.0,56,sg_ott,sg_ott,vs_expected,-0.1081965518122556,0.01170649382406211,0.49521418618449886,-0.054616084458580474,False,42,90,False,4,2026-04-06 19:05:30.275682,TPC Scottsdale (Stadium Course)
2022,2022-04-10,2021-12-26,2022-04-10,510,pga,2022-02-13,8.0,56,sg_ott,sg_total,vs_expected,-0.13507666318309497,0.018245704936679284,0.3937162944340358,-0.08189477989013247,False,42,90,False,4,2026-04-06 19:05:30.275682,TPC Scottsdale (Stadium Course)
2022,2022-04-10,2021-12-26,2022-04-10,510,pga,2022-02-13,8.0,56,sg_putt,sg_putt,vs_expected,-0.27031255019147715,0.07306887479101985,0.08338886629370762,-0.24777149308604893,False,42,90,False,4,2026-04-06 19:05:30.275682,TPC Scottsdale (Stadium Course)
2022,2022-04-10,2021-12-26,2022-04-10,510,pga,2022-02-13,8.0,56,sg_total,sg_putt,vs_expected,-0.31711925968042,0.10056462486025765,0.0407271445538244,-0.30420389775061374,False,42,90,False,4,2026-04-06 19:05:30.275682,TPC Scottsdale (Stadium Course)
2022,2022-04-10,2021-12-26,2022-04-10,3982,euro,2022-02-06,9.0,63,sg_total,sg_ott,vs_expected,0.9066525368640744,0.8220188226020618,0.09334746313592568,0.8220188226020617,True,4,90,False,4,2026-04-06 19:05:30.275682,al hamra gc
2022,2022-04-10,2021-12-26,2022-04-10,3982,euro,2022-02-06,9.0,63,sg_total,sg_app,vs_expected,0.874651778641038,0.7650157338799314,0.12534822135896206,0.7650157338799313,True,4,90,False,4,2026-04-06 19:05:30.275682,al hamra gc
2022,2022-04-10,2021-12-26,2022-04-10,3982,euro,2022-02-06,9.0,63,sg_total,sg_arg,vs_expected,0.8484986997634003,0.719950043500181,0.1515013002365997,0.719950043500181,True,4,90,False,4,2026-04-06 19:05:30.275682,al hamra gc
2022,2022-04-10,2021-12-26,2022-04-10,3982,euro,2022-02-06,9.0,63,sg_total,sg_total,vs_expected,0.608697419671044,0.37051254871418704,0.39130258032895604,0.37051254871418704,True,4,90,False,4,2026-04-06 19:05:30.275682,al hamra gc
2022,2022-04-10,2021-12-26,2022-04-10,5,pga,2022-02-06,9.0,63,sg_app,sg_arg,vs_expected,0.3757523857959083,0.14118985543131712,0.13718281624153808,0.3242056153029487,True,17,90,False,4,2026-04-06 19:05:30.275682,Pebble Beach Golf Links
2022,2022-04-10,2021-12-26,2022-04-10,5,pga,2022-02-06,9.0,63,sg_ott,sg_putt,vs_expected,0.2614310013943464,0.06834616849005073,0.3107867400358537,0.18018171272668876,True,17,90,False,4,2026-04-06 19:05:30.275682,Pebble Beach Golf Links
2022,2022-04-10,2021-12-26,2022-04-10,205,pga,2022-02-06,9.0,63,sg_total,sg_arg,vs_expected,0.24234690870837106,0.058732024160503535,0.3486622224873183,0.15784969690517917,True,17,90,False,4,2026-04-06 19:05:30.275682,Spyglass Hill Golf Course
2022,2022-04-10,2021-12-26,2022-04-10,769,pga,2022-02-06,9.0,63,sg_total,sg_arg,vs_expected,0.22029173940913402,0.04852845045190181,0.3955409423312307,0.13315733721545925,False,17,90,False,4,2026-04-06 19:05:30.275682,Monterey Peninsula CC
2022,2022-04-10,2021-12-26,2022-04-10,5,pga,2022-02-06,9.0,63,sg_app,sg_ott,vs_expected,0.19165229152851307,0.036730600848130165,0.46119157012121137,0.10326387028114999,False,17,90,False,4,2026-04-06 19:05:30.275682,Pebble Beach Golf Links
2022,2022-04-10,2021-12-26,2022-04-10,5,pga,2022-02-06,9.0,63,sg_arg,sg_arg,vs_expected,0.17738379690492687,0.03146501140440834,0.49581059417649703,0.08943503116421202,False,17,90,False,4,2026-04-06 19:05:30.275682,Pebble Beach Golf Links
2022,2022-04-10,2021-12-26,2022-04-10,205,pga,2022-02-06,9.0,63,sg_total,sg_ott,vs_expected,0.16647139040382813,0.027712723822983763,0.523097433243757,0.07939063337506623,False,17,90,False,4,2026-04-06 19:05:30.275682,Spyglass Hill Golf Course
2022,2022-04-10,2021-12-26,2022-04-10,5,pga,2022-02-06,9.0,63,sg_app,sg_total,vs_expected,0.1439331203770372,0.02071674314147068,0.5815433526795466,0.06022977099134622,False,17,90,False,4,2026-04-06 19:05:30.275682,Pebble Beach Golf Links
2022,2022-04-10,2021-12-26,2022-04-10,5,pga,2022-02-06,9.0,63,sg_total,sg_arg,vs_expected,0.13343782952202138,0.01780565434754804,0.6096560572574198,0.05208664848663809,False,17,90,False,4,2026-04-06 19:05:30.275682,Pebble Beach Golf Links
2022,2022-04-10,2021-12-26,2022-04-10,5,pga,2022-02-06,9.0,63,sg_putt,sg_ott,vs_expected,0.12110033935115597,0.014665292190965134,0.6433732586689944,0.0431876193968817,False,17,90,False,4,2026-04-06 19:05:30.275682,Pebble Beach Golf Links
2022,2022-04-10,2021-12-26,2022-04-10,5,pga,2022-02-06,9.0,63,sg_arg,sg_ott,vs_expected,0.10425405979153828,0.010868908983017638,0.6904849969817823,0.032268195631039415,False,17,90,False,4,2026-04-06 19:05:30.275682,Pebble Beach Golf Links
2022,2022-04-10,2021-12-26,2022-04-10,5,pga,2022-02-06,9.0,63,sg_total,sg_ott,vs_expected,0.07816751142844673,0.00611015984291635,0.7655503752011104,0.018326343725862254,False,17,90,False,4,2026-04-06 19:05:30.275682,Pebble Beach Golf Links
2022,2022-04-10,2021-12-26,2022-04-10,5,pga,2022-02-06,9.0,63,sg_arg,sg_total,vs_expected,0.02764182062502976,0.0007640702474663207,0.9161311340517191,0.0023182881485670475,False,17,90,False,4,2026-04-06 19:05:30.275682,Pebble Beach Golf Links
2022,2022-04-10,2021-12-26,2022-04-10,205,pga,2022-02-06,9.0,63,sg_total,sg_app,vs_expected,0.010887498702349174,0.00011853762799365496,0.9669197055700482,0.0003601616626794283,False,17,90,False,4,2026-04-06 19:05:30.275682,Spyglass Hill Golf Course
2022,2022-04-10,2021-12-26,2022-04-10,769,pga,2022-02-06,9.0,63,sg_total,sg_ott,vs_expected,-0.011989857587717118,0.00014375668497373773,0.9635723170615811,-0.0004367627306821554,False,17,90,False,4,2026-04-06 19:05:30.275682,Monterey Peninsula CC
2022,2022-04-10,2021-12-26,2022-04-10,5,pga,2022-02-06,9.0,63,sg_ott,sg_app,vs_expected,-0.014844772447119979,0.0002203672690067725,0.9549059757078149,-0.0006694105293423887,False,17,90,False,4,2026-04-06 19:05:30.275682,Pebble Beach Golf Links
2022,2022-04-10,2021-12-26,2022-04-10,5,pga,2022-02-06,9.0,63,sg_ott,sg_total,vs_expected,-0.02316658061322701,0.0005366904573091456,0.9296749802156964,-0.001629190239959854,False,17,90,False,4,2026-04-06 19:05:30.275682,Pebble Beach Golf Links
2022,2022-04-10,2021-12-26,2022-04-10,5,pga,2022-02-06,9.0,63,sg_arg,sg_app,vs_expected,-0.026694438515357716,0.0007125930476502135,0.9189965875833955,-0.002162340612289212,False,17,90,False,4,2026-04-06 19:05:30.275682,Pebble Beach Golf Links
2022,2022-04-10,2021-12-26,2022-04-10,5,pga,2022-02-06,9.0,63,sg_app,sg_putt,vs_expected,-0.05094256539973424,0.0025951449695062003,0.8460444914306735,-0.00784288856394226,False,17,90,False,4,2026-04-06 19:05:30.275682,Pebble Beach Golf Links
2022,2022-04-10,2021-12-26,2022-04-10,5,pga,2022-02-06,9.0,63,sg_putt,sg_arg,vs_expected,-0.056791861302062666,0.003225315510152723,0.828600515847868,-0.00973409573121297,False,17,90,False,4,2026-04-06 19:05:30.275682,Pebble Beach Golf Links
2022,2022-04-10,2021-12-26,2022-04-10,5,pga,2022-02-06,9.0,63,sg_total,sg_total,vs_expected,-0.12514847912792895,0.015662141828033667,0.6322333139278333,-0.04602544143585015,False,17,90,False,4,2026-04-06 19:05:30.275682,Pebble Beach Golf Links
2022,2022-04-10,2021-12-26,2022-04-10,5,pga,2022-02-06,9.0,63,sg_app,sg_app,vs_expected,-0.14440163661270533,0.0208518326564278,0.580301165699064,-0.06060519855749979,False,17,90,False,4,2026-04-06 19:05:30.275682,Pebble Beach Golf Links
2022,2022-04-10,2021-12-26,2022-04-10,5,pga,2022-02-06,9.0,63,sg_ott,sg_arg,vs_expected,-0.15459611774580287,0.023899959622074144,0.5535531500443148,-0.06901894978299189,False,17,90,False,4,2026-04-06 19:05:30.275682,Pebble Beach Golf Links
2022,2022-04-10,2021-12-26,2022-04-10,205,pga,2022-02-06,9.0,63,sg_total,sg_total,vs_expected,-0.15639177923125053,0.024458388611116204,0.5488985265868151,-0.07054856204092663,False,17,90,False,4,2026-04-06 19:05:30.275682,Spyglass Hill Golf Course
2022,2022-04-10,2021-12-26,2022-04-10,5,pga,2022-02-06,9.0,63,sg_putt,sg_app,vs_expected,-0.16764279277163263,0.028104105968272564,0.5201356290510346,-0.08044580329748725,False,17,90,False,4,2026-04-06 19:05:30.275682,Pebble Beach Golf Links
2022,2022-04-10,2021-12-26,2022-04-10,5,pga,2022-02-06,9.0,63,sg_total,sg_app,vs_expected,-0.16941573408869823,0.028701690956812506,0.5156676690184497,-0.08205351739612969,False,17,90,False,4,2026-04-06 19:05:30.275682,Pebble Beach Golf Links
2022,2022-04-10,2021-12-26,2022-04-10,5,pga,2022-02-06,9.0,63,sg_arg,sg_putt,vs_expected,-0.19893363345981585,0.039574590521524365,0.4440051291481508,-0.11060607984357941,False,17,90,False,4,2026-04-06 19:05:30.275682,Pebble Beach Golf Links
2022,2022-04-10,2021-12-26,2022-04-10,5,pga,2022-02-06,9.0,63,sg_total,sg_putt,vs_expected,-0.21094285615869607,0.04449688856438834,0.4163913348401803,-0.12310807870777646,False,17,90,False,4,2026-04-06 19:05:30.275682,Pebble Beach Golf Links
2022,2022-04-10,2021-12-26,2022-04-10,769,pga,2022-02-06,9.0,63,sg_total,sg_putt,vs_expected,-0.21316787821159947,0.0454405443012353,0.4113771012807553,-0.12547549438674263,False,17,90,False,4,2026-04-06 19:05:30.275682,Monterey Peninsula CC
2022,2022-04-10,2021-12-26,2022-04-10,205,pga,2022-02-06,9.0,63,sg_total,sg_putt,vs_expected,-0.26649854226293507,0.07102147302826939,0.3011558347925965,-0.18624095129673082,False,17,90,False,4,2026-04-06 19:05:30.275682,Spyglass Hill Golf Course
2022,2022-04-10,2021-12-26,2022-04-10,5,pga,2022-02-06,9.0,63,sg_ott,sg_ott,vs_expected,-0.27843017766613454,0.07752336383519524,0.2791925221986573,-0.20069455410730616,False,17,90,False,4,2026-04-06 19:05:30.275682,Pebble Beach Golf Links
2022,2022-04-10,2021-12-26,2022-04-10,5,pga,2022-02-06,9.0,63,sg_putt,sg_putt,vs_expected,-0.30301879907145135,0.09182039259070461,0.2371000230586105,-0.23117303482441778,False,17,90,False,4,2026-04-06 19:05:30.275682,Pebble Beach Golf Links
2022,2022-04-10,2021-12-26,2022-04-10,5,pga,2022-02-06,9.0,63,sg_putt,sg_total,vs_expected,-0.31351830451971785,0.09829372726891854,0.22042563842309748,-0.24441083208863196,False,17,90,False,4,2026-04-06 19:05:30.275682,Pebble Beach Golf Links
2022,2022-04-10,2021-12-26,2022-04-10,769,pga,2022-02-06,9.0,63,sg_total,sg_total,vs_expected,-0.3197593005707532,0.10224601030149728,0.2108807850126552,-0.2523282082512952,False,17,90,False,4,2026-04-06 19:05:30.275682,Monterey Peninsula CC
2022,2022-04-10,2021-12-26,2022-04-10,769,pga,2022-02-06,9.0,63,sg_total,sg_app,vs_expected,-0.3390330290584891,0.1149433947925743,0.18311342025147656,-0.2769515315293709,False,17,90,False,4,2026-04-06 19:05:30.275682,Monterey Peninsula CC
2022,2022-04-10,2021-12-26,2022-04-10,3982,euro,2022-02-06,9.0,63,sg_total,sg_putt,vs_expected,-0.7137955914601914,0.5095041463880046,0.28620440853980855,-0.5095041463880046,False,4,90,False,4,2026-04-06 19:05:30.275682,al hamra gc
2022,2022-04-10,2021-12-26,2022-04-10,3981,euro,2022-01-30,10.0,70,sg_total,sg_ott,vs_expected,0.03612671303425963,0.0013051393946597444,0.8832668475331208,0.004217185100755421,False,19,90,False,4,2026-04-06 19:05:30.275682,emirates gc
2022,2022-04-10,2021-12-26,2022-04-10,3981,euro,2022-01-30,10.0,70,sg_total,sg_arg,vs_expected,-0.0859978915342775,0.007395637348341358,0.726295920272391,-0.023537973760904163,False,19,90,False,4,2026-04-06 19:05:30.275682,emirates gc
2022,2022-04-10,2021-12-26,2022-04-10,3981,euro,2022-01-30,10.0,70,sg_total,sg_putt,vs_expected,-0.20271631775388083,0.04109390548369238,0.4052252835174209,-0.1205705404184569,False,19,90,False,4,2026-04-06 19:05:30.275682,emirates gc
2022,2022-04-10,2021-12-26,2022-04-10,3981,euro,2022-01-30,10.0,70,sg_total,sg_app,vs_expected,-0.3259118329013496,0.10621852282511723,0.173292947743087,-0.26943361067352234,False,19,90,False,4,2026-04-06 19:05:30.275682,emirates gc
2022,2022-04-10,2021-12-26,2022-04-10,3981,euro,2022-01-30,10.0,70,sg_total,sg_total,vs_expected,-0.3289453072822318,0.1082050151830019,0.1690920198649327,-0.27332328084878826,False,19,90,False,4,2026-04-06 19:05:30.275682,emirates gc
2022,2022-04-10,2021-12-26,2022-04-10,4,pga,2022-01-29,10.1,71,sg_arg,sg_putt,vs_expected,0.37699985614940545,0.1421288915366724,0.01963882055801987,0.36959602362408794,True,38,90,False,4,2026-04-06 19:05:30.275682,Torrey Pines Golf Course (South Course)
2022,2022-04-10,2021-12-26,2022-04-10,4,pga,2022-01-29,10.1,71,sg_arg,sg_total,vs_expected,0.3513929058563382,0.12347697428616136,0.0305190548506062,0.3406687264883947,True,38,90,False,4,2026-04-06 19:05:30.275682,Torrey Pines Golf Course (South Course)
2022,2022-04-10,2021-12-26,2022-04-10,4,pga,2022-01-29,10.1,71,sg_ott,sg_putt,vs_expected,0.28877346244758584,0.08339011261396727,0.07869134405967194,0.2660494905588201,True,38,90,False,4,2026-04-06 19:05:30.275682,Torrey Pines Golf Course (South Course)
2022,2022-04-10,2021-12-26,2022-04-10,104,pga,2022-01-29,10.1,71,sg_total,sg_putt,vs_expected,0.26134943513894404,0.06830352724744512,0.11298115674625972,0.23182187364196455,True,38,90,False,4,2026-04-06 19:05:30.275682,Torrey Pines Golf Course (North Course)
2022,2022-04-10,2021-12-26,2022-04-10,4,pga,2022-01-29,10.1,71,sg_app,sg_arg,vs_expected,0.199489987441695,0.03979625508948763,0.2298387664798267,0.1536394548030197,True,38,90,False,4,2026-04-06 19:05:30.275682,Torrey Pines Golf Course (South Course)
2022,2022-04-10,2021-12-26,2022-04-10,4,pga,2022-01-29,10.1,71,sg_app,sg_total,vs_expected,0.19667642797957627,0.03868161732280545,0.2366122227430276,0.15014038119416973,True,38,90,False,4,2026-04-06 19:05:30.275682,Torrey Pines Golf Course (South Course)
2022,2022-04-10,2021-12-26,2022-04-10,4,pga,2022-01-29,10.1,71,sg_app,sg_putt,vs_expected,0.1558238979424404,0.024281087169976078,0.35020126916622507,0.10125417111656944,False,38,90,False,4,2026-04-06 19:05:30.275682,Torrey Pines Golf Course (South Course)
2022,2022-04-10,2021-12-26,2022-04-10,4,pga,2022-01-29,10.1,71,sg_app,sg_ott,vs_expected,0.1528487955479172,0.02336275430044899,0.35958957143973086,0.09788596266176261,False,38,90,False,4,2026-04-06 19:05:30.275682,Torrey Pines Golf Course (South Course)
2022,2022-04-10,2021-12-26,2022-04-10,4,pga,2022-01-29,10.1,71,sg_total,sg_putt,vs_expected,0.14444822772292112,0.020865290492292878,0.3869048117594857,0.08856051336679299,False,38,90,False,4,2026-04-06 19:05:30.275682,Torrey Pines Golf Course (South Course)
2022,2022-04-10,2021-12-26,2022-04-10,4,pga,2022-01-29,10.1,71,sg_ott,sg_total,vs_expected,0.14135146157063608,0.019980235688155008,0.3972719258785457,0.08519649420672223,False,38,90,False,4,2026-04-06 19:05:30.275682,Torrey Pines Golf Course (South Course)
2022,2022-04-10,2021-12-26,2022-04-10,4,pga,2022-01-29,10.1,71,sg_arg,sg_app,vs_expected,0.12884941645675435,0.01660217212124612,0.44072460999819657,0.07206230764035608,False,38,90,False,4,2026-04-06 19:05:30.275682,Torrey Pines Golf Course (South Course)
2022,2022-04-10,2021-12-26,2022-04-10,104,pga,2022-01-29,10.1,71,sg_total,sg_app,vs_expected,0.10595180177236821,0.011225784298811207,0.5266691260927486,0.05015025892496291,False,38,90,False,4,2026-04-06 19:05:30.275682,Torrey Pines Golf Course (North Course)
2022,2022-04-10,2021-12-26,2022-04-10,4,pga,2022-01-29,10.1,71,sg_arg,sg_arg,vs_expected,0.09995880804621168,0.009991763306019393,0.5504391076597119,0.04493757094252649,False,38,90,False,4,2026-04-06 19:05:30.275682,Torrey Pines Golf Course (South Course)
2022,2022-04-10,2021-12-26,2022-04-10,4,pga,2022-01-29,10.1,71,sg_arg,sg_ott,vs_expected,0.08095043295999896,0.006552972596411286,0.6289987115672485,0.030032714927348686,False,38,90,False,4,2026-04-06 19:05:30.275682,Torrey Pines Golf Course (South Course)
2022,2022-04-10,2021-12-26,2022-04-10,104,pga,2022-01-29,10.1,71,sg_total,sg_total,vs_expected,0.06250821323075809,0.00390727672130192,0.7092827336275286,0.01817221687627354,False,38,90,False,4,2026-04-06 19:05:30.275682,Torrey Pines Golf Course (North Course)
2022,2022-04-10,2021-12-26,2022-04-10,4,pga,2022-01-29,10.1,71,sg_ott,sg_ott,vs_expected,0.03257237680989428,0.0010609597310457385,0.8460712871839506,0.005013824035706362,False,38,90,False,4,2026-04-06 19:05:30.275682,Torrey Pines Golf Course (South Course)
2022,2022-04-10,2021-12-26,2022-04-10,4,pga,2022-01-29,10.1,71,sg_ott,sg_arg,vs_expected,-0.0025076758464812887,6.288438151025648e-06,0.9880784784901413,-2.989531154357981e-05,False,38,90,False,4,2026-04-06 19:05:30.275682,Torrey Pines Golf Course (South Course)
2022,2022-04-10,2021-12-26,2022-04-10,4,pga,2022-01-29,10.1,71,sg_total,sg_total,vs_expected,-0.006909724632763542,4.774429450061927e-05,0.9671587999835517,-0.00022692364872316728,False,38,90,False,4,2026-04-06 19:05:30.275682,Torrey Pines Golf Course (South Course)
2022,2022-04-10,2021-12-26,2022-04-10,4,pga,2022-01-29,10.1,71,sg_total,sg_app,vs_expected,-0.011820997302306471,0.00013973597722113687,0.9438453030727603,-0.0006638045208887383,False,38,90,False,4,2026-04-06 19:05:30.275682,Torrey Pines Golf Course (South Course)
2022,2022-04-10,2021-12-26,2022-04-10,4,pga,2022-01-29,10.1,71,sg_app,sg_app,vs_expected,-0.01985483744103886,0.0003942145698100785,0.9058169630303322,-0.001869988888736107,False,38,90,False,4,2026-04-06 19:05:30.275682,Torrey Pines Golf Course (South Course)
2022,2022-04-10,2021-12-26,2022-04-10,4,pga,2022-01-29,10.1,71,sg_ott,sg_app,vs_expected,-0.046673163520314316,0.002178384192993999,0.7808179692033281,-0.010229918764087634,False,38,90,False,4,2026-04-06 19:05:30.275682,Torrey Pines Golf Course (South Course)
2022,2022-04-10,2021-12-26,2022-04-10,4,pga,2022-01-29,10.1,71,sg_putt,sg_app,vs_expected,-0.08196770220986993,0.006718704205565916,0.6246799682821327,-0.030764120593249084,False,38,90,False,4,2026-04-06 19:05:30.275682,Torrey Pines Golf Course (South Course)
2022,2022-04-10,2021-12-26,2022-04-10,4,pga,2022-01-29,10.1,71,sg_total,sg_ott,vs_expected,-0.09796045852621652,0.009596251434666586,0.5584759846091722,-0.04325189499802176,False,38,90,False,4,2026-04-06 19:05:30.275682,Torrey Pines Golf Course (South Course)
2022,2022-04-10,2021-12-26,2022-04-10,4,pga,2022-01-29,10.1,71,sg_total,sg_arg,vs_expected,-0.10510054128530796,0.011046123778464723,0.5300146279760793,-0.0493957169958909,False,38,90,False,4,2026-04-06 19:05:30.275682,Torrey Pines Golf Course (South Course)
2022,2022-04-10,2021-12-26,2022-04-10,104,pga,2022-01-29,10.1,71,sg_total,sg_ott,vs_expected,-0.1280365913859709,0.01639336873373808,0.44363703555844786,-0.07123481754049048,False,38,90,False,4,2026-04-06 19:05:30.275682,Torrey Pines Golf Course (North Course)
2022,2022-04-10,2021-12-26,2022-04-10,104,pga,2022-01-29,10.1,71,sg_total,sg_arg,vs_expected,-0.18922306578689266,0.03580536862579071,0.2552040803166444,-0.14093256730805281,False,38,90,False,4,2026-04-06 19:05:30.275682,Torrey Pines Golf Course (North Course)
2022,2022-04-10,2021-12-26,2022-04-10,4,pga,2022-01-29,10.1,71,sg_putt,sg_putt,vs_expected,-0.2665005392132365,0.07102253740094581,0.10580423921338489,-0.2383036524118232,False,38,90,False,4,2026-04-06 19:05:30.275682,Torrey Pines Golf Course (South Course)
2022,2022-04-10,2021-12-26,2022-04-10,4,pga,2022-01-29,10.1,71,sg_putt,sg_ott,vs_expected,-0.3069399658348296,0.09421214262668634,0.06087123310066246,-0.2882561516265883,False,38,90,False,4,2026-04-06 19:05:30.275682,Torrey Pines Golf Course (South Course)
2022,2022-04-10,2021-12-26,2022-04-10,4,pga,2022-01-29,10.1,71,sg_putt,sg_arg,vs_expected,-0.3675623829899023,0.1351021053892156,0.02319297310716211,-0.35903751852601307,False,38,90,False,4,2026-04-06 19:05:30.275682,Torrey Pines Golf Course (South Course)
2022,2022-04-10,2021-12-26,2022-04-10,4,pga,2022-01-29,10.1,71,sg_putt,sg_total,vs_expected,-0.4600202739348229,0.21161865243106953,0.003662207623945736,-0.4583355841804492,False,38,90,False,4,2026-04-06 19:05:30.275682,Torrey Pines Golf Course (South Course)
2022,2022-04-10,2021-12-26,2022-04-10,704,pga,2022-01-23,11.0,77,sg_total,sg_total,vs_expected,0.4868876023539688,0.2370595373259964,0.005474485144286309,0.4842221434079448,True,31,90,False,4,2026-04-06 19:05:30.275682,Pete Dye Stadium Course
2022,2022-04-10,2021-12-26,2022-04-10,704,pga,2022-01-23,11.0,77,sg_app,sg_total,vs_expected,0.4537010796074703,0.2058446696369841,0.010360756999677135,0.4490003929711662,True,31,90,False,4,2026-04-06 19:05:30.275682,Pete Dye Stadium Course
2022,2022-04-10,2021-12-26,2022-04-10,704,pga,2022-01-23,11.0,77,sg_ott,sg_ott,vs_expected,0.3796445721789291,0.1441300011849221,0.03516101551847134,0.36629588348504233,True,31,90,False,4,2026-04-06 19:05:30.275682,Pete Dye Stadium Course
2022,2022-04-10,2021-12-26,2022-04-10,704,pga,2022-01-23,11.0,77,sg_total,sg_arg,vs_expected,0.35460806901630293,0.12574688261147107,0.050303216189460036,0.3367701426580489,True,31,90,False,4,2026-04-06 19:05:30.275682,Pete Dye Stadium Course
2022,2022-04-10,2021-12-26,2022-04-10,704,pga,2022-01-23,11.0,77,sg_total,sg_app,vs_expected,0.33079822377441914,0.10942746485231068,0.06911338687932118,0.30793563815570546,True,31,90,False,4,2026-04-06 19:05:30.275682,Pete Dye Stadium Course
2022,2022-04-10,2021-12-26,2022-04-10,704,pga,2022-01-23,11.0,77,sg_app,sg_arg,vs_expected,0.31436460033217967,0.09882510194201105,0.08500554799027688,0.28764186521219837,True,31,90,False,4,2026-04-06 19:05:30.275682,Pete Dye Stadium Course
2022,2022-04-10,2021-12-26,2022-04-10,704,pga,2022-01-23,11.0,77,sg_putt,sg_app,vs_expected,0.2822661114961805,0.07967415769917421,0.12393019757324518,0.2472848165302272,True,31,90,False,4,2026-04-06 19:05:30.275682,Pete Dye Stadium Course
2022,2022-04-10,2021-12-26,2022-04-10,704,pga,2022-01-23,11.0,77,sg_putt,sg_total,vs_expected,0.2805068985317147,0.07868412012388168,0.1263910503613065,0.24505333699269885,True,31,90,False,4,2026-04-06 19:05:30.275682,Pete Dye Stadium Course
2022,2022-04-10,2021-12-26,2022-04-10,704,pga,2022-01-23,11.0,77,sg_putt,sg_arg,vs_expected,0.2675350752258494,0.0715750164761009,0.14565951637847446,0.22856604555417342,True,31,90,False,4,2026-04-06 19:05:30.275682,Pete Dye Stadium Course
2022,2022-04-10,2021-12-26,2022-04-10,704,pga,2022-01-23,11.0,77,sg_ott,sg_total,vs_expected,0.25022014826379696,0.06261012259715654,0.1745818198707918,0.20653625941156395,True,31,90,False,4,2026-04-06 19:05:30.275682,Pete Dye Stadium Course
2022,2022-04-10,2021-12-26,2022-04-10,704,pga,2022-01-23,11.0,77,sg_arg,sg_arg,vs_expected,0.23045671834089307,0.05311029902845372,0.2122982660906705,0.18153115662817546,True,31,90,False,4,2026-04-06 19:05:30.275682,Pete Dye Stadium Course
2022,2022-04-10,2021-12-26,2022-04-10,704,pga,2022-01-23,11.0,77,sg_app,sg_putt,vs_expected,0.22718427606006952,0.05161269528893788,0.21904297125028427,0.17742115721052706,True,31,90,False,4,2026-04-06 19:05:30.275682,Pete Dye Stadium Course
2022,2022-04-10,2021-12-26,2022-04-10,704,pga,2022-01-23,11.0,77,sg_ott,sg_app,vs_expected,0.22321641155963862,0.04982556638956197,0.22741457341787338,0.17245374654493492,True,31,90,False,4,2026-04-06 19:05:30.275682,Pete Dye Stadium Course
2022,2022-04-10,2021-12-26,2022-04-10,3978,euro,2022-01-23,11.0,77,sg_total,sg_ott,vs_expected,0.24707060198180222,0.06104388236365013,0.32294974066641297,0.16727921514548463,True,18,90,False,4,2026-04-06 19:05:30.275682,yas links
2022,2022-04-10,2021-12-26,2022-04-10,704,pga,2022-01-23,11.0,77,sg_app,sg_app,vs_expected,0.19662820374356643,0.03866265050742147,0.289061037412828,0.13979065118483022,False,31,90,False,4,2026-04-06 19:05:30.275682,Pete Dye Stadium Course
2022,2022-04-10,2021-12-26,2022-04-10,704,pga,2022-01-23,11.0,77,sg_total,sg_ott,vs_expected,0.18555251868319764,0.03442973718967841,0.317615036324334,0.12661824872156216,False,31,90,False,4,2026-04-06 19:05:30.275682,Pete Dye Stadium Course
2022,2022-04-10,2021-12-26,2022-04-10,704,pga,2022-01-23,11.0,77,sg_app,sg_ott,vs_expected,0.17399130387983416,0.030272973825804794,0.34922176299867624,0.11322975399248006,False,31,90,False,4,2026-04-06 19:05:30.275682,Pete Dye Stadium Course
2022,2022-04-10,2021-12-26,2022-04-10,3978,euro,2022-01-23,11.0,77,sg_total,sg_app,vs_expected,0.1932344463769796,0.0373395512666178,0.44233731959150757,0.10775963931383754,False,18,90,False,4,2026-04-06 19:05:30.275682,yas links
2022,2022-04-10,2021-12-26,2022-04-10,704,pga,2022-01-23,11.0,77,sg_arg,sg_total,vs_expected,0.10944847876463171,0.011978969503892038,0.5578039706517915,0.04839768272792185,False,31,90,False,4,2026-04-06 19:05:30.275682,Pete Dye Stadium Course
2022,2022-04-10,2021-12-26,2022-04-10,233,pga,2022-01-23,11.0,77,sg_total,sg_putt,vs_expected,0.09355841462797018,0.008753176947699184,0.6166490369613038,0.03586570834800601,False,31,90,False,4,2026-04-06 19:05:30.275682,Nicklaus Tournament Course
2022,2022-04-10,2021-12-26,2022-04-10,704,pga,2022-01-23,11.0,77,sg_arg,sg_app,vs_expected,0.09220313906675481,0.008501418853763328,0.6217850297704617,0.034872607497202654,False,31,90,False,4,2026-04-06 19:05:30.275682,Pete Dye Stadium Course
2022,2022-04-10,2021-12-26,2022-04-10,704,pga,2022-01-23,11.0,77,sg_total,sg_putt,vs_expected,0.08271299904908315,0.00684144021169363,0.6582280971056629,0.028268979079102644,False,31,90,False,4,2026-04-06 19:05:30.275682,Pete Dye Stadium Course
2022,2022-04-10,2021-12-26,2022-04-10,704,pga,2022-01-23,11.0,77,sg_putt,sg_ott,vs_expected,0.06134654657989804,0.0037633987772796,0.743035812465261,0.015763865499965526,False,31,90,False,4,2026-04-06 19:05:30.275682,Pete Dye Stadium Course
2022,2022-04-10,2021-12-26,2022-04-10,704,pga,2022-01-23,11.0,77,sg_ott,sg_putt,vs_expected,0.03701474188579737,0.0013700911168722022,0.8432893517191838,0.0058006041968703854,False,31,90,False,4,2026-04-06 19:05:30.275682,Pete Dye Stadium Course
2022,2022-04-10,2021-12-26,2022-04-10,233,pga,2022-01-23,11.0,77,sg_total,sg_arg,vs_expected,-0.00192747535448895,3.7151612421623036e-06,0.9917893515715482,-1.58258224902142e-05,False,31,90,False,4,2026-04-06 19:05:30.275682,Nicklaus Tournament Course
2022,2022-04-10,2021-12-26,2022-04-10,3978,euro,2022-01-23,11.0,77,sg_total,sg_arg,vs_expected,-0.040828062959917616,0.0016669307250589968,0.8722120307341958,-0.00521733525470427,False,18,90,False,4,2026-04-06 19:05:30.275682,yas links
2022,2022-04-10,2021-12-26,2022-04-10,704,pga,2022-01-23,11.0,77,sg_arg,sg_putt,vs_expected,-0.03681264891627115,0.0013551711202326397,0.8441345383301201,-0.0057378205186258075,False,31,90,False,4,2026-04-06 19:05:30.275682,Pete Dye Stadium Course
2022,2022-04-10,2021-12-26,2022-04-10,233,pga,2022-01-23,11.0,77,sg_total,sg_ott,vs_expected,-0.03700955985889697,0.001369707520949278,0.8433110216913775,-0.005798990121942373,False,31,90,False,4,2026-04-06 19:05:30.275682,Nicklaus Tournament Course
2022,2022-04-10,2021-12-26,2022-04-10,704,pga,2022-01-23,11.0,77,sg_putt,sg_putt,vs_expected,-0.04815463655631118,0.0023188690218704207,0.7969897677415657,-0.009775883951617223,False,31,90,False,4,2026-04-06 19:05:30.275682,Pete Dye Stadium Course
2022,2022-04-10,2021-12-26,2022-04-10,233,pga,2022-01-23,11.0,77,sg_total,sg_total,vs_expected,-0.050854352382578245,0.0025861651562514416,0.7858641384335965,-0.010889740561844878,False,31,90,False,4,2026-04-06 19:05:30.275682,Nicklaus Tournament Course
2022,2022-04-10,2021-12-26,2022-04-10,233,pga,2022-01-23,11.0,77,sg_total,sg_app,vs_expected,-0.07431112928608291,0.005522143935772929,0.6911504172415978,-0.02295096127431239,False,31,90,False,4,2026-04-06 19:05:30.275682,Nicklaus Tournament Course
2022,2022-04-10,2021-12-26,2022-04-10,202,pga,2022-01-23,11.0,77,sg_total,sg_arg,vs_expected,-0.08519543774738286,0.007258262612968189,0.648616367870812,-0.029936282356511516,False,31,90,False,4,2026-04-06 19:05:30.275682,La Quinta Country Club
2022,2022-04-10,2021-12-26,2022-04-10,704,pga,2022-01-23,11.0,77,sg_ott,sg_arg,vs_expected,-0.11001167077396402,0.01210256770647905,0.5557667899769917,-0.048870837647912405,False,31,90,False,4,2026-04-06 19:05:30.275682,Pete Dye Stadium Course
2022,2022-04-10,2021-12-26,2022-04-10,704,pga,2022-01-23,11.0,77,sg_arg,sg_ott,vs_expected,-0.1235558406808272,0.015266045766345954,0.5078401852852945,-0.06080921965639559,False,31,90,False,4,2026-04-06 19:05:30.275682,Pete Dye Stadium Course
2022,2022-04-10,2021-12-26,2022-04-10,202,pga,2022-01-23,11.0,77,sg_total,sg_ott,vs_expected,-0.1300954415035073,0.01692482389999249,0.4854600119047331,-0.06693930692246314,False,31,90,False,4,2026-04-06 19:05:30.275682,La Quinta Country Club
2022,2022-04-10,2021-12-26,2022-04-10,202,pga,2022-01-23,11.0,77,sg_total,sg_app,vs_expected,-0.1320153797273285,0.017428060484550735,0.4789869816974702,-0.06878173145409001,False,31,90,False,4,2026-04-06 19:05:30.275682,La Quinta Country Club
2022,2022-04-10,2021-12-26,2022-04-10,3978,euro,2022-01-23,11.0,77,sg_total,sg_total,vs_expected,-0.2088359792640639,0.04361246623518052,0.40561435414206615,-0.12412910841324469,False,18,90,False,4,2026-04-06 19:05:30.275682,yas links
2022,2022-04-10,2021-12-26,2022-04-10,202,pga,2022-01-23,11.0,77,sg_total,sg_putt,vs_expected,-0.4084278763156699,0.16681333015172814,0.022543185737309415,-0.39922061083959093,False,31,90,False,4,2026-04-06 19:05:30.275682,La Quinta Country Club
2022,2022-04-10,2021-12-26,2022-04-10,3978,euro,2022-01-23,11.0,77,sg_total,sg_putt,vs_expected,-0.43846383742597045,0.19225053673030784,0.06873753649372252,-0.4083249133997252,False,18,90,False,4,2026-04-06 19:05:30.275682,yas links
2022,2022-04-10,2021-12-26,2022-04-10,202,pga,2022-01-23,11.0,77,sg_total,sg_total,vs_expected,-0.46609448782286,0.2172440715788542,0.008223248325251288,-0.46226167710646177,False,31,90,False,4,2026-04-06 19:05:30.275682,La Quinta Country Club
2022,2022-04-10,2021-12-26,2022-04-10,6,pga,2022-01-16,12.0,84,sg_putt,sg_arg,vs_expected,0.3521353892063952,0.12399933233153942,0.05204318583870183,0.33380914170554316,True,31,90,False,4,2026-04-06 19:05:30.275682,Waialae Country Club
2022,2022-04-10,2021-12-26,2022-04-10,6,pga,2022-01-16,12.0,84,sg_putt,sg_ott,vs_expected,0.3323220971506138,0.11043797625458199,0.06776579143484462,0.3098020272259151,True,31,90,False,4,2026-04-06 19:05:30.275682,Waialae Country Club
2022,2022-04-10,2021-12-26,2022-04-10,6,pga,2022-01-16,12.0,84,sg_arg,sg_putt,vs_expected,0.3253071799525308,0.10582476132866825,0.07414278594188478,0.3011879993439521,True,31,90,False,4,2026-04-06 19:05:30.275682,Waialae Country Club
2022,2022-04-10,2021-12-26,2022-04-10,6,pga,2022-01-16,12.0,84,sg_total,sg_ott,vs_expected,0.2771090245908127,0.07678941150967164,0.13124582821312059,0.2407396211530615,True,31,90,False,4,2026-04-06 19:05:30.275682,Waialae Country Club
2022,2022-04-10,2021-12-26,2022-04-10,6,pga,2022-01-16,12.0,84,sg_app,sg_ott,vs_expected,0.22978753294413815,0.05280231029655337,0.21366580079422756,0.1806897957050989,True,31,90,False,4,2026-04-06 19:05:30.275682,Waialae Country Club
2022,2022-04-10,2021-12-26,2022-04-10,6,pga,2022-01-16,12.0,84,sg_total,sg_arg,vs_expected,0.13585615376458504,0.018456894515706573,0.4661730861366082,0.07252367129349885,False,31,90,False,4,2026-04-06 19:05:30.275682,Waialae Country Club
2022,2022-04-10,2021-12-26,2022-04-10,6,pga,2022-01-16,12.0,84,sg_ott,sg_app,vs_expected,0.12410518218707892,0.01540209624568805,0.5059406867968618,0.06131532107629856,False,31,90,False,4,2026-04-06 19:05:30.275682,Waialae Country Club
2022,2022-04-10,2021-12-26,2022-04-10,6,pga,2022-01-16,12.0,84,sg_app,sg_total,vs_expected,0.11397813282476327,0.012991014762219378,0.5415175952753183,0.052256968423526645,False,31,90,False,4,2026-04-06 19:05:30.275682,Waialae Country Club
2022,2022-04-10,2021-12-26,2022-04-10,6,pga,2022-01-16,12.0,84,sg_ott,sg_total,vs_expected,0.04955626290928715,0.0024558231935343892,0.7912085885154746,0.010346922080728297,False,31,90,False,4,2026-04-06 19:05:30.275682,Waialae Country Club
2022,2022-04-10,2021-12-26,2022-04-10,6,pga,2022-01-16,12.0,84,sg_ott,sg_putt,vs_expected,0.03598166421868171,0.0012946801599459596,0.8476116323936889,0.0054831870740433206,False,31,90,False,4,2026-04-06 19:05:30.275682,Waialae Country Club
2022,2022-04-10,2021-12-26,2022-04-10,6,pga,2022-01-16,12.0,84,sg_ott,sg_ott,vs_expected,0.00706156886079902,4.986575477580636e-05,0.9699254155502026,0.0002123737490521596,False,31,90,False,4,2026-04-06 19:05:30.275682,Waialae Country Club
2022,2022-04-10,2021-12-26,2022-04-10,6,pga,2022-01-16,12.0,84,sg_total,sg_total,vs_expected,-0.0007293424750954985,5.319404459784279e-07,0.9968390861025261,-2.3053887655473444e-06,False,32,90,False,4,2026-04-06 19:05:30.275682,Waialae Country Club
2022,2022-04-10,2021-12-26,2022-04-10,6,pga,2022-01-16,12.0,84,sg_app,sg_putt,vs_expected,-0.013231242019461863,0.00017506576537757324,0.9436810627199819,-0.0007451694894308131,False,31,90,False,4,2026-04-06 19:05:30.275682,Waialae Country Club
2022,2022-04-10,2021-12-26,2022-04-10,6,pga,2022-01-16,12.0,84,sg_app,sg_arg,vs_expected,-0.013942483366242,0.00019439284241793488,0.9406588139385129,-0.0008273634995953553,False,31,90,False,4,2026-04-06 19:05:30.275682,Waialae Country Club
2022,2022-04-10,2021-12-26,2022-04-10,6,pga,2022-01-16,12.0,84,sg_app,sg_app,vs_expected,-0.014351672922454761,0.00020597051567312118,0.9389204255586401,-0.000876594074625125,False,31,90,False,4,2026-04-06 19:05:30.275682,Waialae Country Club
2022,2022-04-10,2021-12-26,2022-04-10,6,pga,2022-01-16,12.0,84,sg_putt,sg_total,vs_expected,-0.018062497344692126,0.0003262538103270101,0.9231690177234969,-0.001387759413359425,False,31,90,False,4,2026-04-06 19:05:30.275682,Waialae Country Club
2022,2022-04-10,2021-12-26,2022-04-10,6,pga,2022-01-16,12.0,84,sg_putt,sg_app,vs_expected,-0.02805630596861455,0.0007871563046045164,0.8809060144633846,-0.0033413372972370386,False,31,90,False,4,2026-04-06 19:05:30.275682,Waialae Country Club
2022,2022-04-10,2021-12-26,2022-04-10,6,pga,2022-01-16,12.0,84,sg_total,sg_app,vs_expected,-0.06547888423421516,0.004287484280557751,0.7263648532926845,-0.017917324093660793,False,31,90,False,4,2026-04-06 19:05:30.275682,Waialae Country Club
2022,2022-04-10,2021-12-26,2022-04-10,6,pga,2022-01-16,12.0,84,sg_ott,sg_arg,vs_expected,-0.10160988018299388,0.010324567750802373,0.5865087179414812,-0.042014799626678624,False,31,90,False,4,2026-04-06 19:05:30.275682,Waialae Country Club
2022,2022-04-10,2021-12-26,2022-04-10,6,pga,2022-01-16,12.0,84,sg_arg,sg_total,vs_expected,-0.12713797253665735,0.01616406406073184,0.49551810297063403,-0.06413880556976033,False,31,90,False,4,2026-04-06 19:05:30.275682,Waialae Country Club
2022,2022-04-10,2021-12-26,2022-04-10,6,pga,2022-01-16,12.0,84,sg_arg,sg_arg,vs_expected,-0.16335259955203893,0.02668407178040879,0.3799153473380112,-0.101292439954659,False,31,90,False,4,2026-04-06 19:05:30.275682,Waialae Country Club
2022,2022-04-10,2021-12-26,2022-04-10,6,pga,2022-01-16,12.0,84,sg_arg,sg_ott,vs_expected,-0.18507730908864184,0.03425361033949267,0.31887802228221235,-0.12606022279714202,False,31,90,False,4,2026-04-06 19:05:30.275682,Waialae Country Club
2022,2022-04-10,2021-12-26,2022-04-10,6,pga,2022-01-16,12.0,84,sg_arg,sg_app,vs_expected,-0.21703068007473364,0.047102316093701385,0.2408915394961275,-0.16474982543363953,False,31,90,False,4,2026-04-06 19:05:30.275682,Waialae Country Club
2022,2022-04-10,2021-12-26,2022-04-10,6,pga,2022-01-16,12.0,84,sg_total,sg_putt,vs_expected,-0.22564481371973788,0.05091558195861521,0.22226575243592311,-0.17549169941505666,False,31,90,False,4,2026-04-06 19:05:30.275682,Waialae Country Club
2022,2022-04-10,2021-12-26,2022-04-10,6,pga,2022-01-16,12.0,84,sg_putt,sg_putt,vs_expected,-0.46681414781175623,0.2179154485972162,0.008111570443523276,-0.46302755196774786,False,31,90,False,4,2026-04-06 19:05:30.275682,Waialae Country Club
2022,2022-04-10,2021-12-26,2022-04-10,656,pga,2022-01-09,13.0,91,sg_total,sg_app,vs_expected,0.5492141545118605,0.30163618751617777,0.0009326127093369381,0.548701950411215,True,33,90,False,4,2026-04-06 19:05:30.275682,Plantation Course at Kapalua
2022,2022-04-10,2021-12-26,2022-04-10,656,pga,2022-01-09,13.0,91,sg_ott,sg_total,vs_expected,0.44523614991143395,0.19823522918795689,0.009418975332085988,0.4410424815984652,True,33,90,False,4,2026-04-06 19:05:30.275682,Plantation Course at Kapalua
2022,2022-04-10,2021-12-26,2022-04-10,656,pga,2022-01-09,13.0,91,sg_putt,sg_app,vs_expected,0.431434263323158,0.18613552356919602,0.012180309557358897,0.4261792604422308,True,33,90,False,4,2026-04-06 19:05:30.275682,Plantation Course at Kapalua
2022,2022-04-10,2021-12-26,2022-04-10,656,pga,2022-01-09,13.0,91,sg_ott,sg_app,vs_expected,0.38781688886706467,0.1504019392905292,0.025745556860541474,0.37783232710325937,True,33,90,False,4,2026-04-06 19:05:30.275682,Plantation Course at Kapalua
2022,2022-04-10,2021-12-26,2022-04-10,656,pga,2022-01-09,13.0,91,sg_total,sg_total,vs_expected,0.25141710965104025,0.06321056302528319,0.15813237476371914,0.2116599250456909,True,33,90,False,4,2026-04-06 19:05:30.275682,Plantation Course at Kapalua
2022,2022-04-10,2021-12-26,2022-04-10,656,pga,2022-01-09,13.0,91,sg_arg,sg_arg,vs_expected,0.20670501016054724,0.042726961225471934,0.24843370825657793,0.15535251797114885,True,33,90,False,4,2026-04-06 19:05:30.275682,Plantation Course at Kapalua
2022,2022-04-10,2021-12-26,2022-04-10,656,pga,2022-01-09,13.0,91,sg_ott,sg_arg,vs_expected,0.2025591612022737,0.04103021378696871,0.2582593397193641,0.15024636597606628,True,33,90,False,4,2026-04-06 19:05:30.275682,Plantation Course at Kapalua
2022,2022-04-10,2021-12-26,2022-04-10,656,pga,2022-01-09,13.0,91,sg_app,sg_app,vs_expected,0.19453970328026007,0.037845696152371634,0.2779832025695801,0.14046093353547753,False,33,90,False,4,2026-04-06 19:05:30.275682,Plantation Course at Kapalua
2022,2022-04-10,2021-12-26,2022-04-10,656,pga,2022-01-09,13.0,91,sg_total,sg_arg,vs_expected,0.19126811647548542,0.03658349238007986,0.2863022398661596,0.13650762631357244,False,33,90,False,4,2026-04-06 19:05:30.275682,Plantation Course at Kapalua
2022,2022-04-10,2021-12-26,2022-04-10,656,pga,2022-01-09,13.0,91,sg_ott,sg_ott,vs_expected,0.17049009495349515,0.029066872477251794,0.3428255877811023,0.11204172794020724,False,33,90,False,4,2026-04-06 19:05:30.275682,Plantation Course at Kapalua
2022,2022-04-10,2021-12-26,2022-04-10,656,pga,2022-01-09,13.0,91,sg_putt,sg_total,vs_expected,0.1619848704347811,0.02623909824977282,0.3677900143932856,0.10240845260607845,False,33,90,False,4,2026-04-06 19:05:30.275682,Plantation Course at Kapalua
2022,2022-04-10,2021-12-26,2022-04-10,656,pga,2022-01-09,13.0,91,sg_arg,sg_app,vs_expected,0.11408085947722527,0.013014442499062417,0.5272923347611855,0.05392689673191644,False,33,90,False,4,2026-04-06 19:05:30.275682,Plantation Course at Kapalua
2022,2022-04-10,2021-12-26,2022-04-10,656,pga,2022-01-09,13.0,91,sg_ott,sg_putt,vs_expected,0.07238461364163895,0.005239532292049344,0.6889278107789217,0.022516840231426555,False,33,90,False,4,2026-04-06 19:05:30.275682,Plantation Course at Kapalua
2022,2022-04-10,2021-12-26,2022-04-10,656,pga,2022-01-09,13.0,91,sg_arg,sg_total,vs_expected,0.060518853394998545,0.003662531616245327,0.7379598681033372,0.015858368325860215,False,33,90,False,4,2026-04-06 19:05:30.275682,Plantation Course at Kapalua
2022,2022-04-10,2021-12-26,2022-04-10,656,pga,2022-01-09,13.0,91,sg_app,sg_arg,vs_expected,0.0388813693435025,0.0015117608820258562,0.8299035681526103,0.006613582190670259,False,33,90,False,4,2026-04-06 19:05:30.275682,Plantation Course at Kapalua
2022,2022-04-10,2021-12-26,2022-04-10,656,pga,2022-01-09,13.0,91,sg_putt,sg_arg,vs_expected,-0.003130454293676768,9.799744084799313e-06,0.9862055008350817,-4.318304913993897e-05,False,33,90,False,4,2026-04-06 19:05:30.275682,Plantation Course at Kapalua
2022,2022-04-10,2021-12-26,2022-04-10,656,pga,2022-01-09,13.0,91,sg_putt,sg_putt,vs_expected,-0.016444350073487227,0.00027041664933939936,0.927628349759091,-0.0011901047519574832,False,33,90,False,4,2026-04-06 19:05:30.275682,Plantation Course at Kapalua
2022,2022-04-10,2021-12-26,2022-04-10,656,pga,2022-01-09,13.0,91,sg_app,sg_ott,vs_expected,-0.030567811476749834,0.0009343910984781189,0.8659011330481754,-0.004099108884229133,False,33,90,False,4,2026-04-06 19:05:30.275682,Plantation Course at Kapalua
2022,2022-04-10,2021-12-26,2022-04-10,656,pga,2022-01-09,13.0,91,sg_app,sg_total,vs_expected,-0.0882331752286181,0.0077850932109240255,0.6253575943009236,-0.033055889030117636,False,33,90,False,4,2026-04-06 19:05:30.275682,Plantation Course at Kapalua
2022,2022-04-10,2021-12-26,2022-04-10,656,pga,2022-01-09,13.0,91,sg_total,sg_ott,vs_expected,-0.1304499983190832,0.017017202061448806,0.46932101889070527,-0.06922707219368027,False,33,90,False,4,2026-04-06 19:05:30.275682,Plantation Course at Kapalua
2022,2022-04-10,2021-12-26,2022-04-10,656,pga,2022-01-09,13.0,91,sg_arg,sg_ott,vs_expected,-0.13915088684880716,0.019362969310809535,0.4399322505655211,-0.07793392402922325,False,33,90,False,4,2026-04-06 19:05:30.275682,Plantation Course at Kapalua
2022,2022-04-10,2021-12-26,2022-04-10,656,pga,2022-01-09,13.0,91,sg_arg,sg_putt,vs_expected,-0.14292066649078272,0.020426316910169544,0.4275183130681728,-0.08181946425006437,False,33,90,False,4,2026-04-06 19:05:30.275682,Plantation Course at Kapalua
2022,2022-04-10,2021-12-26,2022-04-10,656,pga,2022-01-09,13.0,91,sg_total,sg_putt,vs_expected,-0.27600392720692296,0.07617816783364442,0.1200027195230104,-0.2428827053430612,False,33,90,False,4,2026-04-06 19:05:30.275682,Plantation Course at Kapalua
2022,2022-04-10,2021-12-26,2022-04-10,656,pga,2022-01-09,13.0,91,sg_putt,sg_ott,vs_expected,-0.31335578771100586,0.09819184969198497,0.07578058625928388,-0.28960950241052613,False,33,90,False,4,2026-04-06 19:05:30.275682,Plantation Course at Kapalua
2022,2022-04-10,2021-12-26,2022-04-10,656,pga,2022-01-09,13.0,91,sg_app,sg_putt,vs_expected,-0.3689523502079241,0.13612583672395068,0.03460622220289113,-0.3561843031943498,False,33,90,False,4,2026-04-06 19:05:30.275682,Plantation Course at Kapalua
2023,2023-04-09,2022-12-26,2023-04-09,1,liv,2023-04-02,1.0,7,sg_total,sg_app,vs_expected,0.7357539448360471,0.541333867341805,0.0007611989975812446,0.7351938896707715,True,17,86,False,4,2026-04-06 19:05:31.003812,The Club at Steyn City
2023,2023-04-09,2022-12-26,2023-04-09,1,liv,2023-04-02,1.0,7,sg_total,sg_total,vs_expected,0.6194157647528743,0.3836758896243881,0.008008345650086509,0.6144552692076206,True,17,86,False,4,2026-04-06 19:05:31.003812,The Club at Steyn City
2023,2023-04-09,2022-12-26,2023-04-09,770,pga,2023-04-02,1.0,7,sg_ott,sg_app,vs_expected,0.6195560781867702,0.38384973401817124,0.05608195827232361,0.5848101600625353,True,10,86,False,4,2026-04-06 19:05:31.003812,TPC San Antonio - The Oaks Course
2023,2023-04-09,2022-12-26,2023-04-09,1,liv,2023-04-02,1.0,7,sg_total,sg_ott,vs_expected,0.4386428882005977,0.19240758336896208,0.07817928275601026,0.4043501018150502,True,17,86,False,4,2026-04-06 19:05:31.003812,The Club at Steyn City
2023,2023-04-09,2022-12-26,2023-04-09,770,pga,2023-04-02,1.0,7,sg_ott,sg_total,vs_expected,0.28021181995645883,0.0785186640433109,0.43294067899756605,0.15889672436136582,True,10,86,False,4,2026-04-06 19:05:31.003812,TPC San Antonio - The Oaks Course
2023,2023-04-09,2022-12-26,2023-04-09,1,liv,2023-04-02,1.0,7,sg_total,sg_arg,vs_expected,0.22513869541100504,0.0506874321713693,0.38495803432631215,0.13846974577479423,False,17,86,False,4,2026-04-06 19:05:31.003812,The Club at Steyn City
2023,2023-04-09,2022-12-26,2023-04-09,1,liv,2023-04-02,1.0,7,sg_total,sg_putt,vs_expected,0.10988542982244046,0.012074807687262486,0.6746064174853827,0.035756013676082464,False,17,86,False,4,2026-04-06 19:05:31.003812,The Club at Steyn City
2023,2023-04-09,2022-12-26,2023-04-09,770,pga,2023-04-02,1.0,7,sg_putt,sg_arg,vs_expected,0.08948860266627147,0.00800821000716181,0.8058038212579858,0.017378344678752346,False,10,86,False,4,2026-04-06 19:05:31.003812,TPC San Antonio - The Oaks Course
2023,2023-04-09,2022-12-26,2023-04-09,770,pga,2023-04-02,1.0,7,sg_ott,sg_putt,vs_expected,0.08703415984452852,0.00757494497984294,0.8110484052858633,0.016445243297228743,False,10,86,False,4,2026-04-06 19:05:31.003812,TPC San Antonio - The Oaks Course
2023,2023-04-09,2022-12-26,2023-04-09,770,pga,2023-04-02,1.0,7,sg_putt,sg_total,vs_expected,0.005251316174074344,2.7576321560094807e-05,0.9885130626401849,6.0321539948175866e-05,False,10,86,False,4,2026-04-06 19:05:31.003812,TPC San Antonio - The Oaks Course
2023,2023-04-09,2022-12-26,2023-04-09,770,pga,2023-04-02,1.0,7,sg_ott,sg_arg,vs_expected,-0.002705525622529667,7.319868894164542e-06,0.9940817060219791,-1.601209599919859e-05,False,10,86,False,4,2026-04-06 19:05:31.003812,TPC San Antonio - The Oaks Course
2023,2023-04-09,2022-12-26,2023-04-09,770,pga,2023-04-02,1.0,7,sg_total,sg_ott,vs_expected,-0.01812274657536317,0.00032843394343483746,0.957822613549075,-0.000764370085861269,False,11,86,False,4,2026-04-06 19:05:31.003812,TPC San Antonio - The Oaks Course
2023,2023-04-09,2022-12-26,2023-04-09,770,pga,2023-04-02,1.0,7,sg_putt,sg_putt,vs_expected,-0.03201225579030886,0.0010247845207841633,0.9300449087353313,-0.0022394202753989755,False,10,86,False,4,2026-04-06 19:05:31.003812,TPC San Antonio - The Oaks Course
2023,2023-04-09,2022-12-26,2023-04-09,770,pga,2023-04-02,1.0,7,sg_total,sg_putt,vs_expected,-0.045724961435456714,0.002090772098274004,0.8938019798989597,-0.0048559003736419245,False,11,86,False,4,2026-04-06 19:05:31.003812,TPC San Antonio - The Oaks Course
2023,2023-04-09,2022-12-26,2023-04-09,770,pga,2023-04-02,1.0,7,sg_putt,sg_ott,vs_expected,-0.04989151824704484,0.002489163592995208,0.891133559928896,-0.0054315119812982995,False,10,86,False,4,2026-04-06 19:05:31.003812,TPC San Antonio - The Oaks Course
2023,2023-04-09,2022-12-26,2023-04-09,770,pga,2023-04-02,1.0,7,sg_ott,sg_ott,vs_expected,-0.06141021931570978,0.0037712150364035747,0.8661706055890768,-0.00821849246166342,False,10,86,False,4,2026-04-06 19:05:31.003812,TPC San Antonio - The Oaks Course
2023,2023-04-09,2022-12-26,2023-04-09,770,pga,2023-04-02,1.0,7,sg_app,sg_ott,vs_expected,-0.07350683604479104,0.005403254945315791,0.840069805976356,-0.011755962550707615,False,10,86,False,4,2026-04-06 19:05:31.003812,TPC San Antonio - The Oaks Course
2023,2023-04-09,2022-12-26,2023-04-09,770,pga,2023-04-02,1.0,7,sg_putt,sg_app,vs_expected,-0.0838685775219597,0.0070339382955569634,0.8178225135635899,-0.01527896664394782,False,10,86,False,4,2026-04-06 19:05:31.003812,TPC San Antonio - The Oaks Course
2023,2023-04-09,2022-12-26,2023-04-09,770,pga,2023-04-02,1.0,7,sg_arg,sg_putt,vs_expected,-0.10451920272094914,0.010924263737422862,0.7738455927560947,-0.02363747833696183,False,10,86,False,4,2026-04-06 19:05:31.003812,TPC San Antonio - The Oaks Course
2023,2023-04-09,2022-12-26,2023-04-09,770,pga,2023-04-02,1.0,7,sg_arg,sg_app,vs_expected,-0.16868505639722886,0.02845464825173628,0.6413231182783521,-0.060503430021598366,False,10,86,False,4,2026-04-06 19:05:31.003812,TPC San Antonio - The Oaks Course
2023,2023-04-09,2022-12-26,2023-04-09,770,pga,2023-04-02,1.0,7,sg_app,sg_putt,vs_expected,-0.21305910602718234,0.04539418266110212,0.5545199195548193,-0.09491358769256748,False,10,86,False,4,2026-04-06 19:05:31.003812,TPC San Antonio - The Oaks Course
2023,2023-04-09,2022-12-26,2023-04-09,770,pga,2023-04-02,1.0,7,sg_total,sg_app,vs_expected,-0.21271898564122374,0.04524936685223115,0.5300175778531904,-0.09997418410827476,False,11,86,False,4,2026-04-06 19:05:31.003812,TPC San Antonio - The Oaks Course
2023,2023-04-09,2022-12-26,2023-04-09,770,pga,2023-04-02,1.0,7,sg_arg,sg_arg,vs_expected,-0.29729167876112805,0.08838234226060976,0.4041679010809175,-0.17713592494742056,False,10,86,False,4,2026-04-06 19:05:31.003812,TPC San Antonio - The Oaks Course
2023,2023-04-09,2022-12-26,2023-04-09,770,pga,2023-04-02,1.0,7,sg_total,sg_total,vs_expected,-0.3087090445226462,0.09530127417008515,0.3556543285140146,-0.19891533658674143,False,11,86,False,4,2026-04-06 19:05:31.003812,TPC San Antonio - The Oaks Course
2023,2023-04-09,2022-12-26,2023-04-09,770,pga,2023-04-02,1.0,7,sg_arg,sg_total,vs_expected,-0.3809156198878929,0.14509670947457773,0.27748744949126436,-0.2752163160538176,False,10,86,False,4,2026-04-06 19:05:31.003812,TPC San Antonio - The Oaks Course
2023,2023-04-09,2022-12-26,2023-04-09,770,pga,2023-04-02,1.0,7,sg_arg,sg_ott,vs_expected,-0.4039316199115121,0.1631607535643383,0.24700315002579148,-0.30415923739834794,False,10,86,False,4,2026-04-06 19:05:31.003812,TPC San Antonio - The Oaks Course
2023,2023-04-09,2022-12-26,2023-04-09,770,pga,2023-04-02,1.0,7,sg_total,sg_arg,vs_expected,-0.5346206386300111,0.2858192272491609,0.09019696383085193,-0.486399480224273,False,11,86,False,4,2026-04-06 19:05:31.003812,TPC San Antonio - The Oaks Course
2023,2023-04-09,2022-12-26,2023-04-09,770,pga,2023-04-02,1.0,7,sg_app,sg_app,vs_expected,-0.5743522925054879,0.32988055590630955,0.08247453206258495,-0.5269828559420249,False,10,86,False,4,2026-04-06 19:05:31.003812,TPC San Antonio - The Oaks Course
2023,2023-04-09,2022-12-26,2023-04-09,770,pga,2023-04-02,1.0,7,sg_app,sg_total,vs_expected,-0.6285055085336327,0.3950191742571203,0.051625342937235336,-0.5960586961176425,False,10,86,False,4,2026-04-06 19:05:31.003812,TPC San Antonio - The Oaks Course
2023,2023-04-09,2022-12-26,2023-04-09,770,pga,2023-04-02,1.0,7,sg_app,sg_arg,vs_expected,-0.6328139483851971,0.40045349327086294,0.049566403278136204,-0.6014476370195068,False,10,86,False,4,2026-04-06 19:05:31.003812,TPC San Antonio - The Oaks Course
2023,2023-04-09,2022-12-26,2023-04-09,665,pga,2023-03-19,3.0,21,sg_ott,sg_arg,vs_expected,0.576868304658371,0.3327770409194232,0.03079394054386029,0.5591042563830837,True,14,86,False,4,2026-04-06 19:05:31.003812,Innisbrook Resort and Golf Club - Copperhead Course
2023,2023-04-09,2022-12-26,2023-04-09,665,pga,2023-03-19,3.0,21,sg_arg,sg_ott,vs_expected,0.5458349555517363,0.29793579870216597,0.04347306980681679,0.522105834426035,True,14,86,False,4,2026-04-06 19:05:31.003812,Innisbrook Resort and Golf Club - Copperhead Course
2023,2023-04-09,2022-12-26,2023-04-09,665,pga,2023-03-19,3.0,21,sg_app,sg_ott,vs_expected,0.34006383421181735,0.1156434113388424,0.23418705332509365,0.2604252869353187,True,14,86,False,4,2026-04-06 19:05:31.003812,Innisbrook Resort and Golf Club - Copperhead Course
2023,2023-04-09,2022-12-26,2023-04-09,665,pga,2023-03-19,3.0,21,sg_putt,sg_ott,vs_expected,0.3269280847847781,0.10688197262104304,0.25390767564792494,0.24391853467304736,True,14,86,False,4,2026-04-06 19:05:31.003812,Innisbrook Resort and Golf Club - Copperhead Course
2023,2023-04-09,2022-12-26,2023-04-09,665,pga,2023-03-19,3.0,21,sg_app,sg_app,vs_expected,0.2422901155075123,0.058704500072643655,0.4039502224126711,0.14441696945986093,False,14,86,False,4,2026-04-06 19:05:31.003812,Innisbrook Resort and Golf Club - Copperhead Course
2023,2023-04-09,2022-12-26,2023-04-09,665,pga,2023-03-19,3.0,21,sg_ott,sg_putt,vs_expected,0.2387980213006738,0.057024494977117056,0.4109672293172303,0.14065986012029894,False,14,86,False,4,2026-04-06 19:05:31.003812,Innisbrook Resort and Golf Club - Copperhead Course
2023,2023-04-09,2022-12-26,2023-04-09,665,pga,2023-03-19,3.0,21,sg_total,sg_ott,vs_expected,0.19872388458238813,0.03949118230351432,0.49582416610545765,0.10019178022408833,False,14,86,False,4,2026-04-06 19:05:31.003812,Innisbrook Resort and Golf Club - Copperhead Course
2023,2023-04-09,2022-12-26,2023-04-09,665,pga,2023-03-19,3.0,21,sg_arg,sg_total,vs_expected,0.17376953825084265,0.030195852423911068,0.5524344310269749,0.07777326225741825,False,14,86,False,4,2026-04-06 19:05:31.003812,Innisbrook Resort and Golf Club - Copperhead Course
2023,2023-04-09,2022-12-26,2023-04-09,665,pga,2023-03-19,3.0,21,sg_app,sg_total,vs_expected,0.1702232003869028,0.028975937949959667,0.5606960306104525,0.07477972761215876,False,14,86,False,4,2026-04-06 19:05:31.003812,Innisbrook Resort and Golf Club - Copperhead Course
2023,2023-04-09,2022-12-26,2023-04-09,665,pga,2023-03-19,3.0,21,sg_total,sg_putt,vs_expected,0.16624050912347377,0.027635906873631766,0.5700355447834258,0.07147750994020033,False,14,86,False,4,2026-04-06 19:05:31.003812,Innisbrook Resort and Golf Club - Copperhead Course
2023,2023-04-09,2022-12-26,2023-04-09,665,pga,2023-03-19,3.0,21,sg_putt,sg_putt,vs_expected,0.1000081974802775,0.010001639563254184,0.7337337351661246,0.02662880919584208,False,14,86,False,4,2026-04-06 19:05:31.003812,Innisbrook Resort and Golf Club - Copperhead Course
2023,2023-04-09,2022-12-26,2023-04-09,665,pga,2023-03-19,3.0,21,sg_putt,sg_app,vs_expected,0.09712891196676308,0.009434025539847212,0.7411566750423941,0.02514117052299155,False,14,86,False,4,2026-04-06 19:05:31.003812,Innisbrook Resort and Golf Club - Copperhead Course
2023,2023-04-09,2022-12-26,2023-04-09,665,pga,2023-03-19,3.0,21,sg_putt,sg_total,vs_expected,0.0963743455701879,0.009288014484081996,0.7431054783567772,0.024758041403932066,False,14,86,False,4,2026-04-06 19:05:31.003812,Innisbrook Resort and Golf Club - Copperhead Course
2023,2023-04-09,2022-12-26,2023-04-09,665,pga,2023-03-19,3.0,21,sg_arg,sg_app,vs_expected,0.060288022345191455,0.0036346456382943043,0.8377827717593771,0.009779755880945696,False,14,86,False,4,2026-04-06 19:05:31.003812,Innisbrook Resort and Golf Club - Copperhead Course
2023,2023-04-09,2022-12-26,2023-04-09,665,pga,2023-03-19,3.0,21,sg_arg,sg_putt,vs_expected,0.06008373910815315,0.003610055705216612,0.8383258293647259,0.009713988688976846,False,14,86,False,4,2026-04-06 19:05:31.003812,Innisbrook Resort and Golf Club - Copperhead Course
2023,2023-04-09,2022-12-26,2023-04-09,665,pga,2023-03-19,3.0,21,sg_total,sg_total,vs_expected,0.04551673743278814,0.002071773386525377,0.8772091699215658,0.005589037971834192,False,14,86,False,4,2026-04-06 19:05:31.003812,Innisbrook Resort and Golf Club - Copperhead Course
2023,2023-04-09,2022-12-26,2023-04-09,665,pga,2023-03-19,3.0,21,sg_app,sg_putt,vs_expected,-0.023844449504631493,0.0005685577721789211,0.9355134534701407,-0.0015376462024592993,False,14,86,False,4,2026-04-06 19:05:31.003812,Innisbrook Resort and Golf Club - Copperhead Course
2023,2023-04-09,2022-12-26,2023-04-09,665,pga,2023-03-19,3.0,21,sg_total,sg_app,vs_expected,-0.02423481991129786,0.0005873264961330393,0.9344597586053385,-0.0015883559471426114,False,14,86,False,4,2026-04-06 19:05:31.003812,Innisbrook Resort and Golf Club - Copperhead Course
2023,2023-04-09,2022-12-26,2023-04-09,665,pga,2023-03-19,3.0,21,sg_ott,sg_total,vs_expected,-0.26104103992719563,0.06814242452627174,0.3673566399470122,-0.1651458806112672,False,14,86,False,4,2026-04-06 19:05:31.003812,Innisbrook Resort and Golf Club - Copperhead Course
2023,2023-04-09,2022-12-26,2023-04-09,665,pga,2023-03-19,3.0,21,sg_app,sg_arg,vs_expected,-0.28204822018360703,0.07955119850874047,0.3285860410797574,-0.18937111211988386,False,14,86,False,4,2026-04-06 19:05:31.003812,Innisbrook Resort and Golf Club - Copperhead Course
2023,2023-04-09,2022-12-26,2023-04-09,665,pga,2023-03-19,3.0,21,sg_total,sg_arg,vs_expected,-0.321590058131617,0.1034201654890968,0.26219929899505473,-0.23726937032572812,False,14,86,False,4,2026-04-06 19:05:31.003812,Innisbrook Resort and Golf Club - Copperhead Course
2023,2023-04-09,2022-12-26,2023-04-09,665,pga,2023-03-19,3.0,21,sg_ott,sg_app,vs_expected,-0.4001780044295723,0.1601424352292348,0.15624814622936642,-0.33765093307568445,False,14,86,False,4,2026-04-06 19:05:31.003812,Innisbrook Resort and Golf Club - Copperhead Course
2023,2023-04-09,2022-12-26,2023-04-09,665,pga,2023-03-19,3.0,21,sg_putt,sg_arg,vs_expected,-0.43739653648572935,0.19131573012971195,0.11781309104273252,-0.38586549851096025,False,14,86,False,4,2026-04-06 19:05:31.003812,Innisbrook Resort and Golf Club - Copperhead Course
2023,2023-04-09,2022-12-26,2023-04-09,665,pga,2023-03-19,3.0,21,sg_ott,sg_ott,vs_expected,-0.6216382781827051,0.38643414890195826,0.017630152097889137,-0.6106787007884741,False,14,86,False,4,2026-04-06 19:05:31.003812,Innisbrook Resort and Golf Club - Copperhead Course
2023,2023-04-09,2022-12-26,2023-04-09,665,pga,2023-03-19,3.0,21,sg_arg,sg_arg,vs_expected,-0.6401487018351227,0.4097903604611929,0.013665202361768302,-0.6314009402829225,False,14,86,False,4,2026-04-06 19:05:31.003812,Innisbrook Resort and Golf Club - Copperhead Course
2023,2023-04-09,2022-12-26,2023-04-09,11,pga,2023-03-12,4.0,28,sg_ott,sg_ott,vs_expected,0.3808058128591906,0.14501306710734888,0.00636759966508424,0.37838099389276625,True,50,86,False,4,2026-04-06 19:05:31.003812,TPC Sawgrass - THE PLAYERS Stadium Course
2023,2023-04-09,2022-12-26,2023-04-09,11,pga,2023-03-12,4.0,28,sg_total,sg_arg,vs_expected,0.33357630655945186,0.1112731522978454,0.017917024318804722,0.3275996117626491,True,50,86,False,4,2026-04-06 19:05:31.003812,TPC Sawgrass - THE PLAYERS Stadium Course
2023,2023-04-09,2022-12-26,2023-04-09,11,pga,2023-03-12,4.0,28,sg_arg,sg_arg,vs_expected,0.2634985536097648,0.06943148775443811,0.06447015785532148,0.24651076026389437,True,50,86,False,4,2026-04-06 19:05:31.003812,TPC Sawgrass - THE PLAYERS Stadium Course
2023,2023-04-09,2022-12-26,2023-04-09,11,pga,2023-03-12,4.0,28,sg_app,sg_app,vs_expected,0.2293896486726209,0.05261961091814845,0.10905538609864701,0.20437347196959527,True,50,86,False,4,2026-04-06 19:05:31.003812,TPC Sawgrass - THE PLAYERS Stadium Course
2023,2023-04-09,2022-12-26,2023-04-09,11,pga,2023-03-12,4.0,28,sg_ott,sg_total,vs_expected,0.19433562134517712,0.03776633372361606,0.17626743482055546,0.16008057987640395,True,50,86,False,4,2026-04-06 19:05:31.003812,TPC Sawgrass - THE PLAYERS Stadium Course
2023,2023-04-09,2022-12-26,2023-04-09,11,pga,2023-03-12,4.0,28,sg_ott,sg_arg,vs_expected,0.17820141335926756,0.03175574372324055,0.215663401940483,0.13976989032360568,False,50,86,False,4,2026-04-06 19:05:31.003812,TPC Sawgrass - THE PLAYERS Stadium Course
2023,2023-04-09,2022-12-26,2023-04-09,11,pga,2023-03-12,4.0,28,sg_putt,sg_arg,vs_expected,0.1762548602926255,0.03106577577677293,0.22080133009200908,0.13733755270483256,False,50,86,False,4,2026-04-06 19:05:31.003812,TPC Sawgrass - THE PLAYERS Stadium Course
2023,2023-04-09,2022-12-26,2023-04-09,11,pga,2023-03-12,4.0,28,sg_total,sg_ott,vs_expected,0.12208199664076391,0.01490401390379549,0.3983444624213788,0.07345130931757024,False,50,86,False,4,2026-04-06 19:05:31.003812,TPC Sawgrass - THE PLAYERS Stadium Course
2023,2023-04-09,2022-12-26,2023-04-09,11,pga,2023-03-12,4.0,28,sg_total,sg_total,vs_expected,0.11726993517309184,0.013752237695501162,0.41733450990218107,0.06832914425136902,False,50,86,False,4,2026-04-06 19:05:31.003812,TPC Sawgrass - THE PLAYERS Stadium Course
2023,2023-04-09,2022-12-26,2023-04-09,11,pga,2023-03-12,4.0,28,sg_arg,sg_total,vs_expected,0.11509333544672934,0.013246475864253364,0.4260909471295571,0.06605310713793261,False,50,86,False,4,2026-04-06 19:05:31.003812,TPC Sawgrass - THE PLAYERS Stadium Course
2023,2023-04-09,2022-12-26,2023-04-09,11,pga,2023-03-12,4.0,28,sg_arg,sg_app,vs_expected,0.07042130684110456,0.0049591604572090005,0.6269932374330444,0.02626762368053462,False,50,86,False,4,2026-04-06 19:05:31.003812,TPC Sawgrass - THE PLAYERS Stadium Course
2023,2023-04-09,2022-12-26,2023-04-09,11,pga,2023-03-12,4.0,28,sg_total,sg_app,vs_expected,0.0631251338344209,0.003984782521613549,0.6631943671063477,0.021260900652598634,False,50,86,False,4,2026-04-06 19:05:31.003812,TPC Sawgrass - THE PLAYERS Stadium Course
2023,2023-04-09,2022-12-26,2023-04-09,11,pga,2023-03-12,4.0,28,sg_putt,sg_ott,vs_expected,0.050083469188182364,0.0025083538859236123,0.7297912817016388,0.013532990017274224,False,50,86,False,4,2026-04-06 19:05:31.003812,TPC Sawgrass - THE PLAYERS Stadium Course
2023,2023-04-09,2022-12-26,2023-04-09,11,pga,2023-03-12,4.0,28,sg_arg,sg_putt,vs_expected,0.04525532820015762,0.0020480447305039813,0.7549876127255988,0.011088115999207148,False,50,86,False,4,2026-04-06 19:05:31.003812,TPC Sawgrass - THE PLAYERS Stadium Course
2023,2023-04-09,2022-12-26,2023-04-09,11,pga,2023-03-12,4.0,28,sg_app,sg_arg,vs_expected,0.040418052820306444,0.0016336189937850817,0.7804873504606413,0.008872273863807215,False,50,86,False,4,2026-04-06 19:05:31.003812,TPC Sawgrass - THE PLAYERS Stadium Course
2023,2023-04-09,2022-12-26,2023-04-09,11,pga,2023-03-12,4.0,28,sg_ott,sg_app,vs_expected,0.013958009464329374,0.00019482602820630838,0.9233567274163431,0.0010697875240998588,False,50,86,False,4,2026-04-06 19:05:31.003812,TPC Sawgrass - THE PLAYERS Stadium Course
2023,2023-04-09,2022-12-26,2023-04-09,11,pga,2023-03-12,4.0,28,sg_app,sg_total,vs_expected,-0.011408818193894749,0.00013016113258134383,0.9373232706809881,-0.0007150674097885595,False,50,86,False,4,2026-04-06 19:05:31.003812,TPC Sawgrass - THE PLAYERS Stadium Course
2023,2023-04-09,2022-12-26,2023-04-09,11,pga,2023-03-12,4.0,28,sg_putt,sg_putt,vs_expected,-0.05126572089368038,0.002628174138748737,0.7236632006367203,-0.014166605228810851,False,50,86,False,4,2026-04-06 19:05:31.003812,TPC Sawgrass - THE PLAYERS Stadium Course
2023,2023-04-09,2022-12-26,2023-04-09,11,pga,2023-03-12,4.0,28,sg_putt,sg_total,vs_expected,-0.053242308194738616,0.0028347433819035307,0.7134561432431115,-0.015256256332759295,False,50,86,False,4,2026-04-06 19:05:31.003812,TPC Sawgrass - THE PLAYERS Stadium Course
2023,2023-04-09,2022-12-26,2023-04-09,11,pga,2023-03-12,4.0,28,sg_app,sg_ott,vs_expected,-0.07021893982982014,0.004930699510823901,0.6279861759895826,-0.026122416324048797,False,50,86,False,4,2026-04-06 19:05:31.003812,TPC Sawgrass - THE PLAYERS Stadium Course
2023,2023-04-09,2022-12-26,2023-04-09,11,pga,2023-03-12,4.0,28,sg_ott,sg_putt,vs_expected,-0.08389049576265323,0.0070376152793037395,0.5624445725526247,-0.03670674173219996,False,50,86,False,4,2026-04-06 19:05:31.003812,TPC Sawgrass - THE PLAYERS Stadium Course
2023,2023-04-09,2022-12-26,2023-04-09,11,pga,2023-03-12,4.0,28,sg_arg,sg_ott,vs_expected,-0.09372281738084803,0.00878396649780379,0.5173823859295671,-0.04523228250830378,False,50,86,False,4,2026-04-06 19:05:31.003812,TPC Sawgrass - THE PLAYERS Stadium Course
2023,2023-04-09,2022-12-26,2023-04-09,11,pga,2023-03-12,4.0,28,sg_app,sg_putt,vs_expected,-0.16332539252296455,0.026675183842780444,0.2570863867543524,-0.12133665749399926,False,50,86,False,4,2026-04-06 19:05:31.003812,TPC Sawgrass - THE PLAYERS Stadium Course
2023,2023-04-09,2022-12-26,2023-04-09,11,pga,2023-03-12,4.0,28,sg_total,sg_putt,vs_expected,-0.18220555377812878,0.03319886382759458,0.20535804911509584,-0.14478817671631658,False,50,86,False,4,2026-04-06 19:05:31.003812,TPC Sawgrass - THE PLAYERS Stadium Course
2023,2023-04-09,2022-12-26,2023-04-09,11,pga,2023-03-12,4.0,28,sg_putt,sg_app,vs_expected,-0.21172650095503798,0.0448281112066637,0.1399283705163405,-0.1820999566812731,False,50,86,False,4,2026-04-06 19:05:31.003812,TPC Sawgrass - THE PLAYERS Stadium Course
2023,2023-04-09,2022-12-26,2023-04-09,9,pga,2023-03-05,5.0,35,sg_total,sg_ott,vs_expected,0.37416752097547384,0.14000133375293167,0.006833114055737559,0.3716107916286958,True,51,86,False,4,2026-04-06 19:05:31.003812,Arnold Palmer's Bay Hill Club & Lodge
2023,2023-04-09,2022-12-26,2023-04-09,9,pga,2023-03-05,5.0,35,sg_arg,sg_ott,vs_expected,0.2985314308944648,0.08912101523189662,0.033347546256534286,0.2885761401936823,True,51,86,False,4,2026-04-06 19:05:31.003812,Arnold Palmer's Bay Hill Club & Lodge
2023,2023-04-09,2022-12-26,2023-04-09,9,pga,2023-03-05,5.0,35,sg_ott,sg_ott,vs_expected,0.29840154965807275,0.08904348483833925,0.03342810809218761,0.2884265504012264,True,51,86,False,4,2026-04-06 19:05:31.003812,Arnold Palmer's Bay Hill Club & Lodge
2023,2023-04-09,2022-12-26,2023-04-09,9,pga,2023-03-05,5.0,35,sg_arg,sg_app,vs_expected,0.28509628136011955,0.08127988964536845,0.04257884199824271,0.2729572118418005,True,51,86,False,4,2026-04-06 19:05:31.003812,Arnold Palmer's Bay Hill Club & Lodge
2023,2023-04-09,2022-12-26,2023-04-09,9,pga,2023-03-05,5.0,35,sg_arg,sg_total,vs_expected,0.24421853159084472,0.05964269117238842,0.0841514451435119,0.22366718922664872,True,51,86,False,4,2026-04-06 19:05:31.003812,Arnold Palmer's Bay Hill Club & Lodge
2023,2023-04-09,2022-12-26,2023-04-09,9,pga,2023-03-05,5.0,35,sg_ott,sg_app,vs_expected,0.1786735925512573,0.03192425267517271,0.20966945314607152,0.1412111981093912,False,51,86,False,4,2026-04-06 19:05:31.003812,Arnold Palmer's Bay Hill Club & Lodge
2023,2023-04-09,2022-12-26,2023-04-09,9,pga,2023-03-05,5.0,35,sg_putt,sg_ott,vs_expected,0.17477237301092496,0.030545382367869894,0.2199544515019725,0.13633041156760883,False,51,86,False,4,2026-04-06 19:05:31.003812,Arnold Palmer's Bay Hill Club & Lodge
2023,2023-04-09,2022-12-26,2023-04-09,9,pga,2023-03-05,5.0,35,sg_putt,sg_arg,vs_expected,0.12998631351989137,0.016896441702491494,0.3632762302983112,0.08276537555401083,False,51,86,False,4,2026-04-06 19:05:31.003812,Arnold Palmer's Bay Hill Club & Lodge
2023,2023-04-09,2022-12-26,2023-04-09,9,pga,2023-03-05,5.0,35,sg_total,sg_app,vs_expected,0.1260315667371856,0.015883955814229668,0.37818065621572766,0.07836886612462048,False,51,86,False,4,2026-04-06 19:05:31.003812,Arnold Palmer's Bay Hill Club & Lodge
2023,2023-04-09,2022-12-26,2023-04-09,9,pga,2023-03-05,5.0,35,sg_app,sg_ott,vs_expected,0.12109282055300799,0.014663471189482994,0.39729727096954776,0.07298297341329275,False,51,86,False,4,2026-04-06 19:05:31.003812,Arnold Palmer's Bay Hill Club & Lodge
2023,2023-04-09,2022-12-26,2023-04-09,9,pga,2023-03-05,5.0,35,sg_arg,sg_putt,vs_expected,0.08272235906303504,0.0068429886889536965,0.5638713494812669,0.03607759082588756,False,51,86,False,4,2026-04-06 19:05:31.003812,Arnold Palmer's Bay Hill Club & Lodge
2023,2023-04-09,2022-12-26,2023-04-09,9,pga,2023-03-05,5.0,35,sg_ott,sg_total,vs_expected,0.061958368496866256,0.0038388394267934688,0.6658015484609965,0.02070639081153568,False,51,86,False,4,2026-04-06 19:05:31.003812,Arnold Palmer's Bay Hill Club & Lodge
2023,2023-04-09,2022-12-26,2023-04-09,9,pga,2023-03-05,5.0,35,sg_putt,sg_app,vs_expected,0.0504994819331491,0.0025501976755164524,0.7248964155112447,0.013892588494634454,False,51,86,False,4,2026-04-06 19:05:31.003812,Arnold Palmer's Bay Hill Club & Lodge
2023,2023-04-09,2022-12-26,2023-04-09,9,pga,2023-03-05,5.0,35,sg_total,sg_total,vs_expected,0.05039764441288305,0.0025399225623674022,0.7254294097454418,0.013837710973884637,False,51,86,False,4,2026-04-06 19:05:31.003812,Arnold Palmer's Bay Hill Club & Lodge
2023,2023-04-09,2022-12-26,2023-04-09,9,pga,2023-03-05,5.0,35,sg_putt,sg_total,vs_expected,0.03177831761820002,0.0010098614706432018,0.8248025950641743,0.005567478779935073,False,51,86,False,4,2026-04-06 19:05:31.003812,Arnold Palmer's Bay Hill Club & Lodge
2023,2023-04-09,2022-12-26,2023-04-09,9,pga,2023-03-05,5.0,35,sg_app,sg_arg,vs_expected,-0.0896307128887297,0.008033664692941896,0.5316536979859083,-0.04197821292832334,False,51,86,False,4,2026-04-06 19:05:31.003812,Arnold Palmer's Bay Hill Club & Lodge
2023,2023-04-09,2022-12-26,2023-04-09,9,pga,2023-03-05,5.0,35,sg_app,sg_app,vs_expected,-0.11388660416867935,0.012970158609073452,0.4261808485597792,-0.0653503145644799,False,51,86,False,4,2026-04-06 19:05:31.003812,Arnold Palmer's Bay Hill Club & Lodge
2023,2023-04-09,2022-12-26,2023-04-09,9,pga,2023-03-05,5.0,35,sg_app,sg_total,vs_expected,-0.11801354943449968,0.0139271978501291,0.4094967751929497,-0.06968738151199831,False,51,86,False,4,2026-04-06 19:05:31.003812,Arnold Palmer's Bay Hill Club & Lodge
2023,2023-04-09,2022-12-26,2023-04-09,9,pga,2023-03-05,5.0,35,sg_arg,sg_arg,vs_expected,-0.14648374264448577,0.021457486859135937,0.30502595260247695,-0.10180239950357542,False,51,86,False,4,2026-04-06 19:05:31.003812,Arnold Palmer's Bay Hill Club & Lodge
2023,2023-04-09,2022-12-26,2023-04-09,9,pga,2023-03-05,5.0,35,sg_app,sg_putt,vs_expected,-0.15509423886586515,0.024054222929382037,0.27715706987135297,-0.11210877406787424,False,51,86,False,4,2026-04-06 19:05:31.003812,Arnold Palmer's Bay Hill Club & Lodge
2023,2023-04-09,2022-12-26,2023-04-09,9,pga,2023-03-05,5.0,35,sg_ott,sg_putt,vs_expected,-0.1821990739086609,0.03319650253317368,0.20066950012215862,-0.14563727682468972,False,51,86,False,4,2026-04-06 19:05:31.003812,Arnold Palmer's Bay Hill Club & Lodge
2023,2023-04-09,2022-12-26,2023-04-09,9,pga,2023-03-05,5.0,35,sg_total,sg_arg,vs_expected,-0.18458800660194083,0.034072732181278154,0.19472840712531517,-0.14864347810190773,False,51,86,False,4,2026-04-06 19:05:31.003812,Arnold Palmer's Bay Hill Club & Lodge
2023,2023-04-09,2022-12-26,2023-04-09,9,pga,2023-03-05,5.0,35,sg_putt,sg_putt,vs_expected,-0.23769682436116618,0.056499780311383085,0.09303918799843654,-0.2155817048327963,False,51,86,False,4,2026-04-06 19:05:31.003812,Arnold Palmer's Bay Hill Club & Lodge
2023,2023-04-09,2022-12-26,2023-04-09,9,pga,2023-03-05,5.0,35,sg_ott,sg_arg,vs_expected,-0.27546499324223245,0.07588096250194316,0.05040874091394909,-0.261579149767022,False,51,86,False,4,2026-04-06 19:05:31.003812,Arnold Palmer's Bay Hill Club & Lodge
2023,2023-04-09,2022-12-26,2023-04-09,9,pga,2023-03-05,5.0,35,sg_total,sg_putt,vs_expected,-0.27558075955698846,0.07594475503800668,0.05030812688709933,-0.2617168077375523,False,51,86,False,4,2026-04-06 19:05:31.003812,Arnold Palmer's Bay Hill Club & Lodge
2023,2023-04-09,2022-12-26,2023-04-09,734,pga,2023-02-26,6.0,42,sg_ott,sg_arg,vs_expected,0.767534694374174,0.5891095070680566,0.0035639243759280834,0.7647992587675233,True,12,86,False,4,2026-04-06 19:05:31.003812,PGA National Resort (The Champion)
2023,2023-04-09,2022-12-26,2023-04-09,734,pga,2023-02-26,6.0,42,sg_ott,sg_ott,vs_expected,0.6169549199649371,0.380633373268942,0.03259764470264406,0.5968436426863719,True,12,86,False,4,2026-04-06 19:05:31.003812,PGA National Resort (The Champion)
2023,2023-04-09,2022-12-26,2023-04-09,734,pga,2023-02-26,6.0,42,sg_arg,sg_app,vs_expected,0.552666944068622,0.30544075106614943,0.06238574687463223,0.5181884039899805,True,12,86,False,4,2026-04-06 19:05:31.003812,PGA National Resort (The Champion)
2023,2023-04-09,2022-12-26,2023-04-09,734,pga,2023-02-26,6.0,42,sg_ott,sg_total,vs_expected,0.5305395342213419,0.28147219737179846,0.07597004594377234,0.490234421431559,True,12,86,False,4,2026-04-06 19:05:31.003812,PGA National Resort (The Champion)
2023,2023-04-09,2022-12-26,2023-04-09,734,pga,2023-02-26,6.0,42,sg_ott,sg_putt,vs_expected,0.4662913681174972,0.2174276399808873,0.12651136206533198,0.40730021201764555,True,12,86,False,4,2026-04-06 19:05:31.003812,PGA National Resort (The Champion)
2023,2023-04-09,2022-12-26,2023-04-09,734,pga,2023-02-26,6.0,42,sg_app,sg_arg,vs_expected,0.3557810733879465,0.1265801721810794,0.2563709476147543,0.26456914246008423,True,12,86,False,4,2026-04-06 19:05:31.003812,PGA National Resort (The Champion)
2023,2023-04-09,2022-12-26,2023-04-09,734,pga,2023-02-26,6.0,42,sg_app,sg_ott,vs_expected,0.3526418055818588,0.1243562430440335,0.2608898819062479,0.2606411265684016,True,12,86,False,4,2026-04-06 19:05:31.003812,PGA National Resort (The Champion)
2023,2023-04-09,2022-12-26,2023-04-09,734,pga,2023-02-26,6.0,42,sg_total,sg_ott,vs_expected,0.3052642087806111,0.09318623716245253,0.33461657508550324,0.20311774474225702,True,12,86,False,4,2026-04-06 19:05:31.003812,PGA National Resort (The Champion)
2023,2023-04-09,2022-12-26,2023-04-09,734,pga,2023-02-26,6.0,42,sg_app,sg_total,vs_expected,0.25452455644279026,0.06478274983239912,0.424676440490292,0.14643397379529566,False,12,86,False,4,2026-04-06 19:05:31.003812,PGA National Resort (The Champion)
2023,2023-04-09,2022-12-26,2023-04-09,734,pga,2023-02-26,6.0,42,sg_total,sg_total,vs_expected,0.21690483786147435,0.04704770868771248,0.4983091303988602,0.10881917672741728,False,12,86,False,4,2026-04-06 19:05:31.003812,PGA National Resort (The Champion)
2023,2023-04-09,2022-12-26,2023-04-09,734,pga,2023-02-26,6.0,42,sg_total,sg_arg,vs_expected,0.1355983455464173,0.01838691131492559,0.6743476743728666,0.044157916578382445,False,12,86,False,4,2026-04-06 19:05:31.003812,PGA National Resort (The Champion)
2023,2023-04-09,2022-12-26,2023-04-09,734,pga,2023-02-26,6.0,42,sg_putt,sg_putt,vs_expected,0.10545000926400344,0.011119704453778412,0.7443033214182846,0.0269632171252168,False,12,86,False,4,2026-04-06 19:05:31.003812,PGA National Resort (The Champion)
2023,2023-04-09,2022-12-26,2023-04-09,734,pga,2023-02-26,6.0,42,sg_total,sg_putt,vs_expected,0.06867173719524151,0.004715807489412317,0.8320612557466345,0.011532645310265993,False,12,86,False,4,2026-04-06 19:05:31.003812,PGA National Resort (The Champion)
2023,2023-04-09,2022-12-26,2023-04-09,734,pga,2023-02-26,6.0,42,sg_app,sg_putt,vs_expected,0.014793345814615944,0.00021884308039081505,0.9636051212311716,0.0005384020275083024,False,12,86,False,4,2026-04-06 19:05:31.003812,PGA National Resort (The Champion)
2023,2023-04-09,2022-12-26,2023-04-09,734,pga,2023-02-26,6.0,42,sg_app,sg_app,vs_expected,-0.014929630829097693,0.00022289387669314426,0.9632700285333867,-0.0005483649143598282,False,12,86,False,4,2026-04-06 19:05:31.003812,PGA National Resort (The Champion)
2023,2023-04-09,2022-12-26,2023-04-09,734,pga,2023-02-26,6.0,42,sg_putt,sg_ott,vs_expected,-0.024941844229361326,0.0006220955935617249,0.9386705642886379,-0.0015296692321874225,False,12,86,False,4,2026-04-06 19:05:31.003812,PGA National Resort (The Champion)
2023,2023-04-09,2022-12-26,2023-04-09,734,pga,2023-02-26,6.0,42,sg_total,sg_app,vs_expected,-0.04494441429865939,0.002020000376649539,0.8896919616318988,-0.004957730176888357,False,12,86,False,4,2026-04-06 19:05:31.003812,PGA National Resort (The Champion)
2023,2023-04-09,2022-12-26,2023-04-09,734,pga,2023-02-26,6.0,42,sg_putt,sg_app,vs_expected,-0.2038744525482332,0.041564792401841785,0.5250632959156817,-0.09682746054025262,False,12,86,False,4,2026-04-06 19:05:31.003812,PGA National Resort (The Champion)
2023,2023-04-09,2022-12-26,2023-04-09,734,pga,2023-02-26,6.0,42,sg_arg,sg_total,vs_expected,-0.23424033928427468,0.05486853654801212,0.4636924895271287,-0.12562485321387007,False,12,86,False,4,2026-04-06 19:05:31.003812,PGA National Resort (The Champion)
2023,2023-04-09,2022-12-26,2023-04-09,734,pga,2023-02-26,6.0,42,sg_putt,sg_total,vs_expected,-0.23682324871245286,0.056085251130720305,0.45863351475465114,-0.12820816977984567,False,12,86,False,4,2026-04-06 19:05:31.003812,PGA National Resort (The Champion)
2023,2023-04-09,2022-12-26,2023-04-09,734,pga,2023-02-26,6.0,42,sg_arg,sg_putt,vs_expected,-0.28267794455415585,0.0799068203373624,0.3733332703603164,-0.17714486305502067,False,12,86,False,4,2026-04-06 19:05:31.003812,PGA National Resort (The Champion)
2023,2023-04-09,2022-12-26,2023-04-09,734,pga,2023-02-26,6.0,42,sg_putt,sg_arg,vs_expected,-0.37644426881963244,0.1417102875271477,0.22777612951824094,-0.2906992502885723,False,12,86,False,4,2026-04-06 19:05:31.003812,PGA National Resort (The Champion)
2023,2023-04-09,2022-12-26,2023-04-09,734,pga,2023-02-26,6.0,42,sg_ott,sg_app,vs_expected,-0.380028883845286,0.14442195255669388,0.2230190668254247,-0.2952751968034026,False,12,86,False,4,2026-04-06 19:05:31.003812,PGA National Resort (The Champion)
2023,2023-04-09,2022-12-26,2023-04-09,734,pga,2023-02-26,6.0,42,sg_arg,sg_ott,vs_expected,-0.5753263158982911,0.3310003697651002,0.05032297598587356,-0.5463741835193003,False,12,86,False,4,2026-04-06 19:05:31.003812,PGA National Resort (The Champion)
2023,2023-04-09,2022-12-26,2023-04-09,734,pga,2023-02-26,6.0,42,sg_arg,sg_arg,vs_expected,-0.5812843462095085,0.33789149114821576,0.04744574064532501,-0.5537048798780648,False,12,86,False,4,2026-04-06 19:05:31.003812,PGA National Resort (The Champion)
2023,2023-04-09,2022-12-26,2023-04-09,500,pga,2023-02-19,7.0,49,sg_app,sg_app,vs_expected,0.2846380779212626,0.08101883540271076,0.045129913810575184,0.27179238599746824,True,50,86,False,4,2026-04-06 19:05:31.003812,The Riviera Country Club
2023,2023-04-09,2022-12-26,2023-04-09,500,pga,2023-02-19,7.0,49,sg_app,sg_ott,vs_expected,0.2827311002245487,0.07993687503418381,0.046652543178193784,0.26954097536350474,True,50,86,False,4,2026-04-06 19:05:31.003812,The Riviera Country Club
2023,2023-04-09,2022-12-26,2023-04-09,500,pga,2023-02-19,7.0,49,sg_app,sg_total,vs_expected,0.2452397792510753,0.060142549327116136,0.08605795980895332,0.22413494418472965,True,50,86,False,4,2026-04-06 19:05:31.003812,The Riviera Country Club
2023,2023-04-09,2022-12-26,2023-04-09,500,pga,2023-02-19,7.0,49,sg_ott,sg_app,vs_expected,0.10166255344344455,0.010335274772641219,0.48236488477773454,0.05262410756548714,False,50,86,False,4,2026-04-06 19:05:31.003812,The Riviera Country Club
2023,2023-04-09,2022-12-26,2023-04-09,500,pga,2023-02-19,7.0,49,sg_ott,sg_arg,vs_expected,0.07605257506402166,0.005783994173868649,0.5996301946443505,0.030449154675178274,False,50,86,False,4,2026-04-06 19:05:31.003812,The Riviera Country Club
2023,2023-04-09,2022-12-26,2023-04-09,500,pga,2023-02-19,7.0,49,sg_app,sg_putt,vs_expected,0.07180277873025388,0.005155639033385799,0.6202324216562496,0.027268367396740666,False,50,86,False,4,2026-04-06 19:05:31.003812,The Riviera Country Club
2023,2023-04-09,2022-12-26,2023-04-09,500,pga,2023-02-19,7.0,49,sg_total,sg_app,vs_expected,0.04981220630962447,0.0024812558974325917,0.7311997212514836,0.013389534941105665,False,50,86,False,4,2026-04-06 19:05:31.003812,The Riviera Country Club
2023,2023-04-09,2022-12-26,2023-04-09,500,pga,2023-02-19,7.0,49,sg_total,sg_ott,vs_expected,0.041289668353910305,0.0017048367127759023,0.7758748364482371,0.009254053672818197,False,50,86,False,4,2026-04-06 19:05:31.003812,The Riviera Country Club
2023,2023-04-09,2022-12-26,2023-04-09,500,pga,2023-02-19,7.0,49,sg_ott,sg_total,vs_expected,0.011785152935397399,0.0001388898297107059,0.9352601263677662,0.0007629693117741764,False,50,86,False,4,2026-04-06 19:05:31.003812,The Riviera Country Club
2023,2023-04-09,2022-12-26,2023-04-09,500,pga,2023-02-19,7.0,49,sg_arg,sg_arg,vs_expected,0.00836425800475886,6.996081197017266e-05,0.9540279978730624,0.0003845216867850295,False,50,86,False,4,2026-04-06 19:05:31.003812,The Riviera Country Club
2023,2023-04-09,2022-12-26,2023-04-09,500,pga,2023-02-19,7.0,49,sg_arg,sg_putt,vs_expected,-0.0013799723861955826,1.9043237866623302e-06,0.9924113775065888,-1.0472089490170112e-05,False,50,86,False,4,2026-04-06 19:05:31.003812,The Riviera Country Club
2023,2023-04-09,2022-12-26,2023-04-09,500,pga,2023-02-19,7.0,49,sg_putt,sg_app,vs_expected,-0.029359734665441097,0.0008619940196251037,0.8396061276550624,-0.0047091215340099996,False,50,86,False,4,2026-04-06 19:05:31.003812,The Riviera Country Club
2023,2023-04-09,2022-12-26,2023-04-09,500,pga,2023-02-19,7.0,49,sg_ott,sg_ott,vs_expected,-0.03254085332581752,0.0010589071351723692,0.8224942507121831,-0.0057761885520641884,False,50,86,False,4,2026-04-06 19:05:31.003812,The Riviera Country Club
2023,2023-04-09,2022-12-26,2023-04-09,500,pga,2023-02-19,7.0,49,sg_total,sg_total,vs_expected,-0.05540972562651496,0.0030702376940056684,0.7023205225616796,-0.01649433816950168,False,50,86,False,4,2026-04-06 19:05:31.003812,The Riviera Country Club
2023,2023-04-09,2022-12-26,2023-04-09,500,pga,2023-02-19,7.0,49,sg_putt,sg_ott,vs_expected,-0.05731316088118285,0.003284798410192348,0.6925918533510158,-0.017618532565079482,False,50,86,False,4,2026-04-06 19:05:31.003812,The Riviera Country Club
2023,2023-04-09,2022-12-26,2023-04-09,500,pga,2023-02-19,7.0,49,sg_total,sg_arg,vs_expected,-0.05735511367453524,0.003289609064618859,0.6923779731613099,-0.017643696318124003,False,50,86,False,4,2026-04-06 19:05:31.003812,The Riviera Country Club
2023,2023-04-09,2022-12-26,2023-04-09,500,pga,2023-02-19,7.0,49,sg_ott,sg_putt,vs_expected,-0.06509554163319678,0.004237429540519255,0.6533380982356,-0.022566144258947676,False,50,86,False,4,2026-04-06 19:05:31.003812,The Riviera Country Club
2023,2023-04-09,2022-12-26,2023-04-09,500,pga,2023-02-19,7.0,49,sg_app,sg_arg,vs_expected,-0.07493095199625653,0.0056146475670653005,0.6050384367742562,-0.02959484593443465,False,50,86,False,4,2026-04-06 19:05:31.003812,The Riviera Country Club
2023,2023-04-09,2022-12-26,2023-04-09,500,pga,2023-02-19,7.0,49,sg_putt,sg_arg,vs_expected,-0.0803090879264792,0.006449549603582967,0.579301915241062,-0.03378587947940695,False,50,86,False,4,2026-04-06 19:05:31.003812,The Riviera Country Club
2023,2023-04-09,2022-12-26,2023-04-09,500,pga,2023-02-19,7.0,49,sg_total,sg_putt,vs_expected,-0.13083262731547207,0.01711717637026921,0.3651325543689121,-0.08306137590897784,False,50,86,False,4,2026-04-06 19:05:31.003812,The Riviera Country Club
2023,2023-04-09,2022-12-26,2023-04-09,500,pga,2023-02-19,7.0,49,sg_putt,sg_total,vs_expected,-0.1845422236093773,0.03405583229469342,0.19950692426212074,-0.14772477218057792,False,50,86,False,4,2026-04-06 19:05:31.003812,The Riviera Country Club
2023,2023-04-09,2022-12-26,2023-04-09,500,pga,2023-02-19,7.0,49,sg_arg,sg_ott,vs_expected,-0.2029643071296905,0.04119450996863533,0.15746854062257243,-0.17100381388750654,False,50,86,False,4,2026-04-06 19:05:31.003812,The Riviera Country Club
2023,2023-04-09,2022-12-26,2023-04-09,500,pga,2023-02-19,7.0,49,sg_arg,sg_total,vs_expected,-0.2088536403828325,0.04361984310116152,0.1455109314514898,-0.17846315263369206,False,50,86,False,4,2026-04-06 19:05:31.003812,The Riviera Country Club
2023,2023-04-09,2022-12-26,2023-04-09,500,pga,2023-02-19,7.0,49,sg_arg,sg_app,vs_expected,-0.2187495290901309,0.04785135647715402,0.12695489777306362,-0.19097820498658752,False,50,86,False,4,2026-04-06 19:05:31.003812,The Riviera Country Club
2023,2023-04-09,2022-12-26,2023-04-09,500,pga,2023-02-19,7.0,49,sg_putt,sg_putt,vs_expected,-0.2206915185963808,0.048704746380376696,0.1235328057137032,-0.19342887610695197,False,50,86,False,4,2026-04-06 19:05:31.003812,The Riviera Country Club
2023,2023-04-09,2022-12-26,2023-04-09,510,pga,2023-02-12,8.0,56,sg_ott,sg_app,vs_expected,0.4153491247783123,0.17251489545411006,0.004099116750291076,0.4136465602237148,True,46,86,False,4,2026-04-06 19:05:31.003812,TPC Scottsdale (Stadium Course)
2023,2023-04-09,2022-12-26,2023-04-09,510,pga,2023-02-12,8.0,56,sg_total,sg_app,vs_expected,0.41080738830602836,0.16876271028681997,0.004569262234031207,0.40893030162118066,True,46,86,False,4,2026-04-06 19:05:31.003812,TPC Scottsdale (Stadium Course)
2023,2023-04-09,2022-12-26,2023-04-09,510,pga,2023-02-12,8.0,56,sg_ott,sg_ott,vs_expected,0.25208166293952117,0.06354516479035435,0.09101570063334255,0.22913827377026255,True,46,86,False,4,2026-04-06 19:05:31.003812,TPC Scottsdale (Stadium Course)
2023,2023-04-09,2022-12-26,2023-04-09,510,pga,2023-02-12,8.0,56,sg_putt,sg_app,vs_expected,0.21137826644096364,0.044680771523587015,0.1584882469494353,0.17787729554952467,True,46,86,False,4,2026-04-06 19:05:31.003812,TPC Scottsdale (Stadium Course)
2023,2023-04-09,2022-12-26,2023-04-09,510,pga,2023-02-12,8.0,56,sg_arg,sg_app,vs_expected,0.18307644448386606,0.03351698452485409,0.22328561247250067,0.14219810844799827,False,46,86,False,4,2026-04-06 19:05:31.003812,TPC Scottsdale (Stadium Course)
2023,2023-04-09,2022-12-26,2023-04-09,510,pga,2023-02-12,8.0,56,sg_arg,sg_ott,vs_expected,0.16318338959744,0.02662881864050989,0.27854736848540496,0.11772908584454449,False,46,86,False,4,2026-04-06 19:05:31.003812,TPC Scottsdale (Stadium Course)
2023,2023-04-09,2022-12-26,2023-04-09,510,pga,2023-02-12,8.0,56,sg_app,sg_app,vs_expected,0.16226477489004823,0.026329857170118025,0.28129895454875903,0.11661986335338795,False,46,86,False,4,2026-04-06 19:05:31.003812,TPC Scottsdale (Stadium Course)
2023,2023-04-09,2022-12-26,2023-04-09,510,pga,2023-02-12,8.0,56,sg_ott,sg_total,vs_expected,0.16095451583604525,0.025906356168015742,0.2852543729999315,0.11504153633972662,False,46,86,False,4,2026-04-06 19:05:31.003812,TPC Scottsdale (Stadium Course)
2023,2023-04-09,2022-12-26,2023-04-09,510,pga,2023-02-12,8.0,56,sg_total,sg_ott,vs_expected,0.08717513431970669,0.007599504043658904,0.5645628017952525,0.037959296241295605,False,46,86,False,4,2026-04-06 19:05:31.003812,TPC Scottsdale (Stadium Course)
2023,2023-04-09,2022-12-26,2023-04-09,510,pga,2023-02-12,8.0,56,sg_total,sg_total,vs_expected,0.050474729153010975,0.002547698283069816,0.7390380897318959,0.01317198174003491,False,46,86,False,4,2026-04-06 19:05:31.003812,TPC Scottsdale (Stadium Course)
2023,2023-04-09,2022-12-26,2023-04-09,510,pga,2023-02-12,8.0,56,sg_arg,sg_total,vs_expected,0.05042099473433395,0.002542276709999732,0.7393061369158095,0.013144443897841146,False,46,86,False,4,2026-04-06 19:05:31.003812,TPC Scottsdale (Stadium Course)
2023,2023-04-09,2022-12-26,2023-04-09,510,pga,2023-02-12,8.0,56,sg_putt,sg_total,vs_expected,0.044384453883437286,0.0019699797465309713,0.7696063469027463,0.010225896470931703,False,46,86,False,4,2026-04-06 19:05:31.003812,TPC Scottsdale (Stadium Course)
2023,2023-04-09,2022-12-26,2023-04-09,510,pga,2023-02-12,8.0,56,sg_putt,sg_putt,vs_expected,0.039340816275378485,0.0015476998252130848,0.7951879604255943,0.008057472819882243,False,46,86,False,4,2026-04-06 19:05:31.003812,TPC Scottsdale (Stadium Course)
2023,2023-04-09,2022-12-26,2023-04-09,510,pga,2023-02-12,8.0,56,sg_ott,sg_arg,vs_expected,0.0068352941386301685,4.6721245961591936e-05,0.9640404524360692,0.00024579408469152915,False,46,86,False,4,2026-04-06 19:05:31.003812,TPC Scottsdale (Stadium Course)
2023,2023-04-09,2022-12-26,2023-04-09,510,pga,2023-02-12,8.0,56,sg_putt,sg_ott,vs_expected,-0.008571105973628562,7.346385761117122e-05,0.954917021498325,-0.0003864109863446744,False,46,86,False,4,2026-04-06 19:05:31.003812,TPC Scottsdale (Stadium Course)
2023,2023-04-09,2022-12-26,2023-04-09,510,pga,2023-02-12,8.0,56,sg_app,sg_arg,vs_expected,-0.05363393023171686,0.0028765984721006717,0.7233336140572866,-0.014838705641112742,False,46,86,False,4,2026-04-06 19:05:31.003812,TPC Scottsdale (Stadium Course)
2023,2023-04-09,2022-12-26,2023-04-09,510,pga,2023-02-12,8.0,56,sg_total,sg_arg,vs_expected,-0.0822769335019759,0.006769493786488565,0.5867201200860473,-0.03400340119738487,False,46,86,False,4,2026-04-06 19:05:31.003812,TPC Scottsdale (Stadium Course)
2023,2023-04-09,2022-12-26,2023-04-09,510,pga,2023-02-12,8.0,56,sg_putt,sg_arg,vs_expected,-0.08404132469052679,0.007062944255738547,0.578694048872687,-0.03540711023274172,False,46,86,False,4,2026-04-06 19:05:31.003812,TPC Scottsdale (Stadium Course)
2023,2023-04-09,2022-12-26,2023-04-09,510,pga,2023-02-12,8.0,56,sg_arg,sg_arg,vs_expected,-0.10576239913823901,0.01118568507147618,0.4842144056575093,-0.05455072189860433,False,46,86,False,4,2026-04-06 19:05:31.003812,TPC Scottsdale (Stadium Course)
2023,2023-04-09,2022-12-26,2023-04-09,510,pga,2023-02-12,8.0,56,sg_arg,sg_putt,vs_expected,-0.10804527324757142,0.011673781071142373,0.47477707254312207,-0.056747854712967755,False,46,86,False,4,2026-04-06 19:05:31.003812,TPC Scottsdale (Stadium Course)
2023,2023-04-09,2022-12-26,2023-04-09,510,pga,2023-02-12,8.0,56,sg_app,sg_total,vs_expected,-0.13441391978119888,0.018067101830946567,0.37314285900434124,-0.08425832546406214,False,46,86,False,4,2026-04-06 19:05:31.003812,TPC Scottsdale (Stadium Course)
2023,2023-04-09,2022-12-26,2023-04-09,510,pga,2023-02-12,8.0,56,sg_app,sg_ott,vs_expected,-0.14511267459015514,0.02105768832670826,0.3359380060164293,-0.09636381204062745,False,46,86,False,4,2026-04-06 19:05:31.003812,TPC Scottsdale (Stadium Course)
2023,2023-04-09,2022-12-26,2023-04-09,510,pga,2023-02-12,8.0,56,sg_app,sg_putt,vs_expected,-0.16905522522134425,0.02857966917463943,0.26137771408733285,-0.12486795689847008,False,46,86,False,4,2026-04-06 19:05:31.003812,TPC Scottsdale (Stadium Course)
2023,2023-04-09,2022-12-26,2023-04-09,510,pga,2023-02-12,8.0,56,sg_total,sg_putt,vs_expected,-0.19572649259586752,0.03830885990388019,0.19237036654561734,-0.15807451547251242,False,46,86,False,4,2026-04-06 19:05:31.003812,TPC Scottsdale (Stadium Course)
2023,2023-04-09,2022-12-26,2023-04-09,510,pga,2023-02-12,8.0,56,sg_ott,sg_putt,vs_expected,-0.19651821512764395,0.03861940887695495,0.19054205976242927,-0.15907322963638648,False,46,86,False,4,2026-04-06 19:05:31.003812,TPC Scottsdale (Stadium Course)
2023,2023-04-09,2022-12-26,2023-04-09,205,pga,2023-02-05,9.0,63,sg_total,sg_ott,vs_expected,0.5576332057104475,0.31095479211091026,0.0595862362263474,0.5244059417873294,True,12,86,False,4,2026-04-06 19:05:31.003812,Spyglass Hill Golf Course
2023,2023-04-09,2022-12-26,2023-04-09,5,pga,2023-02-05,9.0,63,sg_putt,sg_arg,vs_expected,0.5361727128593125,0.28748117801491474,0.07233610877359234,0.49738806518048917,True,12,86,False,4,2026-04-06 19:05:31.003812,Pebble Beach Golf Links
2023,2023-04-09,2022-12-26,2023-04-09,5,pga,2023-02-05,9.0,63,sg_total,sg_arg,vs_expected,0.4023126602597287,0.16185547660525992,0.19479625699108827,0.3239436599010062,True,12,86,False,4,2026-04-06 19:05:31.003812,Pebble Beach Golf Links
2023,2023-04-09,2022-12-26,2023-04-09,5,pga,2023-02-05,9.0,63,sg_ott,sg_putt,vs_expected,0.36431177514395435,0.13272306950853915,0.2443235604463999,0.27530182512823514,True,12,86,False,4,2026-04-06 19:05:31.003812,Pebble Beach Golf Links
2023,2023-04-09,2022-12-26,2023-04-09,5,pga,2023-02-05,9.0,63,sg_ott,sg_arg,vs_expected,0.33205913222412864,0.11026326729344135,0.29165297281344893,0.23521309916110741,True,12,86,False,4,2026-04-06 19:05:31.003812,Pebble Beach Golf Links
2023,2023-04-09,2022-12-26,2023-04-09,5,pga,2023-02-05,9.0,63,sg_arg,sg_putt,vs_expected,0.2381773715961474,0.05672846034044929,0.4559917238999692,0.12957046132805658,False,12,86,False,4,2026-04-06 19:05:31.003812,Pebble Beach Golf Links
2023,2023-04-09,2022-12-26,2023-04-09,5,pga,2023-02-05,9.0,63,sg_app,sg_arg,vs_expected,0.22706973733068905,0.05156066561142812,0.4778726380711614,0.118559322926347,False,12,86,False,4,2026-04-06 19:05:31.003812,Pebble Beach Golf Links
2023,2023-04-09,2022-12-26,2023-04-09,5,pga,2023-02-05,9.0,63,sg_total,sg_putt,vs_expected,0.12180852772882408,0.014837317427463706,0.7060884360092097,0.035800934892194235,False,12,86,False,4,2026-04-06 19:05:31.003812,Pebble Beach Golf Links
2023,2023-04-09,2022-12-26,2023-04-09,769,pga,2023-02-05,9.0,63,sg_total,sg_app,vs_expected,0.06778917223659432,0.0045953718725226505,0.8341930290620845,0.011239917310938345,False,12,86,False,4,2026-04-06 19:05:31.003812,Monterey Peninsula CC
2023,2023-04-09,2022-12-26,2023-04-09,5,pga,2023-02-05,9.0,63,sg_putt,sg_putt,vs_expected,0.06263577523696164,0.003923240339535177,0.8466607487743778,0.009604522874772066,False,12,86,False,4,2026-04-06 19:05:31.003812,Pebble Beach Golf Links
2023,2023-04-09,2022-12-26,2023-04-09,5,pga,2023-02-05,9.0,63,sg_arg,sg_arg,vs_expected,0.05067117190260291,0.0025675676619831347,0.8757273237049981,0.006297042143340569,False,12,86,False,4,2026-04-06 19:05:31.003812,Pebble Beach Golf Links
2023,2023-04-09,2022-12-26,2023-04-09,5,pga,2023-02-05,9.0,63,sg_arg,sg_total,vs_expected,0.035472234598311475,0.0012582794273976457,0.9128513371709432,0.0030913578128014484,False,12,86,False,4,2026-04-06 19:05:31.003812,Pebble Beach Golf Links
2023,2023-04-09,2022-12-26,2023-04-09,5,pga,2023-02-05,9.0,63,sg_app,sg_putt,vs_expected,-0.006402836920857573,4.099632063509688e-05,0.9842438797876523,-0.00010088386822509034,False,12,86,False,4,2026-04-06 19:05:31.003812,Pebble Beach Golf Links
2023,2023-04-09,2022-12-26,2023-04-09,769,pga,2023-02-05,9.0,63,sg_total,sg_putt,vs_expected,-0.029229245192203317,0.0008543487745059407,0.9281505307071299,-0.002100105754890982,False,12,86,False,4,2026-04-06 19:05:31.003812,Monterey Peninsula CC
2023,2023-04-09,2022-12-26,2023-04-09,5,pga,2023-02-05,9.0,63,sg_ott,sg_total,vs_expected,-0.04390992382198683,0.0019280814100526864,0.8922177371183373,-0.004732710952495168,False,12,86,False,4,2026-04-06 19:05:31.003812,Pebble Beach Golf Links
2023,2023-04-09,2022-12-26,2023-04-09,5,pga,2023-02-05,9.0,63,sg_arg,sg_ott,vs_expected,-0.061349449913591425,0.003763755004700263,0.8497779309671567,-0.009216041300046494,False,12,86,False,4,2026-04-06 19:05:31.003812,Pebble Beach Golf Links
2023,2023-04-09,2022-12-26,2023-04-09,769,pga,2023-02-05,9.0,63,sg_total,sg_ott,vs_expected,-0.11262081309975294,0.012683447543249484,0.7274810411781524,-0.03069130672761457,False,12,86,False,4,2026-04-06 19:05:31.003812,Monterey Peninsula CC
2023,2023-04-09,2022-12-26,2023-04-09,205,pga,2023-02-05,9.0,63,sg_total,sg_app,vs_expected,-0.15099781192674788,0.022800339206665524,0.6394712082048246,-0.054439058697665535,False,12,86,False,4,2026-04-06 19:05:31.003812,Spyglass Hill Golf Course
2023,2023-04-09,2022-12-26,2023-04-09,5,pga,2023-02-05,9.0,63,sg_arg,sg_app,vs_expected,-0.2158323829426055,0.04658361752668351,0.500487781165963,-0.10781091249989842,False,12,86,False,4,2026-04-06 19:05:31.003812,Pebble Beach Golf Links
2023,2023-04-09,2022-12-26,2023-04-09,769,pga,2023-02-05,9.0,63,sg_total,sg_arg,vs_expected,-0.22267561436078448,0.049584429230952805,0.48665935752182876,-0.1143084429401866,False,12,86,False,4,2026-04-06 19:05:31.003812,Monterey Peninsula CC
2023,2023-04-09,2022-12-26,2023-04-09,5,pga,2023-02-05,9.0,63,sg_app,sg_ott,vs_expected,-0.22835564879740786,0.05214630233768508,0.4753151474177561,-0.11981474992559059,False,12,86,False,4,2026-04-06 19:05:31.003812,Pebble Beach Golf Links
2023,2023-04-09,2022-12-26,2023-04-09,769,pga,2023-02-05,9.0,63,sg_total,sg_total,vs_expected,-0.24014834999883344,0.057671230007162205,0.4521593979457922,-0.13156301664568554,False,12,86,False,4,2026-04-06 19:05:31.003812,Monterey Peninsula CC
2023,2023-04-09,2022-12-26,2023-04-09,205,pga,2023-02-05,9.0,63,sg_total,sg_arg,vs_expected,-0.2998125654446638,0.0898875743985108,0.3437549613357795,-0.19675050860225252,False,12,86,False,4,2026-04-06 19:05:31.003812,Spyglass Hill Golf Course
2023,2023-04-09,2022-12-26,2023-04-09,5,pga,2023-02-05,9.0,63,sg_app,sg_total,vs_expected,-0.3089323918825054,0.09543922275424588,0.32854263799739364,-0.20743492889058243,False,12,86,False,4,2026-04-06 19:05:31.003812,Pebble Beach Golf Links
2023,2023-04-09,2022-12-26,2023-04-09,5,pga,2023-02-05,9.0,63,sg_total,sg_total,vs_expected,-0.31600026114040614,0.09985616504080487,0.3170103666374956,-0.21582490249874164,False,12,86,False,4,2026-04-06 19:05:31.003812,Pebble Beach Golf Links
2023,2023-04-09,2022-12-26,2023-04-09,205,pga,2023-02-05,9.0,63,sg_total,sg_total,vs_expected,-0.34992107835496833,0.12244476107710388,0.2648434928899034,-0.25724675772763694,False,12,86,False,4,2026-04-06 19:05:31.003812,Spyglass Hill Golf Course
2023,2023-04-09,2022-12-26,2023-04-09,5,pga,2023-02-05,9.0,63,sg_putt,sg_total,vs_expected,-0.39702270687455465,0.15762702977399853,0.20128588403242814,-0.3171076403403624,False,12,86,False,4,2026-04-06 19:05:31.003812,Pebble Beach Golf Links
2023,2023-04-09,2022-12-26,2023-04-09,205,pga,2023-02-05,9.0,63,sg_total,sg_putt,vs_expected,-0.5110058955465292,0.26112702528331033,0.08953444439893586,-0.46525326660419003,False,12,86,False,4,2026-04-06 19:05:31.003812,Spyglass Hill Golf Course
2023,2023-04-09,2022-12-26,2023-04-09,5,pga,2023-02-05,9.0,63,sg_ott,sg_app,vs_expected,-0.5179352769280547,0.26825695108654074,0.08454891176704835,-0.4741444128980229,False,12,86,False,4,2026-04-06 19:05:31.003812,Pebble Beach Golf Links
2023,2023-04-09,2022-12-26,2023-04-09,5,pga,2023-02-05,9.0,63,sg_total,sg_ott,vs_expected,-0.5398504310467552,0.29143848790136745,0.07002911823432331,-0.5020451813821316,False,12,86,False,4,2026-04-06 19:05:31.003812,Pebble Beach Golf Links
2023,2023-04-09,2022-12-26,2023-04-09,5,pga,2023-02-05,9.0,63,sg_ott,sg_ott,vs_expected,-0.5419580343172195,0.2937185109609844,0.0687301260377357,-0.5047091903114335,False,12,86,False,4,2026-04-06 19:05:31.003812,Pebble Beach Golf Links
2023,2023-04-09,2022-12-26,2023-04-09,5,pga,2023-02-05,9.0,63,sg_app,sg_app,vs_expected,-0.5878223441616779,0.3455351082957301,0.04442402381697542,-0.5617089103444892,False,12,86,False,4,2026-04-06 19:05:31.003812,Pebble Beach Golf Links
2023,2023-04-09,2022-12-26,2023-04-09,5,pga,2023-02-05,9.0,63,sg_putt,sg_app,vs_expected,-0.6466461854655048,0.418151289177088,0.023061699683301573,-0.6317334253349468,False,12,86,False,4,2026-04-06 19:05:31.003812,Pebble Beach Golf Links
2023,2023-04-09,2022-12-26,2023-04-09,5,pga,2023-02-05,9.0,63,sg_total,sg_app,vs_expected,-0.7045169443243722,0.4963441248401505,0.010523770363609308,-0.6971027697850307,False,12,86,False,4,2026-04-06 19:05:31.003812,Pebble Beach Golf Links
2023,2023-04-09,2022-12-26,2023-04-09,5,pga,2023-02-05,9.0,63,sg_putt,sg_ott,vs_expected,-0.8156907139654829,0.6653513408495192,0.0012181446563405726,-0.8146970846810392,False,12,86,False,4,2026-04-06 19:05:31.003812,Pebble Beach Golf Links
2023,2023-04-09,2022-12-26,2023-04-09,4186,euro,2023-01-29,10.0,70,sg_total,sg_app,vs_expected,0.16359851799757014,0.02676447509100128,0.6114199528854756,0.06357111983136218,False,12,86,False,4,2026-04-06 19:05:31.003812,emirates gc
2023,2023-04-09,2022-12-26,2023-04-09,4186,euro,2023-01-29,10.0,70,sg_total,sg_ott,vs_expected,0.12836815190231232,0.01647838242281513,0.6909326965588493,0.03967439855617169,False,12,86,False,4,2026-04-06 19:05:31.003812,emirates gc
2023,2023-04-09,2022-12-26,2023-04-09,4186,euro,2023-01-29,10.0,70,sg_total,sg_total,vs_expected,-0.009076082770262284,8.23752784526519e-05,0.9776667805853386,-0.00020269814793389524,False,12,86,False,4,2026-04-06 19:05:31.003812,emirates gc
2023,2023-04-09,2022-12-26,2023-04-09,4186,euro,2023-01-29,10.0,70,sg_total,sg_arg,vs_expected,-0.029458606141620963,0.0008678094758071483,0.9275880293364622,-0.0021331557237157708,False,12,86,False,4,2026-04-06 19:05:31.003812,emirates gc
2023,2023-04-09,2022-12-26,2023-04-09,4186,euro,2023-01-29,10.0,70,sg_total,sg_putt,vs_expected,-0.11973601814875656,0.01433671404211936,0.7108976219710379,-0.034615967582524484,False,12,86,False,4,2026-04-06 19:05:31.003812,emirates gc
2023,2023-04-09,2022-12-26,2023-04-09,104,pga,2023-01-28,10.1,71,sg_total,sg_putt,vs_expected,0.5468832898055584,0.2990813326685504,0.012584256360911759,0.5400011702871464,True,20,86,False,4,2026-04-06 19:05:31.003812,Torrey Pines Golf Course (North Course)
2023,2023-04-09,2022-12-26,2023-04-09,104,pga,2023-01-28,10.1,71,sg_total,sg_total,vs_expected,0.46768159655350316,0.21872607575483372,0.03758275251501622,0.4501048348544052,True,20,86,False,4,2026-04-06 19:05:31.003812,Torrey Pines Golf Course (North Course)
2023,2023-04-09,2022-12-26,2023-04-09,4,pga,2023-01-28,10.1,71,sg_app,sg_app,vs_expected,0.34934081775777825,0.12203900695167325,0.1311100331415312,0.30353873156386635,True,20,86,False,4,2026-04-06 19:05:31.003812,Torrey Pines Golf Course (South Course)
2023,2023-04-09,2022-12-26,2023-04-09,4,pga,2023-01-28,10.1,71,sg_app,sg_arg,vs_expected,0.30713484151462717,0.09433181087221515,0.18776666384792723,0.24946515697196378,True,20,86,False,4,2026-04-06 19:05:31.003812,Torrey Pines Golf Course (South Course)
2023,2023-04-09,2022-12-26,2023-04-09,104,pga,2023-01-28,10.1,71,sg_total,sg_app,vs_expected,0.2889577802674056,0.08349659877706625,0.2166002513226275,0.22636945243985698,True,20,86,False,4,2026-04-06 19:05:31.003812,Torrey Pines Golf Course (North Course)
2023,2023-04-09,2022-12-26,2023-04-09,104,pga,2023-01-28,10.1,71,sg_total,sg_ott,vs_expected,0.2780945646523702,0.07733658688919132,0.23515071306795127,0.21270042947404386,True,20,86,False,4,2026-04-06 19:05:31.003812,Torrey Pines Golf Course (North Course)
2023,2023-04-09,2022-12-26,2023-04-09,4,pga,2023-01-28,10.1,71,sg_ott,sg_app,vs_expected,0.20553737767363284,0.04224561362095358,0.38466064150445645,0.1264752381245495,False,20,86,False,4,2026-04-06 19:05:31.003812,Torrey Pines Golf Course (South Course)
2023,2023-04-09,2022-12-26,2023-04-09,4,pga,2023-01-28,10.1,71,sg_app,sg_total,vs_expected,0.19344189301297463,0.03741976597244312,0.41383894027615087,0.11338810500347266,False,20,86,False,4,2026-04-06 19:05:31.003812,Torrey Pines Golf Course (South Course)
2023,2023-04-09,2022-12-26,2023-04-09,4,pga,2023-01-28,10.1,71,sg_putt,sg_arg,vs_expected,0.16116953390351063,0.025975618658674864,0.49725127276629905,0.08102777803883879,False,20,86,False,4,2026-04-06 19:05:31.003812,Torrey Pines Golf Course (South Course)
2023,2023-04-09,2022-12-26,2023-04-09,4,pga,2023-01-28,10.1,71,sg_total,sg_arg,vs_expected,0.15716555927425024,0.024701013021987867,0.508137596871012,0.07730382967374413,False,20,86,False,4,2026-04-06 19:05:31.003812,Torrey Pines Golf Course (South Course)
2023,2023-04-09,2022-12-26,2023-04-09,4,pga,2023-01-28,10.1,71,sg_putt,sg_putt,vs_expected,0.11242476955171576,0.012639328808756395,0.6369937866375011,0.04081088988311991,False,20,86,False,4,2026-04-06 19:05:31.003812,Torrey Pines Golf Course (South Course)
2023,2023-04-09,2022-12-26,2023-04-09,4,pga,2023-01-28,10.1,71,sg_arg,sg_putt,vs_expected,0.11178748482368013,0.012496441763204516,0.6389166095614791,0.04036460402872912,False,20,86,False,4,2026-04-06 19:05:31.003812,Torrey Pines Golf Course (South Course)
2023,2023-04-09,2022-12-26,2023-04-09,4,pga,2023-01-28,10.1,71,sg_total,sg_app,vs_expected,0.061313923839556694,0.0037593972566029588,0.7973412393773648,0.012425803814235206,False,20,86,False,4,2026-04-06 19:05:31.003812,Torrey Pines Golf Course (South Course)
2023,2023-04-09,2022-12-26,2023-04-09,4,pga,2023-01-28,10.1,71,sg_arg,sg_app,vs_expected,0.04701394582144536,0.0022103111017017993,0.8439661665696654,0.007335766191206181,False,20,86,False,4,2026-04-06 19:05:31.003812,Torrey Pines Golf Course (South Course)
2023,2023-04-09,2022-12-26,2023-04-09,4,pga,2023-01-28,10.1,71,sg_arg,sg_arg,vs_expected,0.03966743435454921,0.001573505348272471,0.8681252823204582,0.005231131706577936,False,20,86,False,4,2026-04-06 19:05:31.003812,Torrey Pines Golf Course (South Course)
2023,2023-04-09,2022-12-26,2023-04-09,4,pga,2023-01-28,10.1,71,sg_total,sg_putt,vs_expected,0.03949270170691413,0.0015596734881112983,0.8687013512555106,0.005185338369387014,False,20,86,False,4,2026-04-06 19:05:31.003812,Torrey Pines Golf Course (South Course)
2023,2023-04-09,2022-12-26,2023-04-09,4,pga,2023-01-28,10.1,71,sg_app,sg_putt,vs_expected,0.02340392359278258,0.0005477436395368051,0.9219806866824132,0.0018259580476461664,False,20,86,False,4,2026-04-06 19:05:31.003812,Torrey Pines Golf Course (South Course)
2023,2023-04-09,2022-12-26,2023-04-09,4,pga,2023-01-28,10.1,71,sg_arg,sg_total,vs_expected,-0.005780125605051992,3.340985201017765e-05,0.9807049405044106,-0.00011152786744145789,False,20,86,False,4,2026-04-06 19:05:31.003812,Torrey Pines Golf Course (South Course)
2023,2023-04-09,2022-12-26,2023-04-09,4,pga,2023-01-28,10.1,71,sg_total,sg_total,vs_expected,-0.025129139552707496,0.0006314736546594483,0.9162481925084665,-0.0021046108582462395,False,20,86,False,4,2026-04-06 19:05:31.003812,Torrey Pines Golf Course (South Course)
2023,2023-04-09,2022-12-26,2023-04-09,4,pga,2023-01-28,10.1,71,sg_putt,sg_total,vs_expected,-0.03670283661518275,0.0013470982156007993,0.8779075860580476,-0.004481137920864737,False,20,86,False,4,2026-04-06 19:05:31.003812,Torrey Pines Golf Course (South Course)
2023,2023-04-09,2022-12-26,2023-04-09,104,pga,2023-01-28,10.1,71,sg_total,sg_arg,vs_expected,-0.06533992341060578,0.004269305591303829,0.7843258970305083,-0.014092129369677695,False,20,86,False,4,2026-04-06 19:05:31.003812,Torrey Pines Golf Course (North Course)
2023,2023-04-09,2022-12-26,2023-04-09,4,pga,2023-01-28,10.1,71,sg_app,sg_ott,vs_expected,-0.10969224649516228,0.012032388941155442,0.6452539839785347,-0.038912887432603356,False,20,86,False,4,2026-04-06 19:05:31.003812,Torrey Pines Golf Course (South Course)
2023,2023-04-09,2022-12-26,2023-04-09,4,pga,2023-01-28,10.1,71,sg_ott,sg_total,vs_expected,-0.14578564740254332,0.021253454988578686,0.5396886074444925,-0.06710679437047092,False,20,86,False,4,2026-04-06 19:05:31.003812,Torrey Pines Golf Course (South Course)
2023,2023-04-09,2022-12-26,2023-04-09,4,pga,2023-01-28,10.1,71,sg_ott,sg_ott,vs_expected,-0.15497594819514462,0.02401754451898415,0.5141387845781659,-0.07529680255124417,False,20,86,False,4,2026-04-06 19:05:31.003812,Torrey Pines Golf Course (South Course)
2023,2023-04-09,2022-12-26,2023-04-09,4,pga,2023-01-28,10.1,71,sg_ott,sg_putt,vs_expected,-0.17681402733916213,0.031263200263893974,0.4558322034615314,-0.09621649965424439,False,20,86,False,4,2026-04-06 19:05:31.003812,Torrey Pines Golf Course (South Course)
2023,2023-04-09,2022-12-26,2023-04-09,4,pga,2023-01-28,10.1,71,sg_putt,sg_app,vs_expected,-0.18554258531604717,0.03442605096576264,0.43352133443383256,-0.10510591613553118,False,20,86,False,4,2026-04-06 19:05:31.003812,Torrey Pines Golf Course (South Course)
2023,2023-04-09,2022-12-26,2023-04-09,4,pga,2023-01-28,10.1,71,sg_ott,sg_arg,vs_expected,-0.2033689321866129,0.04135892257872315,0.3898051141705674,-0.12409468235686387,False,20,86,False,4,2026-04-06 19:05:31.003812,Torrey Pines Golf Course (South Course)
2023,2023-04-09,2022-12-26,2023-04-09,4,pga,2023-01-28,10.1,71,sg_arg,sg_ott,vs_expected,-0.30827402258236547,0.09503287299911277,0.1860505358984019,-0.2509194754773603,False,20,86,False,4,2026-04-06 19:05:31.003812,Torrey Pines Golf Course (South Course)
2023,2023-04-09,2022-12-26,2023-04-09,4,pga,2023-01-28,10.1,71,sg_putt,sg_ott,vs_expected,-0.3576603642232026,0.12792093613627392,0.12156268567187203,-0.3141822097898501,False,20,86,False,4,2026-04-06 19:05:31.003812,Torrey Pines Golf Course (South Course)
2023,2023-04-09,2022-12-26,2023-04-09,4,pga,2023-01-28,10.1,71,sg_total,sg_ott,vs_expected,-0.4327093325041637,0.1872373664361989,0.056702589663307976,-0.4081735927796962,False,20,86,False,4,2026-04-06 19:05:31.003812,Torrey Pines Golf Course (South Course)
2023,2023-04-09,2022-12-26,2023-04-09,233,pga,2023-01-22,11.0,77,sg_total,sg_app,vs_expected,0.4034178206435945,0.16274593801282738,0.05627962658591443,0.3807136163396696,True,23,86,False,4,2026-04-06 19:05:31.003812,Nicklaus Tournament Course
2023,2023-04-09,2022-12-26,2023-04-09,704,pga,2023-01-22,11.0,77,sg_app,sg_putt,vs_expected,0.35251263988101567,0.12426516127588264,0.09899097849026016,0.3176170687290092,True,23,86,False,4,2026-04-06 19:05:31.003812,Pete Dye Stadium Course
2023,2023-04-09,2022-12-26,2023-04-09,202,pga,2023-01-22,11.0,77,sg_total,sg_arg,vs_expected,0.3465039108381177,0.12006496022611023,0.10528818639151762,0.3100211424884042,True,23,86,False,4,2026-04-06 19:05:31.003812,La Quinta Country Club
2023,2023-04-09,2022-12-26,2023-04-09,233,pga,2023-01-22,11.0,77,sg_total,sg_putt,vs_expected,0.3337870562992115,0.111413798952893,0.11957842497490095,0.2938733258299432,True,23,86,False,4,2026-04-06 19:05:31.003812,Nicklaus Tournament Course
2023,2023-04-09,2022-12-26,2023-04-09,233,pga,2023-01-22,11.0,77,sg_total,sg_total,vs_expected,0.31880343775015957,0.10163563192131987,0.13816203557275314,0.27475690584300605,True,23,86,False,4,2026-04-06 19:05:31.003812,Nicklaus Tournament Course
2023,2023-04-09,2022-12-26,2023-04-09,202,pga,2023-01-22,11.0,77,sg_total,sg_total,vs_expected,0.30134328168402824,0.0908077734160996,0.16231438229493284,0.25243093305875725,True,23,86,False,4,2026-04-06 19:05:31.003812,La Quinta Country Club
2023,2023-04-09,2022-12-26,2023-04-09,202,pga,2023-01-22,11.0,77,sg_total,sg_putt,vs_expected,0.2677016009575049,0.07166414715521119,0.2168496707943896,0.20965059691873889,True,23,86,False,4,2026-04-06 19:05:31.003812,La Quinta Country Club
2023,2023-04-09,2022-12-26,2023-04-09,704,pga,2023-01-22,11.0,77,sg_arg,sg_arg,vs_expected,0.2493443654798133,0.062172612596530716,0.2512311675409852,0.1867012894205537,True,23,86,False,4,2026-04-06 19:05:31.003812,Pete Dye Stadium Course
2023,2023-04-09,2022-12-26,2023-04-09,704,pga,2023-01-22,11.0,77,sg_arg,sg_app,vs_expected,0.20271645335195287,0.041093960459594486,0.353583808491853,0.1310391977318083,False,23,86,False,4,2026-04-06 19:05:31.003812,Pete Dye Stadium Course
2023,2023-04-09,2022-12-26,2023-04-09,704,pga,2023-01-22,11.0,77,sg_ott,sg_putt,vs_expected,0.19565436537521436,0.038280630690377876,0.37095314653178096,0.12307576290659984,False,23,86,False,4,2026-04-06 19:05:31.003812,Pete Dye Stadium Course
2023,2023-04-09,2022-12-26,2023-04-09,704,pga,2023-01-22,11.0,77,sg_app,sg_total,vs_expected,0.17995371320423406,0.03238333889599172,0.41128232217531996,0.10594193215352515,False,23,86,False,4,2026-04-06 19:05:31.003812,Pete Dye Stadium Course
2023,2023-04-09,2022-12-26,2023-04-09,704,pga,2023-01-22,11.0,77,sg_total,sg_putt,vs_expected,0.16402950636140395,0.02690567895716586,0.45453458077308817,0.08947242345300661,False,23,86,False,4,2026-04-06 19:05:31.003812,Pete Dye Stadium Course
2023,2023-04-09,2022-12-26,2023-04-09,202,pga,2023-01-22,11.0,77,sg_total,sg_ott,vs_expected,0.1437294573722603,0.020658156916524395,0.5129360435155711,0.07000543817109317,False,23,86,False,4,2026-04-06 19:05:31.003812,La Quinta Country Club
2023,2023-04-09,2022-12-26,2023-04-09,704,pga,2023-01-22,11.0,77,sg_app,sg_ott,vs_expected,0.1399350240913925,0.019581810967458597,0.5242387598638227,0.06657566060020674,False,23,86,False,4,2026-04-06 19:05:31.003812,Pete Dye Stadium Course
2023,2023-04-09,2022-12-26,2023-04-09,202,pga,2023-01-22,11.0,77,sg_total,sg_app,vs_expected,0.06915091292392253,0.004781848758211916,0.7538875892890278,0.0170188978825711,False,23,86,False,4,2026-04-06 19:05:31.003812,La Quinta Country Club
2023,2023-04-09,2022-12-26,2023-04-09,233,pga,2023-01-22,11.0,77,sg_total,sg_ott,vs_expected,0.05244526869907021,0.0027505062089176733,0.8121482759942757,0.009851934141063785,False,23,86,False,4,2026-04-06 19:05:31.003812,Nicklaus Tournament Course
2023,2023-04-09,2022-12-26,2023-04-09,704,pga,2023-01-22,11.0,77,sg_putt,sg_app,vs_expected,0.05201709326278443,0.0027057779915092136,0.8136556888670894,0.009693089411189931,False,23,86,False,4,2026-04-06 19:05:31.003812,Pete Dye Stadium Course
2023,2023-04-09,2022-12-26,2023-04-09,704,pga,2023-01-22,11.0,77,sg_putt,sg_arg,vs_expected,0.028470293366872235,0.0008105576043957692,0.8973971158794123,0.002921134211200329,False,23,86,False,4,2026-04-06 19:05:31.003812,Pete Dye Stadium Course
2023,2023-04-09,2022-12-26,2023-04-09,704,pga,2023-01-22,11.0,77,sg_total,sg_app,vs_expected,-0.02267943651655581,0.0005143568407084851,0.9181899384253198,-0.001855406097898481,False,23,86,False,4,2026-04-06 19:05:31.003812,Pete Dye Stadium Course
2023,2023-04-09,2022-12-26,2023-04-09,704,pga,2023-01-22,11.0,77,sg_total,sg_arg,vs_expected,-0.03768350780982126,0.0014200467608528596,0.8644552978450696,-0.005107799842235216,False,23,86,False,4,2026-04-06 19:05:31.003812,Pete Dye Stadium Course
2023,2023-04-09,2022-12-26,2023-04-09,704,pga,2023-01-22,11.0,77,sg_arg,sg_total,vs_expected,-0.03788148593599737,0.0014350069767191664,0.863749622690386,-0.005161366751828477,False,23,86,False,4,2026-04-06 19:05:31.003812,Pete Dye Stadium Course
2023,2023-04-09,2022-12-26,2023-04-09,704,pga,2023-01-22,11.0,77,sg_ott,sg_arg,vs_expected,-0.05102806617769543,0.0026038635378352643,0.8171400450336028,-0.009330989883275721,False,23,86,False,4,2026-04-06 19:05:31.003812,Pete Dye Stadium Course
2023,2023-04-09,2022-12-26,2023-04-09,4200,euro,2023-01-22,11.0,77,sg_total,sg_putt,vs_expected,-0.06966299679069526,0.004852933121860419,0.8296681767773055,-0.011865825254515837,False,12,86,False,4,2026-04-06 19:05:31.003812,yas links
2023,2023-04-09,2022-12-26,2023-04-09,704,pga,2023-01-22,11.0,77,sg_total,sg_total,vs_expected,-0.06077074938208821,0.003693083980460574,0.7829722597280868,-0.013188938413025368,False,23,86,False,4,2026-04-06 19:05:31.003812,Pete Dye Stadium Course
2023,2023-04-09,2022-12-26,2023-04-09,704,pga,2023-01-22,11.0,77,sg_putt,sg_putt,vs_expected,-0.07230135507395538,0.005227485945530174,0.7430343329507432,-0.018578965935144114,False,23,86,False,4,2026-04-06 19:05:31.003812,Pete Dye Stadium Course
2023,2023-04-09,2022-12-26,2023-04-09,704,pga,2023-01-22,11.0,77,sg_ott,sg_total,vs_expected,-0.10421462951879894,0.010860689005740519,0.6360590364952577,-0.03792797267836144,False,23,86,False,4,2026-04-06 19:05:31.003812,Pete Dye Stadium Course
2023,2023-04-09,2022-12-26,2023-04-09,4200,euro,2023-01-22,11.0,77,sg_total,sg_arg,vs_expected,-0.1344962141221556,0.018089231613192727,0.6768674338914134,-0.04346010680118207,False,12,86,False,4,2026-04-06 19:05:31.003812,yas links
2023,2023-04-09,2022-12-26,2023-04-09,704,pga,2023-01-22,11.0,77,sg_app,sg_app,vs_expected,-0.13084562690821552,0.017120578081003934,0.5517852948189556,-0.05864693408889476,False,23,86,False,4,2026-04-06 19:05:31.003812,Pete Dye Stadium Course
2023,2023-04-09,2022-12-26,2023-04-09,704,pga,2023-01-22,11.0,77,sg_app,sg_arg,vs_expected,-0.1830090120674844,0.033492298497916656,0.4032514901839141,-0.10921035523418539,False,23,86,False,4,2026-04-06 19:05:31.003812,Pete Dye Stadium Course
2023,2023-04-09,2022-12-26,2023-04-09,704,pga,2023-01-22,11.0,77,sg_putt,sg_total,vs_expected,-0.18590511535062532,0.0345607119135293,0.39572014098465824,-0.11233871689430672,False,23,86,False,4,2026-04-06 19:05:31.003812,Pete Dye Stadium Course
2023,2023-04-09,2022-12-26,2023-04-09,704,pga,2023-01-22,11.0,77,sg_ott,sg_app,vs_expected,-0.19302000865730273,0.03725672374206522,0.37755578985077015,-0.1201441868316923,False,23,86,False,4,2026-04-06 19:05:31.003812,Pete Dye Stadium Course
2023,2023-04-09,2022-12-26,2023-04-09,4200,euro,2023-01-22,11.0,77,sg_total,sg_ott,vs_expected,-0.2319973495934695,0.053822770218394496,0.4681067642690122,-0.12339782095628365,False,12,86,False,4,2026-04-06 19:05:31.003812,yas links
2023,2023-04-09,2022-12-26,2023-04-09,704,pga,2023-01-22,11.0,77,sg_ott,sg_ott,vs_expected,-0.21257015475147462,0.045186070691065866,0.3301610999781961,-0.14238775863619238,False,23,86,False,4,2026-04-06 19:05:31.003812,Pete Dye Stadium Course
2023,2023-04-09,2022-12-26,2023-04-09,704,pga,2023-01-22,11.0,77,sg_arg,sg_ott,vs_expected,-0.21682206168017107,0.04701180643123991,0.3203489252293306,-0.14736334725492065,False,23,86,False,4,2026-04-06 19:05:31.003812,Pete Dye Stadium Course
2023,2023-04-09,2022-12-26,2023-04-09,704,pga,2023-01-22,11.0,77,sg_arg,sg_putt,vs_expected,-0.23234968077043702,0.053986374154123995,0.2860369320085455,-0.16588909092969628,False,23,86,False,4,2026-04-06 19:05:31.003812,Pete Dye Stadium Course
2023,2023-04-09,2022-12-26,2023-04-09,233,pga,2023-01-22,11.0,77,sg_total,sg_arg,vs_expected,-0.32310654322676097,0.10439783827594676,0.13262671519673866,-0.28025398374002264,False,23,86,False,4,2026-04-06 19:05:31.003812,Nicklaus Tournament Course
2023,2023-04-09,2022-12-26,2023-04-09,704,pga,2023-01-22,11.0,77,sg_total,sg_ott,vs_expected,-0.411113759014452,0.16901452285099292,0.05131433967525717,-0.39001772793921263,False,23,86,False,4,2026-04-06 19:05:31.003812,Pete Dye Stadium Course
2023,2023-04-09,2022-12-26,2023-04-09,704,pga,2023-01-22,11.0,77,sg_putt,sg_ott,vs_expected,-0.4619878637116015,0.21343278621680928,0.026464080897879442,-0.4497617795124992,False,23,86,False,4,2026-04-06 19:05:31.003812,Pete Dye Stadium Course
2023,2023-04-09,2022-12-26,2023-04-09,4200,euro,2023-01-22,11.0,77,sg_total,sg_app,vs_expected,-0.5653764053003182,0.3196504796703097,0.05539756728671481,-0.5340559278453728,False,12,86,False,4,2026-04-06 19:05:31.003812,yas links
2023,2023-04-09,2022-12-26,2023-04-09,4200,euro,2023-01-22,11.0,77,sg_total,sg_total,vs_expected,-0.6614897411456089,0.43756867764088464,0.019144196808307076,-0.6488260513544413,False,12,86,False,4,2026-04-06 19:05:31.003812,yas links
2023,2023-04-09,2022-12-26,2023-04-09,6,pga,2023-01-15,12.0,84,sg_putt,sg_arg,vs_expected,0.3913436032213623,0.15314981578227904,0.07169736382591252,0.36328529852025676,True,22,86,False,4,2026-04-06 19:05:31.003812,Waialae Country Club
2023,2023-04-09,2022-12-26,2023-04-09,6,pga,2023-01-15,12.0,84,sg_putt,sg_total,vs_expected,0.31323371048457516,0.09811535738393465,0.15576733088307584,0.2644421314597908,True,22,86,False,4,2026-04-06 19:05:31.003812,Waialae Country Club
2023,2023-04-09,2022-12-26,2023-04-09,6,pga,2023-01-15,12.0,84,sg_putt,sg_putt,vs_expected,0.17529908626521462,0.030729769645419156,0.4352132094669331,0.0990066083151098,False,22,86,False,4,2026-04-06 19:05:31.003812,Waialae Country Club
2023,2023-04-09,2022-12-26,2023-04-09,6,pga,2023-01-15,12.0,84,sg_putt,sg_app,vs_expected,0.1266086460482172,0.016029749254162746,0.5744903820522185,0.0538731966088628,False,22,86,False,4,2026-04-06 19:05:31.003812,Waialae Country Club
2023,2023-04-09,2022-12-26,2023-04-09,6,pga,2023-01-15,12.0,84,sg_putt,sg_ott,vs_expected,0.07277638473247237,0.005296402174728838,0.7475639084207024,0.01837138612113659,False,22,86,False,4,2026-04-06 19:05:31.003812,Waialae Country Club
2023,2023-04-09,2022-12-26,2023-04-09,6,pga,2023-01-15,12.0,84,sg_app,sg_ott,vs_expected,0.03386375471862981,0.0011467538836435229,0.8810755369963904,0.004027228845199001,False,22,86,False,4,2026-04-06 19:05:31.003812,Waialae Country Club
2023,2023-04-09,2022-12-26,2023-04-09,6,pga,2023-01-15,12.0,84,sg_total,sg_arg,vs_expected,0.011023132939539389,0.00012150945980275828,0.9601875007038911,0.0004388584723963263,False,23,86,False,4,2026-04-06 19:05:31.003812,Waialae Country Club
2023,2023-04-09,2022-12-26,2023-04-09,6,pga,2023-01-15,12.0,84,sg_app,sg_arg,vs_expected,-0.007843392811628547,6.151881079750635e-05,0.9723654465007847,-0.00021674865826830969,False,22,86,False,4,2026-04-06 19:05:31.003812,Waialae Country Club
2023,2023-04-09,2022-12-26,2023-04-09,6,pga,2023-01-15,12.0,84,sg_total,sg_app,vs_expected,-0.024737012234097272,0.0006119197742698781,0.9107953128466936,-0.002206657437450161,False,23,86,False,4,2026-04-06 19:05:31.003812,Waialae Country Club
2023,2023-04-09,2022-12-26,2023-04-09,6,pga,2023-01-15,12.0,84,sg_app,sg_app,vs_expected,-0.031415011273296975,0.000986902933301376,0.8896223416687128,-0.0034675153807975094,False,22,86,False,4,2026-04-06 19:05:31.003812,Waialae Country Club
2023,2023-04-09,2022-12-26,2023-04-09,6,pga,2023-01-15,12.0,84,sg_ott,sg_app,vs_expected,-0.05136811484374498,0.0026386832226001737,0.8204057062271015,-0.009225420307807524,False,22,86,False,4,2026-04-06 19:05:31.003812,Waialae Country Club
2023,2023-04-09,2022-12-26,2023-04-09,6,pga,2023-01-15,12.0,84,sg_total,sg_ott,vs_expected,-0.06050644522689651,0.003661029913995427,0.7838943783075022,-0.013075782962161536,False,23,86,False,4,2026-04-06 19:05:31.003812,Waialae Country Club
2023,2023-04-09,2022-12-26,2023-04-09,6,pga,2023-01-15,12.0,84,sg_ott,sg_putt,vs_expected,-0.0986051932190069,0.009722984129757684,0.6624239818158727,-0.03328674849914886,False,22,86,False,4,2026-04-06 19:05:31.003812,Waialae Country Club
2023,2023-04-09,2022-12-26,2023-04-09,6,pga,2023-01-15,12.0,84,sg_total,sg_total,vs_expected,-0.11087638512759421,0.012293572778962593,0.6145083760331793,-0.042741917762406934,False,23,86,False,4,2026-04-06 19:05:31.003812,Waialae Country Club
2023,2023-04-09,2022-12-26,2023-04-09,6,pga,2023-01-15,12.0,84,sg_app,sg_total,vs_expected,-0.11864162607836494,0.014075835438518564,0.5989859902691659,-0.04757695419467142,False,22,86,False,4,2026-04-06 19:05:31.003812,Waialae Country Club
2023,2023-04-09,2022-12-26,2023-04-09,6,pga,2023-01-15,12.0,84,sg_arg,sg_ott,vs_expected,-0.1494038821344958,0.02232151999685831,0.5069454669102471,-0.0736642613476203,False,22,86,False,4,2026-04-06 19:05:31.003812,Waialae Country Club
2023,2023-04-09,2022-12-26,2023-04-09,6,pga,2023-01-15,12.0,84,sg_total,sg_putt,vs_expected,-0.16983151014337403,0.028842741837578956,0.4385075702983714,-0.09535910727029986,False,23,86,False,4,2026-04-06 19:05:31.003812,Waialae Country Club
2023,2023-04-09,2022-12-26,2023-04-09,6,pga,2023-01-15,12.0,84,sg_app,sg_putt,vs_expected,-0.2107325670717912,0.044408214824666975,0.34652178182818677,-0.13770914244084625,False,22,86,False,4,2026-04-06 19:05:31.003812,Waialae Country Club
2023,2023-04-09,2022-12-26,2023-04-09,6,pga,2023-01-15,12.0,84,sg_arg,sg_app,vs_expected,-0.2608879912289487,0.068062543967476,0.24091966604269388,-0.1980349435075211,False,22,86,False,4,2026-04-06 19:05:31.003812,Waialae Country Club
2023,2023-04-09,2022-12-26,2023-04-09,6,pga,2023-01-15,12.0,84,sg_arg,sg_arg,vs_expected,-0.2746732491026358,0.07544539377259862,0.21605244790151626,-0.2153294212609484,False,22,86,False,4,2026-04-06 19:05:31.003812,Waialae Country Club
2023,2023-04-09,2022-12-26,2023-04-09,6,pga,2023-01-15,12.0,84,sg_ott,sg_ott,vs_expected,-0.2900318756317574,0.08411848888247521,0.19042646840725685,-0.2348021298296691,False,22,86,False,4,2026-04-06 19:05:31.003812,Waialae Country Club
2023,2023-04-09,2022-12-26,2023-04-09,6,pga,2023-01-15,12.0,84,sg_ott,sg_total,vs_expected,-0.30430629587704155,0.09260232171040556,0.1685360463120815,-0.2530197159020505,False,22,86,False,4,2026-04-06 19:05:31.003812,Waialae Country Club
2023,2023-04-09,2022-12-26,2023-04-09,6,pga,2023-01-15,12.0,84,sg_arg,sg_putt,vs_expected,-0.32772825392211263,0.10740580841883673,0.13650537153037276,-0.2829915868594743,False,22,86,False,4,2026-04-06 19:05:31.003812,Waialae Country Club
2023,2023-04-09,2022-12-26,2023-04-09,6,pga,2023-01-15,12.0,84,sg_ott,sg_arg,vs_expected,-0.3669637883673376,0.13466242197290815,0.09296948796907453,-0.3328473528596344,False,22,86,False,4,2026-04-06 19:05:31.003812,Waialae Country Club
2023,2023-04-09,2022-12-26,2023-04-09,6,pga,2023-01-15,12.0,84,sg_arg,sg_total,vs_expected,-0.41813286265563504,0.17483509083259616,0.05280371566755109,-0.39605389386470774,False,22,86,False,4,2026-04-06 19:05:31.003812,Waialae Country Club
2023,2023-04-09,2022-12-26,2023-04-09,656,pga,2023-01-08,13.0,91,sg_putt,sg_app,vs_expected,0.3767788949500682,0.14196233567979455,0.03668008379547111,0.3629586135109347,True,31,86,False,4,2026-04-06 19:05:31.003812,Plantation Course at Kapalua
2023,2023-04-09,2022-12-26,2023-04-09,656,pga,2023-01-08,13.0,91,sg_arg,sg_ott,vs_expected,0.3443110173088363,0.11855007664024576,0.0578648626896654,0.32438750756972146,True,31,86,False,4,2026-04-06 19:05:31.003812,Plantation Course at Kapalua
2023,2023-04-09,2022-12-26,2023-04-09,656,pga,2023-01-08,13.0,91,sg_ott,sg_arg,vs_expected,0.264631893942044,0.07003003929135322,0.15024880751254227,0.22487126744746633,True,31,86,False,4,2026-04-06 19:05:31.003812,Plantation Course at Kapalua
2023,2023-04-09,2022-12-26,2023-04-09,656,pga,2023-01-08,13.0,91,sg_ott,sg_putt,vs_expected,0.23169119151795423,0.053680808227009345,0.20979125927352715,0.18308440468681866,True,31,86,False,4,2026-04-06 19:05:31.003812,Plantation Course at Kapalua
2023,2023-04-09,2022-12-26,2023-04-09,656,pga,2023-01-08,13.0,91,sg_ott,sg_total,vs_expected,0.20715160046172154,0.04291178557385271,0.2635001175852713,0.15256712938208075,True,31,86,False,4,2026-04-06 19:05:31.003812,Plantation Course at Kapalua
2023,2023-04-09,2022-12-26,2023-04-09,656,pga,2023-01-08,13.0,91,sg_putt,sg_total,vs_expected,0.19423182767340472,0.03772600288135119,0.2950955000573437,0.13691488935906956,False,31,86,False,4,2026-04-06 19:05:31.003812,Plantation Course at Kapalua
2023,2023-04-09,2022-12-26,2023-04-09,656,pga,2023-01-08,13.0,91,sg_total,sg_app,vs_expected,0.18289764664065955,0.033451549146691566,0.32471083343963897,0.12350879936582242,False,31,86,False,4,2026-04-06 19:05:31.003812,Plantation Course at Kapalua
2023,2023-04-09,2022-12-26,2023-04-09,656,pga,2023-01-08,13.0,91,sg_total,sg_total,vs_expected,0.18104043366860148,0.03277563862291529,0.32973230726779323,0.12134555376629164,False,31,86,False,4,2026-04-06 19:05:31.003812,Plantation Course at Kapalua
2023,2023-04-09,2022-12-26,2023-04-09,656,pga,2023-01-08,13.0,91,sg_putt,sg_putt,vs_expected,0.10200505618442189,0.010405031487187067,0.5850462009047451,0.04232738559065079,False,31,86,False,4,2026-04-06 19:05:31.003812,Plantation Course at Kapalua
2023,2023-04-09,2022-12-26,2023-04-09,656,pga,2023-01-08,13.0,91,sg_total,sg_putt,vs_expected,0.09578173611664696,0.009174140973518994,0.6082619159902025,0.037521353789467304,False,31,86,False,4,2026-04-06 19:05:31.003812,Plantation Course at Kapalua
2023,2023-04-09,2022-12-26,2023-04-09,656,pga,2023-01-08,13.0,91,sg_ott,sg_app,vs_expected,0.08969349561510087,0.008044923155656119,0.631341722046667,0.03306624963707791,False,31,86,False,4,2026-04-06 19:05:31.003812,Plantation Course at Kapalua
2023,2023-04-09,2022-12-26,2023-04-09,656,pga,2023-01-08,13.0,91,sg_arg,sg_app,vs_expected,0.08054296231346494,0.006487168778228234,0.6666743592949863,0.026847034517415474,False,31,86,False,4,2026-04-06 19:05:31.003812,Plantation Course at Kapalua
2023,2023-04-09,2022-12-26,2023-04-09,656,pga,2023-01-08,13.0,91,sg_arg,sg_total,vs_expected,0.07907621695496483,0.006253048087908668,0.672406088171724,0.025904887244858375,False,31,86,False,4,2026-04-06 19:05:31.003812,Plantation Course at Kapalua
2023,2023-04-09,2022-12-26,2023-04-09,656,pga,2023-01-08,13.0,91,sg_total,sg_ott,vs_expected,0.07692101544478483,0.005916842617056826,0.6808608973715145,0.024548503842320508,False,31,86,False,4,2026-04-06 19:05:31.003812,Plantation Course at Kapalua
2023,2023-04-09,2022-12-26,2023-04-09,656,pga,2023-01-08,13.0,91,sg_total,sg_arg,vs_expected,0.07311639475197972,0.005346007181527327,0.6958789028073884,0.02223623819474018,False,31,86,False,4,2026-04-06 19:05:31.003812,Plantation Course at Kapalua
2023,2023-04-09,2022-12-26,2023-04-09,656,pga,2023-01-08,13.0,91,sg_app,sg_arg,vs_expected,0.0663616985441761,0.0044038750336681046,0.7228189089141953,0.018394208008781988,False,31,86,False,4,2026-04-06 19:05:31.003812,Plantation Course at Kapalua
2023,2023-04-09,2022-12-26,2023-04-09,656,pga,2023-01-08,13.0,91,sg_putt,sg_ott,vs_expected,0.06115706295945375,0.00374018634982659,0.7438030495024188,0.01566825303160063,False,31,86,False,4,2026-04-06 19:05:31.003812,Plantation Course at Kapalua
2023,2023-04-09,2022-12-26,2023-04-09,656,pga,2023-01-08,13.0,91,sg_arg,sg_arg,vs_expected,-0.04483577786832447,0.002010246977057734,0.8107204215694921,-0.008486497133520352,False,31,86,False,4,2026-04-06 19:05:31.003812,Plantation Course at Kapalua
2023,2023-04-09,2022-12-26,2023-04-09,656,pga,2023-01-08,13.0,91,sg_app,sg_putt,vs_expected,-0.061751223166788105,0.003813213562594468,0.7413980488947158,-0.015968986794069228,False,31,86,False,4,2026-04-06 19:05:31.003812,Plantation Course at Kapalua
2023,2023-04-09,2022-12-26,2023-04-09,656,pga,2023-01-08,13.0,91,sg_putt,sg_arg,vs_expected,-0.09090904190877266,0.008264453900770985,0.6267055211580805,-0.03393584342135351,False,31,86,False,4,2026-04-06 19:05:31.003812,Plantation Course at Kapalua
2023,2023-04-09,2022-12-26,2023-04-09,656,pga,2023-01-08,13.0,91,sg_app,sg_ott,vs_expected,-0.09320216808867195,0.00868664413642906,0.6179973720887181,-0.0356034731369017,False,31,86,False,4,2026-04-06 19:05:31.003812,Plantation Course at Kapalua
2023,2023-04-09,2022-12-26,2023-04-09,656,pga,2023-01-08,13.0,91,sg_arg,sg_putt,vs_expected,-0.10609117855750665,0.011255338167720758,0.5700188458226403,-0.04561720740419306,False,31,86,False,4,2026-04-06 19:05:31.003812,Plantation Course at Kapalua
2023,2023-04-09,2022-12-26,2023-04-09,656,pga,2023-01-08,13.0,91,sg_ott,sg_ott,vs_expected,-0.14625355347775576,0.021390101904870763,0.43240818806562514,-0.08301231942028038,False,31,86,False,4,2026-04-06 19:05:31.003812,Plantation Course at Kapalua
2023,2023-04-09,2022-12-26,2023-04-09,656,pga,2023-01-08,13.0,91,sg_app,sg_total,vs_expected,-0.15048710284248284,0.02264636812192401,0.4190548857841717,-0.08742474714883529,False,31,86,False,4,2026-04-06 19:05:31.003812,Plantation Course at Kapalua
2023,2023-04-09,2022-12-26,2023-04-09,656,pga,2023-01-08,13.0,91,sg_app,sg_app,vs_expected,-0.240991487166823,0.05807689688687702,0.1915555503095921,-0.19482823022265525,False,31,86,False,4,2026-04-06 19:05:31.003812,Plantation Course at Kapalua
2024,2024-04-14,2023-12-26,2024-04-14,1,liv,2024-04-07,1.0,7,sg_arg,sg_app,vs_expected,0.5144180318501398,0.2646259114925714,0.07208029728787534,0.477338627184138,True,13,89,False,4,2026-04-06 19:05:31.767099,The Club at Steyn City
2024,2024-04-14,2023-12-26,2024-04-14,770,pga,2024-04-07,1.0,7,sg_total,sg_putt,vs_expected,0.2950917978009686,0.08707916912940775,0.10704802357694992,0.26350280407260596,True,31,89,False,4,2026-04-06 19:05:31.767099,TPC San Antonio - The Oaks Course
2024,2024-04-14,2023-12-26,2024-04-14,770,pga,2024-04-07,1.0,7,sg_arg,sg_putt,vs_expected,0.27833672570143886,0.07747133287419801,0.12947618153474655,0.24229874927673242,True,31,89,False,4,2026-04-06 19:05:31.767099,TPC San Antonio - The Oaks Course
2024,2024-04-14,2023-12-26,2024-04-14,1,liv,2024-04-07,1.0,7,sg_arg,sg_putt,vs_expected,0.2811975340822941,0.07907205317396294,0.3520153704264205,0.18221167995931933,True,13,89,False,4,2026-04-06 19:05:31.767099,The Club at Steyn City
2024,2024-04-14,2023-12-26,2024-04-14,770,pga,2024-04-07,1.0,7,sg_putt,sg_putt,vs_expected,0.22313292483936867,0.049788302147371344,0.22759300567177396,0.17234943181084272,True,31,89,False,4,2026-04-06 19:05:31.767099,TPC San Antonio - The Oaks Course
2024,2024-04-14,2023-12-26,2024-04-14,770,pga,2024-04-07,1.0,7,sg_app,sg_putt,vs_expected,0.1757765134267309,0.03089738267245771,0.3442217640495817,0.1152704118964966,False,31,89,False,4,2026-04-06 19:05:31.767099,TPC San Antonio - The Oaks Course
2024,2024-04-14,2023-12-26,2024-04-14,1,liv,2024-04-07,1.0,7,sg_arg,sg_total,vs_expected,0.1758001278711503,0.030905684959512795,0.5656338747150985,0.07636162036798178,False,13,89,False,4,2026-04-06 19:05:31.767099,The Club at Steyn City
2024,2024-04-14,2023-12-26,2024-04-14,770,pga,2024-04-07,1.0,7,sg_ott,sg_ott,vs_expected,0.13282608877190574,0.017642769858442185,0.476267163295799,0.06956538426083422,False,31,89,False,4,2026-04-06 19:05:31.767099,TPC San Antonio - The Oaks Course
2024,2024-04-14,2023-12-26,2024-04-14,770,pga,2024-04-07,1.0,7,sg_app,sg_total,vs_expected,0.1087620191026879,0.011829176799293448,0.5602916787145297,0.04782356483926115,False,31,89,False,4,2026-04-06 19:05:31.767099,TPC San Antonio - The Oaks Course
2024,2024-04-14,2023-12-26,2024-04-14,1,liv,2024-04-07,1.0,7,sg_app,sg_ott,vs_expected,0.09441895328599342,0.008914938739622609,0.7589834965407751,0.022756525981270027,False,13,89,False,4,2026-04-06 19:05:31.767099,The Club at Steyn City
2024,2024-04-14,2023-12-26,2024-04-14,770,pga,2024-04-07,1.0,7,sg_arg,sg_ott,vs_expected,0.07122101001544455,0.005072432267620053,0.7034033685338413,0.0211239116601984,False,31,89,False,4,2026-04-06 19:05:31.767099,TPC San Antonio - The Oaks Course
2024,2024-04-14,2023-12-26,2024-04-14,1,liv,2024-04-07,1.0,7,sg_arg,sg_ott,vs_expected,0.0343706486415741,0.0011813414880425398,0.9112439502643178,0.0030506030002792083,False,13,89,False,4,2026-04-06 19:05:31.767099,The Club at Steyn City
2024,2024-04-14,2023-12-26,2024-04-14,770,pga,2024-04-07,1.0,7,sg_app,sg_app,vs_expected,0.01599072646231936,0.00025570333279272066,0.9319599628776308,0.0010880096221098602,False,31,89,False,4,2026-04-06 19:05:31.767099,TPC San Antonio - The Oaks Course
2024,2024-04-14,2023-12-26,2024-04-14,770,pga,2024-04-07,1.0,7,sg_arg,sg_total,vs_expected,0.006965938103043787,4.852429365543727e-05,0.970332519253513,0.00020666183455327137,False,31,89,False,4,2026-04-06 19:05:31.767099,TPC San Antonio - The Oaks Course
2024,2024-04-14,2023-12-26,2024-04-14,770,pga,2024-04-07,1.0,7,sg_app,sg_arg,vs_expected,-0.016423924578260377,0.0002697452985523853,0.9301211307715688,-0.0011476852778218743,False,31,89,False,4,2026-04-06 19:05:31.767099,TPC San Antonio - The Oaks Course
2024,2024-04-14,2023-12-26,2024-04-14,1,liv,2024-04-07,1.0,7,sg_total,sg_app,vs_expected,-0.05423401996433215,0.0029413289214915784,0.8603191319911473,-0.007575454984227362,False,13,89,False,4,2026-04-06 19:05:31.767099,The Club at Steyn City
2024,2024-04-14,2023-12-26,2024-04-14,770,pga,2024-04-07,1.0,7,sg_ott,sg_putt,vs_expected,-0.04682728290815326,0.002192794424560222,0.8024743490490248,-0.009249589538698446,False,31,89,False,4,2026-04-06 19:05:31.767099,TPC San Antonio - The Oaks Course
2024,2024-04-14,2023-12-26,2024-04-14,770,pga,2024-04-07,1.0,7,sg_total,sg_total,vs_expected,-0.048165270083580514,0.0023198932422242562,0.7969458683032663,-0.009780157094760105,False,31,89,False,4,2026-04-06 19:05:31.767099,TPC San Antonio - The Oaks Course
2024,2024-04-14,2023-12-26,2024-04-14,1,liv,2024-04-07,1.0,7,sg_app,sg_app,vs_expected,-0.06945780128659823,0.004824386159568567,0.8216133593235228,-0.012390343840290557,False,13,89,False,4,2026-04-06 19:05:31.767099,The Club at Steyn City
2024,2024-04-14,2023-12-26,2024-04-14,1,liv,2024-04-07,1.0,7,sg_ott,sg_arg,vs_expected,-0.07207845274684678,0.005195303350379424,0.8149854643460164,-0.013335561465615457,False,13,89,False,4,2026-04-06 19:05:31.767099,The Club at Steyn City
2024,2024-04-14,2023-12-26,2024-04-14,770,pga,2024-04-07,1.0,7,sg_ott,sg_arg,vs_expected,-0.06562027505311784,0.004306020498046839,0.7257965618938679,-0.017993305029034963,False,31,89,False,4,2026-04-06 19:05:31.767099,TPC San Antonio - The Oaks Course
2024,2024-04-14,2023-12-26,2024-04-14,770,pga,2024-04-07,1.0,7,sg_app,sg_ott,vs_expected,-0.07413100500230228,0.005495405902651366,0.6918625829913264,-0.022842536401666485,False,31,89,False,4,2026-04-06 19:05:31.767099,TPC San Antonio - The Oaks Course
2024,2024-04-14,2023-12-26,2024-04-14,1,liv,2024-04-07,1.0,7,sg_app,sg_total,vs_expected,-0.12228587719969121,0.014953835762497958,0.6906440843828928,-0.037829859508151605,False,13,89,False,4,2026-04-06 19:05:31.767099,The Club at Steyn City
2024,2024-04-14,2023-12-26,2024-04-14,1,liv,2024-04-07,1.0,7,sg_ott,sg_putt,vs_expected,-0.12984762130312924,0.01686040475808086,0.6724435594645546,-0.042532424646047486,False,13,89,False,4,2026-04-06 19:05:31.767099,The Club at Steyn City
2024,2024-04-14,2023-12-26,2024-04-14,770,pga,2024-04-07,1.0,7,sg_putt,sg_app,vs_expected,-0.10365720450578336,0.010744816045953795,0.5789491854103392,-0.043644950395247135,False,31,89,False,4,2026-04-06 19:05:31.767099,TPC San Antonio - The Oaks Course
2024,2024-04-14,2023-12-26,2024-04-14,1,liv,2024-04-07,1.0,7,sg_app,sg_arg,vs_expected,-0.13171876351866016,0.01734983266288472,0.6679646797716965,-0.04373528182499451,False,13,89,False,4,2026-04-06 19:05:31.767099,The Club at Steyn City
2024,2024-04-14,2023-12-26,2024-04-14,1,liv,2024-04-07,1.0,7,sg_ott,sg_app,vs_expected,-0.13597589245309677,0.01848944332841614,0.6578123817533902,-0.04652926677748235,False,13,89,False,4,2026-04-06 19:05:31.767099,The Club at Steyn City
2024,2024-04-14,2023-12-26,2024-04-14,770,pga,2024-04-07,1.0,7,sg_arg,sg_app,vs_expected,-0.11540867441027478,0.013319162129136811,0.5364212485503517,-0.05350100918957416,False,31,89,False,4,2026-04-06 19:05:31.767099,TPC San Antonio - The Oaks Course
2024,2024-04-14,2023-12-26,2024-04-14,770,pga,2024-04-07,1.0,7,sg_ott,sg_total,vs_expected,-0.11833152364353756,0.01400234948780109,0.5260801315375361,-0.05607966012010826,False,31,89,False,4,2026-04-06 19:05:31.767099,TPC San Antonio - The Oaks Course
2024,2024-04-14,2023-12-26,2024-04-14,1,liv,2024-04-07,1.0,7,sg_total,sg_ott,vs_expected,-0.16408250842177535,0.02692306956998198,0.5922000255858247,-0.06691284273621369,False,13,89,False,4,2026-04-06 19:05:31.767099,The Club at Steyn City
2024,2024-04-14,2023-12-26,2024-04-14,1,liv,2024-04-07,1.0,7,sg_ott,sg_ott,vs_expected,-0.1649435764828368,0.027206383422949437,0.5902312552282473,-0.06758872229353563,False,13,89,False,4,2026-04-06 19:05:31.767099,The Club at Steyn City
2024,2024-04-14,2023-12-26,2024-04-14,770,pga,2024-04-07,1.0,7,sg_total,sg_app,vs_expected,-0.15052656779557794,0.02265824761231672,0.4189314985539517,-0.08746624717679348,False,31,89,False,4,2026-04-06 19:05:31.767099,TPC San Antonio - The Oaks Course
2024,2024-04-14,2023-12-26,2024-04-14,1,liv,2024-04-07,1.0,7,sg_total,sg_putt,vs_expected,-0.19291813910913458,0.0372174083973314,0.5277358677134135,-0.09110831756871843,False,13,89,False,4,2026-04-06 19:05:31.767099,The Club at Steyn City
2024,2024-04-14,2023-12-26,2024-04-14,1,liv,2024-04-07,1.0,7,sg_ott,sg_total,vs_expected,-0.19498285807742533,0.038018314944041384,0.5232411117270451,-0.09295981064927664,False,13,89,False,4,2026-04-06 19:05:31.767099,The Club at Steyn City
2024,2024-04-14,2023-12-26,2024-04-14,1,liv,2024-04-07,1.0,7,sg_total,sg_total,vs_expected,-0.22800156020980936,0.05198471145810732,0.45374118198410873,-0.12454786278598952,False,13,89,False,4,2026-04-06 19:05:31.767099,The Club at Steyn City
2024,2024-04-14,2023-12-26,2024-04-14,1,liv,2024-04-07,1.0,7,sg_app,sg_putt,vs_expected,-0.22909879698397467,0.05248625877950444,0.45151155410332355,-0.12565804311453846,False,13,89,False,4,2026-04-06 19:05:31.767099,The Club at Steyn City
2024,2024-04-14,2023-12-26,2024-04-14,770,pga,2024-04-07,1.0,7,sg_putt,sg_arg,vs_expected,-0.18877301985367867,0.03563525302467736,0.30913776834650963,-0.1304161497720811,False,31,89,False,4,2026-04-06 19:05:31.767099,TPC San Antonio - The Oaks Course
2024,2024-04-14,2023-12-26,2024-04-14,770,pga,2024-04-07,1.0,7,sg_putt,sg_total,vs_expected,-0.21075902905604926,0.044419368328648616,0.25508913651629284,-0.1569966903211294,False,31,89,False,4,2026-04-06 19:05:31.767099,TPC San Antonio - The Oaks Course
2024,2024-04-14,2023-12-26,2024-04-14,770,pga,2024-04-07,1.0,7,sg_total,sg_ott,vs_expected,-0.21175244861665474,0.044839099495149005,0.25280431917449125,-0.15822051501058987,False,31,89,False,4,2026-04-06 19:05:31.767099,TPC San Antonio - The Oaks Course
2024,2024-04-14,2023-12-26,2024-04-14,770,pga,2024-04-07,1.0,7,sg_total,sg_arg,vs_expected,-0.21274411167574206,0.04526005705270061,0.25053705172018315,-0.15944382916567226,False,31,89,False,4,2026-04-06 19:05:31.767099,TPC San Antonio - The Oaks Course
2024,2024-04-14,2023-12-26,2024-04-14,770,pga,2024-04-07,1.0,7,sg_arg,sg_arg,vs_expected,-0.21693986806889365,0.047062906357748985,0.24109327626815505,-0.16463712452298276,False,31,89,False,4,2026-04-06 19:05:31.767099,TPC San Antonio - The Oaks Course
2024,2024-04-14,2023-12-26,2024-04-14,770,pga,2024-04-07,1.0,7,sg_ott,sg_app,vs_expected,-0.2278710796617478,0.051925228946210614,0.21761548966039568,-0.17828280308171351,False,31,89,False,4,2026-04-06 19:05:31.767099,TPC San Antonio - The Oaks Course
2024,2024-04-14,2023-12-26,2024-04-14,1,liv,2024-04-07,1.0,7,sg_total,sg_arg,vs_expected,-0.3085454956111868,0.09520032286195292,0.3050381585965149,-0.2144273457867013,False,13,89,False,4,2026-04-06 19:05:31.767099,The Club at Steyn City
2024,2024-04-14,2023-12-26,2024-04-14,1,liv,2024-04-07,1.0,7,sg_putt,sg_arg,vs_expected,-0.3213534775267052,0.10326805751850661,0.2843321712592761,-0.2299823455198181,False,13,89,False,4,2026-04-06 19:05:31.767099,The Club at Steyn City
2024,2024-04-14,2023-12-26,2024-04-14,1,liv,2024-04-07,1.0,7,sg_putt,sg_app,vs_expected,-0.3565349068268666,0.12711713978604247,0.23178190999940917,-0.2738965651410741,False,13,89,False,4,2026-04-06 19:05:31.767099,The Club at Steyn City
2024,2024-04-14,2023-12-26,2024-04-14,1,liv,2024-04-07,1.0,7,sg_arg,sg_arg,vs_expected,-0.38884715935054237,0.1512021133349861,0.18913215362159425,-0.3153036586729351,False,13,89,False,4,2026-04-06 19:05:31.767099,The Club at Steyn City
2024,2024-04-14,2023-12-26,2024-04-14,1,liv,2024-04-07,1.0,7,sg_putt,sg_putt,vs_expected,-0.45772248440063634,0.20950987272589078,0.11576901779384968,-0.40473240195941396,False,13,89,False,4,2026-04-06 19:05:31.767099,The Club at Steyn City
2024,2024-04-14,2023-12-26,2024-04-14,770,pga,2024-04-07,1.0,7,sg_putt,sg_ott,vs_expected,-0.5122527274555931,0.2624028567856942,0.003218314322042444,-0.5106041371663175,False,31,89,False,4,2026-04-06 19:05:31.767099,TPC San Antonio - The Oaks Course
2024,2024-04-14,2023-12-26,2024-04-14,1,liv,2024-04-07,1.0,7,sg_putt,sg_ott,vs_expected,-0.5856600037732974,0.34299764001973876,0.035458000356850684,-0.5648936711505107,False,13,89,False,4,2026-04-06 19:05:31.767099,The Club at Steyn City
2024,2024-04-14,2023-12-26,2024-04-14,1,liv,2024-04-07,1.0,7,sg_putt,sg_total,vs_expected,-0.6138382632922419,0.3767974134816357,0.02564020327445526,-0.5980993254437902,False,13,89,False,4,2026-04-06 19:05:31.767099,The Club at Steyn City
2024,2024-04-14,2023-12-26,2024-04-14,897,pga,2024-03-31,2.0,14,sg_ott,sg_ott,vs_expected,0.3480370717076434,0.12112980328283132,0.144241390453958,0.29783572055500906,True,19,89,False,4,2026-04-06 19:05:31.767099,Memorial Park Golf Course
2024,2024-04-14,2023-12-26,2024-04-14,897,pga,2024-03-31,2.0,14,sg_ott,sg_app,vs_expected,0.18292898655460055,0.03346301412189323,0.45349781661176275,0.09997109055708671,False,19,89,False,4,2026-04-06 19:05:31.767099,Memorial Park Golf Course
2024,2024-04-14,2023-12-26,2024-04-14,897,pga,2024-03-31,2.0,14,sg_putt,sg_ott,vs_expected,0.17300267748282683,0.029929926416226996,0.4787746488954612,0.09017338131301171,False,19,89,False,4,2026-04-06 19:05:31.767099,Memorial Park Golf Course
2024,2024-04-14,2023-12-26,2024-04-14,897,pga,2024-03-31,2.0,14,sg_putt,sg_arg,vs_expected,0.1470912354213251,0.021635831537771683,0.5478987210090123,0.06650013566234556,False,19,89,False,4,2026-04-06 19:05:31.767099,Memorial Park Golf Course
2024,2024-04-14,2023-12-26,2024-04-14,897,pga,2024-03-31,2.0,14,sg_arg,sg_app,vs_expected,0.12500399708135934,0.015625999286316496,0.6101242585030789,0.04873602605217393,False,19,89,False,4,2026-04-06 19:05:31.767099,Memorial Park Golf Course
2024,2024-04-14,2023-12-26,2024-04-14,897,pga,2024-03-31,2.0,14,sg_arg,sg_ott,vs_expected,0.07806176713690322,0.006093639488536103,0.7507517722831827,0.01945675711131602,False,19,89,False,4,2026-04-06 19:05:31.767099,Memorial Park Golf Course
2024,2024-04-14,2023-12-26,2024-04-14,897,pga,2024-03-31,2.0,14,sg_total,sg_ott,vs_expected,0.0356899469525267,0.0012737723134741696,0.8846691050573084,0.004116153522492091,False,19,89,False,4,2026-04-06 19:05:31.767099,Memorial Park Golf Course
2024,2024-04-14,2023-12-26,2024-04-14,897,pga,2024-03-31,2.0,14,sg_app,sg_putt,vs_expected,0.02617783472986801,0.0006852790311442838,0.9152828078927646,0.0022177126537616864,False,19,89,False,4,2026-04-06 19:05:31.767099,Memorial Park Golf Course
2024,2024-04-14,2023-12-26,2024-04-14,897,pga,2024-03-31,2.0,14,sg_total,sg_app,vs_expected,0.025128914959417603,0.0006314623670376418,0.9186664094893916,0.002043824879285173,False,19,89,False,4,2026-04-06 19:05:31.767099,Memorial Park Golf Course
2024,2024-04-14,2023-12-26,2024-04-14,897,pga,2024-03-31,2.0,14,sg_putt,sg_total,vs_expected,-0.013154908589969608,0.00017305162001045616,0.9573733232438945,-0.0005607500362207506,False,19,89,False,4,2026-04-06 19:05:31.767099,Memorial Park Golf Course
2024,2024-04-14,2023-12-26,2024-04-14,897,pga,2024-03-31,2.0,14,sg_app,sg_arg,vs_expected,-0.017467612860612908,0.00030511749904824943,0.943417275098429,-0.0009883651331792042,False,19,89,False,4,2026-04-06 19:05:31.767099,Memorial Park Golf Course
2024,2024-04-14,2023-12-26,2024-04-14,897,pga,2024-03-31,2.0,14,sg_app,sg_app,vs_expected,-0.02853867981993677,0.0008144562458648662,0.9076723874716885,-0.0026349081724846633,False,19,89,False,4,2026-04-06 19:05:31.767099,Memorial Park Golf Course
2024,2024-04-14,2023-12-26,2024-04-14,897,pga,2024-03-31,2.0,14,sg_putt,sg_putt,vs_expected,-0.06260591494056214,0.003919500585544902,0.7990199171303193,-0.012582541972886361,False,19,89,False,4,2026-04-06 19:05:31.767099,Memorial Park Golf Course
2024,2024-04-14,2023-12-26,2024-04-14,897,pga,2024-03-31,2.0,14,sg_arg,sg_arg,vs_expected,-0.09917625023631715,0.009835928610936599,0.6862499999343428,-0.031116548518156144,False,19,89,False,4,2026-04-06 19:05:31.767099,Memorial Park Golf Course
2024,2024-04-14,2023-12-26,2024-04-14,897,pga,2024-03-31,2.0,14,sg_putt,sg_app,vs_expected,-0.11134481282244699,0.012397667342465755,0.6499676429229919,-0.038974287280539394,False,19,89,False,4,2026-04-06 19:05:31.767099,Memorial Park Golf Course
2024,2024-04-14,2023-12-26,2024-04-14,897,pga,2024-03-31,2.0,14,sg_app,sg_total,vs_expected,-0.11922536022948886,0.014214686521851384,0.6268606663910994,-0.044487671465312593,False,19,89,False,4,2026-04-06 19:05:31.767099,Memorial Park Golf Course
2024,2024-04-14,2023-12-26,2024-04-14,897,pga,2024-03-31,2.0,14,sg_total,sg_arg,vs_expected,-0.13184825410488818,0.017383962110507162,0.5905390712224036,-0.053986708583492055,False,19,89,False,4,2026-04-06 19:05:31.767099,Memorial Park Golf Course
2024,2024-04-14,2023-12-26,2024-04-14,897,pga,2024-03-31,2.0,14,sg_arg,sg_total,vs_expected,-0.13283594789733696,0.01764538905378402,0.5877346065597828,-0.054763664322899815,False,19,89,False,4,2026-04-06 19:05:31.767099,Memorial Park Golf Course
2024,2024-04-14,2023-12-26,2024-04-14,897,pga,2024-03-31,2.0,14,sg_total,sg_total,vs_expected,-0.21814099736544554,0.047585494731591314,0.3696252756041895,-0.13751057109366993,False,19,89,False,4,2026-04-06 19:05:31.767099,Memorial Park Golf Course
2024,2024-04-14,2023-12-26,2024-04-14,897,pga,2024-03-31,2.0,14,sg_ott,sg_total,vs_expected,-0.32481117536673654,0.10550229964312087,0.17483455927204788,-0.26802295667485726,False,19,89,False,4,2026-04-06 19:05:31.767099,Memorial Park Golf Course
2024,2024-04-14,2023-12-26,2024-04-14,897,pga,2024-03-31,2.0,14,sg_total,sg_putt,vs_expected,-0.3334929022532538,0.11121751585329828,0.16292511030528203,-0.2791585343676138,False,19,89,False,4,2026-04-06 19:05:31.767099,Memorial Park Golf Course
2024,2024-04-14,2023-12-26,2024-04-14,897,pga,2024-03-31,2.0,14,sg_app,sg_ott,vs_expected,-0.33367322262486954,0.11133781949686575,0.16268380212882544,-0.27938999409967774,False,19,89,False,4,2026-04-06 19:05:31.767099,Memorial Park Golf Course
2024,2024-04-14,2023-12-26,2024-04-14,897,pga,2024-03-31,2.0,14,sg_ott,sg_putt,vs_expected,-0.4122793243381394,0.16997424127671276,0.07941776413325834,-0.37953702220083396,False,19,89,False,4,2026-04-06 19:05:31.767099,Memorial Park Golf Course
2024,2024-04-14,2023-12-26,2024-04-14,897,pga,2024-03-31,2.0,14,sg_arg,sg_putt,vs_expected,-0.4122805671582737,0.16997526605634783,0.07941676786899118,-0.37953857705936905,False,19,89,False,4,2026-04-06 19:05:31.767099,Memorial Park Golf Course
2024,2024-04-14,2023-12-26,2024-04-14,897,pga,2024-03-31,2.0,14,sg_ott,sg_arg,vs_expected,-0.5728546370295906,0.328162435166304,0.010358042069458976,-0.5669209845995534,False,19,89,False,4,2026-04-06 19:05:31.767099,Memorial Park Golf Course
2024,2024-04-14,2023-12-26,2024-04-14,665,pga,2024-03-24,3.0,21,sg_arg,sg_app,vs_expected,0.435680451555097,0.1898174558672532,0.026096548577099546,0.42431069548699674,True,26,89,False,4,2026-04-06 19:05:31.767099,Innisbrook Resort and Golf Club - Copperhead Course
2024,2024-04-14,2023-12-26,2024-04-14,665,pga,2024-03-24,3.0,21,sg_arg,sg_total,vs_expected,0.410629234371247,0.1686163681203165,0.0371831652147308,0.39536073970762253,True,26,89,False,4,2026-04-06 19:05:31.767099,Innisbrook Resort and Golf Club - Copperhead Course
2024,2024-04-14,2023-12-26,2024-04-14,665,pga,2024-03-24,3.0,21,sg_ott,sg_app,vs_expected,0.21246101840368933,0.045139684341132816,0.29740270830717797,0.14927453612073094,False,26,89,False,4,2026-04-06 19:05:31.767099,Innisbrook Resort and Golf Club - Copperhead Course
2024,2024-04-14,2023-12-26,2024-04-14,665,pga,2024-03-24,3.0,21,sg_total,sg_app,vs_expected,0.20281654651147235,0.04113455153884023,0.3203779769046343,0.13783859165734216,False,26,89,False,4,2026-04-06 19:05:31.767099,Innisbrook Resort and Golf Club - Copperhead Course
2024,2024-04-14,2023-12-26,2024-04-14,665,pga,2024-03-24,3.0,21,sg_arg,sg_putt,vs_expected,0.20073729495607812,0.040295461586283506,0.3254696368529955,0.13540340046387073,False,26,89,False,4,2026-04-06 19:05:31.767099,Innisbrook Resort and Golf Club - Copperhead Course
2024,2024-04-14,2023-12-26,2024-04-14,665,pga,2024-03-24,3.0,21,sg_putt,sg_ott,vs_expected,0.1798921084736268,0.03236117069108711,0.3792028536708121,0.11167650758756824,False,26,89,False,4,2026-04-06 19:05:31.767099,Innisbrook Resort and Golf Club - Copperhead Course
2024,2024-04-14,2023-12-26,2024-04-14,665,pga,2024-03-24,3.0,21,sg_arg,sg_arg,vs_expected,0.1736764564046894,0.03016351150928998,0.39615871254951673,0.10487301503524538,False,26,89,False,4,2026-04-06 19:05:31.767099,Innisbrook Resort and Golf Club - Copperhead Course
2024,2024-04-14,2023-12-26,2024-04-14,665,pga,2024-03-24,3.0,21,sg_ott,sg_ott,vs_expected,0.17096333936504315,0.029228463406846913,0.4036920185071272,0.10194680380604988,False,26,89,False,4,2026-04-06 19:05:31.767099,Innisbrook Resort and Golf Club - Copperhead Course
2024,2024-04-14,2023-12-26,2024-04-14,665,pga,2024-03-24,3.0,21,sg_putt,sg_app,vs_expected,0.1354437973471256,0.01834502223980923,0.5094366514293074,0.06644376276973624,False,26,89,False,4,2026-04-06 19:05:31.767099,Innisbrook Resort and Golf Club - Copperhead Course
2024,2024-04-14,2023-12-26,2024-04-14,665,pga,2024-03-24,3.0,21,sg_ott,sg_total,vs_expected,0.10040556994992726,0.010081278476969737,0.6255306642707189,0.037598807082669126,False,26,89,False,4,2026-04-06 19:05:31.767099,Innisbrook Resort and Golf Club - Copperhead Course
2024,2024-04-14,2023-12-26,2024-04-14,665,pga,2024-03-24,3.0,21,sg_total,sg_total,vs_expected,0.09069468822353614,0.008225526471964426,0.659488121141554,0.03088261868947727,False,26,89,False,4,2026-04-06 19:05:31.767099,Innisbrook Resort and Golf Club - Copperhead Course
2024,2024-04-14,2023-12-26,2024-04-14,665,pga,2024-03-24,3.0,21,sg_total,sg_ott,vs_expected,0.07069225561207877,0.004997395003523483,0.7314758055209377,0.01898258099414142,False,26,89,False,4,2026-04-06 19:05:31.767099,Innisbrook Resort and Golf Club - Copperhead Course
2024,2024-04-14,2023-12-26,2024-04-14,665,pga,2024-03-24,3.0,21,sg_putt,sg_total,vs_expected,0.03785609783591827,0.0014330841433626159,0.8543264556697754,0.00551463194626996,False,26,89,False,4,2026-04-06 19:05:31.767099,Innisbrook Resort and Golf Club - Copperhead Course
2024,2024-04-14,2023-12-26,2024-04-14,665,pga,2024-03-24,3.0,21,sg_app,sg_arg,vs_expected,0.03215319362102012,0.001033827860030809,0.8760909839486746,0.003984070584488356,False,26,89,False,4,2026-04-06 19:05:31.767099,Innisbrook Resort and Golf Club - Copperhead Course
2024,2024-04-14,2023-12-26,2024-04-14,665,pga,2024-03-24,3.0,21,sg_putt,sg_arg,vs_expected,0.02059007682144165,0.0004239512635128687,0.9204745229259979,0.001637435682215501,False,26,89,False,4,2026-04-06 19:05:31.767099,Innisbrook Resort and Golf Club - Copperhead Course
2024,2024-04-14,2023-12-26,2024-04-14,665,pga,2024-03-24,3.0,21,sg_total,sg_arg,vs_expected,0.019810940184573383,0.0003924733509967445,0.923474974858072,0.0015160326957097108,False,26,89,False,4,2026-04-06 19:05:31.767099,Innisbrook Resort and Golf Club - Copperhead Course
2024,2024-04-14,2023-12-26,2024-04-14,665,pga,2024-03-24,3.0,21,sg_arg,sg_ott,vs_expected,-0.03186934599984784,0.0010156552144580174,0.8771766855190961,-0.003914298706040047,False,26,89,False,4,2026-04-06 19:05:31.767099,Innisbrook Resort and Golf Club - Copperhead Course
2024,2024-04-14,2023-12-26,2024-04-14,665,pga,2024-03-24,3.0,21,sg_ott,sg_putt,vs_expected,-0.0947992052076942,0.008986889308010516,0.6450500892976982,-0.03364896942312024,False,26,89,False,4,2026-04-06 19:05:31.767099,Innisbrook Resort and Golf Club - Copperhead Course
2024,2024-04-14,2023-12-26,2024-04-14,665,pga,2024-03-24,3.0,21,sg_app,sg_putt,vs_expected,-0.09690187308010947,0.009389973006433645,0.6377015773254457,-0.03510739577113351,False,26,89,False,4,2026-04-06 19:05:31.767099,Innisbrook Resort and Golf Club - Copperhead Course
2024,2024-04-14,2023-12-26,2024-04-14,665,pga,2024-03-24,3.0,21,sg_ott,sg_arg,vs_expected,-0.12183063125382396,0.014842702711705227,0.5532614143991932,-0.054426443889186764,False,26,89,False,4,2026-04-06 19:05:31.767099,Innisbrook Resort and Golf Club - Copperhead Course
2024,2024-04-14,2023-12-26,2024-04-14,665,pga,2024-03-24,3.0,21,sg_app,sg_ott,vs_expected,-0.12853517635420333,0.016521291560406152,0.5314630321225459,-0.06022348179459227,False,26,89,False,4,2026-04-06 19:05:31.767099,Innisbrook Resort and Golf Club - Copperhead Course
2024,2024-04-14,2023-12-26,2024-04-14,665,pga,2024-03-24,3.0,21,sg_total,sg_putt,vs_expected,-0.16377772036512728,0.026823141687997827,0.42402700348975714,-0.094331544360319,False,26,89,False,4,2026-04-06 19:05:31.767099,Innisbrook Resort and Golf Club - Copperhead Course
2024,2024-04-14,2023-12-26,2024-04-14,665,pga,2024-03-24,3.0,21,sg_app,sg_app,vs_expected,-0.22396726314316023,0.05016133495983758,0.27137819548166736,-0.16318743142440165,False,26,89,False,4,2026-04-06 19:05:31.767099,Innisbrook Resort and Golf Club - Copperhead Course
2024,2024-04-14,2023-12-26,2024-04-14,665,pga,2024-03-24,3.0,21,sg_app,sg_total,vs_expected,-0.22636237250683278,0.05123992368692212,0.26615073281281465,-0.1661158611828919,False,26,89,False,4,2026-04-06 19:05:31.767099,Innisbrook Resort and Golf Club - Copperhead Course
2024,2024-04-14,2023-12-26,2024-04-14,665,pga,2024-03-24,3.0,21,sg_putt,sg_putt,vs_expected,-0.2763529529896088,0.07637095462607695,0.17174601128065603,-0.22889043560801287,False,26,89,False,4,2026-04-06 19:05:31.767099,Innisbrook Resort and Golf Club - Copperhead Course
2024,2024-04-14,2023-12-26,2024-04-14,11,pga,2024-03-17,4.0,28,sg_app,sg_ott,vs_expected,0.13752219638142774,0.018912354497571976,0.28647424271933153,0.09812562931595903,False,62,89,False,4,2026-04-06 19:05:31.767099,TPC Sawgrass - THE PLAYERS Stadium Course
2024,2024-04-14,2023-12-26,2024-04-14,11,pga,2024-03-17,4.0,28,sg_putt,sg_ott,vs_expected,0.13145789796611132,0.017281178937668534,0.30845779916097477,0.09090868407715665,False,62,89,False,4,2026-04-06 19:05:31.767099,TPC Sawgrass - THE PLAYERS Stadium Course
2024,2024-04-14,2023-12-26,2024-04-14,11,pga,2024-03-17,4.0,28,sg_total,sg_ott,vs_expected,0.12532497258944025,0.01570634875454395,0.3317670470649652,0.08374627650994396,False,62,89,False,4,2026-04-06 19:05:31.767099,TPC Sawgrass - THE PLAYERS Stadium Course
2024,2024-04-14,2023-12-26,2024-04-14,11,pga,2024-03-17,4.0,28,sg_arg,sg_putt,vs_expected,0.12321393820668153,0.015181674568399934,0.34004050976963446,0.08131620784815731,False,62,89,False,4,2026-04-06 19:05:31.767099,TPC Sawgrass - THE PLAYERS Stadium Course
2024,2024-04-14,2023-12-26,2024-04-14,11,pga,2024-03-17,4.0,28,sg_arg,sg_total,vs_expected,0.10096910446633242,0.01019476005673315,0.4348905013910742,0.057058599999961365,False,62,89,False,4,2026-04-06 19:05:31.767099,TPC Sawgrass - THE PLAYERS Stadium Course
2024,2024-04-14,2023-12-26,2024-04-14,11,pga,2024-03-17,4.0,28,sg_ott,sg_putt,vs_expected,0.08855441432352956,0.007841884296183337,0.49370095140466225,0.04483501572092037,False,62,89,False,4,2026-04-06 19:05:31.767099,TPC Sawgrass - THE PLAYERS Stadium Course
2024,2024-04-14,2023-12-26,2024-04-14,11,pga,2024-03-17,4.0,28,sg_arg,sg_arg,vs_expected,0.046556747379309406,0.002167530726540833,0.7193536915216076,0.013065979286764257,False,62,89,False,4,2026-04-06 19:05:31.767099,TPC Sawgrass - THE PLAYERS Stadium Course
2024,2024-04-14,2023-12-26,2024-04-14,11,pga,2024-03-17,4.0,28,sg_arg,sg_app,vs_expected,0.02211241923102003,0.0004889590842483845,0.864545539968868,0.002995225806919838,False,62,89,False,4,2026-04-06 19:05:31.767099,TPC Sawgrass - THE PLAYERS Stadium Course
2024,2024-04-14,2023-12-26,2024-04-14,11,pga,2024-03-17,4.0,28,sg_app,sg_arg,vs_expected,0.019064165951687972,0.000363442423433499,0.8830769325968283,0.002229040760554464,False,62,89,False,4,2026-04-06 19:05:31.767099,TPC Sawgrass - THE PLAYERS Stadium Course
2024,2024-04-14,2023-12-26,2024-04-14,11,pga,2024-03-17,4.0,28,sg_ott,sg_total,vs_expected,0.014439055513602334,0.00020848632412488996,0.9113108722253055,0.0012805872393917845,False,62,89,False,4,2026-04-06 19:05:31.767099,TPC Sawgrass - THE PLAYERS Stadium Course
2024,2024-04-14,2023-12-26,2024-04-14,11,pga,2024-03-17,4.0,28,sg_ott,sg_ott,vs_expected,0.002686461895890724,7.217077518072782e-06,0.9834668122614969,4.44157788770963e-05,False,62,89,False,4,2026-04-06 19:05:31.767099,TPC Sawgrass - THE PLAYERS Stadium Course
2024,2024-04-14,2023-12-26,2024-04-14,11,pga,2024-03-17,4.0,28,sg_ott,sg_arg,vs_expected,-0.021809833959853364,0.00047566885735637307,0.8663819861320673,-0.0029141866965049965,False,62,89,False,4,2026-04-06 19:05:31.767099,TPC Sawgrass - THE PLAYERS Stadium Course
2024,2024-04-14,2023-12-26,2024-04-14,11,pga,2024-03-17,4.0,28,sg_total,sg_putt,vs_expected,-0.03134214658467785,0.0009823301525354333,0.80891553447363,-0.005988997328582311,False,62,89,False,4,2026-04-06 19:05:31.767099,TPC Sawgrass - THE PLAYERS Stadium Course
2024,2024-04-14,2023-12-26,2024-04-14,11,pga,2024-03-17,4.0,28,sg_arg,sg_ott,vs_expected,-0.03364096444668222,0.0011317144889029373,0.7951940071286862,-0.006889871124651322,False,62,89,False,4,2026-04-06 19:05:31.767099,TPC Sawgrass - THE PLAYERS Stadium Course
2024,2024-04-14,2023-12-26,2024-04-14,11,pga,2024-03-17,4.0,28,sg_total,sg_arg,vs_expected,-0.03978191064313684,0.0015826004144185242,0.7588511235894418,-0.009593363053057673,False,62,89,False,4,2026-04-06 19:05:31.767099,TPC Sawgrass - THE PLAYERS Stadium Course
2024,2024-04-14,2023-12-26,2024-04-14,11,pga,2024-03-17,4.0,28,sg_total,sg_total,vs_expected,-0.05931609979961315,0.0035183996954376673,0.646985503810456,-0.020939443086689144,False,62,89,False,4,2026-04-06 19:05:31.767099,TPC Sawgrass - THE PLAYERS Stadium Course
2024,2024-04-14,2023-12-26,2024-04-14,11,pga,2024-03-17,4.0,28,sg_app,sg_total,vs_expected,-0.07160892538549851,0.005127838194865893,0.5802050787886812,-0.030061063190232554,False,62,89,False,4,2026-04-06 19:05:31.767099,TPC Sawgrass - THE PLAYERS Stadium Course
2024,2024-04-14,2023-12-26,2024-04-14,11,pga,2024-03-17,4.0,28,sg_app,sg_putt,vs_expected,-0.0730257653851291,0.0053327624100839195,0.5727150104343386,-0.031202813400609326,False,62,89,False,4,2026-04-06 19:05:31.767099,TPC Sawgrass - THE PLAYERS Stadium Course
2024,2024-04-14,2023-12-26,2024-04-14,11,pga,2024-03-17,4.0,28,sg_ott,sg_app,vs_expected,-0.08053081715589556,0.006485212511796283,0.5338054019416475,-0.03754303193530341,False,62,89,False,4,2026-04-06 19:05:31.767099,TPC Sawgrass - THE PLAYERS Stadium Course
2024,2024-04-14,2023-12-26,2024-04-14,11,pga,2024-03-17,4.0,28,sg_putt,sg_arg,vs_expected,-0.11442217673507352,0.013092434528792399,0.37586602351655213,-0.0714147681635533,False,62,89,False,4,2026-04-06 19:05:31.767099,TPC Sawgrass - THE PLAYERS Stadium Course
2024,2024-04-14,2023-12-26,2024-04-14,11,pga,2024-03-17,4.0,28,sg_putt,sg_putt,vs_expected,-0.1784928587771393,0.03185970063443579,0.16512887947082466,-0.14901853301372614,False,62,89,False,4,2026-04-06 19:05:31.767099,TPC Sawgrass - THE PLAYERS Stadium Course
2024,2024-04-14,2023-12-26,2024-04-14,11,pga,2024-03-17,4.0,28,sg_putt,sg_total,vs_expected,-0.18378505006884174,0.03377694462880667,0.15274963849054485,-0.15571195011085948,False,62,89,False,4,2026-04-06 19:05:31.767099,TPC Sawgrass - THE PLAYERS Stadium Course
2024,2024-04-14,2023-12-26,2024-04-14,11,pga,2024-03-17,4.0,28,sg_putt,sg_app,vs_expected,-0.19800966404876416,0.03920782705670445,0.12289901326607552,-0.17367447172002393,False,62,89,False,4,2026-04-06 19:05:31.767099,TPC Sawgrass - THE PLAYERS Stadium Course
2024,2024-04-14,2023-12-26,2024-04-14,11,pga,2024-03-17,4.0,28,sg_app,sg_app,vs_expected,-0.2197505016306296,0.04829028296691334,0.08613458234046059,-0.2008223839535686,False,62,89,False,4,2026-04-06 19:05:31.767099,TPC Sawgrass - THE PLAYERS Stadium Course
2024,2024-04-14,2023-12-26,2024-04-14,11,pga,2024-03-17,4.0,28,sg_total,sg_app,vs_expected,-0.2239375248013612,0.05014801501416026,0.08017056722982835,-0.20598432641399234,False,62,89,False,4,2026-04-06 19:05:31.767099,TPC Sawgrass - THE PLAYERS Stadium Course
2024,2024-04-14,2023-12-26,2024-04-14,9,pga,2024-03-10,5.0,35,sg_ott,sg_ott,vs_expected,0.15086518084399272,0.02276030279109063,0.26705273778803884,0.11057622126271688,False,56,89,False,4,2026-04-06 19:05:31.767099,Arnold Palmer's Bay Hill Club & Lodge
2024,2024-04-14,2023-12-26,2024-04-14,9,pga,2024-03-10,5.0,35,sg_arg,sg_arg,vs_expected,0.10624426356748295,0.011287843540996786,0.43578138064115624,0.05994499170484234,False,56,89,False,4,2026-04-06 19:05:31.767099,Arnold Palmer's Bay Hill Club & Lodge
2024,2024-04-14,2023-12-26,2024-04-14,9,pga,2024-03-10,5.0,35,sg_putt,sg_arg,vs_expected,0.09609360243788637,0.00923398042949056,0.4811135087323765,0.0498616722022608,False,56,89,False,4,2026-04-06 19:05:31.767099,Arnold Palmer's Bay Hill Club & Lodge
2024,2024-04-14,2023-12-26,2024-04-14,9,pga,2024-03-10,5.0,35,sg_ott,sg_arg,vs_expected,0.07873249577553346,0.006198805891044394,0.5640826792841549,0.03432085861174214,False,56,89,False,4,2026-04-06 19:05:31.767099,Arnold Palmer's Bay Hill Club & Lodge
2024,2024-04-14,2023-12-26,2024-04-14,9,pga,2024-03-10,5.0,35,sg_total,sg_arg,vs_expected,0.039952671722404444,0.0015962159777582158,0.7700175957149283,0.009188411500330769,False,56,89,False,4,2026-04-06 19:05:31.767099,Arnold Palmer's Bay Hill Club & Lodge
2024,2024-04-14,2023-12-26,2024-04-14,9,pga,2024-03-10,5.0,35,sg_putt,sg_app,vs_expected,0.03691285830545943,0.001362559108278925,0.7870891992579344,0.007859146219493773,False,56,89,False,4,2026-04-06 19:05:31.767099,Arnold Palmer's Bay Hill Club & Lodge
2024,2024-04-14,2023-12-26,2024-04-14,9,pga,2024-03-10,5.0,35,sg_putt,sg_ott,vs_expected,0.0225865500560173,0.000510152243432975,0.8687620977173944,0.0029642114491527775,False,56,89,False,4,2026-04-06 19:05:31.767099,Arnold Palmer's Bay Hill Club & Lodge
2024,2024-04-14,2023-12-26,2024-04-14,9,pga,2024-03-10,5.0,35,sg_arg,sg_ott,vs_expected,-0.02430837400839371,0.0005908970469319509,0.858855995820796,-0.0034309812426303763,False,56,89,False,4,2026-04-06 19:05:31.767099,Arnold Palmer's Bay Hill Club & Lodge
2024,2024-04-14,2023-12-26,2024-04-14,9,pga,2024-03-10,5.0,35,sg_arg,sg_total,vs_expected,-0.03185856507936229,0.0010149681689159626,0.8156917872367175,-0.005871795190979986,False,56,89,False,4,2026-04-06 19:05:31.767099,Arnold Palmer's Bay Hill Club & Lodge
2024,2024-04-14,2023-12-26,2024-04-14,9,pga,2024-03-10,5.0,35,sg_total,sg_ott,vs_expected,-0.03461496178677004,0.00119819557949955,0.8000610016682432,-0.006920880786938839,False,56,89,False,4,2026-04-06 19:05:31.767099,Arnold Palmer's Bay Hill Club & Lodge
2024,2024-04-14,2023-12-26,2024-04-14,9,pga,2024-03-10,5.0,35,sg_ott,sg_total,vs_expected,-0.0418473552912942,0.0017512011448758086,0.7594310226887001,-0.01006717546560926,False,56,89,False,4,2026-04-06 19:05:31.767099,Arnold Palmer's Bay Hill Club & Lodge
2024,2024-04-14,2023-12-26,2024-04-14,9,pga,2024-03-10,5.0,35,sg_arg,sg_app,vs_expected,-0.06100564538262189,0.0037216887685502156,0.6551319506994092,-0.021038897919428406,False,56,89,False,4,2026-04-06 19:05:31.767099,Arnold Palmer's Bay Hill Club & Lodge
2024,2024-04-14,2023-12-26,2024-04-14,9,pga,2024-03-10,5.0,35,sg_ott,sg_app,vs_expected,-0.06470493143384992,0.0041867281518592194,0.6356543842516966,-0.0235749580852178,False,56,89,False,4,2026-04-06 19:05:31.767099,Arnold Palmer's Bay Hill Club & Lodge
2024,2024-04-14,2023-12-26,2024-04-14,9,pga,2024-03-10,5.0,35,sg_putt,sg_total,vs_expected,-0.08087891541796116,0.006541398959185716,0.5534732479072767,-0.03611459941436428,False,56,89,False,4,2026-04-06 19:05:31.767099,Arnold Palmer's Bay Hill Club & Lodge
2024,2024-04-14,2023-12-26,2024-04-14,9,pga,2024-03-10,5.0,35,sg_arg,sg_putt,vs_expected,-0.08527813853271739,0.007272360911605338,0.5320302860708273,-0.03990758609356812,False,56,89,False,4,2026-04-06 19:05:31.767099,Arnold Palmer's Bay Hill Club & Lodge
2024,2024-04-14,2023-12-26,2024-04-14,9,pga,2024-03-10,5.0,35,sg_app,sg_putt,vs_expected,-0.13265347976940123,0.017596945694930942,0.32975165788967037,-0.08891077489060732,False,56,89,False,4,2026-04-06 19:05:31.767099,Arnold Palmer's Bay Hill Club & Lodge
2024,2024-04-14,2023-12-26,2024-04-14,9,pga,2024-03-10,5.0,35,sg_app,sg_arg,vs_expected,-0.135644796406306,0.018399510792108206,0.31886403976821964,-0.09239254865065359,False,56,89,False,4,2026-04-06 19:05:31.767099,Arnold Palmer's Bay Hill Club & Lodge
2024,2024-04-14,2023-12-26,2024-04-14,9,pga,2024-03-10,5.0,35,sg_ott,sg_putt,vs_expected,-0.14144210836627122,0.02000587001909601,0.29842266716702115,-0.09923257713788172,False,56,89,False,4,2026-04-06 19:05:31.767099,Arnold Palmer's Bay Hill Club & Lodge
2024,2024-04-14,2023-12-26,2024-04-14,9,pga,2024-03-10,5.0,35,sg_app,sg_ott,vs_expected,-0.17358742257666443,0.030132593276809467,0.20073871857534534,-0.13874170580782785,False,56,89,False,4,2026-04-06 19:05:31.767099,Arnold Palmer's Bay Hill Club & Lodge
2024,2024-04-14,2023-12-26,2024-04-14,9,pga,2024-03-10,5.0,35,sg_total,sg_app,vs_expected,-0.1870514268079635,0.034988236270894923,0.16745976409896032,-0.15572783900032797,False,56,89,False,4,2026-04-06 19:05:31.767099,Arnold Palmer's Bay Hill Club & Lodge
2024,2024-04-14,2023-12-26,2024-04-14,9,pga,2024-03-10,5.0,35,sg_total,sg_total,vs_expected,-0.2207598375489916,0.048734905874657154,0.10204971630096676,-0.19823135875646947,False,56,89,False,4,2026-04-06 19:05:31.767099,Arnold Palmer's Bay Hill Club & Lodge
2024,2024-04-14,2023-12-26,2024-04-14,9,pga,2024-03-10,5.0,35,sg_app,sg_app,vs_expected,-0.25756983633526137,0.06634222058977333,0.05530451768678302,-0.2433250607660761,False,56,89,False,4,2026-04-06 19:05:31.767099,Arnold Palmer's Bay Hill Club & Lodge
2024,2024-04-14,2023-12-26,2024-04-14,9,pga,2024-03-10,5.0,35,sg_total,sg_putt,vs_expected,-0.2762156724386582,0.07629509770074011,0.03933482299671517,-0.2653507778543649,False,56,89,False,4,2026-04-06 19:05:31.767099,Arnold Palmer's Bay Hill Club & Lodge
2024,2024-04-14,2023-12-26,2024-04-14,9,pga,2024-03-10,5.0,35,sg_putt,sg_putt,vs_expected,-0.31111196629228,0.09679065557024877,0.019601749925898374,-0.3050136273300642,False,56,89,False,4,2026-04-06 19:05:31.767099,Arnold Palmer's Bay Hill Club & Lodge
2024,2024-04-14,2023-12-26,2024-04-14,9,pga,2024-03-10,5.0,35,sg_app,sg_total,vs_expected,-0.32995158682055903,0.1088680496454049,0.013012712560466485,-0.3256580216623933,False,56,89,False,4,2026-04-06 19:05:31.767099,Arnold Palmer's Bay Hill Club & Lodge
2024,2024-04-14,2023-12-26,2024-04-14,928,pga,2024-03-03,6.0,42,sg_putt,sg_app,vs_expected,0.4673767138267882,0.21844099262752747,0.004642798208930643,0.4652067780569373,True,35,89,False,4,2026-04-06 19:05:31.767099,PGA National  - Champion Course
2024,2024-04-14,2023-12-26,2024-04-14,928,pga,2024-03-03,6.0,42,sg_putt,sg_total,vs_expected,0.3777451296420619,0.14269138296829817,0.02527141172955628,0.36819897694204273,True,35,89,False,4,2026-04-06 19:05:31.767099,PGA National  - Champion Course
2024,2024-04-14,2023-12-26,2024-04-14,928,pga,2024-03-03,6.0,42,sg_total,sg_app,vs_expected,0.33376185779891004,0.11139697772137985,0.05006032470390829,0.31705363082371696,True,35,89,False,4,2026-04-06 19:05:31.767099,PGA National  - Champion Course
2024,2024-04-14,2023-12-26,2024-04-14,928,pga,2024-03-03,6.0,42,sg_ott,sg_ott,vs_expected,0.22389687155563495,0.050129809092400494,0.19602014556283598,0.1800085742022358,True,35,89,False,4,2026-04-06 19:05:31.767099,PGA National  - Champion Course
2024,2024-04-14,2023-12-26,2024-04-14,928,pga,2024-03-03,6.0,42,sg_total,sg_total,vs_expected,0.19525843834548448,0.03812585774511736,0.2609817953295262,0.14429954055284036,False,35,89,False,4,2026-04-06 19:05:31.767099,PGA National  - Champion Course
2024,2024-04-14,2023-12-26,2024-04-14,928,pga,2024-03-03,6.0,42,sg_app,sg_app,vs_expected,0.17596779031951498,0.03096466322993279,0.311944805505291,0.12107555219309805,False,35,89,False,4,2026-04-06 19:05:31.767099,PGA National  - Champion Course
2024,2024-04-14,2023-12-26,2024-04-14,928,pga,2024-03-03,6.0,42,sg_arg,sg_putt,vs_expected,0.172669124680131,0.02981462661780262,0.3212456274416449,0.1171999233824627,False,35,89,False,4,2026-04-06 19:05:31.767099,PGA National  - Champion Course
2024,2024-04-14,2023-12-26,2024-04-14,928,pga,2024-03-03,6.0,42,sg_putt,sg_putt,vs_expected,0.15317061516593983,0.023461237350312435,0.37969417653048504,0.09501262457184047,False,35,89,False,4,2026-04-06 19:05:31.767099,PGA National  - Champion Course
2024,2024-04-14,2023-12-26,2024-04-14,928,pga,2024-03-03,6.0,42,sg_putt,sg_arg,vs_expected,0.0859718707463199,0.007391162559621935,0.6233870402620308,0.032378120695981664,False,35,89,False,4,2026-04-06 19:05:31.767099,PGA National  - Champion Course
2024,2024-04-14,2023-12-26,2024-04-14,928,pga,2024-03-03,6.0,42,sg_app,sg_ott,vs_expected,0.07940129480968455,0.006304565617454439,0.6502596043283135,0.0277698402635833,False,35,89,False,4,2026-04-06 19:05:31.767099,PGA National  - Champion Course
2024,2024-04-14,2023-12-26,2024-04-14,928,pga,2024-03-03,6.0,42,sg_app,sg_total,vs_expected,0.036784947105935745,0.0013531323335864906,0.833831544198233,0.00611249785734302,False,35,89,False,4,2026-04-06 19:05:31.767099,PGA National  - Champion Course
2024,2024-04-14,2023-12-26,2024-04-14,928,pga,2024-03-03,6.0,42,sg_arg,sg_app,vs_expected,0.0024718849815393643,6.110215361959863e-06,0.9887559705796415,2.7793947456170976e-05,False,35,89,False,4,2026-04-06 19:05:31.767099,PGA National  - Champion Course
2024,2024-04-14,2023-12-26,2024-04-14,928,pga,2024-03-03,6.0,42,sg_total,sg_arg,vs_expected,-0.009037119762392187,8.166953359981942e-05,0.9589082881267796,-0.0003713507214400054,False,35,89,False,4,2026-04-06 19:05:31.767099,PGA National  - Champion Course
2024,2024-04-14,2023-12-26,2024-04-14,928,pga,2024-03-03,6.0,42,sg_arg,sg_total,vs_expected,-0.014125510175856964,0.00019953003772823862,0.9358104976912531,-0.000906709468045398,False,35,89,False,4,2026-04-06 19:05:31.767099,PGA National  - Champion Course
2024,2024-04-14,2023-12-26,2024-04-14,928,pga,2024-03-03,6.0,42,sg_app,sg_arg,vs_expected,-0.015619306187818732,0.00024396272578883254,0.92903863151916,-0.0011083673418088695,False,35,89,False,4,2026-04-06 19:05:31.767099,PGA National  - Champion Course
2024,2024-04-14,2023-12-26,2024-04-14,928,pga,2024-03-03,6.0,42,sg_total,sg_ott,vs_expected,-0.036737415025275735,0.0013496376627393553,0.8340432784727555,-0.006096820954980493,False,35,89,False,4,2026-04-06 19:05:31.767099,PGA National  - Champion Course
2024,2024-04-14,2023-12-26,2024-04-14,928,pga,2024-03-03,6.0,42,sg_ott,sg_app,vs_expected,-0.04744437347213032,0.002250968574162983,0.7866653650660399,-0.010121528094347382,False,35,89,False,4,2026-04-06 19:05:31.767099,PGA National  - Champion Course
2024,2024-04-14,2023-12-26,2024-04-14,928,pga,2024-03-03,6.0,42,sg_ott,sg_arg,vs_expected,-0.04919323900780742,0.0024199747640792657,0.7789930286928213,-0.01087204876190568,False,35,89,False,4,2026-04-06 19:05:31.767099,PGA National  - Champion Course
2024,2024-04-14,2023-12-26,2024-04-14,928,pga,2024-03-03,6.0,42,sg_arg,sg_ott,vs_expected,-0.09542064248147035,0.009105099011576584,0.5855738904106003,-0.03954480563811676,False,35,89,False,4,2026-04-06 19:05:31.767099,PGA National  - Champion Course
2024,2024-04-14,2023-12-26,2024-04-14,928,pga,2024-03-03,6.0,42,sg_total,sg_putt,vs_expected,-0.1007345224257396,0.010147444008341834,0.5647653373557937,-0.04384315588459201,False,35,89,False,4,2026-04-06 19:05:31.767099,PGA National  - Champion Course
2024,2024-04-14,2023-12-26,2024-04-14,928,pga,2024-03-03,6.0,42,sg_arg,sg_arg,vs_expected,-0.16144339351581702,0.02606396930990295,0.3541743991148078,-0.10426427662629706,False,35,89,False,4,2026-04-06 19:05:31.767099,PGA National  - Champion Course
2024,2024-04-14,2023-12-26,2024-04-14,928,pga,2024-03-03,6.0,42,sg_ott,sg_total,vs_expected,-0.17982238761170316,0.032336091086373614,0.3012933068157234,-0.12564310580867433,False,35,89,False,4,2026-04-06 19:05:31.767099,PGA National  - Champion Course
2024,2024-04-14,2023-12-26,2024-04-14,928,pga,2024-03-03,6.0,42,sg_app,sg_putt,vs_expected,-0.1905306608255132,0.03630193271460675,0.2729304005206233,-0.13852905125494686,False,35,89,False,4,2026-04-06 19:05:31.767099,PGA National  - Champion Course
2024,2024-04-14,2023-12-26,2024-04-14,928,pga,2024-03-03,6.0,42,sg_putt,sg_ott,vs_expected,-0.21985377360100455,0.04833568176660177,0.20443033548564735,-0.17490899290596562,False,35,89,False,4,2026-04-06 19:05:31.767099,PGA National  - Champion Course
2024,2024-04-14,2023-12-26,2024-04-14,928,pga,2024-03-03,6.0,42,sg_ott,sg_putt,vs_expected,-0.3766860027433798,0.14189234466278555,0.02571770787035978,-0.366998502165972,False,35,89,False,4,2026-04-06 19:05:31.767099,PGA National  - Champion Course
2024,2024-04-14,2023-12-26,2024-04-14,978,pga,2024-02-25,7.0,49,sg_ott,sg_app,vs_expected,0.35516069881035006,0.1261391219794562,0.31389105430667397,0.2436789326124742,True,10,89,False,4,2026-04-06 19:05:31.767099,Vidanta Vallarta
2024,2024-04-14,2023-12-26,2024-04-14,978,pga,2024-02-25,7.0,49,sg_app,sg_app,vs_expected,0.3328888773927386,0.11081500469179775,0.347276688842982,0.2172843302991309,True,10,89,False,4,2026-04-06 19:05:31.767099,Vidanta Vallarta
2024,2024-04-14,2023-12-26,2024-04-14,978,pga,2024-02-25,7.0,49,sg_ott,sg_arg,vs_expected,0.3250780346469873,0.10567572860994788,0.35939384044606043,0.20824699133054908,True,10,89,False,4,2026-04-06 19:05:31.767099,Vidanta Vallarta
2024,2024-04-14,2023-12-26,2024-04-14,978,pga,2024-02-25,7.0,49,sg_total,sg_app,vs_expected,0.32237825932557307,0.10392774208578644,0.3636306170163882,0.20515165397434573,True,10,89,False,4,2026-04-06 19:05:31.767099,Vidanta Vallarta
2024,2024-04-14,2023-12-26,2024-04-14,978,pga,2024-02-25,7.0,49,sg_ott,sg_total,vs_expected,0.2610609864523854,0.06815283864749255,0.4662835114664351,0.13933255298247568,False,10,89,False,4,2026-04-06 19:05:31.767099,Vidanta Vallarta
2024,2024-04-14,2023-12-26,2024-04-14,978,pga,2024-02-25,7.0,49,sg_arg,sg_putt,vs_expected,0.20331627047377568,0.04133750583936551,0.5731791866561411,0.08677961592965694,False,10,89,False,4,2026-04-06 19:05:31.767099,Vidanta Vallarta
2024,2024-04-14,2023-12-26,2024-04-14,978,pga,2024-02-25,7.0,49,sg_ott,sg_putt,vs_expected,0.033435968840897834,0.0011179640123294909,0.9269405325352316,0.0024428140776845864,False,10,89,False,4,2026-04-06 19:05:31.767099,Vidanta Vallarta
2024,2024-04-14,2023-12-26,2024-04-14,978,pga,2024-02-25,7.0,49,sg_arg,sg_total,vs_expected,0.03336905601619559,0.001113493899411999,0.9270864149522451,0.002433057503800175,False,10,89,False,4,2026-04-06 19:05:31.767099,Vidanta Vallarta
2024,2024-04-14,2023-12-26,2024-04-14,978,pga,2024-02-25,7.0,49,sg_app,sg_putt,vs_expected,0.02649146084397898,0.0007017974976480714,0.9420905814962586,0.0015341050927894578,False,10,89,False,4,2026-04-06 19:05:31.767099,Vidanta Vallarta
2024,2024-04-14,2023-12-26,2024-04-14,978,pga,2024-02-25,7.0,49,sg_putt,sg_ott,vs_expected,0.02009283499072922,0.0004037220179646725,0.9560646639845646,0.0008827854568203866,False,10,89,False,4,2026-04-06 19:05:31.767099,Vidanta Vallarta
2024,2024-04-14,2023-12-26,2024-04-14,978,pga,2024-02-25,7.0,49,sg_app,sg_total,vs_expected,0.013508377101286356,0.0001824762519105576,0.9704558165962791,0.0003990939705670277,False,10,89,False,4,2026-04-06 19:05:31.767099,Vidanta Vallarta
2024,2024-04-14,2023-12-26,2024-04-14,978,pga,2024-02-25,7.0,49,sg_putt,sg_app,vs_expected,-0.01210514624832814,0.00014653456569341285,0.9735238724770274,-0.0003204973957549688,False,10,89,False,4,2026-04-06 19:05:31.767099,Vidanta Vallarta
2024,2024-04-14,2023-12-26,2024-04-14,978,pga,2024-02-25,7.0,49,sg_total,sg_total,vs_expected,-0.03883171831652159,0.001507902347413678,0.9097504947206989,-0.0035045433672112477,False,11,89,False,4,2026-04-06 19:05:31.767099,Vidanta Vallarta
2024,2024-04-14,2023-12-26,2024-04-14,978,pga,2024-02-25,7.0,49,sg_total,sg_putt,vs_expected,-0.0474484289823192,0.0022513534128901884,0.896439921830186,-0.004913763014443847,False,10,89,False,4,2026-04-06 19:05:31.767099,Vidanta Vallarta
2024,2024-04-14,2023-12-26,2024-04-14,978,pga,2024-02-25,7.0,49,sg_ott,sg_ott,vs_expected,-0.06442528017422086,0.004150616725526856,0.8596531919842659,-0.009041882427971253,False,10,89,False,4,2026-04-06 19:05:31.767099,Vidanta Vallarta
2024,2024-04-14,2023-12-26,2024-04-14,978,pga,2024-02-25,7.0,49,sg_arg,sg_arg,vs_expected,-0.07616775571009587,0.005801527009912843,0.8343463070904322,-0.012617470014011199,False,10,89,False,4,2026-04-06 19:05:31.767099,Vidanta Vallarta
2024,2024-04-14,2023-12-26,2024-04-14,978,pga,2024-02-25,7.0,49,sg_arg,sg_app,vs_expected,-0.09058177204985728,0.008205057427692305,0.8034701979990233,-0.017802017725856056,False,10,89,False,4,2026-04-06 19:05:31.767099,Vidanta Vallarta
2024,2024-04-14,2023-12-26,2024-04-14,978,pga,2024-02-25,7.0,49,sg_arg,sg_ott,vs_expected,-0.10241682505145625,0.010489206053620595,0.778298410764565,-0.022705972878355365,False,10,89,False,4,2026-04-06 19:05:31.767099,Vidanta Vallarta
2024,2024-04-14,2023-12-26,2024-04-14,978,pga,2024-02-25,7.0,49,sg_total,sg_ott,vs_expected,-0.13679050994693637,0.018711643611542896,0.7063072497600307,-0.04017438107304362,False,10,89,False,4,2026-04-06 19:05:31.767099,Vidanta Vallarta
2024,2024-04-14,2023-12-26,2024-04-14,978,pga,2024-02-25,7.0,49,sg_app,sg_ott,vs_expected,-0.18635771056724493,0.034729196287865034,0.6062075549823658,-0.07338625849216399,False,10,89,False,4,2026-04-06 19:05:31.767099,Vidanta Vallarta
2024,2024-04-14,2023-12-26,2024-04-14,978,pga,2024-02-25,7.0,49,sg_app,sg_arg,vs_expected,-0.29716857182577877,0.08830916008097303,0.4043719437834707,-0.17700193880523066,False,10,89,False,4,2026-04-06 19:05:31.767099,Vidanta Vallarta
2024,2024-04-14,2023-12-26,2024-04-14,978,pga,2024-02-25,7.0,49,sg_putt,sg_putt,vs_expected,-0.3159624556941185,0.0998322734082578,0.3737981227603472,-0.19785628289290763,False,10,89,False,4,2026-04-06 19:05:31.767099,Vidanta Vallarta
2024,2024-04-14,2023-12-26,2024-04-14,978,pga,2024-02-25,7.0,49,sg_total,sg_arg,vs_expected,-0.3340598923030381,0.11159601164551743,0.34547817009693615,-0.21864949200740494,False,10,89,False,4,2026-04-06 19:05:31.767099,Vidanta Vallarta
2024,2024-04-14,2023-12-26,2024-04-14,978,pga,2024-02-25,7.0,49,sg_putt,sg_total,vs_expected,-0.4776635444306635,0.22816246167806445,0.16265145995956864,-0.3999708715595538,False,10,89,False,4,2026-04-06 19:05:31.767099,Vidanta Vallarta
2024,2024-04-14,2023-12-26,2024-04-14,978,pga,2024-02-25,7.0,49,sg_putt,sg_arg,vs_expected,-0.7035605762032786,0.4949974843874894,0.02318823148832091,-0.6872462506962205,False,10,89,False,4,2026-04-06 19:05:31.767099,Vidanta Vallarta
2024,2024-04-14,2023-12-26,2024-04-14,500,pga,2024-02-18,8.0,56,sg_total,sg_arg,vs_expected,0.2660020133860549,0.07075707112543493,0.059202368672521516,0.2502540641219407,True,51,89,False,4,2026-04-06 19:05:31.767099,The Riviera Country Club
2024,2024-04-14,2023-12-26,2024-04-14,500,pga,2024-02-18,8.0,56,sg_putt,sg_arg,vs_expected,0.24291354509617202,0.05900699039119,0.08587437782777937,0.222053495545098,True,51,89,False,4,2026-04-06 19:05:31.767099,The Riviera Country Club
2024,2024-04-14,2023-12-26,2024-04-14,500,pga,2024-02-18,8.0,56,sg_app,sg_ott,vs_expected,0.13405873618375017,0.017971744747184326,0.3483064572059688,0.08736521272607851,False,51,89,False,4,2026-04-06 19:05:31.767099,The Riviera Country Club
2024,2024-04-14,2023-12-26,2024-04-14,500,pga,2024-02-18,8.0,56,sg_app,sg_arg,vs_expected,0.12924353061863308,0.01670389020676955,0.36604806869064715,0.08193418584492193,False,51,89,False,4,2026-04-06 19:05:31.767099,The Riviera Country Club
2024,2024-04-14,2023-12-26,2024-04-14,500,pga,2024-02-18,8.0,56,sg_app,sg_total,vs_expected,0.10579558509018527,0.011192705824574633,0.4599808218623618,0.05713164491099242,False,51,89,False,4,2026-04-06 19:05:31.767099,The Riviera Country Club
2024,2024-04-14,2023-12-26,2024-04-14,500,pga,2024-02-18,8.0,56,sg_app,sg_app,vs_expected,0.09370516769588685,0.008780658452914277,0.513085902447987,0.045626367164602784,False,51,89,False,4,2026-04-06 19:05:31.767099,The Riviera Country Club
2024,2024-04-14,2023-12-26,2024-04-14,500,pga,2024-02-18,8.0,56,sg_ott,sg_arg,vs_expected,0.08377236314454231,0.007017808826821071,0.5589164105526726,0.03695061463227972,False,51,89,False,4,2026-04-06 19:05:31.767099,The Riviera Country Club
2024,2024-04-14,2023-12-26,2024-04-14,500,pga,2024-02-18,8.0,56,sg_arg,sg_total,vs_expected,0.08269817901300693,0.006838988812067339,0.5639856955316593,0.03605758900315454,False,51,89,False,4,2026-04-06 19:05:31.767099,The Riviera Country Club
2024,2024-04-14,2023-12-26,2024-04-14,500,pga,2024-02-18,8.0,56,sg_total,sg_total,vs_expected,0.08106090691141789,0.0065708706293015565,0.5717533195901349,0.0347140642958278,False,51,89,False,4,2026-04-06 19:05:31.767099,The Riviera Country Club
2024,2024-04-14,2023-12-26,2024-04-14,500,pga,2024-02-18,8.0,56,sg_arg,sg_ott,vs_expected,0.06856471562195354,0.00470112022831936,0.6325973341936724,0.02519085929975849,False,51,89,False,4,2026-04-06 19:05:31.767099,The Riviera Country Club
2024,2024-04-14,2023-12-26,2024-04-14,500,pga,2024-02-18,8.0,56,sg_arg,sg_arg,vs_expected,0.05899523627901035,0.003480437903616259,0.6809083051314113,0.018824889933442262,False,51,89,False,4,2026-04-06 19:05:31.767099,The Riviera Country Club
2024,2024-04-14,2023-12-26,2024-04-14,500,pga,2024-02-18,8.0,56,sg_arg,sg_putt,vs_expected,0.04818847724913701,0.0023221293395905953,0.7370230217020944,0.012672460135755419,False,51,89,False,4,2026-04-06 19:05:31.767099,The Riviera Country Club
2024,2024-04-14,2023-12-26,2024-04-14,500,pga,2024-02-18,8.0,56,sg_putt,sg_app,vs_expected,0.03599959852540535,0.0012959710939903673,0.801971618353091,0.007128942235924472,False,51,89,False,4,2026-04-06 19:05:31.767099,The Riviera Country Club
2024,2024-04-14,2023-12-26,2024-04-14,500,pga,2024-02-18,8.0,56,sg_arg,sg_app,vs_expected,0.0047717089441806915,2.276920624797401e-05,0.9734894366045856,0.00012650069246916793,False,51,89,False,4,2026-04-06 19:05:31.767099,The Riviera Country Club
2024,2024-04-14,2023-12-26,2024-04-14,500,pga,2024-02-18,8.0,56,sg_total,sg_ott,vs_expected,-0.0007466351374955521,5.57464028543002e-07,0.995851137947091,-3.0976861893237794e-06,False,51,89,False,4,2026-04-06 19:05:31.767099,The Riviera Country Club
2024,2024-04-14,2023-12-26,2024-04-14,500,pga,2024-02-18,8.0,56,sg_total,sg_putt,vs_expected,-0.004298136107555174,1.8473973999069543e-05,0.9761196995590529,-0.00010264078158450062,False,51,89,False,4,2026-04-06 19:05:31.767099,The Riviera Country Club
2024,2024-04-14,2023-12-26,2024-04-14,500,pga,2024-02-18,8.0,56,sg_app,sg_putt,vs_expected,-0.015193288006418375,0.00023083600044597645,0.9157268062168121,-0.0012803869043686799,False,51,89,False,4,2026-04-06 19:05:31.767099,The Riviera Country Club
2024,2024-04-14,2023-12-26,2024-04-14,500,pga,2024-02-18,8.0,56,sg_putt,sg_total,vs_expected,-0.01920172999497139,0.000368706434799784,0.8936077959067147,-0.0020429143765691546,False,51,89,False,4,2026-04-06 19:05:31.767099,The Riviera Country Club
2024,2024-04-14,2023-12-26,2024-04-14,500,pga,2024-02-18,8.0,56,sg_ott,sg_ott,vs_expected,-0.03023393167722689,0.0009140906246632237,0.8331925548503777,-0.005043244899906453,False,51,89,False,4,2026-04-06 19:05:31.767099,The Riviera Country Club
2024,2024-04-14,2023-12-26,2024-04-14,500,pga,2024-02-18,8.0,56,sg_total,sg_app,vs_expected,-0.030403844444769818,0.0009243937570217605,0.8322685749930677,-0.0050996801544103436,False,51,89,False,4,2026-04-06 19:05:31.767099,The Riviera Country Club
2024,2024-04-14,2023-12-26,2024-04-14,500,pga,2024-02-18,8.0,56,sg_ott,sg_putt,vs_expected,-0.06870772832854043,0.004720751932068517,0.6318861139871655,-0.025292268874133127,False,51,89,False,4,2026-04-06 19:05:31.767099,The Riviera Country Club
2024,2024-04-14,2023-12-26,2024-04-14,500,pga,2024-02-18,8.0,56,sg_putt,sg_putt,vs_expected,-0.07644990532706844,0.005844588024517728,0.5938896783248647,-0.0310470956444094,False,51,89,False,4,2026-04-06 19:05:31.767099,The Riviera Country Club
2024,2024-04-14,2023-12-26,2024-04-14,500,pga,2024-02-18,8.0,56,sg_ott,sg_total,vs_expected,-0.1015077129862283,0.0103038157956945,0.4784655878507146,-0.05293976542089096,False,51,89,False,4,2026-04-06 19:05:31.767099,The Riviera Country Club
2024,2024-04-14,2023-12-26,2024-04-14,500,pga,2024-02-18,8.0,56,sg_putt,sg_ott,vs_expected,-0.16387165554808003,0.026853919492068588,0.25053407364524966,-0.12281622212862836,False,51,89,False,4,2026-04-06 19:05:31.767099,The Riviera Country Club
2024,2024-04-14,2023-12-26,2024-04-14,500,pga,2024-02-18,8.0,56,sg_ott,sg_app,vs_expected,-0.22899293971982707,0.05243776644152835,0.10601789761605601,-0.20471558968181078,False,51,89,False,4,2026-04-06 19:05:31.767099,The Riviera Country Club
2024,2024-04-14,2023-12-26,2024-04-14,510,pga,2024-02-11,9.0,63,sg_app,sg_app,vs_expected,0.32369763633738347,0.10478015977040896,0.03422090247488262,0.3126204110929318,True,43,89,False,4,2026-04-06 19:05:31.767099,TPC Scottsdale (Stadium Course)
2024,2024-04-14,2023-12-26,2024-04-14,510,pga,2024-02-11,9.0,63,sg_ott,sg_ott,vs_expected,0.2628625555123942,0.06909672309050652,0.08856689657892558,0.23958163474385588,True,43,89,False,4,2026-04-06 19:05:31.767099,TPC Scottsdale (Stadium Course)
2024,2024-04-14,2023-12-26,2024-04-14,510,pga,2024-02-11,9.0,63,sg_total,sg_ott,vs_expected,0.18126209027817178,0.0328559453720121,0.2447253184315162,0.13690266751528393,False,43,89,False,4,2026-04-06 19:05:31.767099,TPC Scottsdale (Stadium Course)
2024,2024-04-14,2023-12-26,2024-04-14,510,pga,2024-02-11,9.0,63,sg_putt,sg_putt,vs_expected,0.1800522150310433,0.03241880013758505,0.24794208556577724,0.13540969332550865,False,43,89,False,4,2026-04-06 19:05:31.767099,TPC Scottsdale (Stadium Course)
2024,2024-04-14,2023-12-26,2024-04-14,510,pga,2024-02-11,9.0,63,sg_app,sg_ott,vs_expected,0.12378573186409336,0.015322907413129219,0.4290332760386409,0.07067753379560061,False,43,89,False,4,2026-04-06 19:05:31.767099,TPC Scottsdale (Stadium Course)
2024,2024-04-14,2023-12-26,2024-04-14,510,pga,2024-02-11,9.0,63,sg_ott,sg_arg,vs_expected,0.08051663952963918,0.006482929241145854,0.6077698644549022,0.03158105243634615,False,43,89,False,4,2026-04-06 19:05:31.767099,TPC Scottsdale (Stadium Course)
2024,2024-04-14,2023-12-26,2024-04-14,510,pga,2024-02-11,9.0,63,sg_arg,sg_ott,vs_expected,0.015593243494076196,0.00024314924266554961,0.9209440484991991,0.0012327387014078673,False,43,89,False,4,2026-04-06 19:05:31.767099,TPC Scottsdale (Stadium Course)
2024,2024-04-14,2023-12-26,2024-04-14,510,pga,2024-02-11,9.0,63,sg_ott,sg_total,vs_expected,0.006101179987330854,3.722439723780652e-05,0.9690263148145686,0.00018897602818724034,False,43,89,False,4,2026-04-06 19:05:31.767099,TPC Scottsdale (Stadium Course)
2024,2024-04-14,2023-12-26,2024-04-14,510,pga,2024-02-11,9.0,63,sg_putt,sg_ott,vs_expected,-0.0008417703088411527,7.085772528465295e-07,0.9957255945195862,-3.5980676213602407e-06,False,43,89,False,4,2026-04-06 19:05:31.767099,TPC Scottsdale (Stadium Course)
2024,2024-04-14,2023-12-26,2024-04-14,510,pga,2024-02-11,9.0,63,sg_ott,sg_putt,vs_expected,-0.0030365917978606854,9.22088974683479e-06,0.9845814156671139,-4.681994671986526e-05,False,43,89,False,4,2026-04-06 19:05:31.767099,TPC Scottsdale (Stadium Course)
2024,2024-04-14,2023-12-26,2024-04-14,510,pga,2024-02-11,9.0,63,sg_total,sg_app,vs_expected,-0.013736462033589844,0.00018869038920025523,0.9303330849723903,-0.0009569769332740903,False,43,89,False,4,2026-04-06 19:05:31.767099,TPC Scottsdale (Stadium Course)
2024,2024-04-14,2023-12-26,2024-04-14,510,pga,2024-02-11,9.0,63,sg_arg,sg_arg,vs_expected,-0.026212627054224225,0.0006871018170838477,0.867487118314054,-0.003473510747514242,False,43,89,False,4,2026-04-06 19:05:31.767099,TPC Scottsdale (Stadium Course)
2024,2024-04-14,2023-12-26,2024-04-14,510,pga,2024-02-11,9.0,63,sg_putt,sg_total,vs_expected,-0.05554117385752695,0.0030848219934720353,0.7235270346546244,-0.015355633035153528,False,43,89,False,4,2026-04-06 19:05:31.767099,TPC Scottsdale (Stadium Course)
2024,2024-04-14,2023-12-26,2024-04-14,510,pga,2024-02-11,9.0,63,sg_app,sg_total,vs_expected,-0.060141388726976205,0.0036169866380092604,0.7016459691816136,-0.017943425745708817,False,43,89,False,4,2026-04-06 19:05:31.767099,TPC Scottsdale (Stadium Course)
2024,2024-04-14,2023-12-26,2024-04-14,510,pga,2024-02-11,9.0,63,sg_putt,sg_app,vs_expected,-0.07142454051178884,0.005101464987320166,0.6490064785495896,-0.025069550992210265,False,43,89,False,4,2026-04-06 19:05:31.767099,TPC Scottsdale (Stadium Course)
2024,2024-04-14,2023-12-26,2024-04-14,510,pga,2024-02-11,9.0,63,sg_total,sg_total,vs_expected,-0.08953155322043789,0.008015899022064102,0.5680360953758251,-0.03867439931616747,False,43,89,False,4,2026-04-06 19:05:31.767099,TPC Scottsdale (Stadium Course)
2024,2024-04-14,2023-12-26,2024-04-14,510,pga,2024-02-11,9.0,63,sg_arg,sg_total,vs_expected,-0.09051285978942977,0.008192577787260973,0.5637842440364028,-0.03948313555747319,False,43,89,False,4,2026-04-06 19:05:31.767099,TPC Scottsdale (Stadium Course)
2024,2024-04-14,2023-12-26,2024-04-14,510,pga,2024-02-11,9.0,63,sg_arg,sg_putt,vs_expected,-0.11368244250677516,0.012923697734306239,0.4679263648247762,-0.060487430440178236,False,43,89,False,4,2026-04-06 19:05:31.767099,TPC Scottsdale (Stadium Course)
2024,2024-04-14,2023-12-26,2024-04-14,510,pga,2024-02-11,9.0,63,sg_arg,sg_app,vs_expected,-0.13827246752586034,0.0191192752756901,0.37655952838465,-0.08620465236574054,False,43,89,False,4,2026-04-06 19:05:31.767099,TPC Scottsdale (Stadium Course)
2024,2024-04-14,2023-12-26,2024-04-14,510,pga,2024-02-11,9.0,63,sg_total,sg_putt,vs_expected,-0.14276150791848588,0.020380848143159908,0.36110892239703923,-0.09120905363426507,False,43,89,False,4,2026-04-06 19:05:31.767099,TPC Scottsdale (Stadium Course)
2024,2024-04-14,2023-12-26,2024-04-14,510,pga,2024-02-11,9.0,63,sg_app,sg_arg,vs_expected,-0.19931819721552543,0.03972774374124709,0.20005126424343478,-0.1594443398758373,False,43,89,False,4,2026-04-06 19:05:31.767099,TPC Scottsdale (Stadium Course)
2024,2024-04-14,2023-12-26,2024-04-14,510,pga,2024-02-11,9.0,63,sg_ott,sg_app,vs_expected,-0.22758637189250552,0.05179555667119383,0.14217305818184361,-0.19522972140003764,False,43,89,False,4,2026-04-06 19:05:31.767099,TPC Scottsdale (Stadium Course)
2024,2024-04-14,2023-12-26,2024-04-14,510,pga,2024-02-11,9.0,63,sg_total,sg_arg,vs_expected,-0.2540062343329701,0.06451916708001572,0.1002524230424351,-0.22854149387320527,False,43,89,False,4,2026-04-06 19:05:31.767099,TPC Scottsdale (Stadium Course)
2024,2024-04-14,2023-12-26,2024-04-14,510,pga,2024-02-11,9.0,63,sg_putt,sg_arg,vs_expected,-0.2560660738088964,0.06556983415590317,0.09743432901063662,-0.23111644772493842,False,43,89,False,4,2026-04-06 19:05:31.767099,TPC Scottsdale (Stadium Course)
2024,2024-04-14,2023-12-26,2024-04-14,510,pga,2024-02-11,9.0,63,sg_app,sg_putt,vs_expected,-0.36544432270788274,0.13354955299942314,0.015962615895222645,-0.359610875353407,False,43,89,False,4,2026-04-06 19:05:31.767099,TPC Scottsdale (Stadium Course)
2024,2024-04-14,2023-12-26,2024-04-14,5,pga,2024-02-04,10.0,70,sg_arg,sg_total,vs_expected,0.3228416047647237,0.10422670176706206,0.01838374393871432,0.31690656736996536,True,53,89,False,4,2026-04-06 19:05:31.767099,Pebble Beach Golf Links
2024,2024-04-14,2023-12-26,2024-04-14,205,pga,2024-02-04,10.0,70,sg_total,sg_app,vs_expected,0.28880527744815554,0.0834084882819061,0.035965355503646546,0.27841829297340337,True,53,89,False,4,2026-04-06 19:05:31.767099,Spyglass Hill Golf Course
2024,2024-04-14,2023-12-26,2024-04-14,5,pga,2024-02-04,10.0,70,sg_arg,sg_app,vs_expected,0.2668789894063444,0.0712243949865517,0.05338711154515278,0.25263109102985026,True,53,89,False,4,2026-04-06 19:05:31.767099,Pebble Beach Golf Links
2024,2024-04-14,2023-12-26,2024-04-14,5,pga,2024-02-04,10.0,70,sg_app,sg_ott,vs_expected,0.24373805008521005,0.05940823705934036,0.07861840460547492,0.22457575344586148,True,53,89,False,4,2026-04-06 19:05:31.767099,Pebble Beach Golf Links
2024,2024-04-14,2023-12-26,2024-04-14,5,pga,2024-02-04,10.0,70,sg_arg,sg_putt,vs_expected,0.22875517177157592,0.052328928612243204,0.09943902464378411,0.20600798060838912,True,53,89,False,4,2026-04-06 19:05:31.767099,Pebble Beach Golf Links
2024,2024-04-14,2023-12-26,2024-04-14,5,pga,2024-02-04,10.0,70,sg_app,sg_arg,vs_expected,0.20642663826348584,0.042611956984764034,0.13807480852345225,0.1779243197111151,True,53,89,False,4,2026-04-06 19:05:31.767099,Pebble Beach Golf Links
2024,2024-04-14,2023-12-26,2024-04-14,5,pga,2024-02-04,10.0,70,sg_app,sg_putt,vs_expected,0.17641181506692863,0.031121128495208226,0.20636984204378975,0.14000573665690833,False,53,89,False,4,2026-04-06 19:05:31.767099,Pebble Beach Golf Links
2024,2024-04-14,2023-12-26,2024-04-14,5,pga,2024-02-04,10.0,70,sg_app,sg_total,vs_expected,0.1698352553045561,0.02884401394436375,0.2240640167505065,0.13178128581516949,False,53,89,False,4,2026-04-06 19:05:31.767099,Pebble Beach Golf Links
2024,2024-04-14,2023-12-26,2024-04-14,5,pga,2024-02-04,10.0,70,sg_total,sg_ott,vs_expected,0.15863912215152096,0.025166371077005187,0.2565540024972152,0.11793962041090361,False,53,89,False,4,2026-04-06 19:05:31.767099,Pebble Beach Golf Links
2024,2024-04-14,2023-12-26,2024-04-14,5,pga,2024-02-04,10.0,70,sg_arg,sg_ott,vs_expected,0.1466823736348532,0.021515718735154676,0.2946006631528829,0.1034696490891865,False,53,89,False,4,2026-04-06 19:05:31.767099,Pebble Beach Golf Links
2024,2024-04-14,2023-12-26,2024-04-14,5,pga,2024-02-04,10.0,70,sg_total,sg_total,vs_expected,0.13180067184131863,0.01737141709782296,0.3468299480249188,0.08608825167694471,False,53,89,False,4,2026-04-06 19:05:31.767099,Pebble Beach Golf Links
2024,2024-04-14,2023-12-26,2024-04-14,5,pga,2024-02-04,10.0,70,sg_total,sg_arg,vs_expected,0.1048853019075776,0.0110009265562437,0.45480161173275163,0.05718329755293506,False,53,89,False,4,2026-04-06 19:05:31.767099,Pebble Beach Golf Links
2024,2024-04-14,2023-12-26,2024-04-14,205,pga,2024-02-04,10.0,70,sg_total,sg_arg,vs_expected,0.09128564045367984,0.00833306815303851,0.5156391945193296,0.04421518633896324,False,53,89,False,4,2026-04-06 19:05:31.767099,Spyglass Hill Golf Course
2024,2024-04-14,2023-12-26,2024-04-14,5,pga,2024-02-04,10.0,70,sg_total,sg_putt,vs_expected,0.06236068703107703,0.0038888552869879387,0.6573323269092033,0.02136899151728259,False,53,89,False,4,2026-04-06 19:05:31.767099,Pebble Beach Golf Links
2024,2024-04-14,2023-12-26,2024-04-14,5,pga,2024-02-04,10.0,70,sg_putt,sg_arg,vs_expected,0.029787937927112457,0.0008873212459495047,0.8323135333817139,0.004995034058842322,False,53,89,False,4,2026-04-06 19:05:31.767099,Pebble Beach Golf Links
2024,2024-04-14,2023-12-26,2024-04-14,5,pga,2024-02-04,10.0,70,sg_ott,sg_ott,vs_expected,0.02266430609209292,0.0005136707706360802,0.872026591401324,0.002900428504128869,False,53,89,False,4,2026-04-06 19:05:31.767099,Pebble Beach Golf Links
2024,2024-04-14,2023-12-26,2024-04-14,5,pga,2024-02-04,10.0,70,sg_putt,sg_app,vs_expected,0.017622861416686647,0.0003105652445117429,0.9003281915157418,0.0017565024680686139,False,53,89,False,4,2026-04-06 19:05:31.767099,Pebble Beach Golf Links
2024,2024-04-14,2023-12-26,2024-04-14,205,pga,2024-02-04,10.0,70,sg_total,sg_total,vs_expected,-0.0011834181126982035,1.400478429462178e-06,0.9932898900523527,-7.940865650242225e-06,False,53,89,False,4,2026-04-06 19:05:31.767099,Spyglass Hill Golf Course
2024,2024-04-14,2023-12-26,2024-04-14,5,pga,2024-02-04,10.0,70,sg_ott,sg_app,vs_expected,-0.02598937415493381,0.0006754475689651415,0.8534447519474737,-0.0038088791760062407,False,53,89,False,4,2026-04-06 19:05:31.767099,Pebble Beach Golf Links
2024,2024-04-14,2023-12-26,2024-04-14,205,pga,2024-02-04,10.0,70,sg_total,sg_putt,vs_expected,-0.027722632952349762,0.0007685443778107088,0.8437891298594211,-0.0043305766160744415,False,53,89,False,4,2026-04-06 19:05:31.767099,Spyglass Hill Golf Course
2024,2024-04-14,2023-12-26,2024-04-14,5,pga,2024-02-04,10.0,70,sg_arg,sg_arg,vs_expected,-0.03599486324512726,0.0012956301800354133,0.7980428180541342,-0.007269421145512722,False,53,89,False,4,2026-04-06 19:05:31.767099,Pebble Beach Golf Links
2024,2024-04-14,2023-12-26,2024-04-14,5,pga,2024-02-04,10.0,70,sg_total,sg_app,vs_expected,-0.05070439798615345,0.0025709359751382417,0.7184257193553673,-0.014277054388470323,False,53,89,False,4,2026-04-06 19:05:31.767099,Pebble Beach Golf Links
2024,2024-04-14,2023-12-26,2024-04-14,5,pga,2024-02-04,10.0,70,sg_putt,sg_ott,vs_expected,-0.05966831133255479,0.0035603073772786866,0.6712652345082575,-0.019615048333195682,False,53,89,False,4,2026-04-06 19:05:31.767099,Pebble Beach Golf Links
2024,2024-04-14,2023-12-26,2024-04-14,5,pga,2024-02-04,10.0,70,sg_ott,sg_total,vs_expected,-0.11495373630640392,0.013214361490802245,0.41241990704311066,-0.06754452706465855,False,53,89,False,4,2026-04-06 19:05:31.767099,Pebble Beach Golf Links
2024,2024-04-14,2023-12-26,2024-04-14,5,pga,2024-02-04,10.0,70,sg_ott,sg_arg,vs_expected,-0.11914908821347955,0.014196505222103532,0.3954542977753638,-0.07203106920344313,False,53,89,False,4,2026-04-06 19:05:31.767099,Pebble Beach Golf Links
2024,2024-04-14,2023-12-26,2024-04-14,5,pga,2024-02-04,10.0,70,sg_putt,sg_total,vs_expected,-0.1290094366543534,0.016643434745873625,0.357226597425112,-0.08292383456258821,False,53,89,False,4,2026-04-06 19:05:31.767099,Pebble Beach Golf Links
2024,2024-04-14,2023-12-26,2024-04-14,5,pga,2024-02-04,10.0,70,sg_ott,sg_putt,vs_expected,-0.1343544121843492,0.018051108073402003,0.3374834391332252,-0.08901202309765215,False,53,89,False,4,2026-04-06 19:05:31.767099,Pebble Beach Golf Links
2024,2024-04-14,2023-12-26,2024-04-14,5,pga,2024-02-04,10.0,70,sg_putt,sg_putt,vs_expected,-0.19836901938025692,0.03935026784988475,0.15447349627550422,-0.1677262634038454,False,53,89,False,4,2026-04-06 19:05:31.767099,Pebble Beach Golf Links
2024,2024-04-14,2023-12-26,2024-04-14,5,pga,2024-02-04,10.0,70,sg_app,sg_app,vs_expected,-0.23114366167097367,0.05342739233066554,0.09586063319931228,-0.20898608390318651,False,53,89,False,4,2026-04-06 19:05:31.767099,Pebble Beach Golf Links
2024,2024-04-14,2023-12-26,2024-04-14,205,pga,2024-02-04,10.0,70,sg_total,sg_ott,vs_expected,-0.34983403879204666,0.12238385469755521,0.010234574818460965,-0.34625363614798504,False,53,89,False,4,2026-04-06 19:05:31.767099,Spyglass Hill Golf Course
2024,2024-04-14,2023-12-26,2024-04-14,4,pga,2024-01-27,11.1,78,sg_arg,sg_arg,vs_expected,0.23744014664543245,0.05637782323900446,0.18334798698929572,0.19390597372754922,True,33,89,False,4,2026-04-06 19:05:31.767099,Torrey Pines Golf Course (South Course)
2024,2024-04-14,2023-12-26,2024-04-14,4,pga,2024-01-27,11.1,78,sg_ott,sg_putt,vs_expected,0.20941848387708134,0.04385610138937538,0.2421391937829967,0.1587100610278274,True,33,89,False,4,2026-04-06 19:05:31.767099,Torrey Pines Golf Course (South Course)
2024,2024-04-14,2023-12-26,2024-04-14,4,pga,2024-01-27,11.1,78,sg_putt,sg_arg,vs_expected,0.19258645851639114,0.037089544003885644,0.28293091790332586,0.1380977950325978,False,33,89,False,4,2026-04-06 19:05:31.767099,Torrey Pines Golf Course (South Course)
2024,2024-04-14,2023-12-26,2024-04-14,4,pga,2024-01-27,11.1,78,sg_ott,sg_total,vs_expected,0.15539093263773052,0.024146341946023702,0.38786472072245015,0.09512027194739611,False,33,89,False,4,2026-04-06 19:05:31.767099,Torrey Pines Golf Course (South Course)
2024,2024-04-14,2023-12-26,2024-04-14,4,pga,2024-01-27,11.1,78,sg_putt,sg_total,vs_expected,0.14972814044427363,0.022418516040900126,0.40560031796164236,0.08899835907227081,False,33,89,False,4,2026-04-06 19:05:31.767099,Torrey Pines Golf Course (South Course)
2024,2024-04-14,2023-12-26,2024-04-14,104,pga,2024-01-27,11.1,78,sg_total,sg_ott,vs_expected,0.06485915295908587,0.004206709722570097,0.7198950534226273,0.018167369574658393,False,33,89,False,4,2026-04-06 19:05:31.767099,Torrey Pines Golf Course (North Course)
2024,2024-04-14,2023-12-26,2024-04-14,4,pga,2024-01-27,11.1,78,sg_total,sg_arg,vs_expected,0.043214159544044964,0.0018674635850981724,0.8112716295817543,0.008155737909741688,False,33,89,False,4,2026-04-06 19:05:31.767099,Torrey Pines Golf Course (South Course)
2024,2024-04-14,2023-12-26,2024-04-14,4,pga,2024-01-27,11.1,78,sg_putt,sg_putt,vs_expected,0.04178926000872004,0.001746342252076408,0.8173883231524991,0.007631206844408577,False,33,89,False,4,2026-04-06 19:05:31.767099,Torrey Pines Golf Course (South Course)
2024,2024-04-14,2023-12-26,2024-04-14,4,pga,2024-01-27,11.1,78,sg_ott,sg_app,vs_expected,0.03891185305281106,0.0015141323080035613,0.829772150923783,0.006623881048749856,False,33,89,False,4,2026-04-06 19:05:31.767099,Torrey Pines Golf Course (South Course)
2024,2024-04-14,2023-12-26,2024-04-14,4,pga,2024-01-27,11.1,78,sg_ott,sg_ott,vs_expected,0.03417513712703517,0.0011679399976516577,0.8502446071450854,0.005117911086329728,False,33,89,False,4,2026-04-06 19:05:31.767099,Torrey Pines Golf Course (South Course)
2024,2024-04-14,2023-12-26,2024-04-14,4,pga,2024-01-27,11.1,78,sg_putt,sg_app,vs_expected,0.031192773437341406,0.0009729891147133116,0.8631849150025093,0.0042676419491373355,False,33,89,False,4,2026-04-06 19:05:31.767099,Torrey Pines Golf Course (South Course)
2024,2024-04-14,2023-12-26,2024-04-14,4,pga,2024-01-27,11.1,78,sg_arg,sg_total,vs_expected,0.018466882157847114,0.0003410257366318121,0.9187548821360704,0.001500344017493588,False,33,89,False,4,2026-04-06 19:05:31.767099,Torrey Pines Golf Course (South Course)
2024,2024-04-14,2023-12-26,2024-04-14,4,pga,2024-01-27,11.1,78,sg_total,sg_total,vs_expected,0.008028820922527454,6.44619654060146e-05,0.9646299548359523,0.00028397975864384746,False,33,89,False,4,2026-04-06 19:05:31.767099,Torrey Pines Golf Course (South Course)
2024,2024-04-14,2023-12-26,2024-04-14,4,pga,2024-01-27,11.1,78,sg_ott,sg_arg,vs_expected,0.0034161103259572776,1.1669809759111938e-05,0.9849468796852952,5.14231197449405e-05,False,33,89,False,4,2026-04-06 19:05:31.767099,Torrey Pines Golf Course (South Course)
2024,2024-04-14,2023-12-26,2024-04-14,4,pga,2024-01-27,11.1,78,sg_arg,sg_ott,vs_expected,0.001438415995635746,2.069040576500774e-06,0.9936613130891722,9.117668643861698e-06,False,33,89,False,4,2026-04-06 19:05:31.767099,Torrey Pines Golf Course (South Course)
2024,2024-04-14,2023-12-26,2024-04-14,4,pga,2024-01-27,11.1,78,sg_putt,sg_ott,vs_expected,-0.020181611532835056,0.00040729744406226096,0.9112393247848273,-0.0017913334665847565,False,33,89,False,4,2026-04-06 19:05:31.767099,Torrey Pines Golf Course (South Course)
2024,2024-04-14,2023-12-26,2024-04-14,4,pga,2024-01-27,11.1,78,sg_total,sg_putt,vs_expected,-0.030722130648498727,0.0009438493115834248,0.8652302877548084,-0.004140412707057356,False,33,89,False,4,2026-04-06 19:05:31.767099,Torrey Pines Golf Course (South Course)
2024,2024-04-14,2023-12-26,2024-04-14,4,pga,2024-01-27,11.1,78,sg_total,sg_ott,vs_expected,-0.03646319829689745,0.0013295648300388654,0.8403425889458928,-0.00582161983883518,False,33,89,False,4,2026-04-06 19:05:31.767099,Torrey Pines Golf Course (South Course)
2024,2024-04-14,2023-12-26,2024-04-14,4,pga,2024-01-27,11.1,78,sg_arg,sg_app,vs_expected,-0.04285010989377128,0.001836131917908275,0.8128333662969168,-0.00802011082262435,False,33,89,False,4,2026-04-06 19:05:31.767099,Torrey Pines Golf Course (South Course)
2024,2024-04-14,2023-12-26,2024-04-14,104,pga,2024-01-27,11.1,78,sg_total,sg_app,vs_expected,-0.04738776803797018,0.002245600559620468,0.7934196737557696,-0.009789380581269793,False,33,89,False,4,2026-04-06 19:05:31.767099,Torrey Pines Golf Course (North Course)
2024,2024-04-14,2023-12-26,2024-04-14,4,pga,2024-01-27,11.1,78,sg_app,sg_ott,vs_expected,-0.06192934396250071,0.003835243643625723,0.7320736085419121,-0.01659250565323954,False,33,89,False,4,2026-04-06 19:05:31.767099,Torrey Pines Golf Course (South Course)
2024,2024-04-14,2023-12-26,2024-04-14,4,pga,2024-01-27,11.1,78,sg_total,sg_app,vs_expected,-0.0693641264117832,0.00481138203286984,0.7013009521866358,-0.02071899851160547,False,33,89,False,4,2026-04-06 19:05:31.767099,Torrey Pines Golf Course (South Course)
2024,2024-04-14,2023-12-26,2024-04-14,104,pga,2024-01-27,11.1,78,sg_total,sg_arg,vs_expected,-0.10393892172769309,0.01080329944991551,0.5648694622653476,-0.04522699890293104,False,33,89,False,4,2026-04-06 19:05:31.767099,Torrey Pines Golf Course (North Course)
2024,2024-04-14,2023-12-26,2024-04-14,4,pga,2024-01-27,11.1,78,sg_app,sg_putt,vs_expected,-0.1471131757277896,0.0216422864727155,0.4139431247049924,-0.08621668808175373,False,33,89,False,4,2026-04-06 19:05:31.767099,Torrey Pines Golf Course (South Course)
2024,2024-04-14,2023-12-26,2024-04-14,4,pga,2024-01-27,11.1,78,sg_arg,sg_putt,vs_expected,-0.1969997052786167,0.038808883879861845,0.27183199345396725,-0.1434488826828863,False,33,89,False,4,2026-04-06 19:05:31.767099,Torrey Pines Golf Course (South Course)
2024,2024-04-14,2023-12-26,2024-04-14,104,pga,2024-01-27,11.1,78,sg_total,sg_total,vs_expected,-0.20162446560925443,0.040652425132217423,0.26050944341904264,-0.14909938829372565,False,33,89,False,4,2026-04-06 19:05:31.767099,Torrey Pines Golf Course (North Course)
2024,2024-04-14,2023-12-26,2024-04-14,4,pga,2024-01-27,11.1,78,sg_app,sg_app,vs_expected,-0.23535600586282882,0.05539244949570391,0.18733745499672336,-0.19126501070629257,False,33,89,False,4,2026-04-06 19:05:31.767099,Torrey Pines Golf Course (South Course)
2024,2024-04-14,2023-12-26,2024-04-14,4,pga,2024-01-27,11.1,78,sg_app,sg_arg,vs_expected,-0.247700196358533,0.0613553872760558,0.16457958765986938,-0.20693380017857696,False,33,89,False,4,2026-04-06 19:05:31.767099,Torrey Pines Golf Course (South Course)
2024,2024-04-14,2023-12-26,2024-04-14,4,pga,2024-01-27,11.1,78,sg_app,sg_total,vs_expected,-0.3048750532061049,0.0929487980674253,0.08449402834582324,-0.27911493181857394,False,33,89,False,4,2026-04-06 19:05:31.767099,Torrey Pines Golf Course (South Course)
2024,2024-04-14,2023-12-26,2024-04-14,104,pga,2024-01-27,11.1,78,sg_total,sg_putt,vs_expected,-0.3145577602817913,0.09894658455349686,0.07460423386628881,-0.2910904195692725,False,33,89,False,4,2026-04-06 19:05:31.767099,Torrey Pines Golf Course (North Course)
2024,2024-04-14,2023-12-26,2024-04-14,704,pga,2024-01-21,12.0,84,sg_putt,sg_ott,vs_expected,0.1955179855080334,0.038227282657119555,0.29184688327652375,0.1384566708130093,False,31,89,False,4,2026-04-06 19:05:31.767099,Pete Dye Stadium Course
2024,2024-04-14,2023-12-26,2024-04-14,704,pga,2024-01-21,12.0,84,sg_total,sg_ott,vs_expected,0.15695378022759904,0.024634489127733458,0.36789295144102785,0.0992115907798412,False,35,89,False,4,2026-04-06 19:05:31.767099,Pete Dye Stadium Course
2024,2024-04-14,2023-12-26,2024-04-14,704,pga,2024-01-21,12.0,84,sg_arg,sg_ott,vs_expected,0.14030782601421787,0.019686286040836033,0.4515497209392771,0.07695186633190114,False,31,89,False,4,2026-04-06 19:05:31.767099,Pete Dye Stadium Course
2024,2024-04-14,2023-12-26,2024-04-14,704,pga,2024-01-21,12.0,84,sg_app,sg_ott,vs_expected,0.14021921644338192,0.019661428659995987,0.4518383761580158,0.07686279337945488,False,31,89,False,4,2026-04-06 19:05:31.767099,Pete Dye Stadium Course
2024,2024-04-14,2023-12-26,2024-04-14,202,pga,2024-01-21,12.0,84,sg_total,sg_app,vs_expected,0.11801519284599833,0.013927585742478175,0.4995509088499479,0.059060596001678,False,35,89,False,4,2026-04-06 19:05:31.767099,La Quinta Country Club
2024,2024-04-14,2023-12-26,2024-04-14,704,pga,2024-01-21,12.0,84,sg_ott,sg_putt,vs_expected,0.1088010324080283,0.011837664653052823,0.5601501593685463,0.04785611676520888,False,31,89,False,4,2026-04-06 19:05:31.767099,Pete Dye Stadium Course
2024,2024-04-14,2023-12-26,2024-04-14,233,pga,2024-01-21,12.0,84,sg_total,sg_putt,vs_expected,0.1009467039697688,0.010190237042360138,0.5639415550378812,0.04401866275710872,False,35,89,False,4,2026-04-06 19:05:31.767099,Nicklaus Tournament Course
2024,2024-04-14,2023-12-26,2024-04-14,233,pga,2024-01-21,12.0,84,sg_total,sg_arg,vs_expected,0.055398877589596676,0.0030690356381871168,0.7519385769009163,0.013742324412967289,False,35,89,False,4,2026-04-06 19:05:31.767099,Nicklaus Tournament Course
2024,2024-04-14,2023-12-26,2024-04-14,704,pga,2024-01-21,12.0,84,sg_arg,sg_arg,vs_expected,0.04515251658742106,0.002038749754177334,0.8094075703114949,0.008605727842947108,False,31,89,False,4,2026-04-06 19:05:31.767099,Pete Dye Stadium Course
2024,2024-04-14,2023-12-26,2024-04-14,704,pga,2024-01-21,12.0,84,sg_ott,sg_app,vs_expected,0.040199730261778734,0.001616018313119769,0.8299923549583212,0.006834261473115711,False,31,89,False,4,2026-04-06 19:05:31.767099,Pete Dye Stadium Course
2024,2024-04-14,2023-12-26,2024-04-14,233,pga,2024-01-21,12.0,84,sg_total,sg_ott,vs_expected,0.022868002707257806,0.0005229455478191503,0.8962559185702668,0.0023724199349971138,False,35,89,False,4,2026-04-06 19:05:31.767099,Nicklaus Tournament Course
2024,2024-04-14,2023-12-26,2024-04-14,704,pga,2024-01-21,12.0,84,sg_ott,sg_total,vs_expected,-0.0005540701988797636,3.069937852866608e-07,0.9976397387555038,-1.3077504171461945e-06,False,31,89,False,4,2026-04-06 19:05:31.767099,Pete Dye Stadium Course
2024,2024-04-14,2023-12-26,2024-04-14,704,pga,2024-01-21,12.0,84,sg_putt,sg_arg,vs_expected,-0.002555912054405765,6.532686429856698e-06,0.9891124785720796,-2.782754726022276e-05,False,31,89,False,4,2026-04-06 19:05:31.767099,Pete Dye Stadium Course
2024,2024-04-14,2023-12-26,2024-04-14,704,pga,2024-01-21,12.0,84,sg_arg,sg_app,vs_expected,-0.026090100589787533,0.0006806933487852317,0.8891992502917316,-0.002890802705312593,False,31,89,False,4,2026-04-06 19:05:31.767099,Pete Dye Stadium Course
2024,2024-04-14,2023-12-26,2024-04-14,704,pga,2024-01-21,12.0,84,sg_ott,sg_ott,vs_expected,-0.028252260413554706,0.0007981902184753103,0.8800801633212552,-0.0033880064545988484,False,31,89,False,4,2026-04-06 19:05:31.767099,Pete Dye Stadium Course
2024,2024-04-14,2023-12-26,2024-04-14,704,pga,2024-01-21,12.0,84,sg_arg,sg_total,vs_expected,-0.036472047986779915,0.0013302102843499768,0.8455593726757245,-0.005632765970879371,False,31,89,False,4,2026-04-06 19:05:31.767099,Pete Dye Stadium Course
2024,2024-04-14,2023-12-26,2024-04-14,233,pga,2024-01-21,12.0,84,sg_total,sg_total,vs_expected,-0.04621814841590688,0.0021361172429947956,0.792056710529842,-0.009610753814823651,False,35,89,False,4,2026-04-06 19:05:31.767099,Nicklaus Tournament Course
2024,2024-04-14,2023-12-26,2024-04-14,704,pga,2024-01-21,12.0,84,sg_total,sg_arg,vs_expected,-0.04635922420066494,0.002149177668487518,0.791435954311312,-0.009668867354279614,False,35,89,False,4,2026-04-06 19:05:31.767099,Pete Dye Stadium Course
2024,2024-04-14,2023-12-26,2024-04-14,202,pga,2024-01-21,12.0,84,sg_total,sg_arg,vs_expected,-0.05443040672339307,0.0029626691760739933,0.7561425798067051,-0.013273258563638408,False,35,89,False,4,2026-04-06 19:05:31.767099,La Quinta Country Club
2024,2024-04-14,2023-12-26,2024-04-14,233,pga,2024-01-21,12.0,84,sg_total,sg_app,vs_expected,-0.0632807692534632,0.004004455757310053,0.7179947046562732,-0.017845512022901112,False,35,89,False,4,2026-04-06 19:05:31.767099,Nicklaus Tournament Course
2024,2024-04-14,2023-12-26,2024-04-14,704,pga,2024-01-21,12.0,84,sg_app,sg_app,vs_expected,-0.06719848131393219,0.004515635890898893,0.7194630521053625,-0.018851656850965362,False,31,89,False,4,2026-04-06 19:05:31.767099,Pete Dye Stadium Course
2024,2024-04-14,2023-12-26,2024-04-14,704,pga,2024-01-21,12.0,84,sg_total,sg_putt,vs_expected,-0.07505072830715172,0.0056326118194339045,0.6682971787396735,-0.02489453831712447,False,35,89,False,4,2026-04-06 19:05:31.767099,Pete Dye Stadium Course
2024,2024-04-14,2023-12-26,2024-04-14,704,pga,2024-01-21,12.0,84,sg_putt,sg_putt,vs_expected,-0.08294414038238876,0.006879730423773414,0.6573308511727531,-0.02842239798504083,False,31,89,False,4,2026-04-06 19:05:31.767099,Pete Dye Stadium Course
2024,2024-04-14,2023-12-26,2024-04-14,704,pga,2024-01-21,12.0,84,sg_arg,sg_putt,vs_expected,-0.08782918198909609,0.007713965208873761,0.6384790995387523,-0.03175208495947282,False,31,89,False,4,2026-04-06 19:05:31.767099,Pete Dye Stadium Course
2024,2024-04-14,2023-12-26,2024-04-14,202,pga,2024-01-21,12.0,84,sg_total,sg_ott,vs_expected,-0.10430011070166409,0.010878513092379385,0.5509960381658094,-0.046831162924791836,False,35,89,False,4,2026-04-06 19:05:31.767099,La Quinta Country Club
2024,2024-04-14,2023-12-26,2024-04-14,704,pga,2024-01-21,12.0,84,sg_ott,sg_arg,vs_expected,-0.12269882264271854,0.0150550010779093,0.5108106217802709,-0.0600229607568843,False,31,89,False,4,2026-04-06 19:05:31.767099,Pete Dye Stadium Course
2024,2024-04-14,2023-12-26,2024-04-14,704,pga,2024-01-21,12.0,84,sg_total,sg_total,vs_expected,-0.1322088681115683,0.01747918480734206,0.4489989801813181,-0.07284722115854773,False,35,89,False,4,2026-04-06 19:05:31.767099,Pete Dye Stadium Course
2024,2024-04-14,2023-12-26,2024-04-14,704,pga,2024-01-21,12.0,84,sg_app,sg_total,vs_expected,-0.15661278711013144,0.02452756508640335,0.40014658312941886,-0.09394471547363725,False,31,89,False,4,2026-04-06 19:05:31.767099,Pete Dye Stadium Course
2024,2024-04-14,2023-12-26,2024-04-14,704,pga,2024-01-21,12.0,84,sg_app,sg_putt,vs_expected,-0.17850087901278006,0.031862563808335145,0.33667530388658007,-0.11840404132713067,False,31,89,False,4,2026-04-06 19:05:31.767099,Pete Dye Stadium Course
2024,2024-04-14,2023-12-26,2024-04-14,704,pga,2024-01-21,12.0,84,sg_putt,sg_total,vs_expected,-0.18833866452054476,0.035471452553382306,0.31027277164646333,-0.12990230507156192,False,31,89,False,4,2026-04-06 19:05:31.767099,Pete Dye Stadium Course
2024,2024-04-14,2023-12-26,2024-04-14,704,pga,2024-01-21,12.0,84,sg_total,sg_app,vs_expected,-0.1995225706818356,0.039809256211488085,0.25050540756185147,-0.14954108779539405,False,35,89,False,4,2026-04-06 19:05:31.767099,Pete Dye Stadium Course
2024,2024-04-14,2023-12-26,2024-04-14,202,pga,2024-01-21,12.0,84,sg_total,sg_total,vs_expected,-0.20119014567476276,0.04047747471663226,0.24648567859327622,-0.15159965609183876,False,35,89,False,4,2026-04-06 19:05:31.767099,La Quinta Country Club
2024,2024-04-14,2023-12-26,2024-04-14,704,pga,2024-01-21,12.0,84,sg_app,sg_arg,vs_expected,-0.2083316540109771,0.043402078062949476,0.26072903496197697,-0.15401354290866257,False,31,89,False,4,2026-04-06 19:05:31.767099,Pete Dye Stadium Course
2024,2024-04-14,2023-12-26,2024-04-14,202,pga,2024-01-21,12.0,84,sg_total,sg_putt,vs_expected,-0.2702452734656718,0.07303250783053573,0.11639092898508648,-0.2387911750331735,False,35,89,False,4,2026-04-06 19:05:31.767099,La Quinta Country Club
2024,2024-04-14,2023-12-26,2024-04-14,704,pga,2024-01-21,12.0,84,sg_putt,sg_app,vs_expected,-0.349318592264729,0.12202347890181199,0.05408301607443616,-0.3304263892241763,False,31,89,False,4,2026-04-06 19:05:31.767099,Pete Dye Stadium Course
2024,2024-04-14,2023-12-26,2024-04-14,6,pga,2024-01-14,13.0,91,sg_ott,sg_arg,vs_expected,0.398506168014246,0.15880716594539845,0.017733603312289667,0.3914392177131807,True,35,89,False,4,2026-04-06 19:05:31.767099,Waialae Country Club
2024,2024-04-14,2023-12-26,2024-04-14,6,pga,2024-01-14,13.0,91,sg_ott,sg_ott,vs_expected,0.27822608081114825,0.0774097520435316,0.10558380709854363,0.24884991196500014,True,35,89,False,4,2026-04-06 19:05:31.767099,Waialae Country Club
2024,2024-04-14,2023-12-26,2024-04-14,6,pga,2024-01-14,13.0,91,sg_app,sg_arg,vs_expected,0.2350377688941811,0.05524275280675448,0.17410484854994687,0.19411655373734227,True,35,89,False,4,2026-04-06 19:05:31.767099,Waialae Country Club
2024,2024-04-14,2023-12-26,2024-04-14,6,pga,2024-01-14,13.0,91,sg_total,sg_arg,vs_expected,0.20878581095320867,0.04359151485538899,0.21492841146241787,0.16391180826914284,True,37,89,False,4,2026-04-06 19:05:31.767099,Waialae Country Club
2024,2024-04-14,2023-12-26,2024-04-14,6,pga,2024-01-14,13.0,91,sg_ott,sg_total,vs_expected,0.20845196491711068,0.04345222167780434,0.22948500185916323,0.1606153653605613,True,35,89,False,4,2026-04-06 19:05:31.767099,Waialae Country Club
2024,2024-04-14,2023-12-26,2024-04-14,6,pga,2024-01-14,13.0,91,sg_arg,sg_ott,vs_expected,0.19278356389334034,0.03716550250741764,0.26719283481337847,0.14127317695125266,False,35,89,False,4,2026-04-06 19:05:31.767099,Waialae Country Club
2024,2024-04-14,2023-12-26,2024-04-14,6,pga,2024-01-14,13.0,91,sg_arg,sg_arg,vs_expected,0.12071065810961637,0.014571062981256693,0.4897347639783001,0.061594452450638125,False,35,89,False,4,2026-04-06 19:05:31.767099,Waialae Country Club
2024,2024-04-14,2023-12-26,2024-04-14,6,pga,2024-01-14,13.0,91,sg_total,sg_ott,vs_expected,0.11868246243725843,0.014085526890171257,0.4841658968963569,0.06122046156545501,False,37,89,False,4,2026-04-06 19:05:31.767099,Waialae Country Club
2024,2024-04-14,2023-12-26,2024-04-14,6,pga,2024-01-14,13.0,91,sg_app,sg_total,vs_expected,0.12018487834530472,0.014444404982875697,0.49164170205030117,0.06109698019491072,False,35,89,False,4,2026-04-06 19:05:31.767099,Waialae Country Club
2024,2024-04-14,2023-12-26,2024-04-14,6,pga,2024-01-14,13.0,91,sg_app,sg_ott,vs_expected,0.07492407823144213,0.0056136174988312615,0.6688250812345015,0.024812975521877705,False,35,89,False,4,2026-04-06 19:05:31.767099,Waialae Country Club
2024,2024-04-14,2023-12-26,2024-04-14,6,pga,2024-01-14,13.0,91,sg_arg,sg_app,vs_expected,0.06965964391836275,0.004852465990833093,0.690903792611192,0.021531531743220776,False,35,89,False,4,2026-04-06 19:05:31.767099,Waialae Country Club
2024,2024-04-14,2023-12-26,2024-04-14,6,pga,2024-01-14,13.0,91,sg_arg,sg_total,vs_expected,0.06627999762047902,0.004393038084570705,0.7052125498055316,0.019538511497436444,False,35,89,False,4,2026-04-06 19:05:31.767099,Waialae Country Club
2024,2024-04-14,2023-12-26,2024-04-14,6,pga,2024-01-14,13.0,91,sg_total,sg_total,vs_expected,0.0049316828411583025,2.4321495645775226e-05,0.9768894942923446,0.00011397368444893506,False,37,89,False,4,2026-04-06 19:05:31.767099,Waialae Country Club
2024,2024-04-14,2023-12-26,2024-04-14,6,pga,2024-01-14,13.0,91,sg_app,sg_putt,vs_expected,-0.008716924856088909,7.598477894670065e-05,0.9603630479810169,-0.0003455123322738772,False,35,89,False,4,2026-04-06 19:05:31.767099,Waialae Country Club
2024,2024-04-14,2023-12-26,2024-04-14,6,pga,2024-01-14,13.0,91,sg_ott,sg_app,vs_expected,-0.04432037767246635,0.0019642958770300536,0.8004192865126305,-0.008845492597900514,False,35,89,False,4,2026-04-06 19:05:31.767099,Waialae Country Club
2024,2024-04-14,2023-12-26,2024-04-14,6,pga,2024-01-14,13.0,91,sg_app,sg_app,vs_expected,-0.05074732791983283,0.0025752912910030445,0.7721923525674852,-0.011560629386903493,False,35,89,False,4,2026-04-06 19:05:31.767099,Waialae Country Club
2024,2024-04-14,2023-12-26,2024-04-14,6,pga,2024-01-14,13.0,91,sg_total,sg_app,vs_expected,-0.05959236070971616,0.003551249454956922,0.7260712723744762,-0.016324059545413803,False,37,89,False,4,2026-04-06 19:05:31.767099,Waialae Country Club
2024,2024-04-14,2023-12-26,2024-04-14,6,pga,2024-01-14,13.0,91,sg_putt,sg_app,vs_expected,-0.09347217025874363,0.008737046612879558,0.59328797246374,-0.03801625588414812,False,35,89,False,4,2026-04-06 19:05:31.767099,Waialae Country Club
2024,2024-04-14,2023-12-26,2024-04-14,6,pga,2024-01-14,13.0,91,sg_putt,sg_ott,vs_expected,-0.14371538448157883,0.02065411173668803,0.41014302611115144,-0.08477152179157649,False,35,89,False,4,2026-04-06 19:05:31.767099,Waialae Country Club
2024,2024-04-14,2023-12-26,2024-04-14,6,pga,2024-01-14,13.0,91,sg_putt,sg_arg,vs_expected,-0.15795807935044553,0.02495075483208165,0.36479713458820673,-0.10033542461834642,False,35,89,False,4,2026-04-06 19:05:31.767099,Waialae Country Club
2024,2024-04-14,2023-12-26,2024-04-14,6,pga,2024-01-14,13.0,91,sg_ott,sg_putt,vs_expected,-0.16461330428150353,0.027097539946474868,0.34467667570760857,-0.10787493778450985,False,35,89,False,4,2026-04-06 19:05:31.767099,Waialae Country Club
2024,2024-04-14,2023-12-26,2024-04-14,6,pga,2024-01-14,13.0,91,sg_putt,sg_putt,vs_expected,-0.23850285080989558,0.05688360984444731,0.1676592560143099,-0.19851564028581656,False,35,89,False,4,2026-04-06 19:05:31.767099,Waialae Country Club
2024,2024-04-14,2023-12-26,2024-04-14,6,pga,2024-01-14,13.0,91,sg_arg,sg_putt,vs_expected,-0.2414574419052578,0.05830169625143095,0.1622997632382956,-0.20226895625190994,False,35,89,False,4,2026-04-06 19:05:31.767099,Waialae Country Club
2024,2024-04-14,2023-12-26,2024-04-14,6,pga,2024-01-14,13.0,91,sg_putt,sg_total,vs_expected,-0.2709667849186012,0.07342299852912348,0.11538113259297789,-0.23970233037961516,False,35,89,False,4,2026-04-06 19:05:31.767099,Waialae Country Club
2024,2024-04-14,2023-12-26,2024-04-14,6,pga,2024-01-14,13.0,91,sg_total,sg_putt,vs_expected,-0.2824158881689759,0.0797587338902715,0.09034541760310694,-0.25690090681459743,False,37,89,False,4,2026-04-06 19:05:31.767099,Waialae Country Club
2024,2024-04-14,2023-12-26,2024-04-14,656,pga,2024-01-07,14.0,98,sg_arg,sg_total,vs_expected,0.3291012159487558,0.1083076103389496,0.023897103568648107,0.32123665010666036,True,47,89,False,4,2026-04-06 19:05:31.767099,Plantation Course at Kapalua
2024,2024-04-14,2023-12-26,2024-04-14,656,pga,2024-01-07,14.0,98,sg_arg,sg_app,vs_expected,0.28006332259931954,0.07843546466537053,0.05656378395077338,0.2642218813272759,True,47,89,False,4,2026-04-06 19:05:31.767099,Plantation Course at Kapalua
2024,2024-04-14,2023-12-26,2024-04-14,656,pga,2024-01-07,14.0,98,sg_total,sg_arg,vs_expected,0.2303649382215339,0.05306800476181113,0.11927822342535666,0.2028874176509773,True,47,89,False,4,2026-04-06 19:05:31.767099,Plantation Course at Kapalua
2024,2024-04-14,2023-12-26,2024-04-14,656,pga,2024-01-07,14.0,98,sg_arg,sg_putt,vs_expected,0.19529155112096466,0.03813878993923235,0.18833944455150264,0.1585104488572408,True,47,89,False,4,2026-04-06 19:05:31.767099,Plantation Course at Kapalua
2024,2024-04-14,2023-12-26,2024-04-14,656,pga,2024-01-07,14.0,98,sg_app,sg_total,vs_expected,0.18957364490621043,0.03593816684302596,0.20186195605726617,0.15130593812853718,True,47,89,False,4,2026-04-06 19:05:31.767099,Plantation Course at Kapalua
2024,2024-04-14,2023-12-26,2024-04-14,656,pga,2024-01-07,14.0,98,sg_app,sg_putt,vs_expected,0.1886001126614254,0.03557000249590236,0.20423073574659514,0.15008217289069176,True,47,89,False,4,2026-04-06 19:05:31.767099,Plantation Course at Kapalua
2024,2024-04-14,2023-12-26,2024-04-14,656,pga,2024-01-07,14.0,98,sg_ott,sg_ott,vs_expected,0.17221501183694746,0.02965801030199995,0.2470567925223095,0.12966812338831965,False,47,89,False,4,2026-04-06 19:05:31.767099,Plantation Course at Kapalua
2024,2024-04-14,2023-12-26,2024-04-14,656,pga,2024-01-07,14.0,98,sg_putt,sg_arg,vs_expected,0.16620332980522912,0.02762354683834576,0.2641920173343726,0.12229373681629559,False,47,89,False,4,2026-04-06 19:05:31.767099,Plantation Course at Kapalua
2024,2024-04-14,2023-12-26,2024-04-14,656,pga,2024-01-07,14.0,98,sg_arg,sg_arg,vs_expected,0.15588063080277206,0.02429877105947013,0.2954226016087237,0.10982996931060819,False,47,89,False,4,2026-04-06 19:05:31.767099,Plantation Course at Kapalua
2024,2024-04-14,2023-12-26,2024-04-14,656,pga,2024-01-07,14.0,98,sg_app,sg_ott,vs_expected,0.12077942885330178,0.014587670434129788,0.4186922580697295,0.07021001705834062,False,47,89,False,4,2026-04-06 19:05:31.767099,Plantation Course at Kapalua
2024,2024-04-14,2023-12-26,2024-04-14,656,pga,2024-01-07,14.0,98,sg_app,sg_arg,vs_expected,0.10533209909197616,0.011094851099121885,0.48103466645980275,0.05466370793775652,False,47,89,False,4,2026-04-06 19:05:31.767099,Plantation Course at Kapalua
2024,2024-04-14,2023-12-26,2024-04-14,656,pga,2024-01-07,14.0,98,sg_arg,sg_ott,vs_expected,0.07941389007480107,0.006306565936812588,0.5956868908993855,0.03210807680191725,False,47,89,False,4,2026-04-06 19:05:31.767099,Plantation Course at Kapalua
2024,2024-04-14,2023-12-26,2024-04-14,656,pga,2024-01-07,14.0,98,sg_ott,sg_arg,vs_expected,0.0695036589308995,0.004830758604782806,0.6424870206790584,0.024848460178092453,False,47,89,False,4,2026-04-06 19:05:31.767099,Plantation Course at Kapalua
2024,2024-04-14,2023-12-26,2024-04-14,656,pga,2024-01-07,14.0,98,sg_total,sg_putt,vs_expected,0.0690969415415708,0.004774387330399252,0.6444390015285392,0.024568177525845072,False,47,89,False,4,2026-04-06 19:05:31.767099,Plantation Course at Kapalua
2024,2024-04-14,2023-12-26,2024-04-14,656,pga,2024-01-07,14.0,98,sg_total,sg_total,vs_expected,0.0472970379545751,0.0022370097992765177,0.7522320853156328,0.011718688464752441,False,47,89,False,4,2026-04-06 19:05:31.767099,Plantation Course at Kapalua
2024,2024-04-14,2023-12-26,2024-04-14,656,pga,2024-01-07,14.0,98,sg_putt,sg_putt,vs_expected,0.03770411448566814,0.0014216002491483702,0.8013383700498119,0.007490360839551331,False,47,89,False,4,2026-04-06 19:05:31.767099,Plantation Course at Kapalua
2024,2024-04-14,2023-12-26,2024-04-14,656,pga,2024-01-07,14.0,98,sg_total,sg_ott,vs_expected,-0.007859561151264544,6.177270149046683e-05,0.9581842555038279,-0.00032865340095331833,False,47,89,False,4,2026-04-06 19:05:31.767099,Plantation Course at Kapalua
2024,2024-04-14,2023-12-26,2024-04-14,656,pga,2024-01-07,14.0,98,sg_app,sg_app,vs_expected,-0.01663396983688928,0.0002766889525345423,0.9116372726649458,-0.001469822941196564,False,47,89,False,4,2026-04-06 19:05:31.767099,Plantation Course at Kapalua
2024,2024-04-14,2023-12-26,2024-04-14,656,pga,2024-01-07,14.0,98,sg_ott,sg_app,vs_expected,-0.03929556750946338,0.0015441416258907938,0.7931334316005698,-0.008128939203990833,False,47,89,False,4,2026-04-06 19:05:31.767099,Plantation Course at Kapalua
2024,2024-04-14,2023-12-26,2024-04-14,656,pga,2024-01-07,14.0,98,sg_ott,sg_total,vs_expected,-0.09157267194146629,0.008385554246499408,0.5404225737270663,-0.042084732887794775,False,47,89,False,4,2026-04-06 19:05:31.767099,Plantation Course at Kapalua
2024,2024-04-14,2023-12-26,2024-04-14,656,pga,2024-01-07,14.0,98,sg_total,sg_app,vs_expected,-0.13584680758873888,0.018454355132051844,0.36257411416782387,-0.08659227166472508,False,47,89,False,4,2026-04-06 19:05:31.767099,Plantation Course at Kapalua
2024,2024-04-14,2023-12-26,2024-04-14,656,pga,2024-01-07,14.0,98,sg_putt,sg_total,vs_expected,-0.16936065679339674,0.02868303206949072,0.2550964287614607,-0.1261573580727058,False,47,89,False,4,2026-04-06 19:05:31.767099,Plantation Course at Kapalua
2024,2024-04-14,2023-12-26,2024-04-14,656,pga,2024-01-07,14.0,98,sg_putt,sg_ott,vs_expected,-0.20909011132942829,0.043718674655752715,0.15839334418419804,-0.17597162936011387,False,47,89,False,4,2026-04-06 19:05:31.767099,Plantation Course at Kapalua
2024,2024-04-14,2023-12-26,2024-04-14,656,pga,2024-01-07,14.0,98,sg_putt,sg_app,vs_expected,-0.28520016812753834,0.08133913589997614,0.05199777913370891,-0.27037039277634595,False,47,89,False,4,2026-04-06 19:05:31.767099,Plantation Course at Kapalua
2024,2024-04-14,2023-12-26,2024-04-14,656,pga,2024-01-07,14.0,98,sg_ott,sg_putt,vs_expected,-0.32304071829374503,0.10435530567573874,0.02677553645426236,-0.3143911297648598,False,47,89,False,4,2026-04-06 19:05:31.767099,Plantation Course at Kapalua
2025,2025-04-13,2024-12-26,2025-04-13,1,liv,2025-04-06,1.0,7,sg_ott,sg_arg,vs_expected,0.5180912670430143,0.268418560986236,0.08443889971612432,0.4743442105013695,True,12,95,False,4,2026-04-06 19:05:32.531554,The Club at Steyn City
2025,2025-04-13,2024-12-26,2025-04-13,770,pga,2025-04-06,1.0,7,sg_total,sg_ott,vs_expected,0.3701849353940219,0.1370368863926762,0.057345238261204134,0.3489565920731433,True,27,95,False,4,2026-04-06 19:05:32.531554,TPC San Antonio - The Oaks Course
2025,2025-04-13,2024-12-26,2025-04-13,770,pga,2025-04-06,1.0,7,sg_app,sg_ott,vs_expected,0.34543859025615387,0.11932781963815896,0.07759684627298687,0.3186336450712898,True,27,95,False,4,2026-04-06 19:05:32.531554,TPC San Antonio - The Oaks Course
2025,2025-04-13,2024-12-26,2025-04-13,1,liv,2025-04-06,1.0,7,sg_ott,sg_putt,vs_expected,0.32029150350340924,0.10258664721647441,0.3101190461902825,0.22096300793408044,True,12,95,False,4,2026-04-06 19:05:32.531554,The Club at Steyn City
2025,2025-04-13,2024-12-26,2025-04-13,770,pga,2025-04-06,1.0,7,sg_ott,sg_app,vs_expected,0.25890096734759876,0.0670297108935224,0.19223421438611416,0.2091313432857281,True,27,95,False,4,2026-04-06 19:05:32.531554,TPC San Antonio - The Oaks Course
2025,2025-04-13,2024-12-26,2025-04-13,770,pga,2025-04-06,1.0,7,sg_putt,sg_putt,vs_expected,0.226957641781974,0.05150977116323483,0.2549380376049975,0.16909750596661957,True,27,95,False,4,2026-04-06 19:05:32.531554,TPC San Antonio - The Oaks Course
2025,2025-04-13,2024-12-26,2025-04-13,770,pga,2025-04-06,1.0,7,sg_ott,sg_ott,vs_expected,0.2133060708624011,0.045499479866755684,0.28539439401493544,0.15242971402891925,True,27,95,False,4,2026-04-06 19:05:32.531554,TPC San Antonio - The Oaks Course
2025,2025-04-13,2024-12-26,2025-04-13,1,liv,2025-04-06,1.0,7,sg_total,sg_putt,vs_expected,0.25584084622997416,0.06545453859966928,0.4222019901651774,0.14782433178613594,False,12,95,False,4,2026-04-06 19:05:32.531554,The Club at Steyn City
2025,2025-04-13,2024-12-26,2025-04-13,1,liv,2025-04-06,1.0,7,sg_putt,sg_putt,vs_expected,0.2429110407077213,0.05900577369770823,0.4468135710826805,0.13437509115369398,False,12,95,False,4,2026-04-06 19:05:32.531554,The Club at Steyn City
2025,2025-04-13,2024-12-26,2025-04-13,1,liv,2025-04-06,1.0,7,sg_ott,sg_total,vs_expected,0.2269372343486607,0.051500508333818945,0.47813652602317863,0.11843025349188409,False,12,95,False,4,2026-04-06 19:05:32.531554,The Club at Steyn City
2025,2025-04-13,2024-12-26,2025-04-13,770,pga,2025-04-06,1.0,7,sg_total,sg_total,vs_expected,0.1737230937729507,0.03017971331004542,0.3861644091461564,0.10663741791107686,False,27,95,False,4,2026-04-06 19:05:32.531554,TPC San Antonio - The Oaks Course
2025,2025-04-13,2024-12-26,2025-04-13,1,liv,2025-04-06,1.0,7,sg_arg,sg_putt,vs_expected,0.20140349047131212,0.04056336597402791,0.530205236964892,0.09461830508041372,False,12,95,False,4,2026-04-06 19:05:32.531554,The Club at Steyn City
2025,2025-04-13,2024-12-26,2025-04-13,770,pga,2025-04-06,1.0,7,sg_ott,sg_total,vs_expected,0.13930607464531425,0.019406182433085867,0.48831305320228446,0.0712811000056355,False,27,95,False,4,2026-04-06 19:05:32.531554,TPC San Antonio - The Oaks Course
2025,2025-04-13,2024-12-26,2025-04-13,770,pga,2025-04-06,1.0,7,sg_arg,sg_ott,vs_expected,0.1386426259009893,0.01922177771672167,0.4904070254606055,0.07065130813083764,False,27,95,False,4,2026-04-06 19:05:32.531554,TPC San Antonio - The Oaks Course
2025,2025-04-13,2024-12-26,2025-04-13,770,pga,2025-04-06,1.0,7,sg_total,sg_app,vs_expected,0.1344487389470335,0.01807646340444756,0.5037478455060809,0.06672047637145587,False,27,95,False,4,2026-04-06 19:05:32.531554,TPC San Antonio - The Oaks Course
2025,2025-04-13,2024-12-26,2025-04-13,770,pga,2025-04-06,1.0,7,sg_app,sg_app,vs_expected,0.12225713525109948,0.01494680711980563,0.5435240318972069,0.05580744417121975,False,27,95,False,4,2026-04-06 19:05:32.531554,TPC San Antonio - The Oaks Course
2025,2025-04-13,2024-12-26,2025-04-13,1,liv,2025-04-06,1.0,7,sg_app,sg_arg,vs_expected,0.15287071780164418,0.023369456361189932,0.6352731839526938,0.05575605017065993,False,12,95,False,4,2026-04-06 19:05:32.531554,The Club at Steyn City
2025,2025-04-13,2024-12-26,2025-04-13,1,liv,2025-04-06,1.0,7,sg_app,sg_total,vs_expected,0.14877206862257303,0.022133128402239577,0.6444727443402509,0.052892525276207254,False,12,95,False,4,2026-04-06 19:05:32.531554,The Club at Steyn City
2025,2025-04-13,2024-12-26,2025-04-13,770,pga,2025-04-06,1.0,7,sg_putt,sg_ott,vs_expected,0.11569818451494131,0.013386069900053404,0.5655120373567819,0.05026946847141597,False,27,95,False,4,2026-04-06 19:05:32.531554,TPC San Antonio - The Oaks Course
2025,2025-04-13,2024-12-26,2025-04-13,770,pga,2025-04-06,1.0,7,sg_app,sg_total,vs_expected,0.11393310918306486,0.012980753368120178,0.5714968918290892,0.048820691408519024,False,27,95,False,4,2026-04-06 19:05:32.531554,TPC San Antonio - The Oaks Course
2025,2025-04-13,2024-12-26,2025-04-13,770,pga,2025-04-06,1.0,7,sg_arg,sg_putt,vs_expected,0.11110428136339742,0.01234416133727698,0.5811471166801209,0.04653634859824212,False,27,95,False,4,2026-04-06 19:05:32.531554,TPC San Antonio - The Oaks Course
2025,2025-04-13,2024-12-26,2025-04-13,1,liv,2025-04-06,1.0,7,sg_app,sg_ott,vs_expected,0.13727021272044423,0.01884311130031601,0.6705312130163015,0.04522625047399902,False,12,95,False,4,2026-04-06 19:05:32.531554,The Club at Steyn City
2025,2025-04-13,2024-12-26,2025-04-13,770,pga,2025-04-06,1.0,7,sg_total,sg_putt,vs_expected,0.10752930030923158,0.01156255042499291,0.5934439928986571,0.043716682980122386,False,27,95,False,4,2026-04-06 19:05:32.531554,TPC San Antonio - The Oaks Course
2025,2025-04-13,2024-12-26,2025-04-13,770,pga,2025-04-06,1.0,7,sg_arg,sg_total,vs_expected,0.09454537908342231,0.008938828706028029,0.6390131687623254,0.03412963680348934,False,27,95,False,4,2026-04-06 19:05:32.531554,TPC San Antonio - The Oaks Course
2025,2025-04-13,2024-12-26,2025-04-13,770,pga,2025-04-06,1.0,7,sg_putt,sg_total,vs_expected,0.04193657407435326,0.0017586762450937177,0.8354720295947393,0.006899739418203215,False,27,95,False,4,2026-04-06 19:05:32.531554,TPC San Antonio - The Oaks Course
2025,2025-04-13,2024-12-26,2025-04-13,1,liv,2025-04-06,1.0,7,sg_app,sg_app,vs_expected,0.04425524879678272,0.0019585270460651385,0.8913745004996736,0.004807248506061742,False,12,95,False,4,2026-04-06 19:05:32.531554,The Club at Steyn City
2025,2025-04-13,2024-12-26,2025-04-13,770,pga,2025-04-06,1.0,7,sg_ott,sg_putt,vs_expected,0.027899855503536845,0.0007784019371182352,0.8901308929119405,0.003065332212059477,False,27,95,False,4,2026-04-06 19:05:32.531554,TPC San Antonio - The Oaks Course
2025,2025-04-13,2024-12-26,2025-04-13,770,pga,2025-04-06,1.0,7,sg_app,sg_arg,vs_expected,-0.008096668909570684,6.555604743120853e-05,0.9680283147597575,-0.0002588641498712515,False,27,95,False,4,2026-04-06 19:05:32.531554,TPC San Antonio - The Oaks Course
2025,2025-04-13,2024-12-26,2025-04-13,770,pga,2025-04-06,1.0,7,sg_arg,sg_app,vs_expected,-0.008733975965084951,7.62823361586816e-05,0.9655131691583851,-0.00030120715168261455,False,27,95,False,4,2026-04-06 19:05:32.531554,TPC San Antonio - The Oaks Course
2025,2025-04-13,2024-12-26,2025-04-13,1,liv,2025-04-06,1.0,7,sg_total,sg_arg,vs_expected,-0.025236406669965857,0.0006368762216118972,0.937947488024518,-0.0015659824271061903,False,12,95,False,4,2026-04-06 19:05:32.531554,The Club at Steyn City
2025,2025-04-13,2024-12-26,2025-04-13,1,liv,2025-04-06,1.0,7,sg_app,sg_putt,vs_expected,-0.04167743815133994,0.0017370088508587658,0.8976716015750756,-0.004264785496480456,False,12,95,False,4,2026-04-06 19:05:32.531554,The Club at Steyn City
2025,2025-04-13,2024-12-26,2025-04-13,770,pga,2025-04-06,1.0,7,sg_arg,sg_arg,vs_expected,-0.03863477509158858,0.0014926458463776335,0.8482718054525045,-0.005861984671395286,False,27,95,False,4,2026-04-06 19:05:32.531554,TPC San Antonio - The Oaks Course
2025,2025-04-13,2024-12-26,2025-04-13,770,pga,2025-04-06,1.0,7,sg_putt,sg_app,vs_expected,-0.054938235691876613,0.0030182097409361852,0.7854952126046458,-0.011784514566961852,False,27,95,False,4,2026-04-06 19:05:32.531554,TPC San Antonio - The Oaks Course
2025,2025-04-13,2024-12-26,2025-04-13,1,liv,2025-04-06,1.0,7,sg_putt,sg_total,vs_expected,-0.07295632104041602,0.0053226247797522495,0.8217271375177029,-0.013006132188052405,False,12,95,False,4,2026-04-06 19:05:32.531554,The Club at Steyn City
2025,2025-04-13,2024-12-26,2025-04-13,1,liv,2025-04-06,1.0,7,sg_total,sg_total,vs_expected,-0.0891125369766874,0.00794104424642148,0.7830050491460983,-0.019336970581722786,False,12,95,False,4,2026-04-06 19:05:32.531554,The Club at Steyn City
2025,2025-04-13,2024-12-26,2025-04-13,770,pga,2025-04-06,1.0,7,sg_app,sg_putt,vs_expected,-0.103379521586206,0.010687325483392832,0.6078563763644743,-0.04053962020452187,False,27,95,False,4,2026-04-06 19:05:32.531554,TPC San Antonio - The Oaks Course
2025,2025-04-13,2024-12-26,2025-04-13,1,liv,2025-04-06,1.0,7,sg_putt,sg_app,vs_expected,-0.16942947033454808,0.02870634541784551,0.598596973559473,-0.0680095021605031,False,12,95,False,4,2026-04-06 19:05:32.531554,The Club at Steyn City
2025,2025-04-13,2024-12-26,2025-04-13,1,liv,2025-04-06,1.0,7,sg_putt,sg_ott,vs_expected,-0.18121866293691635,0.0328402037966437,0.5729915692330103,-0.0773818968863847,False,12,95,False,4,2026-04-06 19:05:32.531554,The Club at Steyn City
2025,2025-04-13,2024-12-26,2025-04-13,770,pga,2025-04-06,1.0,7,sg_ott,sg_arg,vs_expected,-0.14723999901132165,0.021679617308854,0.4636268717534921,-0.07897557887271532,False,27,95,False,4,2026-04-06 19:05:32.531554,TPC San Antonio - The Oaks Course
2025,2025-04-13,2024-12-26,2025-04-13,1,liv,2025-04-06,1.0,7,sg_arg,sg_app,vs_expected,-0.221966107887418,0.04926895305068889,0.48808496375614846,-0.11362778816409426,False,12,95,False,4,2026-04-06 19:05:32.531554,The Club at Steyn City
2025,2025-04-13,2024-12-26,2025-04-13,770,pga,2025-04-06,1.0,7,sg_total,sg_arg,vs_expected,-0.19729835044013527,0.03892663908639843,0.3239258855363269,-0.1333883075589579,False,27,95,False,4,2026-04-06 19:05:32.531554,TPC San Antonio - The Oaks Course
2025,2025-04-13,2024-12-26,2025-04-13,770,pga,2025-04-06,1.0,7,sg_putt,sg_arg,vs_expected,-0.2056630968742194,0.04229730941589456,0.3034122274990322,-0.14326239853726325,False,27,95,False,4,2026-04-06 19:05:32.531554,TPC San Antonio - The Oaks Course
2025,2025-04-13,2024-12-26,2025-04-13,1,liv,2025-04-06,1.0,7,sg_putt,sg_arg,vs_expected,-0.273809769964641,0.07497179012808963,0.38914376671032225,-0.16725840471851375,False,12,95,False,4,2026-04-06 19:05:32.531554,The Club at Steyn City
2025,2025-04-13,2024-12-26,2025-04-13,1,liv,2025-04-06,1.0,7,sg_ott,sg_ott,vs_expected,-0.3245022438675914,0.10530170627510177,0.3034385759081102,-0.2260357451094232,False,12,95,False,4,2026-04-06 19:05:32.531554,The Club at Steyn City
2025,2025-04-13,2024-12-26,2025-04-13,1,liv,2025-04-06,1.0,7,sg_total,sg_ott,vs_expected,-0.3419525167449996,0.11693152370823923,0.2766210746228097,-0.24736124409302349,False,12,95,False,4,2026-04-06 19:05:32.531554,The Club at Steyn City
2025,2025-04-13,2024-12-26,2025-04-13,1,liv,2025-04-06,1.0,7,sg_total,sg_app,vs_expected,-0.3629491030354762,0.1317320513942567,0.24622514773191956,-0.27358190652139835,False,12,95,False,4,2026-04-06 19:05:32.531554,The Club at Steyn City
2025,2025-04-13,2024-12-26,2025-04-13,1,liv,2025-04-06,1.0,7,sg_arg,sg_ott,vs_expected,-0.36358704579201345,0.1321955398677637,0.2453338273257747,-0.2743868442817871,False,12,95,False,4,2026-04-06 19:05:32.531554,The Club at Steyn City
2025,2025-04-13,2024-12-26,2025-04-13,1,liv,2025-04-06,1.0,7,sg_ott,sg_app,vs_expected,-0.40401187009015277,0.16322559117374247,0.1927393987590204,-0.32614286515746926,False,12,95,False,4,2026-04-06 19:05:32.531554,The Club at Steyn City
2025,2025-04-13,2024-12-26,2025-04-13,1,liv,2025-04-06,1.0,7,sg_arg,sg_total,vs_expected,-0.41535595516972973,0.17252056949495853,0.1793518762742804,-0.3408610852883428,False,12,95,False,4,2026-04-06 19:05:32.531554,The Club at Steyn City
2025,2025-04-13,2024-12-26,2025-04-13,1,liv,2025-04-06,1.0,7,sg_arg,sg_arg,vs_expected,-0.5923126731178563,0.35083430273602045,0.04242921978516043,-0.5671813085286028,False,12,95,False,4,2026-04-06 19:05:32.531554,The Club at Steyn City
2025,2025-04-13,2024-12-26,2025-04-13,897,pga,2025-03-30,2.0,14,sg_ott,sg_ott,vs_expected,0.520551117573932,0.2709734660074696,0.001347107111353904,0.519849879461625,True,35,95,False,4,2026-04-06 19:05:32.531554,Memorial Park Golf Course
2025,2025-04-13,2024-12-26,2025-04-13,897,pga,2025-03-30,2.0,14,sg_ott,sg_total,vs_expected,0.3378286933912217,0.11412822607842006,0.04716404163065194,0.3218953268320894,True,35,95,False,4,2026-04-06 19:05:32.531554,Memorial Park Golf Course
2025,2025-04-13,2024-12-26,2025-04-13,897,pga,2025-03-30,2.0,14,sg_arg,sg_putt,vs_expected,0.1993089629557624,0.03972406271450146,0.25102344908879604,0.14927773964029584,False,35,95,False,4,2026-04-06 19:05:32.531554,Memorial Park Golf Course
2025,2025-04-13,2024-12-26,2025-04-13,897,pga,2025-03-30,2.0,14,sg_ott,sg_app,vs_expected,0.15549681957541914,0.024179260898070452,0.3724117596350063,0.0975879753796902,False,35,95,False,4,2026-04-06 19:05:32.531554,Memorial Park Golf Course
2025,2025-04-13,2024-12-26,2025-04-13,897,pga,2025-03-30,2.0,14,sg_total,sg_arg,vs_expected,0.1433398118106325,0.020546301649907537,0.4113803452843932,0.08437263053497455,False,35,95,False,4,2026-04-06 19:05:32.531554,Memorial Park Golf Course
2025,2025-04-13,2024-12-26,2025-04-13,897,pga,2025-03-30,2.0,14,sg_app,sg_putt,vs_expected,0.1378843592845705,0.01901209653531652,0.4295900500306946,0.07865061048106158,False,35,95,False,4,2026-04-06 19:05:32.531554,Memorial Park Golf Course
2025,2025-04-13,2024-12-26,2025-04-13,897,pga,2025-03-30,2.0,14,sg_ott,sg_arg,vs_expected,0.13345984284293333,0.01781152965166046,0.4446806395511426,0.07411283457314274,False,35,95,False,4,2026-04-06 19:05:32.531554,Memorial Park Golf Course
2025,2025-04-13,2024-12-26,2025-04-13,897,pga,2025-03-30,2.0,14,sg_arg,sg_arg,vs_expected,0.10678499004668948,0.011403034099271571,0.5414942538979104,0.048961531533861576,False,35,95,False,4,2026-04-06 19:05:32.531554,Memorial Park Golf Course
2025,2025-04-13,2024-12-26,2025-04-13,897,pga,2025-03-30,2.0,14,sg_total,sg_total,vs_expected,0.08051379863153685,0.006482471770079665,0.6406479472208226,0.028932798815292086,False,36,95,False,4,2026-04-06 19:05:32.531554,Memorial Park Golf Course
2025,2025-04-13,2024-12-26,2025-04-13,897,pga,2025-03-30,2.0,14,sg_total,sg_putt,vs_expected,0.06472722603941661,0.004189613790757731,0.7118205247493459,0.018653058034469552,False,35,95,False,4,2026-04-06 19:05:32.531554,Memorial Park Golf Course
2025,2025-04-13,2024-12-26,2025-04-13,897,pga,2025-03-30,2.0,14,sg_app,sg_arg,vs_expected,0.010055520906405997,0.00010111350069916809,0.954282217781963,0.00045971611488798757,False,35,95,False,4,2026-04-06 19:05:32.531554,Memorial Park Golf Course
2025,2025-04-13,2024-12-26,2025-04-13,897,pga,2025-03-30,2.0,14,sg_putt,sg_arg,vs_expected,0.005510797633075708,3.0368890552712823e-05,0.9749358057234027,0.0001381237024944223,False,35,95,False,4,2026-04-06 19:05:32.531554,Memorial Park Golf Course
2025,2025-04-13,2024-12-26,2025-04-13,897,pga,2025-03-30,2.0,14,sg_app,sg_total,vs_expected,-0.01624232405540208,0.0002638130907206931,0.9262157081818849,-0.0011984283779081775,False,35,95,False,4,2026-04-06 19:05:32.531554,Memorial Park Golf Course
2025,2025-04-13,2024-12-26,2025-04-13,897,pga,2025-03-30,2.0,14,sg_total,sg_app,vs_expected,-0.029015227987583242,0.0008418834551714338,0.8685843289798094,-0.0038130556557920657,False,35,95,False,4,2026-04-06 19:05:32.531554,Memorial Park Golf Course
2025,2025-04-13,2024-12-26,2025-04-13,897,pga,2025-03-30,2.0,14,sg_putt,sg_app,vs_expected,-0.04080863414958423,0.0016653446211546121,0.8159509067233282,-0.007510792113090404,False,35,95,False,4,2026-04-06 19:05:32.531554,Memorial Park Golf Course
2025,2025-04-13,2024-12-26,2025-04-13,897,pga,2025-03-30,2.0,14,sg_arg,sg_total,vs_expected,-0.047619212694158794,0.002267589417611534,0.7858974368285443,-0.010195395494026118,False,35,95,False,4,2026-04-06 19:05:32.531554,Memorial Park Golf Course
2025,2025-04-13,2024-12-26,2025-04-13,897,pga,2025-03-30,2.0,14,sg_app,sg_ott,vs_expected,-0.07262917619723594,0.0052749972350891435,0.6784175226415854,-0.023356270410007932,False,35,95,False,4,2026-04-06 19:05:32.531554,Memorial Park Golf Course
2025,2025-04-13,2024-12-26,2025-04-13,897,pga,2025-03-30,2.0,14,sg_app,sg_app,vs_expected,-0.07713796926590588,0.00595026630246784,0.6596198396192149,-0.026256234350177116,False,35,95,False,4,2026-04-06 19:05:32.531554,Memorial Park Golf Course
2025,2025-04-13,2024-12-26,2025-04-13,897,pga,2025-03-30,2.0,14,sg_arg,sg_app,vs_expected,-0.07921147674163395,0.006274458047590416,0.6510426246964856,-0.027641429017675963,False,35,95,False,4,2026-04-06 19:05:32.531554,Memorial Park Golf Course
2025,2025-04-13,2024-12-26,2025-04-13,897,pga,2025-03-30,2.0,14,sg_putt,sg_putt,vs_expected,-0.08714381139960764,0.007594043865250387,0.6186425678665662,-0.03323294014167462,False,35,95,False,4,2026-04-06 19:05:32.531554,Memorial Park Golf Course
2025,2025-04-13,2024-12-26,2025-04-13,897,pga,2025-03-30,2.0,14,sg_ott,sg_putt,vs_expected,-0.1207288604566422,0.014575457747159385,0.48966881438417165,-0.061611702494886116,False,35,95,False,4,2026-04-06 19:05:32.531554,Memorial Park Golf Course
2025,2025-04-13,2024-12-26,2025-04-13,897,pga,2025-03-30,2.0,14,sg_total,sg_ott,vs_expected,-0.16166634353215723,0.026136006631057473,0.3535012864433587,-0.1045170831189457,False,35,95,False,4,2026-04-06 19:05:32.531554,Memorial Park Golf Course
2025,2025-04-13,2024-12-26,2025-04-13,897,pga,2025-03-30,2.0,14,sg_putt,sg_total,vs_expected,-0.18341437984734013,0.03364083473478437,0.29157801504583136,-0.12993477904059056,False,35,95,False,4,2026-04-06 19:05:32.531554,Memorial Park Golf Course
2025,2025-04-13,2024-12-26,2025-04-13,897,pga,2025-03-30,2.0,14,sg_putt,sg_ott,vs_expected,-0.22251782472070356,0.04951418231843375,0.19886112094320413,-0.17826768066690105,False,35,95,False,4,2026-04-06 19:05:32.531554,Memorial Park Golf Course
2025,2025-04-13,2024-12-26,2025-04-13,897,pga,2025-03-30,2.0,14,sg_arg,sg_ott,vs_expected,-0.3601109558391973,0.1296799005154203,0.03359105568134543,-0.34801444867014025,False,35,95,False,4,2026-04-06 19:05:32.531554,Memorial Park Golf Course
2025,2025-04-13,2024-12-26,2025-04-13,665,pga,2025-03-23,3.0,21,sg_putt,sg_arg,vs_expected,0.435446551975079,0.18961369962698515,0.0062866365248147645,0.4327090577768278,True,38,95,False,4,2026-04-06 19:05:32.531554,Innisbrook Resort and Golf Club - Copperhead Course
2025,2025-04-13,2024-12-26,2025-04-13,665,pga,2025-03-23,3.0,21,sg_arg,sg_app,vs_expected,0.2895364980836318,0.08383138372253292,0.07786913494830543,0.2669905414418977,True,38,95,False,4,2026-04-06 19:05:32.531554,Innisbrook Resort and Golf Club - Copperhead Course
2025,2025-04-13,2024-12-26,2025-04-13,665,pga,2025-03-23,3.0,21,sg_arg,sg_total,vs_expected,0.2650164427601783,0.07023371493325885,0.10783550278433011,0.23643826140901983,True,38,95,False,4,2026-04-06 19:05:32.531554,Innisbrook Resort and Golf Club - Copperhead Course
2025,2025-04-13,2024-12-26,2025-04-13,665,pga,2025-03-23,3.0,21,sg_total,sg_putt,vs_expected,0.238856949750258,0.05705264244399728,0.14867512812348255,0.20334486214295416,True,38,95,False,4,2026-04-06 19:05:32.531554,Innisbrook Resort and Golf Club - Copperhead Course
2025,2025-04-13,2024-12-26,2025-04-13,665,pga,2025-03-23,3.0,21,sg_total,sg_arg,vs_expected,0.23852411927519096,0.056893755476005524,0.1492588523802607,0.20292228296716353,True,38,95,False,4,2026-04-06 19:05:32.531554,Innisbrook Resort and Golf Club - Copperhead Course
2025,2025-04-13,2024-12-26,2025-04-13,665,pga,2025-03-23,3.0,21,sg_app,sg_putt,vs_expected,0.19987383526885438,0.03994955002508114,0.22892502461610892,0.15411771260981577,True,38,95,False,4,2026-04-06 19:05:32.531554,Innisbrook Resort and Golf Club - Copperhead Course
2025,2025-04-13,2024-12-26,2025-04-13,665,pga,2025-03-23,3.0,21,sg_total,sg_total,vs_expected,0.19543683427027242,0.03819555618958593,0.23963891184916516,0.1486025639704987,False,38,95,False,4,2026-04-06 19:05:32.531554,Innisbrook Resort and Golf Club - Copperhead Course
2025,2025-04-13,2024-12-26,2025-04-13,665,pga,2025-03-23,3.0,21,sg_putt,sg_total,vs_expected,0.1928487942478539,0.037190657442851084,0.24604203463776186,0.1453998845336728,False,38,95,False,4,2026-04-06 19:05:32.531554,Innisbrook Resort and Golf Club - Copperhead Course
2025,2025-04-13,2024-12-26,2025-04-13,665,pga,2025-03-23,3.0,21,sg_arg,sg_putt,vs_expected,0.14536270996137826,0.021130317447315777,0.3838738896635229,0.08956176107647346,False,38,95,False,4,2026-04-06 19:05:32.531554,Innisbrook Resort and Golf Club - Copperhead Course
2025,2025-04-13,2024-12-26,2025-04-13,665,pga,2025-03-23,3.0,21,sg_putt,sg_putt,vs_expected,0.1380458959047532,0.019056669376145953,0.4085130528873826,0.08165234553012864,False,38,95,False,4,2026-04-06 19:05:32.531554,Innisbrook Resort and Golf Club - Copperhead Course
2025,2025-04-13,2024-12-26,2025-04-13,665,pga,2025-03-23,3.0,21,sg_ott,sg_app,vs_expected,0.1196091465801381,0.014306347945628963,0.47444589772800005,0.06286107765444453,False,38,95,False,4,2026-04-06 19:05:32.531554,Innisbrook Resort and Golf Club - Copperhead Course
2025,2025-04-13,2024-12-26,2025-04-13,665,pga,2025-03-23,3.0,21,sg_ott,sg_putt,vs_expected,0.11696588617276614,0.013681018528180485,0.48433555560896824,0.06031514870598412,False,38,95,False,4,2026-04-06 19:05:32.531554,Innisbrook Resort and Golf Club - Copperhead Course
2025,2025-04-13,2024-12-26,2025-04-13,665,pga,2025-03-23,3.0,21,sg_app,sg_ott,vs_expected,0.05839527599020548,0.003410008257972268,0.7276560964769322,0.015903597410479437,False,38,95,False,4,2026-04-06 19:05:32.531554,Innisbrook Resort and Golf Club - Copperhead Course
2025,2025-04-13,2024-12-26,2025-04-13,665,pga,2025-03-23,3.0,21,sg_app,sg_arg,vs_expected,0.03496008641074334,0.0012222076418466415,0.8349377980697407,0.005770588842629433,False,38,95,False,4,2026-04-06 19:05:32.531554,Innisbrook Resort and Golf Club - Copperhead Course
2025,2025-04-13,2024-12-26,2025-04-13,665,pga,2025-03-23,3.0,21,sg_app,sg_total,vs_expected,0.016192203318457457,0.0002621874483062647,0.9231335537780256,0.0012446371255934849,False,38,95,False,4,2026-04-06 19:05:32.531554,Innisbrook Resort and Golf Club - Copperhead Course
2025,2025-04-13,2024-12-26,2025-04-13,665,pga,2025-03-23,3.0,21,sg_arg,sg_arg,vs_expected,0.0005651990229597406,3.194499355546454e-07,0.9973129460775741,1.5187202515952306e-06,False,38,95,False,4,2026-04-06 19:05:32.531554,Innisbrook Resort and Golf Club - Copperhead Course
2025,2025-04-13,2024-12-26,2025-04-13,665,pga,2025-03-23,3.0,21,sg_total,sg_app,vs_expected,-0.006610347724179566,4.369669703456597e-05,0.9685809866835438,-0.00020769060317240402,False,38,95,False,4,2026-04-06 19:05:32.531554,Innisbrook Resort and Golf Club - Copperhead Course
2025,2025-04-13,2024-12-26,2025-04-13,665,pga,2025-03-23,3.0,21,sg_ott,sg_total,vs_expected,-0.009314498067076099,8.675987424156438e-05,0.9557389469278954,-0.00041226949328687087,False,38,95,False,4,2026-04-06 19:05:32.531554,Innisbrook Resort and Golf Club - Copperhead Course
2025,2025-04-13,2024-12-26,2025-04-13,665,pga,2025-03-23,3.0,21,sg_ott,sg_arg,vs_expected,-0.037843192638110784,0.0014321072290451623,0.821536651732367,-0.00675362286733429,False,38,95,False,4,2026-04-06 19:05:32.531554,Innisbrook Resort and Golf Club - Copperhead Course
2025,2025-04-13,2024-12-26,2025-04-13,665,pga,2025-03-23,3.0,21,sg_putt,sg_app,vs_expected,-0.059946489876145016,0.003593581648470757,0.7207082303708261,-0.0167425612405659,False,38,95,False,4,2026-04-06 19:05:32.531554,Innisbrook Resort and Golf Club - Copperhead Course
2025,2025-04-13,2024-12-26,2025-04-13,665,pga,2025-03-23,3.0,21,sg_arg,sg_ott,vs_expected,-0.11907184226677289,0.014178103620803243,0.47644755685152995,-0.06234035392895821,False,38,95,False,4,2026-04-06 19:05:32.531554,Innisbrook Resort and Golf Club - Copperhead Course
2025,2025-04-13,2024-12-26,2025-04-13,665,pga,2025-03-23,3.0,21,sg_putt,sg_ott,vs_expected,-0.12062373899807352,0.014550086409875363,0.4706782577041048,-0.0638487676887056,False,38,95,False,4,2026-04-06 19:05:32.531554,Innisbrook Resort and Golf Club - Copperhead Course
2025,2025-04-13,2024-12-26,2025-04-13,665,pga,2025-03-23,3.0,21,sg_total,sg_ott,vs_expected,-0.17627244532825267,0.03107197498200183,0.28976600563212385,-0.12519468294247796,False,38,95,False,4,2026-04-06 19:05:32.531554,Innisbrook Resort and Golf Club - Copperhead Course
2025,2025-04-13,2024-12-26,2025-04-13,665,pga,2025-03-23,3.0,21,sg_app,sg_app,vs_expected,-0.21122950716803138,0.044617904698449416,0.20300723634887669,-0.1683483886825141,False,38,95,False,4,2026-04-06 19:05:32.531554,Innisbrook Resort and Golf Club - Copperhead Course
2025,2025-04-13,2024-12-26,2025-04-13,665,pga,2025-03-23,3.0,21,sg_ott,sg_ott,vs_expected,-0.33464639948198976,0.11198821268625948,0.040012612304587664,-0.32125632284039074,False,38,95,False,4,2026-04-06 19:05:32.531554,Innisbrook Resort and Golf Club - Copperhead Course
2025,2025-04-13,2024-12-26,2025-04-13,11,pga,2025-03-16,4.0,28,sg_total,sg_app,vs_expected,0.27452195446703087,0.07536230348439857,0.022445747582315226,0.2683601039712601,True,69,95,False,4,2026-04-06 19:05:32.531554,TPC Sawgrass - THE PLAYERS Stadium Course
2025,2025-04-13,2024-12-26,2025-04-13,11,pga,2025-03-16,4.0,28,sg_ott,sg_app,vs_expected,0.2537373576754157,0.06438264668010185,0.03539955858405881,0.24475516721742055,True,69,95,False,4,2026-04-06 19:05:32.531554,TPC Sawgrass - THE PLAYERS Stadium Course
2025,2025-04-13,2024-12-26,2025-04-13,11,pga,2025-03-16,4.0,28,sg_ott,sg_total,vs_expected,0.24480131432629443,0.05992768349588121,0.04263354410774553,0.23436456669433026,True,69,95,False,4,2026-04-06 19:05:32.531554,TPC Sawgrass - THE PLAYERS Stadium Course
2025,2025-04-13,2024-12-26,2025-04-13,11,pga,2025-03-16,4.0,28,sg_putt,sg_app,vs_expected,0.2000158579184883,0.0400063434188689,0.09939350766745028,0.1801355802108554,True,69,95,False,4,2026-04-06 19:05:32.531554,TPC Sawgrass - THE PLAYERS Stadium Course
2025,2025-04-13,2024-12-26,2025-04-13,11,pga,2025-03-16,4.0,28,sg_ott,sg_ott,vs_expected,0.1657497597249164,0.027472982848867518,0.17348091849214187,0.1369953391679861,False,69,95,False,4,2026-04-06 19:05:32.531554,TPC Sawgrass - THE PLAYERS Stadium Course
2025,2025-04-13,2024-12-26,2025-04-13,11,pga,2025-03-16,4.0,28,sg_app,sg_app,vs_expected,0.12151443316942681,0.014765757468487095,0.3199180140437427,0.08263977703221269,False,69,95,False,4,2026-04-06 19:05:32.531554,TPC Sawgrass - THE PLAYERS Stadium Course
2025,2025-04-13,2024-12-26,2025-04-13,11,pga,2025-03-16,4.0,28,sg_total,sg_total,vs_expected,0.09982336917891019,0.009964705034228997,0.41444983124250645,0.058451590668652444,False,69,95,False,4,2026-04-06 19:05:32.531554,TPC Sawgrass - THE PLAYERS Stadium Course
2025,2025-04-13,2024-12-26,2025-04-13,11,pga,2025-03-16,4.0,28,sg_arg,sg_app,vs_expected,0.03684265505724507,0.001357381231667146,0.7637583015482051,0.008703771406197186,False,69,95,False,4,2026-04-06 19:05:32.531554,TPC Sawgrass - THE PLAYERS Stadium Course
2025,2025-04-13,2024-12-26,2025-04-13,11,pga,2025-03-16,4.0,28,sg_ott,sg_arg,vs_expected,0.0364520509590794,0.0013287520191233213,0.7661912036916141,0.008522810157714299,False,69,95,False,4,2026-04-06 19:05:32.531554,TPC Sawgrass - THE PLAYERS Stadium Course
2025,2025-04-13,2024-12-26,2025-04-13,11,pga,2025-03-16,4.0,28,sg_arg,sg_arg,vs_expected,0.03536639608907632,0.0012507819723294325,0.7729650515472731,0.008029407913042163,False,69,95,False,4,2026-04-06 19:05:32.531554,TPC Sawgrass - THE PLAYERS Stadium Course
2025,2025-04-13,2024-12-26,2025-04-13,11,pga,2025-03-16,4.0,28,sg_putt,sg_total,vs_expected,0.03157705204726183,0.0009971102159954824,0.7967380045645562,0.006418414609095304,False,69,95,False,4,2026-04-06 19:05:32.531554,TPC Sawgrass - THE PLAYERS Stadium Course
2025,2025-04-13,2024-12-26,2025-04-13,11,pga,2025-03-16,4.0,28,sg_arg,sg_total,vs_expected,0.007539444931691487,5.684322987800845e-05,0.9509737114823545,0.0003696310024840066,False,69,95,False,4,2026-04-06 19:05:32.531554,TPC Sawgrass - THE PLAYERS Stadium Course
2025,2025-04-13,2024-12-26,2025-04-13,11,pga,2025-03-16,4.0,28,sg_total,sg_arg,vs_expected,0.0037650544281911807,1.4175634847242019e-05,0.9755058941960632,9.222164152169573e-05,False,69,95,False,4,2026-04-06 19:05:32.531554,TPC Sawgrass - THE PLAYERS Stadium Course
2025,2025-04-13,2024-12-26,2025-04-13,11,pga,2025-03-16,4.0,28,sg_arg,sg_ott,vs_expected,0.0025980129069742494,6.74967106480479e-06,0.9830968918520407,4.391449313637975e-05,False,69,95,False,4,2026-04-06 19:05:32.531554,TPC Sawgrass - THE PLAYERS Stadium Course
2025,2025-04-13,2024-12-26,2025-04-13,11,pga,2025-03-16,4.0,28,sg_ott,sg_putt,vs_expected,-0.0038581249046382576,1.4885127779789964e-05,0.9749006036550667,-9.683660612977362e-05,False,69,95,False,4,2026-04-06 19:05:32.531554,TPC Sawgrass - THE PLAYERS Stadium Course
2025,2025-04-13,2024-12-26,2025-04-13,11,pga,2025-03-16,4.0,28,sg_app,sg_arg,vs_expected,-0.005836493788127211,3.406465973884752e-05,0.9620380247680644,-0.00022156483262623095,False,69,95,False,4,2026-04-06 19:05:32.531554,TPC Sawgrass - THE PLAYERS Stadium Course
2025,2025-04-13,2024-12-26,2025-04-13,11,pga,2025-03-16,4.0,28,sg_putt,sg_ott,vs_expected,-0.026931908730352793,0.000725327707860053,0.8261312363835787,-0.004682617672776744,False,69,95,False,4,2026-04-06 19:05:32.531554,TPC Sawgrass - THE PLAYERS Stadium Course
2025,2025-04-13,2024-12-26,2025-04-13,11,pga,2025-03-16,4.0,28,sg_app,sg_total,vs_expected,-0.03325100055727874,0.001105629038060151,0.7862121225830034,-0.0071086608311319915,False,69,95,False,4,2026-04-06 19:05:32.531554,TPC Sawgrass - THE PLAYERS Stadium Course
2025,2025-04-13,2024-12-26,2025-04-13,11,pga,2025-03-16,4.0,28,sg_total,sg_ott,vs_expected,-0.05131618195574665,0.0026333505305152984,0.6753966923973665,-0.01665740239637394,False,69,95,False,4,2026-04-06 19:05:32.531554,TPC Sawgrass - THE PLAYERS Stadium Course
2025,2025-04-13,2024-12-26,2025-04-13,11,pga,2025-03-16,4.0,28,sg_putt,sg_putt,vs_expected,-0.06807220485611756,0.004633825073973236,0.5783712512847461,-0.02870119855577328,False,69,95,False,4,2026-04-06 19:05:32.531554,TPC Sawgrass - THE PLAYERS Stadium Course
2025,2025-04-13,2024-12-26,2025-04-13,11,pga,2025-03-16,4.0,28,sg_putt,sg_arg,vs_expected,-0.07451187466433978,0.0055520194659942805,0.5428681438480134,-0.03406175157067383,False,69,95,False,4,2026-04-06 19:05:32.531554,TPC Sawgrass - THE PLAYERS Stadium Course
2025,2025-04-13,2024-12-26,2025-04-13,11,pga,2025-03-16,4.0,28,sg_app,sg_putt,vs_expected,-0.07478129951669385,0.005592242757405476,0.5414062134318587,-0.03429423930984695,False,69,95,False,4,2026-04-06 19:05:32.531554,TPC Sawgrass - THE PLAYERS Stadium Course
2025,2025-04-13,2024-12-26,2025-04-13,11,pga,2025-03-16,4.0,28,sg_arg,sg_putt,vs_expected,-0.08726565687023273,0.007615294868993197,0.47584444906853973,-0.04574077845421261,False,69,95,False,4,2026-04-06 19:05:32.531554,TPC Sawgrass - THE PLAYERS Stadium Course
2025,2025-04-13,2024-12-26,2025-04-13,11,pga,2025-03-16,4.0,28,sg_total,sg_putt,vs_expected,-0.11649584175891188,0.013571281147117437,0.3404586239461054,-0.0768338277782295,False,69,95,False,4,2026-04-06 19:05:32.531554,TPC Sawgrass - THE PLAYERS Stadium Course
2025,2025-04-13,2024-12-26,2025-04-13,11,pga,2025-03-16,4.0,28,sg_app,sg_ott,vs_expected,-0.1726733992462493,0.02981610280725461,0.15595396898282252,-0.14574429729604121,False,69,95,False,4,2026-04-06 19:05:32.531554,TPC Sawgrass - THE PLAYERS Stadium Course
2025,2025-04-13,2024-12-26,2025-04-13,940,pga,2025-03-09,5.0,35,sg_total,sg_arg,vs_expected,0.7699309564597421,0.5927936777150132,0.23006904354025792,0.5927936777150132,True,4,95,False,4,2026-04-06 19:05:32.531554,Grand Reserve Golf Club
2025,2025-04-13,2024-12-26,2025-04-13,940,pga,2025-03-09,5.0,35,sg_total,sg_app,vs_expected,0.7420822950544467,0.5506861326332748,0.25791770494555344,0.5506861326332748,True,4,95,False,4,2026-04-06 19:05:32.531554,Grand Reserve Golf Club
2025,2025-04-13,2024-12-26,2025-04-13,9,pga,2025-03-09,5.0,35,sg_ott,sg_total,vs_expected,0.3435909658633567,0.11805475182291435,0.0077137094742017985,0.3409406049747264,True,59,95,False,4,2026-04-06 19:05:32.531554,Arnold Palmer's Bay Hill Club & Lodge
2025,2025-04-13,2024-12-26,2025-04-13,9,pga,2025-03-09,5.0,35,sg_ott,sg_ott,vs_expected,0.32827176410437997,0.10776235110820169,0.011138538151157713,0.3246152965359555,True,59,95,False,4,2026-04-06 19:05:32.531554,Arnold Palmer's Bay Hill Club & Lodge
2025,2025-04-13,2024-12-26,2025-04-13,9,pga,2025-03-09,5.0,35,sg_total,sg_total,vs_expected,0.3166183227853858,0.10024716232343077,0.014558824868622583,0.31200873207375635,True,59,95,False,4,2026-04-06 19:05:32.531554,Arnold Palmer's Bay Hill Club & Lodge
2025,2025-04-13,2024-12-26,2025-04-13,940,pga,2025-03-09,5.0,35,sg_total,sg_total,vs_expected,0.5037641174866153,0.25377828606706837,0.38685691063931615,0.3088794873048018,True,5,95,False,4,2026-04-06 19:05:32.531554,Grand Reserve Golf Club
2025,2025-04-13,2024-12-26,2025-04-13,9,pga,2025-03-09,5.0,35,sg_ott,sg_arg,vs_expected,0.30270675727205043,0.09163138089816006,0.019787665714414746,0.2967168971496566,True,59,95,False,4,2026-04-06 19:05:32.531554,Arnold Palmer's Bay Hill Club & Lodge
2025,2025-04-13,2024-12-26,2025-04-13,9,pga,2025-03-09,5.0,35,sg_total,sg_arg,vs_expected,0.29083156059824133,0.08458299664000853,0.02543915587008102,0.28343305119624373,True,59,95,False,4,2026-04-06 19:05:32.531554,Arnold Palmer's Bay Hill Club & Lodge
2025,2025-04-13,2024-12-26,2025-04-13,940,pga,2025-03-09,5.0,35,sg_total,sg_ott,vs_expected,0.3538520580671136,0.12521127899833195,0.6461479419328864,0.12521127899833195,False,4,95,False,4,2026-04-06 19:05:32.531554,Grand Reserve Golf Club
2025,2025-04-13,2024-12-26,2025-04-13,9,pga,2025-03-09,5.0,35,sg_total,sg_ott,vs_expected,0.1561828458514814,0.024393081338267602,0.23749915305521552,0.11908955224000128,False,59,95,False,4,2026-04-06 19:05:32.531554,Arnold Palmer's Bay Hill Club & Lodge
2025,2025-04-13,2024-12-26,2025-04-13,9,pga,2025-03-09,5.0,35,sg_total,sg_app,vs_expected,0.1386788552347588,0.019231824889223193,0.2948723150006411,0.0977863001500467,False,59,95,False,4,2026-04-06 19:05:32.531554,Arnold Palmer's Bay Hill Club & Lodge
2025,2025-04-13,2024-12-26,2025-04-13,9,pga,2025-03-09,5.0,35,sg_putt,sg_total,vs_expected,0.13513963379514873,0.018262720622286906,0.30748747918531916,0.09358588846145129,False,59,95,False,4,2026-04-06 19:05:32.531554,Arnold Palmer's Bay Hill Club & Lodge
2025,2025-04-13,2024-12-26,2025-04-13,9,pga,2025-03-09,5.0,35,sg_putt,sg_arg,vs_expected,0.11556322762344831,0.013354859578748927,0.3834316267795581,0.07125263125989316,False,59,95,False,4,2026-04-06 19:05:32.531554,Arnold Palmer's Bay Hill Club & Lodge
2025,2025-04-13,2024-12-26,2025-04-13,9,pga,2025-03-09,5.0,35,sg_arg,sg_putt,vs_expected,0.10718619225134884,0.011488879809343116,0.4190740244335526,0.0622672433008676,False,59,95,False,4,2026-04-06 19:05:32.531554,Arnold Palmer's Bay Hill Club & Lodge
2025,2025-04-13,2024-12-26,2025-04-13,9,pga,2025-03-09,5.0,35,sg_arg,sg_app,vs_expected,0.10259149927791156,0.010525015724089728,0.43940220060835866,0.05751256873148638,False,59,95,False,4,2026-04-06 19:05:32.531554,Arnold Palmer's Bay Hill Club & Lodge
2025,2025-04-13,2024-12-26,2025-04-13,9,pga,2025-03-09,5.0,35,sg_putt,sg_ott,vs_expected,0.1015877895264044,0.01032007898086104,0.4439150702210748,0.056491438805186825,False,59,95,False,4,2026-04-06 19:05:32.531554,Arnold Palmer's Bay Hill Club & Lodge
2025,2025-04-13,2024-12-26,2025-04-13,9,pga,2025-03-09,5.0,35,sg_ott,sg_app,vs_expected,0.09860668496062851,0.00972327831892464,0.45746942910960636,0.053497141085298974,False,59,95,False,4,2026-04-06 19:05:32.531554,Arnold Palmer's Bay Hill Club & Lodge
2025,2025-04-13,2024-12-26,2025-04-13,9,pga,2025-03-09,5.0,35,sg_arg,sg_arg,vs_expected,0.07680342959037012,0.00589876679684294,0.5631486653517284,0.03355168072211775,False,59,95,False,4,2026-04-06 19:05:32.531554,Arnold Palmer's Bay Hill Club & Lodge
2025,2025-04-13,2024-12-26,2025-04-13,9,pga,2025-03-09,5.0,35,sg_total,sg_putt,vs_expected,0.06267386708508557,0.003928013615398972,0.6372330797569761,0.02273600574217712,False,59,95,False,4,2026-04-06 19:05:32.531554,Arnold Palmer's Bay Hill Club & Lodge
2025,2025-04-13,2024-12-26,2025-04-13,9,pga,2025-03-09,5.0,35,sg_app,sg_ott,vs_expected,0.05846186925934222,0.003417790157296423,0.6600655680610595,0.019873202316763105,False,59,95,False,4,2026-04-06 19:05:32.531554,Arnold Palmer's Bay Hill Club & Lodge
2025,2025-04-13,2024-12-26,2025-04-13,9,pga,2025-03-09,5.0,35,sg_app,sg_total,vs_expected,0.055926811848438014,0.0031278082835305867,0.6739594329416959,0.01823440944882781,False,59,95,False,4,2026-04-06 19:05:32.531554,Arnold Palmer's Bay Hill Club & Lodge
2025,2025-04-13,2024-12-26,2025-04-13,9,pga,2025-03-09,5.0,35,sg_arg,sg_total,vs_expected,0.054154286102855574,0.0029326867033099362,0.6837391576272669,0.017126880140983097,False,59,95,False,4,2026-04-06 19:05:32.531554,Arnold Palmer's Bay Hill Club & Lodge
2025,2025-04-13,2024-12-26,2025-04-13,9,pga,2025-03-09,5.0,35,sg_putt,sg_app,vs_expected,0.05200176464245739,0.002704183525929532,0.6956851393423652,0.01582490976112054,False,59,95,False,4,2026-04-06 19:05:32.531554,Arnold Palmer's Bay Hill Club & Lodge
2025,2025-04-13,2024-12-26,2025-04-13,9,pga,2025-03-09,5.0,35,sg_app,sg_putt,vs_expected,0.04104238899860067,0.0016844776947124577,0.7575973169860641,0.009948785210562448,False,59,95,False,4,2026-04-06 19:05:32.531554,Arnold Palmer's Bay Hill Club & Lodge
2025,2025-04-13,2024-12-26,2025-04-13,9,pga,2025-03-09,5.0,35,sg_putt,sg_putt,vs_expected,0.027355741074485407,0.000748336569734288,0.8370517807792617,0.004457569293551004,False,59,95,False,4,2026-04-06 19:05:32.531554,Arnold Palmer's Bay Hill Club & Lodge
2025,2025-04-13,2024-12-26,2025-04-13,9,pga,2025-03-09,5.0,35,sg_app,sg_arg,vs_expected,0.021230424265402628,0.0004507309144889967,0.8731939989469569,0.0026921452017551967,False,59,95,False,4,2026-04-06 19:05:32.531554,Arnold Palmer's Bay Hill Club & Lodge
2025,2025-04-13,2024-12-26,2025-04-13,9,pga,2025-03-09,5.0,35,sg_app,sg_app,vs_expected,0.012850805341322984,0.00016514319792057533,0.9230433672627482,0.0009889547070301072,False,59,95,False,4,2026-04-06 19:05:32.531554,Arnold Palmer's Bay Hill Club & Lodge
2025,2025-04-13,2024-12-26,2025-04-13,9,pga,2025-03-09,5.0,35,sg_ott,sg_putt,vs_expected,0.0007712470376452299,5.948219930765426e-07,0.995374444166337,3.5674462341751814e-06,False,59,95,False,4,2026-04-06 19:05:32.531554,Arnold Palmer's Bay Hill Club & Lodge
2025,2025-04-13,2024-12-26,2025-04-13,940,pga,2025-03-09,5.0,35,sg_total,sg_putt,vs_expected,-0.0018655083695507946,3.480121476864064e-06,0.9981344916304491,-3.4801214768642713e-06,False,4,95,False,4,2026-04-06 19:05:32.531554,Grand Reserve Golf Club
2025,2025-04-13,2024-12-26,2025-04-13,9,pga,2025-03-09,5.0,35,sg_arg,sg_ott,vs_expected,-0.21848915052271578,0.04773750889613795,0.0964141269565685,-0.19742370982558585,False,59,95,False,4,2026-04-06 19:05:32.531554,Arnold Palmer's Bay Hill Club & Lodge
2025,2025-04-13,2024-12-26,2025-04-13,928,pga,2025-03-02,6.0,42,sg_putt,sg_ott,vs_expected,0.45557220671720816,0.20754603553318665,0.005236438797047436,0.4531866307390977,True,36,95,False,4,2026-04-06 19:05:32.531554,PGA National  - Champion Course
2025,2025-04-13,2024-12-26,2025-04-13,928,pga,2025-03-02,6.0,42,sg_total,sg_ott,vs_expected,0.24064561315902064,0.057910311132681004,0.15742312956556961,0.2027624276193022,True,36,95,False,4,2026-04-06 19:05:32.531554,PGA National  - Champion Course
2025,2025-04-13,2024-12-26,2025-04-13,928,pga,2025-03-02,6.0,42,sg_putt,sg_total,vs_expected,0.2209725279711546,0.048828858117962705,0.1952777853978585,0.1778215020751812,True,36,95,False,4,2026-04-06 19:05:32.531554,PGA National  - Champion Course
2025,2025-04-13,2024-12-26,2025-04-13,928,pga,2025-03-02,6.0,42,sg_arg,sg_putt,vs_expected,0.19233377081182054,0.03699227939469391,0.26109461810586937,0.14211645837284648,False,36,95,False,4,2026-04-06 19:05:32.531554,PGA National  - Champion Course
2025,2025-04-13,2024-12-26,2025-04-13,928,pga,2025-03-02,6.0,42,sg_total,sg_putt,vs_expected,0.1914053327028759,0.03663600138709862,0.26344751446385256,0.14098007354717648,False,36,95,False,4,2026-04-06 19:05:32.531554,PGA National  - Champion Course
2025,2025-04-13,2024-12-26,2025-04-13,928,pga,2025-03-02,6.0,42,sg_putt,sg_putt,vs_expected,0.17291543436032625,0.029899747440020295,0.3132143359206085,0.11875584141673308,False,36,95,False,4,2026-04-06 19:05:32.531554,PGA National  - Champion Course
2025,2025-04-13,2024-12-26,2025-04-13,928,pga,2025-03-02,6.0,42,sg_putt,sg_arg,vs_expected,0.15797836525142162,0.024957163887511576,0.35746041419014885,0.10150735337556582,False,36,95,False,4,2026-04-06 19:05:32.531554,PGA National  - Champion Course
2025,2025-04-13,2024-12-26,2025-04-13,928,pga,2025-03-02,6.0,42,sg_arg,sg_total,vs_expected,0.08973117873603716,0.008051684437358647,0.602758096496478,0.03564498424471815,False,36,95,False,4,2026-04-06 19:05:32.531554,PGA National  - Champion Course
2025,2025-04-13,2024-12-26,2025-04-13,928,pga,2025-03-02,6.0,42,sg_arg,sg_arg,vs_expected,0.08314482353606198,0.006913061680842886,0.6297354769198332,0.030785578433164613,False,36,95,False,4,2026-04-06 19:05:32.531554,PGA National  - Champion Course
2025,2025-04-13,2024-12-26,2025-04-13,928,pga,2025-03-02,6.0,42,sg_arg,sg_ott,vs_expected,0.05887158871243557,0.003465863957526171,0.7330588104106439,0.01571525192391286,False,36,95,False,4,2026-04-06 19:05:32.531554,PGA National  - Champion Course
2025,2025-04-13,2024-12-26,2025-04-13,928,pga,2025-03-02,6.0,42,sg_total,sg_total,vs_expected,0.056242183359252365,0.0031631831890157635,0.7445743075621628,0.01436569862875284,False,36,95,False,4,2026-04-06 19:05:32.531554,PGA National  - Champion Course
2025,2025-04-13,2024-12-26,2025-04-13,928,pga,2025-03-02,6.0,42,sg_app,sg_putt,vs_expected,0.04035260888498468,0.0016283330438245445,0.8152442748896923,0.0074553755146379895,False,36,95,False,4,2026-04-06 19:05:32.531554,PGA National  - Champion Course
2025,2025-04-13,2024-12-26,2025-04-13,928,pga,2025-03-02,6.0,42,sg_app,sg_app,vs_expected,0.03357351747736315,0.001127181075802809,0.8458732369853075,0.005174577571803189,False,36,95,False,4,2026-04-06 19:05:32.531554,PGA National  - Champion Course
2025,2025-04-13,2024-12-26,2025-04-13,928,pga,2025-03-02,6.0,42,sg_total,sg_arg,vs_expected,-0.014112996107428152,0.0001991766591282822,0.934890450870068,-0.0009188908134271332,False,36,95,False,4,2026-04-06 19:05:32.531554,PGA National  - Champion Course
2025,2025-04-13,2024-12-26,2025-04-13,928,pga,2025-03-02,6.0,42,sg_app,sg_total,vs_expected,-0.04160743141678869,0.0017311783491027743,0.8096028492636068,-0.007921936391216458,False,36,95,False,4,2026-04-06 19:05:32.531554,PGA National  - Champion Course
2025,2025-04-13,2024-12-26,2025-04-13,928,pga,2025-03-02,6.0,42,sg_app,sg_ott,vs_expected,-0.04873375093479996,0.002374978480175116,0.7777512123039485,-0.010831017065140607,False,36,95,False,4,2026-04-06 19:05:32.531554,PGA National  - Champion Course
2025,2025-04-13,2024-12-26,2025-04-13,928,pga,2025-03-02,6.0,42,sg_ott,sg_app,vs_expected,-0.05132130722808235,0.0026338765755992174,0.7662707298788947,-0.011995291680080695,False,36,95,False,4,2026-04-06 19:05:32.531554,PGA National  - Champion Course
2025,2025-04-13,2024-12-26,2025-04-13,928,pga,2025-03-02,6.0,42,sg_app,sg_arg,vs_expected,-0.11512009494709796,0.01325263626062885,0.5037685105067712,-0.05712621618620035,False,36,95,False,4,2026-04-06 19:05:32.531554,PGA National  - Champion Course
2025,2025-04-13,2024-12-26,2025-04-13,928,pga,2025-03-02,6.0,42,sg_ott,sg_ott,vs_expected,-0.1298146677103288,0.016851847952743082,0.45048821620918233,-0.07133468961571503,False,36,95,False,4,2026-04-06 19:05:32.531554,PGA National  - Champion Course
2025,2025-04-13,2024-12-26,2025-04-13,928,pga,2025-03-02,6.0,42,sg_arg,sg_app,vs_expected,-0.153022633123064,0.02341592624791584,0.37293087591884966,-0.09595576851707097,False,36,95,False,4,2026-04-06 19:05:32.531554,PGA National  - Champion Course
2025,2025-04-13,2024-12-26,2025-04-13,928,pga,2025-03-02,6.0,42,sg_putt,sg_app,vs_expected,-0.1728579391517857,0.02987986712780245,0.3133777371725495,-0.11868810932808886,False,36,95,False,4,2026-04-06 19:05:32.531554,PGA National  - Champion Course
2025,2025-04-13,2024-12-26,2025-04-13,928,pga,2025-03-02,6.0,42,sg_ott,sg_putt,vs_expected,-0.19649569192571117,0.03861055694536399,0.25071816292189847,-0.14723065302402957,False,36,95,False,4,2026-04-06 19:05:32.531554,PGA National  - Champion Course
2025,2025-04-13,2024-12-26,2025-04-13,928,pga,2025-03-02,6.0,42,sg_ott,sg_arg,vs_expected,-0.20396734426853264,0.04160267752795811,0.2327881415424501,-0.1564861652609118,False,36,95,False,4,2026-04-06 19:05:32.531554,PGA National  - Champion Course
2025,2025-04-13,2024-12-26,2025-04-13,928,pga,2025-03-02,6.0,42,sg_total,sg_app,vs_expected,-0.2193509871330449,0.04811485555624123,0.19865972914996932,-0.1757747794404158,False,36,95,False,4,2026-04-06 19:05:32.531554,PGA National  - Champion Course
2025,2025-04-13,2024-12-26,2025-04-13,928,pga,2025-03-02,6.0,42,sg_ott,sg_total,vs_expected,-0.3002847611397504,0.09017093777275695,0.07516679350762526,-0.2777133185056722,False,36,95,False,4,2026-04-06 19:05:32.531554,PGA National  - Champion Course
2025,2025-04-13,2024-12-26,2025-04-13,978,pga,2025-02-23,7.0,49,sg_putt,sg_total,vs_expected,0.5886583968076541,0.3465187081321575,0.026784154186410288,0.5728916795444328,True,14,95,False,4,2026-04-06 19:05:32.531554,Vidanta Vallarta
2025,2025-04-13,2024-12-26,2025-04-13,978,pga,2025-02-23,7.0,49,sg_putt,sg_putt,vs_expected,0.4213990635890003,0.17757717079368632,0.13344540632282056,0.36516529432431005,True,14,95,False,4,2026-04-06 19:05:32.531554,Vidanta Vallarta
2025,2025-04-13,2024-12-26,2025-04-13,978,pga,2025-02-23,7.0,49,sg_putt,sg_app,vs_expected,0.3635621975598408,0.13217747149454073,0.20132986851417364,0.29036626812839406,True,14,95,False,4,2026-04-06 19:05:32.531554,Vidanta Vallarta
2025,2025-04-13,2024-12-26,2025-04-13,978,pga,2025-02-23,7.0,49,sg_putt,sg_arg,vs_expected,0.30002605667526044,0.09001563468410659,0.297323432855252,0.21082127955854763,True,14,95,False,4,2026-04-06 19:05:32.531554,Vidanta Vallarta
2025,2025-04-13,2024-12-26,2025-04-13,978,pga,2025-02-23,7.0,49,sg_ott,sg_ott,vs_expected,0.2816358496763284,0.07931875182290743,0.3293240358929487,0.1888863950087801,True,14,95,False,4,2026-04-06 19:05:32.531554,Vidanta Vallarta
2025,2025-04-13,2024-12-26,2025-04-13,978,pga,2025-02-23,7.0,49,sg_putt,sg_ott,vs_expected,0.09101053096961687,0.008282916747371591,0.7569991238084881,0.022115638768271627,False,14,95,False,4,2026-04-06 19:05:32.531554,Vidanta Vallarta
2025,2025-04-13,2024-12-26,2025-04-13,978,pga,2025-02-23,7.0,49,sg_total,sg_ott,vs_expected,0.0865676308729684,0.007493954714958511,0.7590225808518244,0.020860844269539852,False,15,95,False,4,2026-04-06 19:05:32.531554,Vidanta Vallarta
2025,2025-04-13,2024-12-26,2025-04-13,978,pga,2025-02-23,7.0,49,sg_total,sg_app,vs_expected,0.07980957908122316,0.006369568913122013,0.7773792340686014,0.017767269623724425,False,15,95,False,4,2026-04-06 19:05:32.531554,Vidanta Vallarta
2025,2025-04-13,2024-12-26,2025-04-13,978,pga,2025-02-23,7.0,49,sg_arg,sg_ott,vs_expected,0.002906589740855132,8.448263921644302e-06,0.9921318815275817,2.28693924317638e-05,False,14,95,False,4,2026-04-06 19:05:32.531554,Vidanta Vallarta
2025,2025-04-13,2024-12-26,2025-04-13,978,pga,2025-02-23,7.0,49,sg_app,sg_ott,vs_expected,-4.2293145783717234e-05,1.7887101802827588e-09,0.999885511133044,-4.842094340781664e-09,False,14,95,False,4,2026-04-06 19:05:32.531554,Vidanta Vallarta
2025,2025-04-13,2024-12-26,2025-04-13,978,pga,2025-02-23,7.0,49,sg_app,sg_arg,vs_expected,-0.00819725709855254,6.719502393977002e-05,0.9778122537914118,-0.00018187866010923193,False,14,95,False,4,2026-04-06 19:05:32.531554,Vidanta Vallarta
2025,2025-04-13,2024-12-26,2025-04-13,978,pga,2025-02-23,7.0,49,sg_arg,sg_putt,vs_expected,-0.04527076057214659,0.002049441762780622,0.8778682047654566,-0.005528999260309449,False,14,95,False,4,2026-04-06 19:05:32.531554,Vidanta Vallarta
2025,2025-04-13,2024-12-26,2025-04-13,978,pga,2025-02-23,7.0,49,sg_app,sg_app,vs_expected,-0.09126709623962677,0.008329682856013295,0.7563329632226156,-0.02223878289598622,False,14,95,False,4,2026-04-06 19:05:32.531554,Vidanta Vallarta
2025,2025-04-13,2024-12-26,2025-04-13,978,pga,2025-02-23,7.0,49,sg_total,sg_total,vs_expected,-0.11175877198007325,0.012490023114494006,0.6802898327352667,-0.03573041568305041,False,16,95,False,4,2026-04-06 19:05:32.531554,Vidanta Vallarta
2025,2025-04-13,2024-12-26,2025-04-13,978,pga,2025-02-23,7.0,49,sg_app,sg_total,vs_expected,-0.1317565939624036,0.01735980005257369,0.6534379673743831,-0.04566183301543868,False,14,95,False,4,2026-04-06 19:05:32.531554,Vidanta Vallarta
2025,2025-04-13,2024-12-26,2025-04-13,978,pga,2025-02-23,7.0,49,sg_ott,sg_app,vs_expected,-0.1498929111045123,0.02246788479938523,0.6090265189715454,-0.058604153236019876,False,14,95,False,4,2026-04-06 19:05:32.531554,Vidanta Vallarta
2025,2025-04-13,2024-12-26,2025-04-13,978,pga,2025-02-23,7.0,49,sg_arg,sg_app,vs_expected,-0.15672993299230742,0.024564271895773173,0.5925939782787546,-0.06385271848503334,False,14,95,False,4,2026-04-06 19:05:32.531554,Vidanta Vallarta
2025,2025-04-13,2024-12-26,2025-04-13,978,pga,2025-02-23,7.0,49,sg_total,sg_putt,vs_expected,-0.17589252161471708,0.030938179159983713,0.5306273158879791,-0.08255914498553141,False,15,95,False,4,2026-04-06 19:05:32.531554,Vidanta Vallarta
2025,2025-04-13,2024-12-26,2025-04-13,978,pga,2025-02-23,7.0,49,sg_total,sg_arg,vs_expected,-0.20623338443079353,0.04253220885377947,0.4608615066308056,-0.1111883561644479,False,15,95,False,4,2026-04-06 19:05:32.531554,Vidanta Vallarta
2025,2025-04-13,2024-12-26,2025-04-13,978,pga,2025-02-23,7.0,49,sg_app,sg_putt,vs_expected,-0.22352653891883786,0.04996411360103474,0.44237954350696695,-0.12464297067023009,False,14,95,False,4,2026-04-06 19:05:32.531554,Vidanta Vallarta
2025,2025-04-13,2024-12-26,2025-04-13,978,pga,2025-02-23,7.0,49,sg_ott,sg_putt,vs_expected,-0.23003153510315835,0.052914507141915576,0.4288561534553219,-0.131381095785395,False,14,95,False,4,2026-04-06 19:05:32.531554,Vidanta Vallarta
2025,2025-04-13,2024-12-26,2025-04-13,978,pga,2025-02-23,7.0,49,sg_ott,sg_total,vs_expected,-0.31551716613601033,0.09955108212649874,0.2718272870563392,-0.2297509908455544,False,14,95,False,4,2026-04-06 19:05:32.531554,Vidanta Vallarta
2025,2025-04-13,2024-12-26,2025-04-13,978,pga,2025-02-23,7.0,49,sg_arg,sg_total,vs_expected,-0.38901454950944603,0.15133231973003725,0.16921314657395553,-0.3231881735239029,False,14,95,False,4,2026-04-06 19:05:32.531554,Vidanta Vallarta
2025,2025-04-13,2024-12-26,2025-04-13,978,pga,2025-02-23,7.0,49,sg_arg,sg_arg,vs_expected,-0.41262965477099806,0.17026323199643303,0.14257887312849668,-0.35379738357434853,False,14,95,False,4,2026-04-06 19:05:32.531554,Vidanta Vallarta
2025,2025-04-13,2024-12-26,2025-04-13,978,pga,2025-02-23,7.0,49,sg_ott,sg_arg,vs_expected,-0.41283071471681665,0.17042919901359765,0.14236492753033142,-0.35405809993386217,False,14,95,False,4,2026-04-06 19:05:32.531554,Vidanta Vallarta
2025,2025-04-13,2024-12-26,2025-04-13,939,pga,2025-02-16,8.0,56,sg_ott,sg_arg,vs_expected,0.21726863500017524,0.04720565975483937,0.10136240041893121,0.19524576462081286,True,58,95,False,4,2026-04-06 19:05:32.531554,Torrey Pines Golf Course (South Course)
2025,2025-04-13,2024-12-26,2025-04-13,939,pga,2025-02-16,8.0,56,sg_putt,sg_total,vs_expected,0.15010535030530361,0.022531616190277912,0.26072922909706947,0.11096849803685624,False,58,95,False,4,2026-04-06 19:05:32.531554,Torrey Pines Golf Course (South Course)
2025,2025-04-13,2024-12-26,2025-04-13,939,pga,2025-02-16,8.0,56,sg_total,sg_arg,vs_expected,0.1386594546007513,0.01922644435017781,0.29925336055558477,0.09716514683867195,False,58,95,False,4,2026-04-06 19:05:32.531554,Torrey Pines Golf Course (South Course)
2025,2025-04-13,2024-12-26,2025-04-13,939,pga,2025-02-16,8.0,56,sg_putt,sg_app,vs_expected,0.10820086613095094,0.011707427431487966,0.41881855699449083,0.06288433551243199,False,58,95,False,4,2026-04-06 19:05:32.531554,Torrey Pines Golf Course (South Course)
2025,2025-04-13,2024-12-26,2025-04-13,939,pga,2025-02-16,8.0,56,sg_app,sg_arg,vs_expected,0.10602774056077825,0.011241881768423702,0.4282779480616764,0.06061839739579236,False,58,95,False,4,2026-04-06 19:05:32.531554,Torrey Pines Golf Course (South Course)
2025,2025-04-13,2024-12-26,2025-04-13,939,pga,2025-02-16,8.0,56,sg_putt,sg_arg,vs_expected,0.10136422537340965,0.010274706185551385,0.4489807508985235,0.05585363935100902,False,58,95,False,4,2026-04-06 19:05:32.531554,Torrey Pines Golf Course (South Course)
2025,2025-04-13,2024-12-26,2025-04-13,939,pga,2025-02-16,8.0,56,sg_ott,sg_ott,vs_expected,0.09562488932082855,0.00914411945762071,0.4752005983014609,0.050183884703059845,False,58,95,False,4,2026-04-06 19:05:32.531554,Torrey Pines Golf Course (South Course)
2025,2025-04-13,2024-12-26,2025-04-13,939,pga,2025-02-16,8.0,56,sg_putt,sg_putt,vs_expected,0.0928967107536351,0.008629798868844544,0.4879447929888257,0.04756824445560981,False,58,95,False,4,2026-04-06 19:05:32.531554,Torrey Pines Golf Course (South Course)
2025,2025-04-13,2024-12-26,2025-04-13,939,pga,2025-02-16,8.0,56,sg_arg,sg_putt,vs_expected,0.006732952467176995,4.5332648925264787e-05,0.9599941272843511,0.0002693576394023973,False,58,95,False,4,2026-04-06 19:05:32.531554,Torrey Pines Golf Course (South Course)
2025,2025-04-13,2024-12-26,2025-04-13,939,pga,2025-02-16,8.0,56,sg_arg,sg_app,vs_expected,-0.0315097507091415,0.0009928643897522433,0.8143596948916914,-0.005849479735531772,False,58,95,False,4,2026-04-06 19:05:32.531554,Torrey Pines Golf Course (South Course)
2025,2025-04-13,2024-12-26,2025-04-13,939,pga,2025-02-16,8.0,56,sg_total,sg_total,vs_expected,-0.032102564736732814,0.0010305746626761213,0.8109308711426024,-0.006069603948862284,False,58,95,False,4,2026-04-06 19:05:32.531554,Torrey Pines Golf Course (South Course)
2025,2025-04-13,2024-12-26,2025-04-13,939,pga,2025-02-16,8.0,56,sg_app,sg_ott,vs_expected,-0.05303989354983813,0.0028132303077781605,0.6925292063248224,-0.016308218166215662,False,58,95,False,4,2026-04-06 19:05:32.531554,Torrey Pines Golf Course (South Course)
2025,2025-04-13,2024-12-26,2025-04-13,939,pga,2025-02-16,8.0,56,sg_putt,sg_ott,vs_expected,-0.06179095549838834,0.003818122181403808,0.644954606593275,-0.021938594103902725,False,58,95,False,4,2026-04-06 19:05:32.531554,Torrey Pines Golf Course (South Course)
2025,2025-04-13,2024-12-26,2025-04-13,939,pga,2025-02-16,8.0,56,sg_total,sg_app,vs_expected,-0.06780691584725737,0.004597777836717043,0.613036815877716,-0.026238780061766474,False,58,95,False,4,2026-04-06 19:05:32.531554,Torrey Pines Golf Course (South Course)
2025,2025-04-13,2024-12-26,2025-04-13,939,pga,2025-02-16,8.0,56,sg_app,sg_total,vs_expected,-0.07194174635079473,0.005175614868002086,0.5915015960923211,-0.029388088558630728,False,58,95,False,4,2026-04-06 19:05:32.531554,Torrey Pines Golf Course (South Course)
2025,2025-04-13,2024-12-26,2025-04-13,939,pga,2025-02-16,8.0,56,sg_total,sg_putt,vs_expected,-0.07281919302178105,0.005302634872343406,0.5869755122121691,-0.030076109898944305,False,58,95,False,4,2026-04-06 19:05:32.531554,Torrey Pines Golf Course (South Course)
2025,2025-04-13,2024-12-26,2025-04-13,939,pga,2025-02-16,8.0,56,sg_app,sg_putt,vs_expected,-0.07313406561564045,0.005348591553472803,0.5853551366376069,-0.030324664644333532,False,58,95,False,4,2026-04-06 19:05:32.531554,Torrey Pines Golf Course (South Course)
2025,2025-04-13,2024-12-26,2025-04-13,939,pga,2025-02-16,8.0,56,sg_total,sg_ott,vs_expected,-0.07332861409215652,0.005377085644676416,0.5843549761921178,-0.0304786735501334,False,58,95,False,4,2026-04-06 19:05:32.531554,Torrey Pines Golf Course (South Course)
2025,2025-04-13,2024-12-26,2025-04-13,939,pga,2025-02-16,8.0,56,sg_arg,sg_ott,vs_expected,-0.08539984251810262,0.007293133102116728,0.5238683766298016,-0.0406615656537035,False,58,95,False,4,2026-04-06 19:05:32.531554,Torrey Pines Golf Course (South Course)
2025,2025-04-13,2024-12-26,2025-04-13,939,pga,2025-02-16,8.0,56,sg_app,sg_app,vs_expected,-0.09705008219582653,0.009418718454216686,0.46861443775566625,-0.05157101249348808,False,58,95,False,4,2026-04-06 19:05:32.531554,Torrey Pines Golf Course (South Course)
2025,2025-04-13,2024-12-26,2025-04-13,939,pga,2025-02-16,8.0,56,sg_arg,sg_total,vs_expected,-0.11251941908181025,0.012660619670508045,0.40037963282244643,-0.06746893538444008,False,58,95,False,4,2026-04-06 19:05:32.531554,Torrey Pines Golf Course (South Course)
2025,2025-04-13,2024-12-26,2025-04-13,939,pga,2025-02-16,8.0,56,sg_ott,sg_total,vs_expected,-0.11818888416580187,0.013968612340357331,0.3769077353451614,-0.07364257949189788,False,58,95,False,4,2026-04-06 19:05:32.531554,Torrey Pines Golf Course (South Course)
2025,2025-04-13,2024-12-26,2025-04-13,939,pga,2025-02-16,8.0,56,sg_arg,sg_arg,vs_expected,-0.1259992457462206,0.01587580992861649,0.3459592524454036,-0.08240864087917342,False,58,95,False,4,2026-04-06 19:05:32.531554,Torrey Pines Golf Course (South Course)
2025,2025-04-13,2024-12-26,2025-04-13,939,pga,2025-02-16,8.0,56,sg_ott,sg_app,vs_expected,-0.21562157490479517,0.04649266356442419,0.10404268928475441,-0.19318772638388618,False,58,95,False,4,2026-04-06 19:05:32.531554,Torrey Pines Golf Course (South Course)
2025,2025-04-13,2024-12-26,2025-04-13,939,pga,2025-02-16,8.0,56,sg_ott,sg_putt,vs_expected,-0.2319619136859955,0.05380632940086923,0.07975701433220125,-0.21346132401161672,False,58,95,False,4,2026-04-06 19:05:32.531554,Torrey Pines Golf Course (South Course)
2025,2025-04-13,2024-12-26,2025-04-13,510,pga,2025-02-09,9.0,63,sg_ott,sg_arg,vs_expected,0.2962672208537203,0.08777426615238709,0.040889489601356264,0.2841530054073994,True,48,95,False,4,2026-04-06 19:05:32.531554,TPC Scottsdale (Stadium Course)
2025,2025-04-13,2024-12-26,2025-04-13,510,pga,2025-02-09,9.0,63,sg_total,sg_arg,vs_expected,0.2590229218341038,0.06709287403547624,0.07230973189590964,0.2402930438013846,True,49,95,False,4,2026-04-06 19:05:32.531554,TPC Scottsdale (Stadium Course)
2025,2025-04-13,2024-12-26,2025-04-13,510,pga,2025-02-09,9.0,63,sg_app,sg_ott,vs_expected,0.2316335228145782,0.053654088891491716,0.11316383332989075,0.20542098544517381,True,48,95,False,4,2026-04-06 19:05:32.531554,TPC Scottsdale (Stadium Course)
2025,2025-04-13,2024-12-26,2025-04-13,510,pga,2025-02-09,9.0,63,sg_putt,sg_arg,vs_expected,0.22859531894284044,0.052255819842578946,0.11810424941284664,0.201597240379806,True,48,95,False,4,2026-04-06 19:05:32.531554,TPC Scottsdale (Stadium Course)
2025,2025-04-13,2024-12-26,2025-04-13,510,pga,2025-02-09,9.0,63,sg_putt,sg_ott,vs_expected,0.22066608488683095,0.048693521019282086,0.13176760574740315,0.19158944321164004,True,48,95,False,4,2026-04-06 19:05:32.531554,TPC Scottsdale (Stadium Course)
2025,2025-04-13,2024-12-26,2025-04-13,510,pga,2025-02-09,9.0,63,sg_total,sg_ott,vs_expected,0.09681507310985478,0.009373158381266527,0.5081201636913131,0.047621382313488926,False,49,95,False,4,2026-04-06 19:05:32.531554,TPC Scottsdale (Stadium Course)
2025,2025-04-13,2024-12-26,2025-04-13,510,pga,2025-02-09,9.0,63,sg_ott,sg_total,vs_expected,0.07662283051987975,0.005871058156878216,0.6047183296902154,0.030287600431761607,False,48,95,False,4,2026-04-06 19:05:32.531554,TPC Scottsdale (Stadium Course)
2025,2025-04-13,2024-12-26,2025-04-13,510,pga,2025-02-09,9.0,63,sg_app,sg_arg,vs_expected,0.035537188926826405,0.0012628917968209533,0.810489528548482,0.006734669427584537,False,48,95,False,4,2026-04-06 19:05:32.531554,TPC Scottsdale (Stadium Course)
2025,2025-04-13,2024-12-26,2025-04-13,510,pga,2025-02-09,9.0,63,sg_ott,sg_ott,vs_expected,-0.018349949695606604,0.0003367206538312929,0.9014804773371412,-0.0018078282848986336,False,48,95,False,4,2026-04-06 19:05:32.531554,TPC Scottsdale (Stadium Course)
2025,2025-04-13,2024-12-26,2025-04-13,510,pga,2025-02-09,9.0,63,sg_ott,sg_app,vs_expected,-0.026769064143482246,0.0007165827951178668,0.8566775682620387,-0.0038366073683933424,False,48,95,False,4,2026-04-06 19:05:32.531554,TPC Scottsdale (Stadium Course)
2025,2025-04-13,2024-12-26,2025-04-13,510,pga,2025-02-09,9.0,63,sg_arg,sg_app,vs_expected,-0.047737328933467424,0.002278852573702066,0.7473014673809009,-0.012063152972642483,False,48,95,False,4,2026-04-06 19:05:32.531554,TPC Scottsdale (Stadium Course)
2025,2025-04-13,2024-12-26,2025-04-13,510,pga,2025-02-09,9.0,63,sg_ott,sg_putt,vs_expected,-0.07083212923161783,0.005017190531484609,0.6323617645468622,-0.0260405990041006,False,48,95,False,4,2026-04-06 19:05:32.531554,TPC Scottsdale (Stadium Course)
2025,2025-04-13,2024-12-26,2025-04-13,510,pga,2025-02-09,9.0,63,sg_arg,sg_arg,vs_expected,-0.09740968173628586,0.009488646095964504,0.510118168487478,-0.04771923329602358,False,48,95,False,4,2026-04-06 19:05:32.531554,TPC Scottsdale (Stadium Course)
2025,2025-04-13,2024-12-26,2025-04-13,510,pga,2025-02-09,9.0,63,sg_putt,sg_total,vs_expected,-0.10802530051365489,0.011669465551065447,0.46487944431791284,-0.05780655883859146,False,48,95,False,4,2026-04-06 19:05:32.531554,TPC Scottsdale (Stadium Course)
2025,2025-04-13,2024-12-26,2025-04-13,510,pga,2025-02-09,9.0,63,sg_total,sg_total,vs_expected,-0.13965879472826992,0.019504578944953034,0.33852909801391323,-0.09238022891919843,False,49,95,False,4,2026-04-06 19:05:32.531554,TPC Scottsdale (Stadium Course)
2025,2025-04-13,2024-12-26,2025-04-13,510,pga,2025-02-09,9.0,63,sg_arg,sg_putt,vs_expected,-0.14224438471786838,0.020233464983764948,0.33482720698137736,-0.094617094674,False,48,95,False,4,2026-04-06 19:05:32.531554,TPC Scottsdale (Stadium Course)
2025,2025-04-13,2024-12-26,2025-04-13,510,pga,2025-02-09,9.0,63,sg_app,sg_putt,vs_expected,-0.16040163667660776,0.02572868504853448,0.2761220656926324,-0.1161112054169837,False,48,95,False,4,2026-04-06 19:05:32.531554,TPC Scottsdale (Stadium Course)
2025,2025-04-13,2024-12-26,2025-04-13,510,pga,2025-02-09,9.0,63,sg_total,sg_putt,vs_expected,-0.16812188494890168,0.028264968198771733,0.24820754319132168,-0.12639276492904075,False,49,95,False,4,2026-04-06 19:05:32.531554,TPC Scottsdale (Stadium Course)
2025,2025-04-13,2024-12-26,2025-04-13,510,pga,2025-02-09,9.0,63,sg_app,sg_total,vs_expected,-0.1787576440219748,0.031954295296287065,0.22412060312489407,-0.13869437303058468,False,48,95,False,4,2026-04-06 19:05:32.531554,TPC Scottsdale (Stadium Course)
2025,2025-04-13,2024-12-26,2025-04-13,510,pga,2025-02-09,9.0,63,sg_putt,sg_putt,vs_expected,-0.2091201742142611,0.04373124726340291,0.1537347088704095,-0.17697114511250234,False,48,95,False,4,2026-04-06 19:05:32.531554,TPC Scottsdale (Stadium Course)
2025,2025-04-13,2024-12-26,2025-04-13,510,pga,2025-02-09,9.0,63,sg_arg,sg_ott,vs_expected,-0.21809740537300681,0.047566478230437664,0.136438495517759,-0.18834052350758695,False,48,95,False,4,2026-04-06 19:05:32.531554,TPC Scottsdale (Stadium Course)
2025,2025-04-13,2024-12-26,2025-04-13,510,pga,2025-02-09,9.0,63,sg_arg,sg_total,vs_expected,-0.22699573245458052,0.0515270625525915,0.12077020743247288,-0.19958141075975472,False,48,95,False,4,2026-04-06 19:05:32.531554,TPC Scottsdale (Stadium Course)
2025,2025-04-13,2024-12-26,2025-04-13,510,pga,2025-02-09,9.0,63,sg_app,sg_app,vs_expected,-0.31914693466478994,0.1018547659059317,0.027035467661227205,-0.3105186480334802,False,48,95,False,4,2026-04-06 19:05:32.531554,TPC Scottsdale (Stadium Course)
2025,2025-04-13,2024-12-26,2025-04-13,510,pga,2025-02-09,9.0,63,sg_putt,sg_app,vs_expected,-0.3425835103705224,0.11736346157778985,0.017146725684148607,-0.3367093248942864,False,48,95,False,4,2026-04-06 19:05:32.531554,TPC Scottsdale (Stadium Course)
2025,2025-04-13,2024-12-26,2025-04-13,510,pga,2025-02-09,9.0,63,sg_total,sg_app,vs_expected,-0.35092670162256095,0.12314954991168993,0.013426347685357299,-0.3462150377145008,False,49,95,False,4,2026-04-06 19:05:32.531554,TPC Scottsdale (Stadium Course)
2025,2025-04-13,2024-12-26,2025-04-13,5,pga,2025-02-02,10.0,70,sg_ott,sg_ott,vs_expected,0.2798989002130853,0.07834339434049467,0.03496846378262355,0.2701112656581878,True,57,95,False,4,2026-04-06 19:05:32.531554,Pebble Beach Golf Links
2025,2025-04-13,2024-12-26,2025-04-13,5,pga,2025-02-02,10.0,70,sg_putt,sg_app,vs_expected,0.193144019599704,0.03730461230713085,0.15001079279198337,0.16417033209652204,True,57,95,False,4,2026-04-06 19:05:32.531554,Pebble Beach Golf Links
2025,2025-04-13,2024-12-26,2025-04-13,5,pga,2025-02-02,10.0,70,sg_arg,sg_putt,vs_expected,0.14662230133520937,0.02149809924883294,0.2764431099457241,0.106089576366705,False,57,95,False,4,2026-04-06 19:05:32.531554,Pebble Beach Golf Links
2025,2025-04-13,2024-12-26,2025-04-13,5,pga,2025-02-02,10.0,70,sg_total,sg_app,vs_expected,0.12888857334063925,0.016612264337785343,0.33931360962922563,0.08515492628046577,False,57,95,False,4,2026-04-06 19:05:32.531554,Pebble Beach Golf Links
2025,2025-04-13,2024-12-26,2025-04-13,5,pga,2025-02-02,10.0,70,sg_ott,sg_app,vs_expected,0.1177183807291737,0.013857617161498696,0.38315269913602495,0.07261426541486857,False,57,95,False,4,2026-04-06 19:05:32.531554,Pebble Beach Golf Links
2025,2025-04-13,2024-12-26,2025-04-13,205,pga,2025-02-02,10.0,70,sg_putt,sg_putt,vs_expected,0.08753415322750481,0.00766222798125629,0.513508577338182,0.04258461473514638,False,58,95,False,4,2026-04-06 19:05:32.531554,Spyglass Hill Golf Course
2025,2025-04-13,2024-12-26,2025-04-13,5,pga,2025-02-02,10.0,70,sg_app,sg_putt,vs_expected,0.07221212611951257,0.005214591158700389,0.5934737741789939,0.029356123089875938,False,57,95,False,4,2026-04-06 19:05:32.531554,Pebble Beach Golf Links
2025,2025-04-13,2024-12-26,2025-04-13,205,pga,2025-02-02,10.0,70,sg_ott,sg_ott,vs_expected,0.06628948526508871,0.004394295856710413,0.6210235654376175,0.02512215277473891,False,58,95,False,4,2026-04-06 19:05:32.531554,Spyglass Hill Golf Course
2025,2025-04-13,2024-12-26,2025-04-13,5,pga,2025-02-02,10.0,70,sg_ott,sg_total,vs_expected,0.04742691600554153,0.0022493123617966914,0.7260911970706387,0.012990649789709244,False,57,95,False,4,2026-04-06 19:05:32.531554,Pebble Beach Golf Links
2025,2025-04-13,2024-12-26,2025-04-13,205,pga,2025-02-02,10.0,70,sg_arg,sg_app,vs_expected,0.03402174085157836,0.0011574788505719557,0.7998548933112352,0.00680928495247666,False,58,95,False,4,2026-04-06 19:05:32.531554,Spyglass Hill Golf Course
2025,2025-04-13,2024-12-26,2025-04-13,5,pga,2025-02-02,10.0,70,sg_arg,sg_app,vs_expected,0.028252637238406854,0.0007982115109250136,0.834745921722344,0.004668863525745906,False,57,95,False,4,2026-04-06 19:05:32.531554,Pebble Beach Golf Links
2025,2025-04-13,2024-12-26,2025-04-13,205,pga,2025-02-02,10.0,70,sg_putt,sg_ott,vs_expected,0.023935398468158772,0.0005729032998295373,0.85845289945964,0.003387986253446049,False,58,95,False,4,2026-04-06 19:05:32.531554,Spyglass Hill Golf Course
2025,2025-04-13,2024-12-26,2025-04-13,5,pga,2025-02-02,10.0,70,sg_arg,sg_total,vs_expected,-0.0063022279316996554,3.9718076903095316e-05,0.9628901494205857,-0.0002338747368627854,False,57,95,False,4,2026-04-06 19:05:32.531554,Pebble Beach Golf Links
2025,2025-04-13,2024-12-26,2025-04-13,5,pga,2025-02-02,10.0,70,sg_arg,sg_ott,vs_expected,-0.009668067151161665,9.347152243937124e-05,0.9430978555372517,-0.0005501337537109528,False,57,95,False,4,2026-04-06 19:05:32.531554,Pebble Beach Golf Links
2025,2025-04-13,2024-12-26,2025-04-13,205,pga,2025-02-02,10.0,70,sg_putt,sg_total,vs_expected,-0.018169583933997705,0.0003301337803345875,0.8923159518240682,-0.001956574351685245,False,58,95,False,4,2026-04-06 19:05:32.531554,Spyglass Hill Golf Course
2025,2025-04-13,2024-12-26,2025-04-13,205,pga,2025-02-02,10.0,70,sg_arg,sg_ott,vs_expected,-0.019560106909434126,0.00038259778230849265,0.8841294591960509,-0.0022664401657791935,False,58,95,False,4,2026-04-06 19:05:32.531554,Spyglass Hill Golf Course
2025,2025-04-13,2024-12-26,2025-04-13,5,pga,2025-02-02,10.0,70,sg_ott,sg_arg,vs_expected,-0.03474847918135472,0.0012074568054170425,0.7974794087609707,-0.0070372825484650596,False,57,95,False,4,2026-04-06 19:05:32.531554,Pebble Beach Golf Links
2025,2025-04-13,2024-12-26,2025-04-13,5,pga,2025-02-02,10.0,70,sg_app,sg_ott,vs_expected,-0.038677622503440506,0.0014959584825186474,0.7751483696800548,-0.008696726476797997,False,57,95,False,4,2026-04-06 19:05:32.531554,Pebble Beach Golf Links
2025,2025-04-13,2024-12-26,2025-04-13,205,pga,2025-02-02,10.0,70,sg_arg,sg_total,vs_expected,-0.04064786142091942,0.001652248638094269,0.7619269932927618,-0.009677158584697436,False,58,95,False,4,2026-04-06 19:05:32.531554,Spyglass Hill Golf Course
2025,2025-04-13,2024-12-26,2025-04-13,205,pga,2025-02-02,10.0,70,sg_total,sg_ott,vs_expected,-0.04341492577081988,0.0018848557796858002,0.7462459849463595,-0.011016711727601313,False,58,95,False,4,2026-04-06 19:05:32.531554,Spyglass Hill Golf Course
2025,2025-04-13,2024-12-26,2025-04-13,205,pga,2025-02-02,10.0,70,sg_putt,sg_app,vs_expected,-0.044311789590938566,0.0019635346967516116,0.7411849566295496,-0.011468557744801036,False,58,95,False,4,2026-04-06 19:05:32.531554,Spyglass Hill Golf Course
2025,2025-04-13,2024-12-26,2025-04-13,205,pga,2025-02-02,10.0,70,sg_arg,sg_arg,vs_expected,-0.051197909542405974,0.0026212259415123846,0.7027029991034529,-0.015220984959130006,False,58,95,False,4,2026-04-06 19:05:32.531554,Spyglass Hill Golf Course
2025,2025-04-13,2024-12-26,2025-04-13,205,pga,2025-02-02,10.0,70,sg_arg,sg_putt,vs_expected,-0.051599009200267866,0.0026624577504493277,0.7004831222036755,-0.015454774133048054,False,58,95,False,4,2026-04-06 19:05:32.531554,Spyglass Hill Golf Course
2025,2025-04-13,2024-12-26,2025-04-13,5,pga,2025-02-02,10.0,70,sg_putt,sg_arg,vs_expected,-0.054885621028996065,0.003012431395738575,0.6851078951495976,-0.017283048731842082,False,57,95,False,4,2026-04-06 19:05:32.531554,Pebble Beach Golf Links
2025,2025-04-13,2024-12-26,2025-04-13,205,pga,2025-02-02,10.0,70,sg_ott,sg_arg,vs_expected,-0.06265162716157406,0.003925226385992885,0.6403472981017396,-0.02253282698698255,False,58,95,False,4,2026-04-06 19:05:32.531554,Spyglass Hill Golf Course
2025,2025-04-13,2024-12-26,2025-04-13,5,pga,2025-02-02,10.0,70,sg_total,sg_ott,vs_expected,-0.07193366718581305,0.0051744524747993174,0.594902570195968,-0.0291401436933515,False,57,95,False,4,2026-04-06 19:05:32.531554,Pebble Beach Golf Links
2025,2025-04-13,2024-12-26,2025-04-13,205,pga,2025-02-02,10.0,70,sg_ott,sg_app,vs_expected,-0.07279543966198246,0.005299176035581329,0.5870978320572342,-0.030057394852779355,False,58,95,False,4,2026-04-06 19:05:32.531554,Spyglass Hill Golf Course
2025,2025-04-13,2024-12-26,2025-04-13,5,pga,2025-02-02,10.0,70,sg_app,sg_app,vs_expected,-0.07412666906835635,0.0054947630671696186,0.5836917419720411,-0.030859544473262418,False,57,95,False,4,2026-04-06 19:05:32.531554,Pebble Beach Golf Links
2025,2025-04-13,2024-12-26,2025-04-13,205,pga,2025-02-02,10.0,70,sg_putt,sg_arg,vs_expected,-0.07395493799647404,0.0054693328540623195,0.5811403544209116,-0.030976739118026574,False,58,95,False,4,2026-04-06 19:05:32.531554,Spyglass Hill Golf Course
2025,2025-04-13,2024-12-26,2025-04-13,5,pga,2025-02-02,10.0,70,sg_putt,sg_total,vs_expected,-0.08213700194479683,0.006746487088479558,0.5435788737784641,-0.03748906293210465,False,57,95,False,4,2026-04-06 19:05:32.531554,Pebble Beach Golf Links
2025,2025-04-13,2024-12-26,2025-04-13,205,pga,2025-02-02,10.0,70,sg_app,sg_app,vs_expected,-0.08480880531153748,0.007192533458370267,0.526755549827988,-0.040135296439403764,False,58,95,False,4,2026-04-06 19:05:32.531554,Spyglass Hill Golf Course
2025,2025-04-13,2024-12-26,2025-04-13,5,pga,2025-02-02,10.0,70,sg_total,sg_total,vs_expected,-0.0865003429501429,0.007482309330492337,0.5223053593518739,-0.04132075024150818,False,57,95,False,4,2026-04-06 19:05:32.531554,Pebble Beach Golf Links
2025,2025-04-13,2024-12-26,2025-04-13,205,pga,2025-02-02,10.0,70,sg_total,sg_app,vs_expected,-0.09290799861973081,0.008631896207523903,0.4878916968370897,-0.04757895752341236,False,58,95,False,4,2026-04-06 19:05:32.531554,Spyglass Hill Golf Course
2025,2025-04-13,2024-12-26,2025-04-13,5,pga,2025-02-02,10.0,70,sg_app,sg_total,vs_expected,-0.10340010254056897,0.010691581205400178,0.4440253023135931,-0.057487840750736305,False,57,95,False,4,2026-04-06 19:05:32.531554,Pebble Beach Golf Links
2025,2025-04-13,2024-12-26,2025-04-13,205,pga,2025-02-02,10.0,70,sg_app,sg_putt,vs_expected,-0.10575949622039912,0.011185071040792617,0.429453913775126,-0.060340666649663074,False,58,95,False,4,2026-04-06 19:05:32.531554,Spyglass Hill Golf Course
2025,2025-04-13,2024-12-26,2025-04-13,205,pga,2025-02-02,10.0,70,sg_total,sg_putt,vs_expected,-0.10578601633367196,0.011190681251747912,0.429337570074915,-0.06036810513306797,False,58,95,False,4,2026-04-06 19:05:32.531554,Spyglass Hill Golf Course
2025,2025-04-13,2024-12-26,2025-04-13,5,pga,2025-02-02,10.0,70,sg_total,sg_putt,vs_expected,-0.10819018065468282,0.011705115190092905,0.4230870341565235,-0.06241631799663458,False,57,95,False,4,2026-04-06 19:05:32.531554,Pebble Beach Golf Links
2025,2025-04-13,2024-12-26,2025-04-13,205,pga,2025-02-02,10.0,70,sg_app,sg_ott,vs_expected,-0.11558818581613761,0.013360628700265956,0.3875704572087424,-0.07078961979144809,False,58,95,False,4,2026-04-06 19:05:32.531554,Spyglass Hill Golf Course
2025,2025-04-13,2024-12-26,2025-04-13,205,pga,2025-02-02,10.0,70,sg_ott,sg_total,vs_expected,-0.12980642367101186,0.016849707626258228,0.33146206377088056,-0.08678051859030099,False,58,95,False,4,2026-04-06 19:05:32.531554,Spyglass Hill Golf Course
2025,2025-04-13,2024-12-26,2025-04-13,5,pga,2025-02-02,10.0,70,sg_app,sg_arg,vs_expected,-0.13522759035433024,0.01828650119303855,0.3158881007806345,-0.09251080366415922,False,57,95,False,4,2026-04-06 19:05:32.531554,Pebble Beach Golf Links
2025,2025-04-13,2024-12-26,2025-04-13,205,pga,2025-02-02,10.0,70,sg_ott,sg_putt,vs_expected,-0.15958286049404308,0.025466689363461213,0.23147156850901535,-0.12264396546833153,False,58,95,False,4,2026-04-06 19:05:32.531554,Spyglass Hill Golf Course
2025,2025-04-13,2024-12-26,2025-04-13,205,pga,2025-02-02,10.0,70,sg_app,sg_arg,vs_expected,-0.16442055619489437,0.027034119299438417,0.2174469636643365,-0.12866780548631318,False,58,95,False,4,2026-04-06 19:05:32.531554,Spyglass Hill Golf Course
2025,2025-04-13,2024-12-26,2025-04-13,5,pga,2025-02-02,10.0,70,sg_putt,sg_putt,vs_expected,-0.1667239320005107,0.027796869501710914,0.21514239442591565,-0.1308545460618173,False,57,95,False,4,2026-04-06 19:05:32.531554,Pebble Beach Golf Links
2025,2025-04-13,2024-12-26,2025-04-13,5,pga,2025-02-02,10.0,70,sg_total,sg_arg,vs_expected,-0.18279876232177186,0.033415387506371644,0.17350603005540693,-0.1510820747722793,False,57,95,False,4,2026-04-06 19:05:32.531554,Pebble Beach Golf Links
2025,2025-04-13,2024-12-26,2025-04-13,205,pga,2025-02-02,10.0,70,sg_total,sg_arg,vs_expected,-0.1849014352416162,0.03418854075440959,0.1646723362598047,-0.15445328392258828,False,58,95,False,4,2026-04-06 19:05:32.531554,Spyglass Hill Golf Course
2025,2025-04-13,2024-12-26,2025-04-13,5,pga,2025-02-02,10.0,70,sg_arg,sg_arg,vs_expected,-0.20486595981589092,0.04197006149128624,0.12633827553208582,-0.17898354773752567,False,57,95,False,4,2026-04-06 19:05:32.531554,Pebble Beach Golf Links
2025,2025-04-13,2024-12-26,2025-04-13,205,pga,2025-02-02,10.0,70,sg_total,sg_total,vs_expected,-0.22026769427197046,0.04851785713989025,0.09661972690699033,-0.19898548980498024,False,58,95,False,4,2026-04-06 19:05:32.531554,Spyglass Hill Golf Course
2025,2025-04-13,2024-12-26,2025-04-13,205,pga,2025-02-02,10.0,70,sg_app,sg_total,vs_expected,-0.23378579903868985,0.05465579983215867,0.07735095551773766,-0.2157022440965694,False,58,95,False,4,2026-04-06 19:05:32.531554,Spyglass Hill Golf Course
2025,2025-04-13,2024-12-26,2025-04-13,5,pga,2025-02-02,10.0,70,sg_putt,sg_ott,vs_expected,-0.23701065177581426,0.05617404905519629,0.07587543642550236,-0.2190273651348316,False,57,95,False,4,2026-04-06 19:05:32.531554,Pebble Beach Golf Links
2025,2025-04-13,2024-12-26,2025-04-13,5,pga,2025-02-02,10.0,70,sg_ott,sg_putt,vs_expected,-0.24203433243707162,0.0585806180782589,0.06969165243816472,-0.225166559862764,False,57,95,False,4,2026-04-06 19:05:32.531554,Pebble Beach Golf Links
2025,2025-04-13,2024-12-26,2025-04-13,104,pga,2025-01-25,11.1,78,sg_total,sg_arg,vs_expected,0.3734450103769996,0.13946117577547734,0.03526344460495234,0.36027605294057446,True,32,95,False,4,2026-04-06 19:05:32.531554,Torrey Pines Golf Course (North Course)
2025,2025-04-13,2024-12-26,2025-04-13,4,pga,2025-01-25,11.1,78,sg_app,sg_ott,vs_expected,0.3276892503723905,0.10738024480961922,0.06265634564684167,0.3071574394363036,True,33,95,False,4,2026-04-06 19:05:32.531554,Torrey Pines Golf Course (South Course)
2025,2025-04-13,2024-12-26,2025-04-13,4,pga,2025-01-25,11.1,78,sg_arg,sg_total,vs_expected,0.2736591778851645,0.07488934564078409,0.12331135574842948,0.23991389364714422,True,33,95,False,4,2026-04-06 19:05:32.531554,Torrey Pines Golf Course (South Course)
2025,2025-04-13,2024-12-26,2025-04-13,4,pga,2025-01-25,11.1,78,sg_arg,sg_app,vs_expected,0.2592066519853884,0.06718808843347425,0.14521455928845092,0.22156607225269534,True,33,95,False,4,2026-04-06 19:05:32.531554,Torrey Pines Golf Course (South Course)
2025,2025-04-13,2024-12-26,2025-04-13,104,pga,2025-01-25,11.1,78,sg_total,sg_total,vs_expected,0.22490367769389327,0.050581664240238626,0.2158796804056372,0.17635154363128316,True,32,95,False,4,2026-04-06 19:05:32.531554,Torrey Pines Golf Course (North Course)
2025,2025-04-13,2024-12-26,2025-04-13,4,pga,2025-01-25,11.1,78,sg_arg,sg_arg,vs_expected,0.17892460035759658,0.03201401261312565,0.31911353730545244,0.12182733822651952,False,33,95,False,4,2026-04-06 19:05:32.531554,Torrey Pines Golf Course (South Course)
2025,2025-04-13,2024-12-26,2025-04-13,104,pga,2025-01-25,11.1,78,sg_total,sg_putt,vs_expected,0.13002471337261146,0.016906426087629763,0.47814643236100896,0.06785386055473451,False,32,95,False,4,2026-04-06 19:05:32.531554,Torrey Pines Golf Course (North Course)
2025,2025-04-13,2024-12-26,2025-04-13,104,pga,2025-01-25,11.1,78,sg_total,sg_ott,vs_expected,0.1072263865196835,0.011497497966068563,0.5591398862629775,0.0472718369566776,False,32,95,False,4,2026-04-06 19:05:32.531554,Torrey Pines Golf Course (North Course)
2025,2025-04-13,2024-12-26,2025-04-13,4,pga,2025-01-25,11.1,78,sg_arg,sg_ott,vs_expected,0.09001517470348823,0.008102731676899507,0.6183623043956137,0.034353183843265495,False,33,95,False,4,2026-04-06 19:05:32.531554,Torrey Pines Golf Course (South Course)
2025,2025-04-13,2024-12-26,2025-04-13,4,pga,2025-01-25,11.1,78,sg_ott,sg_ott,vs_expected,0.03569286065353651,0.0012739803016327746,0.8436737677294393,0.005579730424925507,False,33,95,False,4,2026-04-06 19:05:32.531554,Torrey Pines Golf Course (South Course)
2025,2025-04-13,2024-12-26,2025-04-13,4,pga,2025-01-25,11.1,78,sg_arg,sg_putt,vs_expected,0.013485747783951625,0.00018186539329235617,0.9406237815464858,0.000800732706428906,False,33,95,False,4,2026-04-06 19:05:32.531554,Torrey Pines Golf Course (South Course)
2025,2025-04-13,2024-12-26,2025-04-13,4,pga,2025-01-25,11.1,78,sg_putt,sg_app,vs_expected,-0.004539194401777073,2.0604285817124323e-05,0.9799988634768677,-9.078904693498105e-05,False,33,95,False,4,2026-04-06 19:05:32.531554,Torrey Pines Golf Course (South Course)
2025,2025-04-13,2024-12-26,2025-04-13,4,pga,2025-01-25,11.1,78,sg_total,sg_app,vs_expected,-0.0344206444334782,0.0011847807632159337,0.8491810240973511,-0.005191286343366395,False,33,95,False,4,2026-04-06 19:05:32.531554,Torrey Pines Golf Course (South Course)
2025,2025-04-13,2024-12-26,2025-04-13,104,pga,2025-01-25,11.1,78,sg_total,sg_app,vs_expected,-0.03510409075804291,0.0012322971879489136,0.8487319247099432,-0.005310128243776623,False,32,95,False,4,2026-04-06 19:05:32.531554,Torrey Pines Golf Course (North Course)
2025,2025-04-13,2024-12-26,2025-04-13,4,pga,2025-01-25,11.1,78,sg_app,sg_arg,vs_expected,-0.03537754087939297,0.0012515703986731206,0.845038078761509,-0.005482171703363987,False,33,95,False,4,2026-04-06 19:05:32.531554,Torrey Pines Golf Course (South Course)
2025,2025-04-13,2024-12-26,2025-04-13,4,pga,2025-01-25,11.1,78,sg_total,sg_ott,vs_expected,-0.046193176295734203,0.0021338095362887803,0.7985192713898608,-0.00930703481688114,False,33,95,False,4,2026-04-06 19:05:32.531554,Torrey Pines Golf Course (South Course)
2025,2025-04-13,2024-12-26,2025-04-13,4,pga,2025-01-25,11.1,78,sg_ott,sg_putt,vs_expected,-0.057892325680454625,0.003351521372691826,0.7489596792687255,-0.014533308006700727,False,33,95,False,4,2026-04-06 19:05:32.531554,Torrey Pines Golf Course (South Course)
2025,2025-04-13,2024-12-26,2025-04-13,4,pga,2025-01-25,11.1,78,sg_app,sg_app,vs_expected,-0.06194147349290168,0.0038367461384718415,0.7320230539764675,-0.016598886898825382,False,33,95,False,4,2026-04-06 19:05:32.531554,Torrey Pines Golf Course (South Course)
2025,2025-04-13,2024-12-26,2025-04-13,4,pga,2025-01-25,11.1,78,sg_app,sg_total,vs_expected,-0.0878143545797676,0.007711360870261152,0.6270063820144041,-0.0327541938257775,False,33,95,False,4,2026-04-06 19:05:32.531554,Torrey Pines Golf Course (South Course)
2025,2025-04-13,2024-12-26,2025-04-13,4,pga,2025-01-25,11.1,78,sg_putt,sg_putt,vs_expected,-0.12359736145724741,0.015276307759193468,0.4931731790980472,-0.06264245777924626,False,33,95,False,4,2026-04-06 19:05:32.531554,Torrey Pines Golf Course (South Course)
2025,2025-04-13,2024-12-26,2025-04-13,4,pga,2025-01-25,11.1,78,sg_total,sg_arg,vs_expected,-0.1936464465066154,0.03749894624463945,0.28023889540113545,-0.13937918023924642,False,33,95,False,4,2026-04-06 19:05:32.531554,Torrey Pines Golf Course (South Course)
2025,2025-04-13,2024-12-26,2025-04-13,4,pga,2025-01-25,11.1,78,sg_putt,sg_arg,vs_expected,-0.20083018136123287,0.040332761745585685,0.26243163636640865,-0.1481259882348419,False,33,95,False,4,2026-04-06 19:05:32.531554,Torrey Pines Golf Course (South Course)
2025,2025-04-13,2024-12-26,2025-04-13,4,pga,2025-01-25,11.1,78,sg_app,sg_putt,vs_expected,-0.22465810521401472,0.050471264238351306,0.2087746503422743,-0.17775518785140093,False,33,95,False,4,2026-04-06 19:05:32.531554,Torrey Pines Golf Course (South Course)
2025,2025-04-13,2024-12-26,2025-04-13,4,pga,2025-01-25,11.1,78,sg_total,sg_total,vs_expected,-0.2358696300199418,0.055634482365744226,0.18634866565110317,-0.19191563919810625,False,33,95,False,4,2026-04-06 19:05:32.531554,Torrey Pines Golf Course (South Course)
2025,2025-04-13,2024-12-26,2025-04-13,4,pga,2025-01-25,11.1,78,sg_putt,sg_total,vs_expected,-0.24283346481280008,0.05896809163298941,0.1733027928874215,-0.2007497471542124,False,33,95,False,4,2026-04-06 19:05:32.531554,Torrey Pines Golf Course (South Course)
2025,2025-04-13,2024-12-26,2025-04-13,4,pga,2025-01-25,11.1,78,sg_total,sg_putt,vs_expected,-0.2628521360367234,0.06909124541906815,0.13944036952843378,-0.22619993705642458,False,33,95,False,4,2026-04-06 19:05:32.531554,Torrey Pines Golf Course (South Course)
2025,2025-04-13,2024-12-26,2025-04-13,4,pga,2025-01-25,11.1,78,sg_ott,sg_arg,vs_expected,-0.28959483719514445,0.08386516973008222,0.10211311282646264,-0.2600234069106756,False,33,95,False,4,2026-04-06 19:05:32.531554,Torrey Pines Golf Course (South Course)
2025,2025-04-13,2024-12-26,2025-04-13,4,pga,2025-01-25,11.1,78,sg_ott,sg_app,vs_expected,-0.2964093454950057,0.08785850009677765,0.09394077585669812,-0.2685644216080288,False,33,95,False,4,2026-04-06 19:05:32.531554,Torrey Pines Golf Course (South Course)
2025,2025-04-13,2024-12-26,2025-04-13,4,pga,2025-01-25,11.1,78,sg_ott,sg_total,vs_expected,-0.304884301071342,0.09295443703976072,0.08448412453801349,-0.27912641780994557,False,33,95,False,4,2026-04-06 19:05:32.531554,Torrey Pines Golf Course (South Course)
2025,2025-04-13,2024-12-26,2025-04-13,4,pga,2025-01-25,11.1,78,sg_putt,sg_ott,vs_expected,-0.3625110556462269,0.1314142654657418,0.03814561431699835,-0.348682848731898,False,33,95,False,4,2026-04-06 19:05:32.531554,Torrey Pines Golf Course (South Course)
2025,2025-04-13,2024-12-26,2025-04-13,4565,euro,2025-01-19,12.0,84,sg_total,sg_ott,vs_expected,0.3423640689302818,0.11721315569449876,0.23083371200548747,0.26333490004180227,True,14,95,False,4,2026-04-06 19:05:32.531554,emirates gc
2025,2025-04-13,2024-12-26,2025-04-13,704,pga,2025-01-19,12.0,84,sg_ott,sg_putt,vs_expected,0.19976007456068942,0.039904087388492195,0.22275022066386643,0.15526347387246545,True,39,95,False,4,2026-04-06 19:05:32.531554,Pete Dye Stadium Course
2025,2025-04-13,2024-12-26,2025-04-13,704,pga,2025-01-19,12.0,84,sg_ott,sg_total,vs_expected,0.19244439496496793,0.037034845153432576,0.24050570245839037,0.1461604205697384,False,39,95,False,4,2026-04-06 19:05:32.531554,Pete Dye Stadium Course
2025,2025-04-13,2024-12-26,2025-04-13,202,pga,2025-01-19,12.0,84,sg_total,sg_putt,vs_expected,0.1628644132137917,0.026524817091472686,0.32858426846332134,0.10934972913922987,False,38,95,False,4,2026-04-06 19:05:32.531554,La Quinta Country Club
2025,2025-04-13,2024-12-26,2025-04-13,233,pga,2025-01-19,12.0,84,sg_total,sg_ott,vs_expected,0.15334073121493239,0.023513379849530138,0.35802685223651776,0.0984406318984042,False,38,95,False,4,2026-04-06 19:05:32.531554,Nicklaus Tournament Course
2025,2025-04-13,2024-12-26,2025-04-13,704,pga,2025-01-19,12.0,84,sg_arg,sg_app,vs_expected,0.1419080410337277,0.020137892110030146,0.3888223036105667,0.08673102961813087,False,39,95,False,4,2026-04-06 19:05:32.531554,Pete Dye Stadium Course
2025,2025-04-13,2024-12-26,2025-04-13,704,pga,2025-01-19,12.0,84,sg_ott,sg_app,vs_expected,0.13788422697438102,0.01901206004832262,0.40254768278068775,0.08237925091383753,False,39,95,False,4,2026-04-06 19:05:32.531554,Pete Dye Stadium Course
2025,2025-04-13,2024-12-26,2025-04-13,704,pga,2025-01-19,12.0,84,sg_total,sg_putt,vs_expected,0.1366184111028895,0.01866459025227812,0.40692230139987084,0.08102533284330804,False,39,95,False,4,2026-04-06 19:05:32.531554,Pete Dye Stadium Course
2025,2025-04-13,2024-12-26,2025-04-13,233,pga,2025-01-19,12.0,84,sg_total,sg_putt,vs_expected,0.13116738261109348,0.01720488226104499,0.432477044453354,0.07444050065076552,False,38,95,False,4,2026-04-06 19:05:32.531554,Nicklaus Tournament Course
2025,2025-04-13,2024-12-26,2025-04-13,704,pga,2025-01-19,12.0,84,sg_app,sg_putt,vs_expected,0.12368464399504955,0.015297891160182148,0.45315405102067857,0.0676364465196424,False,39,95,False,4,2026-04-06 19:05:32.531554,Pete Dye Stadium Course
2025,2025-04-13,2024-12-26,2025-04-13,704,pga,2025-01-19,12.0,84,sg_ott,sg_arg,vs_expected,0.10772352847247657,0.01160435858656047,0.513918004728884,0.052362467657546284,False,39,95,False,4,2026-04-06 19:05:32.531554,Pete Dye Stadium Course
2025,2025-04-13,2024-12-26,2025-04-13,233,pga,2025-01-19,12.0,84,sg_total,sg_total,vs_expected,0.061686495229024856,0.003805223693640506,0.7129409862849279,0.017707664479983377,False,38,95,False,4,2026-04-06 19:05:32.531554,Nicklaus Tournament Course
2025,2025-04-13,2024-12-26,2025-04-13,4565,euro,2025-01-19,12.0,84,sg_total,sg_arg,vs_expected,0.05857003355774911,0.003430448830955857,0.8423518676425503,0.009233456402492301,False,14,95,False,4,2026-04-06 19:05:32.531554,emirates gc
2025,2025-04-13,2024-12-26,2025-04-13,202,pga,2025-01-19,12.0,84,sg_total,sg_ott,vs_expected,0.013776757797987524,0.00018979905542441006,0.9345731717281661,0.000901369566591578,False,38,95,False,4,2026-04-06 19:05:32.531554,La Quinta Country Club
2025,2025-04-13,2024-12-26,2025-04-13,704,pga,2025-01-19,12.0,84,sg_putt,sg_putt,vs_expected,0.010722513819634572,0.00011497230261225437,0.9483450111699564,0.000553871331583212,False,39,95,False,4,2026-04-06 19:05:32.531554,Pete Dye Stadium Course
2025,2025-04-13,2024-12-26,2025-04-13,233,pga,2025-01-19,12.0,84,sg_total,sg_app,vs_expected,0.008717653561798433,7.59974836235369e-05,0.9585725339882933,0.00036115029663323807,False,38,95,False,4,2026-04-06 19:05:32.531554,Nicklaus Tournament Course
2025,2025-04-13,2024-12-26,2025-04-13,202,pga,2025-01-19,12.0,84,sg_total,sg_arg,vs_expected,1.888965489965644e-05,3.568190622281145e-10,0.9999101951507182,1.6963826112485341e-09,False,38,95,False,4,2026-04-06 19:05:32.531554,La Quinta Country Club
2025,2025-04-13,2024-12-26,2025-04-13,704,pga,2025-01-19,12.0,84,sg_ott,sg_ott,vs_expected,-0.011210329568049723,0.0001256714890242899,0.9459983604281803,-0.0006053761768151343,False,39,95,False,4,2026-04-06 19:05:32.531554,Pete Dye Stadium Course
2025,2025-04-13,2024-12-26,2025-04-13,704,pga,2025-01-19,12.0,84,sg_putt,sg_arg,vs_expected,-0.02565484035585694,0.0006581708336845058,0.8767999154425484,-0.0031606785011494957,False,39,95,False,4,2026-04-06 19:05:32.531554,Pete Dye Stadium Course
2025,2025-04-13,2024-12-26,2025-04-13,202,pga,2025-01-19,12.0,84,sg_total,sg_total,vs_expected,-0.028917421234476468,0.0008362172508521506,0.8631701730024544,-0.003956765744728568,False,38,95,False,4,2026-04-06 19:05:32.531554,La Quinta Country Club
2025,2025-04-13,2024-12-26,2025-04-13,4565,euro,2025-01-19,12.0,84,sg_total,sg_total,vs_expected,-0.06449052206996145,0.004159027436856185,0.8266262433224987,-0.011180964081362524,False,14,95,False,4,2026-04-06 19:05:32.531554,emirates gc
2025,2025-04-13,2024-12-26,2025-04-13,704,pga,2025-01-19,12.0,84,sg_arg,sg_putt,vs_expected,-0.05305299121654791,0.00281461987702311,0.7483905289435084,-0.013348635057960313,False,39,95,False,4,2026-04-06 19:05:32.531554,Pete Dye Stadium Course
2025,2025-04-13,2024-12-26,2025-04-13,704,pga,2025-01-19,12.0,84,sg_arg,sg_total,vs_expected,-0.06904274704920943,0.004766900920101118,0.676208555632464,-0.02235545079016596,False,39,95,False,4,2026-04-06 19:05:32.531554,Pete Dye Stadium Course
2025,2025-04-13,2024-12-26,2025-04-13,704,pga,2025-01-19,12.0,84,sg_putt,sg_ott,vs_expected,-0.07711498018195677,0.005946720168463585,0.6407787416516483,-0.027701340218470715,False,39,95,False,4,2026-04-06 19:05:32.531554,Pete Dye Stadium Course
2025,2025-04-13,2024-12-26,2025-04-13,202,pga,2025-01-19,12.0,84,sg_total,sg_app,vs_expected,-0.09495132559218285,0.009015754231712718,0.5706799821580365,-0.04076450479735402,False,38,95,False,4,2026-04-06 19:05:32.531554,La Quinta Country Club
2025,2025-04-13,2024-12-26,2025-04-13,4565,euro,2025-01-19,12.0,84,sg_total,sg_app,vs_expected,-0.12839368367674253,0.01648493800808342,0.6617969240066839,-0.043423138757587146,False,14,95,False,4,2026-04-06 19:05:32.531554,emirates gc
2025,2025-04-13,2024-12-26,2025-04-13,233,pga,2025-01-19,12.0,84,sg_total,sg_arg,vs_expected,-0.10711497118274778,0.011473617051480887,0.522114563570564,-0.05118868475179389,False,38,95,False,4,2026-04-06 19:05:32.531554,Nicklaus Tournament Course
2025,2025-04-13,2024-12-26,2025-04-13,704,pga,2025-01-19,12.0,84,sg_total,sg_arg,vs_expected,-0.11608530652964297,0.013475798392081169,0.48158807112609886,-0.060180007671950274,False,39,95,False,4,2026-04-06 19:05:32.531554,Pete Dye Stadium Course
2025,2025-04-13,2024-12-26,2025-04-13,704,pga,2025-01-19,12.0,84,sg_app,sg_arg,vs_expected,-0.11915801689501287,0.014198632990352174,0.46998042716968386,-0.0631560812140023,False,39,95,False,4,2026-04-06 19:05:32.531554,Pete Dye Stadium Course
2025,2025-04-13,2024-12-26,2025-04-13,704,pga,2025-01-19,12.0,84,sg_app,sg_ott,vs_expected,-0.1453456222861255,0.02112534991774106,0.3773159746262126,-0.09050439715558269,False,39,95,False,4,2026-04-06 19:05:32.531554,Pete Dye Stadium Course
2025,2025-04-13,2024-12-26,2025-04-13,704,pga,2025-01-19,12.0,84,sg_total,sg_app,vs_expected,-0.15543051924189985,0.0241586463118066,0.3447398260371943,-0.1018474290775765,False,39,95,False,4,2026-04-06 19:05:32.531554,Pete Dye Stadium Course
2025,2025-04-13,2024-12-26,2025-04-13,704,pga,2025-01-19,12.0,84,sg_arg,sg_ott,vs_expected,-0.17137763067411033,0.02937029229547176,0.29686757091101146,-0.12050116974740274,False,39,95,False,4,2026-04-06 19:05:32.531554,Pete Dye Stadium Course
2025,2025-04-13,2024-12-26,2025-04-13,704,pga,2025-01-19,12.0,84,sg_total,sg_total,vs_expected,-0.1746882189641411,0.03051597384486371,0.287492284730043,-0.12446670377871816,False,39,95,False,4,2026-04-06 19:05:32.531554,Pete Dye Stadium Course
2025,2025-04-13,2024-12-26,2025-04-13,704,pga,2025-01-19,12.0,84,sg_putt,sg_total,vs_expected,-0.1754832944943466,0.030794386646589577,0.2852695550766884,-0.12542325315055286,False,39,95,False,4,2026-04-06 19:05:32.531554,Pete Dye Stadium Course
2025,2025-04-13,2024-12-26,2025-04-13,704,pga,2025-01-19,12.0,84,sg_app,sg_total,vs_expected,-0.17573064313143633,0.03088125893538823,0.28458034043080305,-0.1257211568849682,False,39,95,False,4,2026-04-06 19:05:32.531554,Pete Dye Stadium Course
2025,2025-04-13,2024-12-26,2025-04-13,704,pga,2025-01-19,12.0,84,sg_arg,sg_arg,vs_expected,-0.17883758420902385,0.031982881525719695,0.2760151751699814,-0.12947569707659382,False,39,95,False,4,2026-04-06 19:05:32.531554,Pete Dye Stadium Course
2025,2025-04-13,2024-12-26,2025-04-13,704,pga,2025-01-19,12.0,84,sg_putt,sg_app,vs_expected,-0.1846058663592887,0.03407932589426355,0.26056475367485005,-0.13650408426444832,False,39,95,False,4,2026-04-06 19:05:32.531554,Pete Dye Stadium Course
2025,2025-04-13,2024-12-26,2025-04-13,4565,euro,2025-01-19,12.0,84,sg_total,sg_putt,vs_expected,-0.25326942967297233,0.06414540400687269,0.38229951225585024,-0.15644465023967766,False,14,95,False,4,2026-04-06 19:05:32.531554,emirates gc
2025,2025-04-13,2024-12-26,2025-04-13,704,pga,2025-01-19,12.0,84,sg_total,sg_ott,vs_expected,-0.2144397787820481,0.04598441872409372,0.1898861151785926,-0.17372064224936817,False,39,95,False,4,2026-04-06 19:05:32.531554,Pete Dye Stadium Course
2025,2025-04-13,2024-12-26,2025-04-13,704,pga,2025-01-19,12.0,84,sg_app,sg_app,vs_expected,-0.23032208156652645,0.053048261257137665,0.15835956741160376,-0.1938483763643112,False,39,95,False,4,2026-04-06 19:05:32.531554,Pete Dye Stadium Course
2025,2025-04-13,2024-12-26,2025-04-13,6,pga,2025-01-12,13.0,91,sg_ott,sg_ott,vs_expected,0.3232812397491142,0.10451075997372426,0.05445099652158279,0.3056782540880422,True,36,95,False,4,2026-04-06 19:05:32.531554,Waialae Country Club
2025,2025-04-13,2024-12-26,2025-04-13,6,pga,2025-01-12,13.0,91,sg_ott,sg_total,vs_expected,0.24832227326114137,0.06166395139758096,0.14419739477072607,0.21251484839334048,True,36,95,False,4,2026-04-06 19:05:32.531554,Waialae Country Club
2025,2025-04-13,2024-12-26,2025-04-13,6,pga,2025-01-12,13.0,91,sg_ott,sg_arg,vs_expected,0.23927197859383376,0.05725107974020804,0.15987935978813755,0.20101732784101065,True,36,95,False,4,2026-04-06 19:05:32.531554,Waialae Country Club
2025,2025-04-13,2024-12-26,2025-04-13,6,pga,2025-01-12,13.0,91,sg_arg,sg_arg,vs_expected,0.11657531537100782,0.013589804153849932,0.4983544047697387,0.05847949346844465,False,36,95,False,4,2026-04-06 19:05:32.531554,Waialae Country Club
2025,2025-04-13,2024-12-26,2025-04-13,6,pga,2025-01-12,13.0,91,sg_app,sg_putt,vs_expected,0.0886763433155677,0.00786349386382043,0.6070451274919112,0.03484580118205242,False,36,95,False,4,2026-04-06 19:05:32.531554,Waialae Country Club
2025,2025-04-13,2024-12-26,2025-04-13,6,pga,2025-01-12,13.0,91,sg_ott,sg_app,vs_expected,0.04732419898663462,0.002239579809726589,0.7840248432705333,0.010220851293234879,False,36,95,False,4,2026-04-06 19:05:32.531554,Waialae Country Club
2025,2025-04-13,2024-12-26,2025-04-13,6,pga,2025-01-12,13.0,91,sg_arg,sg_app,vs_expected,0.02026450410037002,0.0004106501264339134,0.9066160647278794,0.0018923791392305772,False,36,95,False,4,2026-04-06 19:05:32.531554,Waialae Country Club
2025,2025-04-13,2024-12-26,2025-04-13,6,pga,2025-01-12,13.0,91,sg_app,sg_arg,vs_expected,0.011278405015632445,0.0001272024196966431,0.947947719405926,0.0005870667025273112,False,36,95,False,4,2026-04-06 19:05:32.531554,Waialae Country Club
2025,2025-04-13,2024-12-26,2025-04-13,6,pga,2025-01-12,13.0,91,sg_total,sg_arg,vs_expected,0.0018916997847705647,3.5785280757010007e-06,0.9911342379988538,1.6771360069395306e-05,False,37,95,False,4,2026-04-06 19:05:32.531554,Waialae Country Club
2025,2025-04-13,2024-12-26,2025-04-13,6,pga,2025-01-12,13.0,91,sg_putt,sg_putt,vs_expected,-0.013181414814907401,0.0001737496965226603,0.9391800094710356,-0.0008016935242010187,False,36,95,False,4,2026-04-06 19:05:32.531554,Waialae Country Club
2025,2025-04-13,2024-12-26,2025-04-13,6,pga,2025-01-12,13.0,91,sg_putt,sg_app,vs_expected,-0.029627043631699476,0.0008777617143546245,0.8638100307487336,-0.0040349061612070785,False,36,95,False,4,2026-04-06 19:05:32.531554,Waialae Country Club
2025,2025-04-13,2024-12-26,2025-04-13,6,pga,2025-01-12,13.0,91,sg_total,sg_putt,vs_expected,-0.04354645614853153,0.0018962938430959796,0.7980183084721734,-0.008795586872922725,False,37,95,False,4,2026-04-06 19:05:32.531554,Waialae Country Club
2025,2025-04-13,2024-12-26,2025-04-13,6,pga,2025-01-12,13.0,91,sg_app,sg_ott,vs_expected,-0.052126797880977654,0.0027172030573242964,0.7627067810773257,-0.012369335661308826,False,36,95,False,4,2026-04-06 19:05:32.531554,Waialae Country Club
2025,2025-04-13,2024-12-26,2025-04-13,6,pga,2025-01-12,13.0,91,sg_total,sg_app,vs_expected,-0.06597237156775022,0.004352353810273298,0.6980575083737339,-0.019919862249660338,False,37,95,False,4,2026-04-06 19:05:32.531554,Waialae Country Club
2025,2025-04-13,2024-12-26,2025-04-13,6,pga,2025-01-12,13.0,91,sg_ott,sg_putt,vs_expected,-0.07121560006070154,0.005071661692005794,0.6797982688430027,-0.022803358424821,False,36,95,False,4,2026-04-06 19:05:32.531554,Waialae Country Club
2025,2025-04-13,2024-12-26,2025-04-13,6,pga,2025-01-12,13.0,91,sg_app,sg_total,vs_expected,-0.07699994953565437,0.005928992228493319,0.6553382003922597,-0.026538941176663826,False,36,95,False,4,2026-04-06 19:05:32.531554,Waialae Country Club
2025,2025-04-13,2024-12-26,2025-04-13,6,pga,2025-01-12,13.0,91,sg_arg,sg_total,vs_expected,-0.08991408063847928,0.008084541897062954,0.6020160783485826,-0.03578435842418376,False,36,95,False,4,2026-04-06 19:05:32.531554,Waialae Country Club
2025,2025-04-13,2024-12-26,2025-04-13,6,pga,2025-01-12,13.0,91,sg_arg,sg_putt,vs_expected,-0.09150825218927121,0.008373760218735258,0.5955653841696171,-0.037009104819477695,False,36,95,False,4,2026-04-06 19:05:32.531554,Waialae Country Club
2025,2025-04-13,2024-12-26,2025-04-13,6,pga,2025-01-12,13.0,91,sg_total,sg_total,vs_expected,-0.13646676973970598,0.01862317924318993,0.4205991536464935,-0.07906896188631474,False,37,95,False,4,2026-04-06 19:05:32.531554,Waialae Country Club
2025,2025-04-13,2024-12-26,2025-04-13,6,pga,2025-01-12,13.0,91,sg_total,sg_ott,vs_expected,-0.17341236989515513,0.030071850032654106,0.3046914442065665,-0.120575104468517,False,37,95,False,4,2026-04-06 19:05:32.531554,Waialae Country Club
2025,2025-04-13,2024-12-26,2025-04-13,6,pga,2025-01-12,13.0,91,sg_app,sg_app,vs_expected,-0.17631276805005222,0.031086192177471515,0.3036542776993157,-0.12277464181864664,False,36,95,False,4,2026-04-06 19:05:32.531554,Waialae Country Club
2025,2025-04-13,2024-12-26,2025-04-13,6,pga,2025-01-12,13.0,91,sg_putt,sg_arg,vs_expected,-0.20313922450599928,0.041265544532898775,0.23473140944981064,-0.15545606802316456,False,36,95,False,4,2026-04-06 19:05:32.531554,Waialae Country Club
2025,2025-04-13,2024-12-26,2025-04-13,6,pga,2025-01-12,13.0,91,sg_putt,sg_total,vs_expected,-0.23920296202118727,0.05721805703970956,0.16000349598493901,-0.2009296518478447,False,36,95,False,4,2026-04-06 19:05:32.531554,Waialae Country Club
2025,2025-04-13,2024-12-26,2025-04-13,6,pga,2025-01-12,13.0,91,sg_arg,sg_ott,vs_expected,-0.24663908915176597,0.06083084029761276,0.1470251619695791,-0.21037693712119812,False,36,95,False,4,2026-04-06 19:05:32.531554,Waialae Country Club
2025,2025-04-13,2024-12-26,2025-04-13,6,pga,2025-01-12,13.0,91,sg_putt,sg_ott,vs_expected,-0.25581617964161674,0.06544191776643192,0.13208955234478365,-0.22202553499020283,False,36,95,False,4,2026-04-06 19:05:32.531554,Waialae Country Club
2025,2025-04-13,2024-12-26,2025-04-13,656,pga,2025-01-05,14.0,98,sg_total,sg_ott,vs_expected,0.25804924640542626,0.0665894135704084,0.06751132922693669,0.24062799877458663,True,51,95,False,4,2026-04-06 19:05:32.531554,Plantation Course at Kapalua
2025,2025-04-13,2024-12-26,2025-04-13,656,pga,2025-01-05,14.0,98,sg_putt,sg_ott,vs_expected,0.23716881518050256,0.05624904689412338,0.09378952828214322,0.2149248638814884,True,51,95,False,4,2026-04-06 19:05:32.531554,Plantation Course at Kapalua
2025,2025-04-13,2024-12-26,2025-04-13,656,pga,2025-01-05,14.0,98,sg_ott,sg_ott,vs_expected,0.16818659422204038,0.028286730476009266,0.2381027258874289,0.12814090768004968,False,51,95,False,4,2026-04-06 19:05:32.531554,Plantation Course at Kapalua
2025,2025-04-13,2024-12-26,2025-04-13,656,pga,2025-01-05,14.0,98,sg_app,sg_arg,vs_expected,0.1412214762665993,0.019943505358917674,0.3229147572656625,0.09561897753727187,False,51,95,False,4,2026-04-06 19:05:32.531554,Plantation Course at Kapalua
2025,2025-04-13,2024-12-26,2025-04-13,656,pga,2025-01-05,14.0,98,sg_arg,sg_ott,vs_expected,0.06704142573389614,0.004494552764433512,0.640193178277932,0.024121962317029233,False,51,95,False,4,2026-04-06 19:05:32.531554,Plantation Course at Kapalua
2025,2025-04-13,2024-12-26,2025-04-13,656,pga,2025-01-05,14.0,98,sg_app,sg_ott,vs_expected,0.052535645267018954,0.002759994023622051,0.714267013318498,0.015011166829385242,False,51,95,False,4,2026-04-06 19:05:32.531554,Plantation Course at Kapalua
2025,2025-04-13,2024-12-26,2025-04-13,656,pga,2025-01-05,14.0,98,sg_app,sg_app,vs_expected,0.04859809985400463,0.002361775309419805,0.734868867084324,0.012884869271841397,False,51,95,False,4,2026-04-06 19:05:32.531554,Plantation Course at Kapalua
2025,2025-04-13,2024-12-26,2025-04-13,656,pga,2025-01-05,14.0,98,sg_total,sg_arg,vs_expected,0.007676594184711588,5.8930098276747776e-05,0.957362610726452,0.00032730993454860275,False,51,95,False,4,2026-04-06 19:05:32.531554,Plantation Course at Kapalua
2025,2025-04-13,2024-12-26,2025-04-13,656,pga,2025-01-05,14.0,98,sg_arg,sg_putt,vs_expected,-0.007556207619160061,5.709627358385255e-05,0.9580306598852572,-0.00031712904754613986,False,51,95,False,4,2026-04-06 19:05:32.531554,Plantation Course at Kapalua
2025,2025-04-13,2024-12-26,2025-04-13,656,pga,2025-01-05,14.0,98,sg_putt,sg_total,vs_expected,-0.022533812999276058,0.0005077727282863427,0.8752811183389587,-0.0028103919568287445,False,51,95,False,4,2026-04-06 19:05:32.531554,Plantation Course at Kapalua
2025,2025-04-13,2024-12-26,2025-04-13,656,pga,2025-01-05,14.0,98,sg_putt,sg_app,vs_expected,-0.026898716222182234,0.0007235409344014897,0.8513730394275807,-0.003997874435402974,False,51,95,False,4,2026-04-06 19:05:32.531554,Plantation Course at Kapalua
2025,2025-04-13,2024-12-26,2025-04-13,656,pga,2025-01-05,14.0,98,sg_app,sg_total,vs_expected,-0.028417359613337703,0.0008075463273937568,0.8430847254297177,-0.004459117786289338,False,51,95,False,4,2026-04-06 19:05:32.531554,Plantation Course at Kapalua
2025,2025-04-13,2024-12-26,2025-04-13,656,pga,2025-01-05,14.0,98,sg_putt,sg_arg,vs_expected,-0.03349342056110057,0.0011218092208827544,0.8155079211806467,-0.006179270786088314,False,51,95,False,4,2026-04-06 19:05:32.531554,Plantation Course at Kapalua
2025,2025-04-13,2024-12-26,2025-04-13,656,pga,2025-01-05,14.0,98,sg_ott,sg_arg,vs_expected,-0.05856836287960794,0.0034302531303974375,0.6830950385741033,-0.018560604779140077,False,51,95,False,4,2026-04-06 19:05:32.531554,Plantation Course at Kapalua
2025,2025-04-13,2024-12-26,2025-04-13,656,pga,2025-01-05,14.0,98,sg_arg,sg_app,vs_expected,-0.07506523978100382,0.005634790223379599,0.6006105173145576,-0.029980267283793806,False,51,95,False,4,2026-04-06 19:05:32.531554,Plantation Course at Kapalua
2025,2025-04-13,2024-12-26,2025-04-13,656,pga,2025-01-05,14.0,98,sg_ott,sg_putt,vs_expected,-0.08967724483705691,0.008042008241565451,0.5314397989994727,-0.04201918786602489,False,51,95,False,4,2026-04-06 19:05:32.531554,Plantation Course at Kapalua
2025,2025-04-13,2024-12-26,2025-04-13,656,pga,2025-01-05,14.0,98,sg_arg,sg_total,vs_expected,-0.10117585936412207,0.010236554518068607,0.47991239489310056,-0.05262031039131872,False,51,95,False,4,2026-04-06 19:05:32.531554,Plantation Course at Kapalua
2025,2025-04-13,2024-12-26,2025-04-13,656,pga,2025-01-05,14.0,98,sg_total,sg_total,vs_expected,-0.12024941017937296,0.014459920648487086,0.400617399264903,-0.07207540421017403,False,51,95,False,4,2026-04-06 19:05:32.531554,Plantation Course at Kapalua
2025,2025-04-13,2024-12-26,2025-04-13,656,pga,2025-01-05,14.0,98,sg_total,sg_app,vs_expected,-0.12115161405002992,0.014677713586927406,0.39706642849655166,-0.07304637535259188,False,51,95,False,4,2026-04-06 19:05:32.531554,Plantation Course at Kapalua
2025,2025-04-13,2024-12-26,2025-04-13,656,pga,2025-01-05,14.0,98,sg_putt,sg_putt,vs_expected,-0.15382814161699931,0.023663097153339595,0.2811458715650037,-0.11057999467086323,False,51,95,False,4,2026-04-06 19:05:32.531554,Plantation Course at Kapalua
2025,2025-04-13,2024-12-26,2025-04-13,656,pga,2025-01-05,14.0,98,sg_arg,sg_arg,vs_expected,-0.15460009306453887,0.02390118877556408,0.2787093928178052,-0.11151159499694506,False,51,95,False,4,2026-04-06 19:05:32.531554,Plantation Course at Kapalua
2025,2025-04-13,2024-12-26,2025-04-13,656,pga,2025-01-05,14.0,98,sg_ott,sg_total,vs_expected,-0.18297541325647132,0.03348000185637646,0.1987249126614726,-0.1466136402378822,False,51,95,False,4,2026-04-06 19:05:32.531554,Plantation Course at Kapalua
2025,2025-04-13,2024-12-26,2025-04-13,656,pga,2025-01-05,14.0,98,sg_app,sg_putt,vs_expected,-0.2565760641695902,0.06583127670475768,0.06914792742567126,-0.23883436110522704,False,51,95,False,4,2026-04-06 19:05:32.531554,Plantation Course at Kapalua
2025,2025-04-13,2024-12-26,2025-04-13,656,pga,2025-01-05,14.0,98,sg_ott,sg_app,vs_expected,-0.26289077688460705,0.06911156057099224,0.06234919833516417,-0.2464997476961433,False,51,95,False,4,2026-04-06 19:05:32.531554,Plantation Course at Kapalua
2025,2025-04-13,2024-12-26,2025-04-13,656,pga,2025-01-05,14.0,98,sg_total,sg_putt,vs_expected,-0.27148191162870033,0.07370242834157346,0.053971222754965666,-0.25682970090224383,False,51,95,False,4,2026-04-06 19:05:32.531554,Plantation Course at Kapalua
