dg_id,player_name,course_num_b,course_name_b,skill,avg_value,cor_score,shared_players,target_course_num
17606,"Berger, Daniel",8,Trump National Doral,sg_app,-0.4326952273114576,0.9465251472181397,60,8
17606,"Berger, Daniel",896,Olympia Fields Country Club (North Course),sg_app,-0.5905123643995773,0.8315178735937293,13,8
17606,"Berger, Daniel",660,Montreux Golf & Country Club,sg_app,-3.0735662536249957,0.7750434317449925,8,8
17606,"Berger, Daniel",928,PGA National  - Champion Course,sg_app,0.3309659932142565,0.7671751837159452,13,8
17606,"Berger, Daniel",939,Torrey Pines Golf Course (South Course),sg_app,0.5249357575612097,0.7487285792532103,9,8
17606,"Berger, Daniel",891,Winged Foot GC,sg_app,-0.07327216702328393,0.7126732274142469,23,8
17606,"Berger, Daniel",240,Club de Golf Chapultepec,sg_app,-0.24987145603586416,0.7081210840226253,29,8
17606,"Berger, Daniel",697,Ocean Course at Kiawah Island,sg_app,-0.27841595413675185,0.7069136776164395,24,8
17606,"Berger, Daniel",241,Quail Hollow-PGA Championship,sg_app,0.7188550964692066,0.7056566483257517,34,8
17606,"Berger, Daniel",876,Detroit Golf Club,sg_app,-1.3098940741571292,0.6896168809184317,29,8
17606,"Berger, Daniel",4,Torrey Pines Golf Course (South Course),sg_app,-1.647388614353735,0.6702800253204808,51,8
17606,"Berger, Daniel",880,Bethpage Black,sg_app,0.3148348159095044,0.6551865014282398,28,8
17606,"Berger, Daniel",872,Quail Hollow Club,sg_app,-0.3105243038346357,0.6423650899143748,36,8
17606,"Berger, Daniel",552,Silverado Resort and Spa (North Course),sg_app,-1.376625406415793,0.6270648570577193,39,8
17606,"Berger, Daniel",898,The Concession Golf Club,sg_app,-0.15068886761895656,0.5978760108741452,13,8
17606,"Berger, Daniel",665,Innisbrook Resort and Golf Club - Copperhead Course,sg_app,-0.4585682504033073,0.5909971343340352,54,8
17606,"Berger, Daniel",700,TPC Boston,sg_app,0.036011416478781755,0.5801062715329093,52,8
17606,"Berger, Daniel",2000,Sherwood Country Club,sg_app,0.2672190062363468,0.5541693573359622,12,8
17606,"Berger, Daniel",931,Tahoe Mountain Club (Old Greenwood),sg_app,-1.6656313130217149,0.5425266516366192,6,8
17606,"Berger, Daniel",744,Torrey Pines (South),sg_app,0.7274683260606487,0.5291018199363902,20,8
17606,"Berger, Daniel",14,Augusta National Golf Club,sg_app,-0.2547218424874477,0.5249097184931832,23,8
17606,"Berger, Daniel",770,TPC San Antonio - The Oaks Course,sg_app,-0.1012088358083637,0.524784468692467,50,8
17606,"Berger, Daniel",611,Southern Hills Country Club,sg_app,-2.389658198017079,0.5183385212389265,21,8
17606,"Berger, Daniel",36,Le Triomphe G&CC,sg_app,0.15275993750053984,0.511720899137967,58,8
17606,"Berger, Daniel",527,Saucon Valley CC,sg_app,1.0739874071460056,0.49410026897104875,35,8
17606,"Berger, Daniel",882,Caves Valley Golf Club,sg_app,-0.00523973905458458,0.4904074682099971,15,8
17606,"Berger, Daniel",977,The Renaissance Club,sg_app,1.7308451643734473,0.47281672246556705,16,8
17606,"Berger, Daniel",771,The Old White TPC,sg_app,-0.6281381030344324,0.47094988388515785,41,8
17606,"Berger, Daniel",715,Baltusrol GC,sg_app,-1.4618980548530822,0.46574115836652397,35,8
17606,"Berger, Daniel",885,Royal Portrush Golf Club,sg_app,0.28590000057536763,0.4489419284589953,15,8
17606,"Berger, Daniel",510,TPC Scottsdale (Stadium Course),sg_app,0.5504881702059383,0.4198044142274062,49,8
17606,"Berger, Daniel",897,Memorial Park Golf Course,sg_app,-0.8237988014343365,0.40296007074916906,29,8
17606,"Berger, Daniel",874,Hamilton Golf & Country Club,sg_app,-0.9357867828197961,0.39319658002294006,21,8
17606,"Berger, Daniel",235,Eagle Point Golf Club,sg_app,0.17193255047020273,0.3860951981370469,21,8
17606,"Berger, Daniel",884,Keene Trace Golf Club (Champion Trace),sg_app,-0.5157555703470302,0.3565055681638959,18,8
17606,"Berger, Daniel",666,Pebble Beach Golf Links,sg_app,-0.7739322989940844,0.3362028317814147,27,8
17606,"Berger, Daniel",528,Pinehurst Resort & Country Club (Course No. 2),sg_app,0.9502156778631778,0.3150926551363546,13,8
17606,"Berger, Daniel",19,TPC Four Seasons Resort,sg_app,-2.0066676201387867,0.3150439971860182,48,8
17606,"Berger, Daniel",8,Trump National Doral,sg_arg,0.2998300718703637,0.9530423707413531,60,8
17606,"Berger, Daniel",205,Spyglass Hill Golf Course,sg_arg,-0.6579532439164879,0.8931748466298375,10,8
17606,"Berger, Daniel",608,Oakmont Country Club,sg_arg,-1.3132271549194843,0.8244183901604997,10,8
17606,"Berger, Daniel",883,TPC Twin Cities,sg_arg,1.7448488229806238,0.7867501524651601,30,8
17606,"Berger, Daniel",744,Torrey Pines (South),sg_arg,0.22823802092303164,0.7582209181562641,20,8
17606,"Berger, Daniel",238,Glen Oaks Club,sg_arg,-0.04642277875113018,0.7336871596058964,27,8
17606,"Berger, Daniel",706,Whistling Straits,sg_arg,0.4638728970025862,0.6993047725504687,41,8
17606,"Berger, Daniel",14,Augusta National Golf Club,sg_arg,0.07160028478858857,0.6966083272472707,23,8
17606,"Berger, Daniel",9,Arnold Palmer's Bay Hill Club & Lodge,sg_arg,0.5611419560274408,0.6663502146645437,55,8
17606,"Berger, Daniel",930,Black Desert Resort,sg_arg,-0.010022895703623087,0.6659138517567389,6,8
17606,"Berger, Daniel",939,Torrey Pines Golf Course (South Course),sg_arg,0.27245621338270615,0.6481740336083687,9,8
17606,"Berger, Daniel",896,Olympia Fields Country Club (North Course),sg_arg,0.25324565210365446,0.6081893022397992,13,8
17606,"Berger, Daniel",977,The Renaissance Club,sg_arg,-0.9337820773399022,0.5766157384771762,16,8
17606,"Berger, Daniel",528,Pinehurst Resort & Country Club (Course No. 2),sg_arg,1.0981659379349502,0.5246733621084892,13,8
17606,"Berger, Daniel",873,Ridgewood CC,sg_arg,-0.05113164123058978,0.5205492472184076,22,8
17606,"Berger, Daniel",19,TPC Four Seasons Resort,sg_arg,0.06260472268911588,0.5175416912724531,48,8
17606,"Berger, Daniel",611,Southern Hills Country Club,sg_arg,0.4758226770884335,0.4980626838282213,21,8
17606,"Berger, Daniel",649,Hualalai Golf Course,sg_arg,-1.1165279856843484,0.44183968801198004,36,8
17606,"Berger, Daniel",698,Quail Hollow Club,sg_arg,0.050202708689510926,0.41704133255957127,52,8
17606,"Berger, Daniel",697,Ocean Course at Kiawah Island,sg_arg,-0.5228251339770245,0.4160654028125454,24,8
17606,"Berger, Daniel",503,TPC River Highlands,sg_arg,-0.9622250451319921,0.4014194396486374,51,8
17606,"Berger, Daniel",235,Eagle Point Golf Club,sg_arg,-0.4198180390101215,0.3990891778199044,21,8
17606,"Berger, Daniel",894,TPC Craig Ranch,sg_arg,-0.1609527182591669,0.3960272487602276,24,8
17606,"Berger, Daniel",885,Royal Portrush Golf Club,sg_arg,0.25252265226252113,0.39205476717281856,15,8
17606,"Berger, Daniel",4,Torrey Pines Golf Course (South Course),sg_arg,-0.03385202994721833,0.3899247548025363,51,8
17606,"Berger, Daniel",729,Golf Club of Houston,sg_arg,0.4607724952843958,0.3790111774135132,54,8
17606,"Berger, Daniel",669,TPC Deere Run,sg_arg,0.14391526444514194,0.3763200181958359,38,8
17606,"Berger, Daniel",500,The Riviera Country Club,sg_arg,-0.05301373458878516,0.36910745033253783,54,8
17606,"Berger, Daniel",616,Robert Trent Jones GC,sg_arg,0.04501264901160056,0.32818114468011245,15,8
17606,"Berger, Daniel",552,Silverado Resort and Spa (North Course),sg_arg,0.5493760586342009,0.30969972483809577,39,8
17606,"Berger, Daniel",931,Tahoe Mountain Club (Old Greenwood),sg_arg,-0.748689207239606,0.3045308878923496,6,8
17606,"Berger, Daniel",8,Trump National Doral,sg_ott,0.49613497502841525,0.9516191919070657,60,8
17606,"Berger, Daniel",931,Tahoe Mountain Club (Old Greenwood),sg_ott,0.9788823065498908,0.857762709347225,6,8
17606,"Berger, Daniel",746,The Country Club of Jackson,sg_ott,0.7924975966387622,0.8252517828177022,32,8
17606,"Berger, Daniel",697,Ocean Course at Kiawah Island,sg_ott,-0.21850717432795055,0.8177837473279898,24,8
17606,"Berger, Daniel",706,Whistling Straits,sg_ott,-0.7672011825812336,0.8125271659699387,41,8
17606,"Berger, Daniel",921,TPC Craig Ranch,sg_ott,0.18639169258966717,0.8124938419538594,15,8
17606,"Berger, Daniel",656,Plantation Course at Kapalua,sg_ott,0.4998829402000388,0.8079739846971773,45,8
17606,"Berger, Daniel",897,Memorial Park Golf Course,sg_ott,0.22826662073583906,0.7975910700248214,29,8
17606,"Berger, Daniel",666,Pebble Beach Golf Links,sg_ott,0.11998913570799934,0.7832355819650828,27,8
17606,"Berger, Daniel",19,TPC Four Seasons Resort,sg_ott,-0.9071848885294563,0.7592243617778875,48,8
17606,"Berger, Daniel",689,El Bosque CC,sg_ott,0.6525330755174681,0.7580306354046243,42,8
17606,"Berger, Daniel",205,Spyglass Hill Golf Course,sg_ott,0.865131357715303,0.7354241572242235,10,8
17606,"Berger, Daniel",665,Innisbrook Resort and Golf Club - Copperhead Course,sg_ott,-0.2443020206661837,0.7274722902336741,54,8
17606,"Berger, Daniel",36,Le Triomphe G&CC,sg_ott,0.13293297221676528,0.721117445741737,58,8
17606,"Berger, Daniel",930,Black Desert Resort,sg_ott,0.10146356794831224,0.7201825483385862,6,8
17606,"Berger, Daniel",872,Quail Hollow Club,sg_ott,-0.25890321110519215,0.7095329685955294,36,8
17606,"Berger, Daniel",669,TPC Deere Run,sg_ott,-0.44479630326390734,0.6958014020825517,38,8
17606,"Berger, Daniel",895,TPC Harding Park,sg_ott,1.2529052388039206,0.6913221539478895,25,8
17606,"Berger, Daniel",789,Conway Farms GC,sg_ott,0.3025306969537944,0.6765431912571337,34,8
17606,"Berger, Daniel",744,Torrey Pines (South),sg_ott,-0.08994907981291321,0.6527298605945488,20,8
17606,"Berger, Daniel",939,Torrey Pines Golf Course (South Course),sg_ott,-0.09805778441929418,0.6420342944454386,9,8
17606,"Berger, Daniel",528,Pinehurst Resort & Country Club (Course No. 2),sg_ott,0.0775845131497463,0.605912040107582,13,8
17606,"Berger, Daniel",704,Pete Dye Stadium Course,sg_ott,-0.2501195962216186,0.5925443054801743,33,8
17606,"Berger, Daniel",2000,Sherwood Country Club,sg_ott,-0.9243715628251621,0.5798439179510387,12,8
17606,"Berger, Daniel",729,Golf Club of Houston,sg_ott,-0.1889444838190392,0.5762066930736335,54,8
17606,"Berger, Daniel",781,Plainfield CC,sg_ott,0.4876402084659928,0.5503579288030632,43,8
17606,"Berger, Daniel",873,Ridgewood CC,sg_ott,-0.17293600989552357,0.5404273606561777,22,8
17606,"Berger, Daniel",243,Trinity Forest Golf Club,sg_ott,-0.24092545254653486,0.5300807114908475,23,8
17606,"Berger, Daniel",534,Bellerive CC,sg_ott,0.1804004300541411,0.5266986928376094,42,8
17606,"Berger, Daniel",21,Colonial Country Club,sg_ott,0.1871885284089076,0.5148436857747805,50,8
17606,"Berger, Daniel",654,The Country Club,sg_ott,0.08141195565851779,0.4887135329746615,13,8
17606,"Berger, Daniel",698,Quail Hollow Club,sg_ott,0.4785842706043145,0.4783427498881751,52,8
17606,"Berger, Daniel",926,Silverado Resort (North Course),sg_ott,-0.27532103300953675,0.4695369826470083,14,8
17606,"Berger, Daniel",883,TPC Twin Cities,sg_ott,-0.13652661754359544,0.45235980784155716,30,8
17606,"Berger, Daniel",734,PGA National Resort (The Champion),sg_ott,0.06436850825539754,0.45228278937398675,56,8
17606,"Berger, Daniel",770,TPC San Antonio - The Oaks Course,sg_ott,-0.05150077956006055,0.45218651003185867,50,8
17606,"Berger, Daniel",241,Quail Hollow-PGA Championship,sg_ott,0.8023596499959436,0.443843453458752,34,8
17606,"Berger, Daniel",884,Keene Trace Golf Club (Champion Trace),sg_ott,-0.6976820305302158,0.4361033501171625,18,8
17606,"Berger, Daniel",14,Augusta National Golf Club,sg_ott,-0.14628232033177507,0.42768357649408206,23,8
17606,"Berger, Daniel",5,Pebble Beach Golf Links,sg_ott,-0.2503905193900294,0.37764395709692644,49,8
17606,"Berger, Daniel",500,The Riviera Country Club,sg_ott,-0.2482186093718181,0.3722795836501979,54,8
17606,"Berger, Daniel",700,TPC Boston,sg_ott,0.24309625460423018,0.31039427326405605,52,8
17606,"Berger, Daniel",8,Trump National Doral,sg_putt,0.2897702454461473,0.9467615659341958,60,8
17606,"Berger, Daniel",2000,Sherwood Country Club,sg_putt,0.9328737956340023,0.8489529445552979,12,8
17606,"Berger, Daniel",928,PGA National  - Champion Course,sg_putt,0.0397033031907294,0.8319135400555944,13,8
17606,"Berger, Daniel",931,Tahoe Mountain Club (Old Greenwood),sg_putt,1.8243979951974834,0.7981479141159207,6,8
17606,"Berger, Daniel",660,Montreux Golf & Country Club,sg_putt,1.126806365103362,0.7895447899934764,8,8
17606,"Berger, Daniel",243,Trinity Forest Golf Club,sg_putt,0.17415937564486195,0.7803268512585968,23,8
17606,"Berger, Daniel",552,Silverado Resort and Spa (North Course),sg_putt,1.153389667630741,0.7652038880499961,39,8
17606,"Berger, Daniel",896,Olympia Fields Country Club (North Course),sg_putt,-0.5257952709590119,0.7300243530921173,13,8
17606,"Berger, Daniel",930,Black Desert Resort,sg_putt,0.4126647184052085,0.709353178421583,6,8
17606,"Berger, Daniel",715,Baltusrol GC,sg_putt,0.09370022111374782,0.6977005838536325,35,8
17606,"Berger, Daniel",744,Torrey Pines (South),sg_putt,0.0320802349811217,0.6493713284526129,20,8
17606,"Berger, Daniel",789,Conway Farms GC,sg_putt,-0.2796268915382187,0.6488976184206149,34,8
17606,"Berger, Daniel",616,Robert Trent Jones GC,sg_putt,-2.976156978264867,0.6145951362159888,15,8
17606,"Berger, Daniel",689,El Bosque CC,sg_putt,-1.1440293094596363,0.6122961641627417,42,8
17606,"Berger, Daniel",697,Ocean Course at Kiawah Island,sg_putt,-0.8143823946186728,0.6047937213752724,24,8
17606,"Berger, Daniel",884,Keene Trace Golf Club (Champion Trace),sg_putt,-0.275000853217469,0.560092074734469,18,8
17606,"Berger, Daniel",706,Whistling Straits,sg_putt,-0.20918809707482916,0.5413193747753923,41,8
17606,"Berger, Daniel",608,Oakmont Country Club,sg_putt,0.9700420579151405,0.5378019635320631,10,8
17606,"Berger, Daniel",873,Ridgewood CC,sg_putt,1.549780331815901,0.5371535915100778,22,8
17606,"Berger, Daniel",898,The Concession Golf Club,sg_putt,0.1395010980926249,0.5261112008538217,13,8
17606,"Berger, Daniel",872,Quail Hollow Club,sg_putt,0.07591773352929482,0.5080732719746718,36,8
17606,"Berger, Daniel",770,TPC San Antonio - The Oaks Course,sg_putt,0.3115666837251521,0.49979074287184344,50,8
17606,"Berger, Daniel",977,The Renaissance Club,sg_putt,-1.062552007769721,0.49863130395531924,16,8
17606,"Berger, Daniel",897,Memorial Park Golf Course,sg_putt,0.36223650237112054,0.46100063008810405,29,8
17606,"Berger, Daniel",649,Hualalai Golf Course,sg_putt,-0.23771923904168552,0.45688429085995663,36,8
17606,"Berger, Daniel",665,Innisbrook Resort and Golf Club - Copperhead Course,sg_putt,-2.157332639870851,0.42909909172145166,54,8
17606,"Berger, Daniel",891,Winged Foot GC,sg_putt,1.0422386082356496,0.4283793448531367,23,8
17606,"Berger, Daniel",883,TPC Twin Cities,sg_putt,-0.8048598752849294,0.41039090006103524,30,8
17606,"Berger, Daniel",669,TPC Deere Run,sg_putt,0.06342598998602567,0.38981961108634927,38,8
17606,"Berger, Daniel",538,TPC Summerlin,sg_putt,1.126613430633583,0.38935899749088204,47,8
17606,"Berger, Daniel",882,Caves Valley Golf Club,sg_putt,-0.3279128916879638,0.36537833409543036,15,8
17606,"Berger, Daniel",886,Liberty National Golf Club,sg_putt,-1.8572777396500961,0.30772935775047244,27,8
17606,"Berger, Daniel",19,TPC Four Seasons Resort,sg_putt,0.2651935357828056,0.3013355876184594,48,8
17606,"Berger, Daniel",8,Trump National Doral,sg_total,0.7718068373865815,0.9534045421133684,71,8
17606,"Berger, Daniel",896,Olympia Fields Country Club (North Course),sg_total,-0.33094700026702917,0.8247619918620935,14,8
17606,"Berger, Daniel",919,El Cardonal at Diamante,sg_total,0.7283933096805882,0.8241756895683453,10,8
17606,"Berger, Daniel",925,Dunes Golf and Beach Club,sg_total,-0.0928348904172469,0.8210465318733497,7,8
17606,"Berger, Daniel",379,The Philadelphia Cricket Club (Wissahickon Course),sg_total,1.1912834863605446,0.7585737211164316,9,8
17606,"Berger, Daniel",19,TPC Four Seasons Resort,sg_total,-2.3814076415355308,0.7535983141081465,50,8
17606,"Berger, Daniel",552,Silverado Resort and Spa (North Course),sg_total,0.3024040005423403,0.7376139349852081,40,8
17606,"Berger, Daniel",891,Winged Foot GC,sg_total,-0.2639017251638165,0.716785908305173,25,8
17606,"Berger, Daniel",939,Torrey Pines Golf Course (South Course),sg_total,1.6579418041835878,0.6930839691436437,10,8
17606,"Berger, Daniel",872,Quail Hollow Club,sg_total,-1.0781572203378251,0.6851889404998475,37,8
17606,"Berger, Daniel",238,Glen Oaks Club,sg_total,-0.05998053226552702,0.6241288288584754,28,8
17606,"Berger, Daniel",746,The Country Club of Jackson,sg_total,1.9761284477487218,0.6225740180522429,34,8
17606,"Berger, Daniel",706,Whistling Straits,sg_total,-0.34303291241409906,0.6145503734924044,59,8
17606,"Berger, Daniel",928,PGA National  - Champion Course,sg_total,-0.06827434539595698,0.6132577956350657,13,8
17606,"Berger, Daniel",977,The Renaissance Club,sg_total,-0.5489362548143177,0.6111814446513488,20,8
17606,"Berger, Daniel",895,TPC Harding Park,sg_total,1.351512779689585,0.6084200207744371,26,8
17606,"Berger, Daniel",770,TPC San Antonio - The Oaks Course,sg_total,0.14305774676804162,0.6076650388350318,54,8
17606,"Berger, Daniel",781,Plainfield CC,sg_total,-2.20788255167174,0.6050669110305169,43,8
17606,"Berger, Daniel",240,Club de Golf Chapultepec,sg_total,1.0780918249277285,0.6020028570371451,32,8
17606,"Berger, Daniel",897,Memorial Park Golf Course,sg_total,-0.10249164058642285,0.5969683733902095,30,8
17606,"Berger, Daniel",4,Torrey Pines Golf Course (South Course),sg_total,-2.792398789102931,0.5869275084275075,56,8
17606,"Berger, Daniel",205,Spyglass Hill Golf Course,sg_total,-1.7581407967358351,0.557455820713923,53,8
17606,"Berger, Daniel",771,The Old White TPC,sg_total,-0.8975801519994834,0.5529609738461922,43,8
17606,"Berger, Daniel",666,Pebble Beach Golf Links,sg_total,-0.03719451059907081,0.5426232759381483,49,8
17606,"Berger, Daniel",14,Augusta National Golf Club,sg_total,-0.8158888097641621,0.5394044836198019,65,8
17606,"Berger, Daniel",822,Las Colinas Country Club,sg_total,2.1402590251311358,0.5373709005340206,27,8
17606,"Berger, Daniel",885,Royal Portrush Golf Club,sg_total,0.6511377580240324,0.52887766569415,30,8
17606,"Berger, Daniel",689,El Bosque CC,sg_total,-1.500498825676333,0.5233518693058378,52,8
17606,"Berger, Daniel",744,Torrey Pines (South),sg_total,0.9584478946572267,0.5214711179618798,46,8
17606,"Berger, Daniel",513,TPC Southwind,sg_total,-1.4161207995228877,0.5150057683020087,55,8
17606,"Berger, Daniel",800,The Abaco Club on Winding Bay,sg_total,-1.5947814140213095,0.5085375076292757,35,8
17606,"Berger, Daniel",700,TPC Boston,sg_total,0.45239794446776205,0.507527023233339,54,8
17606,"Berger, Daniel",769,Monterey Peninsula CC,sg_total,-0.29414611967032683,0.5002066489573296,49,8
17606,"Berger, Daniel",232,Albany GC,sg_total,-0.25443822986355136,0.4445505341369429,18,8
17606,"Berger, Daniel",538,TPC Summerlin,sg_total,0.4767988931248802,0.43235476111085686,50,8
17606,"Berger, Daniel",527,Saucon Valley CC,sg_total,1.316715183973031,0.42812608891688303,43,8
17606,"Berger, Daniel",241,Quail Hollow-PGA Championship,sg_total,0.9608560877103266,0.4265006951284631,37,8
17606,"Berger, Daniel",875,ACCORDIA GOLF Narashino Country Club,sg_total,1.2693312007689945,0.386724896362914,20,8
17606,"Berger, Daniel",778,Royal St. George's GC,sg_total,0.7445632242323151,0.3865346771917013,50,8
17606,"Berger, Daniel",776,Sea Island Golf Club (Seaside Course),sg_total,0.24972304883428353,0.3755012307989047,47,8
17606,"Berger, Daniel",608,Oakmont Country Club,sg_total,0.15579101801600498,0.3547256152850429,53,8
17606,"Berger, Daniel",880,Bethpage Black,sg_total,-0.8396047241364814,0.3513476172401144,30,8
17606,"Berger, Daniel",883,TPC Twin Cities,sg_total,0.0706092421548401,0.35074426673837056,32,8
17606,"Berger, Daniel",876,Detroit Golf Club,sg_total,-1.0346383555803333,0.3154707070451331,31,8
26096,"Bhatia, Akshay",928,PGA National  - Champion Course,sg_app,-0.04087058138976457,0.7671751837159452,13,8
26096,"Bhatia, Akshay",939,Torrey Pines Golf Course (South Course),sg_app,0.8097734529855052,0.7487285792532103,9,8
26096,"Bhatia, Akshay",241,Quail Hollow-PGA Championship,sg_app,-0.5687312453176332,0.7056566483257517,34,8
26096,"Bhatia, Akshay",876,Detroit Golf Club,sg_app,1.0191800228336243,0.6896168809184317,29,8
26096,"Bhatia, Akshay",4,Torrey Pines Golf Course (South Course),sg_app,0.021170839422673504,0.6702800253204808,51,8
26096,"Bhatia, Akshay",872,Quail Hollow Club,sg_app,-0.36648755283613305,0.6423650899143748,36,8
26096,"Bhatia, Akshay",552,Silverado Resort and Spa (North Course),sg_app,-0.08123451226767908,0.6270648570577193,39,8
26096,"Bhatia, Akshay",232,Albany GC,sg_app,0.2735897689981756,0.6223580975544195,7,8
26096,"Bhatia, Akshay",665,Innisbrook Resort and Golf Club - Copperhead Course,sg_app,-0.24744007856473021,0.5909971343340352,54,8
26096,"Bhatia, Akshay",744,Torrey Pines (South),sg_app,-0.5355787707853115,0.5291018199363902,20,8
26096,"Bhatia, Akshay",14,Augusta National Golf Club,sg_app,-0.7824113324137114,0.5249097184931832,23,8
26096,"Bhatia, Akshay",770,TPC San Antonio - The Oaks Course,sg_app,0.32493330216657795,0.524784468692467,50,8
26096,"Bhatia, Akshay",882,Caves Valley Golf Club,sg_app,0.12445766067817976,0.4904074682099971,15,8
26096,"Bhatia, Akshay",885,Royal Portrush Golf Club,sg_app,0.046464902163927846,0.4489419284589953,15,8
26096,"Bhatia, Akshay",510,TPC Scottsdale (Stadium Course),sg_app,-0.06278504750088137,0.4198044142274062,49,8
26096,"Bhatia, Akshay",897,Memorial Park Golf Course,sg_app,1.615361083742132,0.40296007074916906,29,8
26096,"Bhatia, Akshay",874,Hamilton Golf & Country Club,sg_app,-0.26294173739464705,0.39319658002294006,21,8
26096,"Bhatia, Akshay",406,Castle Pines Golf Club,sg_app,-2.317954174565165,0.37629742151287615,7,8
26096,"Bhatia, Akshay",884,Keene Trace Golf Club (Champion Trace),sg_app,0.6392339748576699,0.3565055681638959,18,8
26096,"Bhatia, Akshay",528,Pinehurst Resort & Country Club (Course No. 2),sg_app,-0.9500105210722485,0.3150926551363546,13,8
26096,"Bhatia, Akshay",205,Spyglass Hill Golf Course,sg_arg,1.7703834420035562,0.8931748466298375,10,8
26096,"Bhatia, Akshay",608,Oakmont Country Club,sg_arg,0.5841643003683092,0.8244183901604997,10,8
26096,"Bhatia, Akshay",883,TPC Twin Cities,sg_arg,0.4848820024330956,0.7867501524651601,30,8
26096,"Bhatia, Akshay",744,Torrey Pines (South),sg_arg,0.5555103442549709,0.7582209181562641,20,8
26096,"Bhatia, Akshay",14,Augusta National Golf Club,sg_arg,0.046213012537348,0.6966083272472707,23,8
26096,"Bhatia, Akshay",9,Arnold Palmer's Bay Hill Club & Lodge,sg_arg,1.2881633158678343,0.6663502146645437,55,8
26096,"Bhatia, Akshay",939,Torrey Pines Golf Course (South Course),sg_arg,-0.045223437381682455,0.6481740336083687,9,8
26096,"Bhatia, Akshay",978,Vidanta Vallarta,sg_arg,0.7228079687728663,0.5939369030173401,16,8
26096,"Bhatia, Akshay",528,Pinehurst Resort & Country Club (Course No. 2),sg_arg,1.4295045643616613,0.5246733621084892,13,8
26096,"Bhatia, Akshay",503,TPC River Highlands,sg_arg,-0.48580782824755203,0.4014194396486374,51,8
26096,"Bhatia, Akshay",885,Royal Portrush Golf Club,sg_arg,-0.0708030884192205,0.39205476717281856,15,8
26096,"Bhatia, Akshay",4,Torrey Pines Golf Course (South Course),sg_arg,0.14960207430918188,0.3899247548025363,51,8
26096,"Bhatia, Akshay",669,TPC Deere Run,sg_arg,0.23293390016349202,0.3763200181958359,38,8
26096,"Bhatia, Akshay",500,The Riviera Country Club,sg_arg,-0.05674332367112503,0.36910745033253783,54,8
26096,"Bhatia, Akshay",552,Silverado Resort and Spa (North Course),sg_arg,0.8964417690682149,0.30969972483809577,39,8
26096,"Bhatia, Akshay",746,The Country Club of Jackson,sg_ott,0.13754640726709494,0.8252517828177022,32,8
26096,"Bhatia, Akshay",656,Plantation Course at Kapalua,sg_ott,0.11842252804034223,0.8079739846971773,45,8
26096,"Bhatia, Akshay",897,Memorial Park Golf Course,sg_ott,-0.2280148709960927,0.7975910700248214,29,8
26096,"Bhatia, Akshay",205,Spyglass Hill Golf Course,sg_ott,0.27885038192819495,0.7354241572242235,10,8
26096,"Bhatia, Akshay",665,Innisbrook Resort and Golf Club - Copperhead Course,sg_ott,-0.03624139467321601,0.7274722902336741,54,8
26096,"Bhatia, Akshay",872,Quail Hollow Club,sg_ott,-0.9458433896466282,0.7095329685955294,36,8
26096,"Bhatia, Akshay",232,Albany GC,sg_ott,-0.26026763621019605,0.6990513806604631,7,8
26096,"Bhatia, Akshay",669,TPC Deere Run,sg_ott,-0.21165923927787983,0.6958014020825517,38,8
26096,"Bhatia, Akshay",744,Torrey Pines (South),sg_ott,0.15811477853895384,0.6527298605945488,20,8
26096,"Bhatia, Akshay",939,Torrey Pines Golf Course (South Course),sg_ott,0.22129011491709222,0.6420342944454386,9,8
26096,"Bhatia, Akshay",528,Pinehurst Resort & Country Club (Course No. 2),sg_ott,0.4199545664451484,0.605912040107582,13,8
26096,"Bhatia, Akshay",704,Pete Dye Stadium Course,sg_ott,-1.9276121536299278,0.5925443054801743,33,8
26096,"Bhatia, Akshay",671,Valhalla Golf Club,sg_ott,-0.31601335937387315,0.5447209390309542,42,8
26096,"Bhatia, Akshay",21,Colonial Country Club,sg_ott,0.4279276093233649,0.5148436857747805,50,8
26096,"Bhatia, Akshay",926,Silverado Resort (North Course),sg_ott,0.0005051544834474911,0.4695369826470083,14,8
26096,"Bhatia, Akshay",883,TPC Twin Cities,sg_ott,-1.0469374364365707,0.45235980784155716,30,8
26096,"Bhatia, Akshay",734,PGA National Resort (The Champion),sg_ott,-0.20374593389889994,0.45228278937398675,56,8
26096,"Bhatia, Akshay",770,TPC San Antonio - The Oaks Course,sg_ott,0.4884856155989545,0.45218651003185867,50,8
26096,"Bhatia, Akshay",241,Quail Hollow-PGA Championship,sg_ott,-1.054730515966306,0.443843453458752,34,8
26096,"Bhatia, Akshay",884,Keene Trace Golf Club (Champion Trace),sg_ott,0.07701764167367581,0.4361033501171625,18,8
26096,"Bhatia, Akshay",14,Augusta National Golf Club,sg_ott,-0.5619277064928888,0.42768357649408206,23,8
26096,"Bhatia, Akshay",5,Pebble Beach Golf Links,sg_ott,-0.08032245599095249,0.37764395709692644,49,8
26096,"Bhatia, Akshay",500,The Riviera Country Club,sg_ott,0.2866299614202754,0.3722795836501979,54,8
26096,"Bhatia, Akshay",709,Royal Troon,sg_ott,1.2194151032018885,0.3555471361658512,14,8
26096,"Bhatia, Akshay",709,Royal Troon,sg_putt,-0.4162686154938322,0.8553792953613122,14,8
26096,"Bhatia, Akshay",928,PGA National  - Champion Course,sg_putt,-2.4316831584510408,0.8319135400555944,13,8
26096,"Bhatia, Akshay",552,Silverado Resort and Spa (North Course),sg_putt,1.2246170180616955,0.7652038880499961,39,8
26096,"Bhatia, Akshay",978,Vidanta Vallarta,sg_putt,0.6847983404696211,0.6967043554693465,16,8
26096,"Bhatia, Akshay",744,Torrey Pines (South),sg_putt,-0.4239951227539564,0.6493713284526129,20,8
26096,"Bhatia, Akshay",884,Keene Trace Golf Club (Champion Trace),sg_putt,0.09935059878948982,0.560092074734469,18,8
26096,"Bhatia, Akshay",908,Oakdale Golf & Country Club,sg_putt,-1.6933471551047714,0.5541251730836958,10,8
26096,"Bhatia, Akshay",608,Oakmont Country Club,sg_putt,-1.1001126206560567,0.5378019635320631,10,8
26096,"Bhatia, Akshay",872,Quail Hollow Club,sg_putt,0.45069368183874203,0.5080732719746718,36,8
26096,"Bhatia, Akshay",770,TPC San Antonio - The Oaks Course,sg_putt,0.39626576697193594,0.49979074287184344,50,8
26096,"Bhatia, Akshay",897,Memorial Park Golf Course,sg_putt,0.4471842025048165,0.46100063008810405,29,8
26096,"Bhatia, Akshay",665,Innisbrook Resort and Golf Club - Copperhead Course,sg_putt,0.8616747882177677,0.42909909172145166,54,8
26096,"Bhatia, Akshay",883,TPC Twin Cities,sg_putt,-0.06317700961325956,0.41039090006103524,30,8
26096,"Bhatia, Akshay",669,TPC Deere Run,sg_putt,-0.07824833586514068,0.38981961108634927,38,8
26096,"Bhatia, Akshay",538,TPC Summerlin,sg_putt,0.0924670403124711,0.38935899749088204,47,8
26096,"Bhatia, Akshay",882,Caves Valley Golf Club,sg_putt,-0.26070294662935345,0.36537833409543036,15,8
26096,"Bhatia, Akshay",919,El Cardonal at Diamante,sg_total,0.8511856612928471,0.8241756895683453,10,8
26096,"Bhatia, Akshay",379,The Philadelphia Cricket Club (Wissahickon Course),sg_total,-1.0749670818523474,0.7585737211164316,9,8
26096,"Bhatia, Akshay",406,Castle Pines Golf Club,sg_total,-2.0684487591060607,0.7413756204749691,8,8
26096,"Bhatia, Akshay",552,Silverado Resort and Spa (North Course),sg_total,1.1086433157166207,0.7376139349852081,40,8
26096,"Bhatia, Akshay",978,Vidanta Vallarta,sg_total,1.4854671781852185,0.7044733074594649,17,8
26096,"Bhatia, Akshay",890,Tahoe Mountain Club (Old Greenwood),sg_total,1.2215943831284939,0.7001988553273849,19,8
26096,"Bhatia, Akshay",933,East Lake Golf Club,sg_total,-1.5214479350588959,0.6988564682519897,7,8
26096,"Bhatia, Akshay",939,Torrey Pines Golf Course (South Course),sg_total,1.0488815009853907,0.6930839691436437,10,8
26096,"Bhatia, Akshay",872,Quail Hollow Club,sg_total,-0.2123739668785644,0.6851889404998475,37,8
26096,"Bhatia, Akshay",746,The Country Club of Jackson,sg_total,-1.9604908183572407,0.6225740180522429,34,8
26096,"Bhatia, Akshay",928,PGA National  - Champion Course,sg_total,-2.66589182012947,0.6132577956350657,13,8
26096,"Bhatia, Akshay",770,TPC San Antonio - The Oaks Course,sg_total,1.250964685407863,0.6076650388350318,54,8
26096,"Bhatia, Akshay",897,Memorial Park Golf Course,sg_total,1.4537423699960987,0.5969683733902095,30,8
26096,"Bhatia, Akshay",4,Torrey Pines Golf Course (South Course),sg_total,-0.5382722835383792,0.5869275084275075,56,8
26096,"Bhatia, Akshay",205,Spyglass Hill Golf Course,sg_total,2.8723713636678987,0.557455820713923,53,8
26096,"Bhatia, Akshay",14,Augusta National Golf Club,sg_total,-1.0138925685411588,0.5394044836198019,65,8
26096,"Bhatia, Akshay",885,Royal Portrush Golf Club,sg_total,0.01852468940852814,0.52887766569415,30,8
26096,"Bhatia, Akshay",744,Torrey Pines (South),sg_total,-0.3137276316476825,0.5214711179618798,46,8
26096,"Bhatia, Akshay",513,TPC Southwind,sg_total,0.9895575145842578,0.5150057683020087,55,8
26096,"Bhatia, Akshay",232,Albany GC,sg_total,-0.09411138588136803,0.4445505341369429,18,8
26096,"Bhatia, Akshay",538,TPC Summerlin,sg_total,0.1324031990533867,0.43235476111085686,50,8
26096,"Bhatia, Akshay",241,Quail Hollow-PGA Championship,sg_total,-0.26864608796026496,0.4265006951284631,37,8
26096,"Bhatia, Akshay",875,ACCORDIA GOLF Narashino Country Club,sg_total,0.4225344146635889,0.386724896362914,20,8
26096,"Bhatia, Akshay",776,Sea Island Golf Club (Seaside Course),sg_total,-0.8681625950913285,0.3755012307989047,47,8
26096,"Bhatia, Akshay",608,Oakmont Country Club,sg_total,-1.3939706014304358,0.3547256152850429,53,8
26096,"Bhatia, Akshay",883,TPC Twin Cities,sg_total,-0.8609285085753986,0.35074426673837056,32,8
26096,"Bhatia, Akshay",876,Detroit Golf Club,sg_total,0.3464370520067601,0.3154707070451331,31,8
24956,"Blanchet, Chandler",928,PGA National  - Champion Course,sg_app,1.309552363564432,0.7671751837159452,13,8
24956,"Blanchet, Chandler",4,Torrey Pines Golf Course (South Course),sg_app,0.2565023054807478,0.6702800253204808,51,8
24956,"Blanchet, Chandler",665,Innisbrook Resort and Golf Club - Copperhead Course,sg_app,-0.18060363917107045,0.5909971343340352,54,8
24956,"Blanchet, Chandler",770,TPC San Antonio - The Oaks Course,sg_app,-0.3899222577992401,0.524784468692467,50,8
24956,"Blanchet, Chandler",510,TPC Scottsdale (Stadium Course),sg_app,0.11175718134546643,0.4198044142274062,49,8
24956,"Blanchet, Chandler",897,Memorial Park Golf Course,sg_app,-2.3987352529749497,0.40296007074916906,29,8
24956,"Blanchet, Chandler",4,Torrey Pines Golf Course (South Course),sg_arg,0.6067255232824847,0.3899247548025363,51,8
24956,"Blanchet, Chandler",897,Memorial Park Golf Course,sg_ott,-0.28318414642967205,0.7975910700248214,29,8
24956,"Blanchet, Chandler",665,Innisbrook Resort and Golf Club - Copperhead Course,sg_ott,0.23542170469833718,0.7274722902336741,54,8
24956,"Blanchet, Chandler",704,Pete Dye Stadium Course,sg_ott,0.340943299026659,0.5925443054801743,33,8
24956,"Blanchet, Chandler",770,TPC San Antonio - The Oaks Course,sg_ott,0.31953338876706805,0.45218651003185867,50,8
24956,"Blanchet, Chandler",928,PGA National  - Champion Course,sg_putt,-1.6397980689122678,0.8319135400555944,13,8
24956,"Blanchet, Chandler",770,TPC San Antonio - The Oaks Course,sg_putt,-0.19894514018688303,0.49979074287184344,50,8
24956,"Blanchet, Chandler",897,Memorial Park Golf Course,sg_putt,-0.7608691647535989,0.46100063008810405,29,8
24956,"Blanchet, Chandler",665,Innisbrook Resort and Golf Club - Copperhead Course,sg_putt,1.2247938696554992,0.42909909172145166,54,8
24956,"Blanchet, Chandler",940,Grand Reserve Golf Club,sg_total,2.5315657960640303,0.7634223042119858,8,8
24956,"Blanchet, Chandler",928,PGA National  - Champion Course,sg_total,-0.16027821691327584,0.6132577956350657,13,8
24956,"Blanchet, Chandler",770,TPC San Antonio - The Oaks Course,sg_total,-0.163876314853501,0.6076650388350318,54,8
24956,"Blanchet, Chandler",897,Memorial Park Golf Course,sg_total,-4.04437694895435,0.5969683733902095,30,8
24956,"Blanchet, Chandler",4,Torrey Pines Golf Course (South Course),sg_total,-0.22176414428570299,0.5869275084275075,56,8
24956,"Blanchet, Chandler",922,Dye's Valley Course,sg_total,1.6645112781740903,0.5181238048200913,4,8
24956,"Blanchet, Chandler",608,Oakmont Country Club,sg_total,-0.23743316260270483,0.3547256152850429,53,8
13872,"Bradley, Keegan",8,Trump National Doral,sg_app,0.18564292390942222,0.9465251472181397,60,8
13872,"Bradley, Keegan",896,Olympia Fields Country Club (North Course),sg_app,-0.19458705773058968,0.8315178735937293,13,8
13872,"Bradley, Keegan",939,Torrey Pines Golf Course (South Course),sg_app,0.8900670420644894,0.7487285792532103,9,8
13872,"Bradley, Keegan",902,Congaree Golf Club,sg_app,0.5156096214935112,0.7464172844547262,20,8
13872,"Bradley, Keegan",891,Winged Foot GC,sg_app,0.4153669251168863,0.7126732274142469,23,8
13872,"Bradley, Keegan",240,Club de Golf Chapultepec,sg_app,1.2296865167119277,0.7081210840226253,29,8
13872,"Bradley, Keegan",697,Ocean Course at Kiawah Island,sg_app,0.5297772915578277,0.7069136776164395,24,8
13872,"Bradley, Keegan",241,Quail Hollow-PGA Championship,sg_app,0.5680874530579216,0.7056566483257517,34,8
13872,"Bradley, Keegan",876,Detroit Golf Club,sg_app,-0.4454523980992703,0.6896168809184317,29,8
13872,"Bradley, Keegan",4,Torrey Pines Golf Course (South Course),sg_app,0.06282979396770695,0.6702800253204808,51,8
13872,"Bradley, Keegan",724,Royal Liverpool,sg_app,-0.27511868576838994,0.6632783746768827,14,8
13872,"Bradley, Keegan",237,TPC Potomac at Avenel Farm,sg_app,-0.12296339527410594,0.6615951373353582,23,8
13872,"Bradley, Keegan",880,Bethpage Black,sg_app,0.9771909949329237,0.6551865014282398,28,8
13872,"Bradley, Keegan",43,The Los Angeles Country Club (North Course),sg_app,-2.302057359478621,0.652561798717866,13,8
13872,"Bradley, Keegan",872,Quail Hollow Club,sg_app,0.25019492555310496,0.6423650899143748,36,8
13872,"Bradley, Keegan",552,Silverado Resort and Spa (North Course),sg_app,0.4722579339297581,0.6270648570577193,39,8
13872,"Bradley, Keegan",232,Albany GC,sg_app,0.19388593909371918,0.6223580975544195,7,8
13872,"Bradley, Keegan",665,Innisbrook Resort and Golf Club - Copperhead Course,sg_app,-0.1606916767999328,0.5909971343340352,54,8
13872,"Bradley, Keegan",700,TPC Boston,sg_app,0.7417337581440719,0.5801062715329093,52,8
13872,"Bradley, Keegan",14,Augusta National Golf Club,sg_app,0.0036374829587580357,0.5249097184931832,23,8
13872,"Bradley, Keegan",770,TPC San Antonio - The Oaks Course,sg_app,0.16797722352094152,0.524784468692467,50,8
13872,"Bradley, Keegan",611,Southern Hills Country Club,sg_app,-0.31413672919221286,0.5183385212389265,21,8
13872,"Bradley, Keegan",36,Le Triomphe G&CC,sg_app,0.6486282009882023,0.511720899137967,58,8
13872,"Bradley, Keegan",527,Saucon Valley CC,sg_app,-1.1357905571409794,0.49410026897104875,35,8
13872,"Bradley, Keegan",882,Caves Valley Golf Club,sg_app,0.1163703100832893,0.4904074682099971,15,8
13872,"Bradley, Keegan",977,The Renaissance Club,sg_app,0.3706282422138331,0.47281672246556705,16,8
13872,"Bradley, Keegan",771,The Old White TPC,sg_app,-0.25887168392173787,0.47094988388515785,41,8
13872,"Bradley, Keegan",715,Baltusrol GC,sg_app,0.06590622319544412,0.46574115836652397,35,8
13872,"Bradley, Keegan",885,Royal Portrush Golf Club,sg_app,0.13034932614258657,0.4489419284589953,15,8
13872,"Bradley, Keegan",893,Muirfield Village Golf Club,sg_app,2.445047343452879,0.42322662719000703,23,8
13872,"Bradley, Keegan",510,TPC Scottsdale (Stadium Course),sg_app,0.16739446996432109,0.4198044142274062,49,8
13872,"Bradley, Keegan",897,Memorial Park Golf Course,sg_app,1.267524720552885,0.40296007074916906,29,8
13872,"Bradley, Keegan",874,Hamilton Golf & Country Club,sg_app,-0.3429149130628991,0.39319658002294006,21,8
13872,"Bradley, Keegan",406,Castle Pines Golf Club,sg_app,1.5966626702089364,0.37629742151287615,7,8
13872,"Bradley, Keegan",745,iberostar real club de golf novo sancti petri,sg_app,0.5168933414448817,0.35496164779815254,48,8
13872,"Bradley, Keegan",666,Pebble Beach Golf Links,sg_app,-0.829867798440128,0.3362028317814147,27,8
13872,"Bradley, Keegan",528,Pinehurst Resort & Country Club (Course No. 2),sg_app,0.7511729309772435,0.3150926551363546,13,8
13872,"Bradley, Keegan",19,TPC Four Seasons Resort,sg_app,0.3505714176519791,0.3150439971860182,48,8
13872,"Bradley, Keegan",8,Trump National Doral,sg_arg,0.29170929327352946,0.9530423707413531,60,8
13872,"Bradley, Keegan",205,Spyglass Hill Golf Course,sg_arg,1.702479089468972,0.8931748466298375,10,8
13872,"Bradley, Keegan",608,Oakmont Country Club,sg_arg,1.2885003558781807,0.8244183901604997,10,8
13872,"Bradley, Keegan",883,TPC Twin Cities,sg_arg,-0.14032864226196484,0.7867501524651601,30,8
13872,"Bradley, Keegan",238,Glen Oaks Club,sg_arg,-0.04148572378492081,0.7336871596058964,27,8
13872,"Bradley, Keegan",706,Whistling Straits,sg_arg,0.4471673803551627,0.6993047725504687,41,8
13872,"Bradley, Keegan",14,Augusta National Golf Club,sg_arg,-0.15438879803351663,0.6966083272472707,23,8
13872,"Bradley, Keegan",9,Arnold Palmer's Bay Hill Club & Lodge,sg_arg,0.025708845738650343,0.6663502146645437,55,8
13872,"Bradley, Keegan",939,Torrey Pines Golf Course (South Course),sg_arg,-0.15513442307582714,0.6481740336083687,9,8
13872,"Bradley, Keegan",896,Olympia Fields Country Club (North Course),sg_arg,-0.4755074191066872,0.6081893022397992,13,8
13872,"Bradley, Keegan",977,The Renaissance Club,sg_arg,-0.5655019879232206,0.5766157384771762,16,8
13872,"Bradley, Keegan",773,Aronimink GC,sg_arg,0.21125353139071207,0.5548743356281888,36,8
13872,"Bradley, Keegan",528,Pinehurst Resort & Country Club (Course No. 2),sg_arg,-0.35455384412443647,0.5246733621084892,13,8
13872,"Bradley, Keegan",873,Ridgewood CC,sg_arg,-0.45657225313463845,0.5205492472184076,22,8
13872,"Bradley, Keegan",19,TPC Four Seasons Resort,sg_arg,-0.21466163334627675,0.5175416912724531,48,8
13872,"Bradley, Keegan",611,Southern Hills Country Club,sg_arg,0.18622461930105194,0.4980626838282213,21,8
13872,"Bradley, Keegan",716,Shaughnessy G&CC,sg_arg,-0.44041463866732966,0.47292459226589256,23,8
13872,"Bradley, Keegan",514,Oak Hill Country Club,sg_arg,-0.012409864134540705,0.4528767618255562,14,8
13872,"Bradley, Keegan",649,Hualalai Golf Course,sg_arg,-0.6806796531253918,0.44183968801198004,36,8
13872,"Bradley, Keegan",698,Quail Hollow Club,sg_arg,0.13104225063741226,0.41704133255957127,52,8
13872,"Bradley, Keegan",697,Ocean Course at Kiawah Island,sg_arg,0.2000043513652383,0.4160654028125454,24,8
13872,"Bradley, Keegan",503,TPC River Highlands,sg_arg,-0.14140334831760382,0.4014194396486374,51,8
13872,"Bradley, Keegan",885,Royal Portrush Golf Club,sg_arg,0.629195251934432,0.39205476717281856,15,8
13872,"Bradley, Keegan",4,Torrey Pines Golf Course (South Course),sg_arg,0.14822494059727848,0.3899247548025363,51,8
13872,"Bradley, Keegan",729,Golf Club of Houston,sg_arg,0.3339313129269194,0.3790111774135132,54,8
13872,"Bradley, Keegan",669,TPC Deere Run,sg_arg,0.7348439714069014,0.3763200181958359,38,8
13872,"Bradley, Keegan",500,The Riviera Country Club,sg_arg,0.15448069759880118,0.36910745033253783,54,8
13872,"Bradley, Keegan",902,Congaree Golf Club,sg_arg,-0.10524904197771735,0.31392215570295146,20,8
13872,"Bradley, Keegan",552,Silverado Resort and Spa (North Course),sg_arg,0.6116299075551797,0.30969972483809577,39,8
13872,"Bradley, Keegan",745,iberostar real club de golf novo sancti petri,sg_arg,-0.6806537732150861,0.303356471156665,48,8
13872,"Bradley, Keegan",8,Trump National Doral,sg_ott,0.051807076089208204,0.9516191919070657,60,8
13872,"Bradley, Keegan",901,Wilmington Country Club,sg_ott,0.40615054319831667,0.8630761206823632,8,8
13872,"Bradley, Keegan",746,The Country Club of Jackson,sg_ott,0.2825224103004503,0.8252517828177022,32,8
13872,"Bradley, Keegan",697,Ocean Course at Kiawah Island,sg_ott,0.8762193014449855,0.8177837473279898,24,8
13872,"Bradley, Keegan",514,Oak Hill Country Club,sg_ott,-0.006601087216310274,0.8127203741169257,14,8
13872,"Bradley, Keegan",706,Whistling Straits,sg_ott,-0.9657556718052119,0.8125271659699387,41,8
13872,"Bradley, Keegan",656,Plantation Course at Kapalua,sg_ott,-0.06476643874241365,0.8079739846971773,45,8
13872,"Bradley, Keegan",897,Memorial Park Golf Course,sg_ott,0.08968896468889244,0.7975910700248214,29,8
13872,"Bradley, Keegan",666,Pebble Beach Golf Links,sg_ott,-1.6939168950834913,0.7832355819650828,27,8
13872,"Bradley, Keegan",19,TPC Four Seasons Resort,sg_ott,-0.013514244428091932,0.7592243617778875,48,8
13872,"Bradley, Keegan",689,El Bosque CC,sg_ott,0.03276074993754802,0.7580306354046243,42,8
13872,"Bradley, Keegan",505,Cherry Hills CC,sg_ott,-0.13759758949383025,0.7529027101413989,25,8
13872,"Bradley, Keegan",773,Aronimink GC,sg_ott,0.13608251982674446,0.7357449899129523,36,8
13872,"Bradley, Keegan",205,Spyglass Hill Golf Course,sg_ott,0.3766060167656429,0.7354241572242235,10,8
13872,"Bradley, Keegan",665,Innisbrook Resort and Golf Club - Copperhead Course,sg_ott,0.0752408199469223,0.7274722902336741,54,8
13872,"Bradley, Keegan",36,Le Triomphe G&CC,sg_ott,0.33766057066584854,0.721117445741737,58,8
13872,"Bradley, Keegan",872,Quail Hollow Club,sg_ott,-0.4194128822766453,0.7095329685955294,36,8
13872,"Bradley, Keegan",232,Albany GC,sg_ott,-0.2005885648515728,0.6990513806604631,7,8
13872,"Bradley, Keegan",669,TPC Deere Run,sg_ott,0.05036000934489658,0.6958014020825517,38,8
13872,"Bradley, Keegan",895,TPC Harding Park,sg_ott,0.5519565000754599,0.6913221539478895,25,8
13872,"Bradley, Keegan",789,Conway Farms GC,sg_ott,-0.06798680012176758,0.6765431912571337,34,8
13872,"Bradley, Keegan",237,TPC Potomac at Avenel Farm,sg_ott,0.7100929503424955,0.6685057551764296,23,8
13872,"Bradley, Keegan",43,The Los Angeles Country Club (North Course),sg_ott,-0.7658194396728125,0.6561752385219565,13,8
13872,"Bradley, Keegan",939,Torrey Pines Golf Course (South Course),sg_ott,0.3090605969476237,0.6420342944454386,9,8
13872,"Bradley, Keegan",348,Medinah Country Club (No. 3),sg_ott,0.9963263513816988,0.6402835614018546,18,8
13872,"Bradley, Keegan",528,Pinehurst Resort & Country Club (Course No. 2),sg_ott,-0.5475024200194093,0.605912040107582,13,8
13872,"Bradley, Keegan",704,Pete Dye Stadium Course,sg_ott,-0.7655912707983461,0.5925443054801743,33,8
13872,"Bradley, Keegan",729,Golf Club of Houston,sg_ott,-0.2440661826477083,0.5762066930736335,54,8
13872,"Bradley, Keegan",781,Plainfield CC,sg_ott,0.7318412993106975,0.5503579288030632,43,8
13872,"Bradley, Keegan",671,Valhalla Golf Club,sg_ott,1.4835409199343923,0.5447209390309542,42,8
13872,"Bradley, Keegan",873,Ridgewood CC,sg_ott,-0.5485976802576239,0.5404273606561777,22,8
13872,"Bradley, Keegan",534,Bellerive CC,sg_ott,0.2762441569661596,0.5266986928376094,42,8
13872,"Bradley, Keegan",21,Colonial Country Club,sg_ott,0.8224084421819532,0.5148436857747805,50,8
13872,"Bradley, Keegan",745,iberostar real club de golf novo sancti petri,sg_ott,0.5318724058580752,0.512595938540274,48,8
13872,"Bradley, Keegan",716,Shaughnessy G&CC,sg_ott,0.3547842019729357,0.4909383551880704,23,8
13872,"Bradley, Keegan",654,The Country Club,sg_ott,0.09187604429734092,0.4887135329746615,13,8
13872,"Bradley, Keegan",698,Quail Hollow Club,sg_ott,-0.6337845222578523,0.4783427498881751,52,8
13872,"Bradley, Keegan",883,TPC Twin Cities,sg_ott,-0.2146771429941811,0.45235980784155716,30,8
13872,"Bradley, Keegan",734,PGA National Resort (The Champion),sg_ott,0.40341404568907674,0.45228278937398675,56,8
13872,"Bradley, Keegan",770,TPC San Antonio - The Oaks Course,sg_ott,-0.5940946710606019,0.45218651003185867,50,8
13872,"Bradley, Keegan",241,Quail Hollow-PGA Championship,sg_ott,0.4954483799052719,0.443843453458752,34,8
13872,"Bradley, Keegan",14,Augusta National Golf Club,sg_ott,0.10708065775865148,0.42768357649408206,23,8
13872,"Bradley, Keegan",32,Glen Abbey GC,sg_ott,-0.008729225328477135,0.38804505962737723,40,8
13872,"Bradley, Keegan",5,Pebble Beach Golf Links,sg_ott,0.11708483461094325,0.37764395709692644,49,8
13872,"Bradley, Keegan",500,The Riviera Country Club,sg_ott,-0.40058707554203576,0.3722795836501979,54,8
13872,"Bradley, Keegan",709,Royal Troon,sg_ott,0.35580171320010856,0.3555471361658512,14,8
13872,"Bradley, Keegan",700,TPC Boston,sg_ott,-0.1640780644280135,0.31039427326405605,52,8
13872,"Bradley, Keegan",8,Trump National Doral,sg_putt,-0.38801567989927754,0.9467615659341958,60,8
13872,"Bradley, Keegan",709,Royal Troon,sg_putt,-1.7112091622981216,0.8553792953613122,14,8
13872,"Bradley, Keegan",552,Silverado Resort and Spa (North Course),sg_putt,-0.978521188008813,0.7652038880499961,39,8
13872,"Bradley, Keegan",896,Olympia Fields Country Club (North Course),sg_putt,0.326460317383664,0.7300243530921173,13,8
13872,"Bradley, Keegan",715,Baltusrol GC,sg_putt,0.24692896839133666,0.6977005838536325,35,8
13872,"Bradley, Keegan",716,Shaughnessy G&CC,sg_putt,-0.019925173851774197,0.674144278098646,23,8
13872,"Bradley, Keegan",789,Conway Farms GC,sg_putt,0.11531233339633351,0.6488976184206149,34,8
13872,"Bradley, Keegan",689,El Bosque CC,sg_putt,-0.38496896420241744,0.6122961641627417,42,8
13872,"Bradley, Keegan",697,Ocean Course at Kiawah Island,sg_putt,0.26000300921725683,0.6047937213752724,24,8
13872,"Bradley, Keegan",745,iberostar real club de golf novo sancti petri,sg_putt,-1.2094306161300623,0.582420842072087,48,8
13872,"Bradley, Keegan",505,Cherry Hills CC,sg_putt,0.10627418577866399,0.5727829869764955,25,8
13872,"Bradley, Keegan",43,The Los Angeles Country Club (North Course),sg_putt,0.44264550342584474,0.5587238547117286,13,8
13872,"Bradley, Keegan",706,Whistling Straits,sg_putt,-0.25916463811742435,0.5413193747753923,41,8
13872,"Bradley, Keegan",608,Oakmont Country Club,sg_putt,0.13177302915508698,0.5378019635320631,10,8
13872,"Bradley, Keegan",873,Ridgewood CC,sg_putt,0.13050578077446673,0.5371535915100778,22,8
13872,"Bradley, Keegan",668,St. Andrews Links (Old Course),sg_putt,-0.7439536330414571,0.5243576462108127,16,8
13872,"Bradley, Keegan",773,Aronimink GC,sg_putt,1.9879563568734882,0.5110050494003415,36,8
13872,"Bradley, Keegan",872,Quail Hollow Club,sg_putt,0.02108392733990494,0.5080732719746718,36,8
13872,"Bradley, Keegan",770,TPC San Antonio - The Oaks Course,sg_putt,-0.9481561912592352,0.49979074287184344,50,8
13872,"Bradley, Keegan",977,The Renaissance Club,sg_putt,-2.0133246965891094,0.49863130395531924,16,8
13872,"Bradley, Keegan",902,Congaree Golf Club,sg_putt,0.7874402651853734,0.47712841747238366,20,8
13872,"Bradley, Keegan",897,Memorial Park Golf Course,sg_putt,-1.4305829666097782,0.46100063008810405,29,8
13872,"Bradley, Keegan",649,Hualalai Golf Course,sg_putt,-0.02482954293126738,0.45688429085995663,36,8
13872,"Bradley, Keegan",665,Innisbrook Resort and Golf Club - Copperhead Course,sg_putt,-0.13207851679892801,0.42909909172145166,54,8
13872,"Bradley, Keegan",891,Winged Foot GC,sg_putt,-0.3527338442841441,0.4283793448531367,23,8
13872,"Bradley, Keegan",883,TPC Twin Cities,sg_putt,-0.2579556315547391,0.41039090006103524,30,8
13872,"Bradley, Keegan",669,TPC Deere Run,sg_putt,-1.3216726213881542,0.38981961108634927,38,8
13872,"Bradley, Keegan",538,TPC Summerlin,sg_putt,-0.8904232056291603,0.38935899749088204,47,8
13872,"Bradley, Keegan",514,Oak Hill Country Club,sg_putt,0.5901398076721074,0.3788799219519931,14,8
13872,"Bradley, Keegan",882,Caves Valley Golf Club,sg_putt,-0.28427679626141517,0.36537833409543036,15,8
13872,"Bradley, Keegan",886,Liberty National Golf Club,sg_putt,0.7155585971303516,0.30772935775047244,27,8
13872,"Bradley, Keegan",19,TPC Four Seasons Resort,sg_putt,0.305878337663924,0.3013355876184594,48,8
13872,"Bradley, Keegan",8,Trump National Doral,sg_total,0.03168211384367467,0.9534045421133684,71,8
13872,"Bradley, Keegan",896,Olympia Fields Country Club (North Course),sg_total,-0.1787295916733919,0.8247619918620935,14,8
13872,"Bradley, Keegan",379,The Philadelphia Cricket Club (Wissahickon Course),sg_total,-0.23017773717496384,0.7585737211164316,9,8
13872,"Bradley, Keegan",19,TPC Four Seasons Resort,sg_total,0.40350314349071204,0.7535983141081465,50,8
13872,"Bradley, Keegan",43,The Los Angeles Country Club (North Course),sg_total,-2.107799921594744,0.7514161263884058,15,8
13872,"Bradley, Keegan",406,Castle Pines Golf Club,sg_total,2.3663141633659186,0.7413756204749691,8,8
13872,"Bradley, Keegan",552,Silverado Resort and Spa (North Course),sg_total,-0.18824342907313474,0.7376139349852081,40,8
13872,"Bradley, Keegan",901,Wilmington Country Club,sg_total,-1.6119810483646855,0.7257352782065652,8,8
13872,"Bradley, Keegan",891,Winged Foot GC,sg_total,-0.029596937277553553,0.716785908305173,25,8
13872,"Bradley, Keegan",773,Aronimink GC,sg_total,2.766657535223661,0.7020395410088385,37,8
13872,"Bradley, Keegan",933,East Lake Golf Club,sg_total,-1.6898411304256842,0.6988564682519897,7,8
13872,"Bradley, Keegan",939,Torrey Pines Golf Course (South Course),sg_total,-0.34530733834429006,0.6930839691436437,10,8
13872,"Bradley, Keegan",872,Quail Hollow Club,sg_total,0.27949520190613397,0.6851889404998475,37,8
13872,"Bradley, Keegan",238,Glen Oaks Club,sg_total,-0.1456084906189104,0.6241288288584754,28,8
13872,"Bradley, Keegan",746,The Country Club of Jackson,sg_total,1.0945158941868103,0.6225740180522429,34,8
13872,"Bradley, Keegan",706,Whistling Straits,sg_total,-0.8095769130839399,0.6145503734924044,59,8
13872,"Bradley, Keegan",977,The Renaissance Club,sg_total,-3.340557297017205,0.6111814446513488,20,8
13872,"Bradley, Keegan",895,TPC Harding Park,sg_total,-1.2216638986937813,0.6084200207744371,26,8
13872,"Bradley, Keegan",770,TPC San Antonio - The Oaks Course,sg_total,-0.3223353177721028,0.6076650388350318,54,8
13872,"Bradley, Keegan",781,Plainfield CC,sg_total,-3.183266295127275,0.6050669110305169,43,8
13872,"Bradley, Keegan",514,Oak Hill Country Club,sg_total,0.5562128072079053,0.6041384175417843,15,8
13872,"Bradley, Keegan",240,Club de Golf Chapultepec,sg_total,1.6526363414763603,0.6020028570371451,32,8
13872,"Bradley, Keegan",897,Memorial Park Golf Course,sg_total,-1.3902042927419689,0.5969683733902095,30,8
13872,"Bradley, Keegan",4,Torrey Pines Golf Course (South Course),sg_total,0.01727581936333064,0.5869275084275075,56,8
13872,"Bradley, Keegan",205,Spyglass Hill Golf Course,sg_total,1.8708011913519103,0.557455820713923,53,8
13872,"Bradley, Keegan",771,The Old White TPC,sg_total,0.18824297569785756,0.5529609738461922,43,8
13872,"Bradley, Keegan",818,Chambers Bay GC,sg_total,-0.0007195827570001534,0.5439215943066038,38,8
13872,"Bradley, Keegan",666,Pebble Beach Golf Links,sg_total,-2.588280696970101,0.5426232759381483,49,8
13872,"Bradley, Keegan",14,Augusta National Golf Club,sg_total,0.3929269712295813,0.5394044836198019,65,8
13872,"Bradley, Keegan",822,Las Colinas Country Club,sg_total,-1.1575949835821702,0.5373709005340206,27,8
13872,"Bradley, Keegan",885,Royal Portrush Golf Club,sg_total,-0.11199119948579095,0.52887766569415,30,8
13872,"Bradley, Keegan",689,El Bosque CC,sg_total,-0.3595700163175257,0.5233518693058378,52,8
13872,"Bradley, Keegan",513,TPC Southwind,sg_total,-1.1284379373277253,0.5150057683020087,55,8
13872,"Bradley, Keegan",800,The Abaco Club on Winding Bay,sg_total,1.3895129958373895,0.5085375076292757,35,8
13872,"Bradley, Keegan",700,TPC Boston,sg_total,0.249460226866578,0.507527023233339,54,8
13872,"Bradley, Keegan",780,Atlanta Athletic Club,sg_total,4.073347629935221,0.5002089628986955,46,8
13872,"Bradley, Keegan",769,Monterey Peninsula CC,sg_total,5.199836776577588,0.5002066489573296,49,8
13872,"Bradley, Keegan",232,Albany GC,sg_total,-0.18130986898295876,0.4445505341369429,18,8
13872,"Bradley, Keegan",538,TPC Summerlin,sg_total,-1.081538499076319,0.43235476111085686,50,8
13872,"Bradley, Keegan",100,Omni Tucson National,sg_total,1.4032804172429998,0.4299162671909255,45,8
13872,"Bradley, Keegan",527,Saucon Valley CC,sg_total,-1.9041328231192878,0.42812608891688303,43,8
13872,"Bradley, Keegan",505,Cherry Hills CC,sg_total,-1.4031820816427127,0.42732051022224193,25,8
13872,"Bradley, Keegan",241,Quail Hollow-PGA Championship,sg_total,1.6219860416216534,0.4265006951284631,37,8
13872,"Bradley, Keegan",902,Congaree Golf Club,sg_total,1.0234852840726985,0.41161328631299193,21,8
13872,"Bradley, Keegan",875,ACCORDIA GOLF Narashino Country Club,sg_total,1.0353162042279198,0.386724896362914,20,8
13872,"Bradley, Keegan",778,Royal St. George's GC,sg_total,-0.6482527178704062,0.3865346771917013,50,8
13872,"Bradley, Keegan",776,Sea Island Golf Club (Seaside Course),sg_total,-0.17520452604066705,0.3755012307989047,47,8
13872,"Bradley, Keegan",608,Oakmont Country Club,sg_total,0.47254103267638015,0.3547256152850429,53,8
13872,"Bradley, Keegan",880,Bethpage Black,sg_total,0.7369189624307896,0.3513476172401144,30,8
13872,"Bradley, Keegan",883,TPC Twin Cities,sg_total,-0.6315976049752574,0.35074426673837056,32,8
13872,"Bradley, Keegan",876,Detroit Golf Club,sg_total,-0.3776521776621502,0.3154707070451331,31,8
29433,"Bridgeman, Jacob",928,PGA National  - Champion Course,sg_app,0.9725446339456519,0.7671751837159452,13,8
29433,"Bridgeman, Jacob",241,Quail Hollow-PGA Championship,sg_app,-0.8721697845767268,0.7056566483257517,34,8
29433,"Bridgeman, Jacob",876,Detroit Golf Club,sg_app,0.6042926039866077,0.6896168809184317,29,8
29433,"Bridgeman, Jacob",4,Torrey Pines Golf Course (South Course),sg_app,-0.38003481214389245,0.6702800253204808,51,8
29433,"Bridgeman, Jacob",665,Innisbrook Resort and Golf Club - Copperhead Course,sg_app,0.020785716564227757,0.5909971343340352,54,8
29433,"Bridgeman, Jacob",931,Tahoe Mountain Club (Old Greenwood),sg_app,-0.5767871511749629,0.5425266516366192,6,8
29433,"Bridgeman, Jacob",14,Augusta National Golf Club,sg_app,0.11433680168396984,0.5249097184931832,23,8
29433,"Bridgeman, Jacob",770,TPC San Antonio - The Oaks Course,sg_app,-0.015228682995262394,0.524784468692467,50,8
29433,"Bridgeman, Jacob",882,Caves Valley Golf Club,sg_app,0.9738029986353683,0.4904074682099971,15,8
29433,"Bridgeman, Jacob",977,The Renaissance Club,sg_app,-0.7704671560816069,0.47281672246556705,16,8
29433,"Bridgeman, Jacob",510,TPC Scottsdale (Stadium Course),sg_app,-0.2665804200729169,0.4198044142274062,49,8
29433,"Bridgeman, Jacob",897,Memorial Park Golf Course,sg_app,0.3238735475498442,0.40296007074916906,29,8
29433,"Bridgeman, Jacob",874,Hamilton Golf & Country Club,sg_app,-0.09891790039739404,0.39319658002294006,21,8
29433,"Bridgeman, Jacob",884,Keene Trace Golf Club (Champion Trace),sg_app,-0.20418283826670214,0.3565055681638959,18,8
29433,"Bridgeman, Jacob",205,Spyglass Hill Golf Course,sg_arg,1.839878531137575,0.8931748466298375,10,8
29433,"Bridgeman, Jacob",608,Oakmont Country Club,sg_arg,-0.16889205204800828,0.8244183901604997,10,8
29433,"Bridgeman, Jacob",883,TPC Twin Cities,sg_arg,-0.18013672901806538,0.7867501524651601,30,8
29433,"Bridgeman, Jacob",14,Augusta National Golf Club,sg_arg,0.5231539603816284,0.6966083272472707,23,8
29433,"Bridgeman, Jacob",9,Arnold Palmer's Bay Hill Club & Lodge,sg_arg,0.04909219822305427,0.6663502146645437,55,8
29433,"Bridgeman, Jacob",930,Black Desert Resort,sg_arg,-0.37873710214979084,0.6659138517567389,6,8
29433,"Bridgeman, Jacob",978,Vidanta Vallarta,sg_arg,0.4273577694957405,0.5939369030173401,16,8
29433,"Bridgeman, Jacob",977,The Renaissance Club,sg_arg,0.4182517971928184,0.5766157384771762,16,8
29433,"Bridgeman, Jacob",503,TPC River Highlands,sg_arg,-0.15959495085032255,0.4014194396486374,51,8
29433,"Bridgeman, Jacob",4,Torrey Pines Golf Course (South Course),sg_arg,-0.9496748208736382,0.3899247548025363,51,8
29433,"Bridgeman, Jacob",669,TPC Deere Run,sg_arg,0.20117782956624164,0.3763200181958359,38,8
29433,"Bridgeman, Jacob",500,The Riviera Country Club,sg_arg,-0.3553383343751148,0.36910745033253783,54,8
29433,"Bridgeman, Jacob",931,Tahoe Mountain Club (Old Greenwood),sg_arg,0.39280789968396984,0.3045308878923496,6,8
29433,"Bridgeman, Jacob",931,Tahoe Mountain Club (Old Greenwood),sg_ott,-0.6697982672716793,0.857762709347225,6,8
29433,"Bridgeman, Jacob",746,The Country Club of Jackson,sg_ott,-0.14329930804030847,0.8252517828177022,32,8
29433,"Bridgeman, Jacob",921,TPC Craig Ranch,sg_ott,-0.6252512071666532,0.8124938419538594,15,8
29433,"Bridgeman, Jacob",897,Memorial Park Golf Course,sg_ott,0.22876529708667415,0.7975910700248214,29,8
29433,"Bridgeman, Jacob",205,Spyglass Hill Golf Course,sg_ott,-0.25508853868764375,0.7354241572242235,10,8
29433,"Bridgeman, Jacob",665,Innisbrook Resort and Golf Club - Copperhead Course,sg_ott,0.11792455113043482,0.7274722902336741,54,8
29433,"Bridgeman, Jacob",930,Black Desert Resort,sg_ott,0.6451924887442964,0.7201825483385862,6,8
29433,"Bridgeman, Jacob",669,TPC Deere Run,sg_ott,-0.013473012338266172,0.6958014020825517,38,8
29433,"Bridgeman, Jacob",704,Pete Dye Stadium Course,sg_ott,0.6339522136266169,0.5925443054801743,33,8
29433,"Bridgeman, Jacob",21,Colonial Country Club,sg_ott,-1.2179907983886533,0.5148436857747805,50,8
29433,"Bridgeman, Jacob",926,Silverado Resort (North Course),sg_ott,-1.4250447477371064,0.4695369826470083,14,8
29433,"Bridgeman, Jacob",883,TPC Twin Cities,sg_ott,0.40756826617886094,0.45235980784155716,30,8
29433,"Bridgeman, Jacob",770,TPC San Antonio - The Oaks Course,sg_ott,-0.6039824380447627,0.45218651003185867,50,8
29433,"Bridgeman, Jacob",241,Quail Hollow-PGA Championship,sg_ott,-0.1674504227855578,0.443843453458752,34,8
29433,"Bridgeman, Jacob",884,Keene Trace Golf Club (Champion Trace),sg_ott,-0.48887437749613466,0.4361033501171625,18,8
29433,"Bridgeman, Jacob",14,Augusta National Golf Club,sg_ott,-0.10011447369598991,0.42768357649408206,23,8
29433,"Bridgeman, Jacob",5,Pebble Beach Golf Links,sg_ott,-0.6274218720209771,0.37764395709692644,49,8
29433,"Bridgeman, Jacob",500,The Riviera Country Club,sg_ott,0.37721551215581034,0.3722795836501979,54,8
29433,"Bridgeman, Jacob",928,PGA National  - Champion Course,sg_putt,0.904452385205597,0.8319135400555944,13,8
29433,"Bridgeman, Jacob",931,Tahoe Mountain Club (Old Greenwood),sg_putt,-1.3320629228028704,0.7981479141159207,6,8
29433,"Bridgeman, Jacob",930,Black Desert Resort,sg_putt,-0.9926351554383299,0.709353178421583,6,8
29433,"Bridgeman, Jacob",978,Vidanta Vallarta,sg_putt,-0.6915902478011642,0.6967043554693465,16,8
29433,"Bridgeman, Jacob",884,Keene Trace Golf Club (Champion Trace),sg_putt,0.24283301461426282,0.560092074734469,18,8
29433,"Bridgeman, Jacob",608,Oakmont Country Club,sg_putt,-0.925765617964295,0.5378019635320631,10,8
29433,"Bridgeman, Jacob",770,TPC San Antonio - The Oaks Course,sg_putt,0.5882674493116626,0.49979074287184344,50,8
29433,"Bridgeman, Jacob",977,The Renaissance Club,sg_putt,-1.5763182732588656,0.49863130395531924,16,8
29433,"Bridgeman, Jacob",897,Memorial Park Golf Course,sg_putt,-0.2098490965385781,0.46100063008810405,29,8
29433,"Bridgeman, Jacob",665,Innisbrook Resort and Golf Club - Copperhead Course,sg_putt,0.5544462857018688,0.42909909172145166,54,8
29433,"Bridgeman, Jacob",883,TPC Twin Cities,sg_putt,-0.024135446118724563,0.41039090006103524,30,8
29433,"Bridgeman, Jacob",669,TPC Deere Run,sg_putt,0.3167525294686839,0.38981961108634927,38,8
29433,"Bridgeman, Jacob",538,TPC Summerlin,sg_putt,0.19802743663133715,0.38935899749088204,47,8
29433,"Bridgeman, Jacob",882,Caves Valley Golf Club,sg_putt,-1.0803797247974667,0.36537833409543036,15,8
29433,"Bridgeman, Jacob",919,El Cardonal at Diamante,sg_total,-0.20186323694327601,0.8241756895683453,10,8
29433,"Bridgeman, Jacob",925,Dunes Golf and Beach Club,sg_total,-0.6702066325621394,0.8210465318733497,7,8
29433,"Bridgeman, Jacob",379,The Philadelphia Cricket Club (Wissahickon Course),sg_total,1.8008831284902418,0.7585737211164316,9,8
29433,"Bridgeman, Jacob",552,Silverado Resort and Spa (North Course),sg_total,0.8574279799325091,0.7376139349852081,40,8
29433,"Bridgeman, Jacob",978,Vidanta Vallarta,sg_total,-0.4626370489888283,0.7044733074594649,17,8
29433,"Bridgeman, Jacob",746,The Country Club of Jackson,sg_total,0.12642171609786113,0.6225740180522429,34,8
29433,"Bridgeman, Jacob",928,PGA National  - Champion Course,sg_total,1.450436464095596,0.6132577956350657,13,8
29433,"Bridgeman, Jacob",977,The Renaissance Club,sg_total,-2.2434566284452986,0.6111814446513488,20,8
29433,"Bridgeman, Jacob",770,TPC San Antonio - The Oaks Course,sg_total,-0.5357272509339037,0.6076650388350318,54,8
29433,"Bridgeman, Jacob",897,Memorial Park Golf Course,sg_total,0.1794330148389771,0.5969683733902095,30,8
29433,"Bridgeman, Jacob",4,Torrey Pines Golf Course (South Course),sg_total,-0.5427721219322686,0.5869275084275075,56,8
29433,"Bridgeman, Jacob",205,Spyglass Hill Golf Course,sg_total,4.329785901362361,0.557455820713923,53,8
29433,"Bridgeman, Jacob",14,Augusta National Golf Club,sg_total,-0.7307957769366734,0.5394044836198019,65,8
29433,"Bridgeman, Jacob",513,TPC Southwind,sg_total,0.8187556999019936,0.5150057683020087,55,8
29433,"Bridgeman, Jacob",538,TPC Summerlin,sg_total,0.5162595943303214,0.43235476111085686,50,8
29433,"Bridgeman, Jacob",241,Quail Hollow-PGA Championship,sg_total,-2.00178984044303,0.4265006951284631,37,8
29433,"Bridgeman, Jacob",776,Sea Island Golf Club (Seaside Course),sg_total,-2.353939299627271,0.3755012307989047,47,8
29433,"Bridgeman, Jacob",608,Oakmont Country Club,sg_total,-0.8859350595747897,0.3547256152850429,53,8
29433,"Bridgeman, Jacob",883,TPC Twin Cities,sg_total,-0.008122586262282794,0.35074426673837056,32,8
29433,"Bridgeman, Jacob",876,Detroit Golf Club,sg_total,0.2861848281537437,0.3154707070451331,31,8
19483,"Burns, Sam",896,Olympia Fields Country Club (North Course),sg_app,-0.17111905748308426,0.8315178735937293,13,8
19483,"Burns, Sam",939,Torrey Pines Golf Course (South Course),sg_app,-0.5321097173811881,0.7487285792532103,9,8
19483,"Burns, Sam",902,Congaree Golf Club,sg_app,-0.7051539114496331,0.7464172844547262,20,8
19483,"Burns, Sam",935,TPC Toronto at Osprey Valley (North Course),sg_app,1.069858711022984,0.7116924721794581,6,8
19483,"Burns, Sam",241,Quail Hollow-PGA Championship,sg_app,-0.3893801582111369,0.7056566483257517,34,8
19483,"Burns, Sam",876,Detroit Golf Club,sg_app,0.17464206071596539,0.6896168809184317,29,8
19483,"Burns, Sam",4,Torrey Pines Golf Course (South Course),sg_app,-0.7661854927158841,0.6702800253204808,51,8
19483,"Burns, Sam",724,Royal Liverpool,sg_app,-1.4983837638818434,0.6632783746768827,14,8
19483,"Burns, Sam",880,Bethpage Black,sg_app,-0.00697011626859681,0.6551865014282398,28,8
19483,"Burns, Sam",43,The Los Angeles Country Club (North Course),sg_app,0.008294081875576176,0.652561798717866,13,8
19483,"Burns, Sam",872,Quail Hollow Club,sg_app,0.16192510372088847,0.6423650899143748,36,8
19483,"Burns, Sam",552,Silverado Resort and Spa (North Course),sg_app,0.2521516326094163,0.6270648570577193,39,8
19483,"Burns, Sam",232,Albany GC,sg_app,-0.02172129574226947,0.6223580975544195,7,8
19483,"Burns, Sam",665,Innisbrook Resort and Golf Club - Copperhead Course,sg_app,0.12804976988838468,0.5909971343340352,54,8
19483,"Burns, Sam",700,TPC Boston,sg_app,-0.8638363375128438,0.5801062715329093,52,8
19483,"Burns, Sam",744,Torrey Pines (South),sg_app,-1.0923535418676087,0.5291018199363902,20,8
19483,"Burns, Sam",14,Augusta National Golf Club,sg_app,0.1000003484181563,0.5249097184931832,23,8
19483,"Burns, Sam",770,TPC San Antonio - The Oaks Course,sg_app,0.11716414609027764,0.524784468692467,50,8
19483,"Burns, Sam",611,Southern Hills Country Club,sg_app,0.7646645946962718,0.5183385212389265,21,8
19483,"Burns, Sam",882,Caves Valley Golf Club,sg_app,0.6165744373993236,0.4904074682099971,15,8
19483,"Burns, Sam",977,The Renaissance Club,sg_app,-0.6404427306739278,0.47281672246556705,16,8
19483,"Burns, Sam",771,The Old White TPC,sg_app,-1.0073654093486875,0.47094988388515785,41,8
19483,"Burns, Sam",885,Royal Portrush Golf Club,sg_app,0.5350599354318533,0.4489419284589953,15,8
19483,"Burns, Sam",893,Muirfield Village Golf Club,sg_app,1.513050679666988,0.42322662719000703,23,8
19483,"Burns, Sam",510,TPC Scottsdale (Stadium Course),sg_app,0.4076070876789367,0.4198044142274062,49,8
19483,"Burns, Sam",897,Memorial Park Golf Course,sg_app,0.312729274957275,0.40296007074916906,29,8
19483,"Burns, Sam",874,Hamilton Golf & Country Club,sg_app,0.6845858329617551,0.39319658002294006,21,8
19483,"Burns, Sam",406,Castle Pines Golf Club,sg_app,0.5828392766377979,0.37629742151287615,7,8
19483,"Burns, Sam",528,Pinehurst Resort & Country Club (Course No. 2),sg_app,-0.30234641375842536,0.3150926551363546,13,8
19483,"Burns, Sam",205,Spyglass Hill Golf Course,sg_arg,0.18198067575600735,0.8931748466298375,10,8
19483,"Burns, Sam",608,Oakmont Country Club,sg_arg,0.8190688155309519,0.8244183901604997,10,8
19483,"Burns, Sam",883,TPC Twin Cities,sg_arg,0.022030617353460083,0.7867501524651601,30,8
19483,"Burns, Sam",744,Torrey Pines (South),sg_arg,0.5410394429951074,0.7582209181562641,20,8
19483,"Burns, Sam",14,Augusta National Golf Club,sg_arg,-0.06799988506921961,0.6966083272472707,23,8
19483,"Burns, Sam",9,Arnold Palmer's Bay Hill Club & Lodge,sg_arg,0.14656006279730954,0.6663502146645437,55,8
19483,"Burns, Sam",772,St. George's G&CC,sg_arg,0.4630774200341392,0.654429616156167,22,8
19483,"Burns, Sam",939,Torrey Pines Golf Course (South Course),sg_arg,0.1117877536923868,0.6481740336083687,9,8
19483,"Burns, Sam",896,Olympia Fields Country Club (North Course),sg_arg,0.13171262652170343,0.6081893022397992,13,8
19483,"Burns, Sam",977,The Renaissance Club,sg_arg,-0.33603761396023296,0.5766157384771762,16,8
19483,"Burns, Sam",528,Pinehurst Resort & Country Club (Course No. 2),sg_arg,0.5214204398354271,0.5246733621084892,13,8
19483,"Burns, Sam",611,Southern Hills Country Club,sg_arg,-0.4788465395636287,0.4980626838282213,21,8
19483,"Burns, Sam",514,Oak Hill Country Club,sg_arg,-2.6739453323130533,0.4528767618255562,14,8
19483,"Burns, Sam",503,TPC River Highlands,sg_arg,0.18648414364368268,0.4014194396486374,51,8
19483,"Burns, Sam",894,TPC Craig Ranch,sg_arg,0.5700332849695764,0.3960272487602276,24,8
19483,"Burns, Sam",885,Royal Portrush Golf Club,sg_arg,-0.3443926892660917,0.39205476717281856,15,8
19483,"Burns, Sam",4,Torrey Pines Golf Course (South Course),sg_arg,0.45311494938222724,0.3899247548025363,51,8
19483,"Burns, Sam",729,Golf Club of Houston,sg_arg,-1.0735233332939342,0.3790111774135132,54,8
19483,"Burns, Sam",669,TPC Deere Run,sg_arg,-0.16918035365713804,0.3763200181958359,38,8
19483,"Burns, Sam",500,The Riviera Country Club,sg_arg,-0.1014267119712538,0.36910745033253783,54,8
19483,"Burns, Sam",902,Congaree Golf Club,sg_arg,-0.36821233925886265,0.31392215570295146,20,8
19483,"Burns, Sam",552,Silverado Resort and Spa (North Course),sg_arg,0.5504637496129553,0.30969972483809577,39,8
19483,"Burns, Sam",901,Wilmington Country Club,sg_ott,-0.18090444196826178,0.8630761206823632,8,8
19483,"Burns, Sam",746,The Country Club of Jackson,sg_ott,0.6516410686030321,0.8252517828177022,32,8
19483,"Burns, Sam",514,Oak Hill Country Club,sg_ott,0.07733445226117662,0.8127203741169257,14,8
19483,"Burns, Sam",921,TPC Craig Ranch,sg_ott,-0.04593186836657158,0.8124938419538594,15,8
19483,"Burns, Sam",656,Plantation Course at Kapalua,sg_ott,0.034968947167313885,0.8079739846971773,45,8
19483,"Burns, Sam",897,Memorial Park Golf Course,sg_ott,-0.023295908359015495,0.7975910700248214,29,8
19483,"Burns, Sam",205,Spyglass Hill Golf Course,sg_ott,0.8665972747768036,0.7354241572242235,10,8
19483,"Burns, Sam",665,Innisbrook Resort and Golf Club - Copperhead Course,sg_ott,-0.43448042115234825,0.7274722902336741,54,8
19483,"Burns, Sam",872,Quail Hollow Club,sg_ott,0.29301365673587787,0.7095329685955294,36,8
19483,"Burns, Sam",232,Albany GC,sg_ott,0.010330543932959887,0.6990513806604631,7,8
19483,"Burns, Sam",669,TPC Deere Run,sg_ott,-2.1515066250757675,0.6958014020825517,38,8
19483,"Burns, Sam",43,The Los Angeles Country Club (North Course),sg_ott,-0.21319187491801456,0.6561752385219565,13,8
19483,"Burns, Sam",744,Torrey Pines (South),sg_ott,-0.3085875681250117,0.6527298605945488,20,8
19483,"Burns, Sam",939,Torrey Pines Golf Course (South Course),sg_ott,0.5163296483084556,0.6420342944454386,9,8
19483,"Burns, Sam",528,Pinehurst Resort & Country Club (Course No. 2),sg_ott,0.2145298152482596,0.605912040107582,13,8
19483,"Burns, Sam",704,Pete Dye Stadium Course,sg_ott,-0.49716593114913366,0.5925443054801743,33,8
19483,"Burns, Sam",729,Golf Club of Houston,sg_ott,0.5616986371385967,0.5762066930736335,54,8
19483,"Burns, Sam",671,Valhalla Golf Club,sg_ott,-1.1009965052134771,0.5447209390309542,42,8
19483,"Burns, Sam",243,Trinity Forest Golf Club,sg_ott,-0.7399515962045852,0.5300807114908475,23,8
19483,"Burns, Sam",21,Colonial Country Club,sg_ott,0.24822512721291035,0.5148436857747805,50,8
19483,"Burns, Sam",654,The Country Club,sg_ott,-0.8110126826835768,0.4887135329746615,13,8
19483,"Burns, Sam",926,Silverado Resort (North Course),sg_ott,0.3956068998642214,0.4695369826470083,14,8
19483,"Burns, Sam",883,TPC Twin Cities,sg_ott,0.23415402815551384,0.45235980784155716,30,8
19483,"Burns, Sam",734,PGA National Resort (The Champion),sg_ott,0.06880817995585149,0.45228278937398675,56,8
19483,"Burns, Sam",770,TPC San Antonio - The Oaks Course,sg_ott,-1.1801388253584548,0.45218651003185867,50,8
19483,"Burns, Sam",241,Quail Hollow-PGA Championship,sg_ott,-0.261310757703219,0.443843453458752,34,8
19483,"Burns, Sam",14,Augusta National Golf Club,sg_ott,0.19568864334070118,0.42768357649408206,23,8
19483,"Burns, Sam",772,St. George's G&CC,sg_ott,-0.6886689230186114,0.3888480133012952,22,8
19483,"Burns, Sam",5,Pebble Beach Golf Links,sg_ott,0.17041246876067406,0.37764395709692644,49,8
19483,"Burns, Sam",500,The Riviera Country Club,sg_ott,-0.2756277225882066,0.3722795836501979,54,8
19483,"Burns, Sam",709,Royal Troon,sg_ott,-1.1821827353547427,0.3555471361658512,14,8
19483,"Burns, Sam",700,TPC Boston,sg_ott,0.3612422789025692,0.31039427326405605,52,8
19483,"Burns, Sam",709,Royal Troon,sg_putt,0.5731287800766497,0.8553792953613122,14,8
19483,"Burns, Sam",243,Trinity Forest Golf Club,sg_putt,-0.04447623577297513,0.7803268512585968,23,8
19483,"Burns, Sam",552,Silverado Resort and Spa (North Course),sg_putt,0.014340434826631332,0.7652038880499961,39,8
19483,"Burns, Sam",896,Olympia Fields Country Club (North Course),sg_putt,0.007336988727590615,0.7300243530921173,13,8
19483,"Burns, Sam",935,TPC Toronto at Osprey Valley (North Course),sg_putt,0.14202259987165947,0.7214011843267554,6,8
19483,"Burns, Sam",744,Torrey Pines (South),sg_putt,0.4560505267466537,0.6493713284526129,20,8
19483,"Burns, Sam",43,The Los Angeles Country Club (North Course),sg_putt,0.08944212471918137,0.5587238547117286,13,8
19483,"Burns, Sam",908,Oakdale Golf & Country Club,sg_putt,-0.2829138679218597,0.5541251730836958,10,8
19483,"Burns, Sam",608,Oakmont Country Club,sg_putt,-0.18444450362026202,0.5378019635320631,10,8
19483,"Burns, Sam",668,St. Andrews Links (Old Course),sg_putt,0.900852306414097,0.5243576462108127,16,8
19483,"Burns, Sam",872,Quail Hollow Club,sg_putt,-0.3457429952017041,0.5080732719746718,36,8
19483,"Burns, Sam",770,TPC San Antonio - The Oaks Course,sg_putt,0.117278487014252,0.49979074287184344,50,8
19483,"Burns, Sam",977,The Renaissance Club,sg_putt,-0.22317207435856287,0.49863130395531924,16,8
19483,"Burns, Sam",902,Congaree Golf Club,sg_putt,1.709311597206389,0.47712841747238366,20,8
19483,"Burns, Sam",897,Memorial Park Golf Course,sg_putt,-0.440122349059353,0.46100063008810405,29,8
19483,"Burns, Sam",665,Innisbrook Resort and Golf Club - Copperhead Course,sg_putt,0.8206947253609407,0.42909909172145166,54,8
19483,"Burns, Sam",883,TPC Twin Cities,sg_putt,-0.9164864083870784,0.41039090006103524,30,8
19483,"Burns, Sam",669,TPC Deere Run,sg_putt,-0.17477293083598383,0.38981961108634927,38,8
19483,"Burns, Sam",538,TPC Summerlin,sg_putt,-0.5038438161109805,0.38935899749088204,47,8
19483,"Burns, Sam",514,Oak Hill Country Club,sg_putt,-0.08501718406877543,0.3788799219519931,14,8
19483,"Burns, Sam",882,Caves Valley Golf Club,sg_putt,1.0930413746365966,0.36537833409543036,15,8
19483,"Burns, Sam",886,Liberty National Golf Club,sg_putt,-0.12773525632238672,0.30772935775047244,27,8
19483,"Burns, Sam",896,Olympia Fields Country Club (North Course),sg_total,0.7206209919663846,0.8247619918620935,14,8
19483,"Burns, Sam",379,The Philadelphia Cricket Club (Wissahickon Course),sg_total,-0.38766301560679395,0.7585737211164316,9,8
19483,"Burns, Sam",43,The Los Angeles Country Club (North Course),sg_total,-0.038720819883198865,0.7514161263884058,15,8
19483,"Burns, Sam",406,Castle Pines Golf Club,sg_total,1.6661886865225044,0.7413756204749691,8,8
19483,"Burns, Sam",552,Silverado Resort and Spa (North Course),sg_total,1.2477125182837598,0.7376139349852081,40,8
19483,"Burns, Sam",901,Wilmington Country Club,sg_total,-0.02763385230602161,0.7257352782065652,8,8
19483,"Burns, Sam",890,Tahoe Mountain Club (Old Greenwood),sg_total,-2.0229744287435314,0.7001988553273849,19,8
19483,"Burns, Sam",933,East Lake Golf Club,sg_total,0.12189814885924477,0.6988564682519897,7,8
19483,"Burns, Sam",939,Torrey Pines Golf Course (South Course),sg_total,-0.21950754538907727,0.6930839691436437,10,8
19483,"Burns, Sam",872,Quail Hollow Club,sg_total,0.13049773032722245,0.6851889404998475,37,8
19483,"Burns, Sam",746,The Country Club of Jackson,sg_total,0.4203962620639409,0.6225740180522429,34,8
19483,"Burns, Sam",977,The Renaissance Club,sg_total,-0.9620327313506686,0.6111814446513488,20,8
19483,"Burns, Sam",770,TPC San Antonio - The Oaks Course,sg_total,-1.6767688592828622,0.6076650388350318,54,8
19483,"Burns, Sam",514,Oak Hill Country Club,sg_total,-4.714119983896596,0.6041384175417843,15,8
19483,"Burns, Sam",897,Memorial Park Golf Course,sg_total,-0.11697876509874944,0.5969683733902095,30,8
19483,"Burns, Sam",4,Torrey Pines Golf Course (South Course),sg_total,-0.30557827451493713,0.5869275084275075,56,8
19483,"Burns, Sam",205,Spyglass Hill Golf Course,sg_total,1.173838652472679,0.557455820713923,53,8
19483,"Burns, Sam",771,The Old White TPC,sg_total,0.05355764457022738,0.5529609738461922,43,8
19483,"Burns, Sam",14,Augusta National Golf Club,sg_total,0.059767334978099385,0.5394044836198019,65,8
19483,"Burns, Sam",885,Royal Portrush Golf Club,sg_total,-0.9871502761275172,0.52887766569415,30,8
19483,"Burns, Sam",744,Torrey Pines (South),sg_total,-0.2958704622897047,0.5214711179618798,46,8
19483,"Burns, Sam",513,TPC Southwind,sg_total,0.37095239628800947,0.5150057683020087,55,8
19483,"Burns, Sam",700,TPC Boston,sg_total,-1.5637693437714149,0.507527023233339,54,8
19483,"Burns, Sam",232,Albany GC,sg_total,-0.8708817972962641,0.4445505341369429,18,8
19483,"Burns, Sam",538,TPC Summerlin,sg_total,0.09834425490757226,0.43235476111085686,50,8
19483,"Burns, Sam",241,Quail Hollow-PGA Championship,sg_total,1.021492091668832,0.4265006951284631,37,8
19483,"Burns, Sam",902,Congaree Golf Club,sg_total,1.4732952589613013,0.41161328631299193,21,8
19483,"Burns, Sam",778,Royal St. George's GC,sg_total,-2.0119106146045915,0.3865346771917013,50,8
19483,"Burns, Sam",776,Sea Island Golf Club (Seaside Course),sg_total,0.20073590984830758,0.3755012307989047,47,8
19483,"Burns, Sam",608,Oakmont Country Club,sg_total,1.5619026361357498,0.3547256152850429,53,8
19483,"Burns, Sam",880,Bethpage Black,sg_total,1.9041715571150728,0.3513476172401144,30,8
19483,"Burns, Sam",883,TPC Twin Cities,sg_total,-0.5897391676717769,0.35074426673837056,32,8
19483,"Burns, Sam",876,Detroit Golf Club,sg_total,0.8645262451426965,0.3154707070451331,31,8
18628,"Campbell, Brian",928,PGA National  - Champion Course,sg_app,-0.13797757291171475,0.7671751837159452,13,8
18628,"Campbell, Brian",241,Quail Hollow-PGA Championship,sg_app,0.5485687432122752,0.7056566483257517,34,8
18628,"Campbell, Brian",4,Torrey Pines Golf Course (South Course),sg_app,0.2312494969810192,0.6702800253204808,51,8
18628,"Campbell, Brian",665,Innisbrook Resort and Golf Club - Copperhead Course,sg_app,-1.3505177413444578,0.5909971343340352,54,8
18628,"Campbell, Brian",14,Augusta National Golf Club,sg_app,0.41154379185014284,0.5249097184931832,23,8
18628,"Campbell, Brian",770,TPC San Antonio - The Oaks Course,sg_app,0.9624019870035343,0.524784468692467,50,8
18628,"Campbell, Brian",882,Caves Valley Golf Club,sg_app,-2.116255407726495,0.4904074682099971,15,8
18628,"Campbell, Brian",977,The Renaissance Club,sg_app,-3.323438261639321,0.47281672246556705,16,8
18628,"Campbell, Brian",771,The Old White TPC,sg_app,-0.6966376781230142,0.47094988388515785,41,8
18628,"Campbell, Brian",885,Royal Portrush Golf Club,sg_app,-1.6130724723406185,0.4489419284589953,15,8
18628,"Campbell, Brian",510,TPC Scottsdale (Stadium Course),sg_app,1.366220889347063,0.4198044142274062,49,8
18628,"Campbell, Brian",897,Memorial Park Golf Course,sg_app,0.3218546187052371,0.40296007074916906,29,8
18628,"Campbell, Brian",235,Eagle Point Golf Club,sg_app,-0.39981212405916733,0.3860951981370469,21,8
18628,"Campbell, Brian",19,TPC Four Seasons Resort,sg_app,-2.4814826404880854,0.3150439971860182,48,8
18628,"Campbell, Brian",205,Spyglass Hill Golf Course,sg_arg,-3.40968022834271,0.8931748466298375,10,8
18628,"Campbell, Brian",608,Oakmont Country Club,sg_arg,-0.07547482636685512,0.8244183901604997,10,8
18628,"Campbell, Brian",14,Augusta National Golf Club,sg_arg,0.2806235469286199,0.6966083272472707,23,8
18628,"Campbell, Brian",9,Arnold Palmer's Bay Hill Club & Lodge,sg_arg,0.14782429633964828,0.6663502146645437,55,8
18628,"Campbell, Brian",978,Vidanta Vallarta,sg_arg,1.3820337998613845,0.5939369030173401,16,8
18628,"Campbell, Brian",977,The Renaissance Club,sg_arg,-1.1335143606094071,0.5766157384771762,16,8
18628,"Campbell, Brian",19,TPC Four Seasons Resort,sg_arg,-1.2757483116745354,0.5175416912724531,48,8
18628,"Campbell, Brian",503,TPC River Highlands,sg_arg,-0.7116842670637704,0.4014194396486374,51,8
18628,"Campbell, Brian",235,Eagle Point Golf Club,sg_arg,0.3557553397183197,0.3990891778199044,21,8
18628,"Campbell, Brian",885,Royal Portrush Golf Club,sg_arg,0.6338136932623148,0.39205476717281856,15,8
18628,"Campbell, Brian",4,Torrey Pines Golf Course (South Course),sg_arg,0.3133148859672573,0.3899247548025363,51,8
18628,"Campbell, Brian",669,TPC Deere Run,sg_arg,0.4434106174067583,0.3763200181958359,38,8
18628,"Campbell, Brian",500,The Riviera Country Club,sg_arg,0.18721736443124837,0.36910745033253783,54,8
18628,"Campbell, Brian",921,TPC Craig Ranch,sg_ott,-1.2108471857358432,0.8124938419538594,15,8
18628,"Campbell, Brian",897,Memorial Park Golf Course,sg_ott,0.46152405182642275,0.7975910700248214,29,8
18628,"Campbell, Brian",19,TPC Four Seasons Resort,sg_ott,0.7587114851874637,0.7592243617778875,48,8
18628,"Campbell, Brian",205,Spyglass Hill Golf Course,sg_ott,0.36534649242290984,0.7354241572242235,10,8
18628,"Campbell, Brian",665,Innisbrook Resort and Golf Club - Copperhead Course,sg_ott,0.43257125927210704,0.7274722902336741,54,8
18628,"Campbell, Brian",669,TPC Deere Run,sg_ott,-0.0017821893777765028,0.6958014020825517,38,8
18628,"Campbell, Brian",704,Pete Dye Stadium Course,sg_ott,-0.11614351427585182,0.5925443054801743,33,8
18628,"Campbell, Brian",21,Colonial Country Club,sg_ott,0.9925464894839496,0.5148436857747805,50,8
18628,"Campbell, Brian",926,Silverado Resort (North Course),sg_ott,-0.08333359456632064,0.4695369826470083,14,8
18628,"Campbell, Brian",770,TPC San Antonio - The Oaks Course,sg_ott,-0.5126767618461865,0.45218651003185867,50,8
18628,"Campbell, Brian",241,Quail Hollow-PGA Championship,sg_ott,-1.1297706699461745,0.443843453458752,34,8
18628,"Campbell, Brian",14,Augusta National Golf Club,sg_ott,0.3096604608171395,0.42768357649408206,23,8
18628,"Campbell, Brian",32,Glen Abbey GC,sg_ott,0.3215791417295067,0.38804505962737723,40,8
18628,"Campbell, Brian",5,Pebble Beach Golf Links,sg_ott,-0.07571510254854008,0.37764395709692644,49,8
18628,"Campbell, Brian",500,The Riviera Country Club,sg_ott,0.5460352389447821,0.3722795836501979,54,8
18628,"Campbell, Brian",928,PGA National  - Champion Course,sg_putt,-0.043772229651538784,0.8319135400555944,13,8
18628,"Campbell, Brian",819,Harbor Shores Resort,sg_putt,-0.039431722606847325,0.7790085197570994,15,8
18628,"Campbell, Brian",978,Vidanta Vallarta,sg_putt,0.34900443164903805,0.6967043554693465,16,8
18628,"Campbell, Brian",608,Oakmont Country Club,sg_putt,-1.0190419580864414,0.5378019635320631,10,8
18628,"Campbell, Brian",770,TPC San Antonio - The Oaks Course,sg_putt,-1.1988001740916252,0.49979074287184344,50,8
18628,"Campbell, Brian",977,The Renaissance Club,sg_putt,1.797132783925921,0.49863130395531924,16,8
18628,"Campbell, Brian",897,Memorial Park Golf Course,sg_putt,-1.4917150809380786,0.46100063008810405,29,8
18628,"Campbell, Brian",665,Innisbrook Resort and Golf Club - Copperhead Course,sg_putt,-0.6335038790286406,0.42909909172145166,54,8
18628,"Campbell, Brian",669,TPC Deere Run,sg_putt,1.5131662697443593,0.38981961108634927,38,8
18628,"Campbell, Brian",538,TPC Summerlin,sg_putt,1.3889170107167623,0.38935899749088204,47,8
18628,"Campbell, Brian",882,Caves Valley Golf Club,sg_putt,0.13472354599822242,0.36537833409543036,15,8
18628,"Campbell, Brian",19,TPC Four Seasons Resort,sg_putt,0.1919338290028599,0.3013355876184594,48,8
18628,"Campbell, Brian",379,The Philadelphia Cricket Club (Wissahickon Course),sg_total,0.9873407131762193,0.7585737211164316,9,8
18628,"Campbell, Brian",19,TPC Four Seasons Resort,sg_total,-2.608817007782787,0.7535983141081465,50,8
18628,"Campbell, Brian",552,Silverado Resort and Spa (North Course),sg_total,0.9246183215438982,0.7376139349852081,40,8
18628,"Campbell, Brian",978,Vidanta Vallarta,sg_total,3.615228099782216,0.7044733074594649,17,8
18628,"Campbell, Brian",746,The Country Club of Jackson,sg_total,-2.435576048016733,0.6225740180522429,34,8
18628,"Campbell, Brian",928,PGA National  - Champion Course,sg_total,0.3600018975476994,0.6132577956350657,13,8
18628,"Campbell, Brian",977,The Renaissance Club,sg_total,-2.1901770654359147,0.6111814446513488,20,8
18628,"Campbell, Brian",770,TPC San Antonio - The Oaks Course,sg_total,-1.7106389164997085,0.6076650388350318,54,8
18628,"Campbell, Brian",897,Memorial Park Golf Course,sg_total,-2.3187122699045983,0.5969683733902095,30,8
18628,"Campbell, Brian",4,Torrey Pines Golf Course (South Course),sg_total,-1.5366424920422233,0.5869275084275075,56,8
18628,"Campbell, Brian",205,Spyglass Hill Golf Course,sg_total,-6.710458984727963,0.557455820713923,53,8
18628,"Campbell, Brian",771,The Old White TPC,sg_total,1.9248713426550719,0.5529609738461922,43,8
18628,"Campbell, Brian",818,Chambers Bay GC,sg_total,2.1726000529678906,0.5439215943066038,38,8
18628,"Campbell, Brian",14,Augusta National Golf Club,sg_total,2.0694432364391817,0.5394044836198019,65,8
18628,"Campbell, Brian",885,Royal Portrush Golf Club,sg_total,0.43898390638954976,0.52887766569415,30,8
18628,"Campbell, Brian",513,TPC Southwind,sg_total,-0.9295304280502571,0.5150057683020087,55,8
18628,"Campbell, Brian",769,Monterey Peninsula CC,sg_total,-3.3435852895826335,0.5002066489573296,49,8
18628,"Campbell, Brian",538,TPC Summerlin,sg_total,-1.5538597115028483,0.43235476111085686,50,8
18628,"Campbell, Brian",100,Omni Tucson National,sg_total,2.2432667196345575,0.4299162671909255,45,8
18628,"Campbell, Brian",241,Quail Hollow-PGA Championship,sg_total,0.8429116981809706,0.4265006951284631,37,8
18628,"Campbell, Brian",776,Sea Island Golf Club (Seaside Course),sg_total,-1.2685545846510877,0.3755012307989047,47,8
18628,"Campbell, Brian",608,Oakmont Country Club,sg_total,-3.167722648352974,0.3547256152850429,53,8
27819,"Castillo, Ricky",928,PGA National  - Champion Course,sg_app,0.913437762560849,0.7671751837159452,13,8
27819,"Castillo, Ricky",935,TPC Toronto at Osprey Valley (North Course),sg_app,-0.7225130540549665,0.7116924721794581,6,8
27819,"Castillo, Ricky",876,Detroit Golf Club,sg_app,-1.6092602647504255,0.6896168809184317,29,8
27819,"Castillo, Ricky",4,Torrey Pines Golf Course (South Course),sg_app,-0.14604563926076655,0.6702800253204808,51,8
27819,"Castillo, Ricky",665,Innisbrook Resort and Golf Club - Copperhead Course,sg_app,0.18905157451672175,0.5909971343340352,54,8
27819,"Castillo, Ricky",770,TPC San Antonio - The Oaks Course,sg_app,-0.04023230100121101,0.524784468692467,50,8
27819,"Castillo, Ricky",897,Memorial Park Golf Course,sg_app,-0.8832263120497542,0.40296007074916906,29,8
27819,"Castillo, Ricky",934,Hurstbourne Country Club,sg_arg,0.2738509949878773,0.8690185188908773,6,8
27819,"Castillo, Ricky",883,TPC Twin Cities,sg_arg,0.11288332010513695,0.7867501524651601,30,8
27819,"Castillo, Ricky",930,Black Desert Resort,sg_arg,-0.2817326210616788,0.6659138517567389,6,8
27819,"Castillo, Ricky",978,Vidanta Vallarta,sg_arg,-0.035399562496646456,0.5939369030173401,16,8
27819,"Castillo, Ricky",4,Torrey Pines Golf Course (South Course),sg_arg,-0.16810510396034994,0.3899247548025363,51,8
27819,"Castillo, Ricky",669,TPC Deere Run,sg_arg,-0.9103787279520849,0.3763200181958359,38,8
27819,"Castillo, Ricky",746,The Country Club of Jackson,sg_ott,-0.47328669103012716,0.8252517828177022,32,8
27819,"Castillo, Ricky",921,TPC Craig Ranch,sg_ott,0.1885753042427085,0.8124938419538594,15,8
27819,"Castillo, Ricky",897,Memorial Park Golf Course,sg_ott,-0.0009926535709528332,0.7975910700248214,29,8
27819,"Castillo, Ricky",665,Innisbrook Resort and Golf Club - Copperhead Course,sg_ott,-0.6333423641143733,0.7274722902336741,54,8
27819,"Castillo, Ricky",930,Black Desert Resort,sg_ott,1.022728345899948,0.7201825483385862,6,8
27819,"Castillo, Ricky",669,TPC Deere Run,sg_ott,0.18224406179558952,0.6958014020825517,38,8
27819,"Castillo, Ricky",934,Hurstbourne Country Club,sg_ott,0.23054215122844016,0.6042841644373925,6,8
27819,"Castillo, Ricky",704,Pete Dye Stadium Course,sg_ott,-1.9031918500834868,0.5925443054801743,33,8
27819,"Castillo, Ricky",21,Colonial Country Club,sg_ott,0.32248171379335505,0.5148436857747805,50,8
27819,"Castillo, Ricky",926,Silverado Resort (North Course),sg_ott,-0.16734541790368254,0.4695369826470083,14,8
27819,"Castillo, Ricky",883,TPC Twin Cities,sg_ott,-0.1441249453035369,0.45235980784155716,30,8
27819,"Castillo, Ricky",770,TPC San Antonio - The Oaks Course,sg_ott,0.014672822779123035,0.45218651003185867,50,8
27819,"Castillo, Ricky",928,PGA National  - Champion Course,sg_putt,-0.563776435844791,0.8319135400555944,13,8
27819,"Castillo, Ricky",935,TPC Toronto at Osprey Valley (North Course),sg_putt,-0.49500345212333385,0.7214011843267554,6,8
27819,"Castillo, Ricky",930,Black Desert Resort,sg_putt,0.05679925364363897,0.709353178421583,6,8
27819,"Castillo, Ricky",978,Vidanta Vallarta,sg_putt,0.1285909727663458,0.6967043554693465,16,8
27819,"Castillo, Ricky",934,Hurstbourne Country Club,sg_putt,-0.480206122323812,0.6488902321876103,6,8
27819,"Castillo, Ricky",770,TPC San Antonio - The Oaks Course,sg_putt,-0.3631283208090617,0.49979074287184344,50,8
27819,"Castillo, Ricky",897,Memorial Park Golf Course,sg_putt,-0.10710866321388507,0.46100063008810405,29,8
27819,"Castillo, Ricky",665,Innisbrook Resort and Golf Club - Copperhead Course,sg_putt,0.667110825136137,0.42909909172145166,54,8
27819,"Castillo, Ricky",883,TPC Twin Cities,sg_putt,-0.7128570387973628,0.41039090006103524,30,8
27819,"Castillo, Ricky",669,TPC Deere Run,sg_putt,-1.337072197010997,0.38981961108634927,38,8
27819,"Castillo, Ricky",919,El Cardonal at Diamante,sg_total,-1.5140361623432894,0.8241756895683453,10,8
27819,"Castillo, Ricky",925,Dunes Golf and Beach Club,sg_total,-0.4065093384134072,0.8210465318733497,7,8
27819,"Castillo, Ricky",940,Grand Reserve Golf Club,sg_total,0.47529661303452475,0.7634223042119858,8,8
27819,"Castillo, Ricky",934,Hurstbourne Country Club,sg_total,-0.13285276803321477,0.7583050486408055,6,8
27819,"Castillo, Ricky",891,Winged Foot GC,sg_total,-1.8917260697227976,0.716785908305173,25,8
27819,"Castillo, Ricky",978,Vidanta Vallarta,sg_total,-0.4510695578797569,0.7044733074594649,17,8
27819,"Castillo, Ricky",746,The Country Club of Jackson,sg_total,-0.8754922015603106,0.6225740180522429,34,8
27819,"Castillo, Ricky",928,PGA National  - Champion Course,sg_total,0.8789363476500093,0.6132577956350657,13,8
27819,"Castillo, Ricky",770,TPC San Antonio - The Oaks Course,sg_total,-0.1932198936197964,0.6076650388350318,54,8
27819,"Castillo, Ricky",897,Memorial Park Golf Course,sg_total,-0.13480337899788608,0.5969683733902095,30,8
27819,"Castillo, Ricky",4,Torrey Pines Golf Course (South Course),sg_total,-0.02508110871285707,0.5869275084275075,56,8
27819,"Castillo, Ricky",922,Dye's Valley Course,sg_total,0.5747081358502478,0.5181238048200913,4,8
27819,"Castillo, Ricky",776,Sea Island Golf Club (Seaside Course),sg_total,1.7296812762523648,0.3755012307989047,47,8
27819,"Castillo, Ricky",883,TPC Twin Cities,sg_total,-0.5157328878903616,0.35074426673837056,32,8
27819,"Castillo, Ricky",876,Detroit Golf Club,sg_total,-2.8094704946950557,0.3154707070451331,31,8
14502,"Cauley, Bud",928,PGA National  - Champion Course,sg_app,0.4457800865220967,0.7671751837159452,13,8
14502,"Cauley, Bud",775,CordeValle GC,sg_app,-0.320302940246359,0.7324563059618661,26,8
14502,"Cauley, Bud",241,Quail Hollow-PGA Championship,sg_app,-0.45714564639085636,0.7056566483257517,34,8
14502,"Cauley, Bud",876,Detroit Golf Club,sg_app,-1.7290073531962804,0.6896168809184317,29,8
14502,"Cauley, Bud",4,Torrey Pines Golf Course (South Course),sg_app,-0.19581358809669455,0.6702800253204808,51,8
14502,"Cauley, Bud",237,TPC Potomac at Avenel Farm,sg_app,-3.391773831472396,0.6615951373353582,23,8
14502,"Cauley, Bud",872,Quail Hollow Club,sg_app,-0.3779174288988227,0.6423650899143748,36,8
14502,"Cauley, Bud",552,Silverado Resort and Spa (North Course),sg_app,-0.2125848582933237,0.6270648570577193,39,8
14502,"Cauley, Bud",665,Innisbrook Resort and Golf Club - Copperhead Course,sg_app,0.4630083085238504,0.5909971343340352,54,8
14502,"Cauley, Bud",700,TPC Boston,sg_app,-1.1395921613632538,0.5801062715329093,52,8
14502,"Cauley, Bud",770,TPC San Antonio - The Oaks Course,sg_app,0.49642274560514404,0.524784468692467,50,8
14502,"Cauley, Bud",527,Saucon Valley CC,sg_app,-1.621041244275351,0.49410026897104875,35,8
14502,"Cauley, Bud",882,Caves Valley Golf Club,sg_app,-0.21237415713953553,0.4904074682099971,15,8
14502,"Cauley, Bud",977,The Renaissance Club,sg_app,-0.7934047857574242,0.47281672246556705,16,8
14502,"Cauley, Bud",771,The Old White TPC,sg_app,-0.48222302977921755,0.47094988388515785,41,8
14502,"Cauley, Bud",885,Royal Portrush Golf Club,sg_app,-1.7259081300839272,0.4489419284589953,15,8
14502,"Cauley, Bud",893,Muirfield Village Golf Club,sg_app,0.037991926253094055,0.42322662719000703,23,8
14502,"Cauley, Bud",510,TPC Scottsdale (Stadium Course),sg_app,0.5939422884221133,0.4198044142274062,49,8
14502,"Cauley, Bud",897,Memorial Park Golf Course,sg_app,0.9642569055078791,0.40296007074916906,29,8
14502,"Cauley, Bud",874,Hamilton Golf & Country Club,sg_app,1.064594929411132,0.39319658002294006,21,8
14502,"Cauley, Bud",19,TPC Four Seasons Resort,sg_app,0.39987562457961107,0.3150439971860182,48,8
14502,"Cauley, Bud",694,Hamilton G&CC,sg_app,0.323026358476852,0.31076113032697034,17,8
14502,"Cauley, Bud",205,Spyglass Hill Golf Course,sg_arg,-0.910454284125747,0.8931748466298375,10,8
14502,"Cauley, Bud",608,Oakmont Country Club,sg_arg,-0.5256262194785996,0.8244183901604997,10,8
14502,"Cauley, Bud",694,Hamilton G&CC,sg_arg,0.5251650064123203,0.7908776679932374,17,8
14502,"Cauley, Bud",883,TPC Twin Cities,sg_arg,-0.20921913446507376,0.7867501524651601,30,8
14502,"Cauley, Bud",238,Glen Oaks Club,sg_arg,-0.9484331662734303,0.7336871596058964,27,8
14502,"Cauley, Bud",9,Arnold Palmer's Bay Hill Club & Lodge,sg_arg,0.30778953150418675,0.6663502146645437,55,8
14502,"Cauley, Bud",930,Black Desert Resort,sg_arg,0.3238423428461663,0.6659138517567389,6,8
14502,"Cauley, Bud",977,The Renaissance Club,sg_arg,-0.004604290103753184,0.5766157384771762,16,8
14502,"Cauley, Bud",775,CordeValle GC,sg_arg,-0.49320187753966915,0.5749849531551847,26,8
14502,"Cauley, Bud",19,TPC Four Seasons Resort,sg_arg,0.23223487196926204,0.5175416912724531,48,8
14502,"Cauley, Bud",716,Shaughnessy G&CC,sg_arg,0.20794117432249085,0.47292459226589256,23,8
14502,"Cauley, Bud",649,Hualalai Golf Course,sg_arg,0.6899855661139535,0.44183968801198004,36,8
14502,"Cauley, Bud",698,Quail Hollow Club,sg_arg,-0.40564545382260486,0.41704133255957127,52,8
14502,"Cauley, Bud",503,TPC River Highlands,sg_arg,0.5118517905202291,0.4014194396486374,51,8
14502,"Cauley, Bud",885,Royal Portrush Golf Club,sg_arg,-0.0418612840458355,0.39205476717281856,15,8
14502,"Cauley, Bud",4,Torrey Pines Golf Course (South Course),sg_arg,0.18591700928439278,0.3899247548025363,51,8
14502,"Cauley, Bud",729,Golf Club of Houston,sg_arg,-0.0789723549807767,0.3790111774135132,54,8
14502,"Cauley, Bud",669,TPC Deere Run,sg_arg,-0.18152660903192397,0.3763200181958359,38,8
14502,"Cauley, Bud",500,The Riviera Country Club,sg_arg,-0.36279592371722125,0.36910745033253783,54,8
14502,"Cauley, Bud",552,Silverado Resort and Spa (North Course),sg_arg,0.5587904393166233,0.30969972483809577,39,8
14502,"Cauley, Bud",746,The Country Club of Jackson,sg_ott,0.3817350352291393,0.8252517828177022,32,8
14502,"Cauley, Bud",921,TPC Craig Ranch,sg_ott,0.130323255121714,0.8124938419538594,15,8
14502,"Cauley, Bud",897,Memorial Park Golf Course,sg_ott,-0.09254936946931687,0.7975910700248214,29,8
14502,"Cauley, Bud",19,TPC Four Seasons Resort,sg_ott,-0.3433806772871796,0.7592243617778875,48,8
14502,"Cauley, Bud",689,El Bosque CC,sg_ott,-0.058326493253849615,0.7580306354046243,42,8
14502,"Cauley, Bud",205,Spyglass Hill Golf Course,sg_ott,-0.12792098669002533,0.7354241572242235,10,8
14502,"Cauley, Bud",665,Innisbrook Resort and Golf Club - Copperhead Course,sg_ott,-0.3019468998903899,0.7274722902336741,54,8
14502,"Cauley, Bud",930,Black Desert Resort,sg_ott,-0.055951858148643036,0.7201825483385862,6,8
14502,"Cauley, Bud",872,Quail Hollow Club,sg_ott,-0.026576922406069105,0.7095329685955294,36,8
14502,"Cauley, Bud",669,TPC Deere Run,sg_ott,0.06661515874492271,0.6958014020825517,38,8
14502,"Cauley, Bud",895,TPC Harding Park,sg_ott,0.32633799800080543,0.6913221539478895,25,8
14502,"Cauley, Bud",789,Conway Farms GC,sg_ott,0.9235565824734462,0.6765431912571337,34,8
14502,"Cauley, Bud",237,TPC Potomac at Avenel Farm,sg_ott,0.3742108502785556,0.6685057551764296,23,8
14502,"Cauley, Bud",704,Pete Dye Stadium Course,sg_ott,0.12825055025099527,0.5925443054801743,33,8
14502,"Cauley, Bud",729,Golf Club of Houston,sg_ott,-0.6599042134186786,0.5762066930736335,54,8
14502,"Cauley, Bud",243,Trinity Forest Golf Club,sg_ott,0.5498714798094254,0.5300807114908475,23,8
14502,"Cauley, Bud",21,Colonial Country Club,sg_ott,0.325312200345535,0.5148436857747805,50,8
14502,"Cauley, Bud",716,Shaughnessy G&CC,sg_ott,0.2913485708265605,0.4909383551880704,23,8
14502,"Cauley, Bud",698,Quail Hollow Club,sg_ott,0.4939604745639532,0.4783427498881751,52,8
14502,"Cauley, Bud",926,Silverado Resort (North Course),sg_ott,0.4139591400430427,0.4695369826470083,14,8
14502,"Cauley, Bud",775,CordeValle GC,sg_ott,-0.4963385993046363,0.46590564038890697,26,8
14502,"Cauley, Bud",883,TPC Twin Cities,sg_ott,-0.49166437982479794,0.45235980784155716,30,8
14502,"Cauley, Bud",734,PGA National Resort (The Champion),sg_ott,0.26927039933896113,0.45228278937398675,56,8
14502,"Cauley, Bud",770,TPC San Antonio - The Oaks Course,sg_ott,0.07202503730600938,0.45218651003185867,50,8
14502,"Cauley, Bud",241,Quail Hollow-PGA Championship,sg_ott,-0.1854232370421357,0.443843453458752,34,8
14502,"Cauley, Bud",32,Glen Abbey GC,sg_ott,0.2616560045503229,0.38804505962737723,40,8
14502,"Cauley, Bud",5,Pebble Beach Golf Links,sg_ott,-0.0983161907344913,0.37764395709692644,49,8
14502,"Cauley, Bud",500,The Riviera Country Club,sg_ott,-0.4661629903654586,0.3722795836501979,54,8
14502,"Cauley, Bud",700,TPC Boston,sg_ott,0.3199435046097714,0.31039427326405605,52,8
14502,"Cauley, Bud",928,PGA National  - Champion Course,sg_putt,-0.12409301334197517,0.8319135400555944,13,8
14502,"Cauley, Bud",243,Trinity Forest Golf Club,sg_putt,-0.1542956048084893,0.7803268512585968,23,8
14502,"Cauley, Bud",819,Harbor Shores Resort,sg_putt,0.8344270509788249,0.7790085197570994,15,8
14502,"Cauley, Bud",552,Silverado Resort and Spa (North Course),sg_putt,-0.10564934160273154,0.7652038880499961,39,8
14502,"Cauley, Bud",930,Black Desert Resort,sg_putt,-2.145666111738579,0.709353178421583,6,8
14502,"Cauley, Bud",716,Shaughnessy G&CC,sg_putt,-0.11945192554008091,0.674144278098646,23,8
14502,"Cauley, Bud",789,Conway Farms GC,sg_putt,-0.804586625261607,0.6488976184206149,34,8
14502,"Cauley, Bud",689,El Bosque CC,sg_putt,1.3274936409236004,0.6122961641627417,42,8
14502,"Cauley, Bud",608,Oakmont Country Club,sg_putt,1.1017268873537007,0.5378019635320631,10,8
14502,"Cauley, Bud",872,Quail Hollow Club,sg_putt,-0.12433901562173848,0.5080732719746718,36,8
14502,"Cauley, Bud",770,TPC San Antonio - The Oaks Course,sg_putt,0.3401597880398365,0.49979074287184344,50,8
14502,"Cauley, Bud",977,The Renaissance Club,sg_putt,0.9110071166883754,0.49863130395531924,16,8
14502,"Cauley, Bud",897,Memorial Park Golf Course,sg_putt,-0.9997246330601086,0.46100063008810405,29,8
14502,"Cauley, Bud",649,Hualalai Golf Course,sg_putt,-0.18351586136545012,0.45688429085995663,36,8
14502,"Cauley, Bud",609,Annandale GC,sg_putt,0.8442414964835044,0.43740309197634325,25,8
14502,"Cauley, Bud",665,Innisbrook Resort and Golf Club - Copperhead Course,sg_putt,-0.18520057285540548,0.42909909172145166,54,8
14502,"Cauley, Bud",883,TPC Twin Cities,sg_putt,1.1517042763552583,0.41039090006103524,30,8
14502,"Cauley, Bud",669,TPC Deere Run,sg_putt,0.14945667357932976,0.38981961108634927,38,8
14502,"Cauley, Bud",538,TPC Summerlin,sg_putt,-0.07304437341168361,0.38935899749088204,47,8
14502,"Cauley, Bud",694,Hamilton G&CC,sg_putt,0.9453439746429736,0.3871397736976791,17,8
14502,"Cauley, Bud",882,Caves Valley Golf Club,sg_putt,-0.6379381495928397,0.36537833409543036,15,8
14502,"Cauley, Bud",886,Liberty National Golf Club,sg_putt,0.634778171714939,0.30772935775047244,27,8
14502,"Cauley, Bud",19,TPC Four Seasons Resort,sg_putt,1.438307869191125,0.3013355876184594,48,8
14502,"Cauley, Bud",940,Grand Reserve Golf Club,sg_total,-3.1570116446009973,0.7634223042119858,8,8
14502,"Cauley, Bud",19,TPC Four Seasons Resort,sg_total,1.6856485328348958,0.7535983141081465,50,8
14502,"Cauley, Bud",552,Silverado Resort and Spa (North Course),sg_total,0.5292539037282182,0.7376139349852081,40,8
14502,"Cauley, Bud",890,Tahoe Mountain Club (Old Greenwood),sg_total,-1.0908680113817075,0.7001988553273849,19,8
14502,"Cauley, Bud",872,Quail Hollow Club,sg_total,0.0642558277123681,0.6851889404998475,37,8
14502,"Cauley, Bud",238,Glen Oaks Club,sg_total,-0.6768049842856698,0.6241288288584754,28,8
14502,"Cauley, Bud",746,The Country Club of Jackson,sg_total,2.1777727424696964,0.6225740180522429,34,8
14502,"Cauley, Bud",928,PGA National  - Champion Course,sg_total,0.06681101579916032,0.6132577956350657,13,8
14502,"Cauley, Bud",977,The Renaissance Club,sg_total,-0.6092299877611276,0.6111814446513488,20,8
14502,"Cauley, Bud",895,TPC Harding Park,sg_total,0.5487392156508042,0.6084200207744371,26,8
14502,"Cauley, Bud",770,TPC San Antonio - The Oaks Course,sg_total,0.8305322971355731,0.6076650388350318,54,8
14502,"Cauley, Bud",897,Memorial Park Golf Course,sg_total,-0.3465941516813188,0.5969683733902095,30,8
14502,"Cauley, Bud",775,CordeValle GC,sg_total,-0.7547963879846739,0.5965076257611942,27,8
14502,"Cauley, Bud",4,Torrey Pines Golf Course (South Course),sg_total,-0.2902460675681414,0.5869275084275075,56,8
14502,"Cauley, Bud",205,Spyglass Hill Golf Course,sg_total,2.8159251647544847,0.557455820713923,53,8
14502,"Cauley, Bud",771,The Old White TPC,sg_total,1.0078337139315674,0.5529609738461922,43,8
14502,"Cauley, Bud",885,Royal Portrush Golf Club,sg_total,-1.7663180351633259,0.52887766569415,30,8
14502,"Cauley, Bud",689,El Bosque CC,sg_total,1.1603577142479102,0.5233518693058378,52,8
14502,"Cauley, Bud",513,TPC Southwind,sg_total,1.2308409197180301,0.5150057683020087,55,8
14502,"Cauley, Bud",800,The Abaco Club on Winding Bay,sg_total,-2.3310661548383025,0.5085375076292757,35,8
14502,"Cauley, Bud",700,TPC Boston,sg_total,-1.571502072996405,0.507527023233339,54,8
14502,"Cauley, Bud",769,Monterey Peninsula CC,sg_total,0.10865750377510441,0.5002066489573296,49,8
14502,"Cauley, Bud",538,TPC Summerlin,sg_total,0.5364989977721563,0.43235476111085686,50,8
14502,"Cauley, Bud",527,Saucon Valley CC,sg_total,-1.4584737660249367,0.42812608891688303,43,8
14502,"Cauley, Bud",241,Quail Hollow-PGA Championship,sg_total,-1.1054721050047973,0.4265006951284631,37,8
14502,"Cauley, Bud",694,Hamilton G&CC,sg_total,1.8091537272115907,0.4106172555190136,17,8
14502,"Cauley, Bud",776,Sea Island Golf Club (Seaside Course),sg_total,-1.1096244284358159,0.3755012307989047,47,8
14502,"Cauley, Bud",608,Oakmont Country Club,sg_total,-0.2511690549338197,0.3547256152850429,53,8
14502,"Cauley, Bud",883,TPC Twin Cities,sg_total,-1.5415903873293881,0.35074426673837056,32,8
14502,"Cauley, Bud",876,Detroit Golf Club,sg_total,-0.2844543456515896,0.3154707070451331,31,8
17576,"Conners, Corey",896,Olympia Fields Country Club (North Course),sg_app,0.4353420214076764,0.8315178735937293,13,8
17576,"Conners, Corey",928,PGA National  - Champion Course,sg_app,0.366735524169644,0.7671751837159452,13,8
17576,"Conners, Corey",939,Torrey Pines Golf Course (South Course),sg_app,-1.1479588052176048,0.7487285792532103,9,8
17576,"Conners, Corey",902,Congaree Golf Club,sg_app,0.4108925015008807,0.7464172844547262,20,8
17576,"Conners, Corey",891,Winged Foot GC,sg_app,0.735503764412422,0.7126732274142469,23,8
17576,"Conners, Corey",935,TPC Toronto at Osprey Valley (North Course),sg_app,-0.12881226487379127,0.7116924721794581,6,8
17576,"Conners, Corey",240,Club de Golf Chapultepec,sg_app,0.5382296794426498,0.7081210840226253,29,8
17576,"Conners, Corey",823,Keene Trace Golf Club,sg_app,-0.7836832931976958,0.7070666152167913,7,8
17576,"Conners, Corey",697,Ocean Course at Kiawah Island,sg_app,0.5732949205909879,0.7069136776164395,24,8
17576,"Conners, Corey",241,Quail Hollow-PGA Championship,sg_app,0.5603611132897115,0.7056566483257517,34,8
17576,"Conners, Corey",876,Detroit Golf Club,sg_app,-0.8055427931394952,0.6896168809184317,29,8
17576,"Conners, Corey",4,Torrey Pines Golf Course (South Course),sg_app,-0.15797222137312789,0.6702800253204808,51,8
17576,"Conners, Corey",724,Royal Liverpool,sg_app,-1.1422136859551364,0.6632783746768827,14,8
17576,"Conners, Corey",237,TPC Potomac at Avenel Farm,sg_app,-0.6533622604401358,0.6615951373353582,23,8
17576,"Conners, Corey",880,Bethpage Black,sg_app,0.05127452255839986,0.6551865014282398,28,8
17576,"Conners, Corey",43,The Los Angeles Country Club (North Course),sg_app,0.6741336680318631,0.652561798717866,13,8
17576,"Conners, Corey",872,Quail Hollow Club,sg_app,0.961304446596257,0.6423650899143748,36,8
17576,"Conners, Corey",552,Silverado Resort and Spa (North Course),sg_app,0.04050512418540195,0.6270648570577193,39,8
17576,"Conners, Corey",232,Albany GC,sg_app,0.5963717654952454,0.6223580975544195,7,8
17576,"Conners, Corey",665,Innisbrook Resort and Golf Club - Copperhead Course,sg_app,0.4855132189120797,0.5909971343340352,54,8
17576,"Conners, Corey",700,TPC Boston,sg_app,-0.1952128140208566,0.5801062715329093,52,8
17576,"Conners, Corey",2000,Sherwood Country Club,sg_app,-0.2052424551145488,0.5541693573359622,12,8
17576,"Conners, Corey",744,Torrey Pines (South),sg_app,-1.3935222793729654,0.5291018199363902,20,8
17576,"Conners, Corey",14,Augusta National Golf Club,sg_app,0.19362540752248864,0.5249097184931832,23,8
17576,"Conners, Corey",770,TPC San Antonio - The Oaks Course,sg_app,0.48349285922128776,0.524784468692467,50,8
17576,"Conners, Corey",611,Southern Hills Country Club,sg_app,-2.546217962518476,0.5183385212389265,21,8
17576,"Conners, Corey",882,Caves Valley Golf Club,sg_app,-0.46099750294820613,0.4904074682099971,15,8
17576,"Conners, Corey",977,The Renaissance Club,sg_app,-0.6594705386412354,0.47281672246556705,16,8
17576,"Conners, Corey",771,The Old White TPC,sg_app,0.6581628123423259,0.47094988388515785,41,8
17576,"Conners, Corey",885,Royal Portrush Golf Club,sg_app,0.7339176138449299,0.4489419284589953,15,8
17576,"Conners, Corey",893,Muirfield Village Golf Club,sg_app,0.6530501681807375,0.42322662719000703,23,8
17576,"Conners, Corey",510,TPC Scottsdale (Stadium Course),sg_app,-0.6702314581900908,0.4198044142274062,49,8
17576,"Conners, Corey",897,Memorial Park Golf Course,sg_app,-0.3979622229883481,0.40296007074916906,29,8
17576,"Conners, Corey",874,Hamilton Golf & Country Club,sg_app,0.32869723929821126,0.39319658002294006,21,8
17576,"Conners, Corey",406,Castle Pines Golf Club,sg_app,-0.04866886761311638,0.37629742151287615,7,8
17576,"Conners, Corey",887,Kasumigaseki Country Club,sg_app,-0.15690752900245286,0.3279484757050647,6,8
17576,"Conners, Corey",528,Pinehurst Resort & Country Club (Course No. 2),sg_app,-0.37049593209926684,0.3150926551363546,13,8
17576,"Conners, Corey",205,Spyglass Hill Golf Course,sg_arg,-1.1370732573014615,0.8931748466298375,10,8
17576,"Conners, Corey",608,Oakmont Country Club,sg_arg,-0.15914175550074264,0.8244183901604997,10,8
17576,"Conners, Corey",823,Keene Trace Golf Club,sg_arg,-0.8631171936028698,0.8086883885694868,7,8
17576,"Conners, Corey",883,TPC Twin Cities,sg_arg,-0.01257408844495616,0.7867501524651601,30,8
17576,"Conners, Corey",744,Torrey Pines (South),sg_arg,1.7582756291308392,0.7582209181562641,20,8
17576,"Conners, Corey",14,Augusta National Golf Club,sg_arg,0.20048776984052258,0.6966083272472707,23,8
17576,"Conners, Corey",9,Arnold Palmer's Bay Hill Club & Lodge,sg_arg,0.3399147806961118,0.6663502146645437,55,8
17576,"Conners, Corey",772,St. George's G&CC,sg_arg,-0.3078740625468817,0.654429616156167,22,8
17576,"Conners, Corey",939,Torrey Pines Golf Course (South Course),sg_arg,0.4107286266621576,0.6481740336083687,9,8
17576,"Conners, Corey",896,Olympia Fields Country Club (North Course),sg_arg,0.36092325502576333,0.6081893022397992,13,8
17576,"Conners, Corey",977,The Renaissance Club,sg_arg,-0.1524266898625304,0.5766157384771762,16,8
17576,"Conners, Corey",528,Pinehurst Resort & Country Club (Course No. 2),sg_arg,0.5996770615604273,0.5246733621084892,13,8
17576,"Conners, Corey",611,Southern Hills Country Club,sg_arg,-0.010521956120559225,0.4980626838282213,21,8
17576,"Conners, Corey",514,Oak Hill Country Club,sg_arg,0.5742222909131746,0.4528767618255562,14,8
17576,"Conners, Corey",698,Quail Hollow Club,sg_arg,-0.0669389809766473,0.41704133255957127,52,8
17576,"Conners, Corey",697,Ocean Course at Kiawah Island,sg_arg,0.09603635819737483,0.4160654028125454,24,8
17576,"Conners, Corey",503,TPC River Highlands,sg_arg,0.4242896421423552,0.4014194396486374,51,8
17576,"Conners, Corey",885,Royal Portrush Golf Club,sg_arg,0.7750329583255352,0.39205476717281856,15,8
17576,"Conners, Corey",4,Torrey Pines Golf Course (South Course),sg_arg,0.6128659909179432,0.3899247548025363,51,8
17576,"Conners, Corey",729,Golf Club of Houston,sg_arg,-0.6675859760021317,0.3790111774135132,54,8
17576,"Conners, Corey",669,TPC Deere Run,sg_arg,-0.07430370739739262,0.3763200181958359,38,8
17576,"Conners, Corey",500,The Riviera Country Club,sg_arg,0.05197308990420576,0.36910745033253783,54,8
17576,"Conners, Corey",902,Congaree Golf Club,sg_arg,0.22559026991037906,0.31392215570295146,20,8
17576,"Conners, Corey",552,Silverado Resort and Spa (North Course),sg_arg,-0.5709901864035462,0.30969972483809577,39,8
17576,"Conners, Corey",901,Wilmington Country Club,sg_ott,0.39749017207806986,0.8630761206823632,8,8
17576,"Conners, Corey",746,The Country Club of Jackson,sg_ott,0.15149061613691078,0.8252517828177022,32,8
17576,"Conners, Corey",697,Ocean Course at Kiawah Island,sg_ott,0.44146584857898635,0.8177837473279898,24,8
17576,"Conners, Corey",514,Oak Hill Country Club,sg_ott,-0.2109725215896023,0.8127203741169257,14,8
17576,"Conners, Corey",656,Plantation Course at Kapalua,sg_ott,-0.19023235122341872,0.8079739846971773,45,8
17576,"Conners, Corey",897,Memorial Park Golf Course,sg_ott,-0.06891997829614355,0.7975910700248214,29,8
17576,"Conners, Corey",205,Spyglass Hill Golf Course,sg_ott,0.3792152463477602,0.7354241572242235,10,8
17576,"Conners, Corey",665,Innisbrook Resort and Golf Club - Copperhead Course,sg_ott,-0.2483995261512145,0.7274722902336741,54,8
17576,"Conners, Corey",872,Quail Hollow Club,sg_ott,0.15706421782840063,0.7095329685955294,36,8
17576,"Conners, Corey",232,Albany GC,sg_ott,0.04821729700959749,0.6990513806604631,7,8
17576,"Conners, Corey",669,TPC Deere Run,sg_ott,0.20675454871489238,0.6958014020825517,38,8
17576,"Conners, Corey",895,TPC Harding Park,sg_ott,0.15611762626364145,0.6913221539478895,25,8
17576,"Conners, Corey",237,TPC Potomac at Avenel Farm,sg_ott,0.5643872335913559,0.6685057551764296,23,8
17576,"Conners, Corey",43,The Los Angeles Country Club (North Course),sg_ott,0.2070901706133851,0.6561752385219565,13,8
17576,"Conners, Corey",744,Torrey Pines (South),sg_ott,0.28762292895710156,0.6527298605945488,20,8
17576,"Conners, Corey",939,Torrey Pines Golf Course (South Course),sg_ott,-0.042180762450353036,0.6420342944454386,9,8
17576,"Conners, Corey",348,Medinah Country Club (No. 3),sg_ott,-0.21092126873775205,0.6402835614018546,18,8
17576,"Conners, Corey",823,Keene Trace Golf Club,sg_ott,0.8714014547744728,0.6239404330389802,7,8
17576,"Conners, Corey",528,Pinehurst Resort & Country Club (Course No. 2),sg_ott,0.5174665491634192,0.605912040107582,13,8
17576,"Conners, Corey",704,Pete Dye Stadium Course,sg_ott,-0.023410470389204914,0.5925443054801743,33,8
17576,"Conners, Corey",2000,Sherwood Country Club,sg_ott,0.10648202297476134,0.5798439179510387,12,8
17576,"Conners, Corey",729,Golf Club of Houston,sg_ott,-1.7824870470165,0.5762066930736335,54,8
17576,"Conners, Corey",671,Valhalla Golf Club,sg_ott,-0.034256661752246335,0.5447209390309542,42,8
17576,"Conners, Corey",243,Trinity Forest Golf Club,sg_ott,0.5933579779114713,0.5300807114908475,23,8
17576,"Conners, Corey",21,Colonial Country Club,sg_ott,0.09487018470561841,0.5148436857747805,50,8
17576,"Conners, Corey",654,The Country Club,sg_ott,0.6576618785521046,0.4887135329746615,13,8
17576,"Conners, Corey",698,Quail Hollow Club,sg_ott,-0.46030611364539914,0.4783427498881751,52,8
17576,"Conners, Corey",926,Silverado Resort (North Course),sg_ott,0.5573050359727916,0.4695369826470083,14,8
17576,"Conners, Corey",883,TPC Twin Cities,sg_ott,0.47089027493598956,0.45235980784155716,30,8
17576,"Conners, Corey",734,PGA National Resort (The Champion),sg_ott,0.40754672133767855,0.45228278937398675,56,8
17576,"Conners, Corey",770,TPC San Antonio - The Oaks Course,sg_ott,0.11662056340278962,0.45218651003185867,50,8
17576,"Conners, Corey",241,Quail Hollow-PGA Championship,sg_ott,0.47813473963578573,0.443843453458752,34,8
17576,"Conners, Corey",14,Augusta National Golf Club,sg_ott,-0.7179502496576804,0.42768357649408206,23,8
17576,"Conners, Corey",772,St. George's G&CC,sg_ott,-0.032527679422612636,0.3888480133012952,22,8
17576,"Conners, Corey",32,Glen Abbey GC,sg_ott,-0.06643635826101857,0.38804505962737723,40,8
17576,"Conners, Corey",5,Pebble Beach Golf Links,sg_ott,-0.1298921337398415,0.37764395709692644,49,8
17576,"Conners, Corey",500,The Riviera Country Club,sg_ott,-0.013004750190621424,0.3722795836501979,54,8
17576,"Conners, Corey",709,Royal Troon,sg_ott,-0.5696811648656446,0.3555471361658512,14,8
17576,"Conners, Corey",700,TPC Boston,sg_ott,0.36933119396332775,0.31039427326405605,52,8
17576,"Conners, Corey",709,Royal Troon,sg_putt,0.20891740497064465,0.8553792953613122,14,8
17576,"Conners, Corey",2000,Sherwood Country Club,sg_putt,1.172410830382719,0.8489529445552979,12,8
17576,"Conners, Corey",928,PGA National  - Champion Course,sg_putt,-0.469047179632654,0.8319135400555944,13,8
17576,"Conners, Corey",243,Trinity Forest Golf Club,sg_putt,0.8990819530549966,0.7803268512585968,23,8
17576,"Conners, Corey",552,Silverado Resort and Spa (North Course),sg_putt,-0.03544455016423906,0.7652038880499961,39,8
17576,"Conners, Corey",896,Olympia Fields Country Club (North Course),sg_putt,-0.46311247532820177,0.7300243530921173,13,8
17576,"Conners, Corey",935,TPC Toronto at Osprey Valley (North Course),sg_putt,-0.55429842289397,0.7214011843267554,6,8
17576,"Conners, Corey",744,Torrey Pines (South),sg_putt,-1.947250706317411,0.6493713284526129,20,8
17576,"Conners, Corey",697,Ocean Course at Kiawah Island,sg_putt,0.20664080246378946,0.6047937213752724,24,8
17576,"Conners, Corey",43,The Los Angeles Country Club (North Course),sg_putt,-1.888054903383639,0.5587238547117286,13,8
17576,"Conners, Corey",908,Oakdale Golf & Country Club,sg_putt,-0.07051852935660706,0.5541251730836958,10,8
17576,"Conners, Corey",608,Oakmont Country Club,sg_putt,1.0197065599607666,0.5378019635320631,10,8
17576,"Conners, Corey",668,St. Andrews Links (Old Course),sg_putt,1.0263820106650703,0.5243576462108127,16,8
17576,"Conners, Corey",872,Quail Hollow Club,sg_putt,-0.27390990263091103,0.5080732719746718,36,8
17576,"Conners, Corey",770,TPC San Antonio - The Oaks Course,sg_putt,-0.03667688616211044,0.49979074287184344,50,8
17576,"Conners, Corey",977,The Renaissance Club,sg_putt,0.7467278571442054,0.49863130395531924,16,8
17576,"Conners, Corey",902,Congaree Golf Club,sg_putt,0.05663036140070797,0.47712841747238366,20,8
17576,"Conners, Corey",897,Memorial Park Golf Course,sg_putt,0.28299033608698826,0.46100063008810405,29,8
17576,"Conners, Corey",665,Innisbrook Resort and Golf Club - Copperhead Course,sg_putt,0.09706422701425048,0.42909909172145166,54,8
17576,"Conners, Corey",891,Winged Foot GC,sg_putt,1.7377603853598669,0.4283793448531367,23,8
17576,"Conners, Corey",883,TPC Twin Cities,sg_putt,-1.0697146282665428,0.41039090006103524,30,8
17576,"Conners, Corey",669,TPC Deere Run,sg_putt,0.7221218920117786,0.38981961108634927,38,8
17576,"Conners, Corey",538,TPC Summerlin,sg_putt,0.88701232246529,0.38935899749088204,47,8
17576,"Conners, Corey",514,Oak Hill Country Club,sg_putt,1.3367455426181263,0.3788799219519931,14,8
17576,"Conners, Corey",882,Caves Valley Golf Club,sg_putt,-0.632559057904004,0.36537833409543036,15,8
17576,"Conners, Corey",886,Liberty National Golf Club,sg_putt,0.41953715851141277,0.30772935775047244,27,8
17576,"Conners, Corey",896,Olympia Fields Country Club (North Course),sg_total,0.8364175071993692,0.8247619918620935,14,8
17576,"Conners, Corey",379,The Philadelphia Cricket Club (Wissahickon Course),sg_total,0.529333945444149,0.7585737211164316,9,8
17576,"Conners, Corey",43,The Los Angeles Country Club (North Course),sg_total,-1.0025656174281259,0.7514161263884058,15,8
17576,"Conners, Corey",406,Castle Pines Golf Club,sg_total,0.014158449584709104,0.7413756204749691,8,8
17576,"Conners, Corey",552,Silverado Resort and Spa (North Course),sg_total,-0.3790792473704987,0.7376139349852081,40,8
17576,"Conners, Corey",901,Wilmington Country Club,sg_total,1.1667507892973632,0.7257352782065652,8,8
17576,"Conners, Corey",891,Winged Foot GC,sg_total,0.059576789524866364,0.716785908305173,25,8
17576,"Conners, Corey",939,Torrey Pines Golf Course (South Course),sg_total,0.13638705638189627,0.6930839691436437,10,8
17576,"Conners, Corey",872,Quail Hollow Club,sg_total,0.8792110015801328,0.6851889404998475,37,8
17576,"Conners, Corey",746,The Country Club of Jackson,sg_total,0.6618033399935568,0.6225740180522429,34,8
17576,"Conners, Corey",928,PGA National  - Champion Course,sg_total,-0.3780046769930189,0.6132577956350657,13,8
17576,"Conners, Corey",977,The Renaissance Club,sg_total,-0.3299894805037364,0.6111814446513488,20,8
17576,"Conners, Corey",895,TPC Harding Park,sg_total,-1.6014535615325878,0.6084200207744371,26,8
17576,"Conners, Corey",770,TPC San Antonio - The Oaks Course,sg_total,0.6721206403460325,0.6076650388350318,54,8
17576,"Conners, Corey",514,Oak Hill Country Club,sg_total,1.8276437072591252,0.6041384175417843,15,8
17576,"Conners, Corey",240,Club de Golf Chapultepec,sg_total,-0.5790773999355768,0.6020028570371451,32,8
17576,"Conners, Corey",897,Memorial Park Golf Course,sg_total,0.3441852681352139,0.5969683733902095,30,8
17576,"Conners, Corey",4,Torrey Pines Golf Course (South Course),sg_total,-0.5751596355910318,0.5869275084275075,56,8
17576,"Conners, Corey",205,Spyglass Hill Golf Course,sg_total,-2.5277387492805174,0.557455820713923,53,8
17576,"Conners, Corey",771,The Old White TPC,sg_total,0.8699213113534977,0.5529609738461922,43,8
17576,"Conners, Corey",14,Augusta National Golf Club,sg_total,-0.18156846822215758,0.5394044836198019,65,8
17576,"Conners, Corey",885,Royal Portrush Golf Club,sg_total,0.9504564412559834,0.52887766569415,30,8
17576,"Conners, Corey",744,Torrey Pines (South),sg_total,-1.4937528151881834,0.5214711179618798,46,8
17576,"Conners, Corey",513,TPC Southwind,sg_total,-0.6162081451134014,0.5150057683020087,55,8
17576,"Conners, Corey",700,TPC Boston,sg_total,1.0850660685604483,0.507527023233339,54,8
17576,"Conners, Corey",769,Monterey Peninsula CC,sg_total,1.7010400636884815,0.5002066489573296,49,8
17576,"Conners, Corey",232,Albany GC,sg_total,0.24231973523721614,0.4445505341369429,18,8
17576,"Conners, Corey",538,TPC Summerlin,sg_total,-0.7585225683803175,0.43235476111085686,50,8
17576,"Conners, Corey",241,Quail Hollow-PGA Championship,sg_total,0.9290175039004415,0.4265006951284631,37,8
17576,"Conners, Corey",902,Congaree Golf Club,sg_total,0.48259828634635504,0.41161328631299193,21,8
17576,"Conners, Corey",875,ACCORDIA GOLF Narashino Country Club,sg_total,0.2848536391533417,0.386724896362914,20,8
17576,"Conners, Corey",778,Royal St. George's GC,sg_total,0.7230568345155876,0.3865346771917013,50,8
17576,"Conners, Corey",776,Sea Island Golf Club (Seaside Course),sg_total,0.15295079691351457,0.3755012307989047,47,8
17576,"Conners, Corey",608,Oakmont Country Club,sg_total,0.15314308328097456,0.3547256152850429,53,8
17576,"Conners, Corey",880,Bethpage Black,sg_total,0.29339315914982345,0.3513476172401144,30,8
17576,"Conners, Corey",883,TPC Twin Cities,sg_total,0.6517430220946724,0.35074426673837056,32,8
17576,"Conners, Corey",876,Detroit Golf Club,sg_total,-0.9326015247453912,0.3154707070451331,31,8
28309,"Coody, Pierceson",928,PGA National  - Champion Course,sg_app,-0.18765540608102504,0.7671751837159452,13,8
28309,"Coody, Pierceson",876,Detroit Golf Club,sg_app,-0.14142581590632058,0.6896168809184317,29,8
28309,"Coody, Pierceson",4,Torrey Pines Golf Course (South Course),sg_app,-0.025877636242923663,0.6702800253204808,51,8
28309,"Coody, Pierceson",872,Quail Hollow Club,sg_app,-2.581987783868998,0.6423650899143748,36,8
28309,"Coody, Pierceson",665,Innisbrook Resort and Golf Club - Copperhead Course,sg_app,-0.26941116892622097,0.5909971343340352,54,8
28309,"Coody, Pierceson",770,TPC San Antonio - The Oaks Course,sg_app,-0.17940273127194156,0.524784468692467,50,8
28309,"Coody, Pierceson",510,TPC Scottsdale (Stadium Course),sg_app,0.7849568571723844,0.4198044142274062,49,8
28309,"Coody, Pierceson",897,Memorial Park Golf Course,sg_app,-0.03629898579764407,0.40296007074916906,29,8
28309,"Coody, Pierceson",874,Hamilton Golf & Country Club,sg_app,-0.9249728220295629,0.39319658002294006,21,8
28309,"Coody, Pierceson",884,Keene Trace Golf Club (Champion Trace),sg_app,-0.3636719096050881,0.3565055681638959,18,8
28309,"Coody, Pierceson",205,Spyglass Hill Golf Course,sg_arg,1.1794429152066865,0.8931748466298375,10,8
28309,"Coody, Pierceson",883,TPC Twin Cities,sg_arg,0.66281997603402,0.7867501524651601,30,8
28309,"Coody, Pierceson",9,Arnold Palmer's Bay Hill Club & Lodge,sg_arg,-0.6314561707033802,0.6663502146645437,55,8
28309,"Coody, Pierceson",930,Black Desert Resort,sg_arg,0.20970957397249673,0.6659138517567389,6,8
28309,"Coody, Pierceson",978,Vidanta Vallarta,sg_arg,-1.673832197149596,0.5939369030173401,16,8
28309,"Coody, Pierceson",4,Torrey Pines Golf Course (South Course),sg_arg,0.5363014779857673,0.3899247548025363,51,8
28309,"Coody, Pierceson",669,TPC Deere Run,sg_arg,-0.6972609891641701,0.3763200181958359,38,8
28309,"Coody, Pierceson",500,The Riviera Country Club,sg_arg,0.34314790406477597,0.36910745033253783,54,8
28309,"Coody, Pierceson",746,The Country Club of Jackson,sg_ott,0.5916940374954892,0.8252517828177022,32,8
28309,"Coody, Pierceson",921,TPC Craig Ranch,sg_ott,1.0667355091959876,0.8124938419538594,15,8
28309,"Coody, Pierceson",897,Memorial Park Golf Course,sg_ott,0.1849144542644343,0.7975910700248214,29,8
28309,"Coody, Pierceson",205,Spyglass Hill Golf Course,sg_ott,-0.6067410433790188,0.7354241572242235,10,8
28309,"Coody, Pierceson",665,Innisbrook Resort and Golf Club - Copperhead Course,sg_ott,-0.7553117904750792,0.7274722902336741,54,8
28309,"Coody, Pierceson",930,Black Desert Resort,sg_ott,0.8297900839987041,0.7201825483385862,6,8
28309,"Coody, Pierceson",872,Quail Hollow Club,sg_ott,-0.9875543472073877,0.7095329685955294,36,8
28309,"Coody, Pierceson",669,TPC Deere Run,sg_ott,-0.5032147158467439,0.6958014020825517,38,8
28309,"Coody, Pierceson",704,Pete Dye Stadium Course,sg_ott,-0.5094213628609399,0.5925443054801743,33,8
28309,"Coody, Pierceson",21,Colonial Country Club,sg_ott,-0.028941166209281333,0.5148436857747805,50,8
28309,"Coody, Pierceson",926,Silverado Resort (North Course),sg_ott,0.04960416649299737,0.4695369826470083,14,8
28309,"Coody, Pierceson",883,TPC Twin Cities,sg_ott,0.4180803575879821,0.45235980784155716,30,8
28309,"Coody, Pierceson",770,TPC San Antonio - The Oaks Course,sg_ott,-0.6077702211923108,0.45218651003185867,50,8
28309,"Coody, Pierceson",884,Keene Trace Golf Club (Champion Trace),sg_ott,0.31620287428006455,0.4361033501171625,18,8
28309,"Coody, Pierceson",5,Pebble Beach Golf Links,sg_ott,0.5825922899543144,0.37764395709692644,49,8
28309,"Coody, Pierceson",500,The Riviera Country Club,sg_ott,-0.21417937121284286,0.3722795836501979,54,8
28309,"Coody, Pierceson",928,PGA National  - Champion Course,sg_putt,-0.738725526083765,0.8319135400555944,13,8
28309,"Coody, Pierceson",930,Black Desert Resort,sg_putt,0.5650868059597492,0.709353178421583,6,8
28309,"Coody, Pierceson",978,Vidanta Vallarta,sg_putt,-0.19896387796578768,0.6967043554693465,16,8
28309,"Coody, Pierceson",884,Keene Trace Golf Club (Champion Trace),sg_putt,1.033181723045069,0.560092074734469,18,8
28309,"Coody, Pierceson",872,Quail Hollow Club,sg_putt,-1.058961367979264,0.5080732719746718,36,8
28309,"Coody, Pierceson",770,TPC San Antonio - The Oaks Course,sg_putt,0.43260077316217704,0.49979074287184344,50,8
28309,"Coody, Pierceson",897,Memorial Park Golf Course,sg_putt,-0.29138090932704713,0.46100063008810405,29,8
28309,"Coody, Pierceson",665,Innisbrook Resort and Golf Club - Copperhead Course,sg_putt,0.9200092032288446,0.42909909172145166,54,8
28309,"Coody, Pierceson",883,TPC Twin Cities,sg_putt,0.19780100529369937,0.41039090006103524,30,8
28309,"Coody, Pierceson",669,TPC Deere Run,sg_putt,0.009670940375131373,0.38981961108634927,38,8
28309,"Coody, Pierceson",538,TPC Summerlin,sg_putt,1.3816763980051037,0.38935899749088204,47,8
28309,"Coody, Pierceson",919,El Cardonal at Diamante,sg_total,-0.3007479194999233,0.8241756895683453,10,8
28309,"Coody, Pierceson",925,Dunes Golf and Beach Club,sg_total,-0.08767180816221098,0.8210465318733497,7,8
28309,"Coody, Pierceson",940,Grand Reserve Golf Club,sg_total,-0.24406482539511898,0.7634223042119858,8,8
28309,"Coody, Pierceson",978,Vidanta Vallarta,sg_total,-7.418495012061615,0.7044733074594649,17,8
28309,"Coody, Pierceson",872,Quail Hollow Club,sg_total,-4.5187758125401,0.6851889404998475,37,8
28309,"Coody, Pierceson",746,The Country Club of Jackson,sg_total,0.35315084649567585,0.6225740180522429,34,8
28309,"Coody, Pierceson",928,PGA National  - Champion Course,sg_total,-0.8250330257826152,0.6132577956350657,13,8
28309,"Coody, Pierceson",770,TPC San Antonio - The Oaks Course,sg_total,-0.03161465176563227,0.6076650388350318,54,8
28309,"Coody, Pierceson",897,Memorial Park Golf Course,sg_total,-0.1274387609836699,0.5969683733902095,30,8
28309,"Coody, Pierceson",4,Torrey Pines Golf Course (South Course),sg_total,2.33784407898563,0.5869275084275075,56,8
28309,"Coody, Pierceson",205,Spyglass Hill Golf Course,sg_total,1.2203843026784114,0.557455820713923,53,8
28309,"Coody, Pierceson",744,Torrey Pines (South),sg_total,-1.6530800975566189,0.5214711179618798,46,8
28309,"Coody, Pierceson",922,Dye's Valley Course,sg_total,3.344653673962454,0.5181238048200913,4,8
28309,"Coody, Pierceson",538,TPC Summerlin,sg_total,0.8514893299273649,0.43235476111085686,50,8
28309,"Coody, Pierceson",776,Sea Island Golf Club (Seaside Course),sg_total,-1.7738464307190958,0.3755012307989047,47,8
28309,"Coody, Pierceson",883,TPC Twin Cities,sg_total,0.6405476772174363,0.35074426673837056,32,8
28309,"Coody, Pierceson",876,Detroit Golf Club,sg_total,0.1269490756806868,0.3154707070451331,31,8
14509,"Dahmen, Joel",896,Olympia Fields Country Club (North Course),sg_app,-0.15004609952591938,0.8315178735937293,13,8
14509,"Dahmen, Joel",928,PGA National  - Champion Course,sg_app,0.9632947521785282,0.7671751837159452,13,8
14509,"Dahmen, Joel",891,Winged Foot GC,sg_app,0.40454346683236475,0.7126732274142469,23,8
14509,"Dahmen, Joel",935,TPC Toronto at Osprey Valley (North Course),sg_app,-0.21043702521491248,0.7116924721794581,6,8
14509,"Dahmen, Joel",823,Keene Trace Golf Club,sg_app,1.2650590309075698,0.7070666152167913,7,8
14509,"Dahmen, Joel",697,Ocean Course at Kiawah Island,sg_app,1.265744997639729,0.7069136776164395,24,8
14509,"Dahmen, Joel",876,Detroit Golf Club,sg_app,-0.41770373199746175,0.6896168809184317,29,8
14509,"Dahmen, Joel",4,Torrey Pines Golf Course (South Course),sg_app,0.11761656771312567,0.6702800253204808,51,8
14509,"Dahmen, Joel",237,TPC Potomac at Avenel Farm,sg_app,0.8871850911171719,0.6615951373353582,23,8
14509,"Dahmen, Joel",880,Bethpage Black,sg_app,1.1055688953075078,0.6551865014282398,28,8
14509,"Dahmen, Joel",43,The Los Angeles Country Club (North Course),sg_app,-0.9995038765158772,0.652561798717866,13,8
14509,"Dahmen, Joel",872,Quail Hollow Club,sg_app,0.3055205594845959,0.6423650899143748,36,8
14509,"Dahmen, Joel",552,Silverado Resort and Spa (North Course),sg_app,-0.48051192483326394,0.6270648570577193,39,8
14509,"Dahmen, Joel",665,Innisbrook Resort and Golf Club - Copperhead Course,sg_app,0.5895216691709264,0.5909971343340352,54,8
14509,"Dahmen, Joel",700,TPC Boston,sg_app,-1.0013746015115523,0.5801062715329093,52,8
14509,"Dahmen, Joel",2000,Sherwood Country Club,sg_app,-0.21860256114178955,0.5541693573359622,12,8
14509,"Dahmen, Joel",931,Tahoe Mountain Club (Old Greenwood),sg_app,0.1923143981953876,0.5425266516366192,6,8
14509,"Dahmen, Joel",770,TPC San Antonio - The Oaks Course,sg_app,-0.6952982084757958,0.524784468692467,50,8
14509,"Dahmen, Joel",611,Southern Hills Country Club,sg_app,-2.0712750314289368,0.5183385212389265,21,8
14509,"Dahmen, Joel",977,The Renaissance Club,sg_app,-2.780190760113916,0.47281672246556705,16,8
14509,"Dahmen, Joel",771,The Old White TPC,sg_app,0.9309264474790715,0.47094988388515785,41,8
14509,"Dahmen, Joel",893,Muirfield Village Golf Club,sg_app,-3.196225357847329,0.42322662719000703,23,8
14509,"Dahmen, Joel",510,TPC Scottsdale (Stadium Course),sg_app,-0.6098469131447948,0.4198044142274062,49,8
14509,"Dahmen, Joel",897,Memorial Park Golf Course,sg_app,0.16807774804274433,0.40296007074916906,29,8
14509,"Dahmen, Joel",874,Hamilton Golf & Country Club,sg_app,0.6620429205193689,0.39319658002294006,21,8
14509,"Dahmen, Joel",235,Eagle Point Golf Club,sg_app,0.10206681904244574,0.3860951981370469,21,8
14509,"Dahmen, Joel",884,Keene Trace Golf Club (Champion Trace),sg_app,-1.9605751189057112,0.3565055681638959,18,8
14509,"Dahmen, Joel",666,Pebble Beach Golf Links,sg_app,-0.8603344252390742,0.3362028317814147,27,8
14509,"Dahmen, Joel",19,TPC Four Seasons Resort,sg_app,0.847879258321582,0.3150439971860182,48,8
14509,"Dahmen, Joel",823,Keene Trace Golf Club,sg_arg,-0.1771298393760326,0.8086883885694868,7,8
14509,"Dahmen, Joel",883,TPC Twin Cities,sg_arg,0.08880049742899457,0.7867501524651601,30,8
14509,"Dahmen, Joel",9,Arnold Palmer's Bay Hill Club & Lodge,sg_arg,-0.3729583653793612,0.6663502146645437,55,8
14509,"Dahmen, Joel",930,Black Desert Resort,sg_arg,-0.1810373205332202,0.6659138517567389,6,8
14509,"Dahmen, Joel",896,Olympia Fields Country Club (North Course),sg_arg,0.46501009699982393,0.6081893022397992,13,8
14509,"Dahmen, Joel",978,Vidanta Vallarta,sg_arg,-0.015077292423044196,0.5939369030173401,16,8
14509,"Dahmen, Joel",977,The Renaissance Club,sg_arg,-0.11001657857915613,0.5766157384771762,16,8
14509,"Dahmen, Joel",873,Ridgewood CC,sg_arg,-1.088067978148694,0.5205492472184076,22,8
14509,"Dahmen, Joel",19,TPC Four Seasons Resort,sg_arg,0.6534683786139602,0.5175416912724531,48,8
14509,"Dahmen, Joel",611,Southern Hills Country Club,sg_arg,0.5264017696664863,0.4980626838282213,21,8
14509,"Dahmen, Joel",514,Oak Hill Country Club,sg_arg,0.06070595348128847,0.4528767618255562,14,8
14509,"Dahmen, Joel",697,Ocean Course at Kiawah Island,sg_arg,-0.21420614131230067,0.4160654028125454,24,8
14509,"Dahmen, Joel",503,TPC River Highlands,sg_arg,-0.46925077427406453,0.4014194396486374,51,8
14509,"Dahmen, Joel",235,Eagle Point Golf Club,sg_arg,-0.9984532620835954,0.3990891778199044,21,8
14509,"Dahmen, Joel",4,Torrey Pines Golf Course (South Course),sg_arg,-0.16695377021927993,0.3899247548025363,51,8
14509,"Dahmen, Joel",729,Golf Club of Houston,sg_arg,0.29653821410673037,0.3790111774135132,54,8
14509,"Dahmen, Joel",669,TPC Deere Run,sg_arg,0.2554741348200773,0.3763200181958359,38,8
14509,"Dahmen, Joel",500,The Riviera Country Club,sg_arg,-0.3657168939440274,0.36910745033253783,54,8
14509,"Dahmen, Joel",552,Silverado Resort and Spa (North Course),sg_arg,0.5263403655908319,0.30969972483809577,39,8
14509,"Dahmen, Joel",931,Tahoe Mountain Club (Old Greenwood),sg_arg,-0.11088286932322106,0.3045308878923496,6,8
14509,"Dahmen, Joel",931,Tahoe Mountain Club (Old Greenwood),sg_ott,-0.2394116801943487,0.857762709347225,6,8
14509,"Dahmen, Joel",746,The Country Club of Jackson,sg_ott,-0.032318368677641554,0.8252517828177022,32,8
14509,"Dahmen, Joel",697,Ocean Course at Kiawah Island,sg_ott,0.17182513780913314,0.8177837473279898,24,8
14509,"Dahmen, Joel",514,Oak Hill Country Club,sg_ott,-0.482925323083609,0.8127203741169257,14,8
14509,"Dahmen, Joel",921,TPC Craig Ranch,sg_ott,-0.458876652610009,0.8124938419538594,15,8
14509,"Dahmen, Joel",656,Plantation Course at Kapalua,sg_ott,0.16826126937143063,0.8079739846971773,45,8
14509,"Dahmen, Joel",897,Memorial Park Golf Course,sg_ott,-0.014115182172577498,0.7975910700248214,29,8
14509,"Dahmen, Joel",666,Pebble Beach Golf Links,sg_ott,-1.178333383712312,0.7832355819650828,27,8
14509,"Dahmen, Joel",19,TPC Four Seasons Resort,sg_ott,0.3788736898271259,0.7592243617778875,48,8
14509,"Dahmen, Joel",665,Innisbrook Resort and Golf Club - Copperhead Course,sg_ott,-0.017474317302205486,0.7274722902336741,54,8
14509,"Dahmen, Joel",930,Black Desert Resort,sg_ott,0.4537255819890832,0.7201825483385862,6,8
14509,"Dahmen, Joel",872,Quail Hollow Club,sg_ott,-0.2943146429254104,0.7095329685955294,36,8
14509,"Dahmen, Joel",669,TPC Deere Run,sg_ott,-0.1678765871485467,0.6958014020825517,38,8
14509,"Dahmen, Joel",895,TPC Harding Park,sg_ott,0.12334626970757664,0.6913221539478895,25,8
14509,"Dahmen, Joel",237,TPC Potomac at Avenel Farm,sg_ott,-0.7413764459162294,0.6685057551764296,23,8
14509,"Dahmen, Joel",43,The Los Angeles Country Club (North Course),sg_ott,-1.28428824772908,0.6561752385219565,13,8
14509,"Dahmen, Joel",348,Medinah Country Club (No. 3),sg_ott,-0.058623822481401994,0.6402835614018546,18,8
14509,"Dahmen, Joel",823,Keene Trace Golf Club,sg_ott,0.4832507998870865,0.6239404330389802,7,8
14509,"Dahmen, Joel",704,Pete Dye Stadium Course,sg_ott,0.3668652165300883,0.5925443054801743,33,8
14509,"Dahmen, Joel",2000,Sherwood Country Club,sg_ott,-0.36238207154652413,0.5798439179510387,12,8
14509,"Dahmen, Joel",729,Golf Club of Houston,sg_ott,-0.41861343426698605,0.5762066930736335,54,8
14509,"Dahmen, Joel",873,Ridgewood CC,sg_ott,0.6867337238730378,0.5404273606561777,22,8
14509,"Dahmen, Joel",243,Trinity Forest Golf Club,sg_ott,-0.055410789897789386,0.5300807114908475,23,8
14509,"Dahmen, Joel",21,Colonial Country Club,sg_ott,-0.34929265737754644,0.5148436857747805,50,8
14509,"Dahmen, Joel",654,The Country Club,sg_ott,0.27379244760645005,0.4887135329746615,13,8
14509,"Dahmen, Joel",926,Silverado Resort (North Course),sg_ott,0.003912875040434846,0.4695369826470083,14,8
14509,"Dahmen, Joel",883,TPC Twin Cities,sg_ott,-0.0281595808958902,0.45235980784155716,30,8
14509,"Dahmen, Joel",734,PGA National Resort (The Champion),sg_ott,-0.46796595830834975,0.45228278937398675,56,8
14509,"Dahmen, Joel",770,TPC San Antonio - The Oaks Course,sg_ott,-0.07258722183532561,0.45218651003185867,50,8
14509,"Dahmen, Joel",884,Keene Trace Golf Club (Champion Trace),sg_ott,-0.04311655371612658,0.4361033501171625,18,8
14509,"Dahmen, Joel",32,Glen Abbey GC,sg_ott,-0.45380238236463155,0.38804505962737723,40,8
14509,"Dahmen, Joel",5,Pebble Beach Golf Links,sg_ott,0.11620790220575142,0.37764395709692644,49,8
14509,"Dahmen, Joel",500,The Riviera Country Club,sg_ott,0.22869200248337404,0.3722795836501979,54,8
14509,"Dahmen, Joel",700,TPC Boston,sg_ott,-0.11337617849368359,0.31039427326405605,52,8
14509,"Dahmen, Joel",2000,Sherwood Country Club,sg_putt,0.569243899657955,0.8489529445552979,12,8
14509,"Dahmen, Joel",928,PGA National  - Champion Course,sg_putt,-0.0930041255217109,0.8319135400555944,13,8
14509,"Dahmen, Joel",931,Tahoe Mountain Club (Old Greenwood),sg_putt,0.16674217963395474,0.7981479141159207,6,8
14509,"Dahmen, Joel",243,Trinity Forest Golf Club,sg_putt,0.19521284574634734,0.7803268512585968,23,8
14509,"Dahmen, Joel",819,Harbor Shores Resort,sg_putt,-0.6539922312756499,0.7790085197570994,15,8
14509,"Dahmen, Joel",552,Silverado Resort and Spa (North Course),sg_putt,-0.602599778414971,0.7652038880499961,39,8
14509,"Dahmen, Joel",896,Olympia Fields Country Club (North Course),sg_putt,0.8750692002405364,0.7300243530921173,13,8
14509,"Dahmen, Joel",935,TPC Toronto at Osprey Valley (North Course),sg_putt,-0.06202052551025672,0.7214011843267554,6,8
14509,"Dahmen, Joel",930,Black Desert Resort,sg_putt,-0.20739549159388687,0.709353178421583,6,8
14509,"Dahmen, Joel",978,Vidanta Vallarta,sg_putt,1.6291630792429639,0.6967043554693465,16,8
14509,"Dahmen, Joel",697,Ocean Course at Kiawah Island,sg_putt,-0.5400638852651576,0.6047937213752724,24,8
14509,"Dahmen, Joel",884,Keene Trace Golf Club (Champion Trace),sg_putt,1.4340281735019833,0.560092074734469,18,8
14509,"Dahmen, Joel",43,The Los Angeles Country Club (North Course),sg_putt,-2.3904384275664423,0.5587238547117286,13,8
14509,"Dahmen, Joel",873,Ridgewood CC,sg_putt,-0.868209616895401,0.5371535915100778,22,8
14509,"Dahmen, Joel",872,Quail Hollow Club,sg_putt,0.7405191471557055,0.5080732719746718,36,8
14509,"Dahmen, Joel",770,TPC San Antonio - The Oaks Course,sg_putt,-0.3681295545000503,0.49979074287184344,50,8
14509,"Dahmen, Joel",977,The Renaissance Club,sg_putt,1.5892215768676672,0.49863130395531924,16,8
14509,"Dahmen, Joel",897,Memorial Park Golf Course,sg_putt,0.6490555837614419,0.46100063008810405,29,8
14509,"Dahmen, Joel",665,Innisbrook Resort and Golf Club - Copperhead Course,sg_putt,-0.32504056408323556,0.42909909172145166,54,8
14509,"Dahmen, Joel",891,Winged Foot GC,sg_putt,1.0429258508117396,0.4283793448531367,23,8
14509,"Dahmen, Joel",883,TPC Twin Cities,sg_putt,0.561773257391635,0.41039090006103524,30,8
14509,"Dahmen, Joel",669,TPC Deere Run,sg_putt,-0.8291731307132963,0.38981961108634927,38,8
14509,"Dahmen, Joel",538,TPC Summerlin,sg_putt,-0.2183144584387991,0.38935899749088204,47,8
14509,"Dahmen, Joel",514,Oak Hill Country Club,sg_putt,-0.24563816798500338,0.3788799219519931,14,8
14509,"Dahmen, Joel",886,Liberty National Golf Club,sg_putt,0.6344786822422553,0.30772935775047244,27,8
14509,"Dahmen, Joel",19,TPC Four Seasons Resort,sg_putt,0.9795589290248488,0.3013355876184594,48,8
14509,"Dahmen, Joel",896,Olympia Fields Country Club (North Course),sg_total,0.8344393549037519,0.8247619918620935,14,8
14509,"Dahmen, Joel",919,El Cardonal at Diamante,sg_total,1.053752377954913,0.8241756895683453,10,8
14509,"Dahmen, Joel",925,Dunes Golf and Beach Club,sg_total,-1.5156691855202515,0.8210465318733497,7,8
14509,"Dahmen, Joel",19,TPC Four Seasons Resort,sg_total,2.6626384951836464,0.7535983141081465,50,8
14509,"Dahmen, Joel",43,The Los Angeles Country Club (North Course),sg_total,-4.332905844920443,0.7514161263884058,15,8
14509,"Dahmen, Joel",552,Silverado Resort and Spa (North Course),sg_total,-0.8478434148862726,0.7376139349852081,40,8
14509,"Dahmen, Joel",891,Winged Foot GC,sg_total,0.20980928840401525,0.716785908305173,25,8
14509,"Dahmen, Joel",978,Vidanta Vallarta,sg_total,2.898538962742651,0.7044733074594649,17,8
14509,"Dahmen, Joel",890,Tahoe Mountain Club (Old Greenwood),sg_total,1.4492991928348522,0.7001988553273849,19,8
14509,"Dahmen, Joel",872,Quail Hollow Club,sg_total,0.66605228974277,0.6851889404998475,37,8
14509,"Dahmen, Joel",746,The Country Club of Jackson,sg_total,-0.07878547603393432,0.6225740180522429,34,8
14509,"Dahmen, Joel",928,PGA National  - Champion Course,sg_total,1.016974498922222,0.6132577956350657,13,8
14509,"Dahmen, Joel",977,The Renaissance Club,sg_total,-1.4818045887057891,0.6111814446513488,20,8
14509,"Dahmen, Joel",895,TPC Harding Park,sg_total,2.506609517639313,0.6084200207744371,26,8
14509,"Dahmen, Joel",770,TPC San Antonio - The Oaks Course,sg_total,-1.807581844278571,0.6076650388350318,54,8
14509,"Dahmen, Joel",514,Oak Hill Country Club,sg_total,-0.7600604528441066,0.6041384175417843,15,8
14509,"Dahmen, Joel",897,Memorial Park Golf Course,sg_total,1.1169111266956344,0.5969683733902095,30,8
14509,"Dahmen, Joel",4,Torrey Pines Golf Course (South Course),sg_total,0.6761955184259572,0.5869275084275075,56,8
14509,"Dahmen, Joel",205,Spyglass Hill Golf Course,sg_total,1.5034702628762278,0.557455820713923,53,8
14509,"Dahmen, Joel",771,The Old White TPC,sg_total,0.8448001400860918,0.5529609738461922,43,8
14509,"Dahmen, Joel",666,Pebble Beach Golf Links,sg_total,-1.0281530708054953,0.5426232759381483,49,8
14509,"Dahmen, Joel",885,Royal Portrush Golf Club,sg_total,-1.8547724459653532,0.52887766569415,30,8
14509,"Dahmen, Joel",513,TPC Southwind,sg_total,0.08418596515191312,0.5150057683020087,55,8
14509,"Dahmen, Joel",800,The Abaco Club on Winding Bay,sg_total,1.0332964238026217,0.5085375076292757,35,8
14509,"Dahmen, Joel",700,TPC Boston,sg_total,-1.9039623338125846,0.507527023233339,54,8
14509,"Dahmen, Joel",769,Monterey Peninsula CC,sg_total,2.5549428972050983,0.5002066489573296,49,8
14509,"Dahmen, Joel",538,TPC Summerlin,sg_total,0.12908793805117685,0.43235476111085686,50,8
14509,"Dahmen, Joel",875,ACCORDIA GOLF Narashino Country Club,sg_total,-0.18448810017974315,0.386724896362914,20,8
14509,"Dahmen, Joel",778,Royal St. George's GC,sg_total,0.23710260556678753,0.3865346771917013,50,8
14509,"Dahmen, Joel",776,Sea Island Golf Club (Seaside Course),sg_total,0.9909748494625101,0.3755012307989047,47,8
14509,"Dahmen, Joel",880,Bethpage Black,sg_total,-0.41762472225130476,0.3513476172401144,30,8
14509,"Dahmen, Joel",883,TPC Twin Cities,sg_total,-0.20073832130065147,0.35074426673837056,32,8
14509,"Dahmen, Joel",876,Detroit Golf Club,sg_total,-0.939864819899761,0.3154707070451331,31,8
9771,"Day, Jason",8,Trump National Doral,sg_app,-0.021641968859517857,0.9465251472181397,60,8
9771,"Day, Jason",896,Olympia Fields Country Club (North Course),sg_app,-2.129326384204241,0.8315178735937293,13,8
9771,"Day, Jason",939,Torrey Pines Golf Course (South Course),sg_app,-0.2634640515701072,0.7487285792532103,9,8
9771,"Day, Jason",902,Congaree Golf Club,sg_app,1.281618245216075,0.7464172844547262,20,8
9771,"Day, Jason",891,Winged Foot GC,sg_app,-0.9881557849696027,0.7126732274142469,23,8
9771,"Day, Jason",697,Ocean Course at Kiawah Island,sg_app,0.03286696256386196,0.7069136776164395,24,8
9771,"Day, Jason",241,Quail Hollow-PGA Championship,sg_app,0.6265164134238191,0.7056566483257517,34,8
9771,"Day, Jason",876,Detroit Golf Club,sg_app,0.38390348641490063,0.6896168809184317,29,8
9771,"Day, Jason",4,Torrey Pines Golf Course (South Course),sg_app,0.5682541429648419,0.6702800253204808,51,8
9771,"Day, Jason",724,Royal Liverpool,sg_app,0.4631907657825142,0.6632783746768827,14,8
9771,"Day, Jason",237,TPC Potomac at Avenel Farm,sg_app,1.7510082847532507,0.6615951373353582,23,8
9771,"Day, Jason",880,Bethpage Black,sg_app,0.8067370263109654,0.6551865014282398,28,8
9771,"Day, Jason",43,The Los Angeles Country Club (North Course),sg_app,-2.147533835585497,0.652561798717866,13,8
9771,"Day, Jason",872,Quail Hollow Club,sg_app,-0.057867489568310795,0.6423650899143748,36,8
9771,"Day, Jason",552,Silverado Resort and Spa (North Course),sg_app,1.951193430548513,0.6270648570577193,39,8
9771,"Day, Jason",232,Albany GC,sg_app,-0.6885483899887074,0.6223580975544195,7,8
9771,"Day, Jason",898,The Concession Golf Club,sg_app,0.1491529754522089,0.5978760108741452,13,8
9771,"Day, Jason",665,Innisbrook Resort and Golf Club - Copperhead Course,sg_app,0.3872175712200601,0.5909971343340352,54,8
9771,"Day, Jason",700,TPC Boston,sg_app,-0.8185322361173394,0.5801062715329093,52,8
9771,"Day, Jason",2000,Sherwood Country Club,sg_app,0.025698560785998904,0.5541693573359622,12,8
9771,"Day, Jason",14,Augusta National Golf Club,sg_app,0.28130239098432397,0.5249097184931832,23,8
9771,"Day, Jason",770,TPC San Antonio - The Oaks Course,sg_app,-0.332735465196797,0.524784468692467,50,8
9771,"Day, Jason",611,Southern Hills Country Club,sg_app,-0.6426044946101513,0.5183385212389265,21,8
9771,"Day, Jason",36,Le Triomphe G&CC,sg_app,0.273819673450804,0.511720899137967,58,8
9771,"Day, Jason",527,Saucon Valley CC,sg_app,-0.9600710619284986,0.49410026897104875,35,8
9771,"Day, Jason",882,Caves Valley Golf Club,sg_app,-0.8414854532802908,0.4904074682099971,15,8
9771,"Day, Jason",715,Baltusrol GC,sg_app,1.42713625355898,0.46574115836652397,35,8
9771,"Day, Jason",625,LaCantera GC (Resort),sg_app,-0.8462719576491835,0.45683718971714415,22,8
9771,"Day, Jason",885,Royal Portrush Golf Club,sg_app,0.7716856470218825,0.4489419284589953,15,8
9771,"Day, Jason",893,Muirfield Village Golf Club,sg_app,0.36247080336667753,0.42322662719000703,23,8
9771,"Day, Jason",510,TPC Scottsdale (Stadium Course),sg_app,0.9094358653302557,0.4198044142274062,49,8
9771,"Day, Jason",897,Memorial Park Golf Course,sg_app,-0.05677543328930701,0.40296007074916906,29,8
9771,"Day, Jason",406,Castle Pines Golf Club,sg_app,-0.11539104078206333,0.37629742151287615,7,8
9771,"Day, Jason",745,iberostar real club de golf novo sancti petri,sg_app,0.21141570153267863,0.35496164779815254,48,8
9771,"Day, Jason",666,Pebble Beach Golf Links,sg_app,0.22361464208696016,0.3362028317814147,27,8
9771,"Day, Jason",528,Pinehurst Resort & Country Club (Course No. 2),sg_app,-0.2023578102053,0.3150926551363546,13,8
9771,"Day, Jason",19,TPC Four Seasons Resort,sg_app,-0.22629422432803942,0.3150439971860182,48,8
9771,"Day, Jason",8,Trump National Doral,sg_arg,-0.3581176180437125,0.9530423707413531,60,8
9771,"Day, Jason",205,Spyglass Hill Golf Course,sg_arg,-1.17300136577508,0.8931748466298375,10,8
9771,"Day, Jason",608,Oakmont Country Club,sg_arg,0.5590355846658616,0.8244183901604997,10,8
9771,"Day, Jason",883,TPC Twin Cities,sg_arg,-0.9774720897386351,0.7867501524651601,30,8
9771,"Day, Jason",238,Glen Oaks Club,sg_arg,-0.10306598536498106,0.7336871596058964,27,8
9771,"Day, Jason",706,Whistling Straits,sg_arg,0.11138516612612943,0.6993047725504687,41,8
9771,"Day, Jason",14,Augusta National Golf Club,sg_arg,0.5393654785710515,0.6966083272472707,23,8
9771,"Day, Jason",9,Arnold Palmer's Bay Hill Club & Lodge,sg_arg,-0.09248964032482258,0.6663502146645437,55,8
9771,"Day, Jason",930,Black Desert Resort,sg_arg,0.8796312513530072,0.6659138517567389,6,8
9771,"Day, Jason",939,Torrey Pines Golf Course (South Course),sg_arg,-0.01998427371063964,0.6481740336083687,9,8
9771,"Day, Jason",896,Olympia Fields Country Club (North Course),sg_arg,-0.3665702098340259,0.6081893022397992,13,8
9771,"Day, Jason",773,Aronimink GC,sg_arg,-0.48644962327553365,0.5548743356281888,36,8
9771,"Day, Jason",528,Pinehurst Resort & Country Club (Course No. 2),sg_arg,-1.6722107283651209,0.5246733621084892,13,8
9771,"Day, Jason",873,Ridgewood CC,sg_arg,0.27560057326484133,0.5205492472184076,22,8
9771,"Day, Jason",19,TPC Four Seasons Resort,sg_arg,0.38796225658898614,0.5175416912724531,48,8
9771,"Day, Jason",611,Southern Hills Country Club,sg_arg,0.2344023368136316,0.4980626838282213,21,8
9771,"Day, Jason",514,Oak Hill Country Club,sg_arg,0.8483232116972099,0.4528767618255562,14,8
9771,"Day, Jason",625,LaCantera GC (Resort),sg_arg,-0.6239673618830093,0.44378838630574374,22,8
9771,"Day, Jason",698,Quail Hollow Club,sg_arg,0.18851093676414415,0.41704133255957127,52,8
9771,"Day, Jason",697,Ocean Course at Kiawah Island,sg_arg,0.27104716094339387,0.4160654028125454,24,8
9771,"Day, Jason",503,TPC River Highlands,sg_arg,0.1481639109214738,0.4014194396486374,51,8
9771,"Day, Jason",894,TPC Craig Ranch,sg_arg,0.15942795417723316,0.3960272487602276,24,8
9771,"Day, Jason",885,Royal Portrush Golf Club,sg_arg,1.1176770797775086,0.39205476717281856,15,8
9771,"Day, Jason",4,Torrey Pines Golf Course (South Course),sg_arg,-0.44969644610743353,0.3899247548025363,51,8
9771,"Day, Jason",729,Golf Club of Houston,sg_arg,0.026076907709575395,0.3790111774135132,54,8
9771,"Day, Jason",669,TPC Deere Run,sg_arg,-0.4280154961623598,0.3763200181958359,38,8
9771,"Day, Jason",500,The Riviera Country Club,sg_arg,0.2545724900496849,0.36910745033253783,54,8
9771,"Day, Jason",902,Congaree Golf Club,sg_arg,-0.3234593684600157,0.31392215570295146,20,8
9771,"Day, Jason",552,Silverado Resort and Spa (North Course),sg_arg,-0.2368825904518816,0.30969972483809577,39,8
9771,"Day, Jason",745,iberostar real club de golf novo sancti petri,sg_arg,-0.07004316290081274,0.303356471156665,48,8
9771,"Day, Jason",8,Trump National Doral,sg_ott,-0.3332900264989008,0.9516191919070657,60,8
9771,"Day, Jason",697,Ocean Course at Kiawah Island,sg_ott,0.7872925173409123,0.8177837473279898,24,8
9771,"Day, Jason",514,Oak Hill Country Club,sg_ott,-0.3021780200582311,0.8127203741169257,14,8
9771,"Day, Jason",706,Whistling Straits,sg_ott,1.5160268765707547,0.8125271659699387,41,8
9771,"Day, Jason",921,TPC Craig Ranch,sg_ott,0.1970476083466182,0.8124938419538594,15,8
9771,"Day, Jason",656,Plantation Course at Kapalua,sg_ott,-0.07640692880265525,0.8079739846971773,45,8
9771,"Day, Jason",897,Memorial Park Golf Course,sg_ott,0.18734722982346516,0.7975910700248214,29,8
9771,"Day, Jason",666,Pebble Beach Golf Links,sg_ott,-0.24079302411418396,0.7832355819650828,27,8
9771,"Day, Jason",19,TPC Four Seasons Resort,sg_ott,0.22047175039796477,0.7592243617778875,48,8
9771,"Day, Jason",689,El Bosque CC,sg_ott,-0.963653547474159,0.7580306354046243,42,8
9771,"Day, Jason",505,Cherry Hills CC,sg_ott,-0.07333976588376168,0.7529027101413989,25,8
9771,"Day, Jason",773,Aronimink GC,sg_ott,0.2849950838405258,0.7357449899129523,36,8
9771,"Day, Jason",205,Spyglass Hill Golf Course,sg_ott,0.3457886311051459,0.7354241572242235,10,8
9771,"Day, Jason",665,Innisbrook Resort and Golf Club - Copperhead Course,sg_ott,-0.5264321812546439,0.7274722902336741,54,8
9771,"Day, Jason",36,Le Triomphe G&CC,sg_ott,0.1073268381219457,0.721117445741737,58,8
9771,"Day, Jason",930,Black Desert Resort,sg_ott,-1.0237690754088724,0.7201825483385862,6,8
9771,"Day, Jason",872,Quail Hollow Club,sg_ott,0.15830619068040452,0.7095329685955294,36,8
9771,"Day, Jason",232,Albany GC,sg_ott,-0.5189635079575995,0.6990513806604631,7,8
9771,"Day, Jason",669,TPC Deere Run,sg_ott,-0.1693052390359774,0.6958014020825517,38,8
9771,"Day, Jason",895,TPC Harding Park,sg_ott,-0.05783649171921666,0.6913221539478895,25,8
9771,"Day, Jason",789,Conway Farms GC,sg_ott,0.24422576173065874,0.6765431912571337,34,8
9771,"Day, Jason",237,TPC Potomac at Avenel Farm,sg_ott,-0.2090062473343899,0.6685057551764296,23,8
9771,"Day, Jason",43,The Los Angeles Country Club (North Course),sg_ott,-0.45669759250954867,0.6561752385219565,13,8
9771,"Day, Jason",939,Torrey Pines Golf Course (South Course),sg_ott,-0.9196090873364233,0.6420342944454386,9,8
9771,"Day, Jason",348,Medinah Country Club (No. 3),sg_ott,-0.9859565032045294,0.6402835614018546,18,8
9771,"Day, Jason",528,Pinehurst Resort & Country Club (Course No. 2),sg_ott,-0.1892939327655151,0.605912040107582,13,8
9771,"Day, Jason",704,Pete Dye Stadium Course,sg_ott,0.1839786117244665,0.5925443054801743,33,8
9771,"Day, Jason",2000,Sherwood Country Club,sg_ott,-0.13734591939349894,0.5798439179510387,12,8
9771,"Day, Jason",729,Golf Club of Houston,sg_ott,0.3391602839220882,0.5762066930736335,54,8
9771,"Day, Jason",781,Plainfield CC,sg_ott,1.0398557920660032,0.5503579288030632,43,8
9771,"Day, Jason",671,Valhalla Golf Club,sg_ott,-0.09489558868634326,0.5447209390309542,42,8
9771,"Day, Jason",873,Ridgewood CC,sg_ott,-0.09088971113198552,0.5404273606561777,22,8
9771,"Day, Jason",534,Bellerive CC,sg_ott,0.009308652035673659,0.5266986928376094,42,8
9771,"Day, Jason",21,Colonial Country Club,sg_ott,-0.9737128276707316,0.5148436857747805,50,8
9771,"Day, Jason",745,iberostar real club de golf novo sancti petri,sg_ott,0.1565129437528317,0.512595938540274,48,8
9771,"Day, Jason",698,Quail Hollow Club,sg_ott,0.7115201908916607,0.4783427498881751,52,8
9771,"Day, Jason",625,LaCantera GC (Resort),sg_ott,-0.2664154377981064,0.4563859774020476,22,8
9771,"Day, Jason",883,TPC Twin Cities,sg_ott,-0.443727127155754,0.45235980784155716,30,8
9771,"Day, Jason",734,PGA National Resort (The Champion),sg_ott,-0.1907149839765835,0.45228278937398675,56,8
9771,"Day, Jason",770,TPC San Antonio - The Oaks Course,sg_ott,0.14901084554342392,0.45218651003185867,50,8
9771,"Day, Jason",241,Quail Hollow-PGA Championship,sg_ott,-0.5681617634616164,0.443843453458752,34,8
9771,"Day, Jason",14,Augusta National Golf Club,sg_ott,-0.25188554975613714,0.42768357649408206,23,8
9771,"Day, Jason",32,Glen Abbey GC,sg_ott,0.288515836901711,0.38804505962737723,40,8
9771,"Day, Jason",5,Pebble Beach Golf Links,sg_ott,0.21127529970552295,0.37764395709692644,49,8
9771,"Day, Jason",500,The Riviera Country Club,sg_ott,-0.2359665622886002,0.3722795836501979,54,8
9771,"Day, Jason",709,Royal Troon,sg_ott,0.11617554638374131,0.3555471361658512,14,8
9771,"Day, Jason",700,TPC Boston,sg_ott,-0.31386238034380726,0.31039427326405605,52,8
9771,"Day, Jason",8,Trump National Doral,sg_putt,0.2765501267079967,0.9467615659341958,60,8
9771,"Day, Jason",709,Royal Troon,sg_putt,0.07150416334716633,0.8553792953613122,14,8
9771,"Day, Jason",2000,Sherwood Country Club,sg_putt,-0.6976893523996741,0.8489529445552979,12,8
9771,"Day, Jason",552,Silverado Resort and Spa (North Course),sg_putt,-1.9866508440496593,0.7652038880499961,39,8
9771,"Day, Jason",896,Olympia Fields Country Club (North Course),sg_putt,0.011528273075054413,0.7300243530921173,13,8
9771,"Day, Jason",625,LaCantera GC (Resort),sg_putt,-1.3175922834553182,0.7194449867851495,22,8
9771,"Day, Jason",930,Black Desert Resort,sg_putt,0.14164335449284357,0.709353178421583,6,8
9771,"Day, Jason",715,Baltusrol GC,sg_putt,0.6391202804058097,0.6977005838536325,35,8
9771,"Day, Jason",789,Conway Farms GC,sg_putt,0.4789447370250731,0.6488976184206149,34,8
9771,"Day, Jason",689,El Bosque CC,sg_putt,0.9895778942086009,0.6122961641627417,42,8
9771,"Day, Jason",697,Ocean Course at Kiawah Island,sg_putt,-0.3184887319658334,0.6047937213752724,24,8
9771,"Day, Jason",745,iberostar real club de golf novo sancti petri,sg_putt,1.6556334969501934,0.582420842072087,48,8
9771,"Day, Jason",505,Cherry Hills CC,sg_putt,1.066104493960406,0.5727829869764955,25,8
9771,"Day, Jason",43,The Los Angeles Country Club (North Course),sg_putt,-1.3398068751593422,0.5587238547117286,13,8
9771,"Day, Jason",706,Whistling Straits,sg_putt,0.7893409216417692,0.5413193747753923,41,8
9771,"Day, Jason",608,Oakmont Country Club,sg_putt,-0.3158971008031727,0.5378019635320631,10,8
9771,"Day, Jason",873,Ridgewood CC,sg_putt,0.006284009309590388,0.5371535915100778,22,8
9771,"Day, Jason",898,The Concession Golf Club,sg_putt,0.4605420979300121,0.5261112008538217,13,8
9771,"Day, Jason",773,Aronimink GC,sg_putt,-0.47721330490304437,0.5110050494003415,36,8
9771,"Day, Jason",872,Quail Hollow Club,sg_putt,0.38596465052226847,0.5080732719746718,36,8
9771,"Day, Jason",770,TPC San Antonio - The Oaks Course,sg_putt,-0.28204842244658873,0.49979074287184344,50,8
9771,"Day, Jason",902,Congaree Golf Club,sg_putt,0.7730415347175752,0.47712841747238366,20,8
9771,"Day, Jason",897,Memorial Park Golf Course,sg_putt,0.45281808830625303,0.46100063008810405,29,8
9771,"Day, Jason",609,Annandale GC,sg_putt,-2.165407826455937,0.43740309197634325,25,8
9771,"Day, Jason",665,Innisbrook Resort and Golf Club - Copperhead Course,sg_putt,-0.8228210869792865,0.42909909172145166,54,8
9771,"Day, Jason",891,Winged Foot GC,sg_putt,0.9903199636313662,0.4283793448531367,23,8
9771,"Day, Jason",883,TPC Twin Cities,sg_putt,-1.282562993909979,0.41039090006103524,30,8
9771,"Day, Jason",669,TPC Deere Run,sg_putt,0.7499174057774829,0.38981961108634927,38,8
9771,"Day, Jason",538,TPC Summerlin,sg_putt,-0.1616355827220118,0.38935899749088204,47,8
9771,"Day, Jason",514,Oak Hill Country Club,sg_putt,-0.5151242282552295,0.3788799219519931,14,8
9771,"Day, Jason",882,Caves Valley Golf Club,sg_putt,-0.5264758961887904,0.36537833409543036,15,8
9771,"Day, Jason",886,Liberty National Golf Club,sg_putt,-1.4949145495586778,0.30772935775047244,27,8
9771,"Day, Jason",19,TPC Four Seasons Resort,sg_putt,0.6481008425907503,0.3013355876184594,48,8
9771,"Day, Jason",8,Trump National Doral,sg_total,-0.6239406109988119,0.9534045421133684,71,8
9771,"Day, Jason",896,Olympia Fields Country Club (North Course),sg_total,-2.286226399306628,0.8247619918620935,14,8
9771,"Day, Jason",19,TPC Four Seasons Resort,sg_total,0.9113188269492594,0.7535983141081465,50,8
9771,"Day, Jason",43,The Los Angeles Country Club (North Course),sg_total,-3.670802457677299,0.7514161263884058,15,8
9771,"Day, Jason",406,Castle Pines Golf Club,sg_total,-1.1054819905056208,0.7413756204749691,8,8
9771,"Day, Jason",552,Silverado Resort and Spa (North Course),sg_total,-2.5120731217286885,0.7376139349852081,40,8
9771,"Day, Jason",891,Winged Foot GC,sg_total,-0.017963654352163627,0.716785908305173,25,8
9771,"Day, Jason",773,Aronimink GC,sg_total,-0.19453706964615702,0.7020395410088385,37,8
9771,"Day, Jason",939,Torrey Pines Golf Course (South Course),sg_total,-1.899597802083419,0.6930839691436437,10,8
9771,"Day, Jason",625,LaCantera GC (Resort),sg_total,-3.119048605486128,0.6868191854628509,22,8
9771,"Day, Jason",872,Quail Hollow Club,sg_total,0.9352652978690532,0.6851889404998475,37,8
9771,"Day, Jason",238,Glen Oaks Club,sg_total,0.7479190824930759,0.6241288288584754,28,8
9771,"Day, Jason",706,Whistling Straits,sg_total,3.5580580663617365,0.6145503734924044,59,8
9771,"Day, Jason",895,TPC Harding Park,sg_total,2.296211162946804,0.6084200207744371,26,8
9771,"Day, Jason",770,TPC San Antonio - The Oaks Course,sg_total,-0.7709661185891156,0.6076650388350318,54,8
9771,"Day, Jason",781,Plainfield CC,sg_total,3.0098621346703203,0.6050669110305169,43,8
9771,"Day, Jason",514,Oak Hill Country Club,sg_total,-1.5731807226782573,0.6041384175417843,15,8
9771,"Day, Jason",897,Memorial Park Golf Course,sg_total,0.5910383895330767,0.5969683733902095,30,8
9771,"Day, Jason",4,Torrey Pines Golf Course (South Course),sg_total,-0.47602633890442525,0.5869275084275075,56,8
9771,"Day, Jason",205,Spyglass Hill Golf Course,sg_total,0.3224039697095311,0.557455820713923,53,8
9771,"Day, Jason",818,Chambers Bay GC,sg_total,0.9661385646055307,0.5439215943066038,38,8
9771,"Day, Jason",666,Pebble Beach Golf Links,sg_total,0.26303357548603135,0.5426232759381483,49,8
9771,"Day, Jason",14,Augusta National Golf Club,sg_total,0.5308575018868753,0.5394044836198019,65,8
9771,"Day, Jason",885,Royal Portrush Golf Club,sg_total,-0.6960327449396636,0.52887766569415,30,8
9771,"Day, Jason",689,El Bosque CC,sg_total,0.3465816779066533,0.5233518693058378,52,8
9771,"Day, Jason",513,TPC Southwind,sg_total,-0.8021385787626074,0.5150057683020087,55,8
9771,"Day, Jason",700,TPC Boston,sg_total,-2.0010184580332906,0.507527023233339,54,8
9771,"Day, Jason",780,Atlanta Athletic Club,sg_total,-0.5088518552518508,0.5002089628986955,46,8
9771,"Day, Jason",769,Monterey Peninsula CC,sg_total,2.2711706991895912,0.5002066489573296,49,8
9771,"Day, Jason",232,Albany GC,sg_total,-1.4474530875175597,0.4445505341369429,18,8
9771,"Day, Jason",538,TPC Summerlin,sg_total,0.9418161898222235,0.43235476111085686,50,8
9771,"Day, Jason",100,Omni Tucson National,sg_total,2.036805231272197,0.4299162671909255,45,8
9771,"Day, Jason",527,Saucon Valley CC,sg_total,-1.1917211167248618,0.42812608891688303,43,8
9771,"Day, Jason",505,Cherry Hills CC,sg_total,0.38785083693228084,0.42732051022224193,25,8
9771,"Day, Jason",241,Quail Hollow-PGA Championship,sg_total,-1.7750499738958205,0.4265006951284631,37,8
9771,"Day, Jason",902,Congaree Golf Club,sg_total,2.1707609933181127,0.41161328631299193,21,8
9771,"Day, Jason",875,ACCORDIA GOLF Narashino Country Club,sg_total,0.13495656945761386,0.386724896362914,20,8
9771,"Day, Jason",778,Royal St. George's GC,sg_total,-2.152078633155368,0.3865346771917013,50,8
9771,"Day, Jason",776,Sea Island Golf Club (Seaside Course),sg_total,-0.7701463871390785,0.3755012307989047,47,8
9771,"Day, Jason",608,Oakmont Country Club,sg_total,0.9930028538573064,0.3547256152850429,53,8
9771,"Day, Jason",880,Bethpage Black,sg_total,0.142218444235009,0.3513476172401144,30,8
9771,"Day, Jason",883,TPC Twin Cities,sg_total,-1.7229862394958513,0.35074426673837056,32,8
9771,"Day, Jason",876,Detroit Golf Club,sg_total,0.6878041406034733,0.3154707070451331,31,8
22833,"Echavarria, Nico",928,PGA National  - Champion Course,sg_app,0.7872547390047955,0.7671751837159452,13,8
22833,"Echavarria, Nico",939,Torrey Pines Golf Course (South Course),sg_app,0.6103667061607018,0.7487285792532103,9,8
22833,"Echavarria, Nico",241,Quail Hollow-PGA Championship,sg_app,1.202669827964874,0.7056566483257517,34,8
22833,"Echavarria, Nico",876,Detroit Golf Club,sg_app,1.0635989422221885,0.6896168809184317,29,8
22833,"Echavarria, Nico",4,Torrey Pines Golf Course (South Course),sg_app,1.4037635319706312,0.6702800253204808,51,8
22833,"Echavarria, Nico",872,Quail Hollow Club,sg_app,-0.007916951561720065,0.6423650899143748,36,8
22833,"Echavarria, Nico",665,Innisbrook Resort and Golf Club - Copperhead Course,sg_app,0.21645297148037937,0.5909971343340352,54,8
22833,"Echavarria, Nico",14,Augusta National Golf Club,sg_app,-1.4419861136986554,0.5249097184931832,23,8
22833,"Echavarria, Nico",770,TPC San Antonio - The Oaks Course,sg_app,-1.5694145951447314,0.524784468692467,50,8
22833,"Echavarria, Nico",977,The Renaissance Club,sg_app,0.6946971281774998,0.47281672246556705,16,8
22833,"Echavarria, Nico",885,Royal Portrush Golf Club,sg_app,0.5444642409784625,0.4489419284589953,15,8
22833,"Echavarria, Nico",510,TPC Scottsdale (Stadium Course),sg_app,-1.3573085678851033,0.4198044142274062,49,8
22833,"Echavarria, Nico",897,Memorial Park Golf Course,sg_app,0.290830516245962,0.40296007074916906,29,8
22833,"Echavarria, Nico",874,Hamilton Golf & Country Club,sg_app,-0.6824020634870929,0.39319658002294006,21,8
22833,"Echavarria, Nico",205,Spyglass Hill Golf Course,sg_arg,0.31455172050428915,0.8931748466298375,10,8
22833,"Echavarria, Nico",608,Oakmont Country Club,sg_arg,-0.7909467654084028,0.8244183901604997,10,8
22833,"Echavarria, Nico",883,TPC Twin Cities,sg_arg,-1.096972957529731,0.7867501524651601,30,8
22833,"Echavarria, Nico",14,Augusta National Golf Club,sg_arg,0.3200288722861142,0.6966083272472707,23,8
22833,"Echavarria, Nico",9,Arnold Palmer's Bay Hill Club & Lodge,sg_arg,-1.1074665997461217,0.6663502146645437,55,8
22833,"Echavarria, Nico",930,Black Desert Resort,sg_arg,-0.35598459757084466,0.6659138517567389,6,8
22833,"Echavarria, Nico",939,Torrey Pines Golf Course (South Course),sg_arg,-0.02068740529002247,0.6481740336083687,9,8
22833,"Echavarria, Nico",978,Vidanta Vallarta,sg_arg,-0.005297573631094038,0.5939369030173401,16,8
22833,"Echavarria, Nico",977,The Renaissance Club,sg_arg,0.40411841365409684,0.5766157384771762,16,8
22833,"Echavarria, Nico",503,TPC River Highlands,sg_arg,0.585071797101547,0.4014194396486374,51,8
22833,"Echavarria, Nico",885,Royal Portrush Golf Club,sg_arg,0.4954939337232802,0.39205476717281856,15,8
22833,"Echavarria, Nico",4,Torrey Pines Golf Course (South Course),sg_arg,-0.4505131996761078,0.3899247548025363,51,8
22833,"Echavarria, Nico",669,TPC Deere Run,sg_arg,0.29250272873730077,0.3763200181958359,38,8
22833,"Echavarria, Nico",500,The Riviera Country Club,sg_arg,0.06763970283336068,0.36910745033253783,54,8
22833,"Echavarria, Nico",746,The Country Club of Jackson,sg_ott,-0.7988308263604363,0.8252517828177022,32,8
22833,"Echavarria, Nico",921,TPC Craig Ranch,sg_ott,0.4187267551735523,0.8124938419538594,15,8
22833,"Echavarria, Nico",656,Plantation Course at Kapalua,sg_ott,-0.13030384663934375,0.8079739846971773,45,8
22833,"Echavarria, Nico",897,Memorial Park Golf Course,sg_ott,-1.1494676275156017,0.7975910700248214,29,8
22833,"Echavarria, Nico",205,Spyglass Hill Golf Course,sg_ott,-0.09281141564595816,0.7354241572242235,10,8
22833,"Echavarria, Nico",665,Innisbrook Resort and Golf Club - Copperhead Course,sg_ott,-0.1753719324726218,0.7274722902336741,54,8
22833,"Echavarria, Nico",930,Black Desert Resort,sg_ott,-0.07349707679581424,0.7201825483385862,6,8
22833,"Echavarria, Nico",872,Quail Hollow Club,sg_ott,-2.00303678370846,0.7095329685955294,36,8
22833,"Echavarria, Nico",669,TPC Deere Run,sg_ott,-0.17266492972010783,0.6958014020825517,38,8
22833,"Echavarria, Nico",939,Torrey Pines Golf Course (South Course),sg_ott,0.20391804626984994,0.6420342944454386,9,8
22833,"Echavarria, Nico",704,Pete Dye Stadium Course,sg_ott,-0.38944474727334305,0.5925443054801743,33,8
22833,"Echavarria, Nico",21,Colonial Country Club,sg_ott,0.11225343744140087,0.5148436857747805,50,8
22833,"Echavarria, Nico",926,Silverado Resort (North Course),sg_ott,-0.3572286513846105,0.4695369826470083,14,8
22833,"Echavarria, Nico",883,TPC Twin Cities,sg_ott,0.8164020106766291,0.45235980784155716,30,8
22833,"Echavarria, Nico",734,PGA National Resort (The Champion),sg_ott,-1.2765533841069379,0.45228278937398675,56,8
22833,"Echavarria, Nico",770,TPC San Antonio - The Oaks Course,sg_ott,-0.22233115289250835,0.45218651003185867,50,8
22833,"Echavarria, Nico",241,Quail Hollow-PGA Championship,sg_ott,0.9934729262152421,0.443843453458752,34,8
22833,"Echavarria, Nico",14,Augusta National Golf Club,sg_ott,-0.3317679408736278,0.42768357649408206,23,8
22833,"Echavarria, Nico",5,Pebble Beach Golf Links,sg_ott,-0.12655248926610274,0.37764395709692644,49,8
22833,"Echavarria, Nico",500,The Riviera Country Club,sg_ott,0.3790896769261447,0.3722795836501979,54,8
22833,"Echavarria, Nico",928,PGA National  - Champion Course,sg_putt,0.6716282783646699,0.8319135400555944,13,8
22833,"Echavarria, Nico",930,Black Desert Resort,sg_putt,0.5707908810153164,0.709353178421583,6,8
22833,"Echavarria, Nico",978,Vidanta Vallarta,sg_putt,0.2070791363399609,0.6967043554693465,16,8
22833,"Echavarria, Nico",608,Oakmont Country Club,sg_putt,-0.8721236655980869,0.5378019635320631,10,8
22833,"Echavarria, Nico",872,Quail Hollow Club,sg_putt,1.5328259941314277,0.5080732719746718,36,8
22833,"Echavarria, Nico",770,TPC San Antonio - The Oaks Course,sg_putt,0.5221718251731511,0.49979074287184344,50,8
22833,"Echavarria, Nico",977,The Renaissance Club,sg_putt,-1.1303424608754231,0.49863130395531924,16,8
22833,"Echavarria, Nico",897,Memorial Park Golf Course,sg_putt,1.0558775524833823,0.46100063008810405,29,8
22833,"Echavarria, Nico",665,Innisbrook Resort and Golf Club - Copperhead Course,sg_putt,0.7069903858149407,0.42909909172145166,54,8
22833,"Echavarria, Nico",883,TPC Twin Cities,sg_putt,-3.184177418227358,0.41039090006103524,30,8
22833,"Echavarria, Nico",669,TPC Deere Run,sg_putt,-0.5711069852949278,0.38981961108634927,38,8
22833,"Echavarria, Nico",538,TPC Summerlin,sg_putt,-0.3675557266266598,0.38935899749088204,47,8
22833,"Echavarria, Nico",919,El Cardonal at Diamante,sg_total,1.4220620886502273,0.8241756895683453,10,8
22833,"Echavarria, Nico",925,Dunes Golf and Beach Club,sg_total,-1.0790067547984457,0.8210465318733497,7,8
22833,"Echavarria, Nico",552,Silverado Resort and Spa (North Course),sg_total,-0.9726695616462151,0.7376139349852081,40,8
22833,"Echavarria, Nico",978,Vidanta Vallarta,sg_total,0.3316651393657792,0.7044733074594649,17,8
22833,"Echavarria, Nico",890,Tahoe Mountain Club (Old Greenwood),sg_total,-0.27004314633008103,0.7001988553273849,19,8
22833,"Echavarria, Nico",939,Torrey Pines Golf Course (South Course),sg_total,0.7103708690209161,0.6930839691436437,10,8
22833,"Echavarria, Nico",872,Quail Hollow Club,sg_total,0.34037361642718117,0.6851889404998475,37,8
22833,"Echavarria, Nico",746,The Country Club of Jackson,sg_total,-2.498554546541231,0.6225740180522429,34,8
22833,"Echavarria, Nico",928,PGA National  - Champion Course,sg_total,1.9750856984297247,0.6132577956350657,13,8
22833,"Echavarria, Nico",977,The Renaissance Club,sg_total,0.4808933267861953,0.6111814446513488,20,8
22833,"Echavarria, Nico",770,TPC San Antonio - The Oaks Course,sg_total,-1.7784292747294639,0.6076650388350318,54,8
22833,"Echavarria, Nico",897,Memorial Park Golf Course,sg_total,-0.505877915309889,0.5969683733902095,30,8
22833,"Echavarria, Nico",4,Torrey Pines Golf Course (South Course),sg_total,-0.32204778173075665,0.5869275084275075,56,8
22833,"Echavarria, Nico",205,Spyglass Hill Golf Course,sg_total,0.19099003358200178,0.557455820713923,53,8
22833,"Echavarria, Nico",14,Augusta National Golf Club,sg_total,-2.4947280277304933,0.5394044836198019,65,8
22833,"Echavarria, Nico",885,Royal Portrush Golf Club,sg_total,-0.8864796451743313,0.52887766569415,30,8
22833,"Echavarria, Nico",513,TPC Southwind,sg_total,0.24204867513815803,0.5150057683020087,55,8
22833,"Echavarria, Nico",769,Monterey Peninsula CC,sg_total,1.7040857634154913,0.5002066489573296,49,8
22833,"Echavarria, Nico",538,TPC Summerlin,sg_total,-1.0308777795108122,0.43235476111085686,50,8
22833,"Echavarria, Nico",241,Quail Hollow-PGA Championship,sg_total,1.1320888372512488,0.4265006951284631,37,8
22833,"Echavarria, Nico",875,ACCORDIA GOLF Narashino Country Club,sg_total,4.204584283237128,0.386724896362914,20,8
22833,"Echavarria, Nico",776,Sea Island Golf Club (Seaside Course),sg_total,1.1200481830421731,0.3755012307989047,47,8
22833,"Echavarria, Nico",608,Oakmont Country Club,sg_total,-1.8646160139766093,0.3547256152850429,53,8
22833,"Echavarria, Nico",883,TPC Twin Cities,sg_total,-3.693381491753368,0.35074426673837056,32,8
22833,"Echavarria, Nico",876,Detroit Golf Club,sg_total,0.9919195643638841,0.3154707070451331,31,8
22833,"Echavarria, Nicolas",43,The Los Angeles Country Club (North Course),sg_app,-0.5312882798091,0.652561798717866,13,8
22833,"Echavarria, Nicolas",528,Pinehurst Resort & Country Club (Course No. 2),sg_app,1.182646353673043,0.3150926551363546,13,8
22833,"Echavarria, Nicolas",528,Pinehurst Resort & Country Club (Course No. 2),sg_arg,-0.3650548451291703,0.5246733621084892,13,8
22833,"Echavarria, Nicolas",514,Oak Hill Country Club,sg_arg,1.36685963267191,0.4528767618255562,14,8
22833,"Echavarria, Nicolas",514,Oak Hill Country Club,sg_ott,0.9327082349649037,0.8127203741169257,14,8
22833,"Echavarria, Nicolas",921,TPC Craig Ranch,sg_ott,0.1150294175008364,0.8124938419538594,15,8
22833,"Echavarria, Nicolas",43,The Los Angeles Country Club (North Course),sg_ott,1.020742796577987,0.6561752385219565,13,8
22833,"Echavarria, Nicolas",528,Pinehurst Resort & Country Club (Course No. 2),sg_ott,0.09166471070328006,0.605912040107582,13,8
22833,"Echavarria, Nicolas",43,The Los Angeles Country Club (North Course),sg_putt,0.699747539802366,0.5587238547117286,13,8
22833,"Echavarria, Nicolas",514,Oak Hill Country Club,sg_putt,-3.2096936462536507,0.3788799219519931,14,8
22833,"Echavarria, Nicolas",43,The Los Angeles Country Club (North Course),sg_total,0.8474159637045111,0.7514161263884058,15,8
22833,"Echavarria, Nicolas",514,Oak Hill Country Club,sg_total,-0.49219642173313455,0.6041384175417843,15,8
14577,"English, Harris",8,Trump National Doral,sg_app,0.5016715830394481,0.9465251472181397,60,8
14577,"English, Harris",896,Olympia Fields Country Club (North Course),sg_app,-0.36904213231238514,0.8315178735937293,13,8
14577,"English, Harris",660,Montreux Golf & Country Club,sg_app,-0.717916781804216,0.7750434317449925,8,8
14577,"English, Harris",939,Torrey Pines Golf Course (South Course),sg_app,0.6427336749828618,0.7487285792532103,9,8
14577,"English, Harris",902,Congaree Golf Club,sg_app,0.10503066434694427,0.7464172844547262,20,8
14577,"English, Harris",891,Winged Foot GC,sg_app,0.34681327966824727,0.7126732274142469,23,8
14577,"English, Harris",823,Keene Trace Golf Club,sg_app,0.9264805043701652,0.7070666152167913,7,8
14577,"English, Harris",697,Ocean Course at Kiawah Island,sg_app,0.6570835794493735,0.7069136776164395,24,8
14577,"English, Harris",241,Quail Hollow-PGA Championship,sg_app,2.1334488220549086,0.7056566483257517,34,8
14577,"English, Harris",876,Detroit Golf Club,sg_app,-0.5892764775552941,0.6896168809184317,29,8
14577,"English, Harris",4,Torrey Pines Golf Course (South Course),sg_app,0.9318982965374067,0.6702800253204808,51,8
14577,"English, Harris",724,Royal Liverpool,sg_app,-0.0006216868874117931,0.6632783746768827,14,8
14577,"English, Harris",237,TPC Potomac at Avenel Farm,sg_app,0.39936881427690074,0.6615951373353582,23,8
14577,"English, Harris",43,The Los Angeles Country Club (North Course),sg_app,-0.19735307645072253,0.652561798717866,13,8
14577,"English, Harris",872,Quail Hollow Club,sg_app,0.46294903518498476,0.6423650899143748,36,8
14577,"English, Harris",552,Silverado Resort and Spa (North Course),sg_app,-0.08643231237255287,0.6270648570577193,39,8
14577,"English, Harris",232,Albany GC,sg_app,0.5939817742027343,0.6223580975544195,7,8
14577,"English, Harris",898,The Concession Golf Club,sg_app,-0.8192525953797003,0.5978760108741452,13,8
14577,"English, Harris",665,Innisbrook Resort and Golf Club - Copperhead Course,sg_app,-0.223998946130876,0.5909971343340352,54,8
14577,"English, Harris",700,TPC Boston,sg_app,0.6178892968251161,0.5801062715329093,52,8
14577,"English, Harris",2000,Sherwood Country Club,sg_app,-0.8280061280905253,0.5541693573359622,12,8
14577,"English, Harris",744,Torrey Pines (South),sg_app,0.933965313278371,0.5291018199363902,20,8
14577,"English, Harris",14,Augusta National Golf Club,sg_app,0.15264947081893862,0.5249097184931832,23,8
14577,"English, Harris",770,TPC San Antonio - The Oaks Course,sg_app,-0.8015327895749332,0.524784468692467,50,8
14577,"English, Harris",36,Le Triomphe G&CC,sg_app,0.1272425399588477,0.511720899137967,58,8
14577,"English, Harris",527,Saucon Valley CC,sg_app,-0.04645986255873902,0.49410026897104875,35,8
14577,"English, Harris",882,Caves Valley Golf Club,sg_app,-0.10338858155883016,0.4904074682099971,15,8
14577,"English, Harris",977,The Renaissance Club,sg_app,0.4065523794761158,0.47281672246556705,16,8
14577,"English, Harris",771,The Old White TPC,sg_app,0.3221307463392471,0.47094988388515785,41,8
14577,"English, Harris",715,Baltusrol GC,sg_app,0.4827181693500572,0.46574115836652397,35,8
14577,"English, Harris",885,Royal Portrush Golf Club,sg_app,1.449681221291012,0.4489419284589953,15,8
14577,"English, Harris",510,TPC Scottsdale (Stadium Course),sg_app,-0.33013649738709977,0.4198044142274062,49,8
14577,"English, Harris",897,Memorial Park Golf Course,sg_app,-0.03765576546788594,0.40296007074916906,29,8
14577,"English, Harris",874,Hamilton Golf & Country Club,sg_app,0.015118496640117246,0.39319658002294006,21,8
14577,"English, Harris",235,Eagle Point Golf Club,sg_app,-1.9154528482631157,0.3860951981370469,21,8
14577,"English, Harris",884,Keene Trace Golf Club (Champion Trace),sg_app,0.44479238837934654,0.3565055681638959,18,8
14577,"English, Harris",745,iberostar real club de golf novo sancti petri,sg_app,-0.6651601910697406,0.35496164779815254,48,8
14577,"English, Harris",666,Pebble Beach Golf Links,sg_app,-0.4341784492780054,0.3362028317814147,27,8
14577,"English, Harris",528,Pinehurst Resort & Country Club (Course No. 2),sg_app,-0.36671356513582454,0.3150926551363546,13,8
14577,"English, Harris",19,TPC Four Seasons Resort,sg_app,-0.3579667410286813,0.3150439971860182,48,8
14577,"English, Harris",694,Hamilton G&CC,sg_app,-0.6982382141878425,0.31076113032697034,17,8
14577,"English, Harris",8,Trump National Doral,sg_arg,0.15096422388005987,0.9530423707413531,60,8
14577,"English, Harris",205,Spyglass Hill Golf Course,sg_arg,0.1251663943417614,0.8931748466298375,10,8
14577,"English, Harris",608,Oakmont Country Club,sg_arg,-0.16143129714702148,0.8244183901604997,10,8
14577,"English, Harris",823,Keene Trace Golf Club,sg_arg,-0.508060403357243,0.8086883885694868,7,8
14577,"English, Harris",694,Hamilton G&CC,sg_arg,-0.200379564228648,0.7908776679932374,17,8
14577,"English, Harris",883,TPC Twin Cities,sg_arg,-0.10449705586349352,0.7867501524651601,30,8
14577,"English, Harris",744,Torrey Pines (South),sg_arg,0.845635989354205,0.7582209181562641,20,8
14577,"English, Harris",238,Glen Oaks Club,sg_arg,-0.7893260942020315,0.7336871596058964,27,8
14577,"English, Harris",706,Whistling Straits,sg_arg,0.5476676728599329,0.6993047725504687,41,8
14577,"English, Harris",14,Augusta National Golf Club,sg_arg,0.19644536467906237,0.6966083272472707,23,8
14577,"English, Harris",9,Arnold Palmer's Bay Hill Club & Lodge,sg_arg,-0.07815015426433757,0.6663502146645437,55,8
14577,"English, Harris",930,Black Desert Resort,sg_arg,0.2014664648003645,0.6659138517567389,6,8
14577,"English, Harris",939,Torrey Pines Golf Course (South Course),sg_arg,-0.6122165914160758,0.6481740336083687,9,8
14577,"English, Harris",896,Olympia Fields Country Club (North Course),sg_arg,0.3864373460931924,0.6081893022397992,13,8
14577,"English, Harris",977,The Renaissance Club,sg_arg,0.1872968295001538,0.5766157384771762,16,8
14577,"English, Harris",528,Pinehurst Resort & Country Club (Course No. 2),sg_arg,-1.2837309877067005,0.5246733621084892,13,8
14577,"English, Harris",873,Ridgewood CC,sg_arg,-1.2611326481875886,0.5205492472184076,22,8
14577,"English, Harris",19,TPC Four Seasons Resort,sg_arg,0.3368963327175233,0.5175416912724531,48,8
14577,"English, Harris",514,Oak Hill Country Club,sg_arg,-1.0358916337703628,0.4528767618255562,14,8
14577,"English, Harris",649,Hualalai Golf Course,sg_arg,-0.4905270012114803,0.44183968801198004,36,8
14577,"English, Harris",698,Quail Hollow Club,sg_arg,-0.182393197023618,0.41704133255957127,52,8
14577,"English, Harris",697,Ocean Course at Kiawah Island,sg_arg,0.27343407115603924,0.4160654028125454,24,8
14577,"English, Harris",503,TPC River Highlands,sg_arg,0.30743554502272474,0.4014194396486374,51,8
14577,"English, Harris",235,Eagle Point Golf Club,sg_arg,-0.6009767011424066,0.3990891778199044,21,8
14577,"English, Harris",894,TPC Craig Ranch,sg_arg,0.2434284069499298,0.3960272487602276,24,8
14577,"English, Harris",885,Royal Portrush Golf Club,sg_arg,0.08276131250572229,0.39205476717281856,15,8
14577,"English, Harris",4,Torrey Pines Golf Course (South Course),sg_arg,-0.38925259282573854,0.3899247548025363,51,8
14577,"English, Harris",729,Golf Club of Houston,sg_arg,-0.21776814209441075,0.3790111774135132,54,8
14577,"English, Harris",669,TPC Deere Run,sg_arg,-0.09304048382875806,0.3763200181958359,38,8
14577,"English, Harris",500,The Riviera Country Club,sg_arg,0.3429436177560135,0.36910745033253783,54,8
14577,"English, Harris",616,Robert Trent Jones GC,sg_arg,0.21313630713499143,0.32818114468011245,15,8
14577,"English, Harris",902,Congaree Golf Club,sg_arg,0.160789133826633,0.31392215570295146,20,8
14577,"English, Harris",552,Silverado Resort and Spa (North Course),sg_arg,0.18703150240607014,0.30969972483809577,39,8
14577,"English, Harris",745,iberostar real club de golf novo sancti petri,sg_arg,-1.2426287041203645,0.303356471156665,48,8
14577,"English, Harris",8,Trump National Doral,sg_ott,0.6322785338563145,0.9516191919070657,60,8
14577,"English, Harris",746,The Country Club of Jackson,sg_ott,0.15953278380586705,0.8252517828177022,32,8
14577,"English, Harris",697,Ocean Course at Kiawah Island,sg_ott,-0.5810049754833302,0.8177837473279898,24,8
14577,"English, Harris",514,Oak Hill Country Club,sg_ott,-0.4036160753838578,0.8127203741169257,14,8
14577,"English, Harris",706,Whistling Straits,sg_ott,-0.09577965224401862,0.8125271659699387,41,8
14577,"English, Harris",656,Plantation Course at Kapalua,sg_ott,0.28086872357109316,0.8079739846971773,45,8
14577,"English, Harris",897,Memorial Park Golf Course,sg_ott,-0.12296669438822042,0.7975910700248214,29,8
14577,"English, Harris",666,Pebble Beach Golf Links,sg_ott,0.4538195719930217,0.7832355819650828,27,8
14577,"English, Harris",19,TPC Four Seasons Resort,sg_ott,-0.4620781535478153,0.7592243617778875,48,8
14577,"English, Harris",689,El Bosque CC,sg_ott,-0.4190830538178668,0.7580306354046243,42,8
14577,"English, Harris",505,Cherry Hills CC,sg_ott,0.3941071601367603,0.7529027101413989,25,8
14577,"English, Harris",205,Spyglass Hill Golf Course,sg_ott,-0.5733713967155767,0.7354241572242235,10,8
14577,"English, Harris",665,Innisbrook Resort and Golf Club - Copperhead Course,sg_ott,-0.6540703208305905,0.7274722902336741,54,8
14577,"English, Harris",36,Le Triomphe G&CC,sg_ott,0.15257603838707112,0.721117445741737,58,8
14577,"English, Harris",930,Black Desert Resort,sg_ott,0.20440478926032157,0.7201825483385862,6,8
14577,"English, Harris",872,Quail Hollow Club,sg_ott,-0.21646071585094542,0.7095329685955294,36,8
14577,"English, Harris",232,Albany GC,sg_ott,-0.091024123084635,0.6990513806604631,7,8
14577,"English, Harris",669,TPC Deere Run,sg_ott,0.36964981171442335,0.6958014020825517,38,8
14577,"English, Harris",895,TPC Harding Park,sg_ott,-0.22811663482988964,0.6913221539478895,25,8
14577,"English, Harris",789,Conway Farms GC,sg_ott,0.22584349374051144,0.6765431912571337,34,8
14577,"English, Harris",237,TPC Potomac at Avenel Farm,sg_ott,0.5579743919287393,0.6685057551764296,23,8
14577,"English, Harris",43,The Los Angeles Country Club (North Course),sg_ott,0.37406015186932784,0.6561752385219565,13,8
14577,"English, Harris",744,Torrey Pines (South),sg_ott,-0.18808284306084863,0.6527298605945488,20,8
14577,"English, Harris",939,Torrey Pines Golf Course (South Course),sg_ott,-0.055252459999378084,0.6420342944454386,9,8
14577,"English, Harris",823,Keene Trace Golf Club,sg_ott,0.3232777308156222,0.6239404330389802,7,8
14577,"English, Harris",528,Pinehurst Resort & Country Club (Course No. 2),sg_ott,0.22347926578794697,0.605912040107582,13,8
14577,"English, Harris",704,Pete Dye Stadium Course,sg_ott,0.9833638290611932,0.5925443054801743,33,8
14577,"English, Harris",2000,Sherwood Country Club,sg_ott,0.4801524288294474,0.5798439179510387,12,8
14577,"English, Harris",729,Golf Club of Houston,sg_ott,0.22352408319409656,0.5762066930736335,54,8
14577,"English, Harris",781,Plainfield CC,sg_ott,-0.44403299975253785,0.5503579288030632,43,8
14577,"English, Harris",671,Valhalla Golf Club,sg_ott,-0.25194403930861753,0.5447209390309542,42,8
14577,"English, Harris",873,Ridgewood CC,sg_ott,0.6076708507362449,0.5404273606561777,22,8
14577,"English, Harris",243,Trinity Forest Golf Club,sg_ott,0.3963687597840564,0.5300807114908475,23,8
14577,"English, Harris",21,Colonial Country Club,sg_ott,0.1767565270324687,0.5148436857747805,50,8
14577,"English, Harris",745,iberostar real club de golf novo sancti petri,sg_ott,-0.5375349803206362,0.512595938540274,48,8
14577,"English, Harris",654,The Country Club,sg_ott,-0.6757758839737462,0.4887135329746615,13,8
14577,"English, Harris",698,Quail Hollow Club,sg_ott,-0.17344316603869078,0.4783427498881751,52,8
14577,"English, Harris",926,Silverado Resort (North Course),sg_ott,-0.31718712394326254,0.4695369826470083,14,8
14577,"English, Harris",883,TPC Twin Cities,sg_ott,0.022413979561672043,0.45235980784155716,30,8
14577,"English, Harris",734,PGA National Resort (The Champion),sg_ott,0.49924051599015795,0.45228278937398675,56,8
14577,"English, Harris",770,TPC San Antonio - The Oaks Course,sg_ott,-0.7773888251003565,0.45218651003185867,50,8
14577,"English, Harris",241,Quail Hollow-PGA Championship,sg_ott,0.5120682928760757,0.443843453458752,34,8
14577,"English, Harris",884,Keene Trace Golf Club (Champion Trace),sg_ott,-0.009229644046484825,0.4361033501171625,18,8
14577,"English, Harris",14,Augusta National Golf Club,sg_ott,-0.15642478719470432,0.42768357649408206,23,8
14577,"English, Harris",32,Glen Abbey GC,sg_ott,-0.6256681749180666,0.38804505962737723,40,8
14577,"English, Harris",5,Pebble Beach Golf Links,sg_ott,0.30680893265664394,0.37764395709692644,49,8
14577,"English, Harris",500,The Riviera Country Club,sg_ott,-0.0967895285994881,0.3722795836501979,54,8
14577,"English, Harris",709,Royal Troon,sg_ott,-0.7859945414367786,0.3555471361658512,14,8
14577,"English, Harris",700,TPC Boston,sg_ott,-0.28475186306723443,0.31039427326405605,52,8
14577,"English, Harris",8,Trump National Doral,sg_putt,-0.128770269072475,0.9467615659341958,60,8
14577,"English, Harris",709,Royal Troon,sg_putt,0.36401975732048486,0.8553792953613122,14,8
14577,"English, Harris",2000,Sherwood Country Club,sg_putt,-0.31685756476758464,0.8489529445552979,12,8
14577,"English, Harris",660,Montreux Golf & Country Club,sg_putt,-0.45015555806344776,0.7895447899934764,8,8
14577,"English, Harris",243,Trinity Forest Golf Club,sg_putt,0.15270832522138408,0.7803268512585968,23,8
14577,"English, Harris",552,Silverado Resort and Spa (North Course),sg_putt,0.11461635542459689,0.7652038880499961,39,8
14577,"English, Harris",896,Olympia Fields Country Club (North Course),sg_putt,0.42158154432154604,0.7300243530921173,13,8
14577,"English, Harris",930,Black Desert Resort,sg_putt,0.7192902415815479,0.709353178421583,6,8
14577,"English, Harris",715,Baltusrol GC,sg_putt,0.026671161731338267,0.6977005838536325,35,8
14577,"English, Harris",744,Torrey Pines (South),sg_putt,0.45811932184374615,0.6493713284526129,20,8
14577,"English, Harris",789,Conway Farms GC,sg_putt,-0.2602005990332734,0.6488976184206149,34,8
14577,"English, Harris",616,Robert Trent Jones GC,sg_putt,-0.5043606094675578,0.6145951362159888,15,8
14577,"English, Harris",689,El Bosque CC,sg_putt,-0.3600668662238339,0.6122961641627417,42,8
14577,"English, Harris",697,Ocean Course at Kiawah Island,sg_putt,-0.9479926717350436,0.6047937213752724,24,8
14577,"English, Harris",745,iberostar real club de golf novo sancti petri,sg_putt,-0.10936347635870672,0.582420842072087,48,8
14577,"English, Harris",505,Cherry Hills CC,sg_putt,0.33615834210672013,0.5727829869764955,25,8
14577,"English, Harris",884,Keene Trace Golf Club (Champion Trace),sg_putt,-0.4083939111173859,0.560092074734469,18,8
14577,"English, Harris",43,The Los Angeles Country Club (North Course),sg_putt,2.144515142082287,0.5587238547117286,13,8
14577,"English, Harris",706,Whistling Straits,sg_putt,0.5357554251851452,0.5413193747753923,41,8
14577,"English, Harris",608,Oakmont Country Club,sg_putt,-0.9947750967883964,0.5378019635320631,10,8
14577,"English, Harris",873,Ridgewood CC,sg_putt,0.35555160750646797,0.5371535915100778,22,8
14577,"English, Harris",898,The Concession Golf Club,sg_putt,-0.8473666733638727,0.5261112008538217,13,8
14577,"English, Harris",668,St. Andrews Links (Old Course),sg_putt,0.2566792186096347,0.5243576462108127,16,8
14577,"English, Harris",872,Quail Hollow Club,sg_putt,0.5074788812492717,0.5080732719746718,36,8
14577,"English, Harris",770,TPC San Antonio - The Oaks Course,sg_putt,-0.3854140511521773,0.49979074287184344,50,8
14577,"English, Harris",977,The Renaissance Club,sg_putt,-0.47368191976029894,0.49863130395531924,16,8
14577,"English, Harris",902,Congaree Golf Club,sg_putt,0.6826074699073645,0.47712841747238366,20,8
14577,"English, Harris",897,Memorial Park Golf Course,sg_putt,0.4731978480888682,0.46100063008810405,29,8
14577,"English, Harris",649,Hualalai Golf Course,sg_putt,-0.9933418265753484,0.45688429085995663,36,8
14577,"English, Harris",665,Innisbrook Resort and Golf Club - Copperhead Course,sg_putt,0.33216944203151944,0.42909909172145166,54,8
14577,"English, Harris",891,Winged Foot GC,sg_putt,0.6649666335949556,0.4283793448531367,23,8
14577,"English, Harris",883,TPC Twin Cities,sg_putt,0.5483156602783724,0.41039090006103524,30,8
14577,"English, Harris",669,TPC Deere Run,sg_putt,-0.6657319599810086,0.38981961108634927,38,8
14577,"English, Harris",538,TPC Summerlin,sg_putt,-0.1866579406808813,0.38935899749088204,47,8
14577,"English, Harris",694,Hamilton G&CC,sg_putt,-0.07409694226969535,0.3871397736976791,17,8
14577,"English, Harris",514,Oak Hill Country Club,sg_putt,-1.0702560913076458,0.3788799219519931,14,8
14577,"English, Harris",882,Caves Valley Golf Club,sg_putt,0.7926166576486231,0.36537833409543036,15,8
14577,"English, Harris",886,Liberty National Golf Club,sg_putt,0.4807125765417182,0.30772935775047244,27,8
14577,"English, Harris",19,TPC Four Seasons Resort,sg_putt,-0.1506951456462161,0.3013355876184594,48,8
14577,"English, Harris",8,Trump National Doral,sg_total,1.1785422073581366,0.9534045421133684,71,8
14577,"English, Harris",896,Olympia Fields Country Club (North Course),sg_total,0.961132044874529,0.8247619918620935,14,8
14577,"English, Harris",919,El Cardonal at Diamante,sg_total,0.4057962322017934,0.8241756895683453,10,8
14577,"English, Harris",379,The Philadelphia Cricket Club (Wissahickon Course),sg_total,1.0902904388465315,0.7585737211164316,9,8
14577,"English, Harris",19,TPC Four Seasons Resort,sg_total,-0.569659311395242,0.7535983141081465,50,8
14577,"English, Harris",43,The Los Angeles Country Club (North Course),sg_total,2.4612065489761834,0.7514161263884058,15,8
14577,"English, Harris",552,Silverado Resort and Spa (North Course),sg_total,0.5089462295362811,0.7376139349852081,40,8
14577,"English, Harris",891,Winged Foot GC,sg_total,2.345728403651911,0.716785908305173,25,8
14577,"English, Harris",939,Torrey Pines Golf Course (South Course),sg_total,0.5524049065814334,0.6930839691436437,10,8
14577,"English, Harris",872,Quail Hollow Club,sg_total,0.7930711363830504,0.6851889404998475,37,8
14577,"English, Harris",238,Glen Oaks Club,sg_total,-1.3226659621859378,0.6241288288584754,28,8
14577,"English, Harris",746,The Country Club of Jackson,sg_total,-1.9940628269619767,0.6225740180522429,34,8
14577,"English, Harris",706,Whistling Straits,sg_total,-0.0019004170824896693,0.6145503734924044,59,8
14577,"English, Harris",977,The Renaissance Club,sg_total,0.11688851235024378,0.6111814446513488,20,8
14577,"English, Harris",895,TPC Harding Park,sg_total,1.0885005374447805,0.6084200207744371,26,8
14577,"English, Harris",770,TPC San Antonio - The Oaks Course,sg_total,-1.659313073524931,0.6076650388350318,54,8
14577,"English, Harris",781,Plainfield CC,sg_total,0.29039732570134613,0.6050669110305169,43,8
14577,"English, Harris",514,Oak Hill Country Club,sg_total,-1.2528993971132105,0.6041384175417843,15,8
14577,"English, Harris",897,Memorial Park Golf Course,sg_total,0.179798934442859,0.5969683733902095,30,8
14577,"English, Harris",4,Torrey Pines Golf Course (South Course),sg_total,0.028807720167982664,0.5869275084275075,56,8
14577,"English, Harris",205,Spyglass Hill Golf Course,sg_total,-4.369367537011296,0.557455820713923,53,8
14577,"English, Harris",771,The Old White TPC,sg_total,1.298738154600255,0.5529609738461922,43,8
14577,"English, Harris",666,Pebble Beach Golf Links,sg_total,0.3023109363863058,0.5426232759381483,49,8
14577,"English, Harris",14,Augusta National Golf Club,sg_total,0.45526669422673893,0.5394044836198019,65,8
14577,"English, Harris",822,Las Colinas Country Club,sg_total,-2.072878308437317,0.5373709005340206,27,8
14577,"English, Harris",885,Royal Portrush Golf Club,sg_total,2.4536502063373615,0.52887766569415,30,8
14577,"English, Harris",689,El Bosque CC,sg_total,-0.40430069269160984,0.5233518693058378,52,8
14577,"English, Harris",744,Torrey Pines (South),sg_total,1.7337184998552582,0.5214711179618798,46,8
14577,"English, Harris",513,TPC Southwind,sg_total,-0.7004524181663085,0.5150057683020087,55,8
14577,"English, Harris",800,The Abaco Club on Winding Bay,sg_total,-0.1444653562451445,0.5085375076292757,35,8
14577,"English, Harris",700,TPC Boston,sg_total,1.2346614664293276,0.507527023233339,54,8
14577,"English, Harris",769,Monterey Peninsula CC,sg_total,-3.022706084561466,0.5002066489573296,49,8
14577,"English, Harris",232,Albany GC,sg_total,0.10111164313297655,0.4445505341369429,18,8
14577,"English, Harris",538,TPC Summerlin,sg_total,0.48986474403807523,0.43235476111085686,50,8
14577,"English, Harris",527,Saucon Valley CC,sg_total,-0.7578304116510437,0.42812608891688303,43,8
14577,"English, Harris",505,Cherry Hills CC,sg_total,0.031543700926345286,0.42732051022224193,25,8
14577,"English, Harris",241,Quail Hollow-PGA Championship,sg_total,2.438802460135674,0.4265006951284631,37,8
14577,"English, Harris",902,Congaree Golf Club,sg_total,0.13629457093583908,0.41161328631299193,21,8
14577,"English, Harris",694,Hamilton G&CC,sg_total,-1.0623108215470105,0.4106172555190136,17,8
14577,"English, Harris",778,Royal St. George's GC,sg_total,-0.8351649300952902,0.3865346771917013,50,8
14577,"English, Harris",776,Sea Island Golf Club (Seaside Course),sg_total,-0.7973076468634965,0.3755012307989047,47,8
14577,"English, Harris",608,Oakmont Country Club,sg_total,-1.3746643648844779,0.3547256152850429,53,8
14577,"English, Harris",883,TPC Twin Cities,sg_total,0.1597103641599833,0.35074426673837056,32,8
14577,"English, Harris",876,Detroit Golf Club,sg_total,-0.7364688131641399,0.3154707070451331,31,8
25362,"Fitzpatrick, Alex",931,Tahoe Mountain Club (Old Greenwood),sg_app,-0.45855708366500936,0.5425266516366192,6,8
25362,"Fitzpatrick, Alex",977,The Renaissance Club,sg_app,0.6675689618166148,0.47281672246556705,16,8
25362,"Fitzpatrick, Alex",977,The Renaissance Club,sg_arg,-0.15434141672555232,0.5766157384771762,16,8
25362,"Fitzpatrick, Alex",931,Tahoe Mountain Club (Old Greenwood),sg_arg,0.533459570234453,0.3045308878923496,6,8
25362,"Fitzpatrick, Alex",931,Tahoe Mountain Club (Old Greenwood),sg_ott,-0.6796878095944981,0.857762709347225,6,8
25362,"Fitzpatrick, Alex",931,Tahoe Mountain Club (Old Greenwood),sg_putt,1.4284381365711734,0.7981479141159207,6,8
25362,"Fitzpatrick, Alex",977,The Renaissance Club,sg_putt,-0.33958824871100834,0.49863130395531924,16,8
25362,"Fitzpatrick, Alex",977,The Renaissance Club,sg_total,-0.63139097749337,0.6111814446513488,20,8
12294,"Fleetwood, Tommy",896,Olympia Fields Country Club (North Course),sg_app,-0.5562867369520628,0.8315178735937293,13,8
12294,"Fleetwood, Tommy",939,Torrey Pines Golf Course (South Course),sg_app,0.9594404474461098,0.7487285792532103,9,8
12294,"Fleetwood, Tommy",902,Congaree Golf Club,sg_app,0.46347357780286685,0.7464172844547262,20,8
12294,"Fleetwood, Tommy",891,Winged Foot GC,sg_app,-0.2533742443426541,0.7126732274142469,23,8
12294,"Fleetwood, Tommy",240,Club de Golf Chapultepec,sg_app,-0.16675179274487123,0.7081210840226253,29,8
12294,"Fleetwood, Tommy",697,Ocean Course at Kiawah Island,sg_app,-1.4764719442640213,0.7069136776164395,24,8
12294,"Fleetwood, Tommy",241,Quail Hollow-PGA Championship,sg_app,-0.1981210015953156,0.7056566483257517,34,8
12294,"Fleetwood, Tommy",724,Royal Liverpool,sg_app,0.7327801283275046,0.6632783746768827,14,8
12294,"Fleetwood, Tommy",880,Bethpage Black,sg_app,-0.3301573853042972,0.6551865014282398,28,8
12294,"Fleetwood, Tommy",43,The Los Angeles Country Club (North Course),sg_app,1.4048118382134924,0.652561798717866,13,8
12294,"Fleetwood, Tommy",872,Quail Hollow Club,sg_app,0.4693576246198798,0.6423650899143748,36,8
12294,"Fleetwood, Tommy",898,The Concession Golf Club,sg_app,0.6790308601608801,0.5978760108741452,13,8
12294,"Fleetwood, Tommy",665,Innisbrook Resort and Golf Club - Copperhead Course,sg_app,-0.6532168787288992,0.5909971343340352,54,8
12294,"Fleetwood, Tommy",700,TPC Boston,sg_app,-0.986308296826303,0.5801062715329093,52,8
12294,"Fleetwood, Tommy",2000,Sherwood Country Club,sg_app,-0.45848275916637926,0.5541693573359622,12,8
12294,"Fleetwood, Tommy",744,Torrey Pines (South),sg_app,-0.07594381763413172,0.5291018199363902,20,8
12294,"Fleetwood, Tommy",14,Augusta National Golf Club,sg_app,-0.1498371548919043,0.5249097184931832,23,8
12294,"Fleetwood, Tommy",770,TPC San Antonio - The Oaks Course,sg_app,0.395775508177661,0.524784468692467,50,8
12294,"Fleetwood, Tommy",611,Southern Hills Country Club,sg_app,1.1764928771908423,0.5183385212389265,21,8
12294,"Fleetwood, Tommy",36,Le Triomphe G&CC,sg_app,-0.00033837002787706627,0.511720899137967,58,8
12294,"Fleetwood, Tommy",882,Caves Valley Golf Club,sg_app,1.076637581299039,0.4904074682099971,15,8
12294,"Fleetwood, Tommy",977,The Renaissance Club,sg_app,0.08647950429089779,0.47281672246556705,16,8
12294,"Fleetwood, Tommy",885,Royal Portrush Golf Club,sg_app,-0.9564896938396164,0.4489419284589953,15,8
12294,"Fleetwood, Tommy",510,TPC Scottsdale (Stadium Course),sg_app,-0.06838720990066094,0.4198044142274062,49,8
12294,"Fleetwood, Tommy",874,Hamilton Golf & Country Club,sg_app,0.9936511362470029,0.39319658002294006,21,8
12294,"Fleetwood, Tommy",406,Castle Pines Golf Club,sg_app,0.13955066935298582,0.37629742151287615,7,8
12294,"Fleetwood, Tommy",666,Pebble Beach Golf Links,sg_app,-0.09269365985185324,0.3362028317814147,27,8
12294,"Fleetwood, Tommy",887,Kasumigaseki Country Club,sg_app,-0.18492425917690555,0.3279484757050647,6,8
12294,"Fleetwood, Tommy",528,Pinehurst Resort & Country Club (Course No. 2),sg_app,-0.13959217682865757,0.3150926551363546,13,8
12294,"Fleetwood, Tommy",205,Spyglass Hill Golf Course,sg_arg,0.7898908935616716,0.8931748466298375,10,8
12294,"Fleetwood, Tommy",608,Oakmont Country Club,sg_arg,-1.057457864144989,0.8244183901604997,10,8
12294,"Fleetwood, Tommy",883,TPC Twin Cities,sg_arg,0.4185119650105609,0.7867501524651601,30,8
12294,"Fleetwood, Tommy",744,Torrey Pines (South),sg_arg,-0.9856856214961373,0.7582209181562641,20,8
12294,"Fleetwood, Tommy",706,Whistling Straits,sg_arg,-0.6493575653255184,0.6993047725504687,41,8
12294,"Fleetwood, Tommy",14,Augusta National Golf Club,sg_arg,-0.12711666828811707,0.6966083272472707,23,8
12294,"Fleetwood, Tommy",9,Arnold Palmer's Bay Hill Club & Lodge,sg_arg,0.17293308080866868,0.6663502146645437,55,8
12294,"Fleetwood, Tommy",939,Torrey Pines Golf Course (South Course),sg_arg,-0.19575548874926468,0.6481740336083687,9,8
12294,"Fleetwood, Tommy",896,Olympia Fields Country Club (North Course),sg_arg,0.2754470157424197,0.6081893022397992,13,8
12294,"Fleetwood, Tommy",977,The Renaissance Club,sg_arg,-0.1125152311181543,0.5766157384771762,16,8
12294,"Fleetwood, Tommy",773,Aronimink GC,sg_arg,-0.7037132670228756,0.5548743356281888,36,8
12294,"Fleetwood, Tommy",528,Pinehurst Resort & Country Club (Course No. 2),sg_arg,-0.11860354991009066,0.5246733621084892,13,8
12294,"Fleetwood, Tommy",873,Ridgewood CC,sg_arg,0.7681970841413441,0.5205492472184076,22,8
12294,"Fleetwood, Tommy",611,Southern Hills Country Club,sg_arg,0.32965739453242165,0.4980626838282213,21,8
12294,"Fleetwood, Tommy",514,Oak Hill Country Club,sg_arg,0.0822730018223079,0.4528767618255562,14,8
12294,"Fleetwood, Tommy",697,Ocean Course at Kiawah Island,sg_arg,2.1283298039267105,0.4160654028125454,24,8
12294,"Fleetwood, Tommy",503,TPC River Highlands,sg_arg,0.19663421715994245,0.4014194396486374,51,8
12294,"Fleetwood, Tommy",894,TPC Craig Ranch,sg_arg,-1.1609904423981696,0.3960272487602276,24,8
12294,"Fleetwood, Tommy",885,Royal Portrush Golf Club,sg_arg,-0.4477385175228799,0.39205476717281856,15,8
12294,"Fleetwood, Tommy",500,The Riviera Country Club,sg_arg,0.27443712700426875,0.36910745033253783,54,8
12294,"Fleetwood, Tommy",902,Congaree Golf Club,sg_arg,0.38443976554066966,0.31392215570295146,20,8
12294,"Fleetwood, Tommy",697,Ocean Course at Kiawah Island,sg_ott,-0.998432848758531,0.8177837473279898,24,8
12294,"Fleetwood, Tommy",514,Oak Hill Country Club,sg_ott,0.5470278345942008,0.8127203741169257,14,8
12294,"Fleetwood, Tommy",706,Whistling Straits,sg_ott,0.8028771552106801,0.8125271659699387,41,8
12294,"Fleetwood, Tommy",656,Plantation Course at Kapalua,sg_ott,-0.7621139829304415,0.8079739846971773,45,8
12294,"Fleetwood, Tommy",666,Pebble Beach Golf Links,sg_ott,-1.0913405593015886,0.7832355819650828,27,8
12294,"Fleetwood, Tommy",773,Aronimink GC,sg_ott,-0.035910249952167655,0.7357449899129523,36,8
12294,"Fleetwood, Tommy",205,Spyglass Hill Golf Course,sg_ott,0.1529413275155589,0.7354241572242235,10,8
12294,"Fleetwood, Tommy",665,Innisbrook Resort and Golf Club - Copperhead Course,sg_ott,0.12221681374813176,0.7274722902336741,54,8
12294,"Fleetwood, Tommy",36,Le Triomphe G&CC,sg_ott,0.3708639952074116,0.721117445741737,58,8
12294,"Fleetwood, Tommy",872,Quail Hollow Club,sg_ott,-0.06931766228624743,0.7095329685955294,36,8
12294,"Fleetwood, Tommy",895,TPC Harding Park,sg_ott,0.5981561436546725,0.6913221539478895,25,8
12294,"Fleetwood, Tommy",43,The Los Angeles Country Club (North Course),sg_ott,0.6458086384242003,0.6561752385219565,13,8
12294,"Fleetwood, Tommy",744,Torrey Pines (South),sg_ott,-0.4419258340937836,0.6527298605945488,20,8
12294,"Fleetwood, Tommy",939,Torrey Pines Golf Course (South Course),sg_ott,-0.14549522676437174,0.6420342944454386,9,8
12294,"Fleetwood, Tommy",348,Medinah Country Club (No. 3),sg_ott,-0.03975131314884958,0.6402835614018546,18,8
12294,"Fleetwood, Tommy",528,Pinehurst Resort & Country Club (Course No. 2),sg_ott,0.32507606338594297,0.605912040107582,13,8
12294,"Fleetwood, Tommy",2000,Sherwood Country Club,sg_ott,-0.25117898029732866,0.5798439179510387,12,8
12294,"Fleetwood, Tommy",671,Valhalla Golf Club,sg_ott,0.3306293162954939,0.5447209390309542,42,8
12294,"Fleetwood, Tommy",873,Ridgewood CC,sg_ott,-0.6753657368506265,0.5404273606561777,22,8
12294,"Fleetwood, Tommy",534,Bellerive CC,sg_ott,0.18818099126748283,0.5266986928376094,42,8
12294,"Fleetwood, Tommy",21,Colonial Country Club,sg_ott,-0.1673848191788057,0.5148436857747805,50,8
12294,"Fleetwood, Tommy",654,The Country Club,sg_ott,-0.20158722901064097,0.4887135329746615,13,8
12294,"Fleetwood, Tommy",883,TPC Twin Cities,sg_ott,-0.022048307552878343,0.45235980784155716,30,8
12294,"Fleetwood, Tommy",734,PGA National Resort (The Champion),sg_ott,-0.3032617065143516,0.45228278937398675,56,8
12294,"Fleetwood, Tommy",770,TPC San Antonio - The Oaks Course,sg_ott,-0.18956288272833827,0.45218651003185867,50,8
12294,"Fleetwood, Tommy",241,Quail Hollow-PGA Championship,sg_ott,-0.4567554800074574,0.443843453458752,34,8
12294,"Fleetwood, Tommy",14,Augusta National Golf Club,sg_ott,0.31833654846065945,0.42768357649408206,23,8
12294,"Fleetwood, Tommy",32,Glen Abbey GC,sg_ott,0.09418279882065017,0.38804505962737723,40,8
12294,"Fleetwood, Tommy",5,Pebble Beach Golf Links,sg_ott,0.04116564603757458,0.37764395709692644,49,8
12294,"Fleetwood, Tommy",500,The Riviera Country Club,sg_ott,0.07856210710216019,0.3722795836501979,54,8
12294,"Fleetwood, Tommy",709,Royal Troon,sg_ott,-0.84548152002041,0.3555471361658512,14,8
12294,"Fleetwood, Tommy",700,TPC Boston,sg_ott,-0.5048656888706626,0.31039427326405605,52,8
12294,"Fleetwood, Tommy",709,Royal Troon,sg_putt,-0.23840599807444873,0.8553792953613122,14,8
12294,"Fleetwood, Tommy",2000,Sherwood Country Club,sg_putt,-0.8324854141618258,0.8489529445552979,12,8
12294,"Fleetwood, Tommy",896,Olympia Fields Country Club (North Course),sg_putt,-0.4373727508140323,0.7300243530921173,13,8
12294,"Fleetwood, Tommy",744,Torrey Pines (South),sg_putt,0.94052963932654,0.6493713284526129,20,8
12294,"Fleetwood, Tommy",697,Ocean Course at Kiawah Island,sg_putt,-0.531368539237891,0.6047937213752724,24,8
12294,"Fleetwood, Tommy",43,The Los Angeles Country Club (North Course),sg_putt,-0.6986666773213781,0.5587238547117286,13,8
12294,"Fleetwood, Tommy",908,Oakdale Golf & Country Club,sg_putt,1.8648790307466183,0.5541251730836958,10,8
12294,"Fleetwood, Tommy",706,Whistling Straits,sg_putt,-0.9956565064325084,0.5413193747753923,41,8
12294,"Fleetwood, Tommy",608,Oakmont Country Club,sg_putt,0.9891885219152917,0.5378019635320631,10,8
12294,"Fleetwood, Tommy",873,Ridgewood CC,sg_putt,0.12702722389345728,0.5371535915100778,22,8
12294,"Fleetwood, Tommy",898,The Concession Golf Club,sg_putt,-1.673894854241287,0.5261112008538217,13,8
12294,"Fleetwood, Tommy",668,St. Andrews Links (Old Course),sg_putt,1.1648656046622476,0.5243576462108127,16,8
12294,"Fleetwood, Tommy",773,Aronimink GC,sg_putt,1.498901368495213,0.5110050494003415,36,8
12294,"Fleetwood, Tommy",872,Quail Hollow Club,sg_putt,0.0038366835265262744,0.5080732719746718,36,8
12294,"Fleetwood, Tommy",770,TPC San Antonio - The Oaks Course,sg_putt,-0.9235847553960466,0.49979074287184344,50,8
12294,"Fleetwood, Tommy",977,The Renaissance Club,sg_putt,-0.5571650598968416,0.49863130395531924,16,8
12294,"Fleetwood, Tommy",902,Congaree Golf Club,sg_putt,0.4734017024651942,0.47712841747238366,20,8
12294,"Fleetwood, Tommy",665,Innisbrook Resort and Golf Club - Copperhead Course,sg_putt,0.9169440394757102,0.42909909172145166,54,8
12294,"Fleetwood, Tommy",891,Winged Foot GC,sg_putt,-0.8806005776409026,0.4283793448531367,23,8
12294,"Fleetwood, Tommy",883,TPC Twin Cities,sg_putt,-1.6461523042927326,0.41039090006103524,30,8
12294,"Fleetwood, Tommy",514,Oak Hill Country Club,sg_putt,0.005894170276470975,0.3788799219519931,14,8
12294,"Fleetwood, Tommy",882,Caves Valley Golf Club,sg_putt,0.6420746390148532,0.36537833409543036,15,8
12294,"Fleetwood, Tommy",886,Liberty National Golf Club,sg_putt,-0.3239664502215465,0.30772935775047244,27,8
12294,"Fleetwood, Tommy",8,Trump National Doral,sg_total,-2.9473268244777113,0.9534045421133684,71,8
12294,"Fleetwood, Tommy",896,Olympia Fields Country Club (North Course),sg_total,-0.5300710020748319,0.8247619918620935,14,8
12294,"Fleetwood, Tommy",379,The Philadelphia Cricket Club (Wissahickon Course),sg_total,0.9265548492244808,0.7585737211164316,9,8
12294,"Fleetwood, Tommy",43,The Los Angeles Country Club (North Course),sg_total,1.6812547272831695,0.7514161263884058,15,8
12294,"Fleetwood, Tommy",406,Castle Pines Golf Club,sg_total,0.6351771325643434,0.7413756204749691,8,8
12294,"Fleetwood, Tommy",891,Winged Foot GC,sg_total,-1.1467874685753148,0.716785908305173,25,8
12294,"Fleetwood, Tommy",773,Aronimink GC,sg_total,1.134126677383713,0.7020395410088385,37,8
12294,"Fleetwood, Tommy",933,East Lake Golf Club,sg_total,-0.637706629672475,0.6988564682519897,7,8
12294,"Fleetwood, Tommy",939,Torrey Pines Golf Course (South Course),sg_total,1.0367333792837032,0.6930839691436437,10,8
12294,"Fleetwood, Tommy",872,Quail Hollow Club,sg_total,0.7555666249591337,0.6851889404998475,37,8
12294,"Fleetwood, Tommy",706,Whistling Straits,sg_total,-0.5692235603577043,0.6145503734924044,59,8
12294,"Fleetwood, Tommy",977,The Renaissance Club,sg_total,-0.2530817774633752,0.6111814446513488,20,8
12294,"Fleetwood, Tommy",895,TPC Harding Park,sg_total,0.1892361112598262,0.6084200207744371,26,8
12294,"Fleetwood, Tommy",770,TPC San Antonio - The Oaks Course,sg_total,-0.8952368251261331,0.6076650388350318,54,8
12294,"Fleetwood, Tommy",514,Oak Hill Country Club,sg_total,0.9230762642173089,0.6041384175417843,15,8
12294,"Fleetwood, Tommy",240,Club de Golf Chapultepec,sg_total,0.6528530792690341,0.6020028570371451,32,8
12294,"Fleetwood, Tommy",205,Spyglass Hill Golf Course,sg_total,0.04966913656856087,0.557455820713923,53,8
12294,"Fleetwood, Tommy",818,Chambers Bay GC,sg_total,0.8734997800758637,0.5439215943066038,38,8
12294,"Fleetwood, Tommy",666,Pebble Beach Golf Links,sg_total,-1.8273270917767894,0.5426232759381483,49,8
12294,"Fleetwood, Tommy",14,Augusta National Golf Club,sg_total,-0.048990400925746136,0.5394044836198019,65,8
12294,"Fleetwood, Tommy",885,Royal Portrush Golf Club,sg_total,0.4298503617828785,0.52887766569415,30,8
12294,"Fleetwood, Tommy",744,Torrey Pines (South),sg_total,-0.7839855552131018,0.5214711179618798,46,8
12294,"Fleetwood, Tommy",513,TPC Southwind,sg_total,0.6709201857763103,0.5150057683020087,55,8
12294,"Fleetwood, Tommy",700,TPC Boston,sg_total,-0.5369870392159649,0.507527023233339,54,8
12294,"Fleetwood, Tommy",769,Monterey Peninsula CC,sg_total,-6.122324545499146,0.5002066489573296,49,8
12294,"Fleetwood, Tommy",232,Albany GC,sg_total,-2.0377348599363194,0.4445505341369429,18,8
12294,"Fleetwood, Tommy",100,Omni Tucson National,sg_total,4.94416644674253,0.4299162671909255,45,8
12294,"Fleetwood, Tommy",241,Quail Hollow-PGA Championship,sg_total,-0.4591151278738963,0.4265006951284631,37,8
12294,"Fleetwood, Tommy",902,Congaree Golf Club,sg_total,1.321705353698186,0.41161328631299193,21,8
12294,"Fleetwood, Tommy",875,ACCORDIA GOLF Narashino Country Club,sg_total,-0.44200778689417486,0.386724896362914,20,8
12294,"Fleetwood, Tommy",778,Royal St. George's GC,sg_total,0.0838465804737325,0.3865346771917013,50,8
12294,"Fleetwood, Tommy",776,Sea Island Golf Club (Seaside Course),sg_total,0.03354009981434919,0.3755012307989047,47,8
12294,"Fleetwood, Tommy",608,Oakmont Country Club,sg_total,-1.3763007324084557,0.3547256152850429,53,8
12294,"Fleetwood, Tommy",880,Bethpage Black,sg_total,-0.8161696404152907,0.3513476172401144,30,8
12294,"Fleetwood, Tommy",883,TPC Twin Cities,sg_total,-2.8041038680534136,0.35074426673837056,32,8
12965,"Fowler, Rickie",8,Trump National Doral,sg_app,0.8957476983351964,0.9465251472181397,60,8
12965,"Fowler, Rickie",896,Olympia Fields Country Club (North Course),sg_app,0.7438266547421509,0.8315178735937293,13,8
12965,"Fowler, Rickie",928,PGA National  - Champion Course,sg_app,0.19496677160825765,0.7671751837159452,13,8
12965,"Fowler, Rickie",939,Torrey Pines Golf Course (South Course),sg_app,-0.6404415072271487,0.7487285792532103,9,8
12965,"Fowler, Rickie",902,Congaree Golf Club,sg_app,1.0670735519882322,0.7464172844547262,20,8
12965,"Fowler, Rickie",775,CordeValle GC,sg_app,1.2279395756392135,0.7324563059618661,26,8
12965,"Fowler, Rickie",891,Winged Foot GC,sg_app,0.7550451988612853,0.7126732274142469,23,8
12965,"Fowler, Rickie",240,Club de Golf Chapultepec,sg_app,0.29238039469376703,0.7081210840226253,29,8
12965,"Fowler, Rickie",697,Ocean Course at Kiawah Island,sg_app,1.3642252492554625,0.7069136776164395,24,8
12965,"Fowler, Rickie",241,Quail Hollow-PGA Championship,sg_app,0.2684064961946429,0.7056566483257517,34,8
12965,"Fowler, Rickie",876,Detroit Golf Club,sg_app,0.3323018158756061,0.6896168809184317,29,8
12965,"Fowler, Rickie",4,Torrey Pines Golf Course (South Course),sg_app,0.46762236934285994,0.6702800253204808,51,8
12965,"Fowler, Rickie",724,Royal Liverpool,sg_app,-0.4703003062505407,0.6632783746768827,14,8
12965,"Fowler, Rickie",237,TPC Potomac at Avenel Farm,sg_app,0.5479865199488553,0.6615951373353582,23,8
12965,"Fowler, Rickie",880,Bethpage Black,sg_app,0.07746242273349895,0.6551865014282398,28,8
12965,"Fowler, Rickie",43,The Los Angeles Country Club (North Course),sg_app,0.39575261764474035,0.652561798717866,13,8
12965,"Fowler, Rickie",872,Quail Hollow Club,sg_app,-0.1823366817726404,0.6423650899143748,36,8
12965,"Fowler, Rickie",552,Silverado Resort and Spa (North Course),sg_app,0.6667314666263523,0.6270648570577193,39,8
12965,"Fowler, Rickie",232,Albany GC,sg_app,0.15923708349501214,0.6223580975544195,7,8
12965,"Fowler, Rickie",665,Innisbrook Resort and Golf Club - Copperhead Course,sg_app,-0.18900567407664604,0.5909971343340352,54,8
12965,"Fowler, Rickie",700,TPC Boston,sg_app,-0.18433629767195625,0.5801062715329093,52,8
12965,"Fowler, Rickie",2000,Sherwood Country Club,sg_app,-1.065045134831781,0.5541693573359622,12,8
12965,"Fowler, Rickie",14,Augusta National Golf Club,sg_app,0.5675444063672397,0.5249097184931832,23,8
12965,"Fowler, Rickie",770,TPC San Antonio - The Oaks Course,sg_app,0.19354192420863126,0.524784468692467,50,8
12965,"Fowler, Rickie",611,Southern Hills Country Club,sg_app,0.44091871163771124,0.5183385212389265,21,8
12965,"Fowler, Rickie",36,Le Triomphe G&CC,sg_app,0.25925702575045606,0.511720899137967,58,8
12965,"Fowler, Rickie",527,Saucon Valley CC,sg_app,-0.7686612780677823,0.49410026897104875,35,8
12965,"Fowler, Rickie",882,Caves Valley Golf Club,sg_app,0.3924369123387817,0.4904074682099971,15,8
12965,"Fowler, Rickie",977,The Renaissance Club,sg_app,-1.013724239633094,0.47281672246556705,16,8
12965,"Fowler, Rickie",715,Baltusrol GC,sg_app,-0.899170208277288,0.46574115836652397,35,8
12965,"Fowler, Rickie",885,Royal Portrush Golf Club,sg_app,-0.09764466539285045,0.4489419284589953,15,8
12965,"Fowler, Rickie",893,Muirfield Village Golf Club,sg_app,-0.81007019476513,0.42322662719000703,23,8
12965,"Fowler, Rickie",510,TPC Scottsdale (Stadium Course),sg_app,0.3148213397855574,0.4198044142274062,49,8
12965,"Fowler, Rickie",897,Memorial Park Golf Course,sg_app,-1.0472244986201327,0.40296007074916906,29,8
12965,"Fowler, Rickie",745,iberostar real club de golf novo sancti petri,sg_app,0.5990380592006367,0.35496164779815254,48,8
12965,"Fowler, Rickie",666,Pebble Beach Golf Links,sg_app,-0.04839913939359898,0.3362028317814147,27,8
12965,"Fowler, Rickie",528,Pinehurst Resort & Country Club (Course No. 2),sg_app,-0.3186166371254442,0.3150926551363546,13,8
12965,"Fowler, Rickie",19,TPC Four Seasons Resort,sg_app,-2.0849025297608064,0.3150439971860182,48,8
12965,"Fowler, Rickie",8,Trump National Doral,sg_arg,0.25611793438985336,0.9530423707413531,60,8
12965,"Fowler, Rickie",205,Spyglass Hill Golf Course,sg_arg,1.342612235944584,0.8931748466298375,10,8
12965,"Fowler, Rickie",883,TPC Twin Cities,sg_arg,-0.3426148360108259,0.7867501524651601,30,8
12965,"Fowler, Rickie",238,Glen Oaks Club,sg_arg,-0.23898377304235974,0.7336871596058964,27,8
12965,"Fowler, Rickie",706,Whistling Straits,sg_arg,-0.13050918853065213,0.6993047725504687,41,8
12965,"Fowler, Rickie",14,Augusta National Golf Club,sg_arg,0.6554186122778437,0.6966083272472707,23,8
12965,"Fowler, Rickie",9,Arnold Palmer's Bay Hill Club & Lodge,sg_arg,0.07185971032620139,0.6663502146645437,55,8
12965,"Fowler, Rickie",939,Torrey Pines Golf Course (South Course),sg_arg,-0.42792659572674524,0.6481740336083687,9,8
12965,"Fowler, Rickie",896,Olympia Fields Country Club (North Course),sg_arg,-0.08343166551644568,0.6081893022397992,13,8
12965,"Fowler, Rickie",977,The Renaissance Club,sg_arg,-0.6393643946902339,0.5766157384771762,16,8
12965,"Fowler, Rickie",775,CordeValle GC,sg_arg,0.6004753753280451,0.5749849531551847,26,8
12965,"Fowler, Rickie",773,Aronimink GC,sg_arg,0.19966748374991994,0.5548743356281888,36,8
12965,"Fowler, Rickie",528,Pinehurst Resort & Country Club (Course No. 2),sg_arg,-2.0447132116538334,0.5246733621084892,13,8
12965,"Fowler, Rickie",19,TPC Four Seasons Resort,sg_arg,0.37403006697357655,0.5175416912724531,48,8
12965,"Fowler, Rickie",611,Southern Hills Country Club,sg_arg,1.3415620079621937,0.4980626838282213,21,8
12965,"Fowler, Rickie",716,Shaughnessy G&CC,sg_arg,0.26389729355277364,0.47292459226589256,23,8
12965,"Fowler, Rickie",514,Oak Hill Country Club,sg_arg,0.2400897065261841,0.4528767618255562,14,8
12965,"Fowler, Rickie",649,Hualalai Golf Course,sg_arg,-0.8181803050675238,0.44183968801198004,36,8
12965,"Fowler, Rickie",698,Quail Hollow Club,sg_arg,0.5521901138150376,0.41704133255957127,52,8
12965,"Fowler, Rickie",697,Ocean Course at Kiawah Island,sg_arg,0.3218700653394069,0.4160654028125454,24,8
12965,"Fowler, Rickie",503,TPC River Highlands,sg_arg,0.30037453254411006,0.4014194396486374,51,8
12965,"Fowler, Rickie",894,TPC Craig Ranch,sg_arg,0.4726048189334184,0.3960272487602276,24,8
12965,"Fowler, Rickie",885,Royal Portrush Golf Club,sg_arg,0.7153264917088186,0.39205476717281856,15,8
12965,"Fowler, Rickie",4,Torrey Pines Golf Course (South Course),sg_arg,-0.7035160253277714,0.3899247548025363,51,8
12965,"Fowler, Rickie",729,Golf Club of Houston,sg_arg,-0.09917811979394388,0.3790111774135132,54,8
12965,"Fowler, Rickie",669,TPC Deere Run,sg_arg,0.8741433506672078,0.3763200181958359,38,8
12965,"Fowler, Rickie",500,The Riviera Country Club,sg_arg,-0.3646739687800815,0.36910745033253783,54,8
12965,"Fowler, Rickie",616,Robert Trent Jones GC,sg_arg,-0.128298703097955,0.32818114468011245,15,8
12965,"Fowler, Rickie",902,Congaree Golf Club,sg_arg,0.29362459657603596,0.31392215570295146,20,8
12965,"Fowler, Rickie",552,Silverado Resort and Spa (North Course),sg_arg,0.08570343454818975,0.30969972483809577,39,8
12965,"Fowler, Rickie",745,iberostar real club de golf novo sancti petri,sg_arg,-0.9971502634102737,0.303356471156665,48,8
12965,"Fowler, Rickie",8,Trump National Doral,sg_ott,-0.2683967321447256,0.9516191919070657,60,8
12965,"Fowler, Rickie",746,The Country Club of Jackson,sg_ott,-0.09455411839955766,0.8252517828177022,32,8
12965,"Fowler, Rickie",697,Ocean Course at Kiawah Island,sg_ott,-0.6834759502000274,0.8177837473279898,24,8
12965,"Fowler, Rickie",514,Oak Hill Country Club,sg_ott,1.5878483092243423,0.8127203741169257,14,8
12965,"Fowler, Rickie",706,Whistling Straits,sg_ott,-0.4263942690809019,0.8125271659699387,41,8
12965,"Fowler, Rickie",656,Plantation Course at Kapalua,sg_ott,-0.6181540049474044,0.8079739846971773,45,8
12965,"Fowler, Rickie",897,Memorial Park Golf Course,sg_ott,0.05093878199466817,0.7975910700248214,29,8
12965,"Fowler, Rickie",666,Pebble Beach Golf Links,sg_ott,0.07030904805365645,0.7832355819650828,27,8
12965,"Fowler, Rickie",19,TPC Four Seasons Resort,sg_ott,-0.5921328000982458,0.7592243617778875,48,8
12965,"Fowler, Rickie",689,El Bosque CC,sg_ott,0.3477355036969682,0.7580306354046243,42,8
12965,"Fowler, Rickie",505,Cherry Hills CC,sg_ott,-0.10721830140056166,0.7529027101413989,25,8
12965,"Fowler, Rickie",773,Aronimink GC,sg_ott,-0.23342366026053935,0.7357449899129523,36,8
12965,"Fowler, Rickie",205,Spyglass Hill Golf Course,sg_ott,0.055902398384483076,0.7354241572242235,10,8
12965,"Fowler, Rickie",665,Innisbrook Resort and Golf Club - Copperhead Course,sg_ott,-0.4226177514389305,0.7274722902336741,54,8
12965,"Fowler, Rickie",36,Le Triomphe G&CC,sg_ott,-0.2172175958903581,0.721117445741737,58,8
12965,"Fowler, Rickie",872,Quail Hollow Club,sg_ott,0.07355239947391376,0.7095329685955294,36,8
12965,"Fowler, Rickie",232,Albany GC,sg_ott,-1.588410870719113,0.6990513806604631,7,8
12965,"Fowler, Rickie",669,TPC Deere Run,sg_ott,0.41621772793563044,0.6958014020825517,38,8
12965,"Fowler, Rickie",895,TPC Harding Park,sg_ott,-1.087120099761998,0.6913221539478895,25,8
12965,"Fowler, Rickie",789,Conway Farms GC,sg_ott,0.3068094198291899,0.6765431912571337,34,8
12965,"Fowler, Rickie",237,TPC Potomac at Avenel Farm,sg_ott,-0.36223479074255166,0.6685057551764296,23,8
12965,"Fowler, Rickie",43,The Los Angeles Country Club (North Course),sg_ott,0.21540784516352557,0.6561752385219565,13,8
12965,"Fowler, Rickie",939,Torrey Pines Golf Course (South Course),sg_ott,0.6078298608447221,0.6420342944454386,9,8
12965,"Fowler, Rickie",348,Medinah Country Club (No. 3),sg_ott,0.35173820023749364,0.6402835614018546,18,8
12965,"Fowler, Rickie",528,Pinehurst Resort & Country Club (Course No. 2),sg_ott,0.6614382090559172,0.605912040107582,13,8
12965,"Fowler, Rickie",704,Pete Dye Stadium Course,sg_ott,-0.11285139789911702,0.5925443054801743,33,8
12965,"Fowler, Rickie",2000,Sherwood Country Club,sg_ott,0.5685120628051659,0.5798439179510387,12,8
12965,"Fowler, Rickie",729,Golf Club of Houston,sg_ott,-0.13481839733264878,0.5762066930736335,54,8
12965,"Fowler, Rickie",781,Plainfield CC,sg_ott,-0.6344392872911383,0.5503579288030632,43,8
12965,"Fowler, Rickie",671,Valhalla Golf Club,sg_ott,0.4823257286759684,0.5447209390309542,42,8
12965,"Fowler, Rickie",534,Bellerive CC,sg_ott,0.23409546868904813,0.5266986928376094,42,8
12965,"Fowler, Rickie",21,Colonial Country Club,sg_ott,0.10535876990868415,0.5148436857747805,50,8
12965,"Fowler, Rickie",745,iberostar real club de golf novo sancti petri,sg_ott,0.6696573315269887,0.512595938540274,48,8
12965,"Fowler, Rickie",716,Shaughnessy G&CC,sg_ott,0.75350042445017,0.4909383551880704,23,8
12965,"Fowler, Rickie",698,Quail Hollow Club,sg_ott,0.009904127336766932,0.4783427498881751,52,8
12965,"Fowler, Rickie",775,CordeValle GC,sg_ott,-0.1962306733723942,0.46590564038890697,26,8
12965,"Fowler, Rickie",883,TPC Twin Cities,sg_ott,0.37874148240792743,0.45235980784155716,30,8
12965,"Fowler, Rickie",734,PGA National Resort (The Champion),sg_ott,-0.10446245295232506,0.45228278937398675,56,8
12965,"Fowler, Rickie",770,TPC San Antonio - The Oaks Course,sg_ott,-0.4158850022995879,0.45218651003185867,50,8
12965,"Fowler, Rickie",241,Quail Hollow-PGA Championship,sg_ott,0.2767799073543886,0.443843453458752,34,8
12965,"Fowler, Rickie",14,Augusta National Golf Club,sg_ott,-0.76704588571634,0.42768357649408206,23,8
12965,"Fowler, Rickie",5,Pebble Beach Golf Links,sg_ott,-0.11735148109787663,0.37764395709692644,49,8
12965,"Fowler, Rickie",500,The Riviera Country Club,sg_ott,0.2420688681117787,0.3722795836501979,54,8
12965,"Fowler, Rickie",709,Royal Troon,sg_ott,0.3101858931925328,0.3555471361658512,14,8
12965,"Fowler, Rickie",700,TPC Boston,sg_ott,-0.41719026726673347,0.31039427326405605,52,8
12965,"Fowler, Rickie",8,Trump National Doral,sg_putt,-0.49094480284306846,0.9467615659341958,60,8
12965,"Fowler, Rickie",709,Royal Troon,sg_putt,-0.8786579374642629,0.8553792953613122,14,8
12965,"Fowler, Rickie",2000,Sherwood Country Club,sg_putt,-0.5934884527452533,0.8489529445552979,12,8
12965,"Fowler, Rickie",928,PGA National  - Champion Course,sg_putt,0.3678057057859405,0.8319135400555944,13,8
12965,"Fowler, Rickie",552,Silverado Resort and Spa (North Course),sg_putt,0.40071156205214087,0.7652038880499961,39,8
12965,"Fowler, Rickie",896,Olympia Fields Country Club (North Course),sg_putt,-0.5316472160835221,0.7300243530921173,13,8
12965,"Fowler, Rickie",715,Baltusrol GC,sg_putt,-0.6922795857689842,0.6977005838536325,35,8
12965,"Fowler, Rickie",716,Shaughnessy G&CC,sg_putt,-0.0693962397431716,0.674144278098646,23,8
12965,"Fowler, Rickie",789,Conway Farms GC,sg_putt,0.0754203112828169,0.6488976184206149,34,8
12965,"Fowler, Rickie",616,Robert Trent Jones GC,sg_putt,0.8979082405628291,0.6145951362159888,15,8
12965,"Fowler, Rickie",689,El Bosque CC,sg_putt,0.48574550926516036,0.6122961641627417,42,8
12965,"Fowler, Rickie",697,Ocean Course at Kiawah Island,sg_putt,0.9822319039149399,0.6047937213752724,24,8
12965,"Fowler, Rickie",745,iberostar real club de golf novo sancti petri,sg_putt,1.0155415650640842,0.582420842072087,48,8
12965,"Fowler, Rickie",505,Cherry Hills CC,sg_putt,1.360688767300148,0.5727829869764955,25,8
12965,"Fowler, Rickie",43,The Los Angeles Country Club (North Course),sg_putt,0.7234086478831228,0.5587238547117286,13,8
12965,"Fowler, Rickie",706,Whistling Straits,sg_putt,0.13545720899499808,0.5413193747753923,41,8
12965,"Fowler, Rickie",773,Aronimink GC,sg_putt,0.9788195623393285,0.5110050494003415,36,8
12965,"Fowler, Rickie",872,Quail Hollow Club,sg_putt,0.2631493440337992,0.5080732719746718,36,8
12965,"Fowler, Rickie",770,TPC San Antonio - The Oaks Course,sg_putt,-0.46442936000076146,0.49979074287184344,50,8
12965,"Fowler, Rickie",977,The Renaissance Club,sg_putt,0.44626782578416413,0.49863130395531924,16,8
12965,"Fowler, Rickie",902,Congaree Golf Club,sg_putt,-1.6774792399140215,0.47712841747238366,20,8
12965,"Fowler, Rickie",897,Memorial Park Golf Course,sg_putt,-0.24086068876972258,0.46100063008810405,29,8
12965,"Fowler, Rickie",649,Hualalai Golf Course,sg_putt,-0.38917602089730924,0.45688429085995663,36,8
12965,"Fowler, Rickie",665,Innisbrook Resort and Golf Club - Copperhead Course,sg_putt,1.717761173207589,0.42909909172145166,54,8
12965,"Fowler, Rickie",891,Winged Foot GC,sg_putt,-2.1642513455945753,0.4283793448531367,23,8
12965,"Fowler, Rickie",883,TPC Twin Cities,sg_putt,0.15644658230455888,0.41039090006103524,30,8
12965,"Fowler, Rickie",669,TPC Deere Run,sg_putt,-0.11080298846440106,0.38981961108634927,38,8
12965,"Fowler, Rickie",538,TPC Summerlin,sg_putt,0.17722817275760677,0.38935899749088204,47,8
12965,"Fowler, Rickie",514,Oak Hill Country Club,sg_putt,-1.4523994820158308,0.3788799219519931,14,8
12965,"Fowler, Rickie",882,Caves Valley Golf Club,sg_putt,1.094726574093826,0.36537833409543036,15,8
12965,"Fowler, Rickie",886,Liberty National Golf Club,sg_putt,-0.5542649035846979,0.30772935775047244,27,8
12965,"Fowler, Rickie",19,TPC Four Seasons Resort,sg_putt,0.5092661539599135,0.3013355876184594,48,8
12965,"Fowler, Rickie",8,Trump National Doral,sg_total,0.28874671570992405,0.9534045421133684,71,8
12965,"Fowler, Rickie",896,Olympia Fields Country Club (North Course),sg_total,-0.17458327505043678,0.8247619918620935,14,8
12965,"Fowler, Rickie",379,The Philadelphia Cricket Club (Wissahickon Course),sg_total,1.2486054892993932,0.7585737211164316,9,8
12965,"Fowler, Rickie",19,TPC Four Seasons Resort,sg_total,-1.7090533656942581,0.7535983141081465,50,8
12965,"Fowler, Rickie",43,The Los Angeles Country Club (North Course),sg_total,2.104273888942858,0.7514161263884058,15,8
12965,"Fowler, Rickie",552,Silverado Resort and Spa (North Course),sg_total,1.9864784407675893,0.7376139349852081,40,8
12965,"Fowler, Rickie",891,Winged Foot GC,sg_total,-1.1760692650471851,0.716785908305173,25,8
12965,"Fowler, Rickie",773,Aronimink GC,sg_total,0.5659694204031603,0.7020395410088385,37,8
12965,"Fowler, Rickie",939,Torrey Pines Golf Course (South Course),sg_total,-0.32015903325393147,0.6930839691436437,10,8
12965,"Fowler, Rickie",872,Quail Hollow Club,sg_total,-0.06365781448170027,0.6851889404998475,37,8
12965,"Fowler, Rickie",238,Glen Oaks Club,sg_total,-0.15578977497518803,0.6241288288584754,28,8
12965,"Fowler, Rickie",746,The Country Club of Jackson,sg_total,0.8371537485340936,0.6225740180522429,34,8
12965,"Fowler, Rickie",706,Whistling Straits,sg_total,0.22028699644271232,0.6145503734924044,59,8
12965,"Fowler, Rickie",928,PGA National  - Champion Course,sg_total,0.4085833413804607,0.6132577956350657,13,8
12965,"Fowler, Rickie",977,The Renaissance Club,sg_total,-1.4384794261033778,0.6111814446513488,20,8
12965,"Fowler, Rickie",895,TPC Harding Park,sg_total,-0.8365591786570616,0.6084200207744371,26,8
12965,"Fowler, Rickie",770,TPC San Antonio - The Oaks Course,sg_total,-0.5050275143887851,0.6076650388350318,54,8
12965,"Fowler, Rickie",781,Plainfield CC,sg_total,-1.3371028974201602,0.6050669110305169,43,8
12965,"Fowler, Rickie",514,Oak Hill Country Club,sg_total,-0.2587239665464071,0.6041384175417843,15,8
12965,"Fowler, Rickie",240,Club de Golf Chapultepec,sg_total,-1.0837775974439143,0.6020028570371451,32,8
12965,"Fowler, Rickie",897,Memorial Park Golf Course,sg_total,-1.0833502176453051,0.5969683733902095,30,8
12965,"Fowler, Rickie",775,CordeValle GC,sg_total,2.4855791926206567,0.5965076257611942,27,8
12965,"Fowler, Rickie",4,Torrey Pines Golf Course (South Course),sg_total,-0.4874262828752717,0.5869275084275075,56,8
12965,"Fowler, Rickie",205,Spyglass Hill Golf Course,sg_total,2.9313619306520335,0.557455820713923,53,8
12965,"Fowler, Rickie",818,Chambers Bay GC,sg_total,-9.462977656679305,0.5439215943066038,38,8
12965,"Fowler, Rickie",666,Pebble Beach Golf Links,sg_total,-1.1269299266289867,0.5426232759381483,49,8
12965,"Fowler, Rickie",14,Augusta National Golf Club,sg_total,0.5145420858659594,0.5394044836198019,65,8
12965,"Fowler, Rickie",885,Royal Portrush Golf Club,sg_total,1.6625067769902684,0.52887766569415,30,8
12965,"Fowler, Rickie",689,El Bosque CC,sg_total,0.8249066400972831,0.5233518693058378,52,8
12965,"Fowler, Rickie",744,Torrey Pines (South),sg_total,0.6028429403243175,0.5214711179618798,46,8
12965,"Fowler, Rickie",513,TPC Southwind,sg_total,0.3199411651819284,0.5150057683020087,55,8
12965,"Fowler, Rickie",800,The Abaco Club on Winding Bay,sg_total,0.20610275241927023,0.5085375076292757,35,8
12965,"Fowler, Rickie",700,TPC Boston,sg_total,-0.6034839854068367,0.507527023233339,54,8
12965,"Fowler, Rickie",780,Atlanta Athletic Club,sg_total,-0.36701913349975,0.5002089628986955,46,8
12965,"Fowler, Rickie",769,Monterey Peninsula CC,sg_total,-0.4767122260714693,0.5002066489573296,49,8
12965,"Fowler, Rickie",232,Albany GC,sg_total,-0.7603391386553613,0.4445505341369429,18,8
12965,"Fowler, Rickie",538,TPC Summerlin,sg_total,0.06622826869490306,0.43235476111085686,50,8
12965,"Fowler, Rickie",100,Omni Tucson National,sg_total,-0.728977656679306,0.4299162671909255,45,8
12965,"Fowler, Rickie",527,Saucon Valley CC,sg_total,-1.9787070282176602,0.42812608891688303,43,8
12965,"Fowler, Rickie",505,Cherry Hills CC,sg_total,1.6991462889040345,0.42732051022224193,25,8
12965,"Fowler, Rickie",241,Quail Hollow-PGA Championship,sg_total,-0.22027976439459818,0.4265006951284631,37,8
12965,"Fowler, Rickie",902,Congaree Golf Club,sg_total,0.9664980375353716,0.41161328631299193,21,8
12965,"Fowler, Rickie",875,ACCORDIA GOLF Narashino Country Club,sg_total,0.7585386295413856,0.386724896362914,20,8
12965,"Fowler, Rickie",778,Royal St. George's GC,sg_total,-0.06899199922700883,0.3865346771917013,50,8
12965,"Fowler, Rickie",776,Sea Island Golf Club (Seaside Course),sg_total,-3.235566652779772,0.3755012307989047,47,8
12965,"Fowler, Rickie",608,Oakmont Country Club,sg_total,-3.1114436129130842,0.3547256152850429,53,8
12965,"Fowler, Rickie",880,Bethpage Black,sg_total,-0.7116794739722174,0.3513476172401144,30,8
12965,"Fowler, Rickie",883,TPC Twin Cities,sg_total,0.1676263475155244,0.35074426673837056,32,8
12965,"Fowler, Rickie",876,Detroit Golf Club,sg_total,-0.3340697768069866,0.3154707070451331,31,8
11889,"Fox, Ryan",928,PGA National  - Champion Course,sg_app,0.9080081409351951,0.7671751837159452,13,8
11889,"Fox, Ryan",891,Winged Foot GC,sg_app,-2.2351949000676394,0.7126732274142469,23,8
11889,"Fox, Ryan",935,TPC Toronto at Osprey Valley (North Course),sg_app,1.589687627521061,0.7116924721794581,6,8
11889,"Fox, Ryan",240,Club de Golf Chapultepec,sg_app,-0.4132749219927077,0.7081210840226253,29,8
11889,"Fox, Ryan",241,Quail Hollow-PGA Championship,sg_app,0.3690294704689646,0.7056566483257517,34,8
11889,"Fox, Ryan",876,Detroit Golf Club,sg_app,-0.010027103156008688,0.6896168809184317,29,8
11889,"Fox, Ryan",4,Torrey Pines Golf Course (South Course),sg_app,-0.7555382551715503,0.6702800253204808,51,8
11889,"Fox, Ryan",724,Royal Liverpool,sg_app,-0.40659493361426624,0.6632783746768827,14,8
11889,"Fox, Ryan",880,Bethpage Black,sg_app,0.10642322998799103,0.6551865014282398,28,8
11889,"Fox, Ryan",43,The Los Angeles Country Club (North Course),sg_app,0.9793528807629072,0.652561798717866,13,8
11889,"Fox, Ryan",665,Innisbrook Resort and Golf Club - Copperhead Course,sg_app,0.6379780372298812,0.5909971343340352,54,8
11889,"Fox, Ryan",14,Augusta National Golf Club,sg_app,-0.1749700534422623,0.5249097184931832,23,8
11889,"Fox, Ryan",770,TPC San Antonio - The Oaks Course,sg_app,-0.9802748772138612,0.524784468692467,50,8
11889,"Fox, Ryan",611,Southern Hills Country Club,sg_app,2.1256860200075915,0.5183385212389265,21,8
11889,"Fox, Ryan",882,Caves Valley Golf Club,sg_app,-1.679173945376875,0.4904074682099971,15,8
11889,"Fox, Ryan",977,The Renaissance Club,sg_app,0.4109272286212782,0.47281672246556705,16,8
11889,"Fox, Ryan",885,Royal Portrush Golf Club,sg_app,1.0935425299965216,0.4489419284589953,15,8
11889,"Fox, Ryan",510,TPC Scottsdale (Stadium Course),sg_app,0.08377406162657089,0.4198044142274062,49,8
11889,"Fox, Ryan",897,Memorial Park Golf Course,sg_app,-0.6783014863781097,0.40296007074916906,29,8
11889,"Fox, Ryan",874,Hamilton Golf & Country Club,sg_app,0.22010157302527233,0.39319658002294006,21,8
11889,"Fox, Ryan",666,Pebble Beach Golf Links,sg_app,0.9424713738865339,0.3362028317814147,27,8
11889,"Fox, Ryan",887,Kasumigaseki Country Club,sg_app,-0.5760875190263615,0.3279484757050647,6,8
11889,"Fox, Ryan",528,Pinehurst Resort & Country Club (Course No. 2),sg_app,-0.9751965846745212,0.3150926551363546,13,8
11889,"Fox, Ryan",205,Spyglass Hill Golf Course,sg_arg,-0.8765688778516102,0.8931748466298375,10,8
11889,"Fox, Ryan",608,Oakmont Country Club,sg_arg,-0.11909391223704191,0.8244183901604997,10,8
11889,"Fox, Ryan",883,TPC Twin Cities,sg_arg,-1.411242453210853,0.7867501524651601,30,8
11889,"Fox, Ryan",14,Augusta National Golf Club,sg_arg,0.5019732072830343,0.6966083272472707,23,8
11889,"Fox, Ryan",9,Arnold Palmer's Bay Hill Club & Lodge,sg_arg,0.44318177870309783,0.6663502146645437,55,8
11889,"Fox, Ryan",930,Black Desert Resort,sg_arg,0.3299033299679671,0.6659138517567389,6,8
11889,"Fox, Ryan",978,Vidanta Vallarta,sg_arg,-0.21864092818537845,0.5939369030173401,16,8
11889,"Fox, Ryan",977,The Renaissance Club,sg_arg,0.321280877897119,0.5766157384771762,16,8
11889,"Fox, Ryan",528,Pinehurst Resort & Country Club (Course No. 2),sg_arg,-0.6510992440258108,0.5246733621084892,13,8
11889,"Fox, Ryan",611,Southern Hills Country Club,sg_arg,-0.7007151585172152,0.4980626838282213,21,8
11889,"Fox, Ryan",514,Oak Hill Country Club,sg_arg,0.5505707912040657,0.4528767618255562,14,8
11889,"Fox, Ryan",503,TPC River Highlands,sg_arg,0.029535860467969882,0.4014194396486374,51,8
11889,"Fox, Ryan",885,Royal Portrush Golf Club,sg_arg,-0.7803251757282544,0.39205476717281856,15,8
11889,"Fox, Ryan",4,Torrey Pines Golf Course (South Course),sg_arg,0.6123025092563312,0.3899247548025363,51,8
11889,"Fox, Ryan",500,The Riviera Country Club,sg_arg,0.7775554313248311,0.36910745033253783,54,8
11889,"Fox, Ryan",746,The Country Club of Jackson,sg_ott,0.532027630601213,0.8252517828177022,32,8
11889,"Fox, Ryan",514,Oak Hill Country Club,sg_ott,0.18046666699829356,0.8127203741169257,14,8
11889,"Fox, Ryan",921,TPC Craig Ranch,sg_ott,0.408333711168635,0.8124938419538594,15,8
11889,"Fox, Ryan",897,Memorial Park Golf Course,sg_ott,0.13844392097028407,0.7975910700248214,29,8
11889,"Fox, Ryan",666,Pebble Beach Golf Links,sg_ott,0.8323637720724396,0.7832355819650828,27,8
11889,"Fox, Ryan",205,Spyglass Hill Golf Course,sg_ott,0.36623645254999554,0.7354241572242235,10,8
11889,"Fox, Ryan",665,Innisbrook Resort and Golf Club - Copperhead Course,sg_ott,-0.7249962004104257,0.7274722902336741,54,8
11889,"Fox, Ryan",930,Black Desert Resort,sg_ott,-0.003624120421382007,0.7201825483385862,6,8
11889,"Fox, Ryan",43,The Los Angeles Country Club (North Course),sg_ott,-0.6011524986383322,0.6561752385219565,13,8
11889,"Fox, Ryan",528,Pinehurst Resort & Country Club (Course No. 2),sg_ott,0.11508716576361776,0.605912040107582,13,8
11889,"Fox, Ryan",671,Valhalla Golf Club,sg_ott,0.1872360141878146,0.5447209390309542,42,8
11889,"Fox, Ryan",21,Colonial Country Club,sg_ott,0.13360472192926398,0.5148436857747805,50,8
11889,"Fox, Ryan",654,The Country Club,sg_ott,-0.11938004697549588,0.4887135329746615,13,8
11889,"Fox, Ryan",883,TPC Twin Cities,sg_ott,-2.0240503545297455,0.45235980784155716,30,8
11889,"Fox, Ryan",770,TPC San Antonio - The Oaks Course,sg_ott,-0.31815366934783634,0.45218651003185867,50,8
11889,"Fox, Ryan",241,Quail Hollow-PGA Championship,sg_ott,0.5273101316934758,0.443843453458752,34,8
11889,"Fox, Ryan",14,Augusta National Golf Club,sg_ott,0.2813708453075016,0.42768357649408206,23,8
11889,"Fox, Ryan",5,Pebble Beach Golf Links,sg_ott,1.195903119216662,0.37764395709692644,49,8
11889,"Fox, Ryan",500,The Riviera Country Club,sg_ott,-0.1777390208700682,0.3722795836501979,54,8
11889,"Fox, Ryan",709,Royal Troon,sg_ott,0.08206798483428863,0.3555471361658512,14,8
11889,"Fox, Ryan",709,Royal Troon,sg_putt,0.9921624222910483,0.8553792953613122,14,8
11889,"Fox, Ryan",928,PGA National  - Champion Course,sg_putt,-0.3363817480552666,0.8319135400555944,13,8
11889,"Fox, Ryan",935,TPC Toronto at Osprey Valley (North Course),sg_putt,0.45879039622873985,0.7214011843267554,6,8
11889,"Fox, Ryan",930,Black Desert Resort,sg_putt,0.3165816145704474,0.709353178421583,6,8
11889,"Fox, Ryan",978,Vidanta Vallarta,sg_putt,-0.40318217085531793,0.6967043554693465,16,8
11889,"Fox, Ryan",43,The Los Angeles Country Club (North Course),sg_putt,-0.9957790992340594,0.5587238547117286,13,8
11889,"Fox, Ryan",608,Oakmont Country Club,sg_putt,1.1396405688410944,0.5378019635320631,10,8
11889,"Fox, Ryan",668,St. Andrews Links (Old Course),sg_putt,-1.518241542135519,0.5243576462108127,16,8
11889,"Fox, Ryan",770,TPC San Antonio - The Oaks Course,sg_putt,-1.273751461264915,0.49979074287184344,50,8
11889,"Fox, Ryan",977,The Renaissance Club,sg_putt,-0.6115940139251312,0.49863130395531924,16,8
11889,"Fox, Ryan",897,Memorial Park Golf Course,sg_putt,-0.20056190131960752,0.46100063008810405,29,8
11889,"Fox, Ryan",665,Innisbrook Resort and Golf Club - Copperhead Course,sg_putt,-0.25554838367125465,0.42909909172145166,54,8
11889,"Fox, Ryan",891,Winged Foot GC,sg_putt,-2.7426597091277545,0.4283793448531367,23,8
11889,"Fox, Ryan",883,TPC Twin Cities,sg_putt,-0.8094128250379987,0.41039090006103524,30,8
11889,"Fox, Ryan",538,TPC Summerlin,sg_putt,0.23574536814943162,0.38935899749088204,47,8
11889,"Fox, Ryan",514,Oak Hill Country Club,sg_putt,0.767754817675455,0.3788799219519931,14,8
11889,"Fox, Ryan",882,Caves Valley Golf Club,sg_putt,-0.792493582570988,0.36537833409543036,15,8
11889,"Fox, Ryan",925,Dunes Golf and Beach Club,sg_total,1.979639020626141,0.8210465318733497,7,8
11889,"Fox, Ryan",43,The Los Angeles Country Club (North Course),sg_total,0.041413182440652785,0.7514161263884058,15,8
11889,"Fox, Ryan",891,Winged Foot GC,sg_total,-5.428562234955474,0.716785908305173,25,8
11889,"Fox, Ryan",978,Vidanta Vallarta,sg_total,-1.8494832097715652,0.7044733074594649,17,8
11889,"Fox, Ryan",746,The Country Club of Jackson,sg_total,1.2004691291127896,0.6225740180522429,34,8
11889,"Fox, Ryan",928,PGA National  - Champion Course,sg_total,-0.02717692325308302,0.6132577956350657,13,8
11889,"Fox, Ryan",977,The Renaissance Club,sg_total,-0.36854029168649216,0.6111814446513488,20,8
11889,"Fox, Ryan",770,TPC San Antonio - The Oaks Course,sg_total,-3.0098589571313954,0.6076650388350318,54,8
11889,"Fox, Ryan",514,Oak Hill Country Club,sg_total,1.6564720477944603,0.6041384175417843,15,8
11889,"Fox, Ryan",240,Club de Golf Chapultepec,sg_total,-0.7004491519441871,0.6020028570371451,32,8
11889,"Fox, Ryan",897,Memorial Park Golf Course,sg_total,-1.1110858361672167,0.5969683733902095,30,8
11889,"Fox, Ryan",4,Torrey Pines Golf Course (South Course),sg_total,-1.5759637946210239,0.5869275084275075,56,8
11889,"Fox, Ryan",205,Spyglass Hill Golf Course,sg_total,-2.1589050880284395,0.557455820713923,53,8
11889,"Fox, Ryan",666,Pebble Beach Golf Links,sg_total,-0.8310053133968409,0.5426232759381483,49,8
11889,"Fox, Ryan",14,Augusta National Golf Club,sg_total,0.11300229979865889,0.5394044836198019,65,8
11889,"Fox, Ryan",885,Royal Portrush Golf Club,sg_total,0.24038495953118538,0.52887766569415,30,8
11889,"Fox, Ryan",513,TPC Southwind,sg_total,-0.7815833081138813,0.5150057683020087,55,8
11889,"Fox, Ryan",538,TPC Summerlin,sg_total,0.3912211738846501,0.43235476111085686,50,8
11889,"Fox, Ryan",241,Quail Hollow-PGA Championship,sg_total,1.5931747050328289,0.4265006951284631,37,8
11889,"Fox, Ryan",875,ACCORDIA GOLF Narashino Country Club,sg_total,-1.9055612818945544,0.386724896362914,20,8
11889,"Fox, Ryan",778,Royal St. George's GC,sg_total,0.03465396807002713,0.3865346771917013,50,8
11889,"Fox, Ryan",608,Oakmont Country Club,sg_total,1.6933863727346723,0.3547256152850429,53,8
11889,"Fox, Ryan",880,Bethpage Black,sg_total,-1.6781972979915474,0.3513476172401144,30,8
11889,"Fox, Ryan",883,TPC Twin Cities,sg_total,-4.77690608600379,0.35074426673837056,32,8
11889,"Fox, Ryan",876,Detroit Golf Club,sg_total,-1.284405391366624,0.3154707070451331,31,8
29767,"Gerard, Ryan",928,PGA National  - Champion Course,sg_app,0.11485540793859694,0.7671751837159452,13,8
29767,"Gerard, Ryan",241,Quail Hollow-PGA Championship,sg_app,1.0630659194867789,0.7056566483257517,34,8
29767,"Gerard, Ryan",876,Detroit Golf Club,sg_app,0.3769280980845529,0.6896168809184317,29,8
29767,"Gerard, Ryan",4,Torrey Pines Golf Course (South Course),sg_app,0.44700422555492175,0.6702800253204808,51,8
29767,"Gerard, Ryan",43,The Los Angeles Country Club (North Course),sg_app,-1.362123837574076,0.652561798717866,13,8
29767,"Gerard, Ryan",872,Quail Hollow Club,sg_app,-0.390199103483339,0.6423650899143748,36,8
29767,"Gerard, Ryan",665,Innisbrook Resort and Golf Club - Copperhead Course,sg_app,0.7133080159075775,0.5909971343340352,54,8
29767,"Gerard, Ryan",14,Augusta National Golf Club,sg_app,0.18387529721972407,0.5249097184931832,23,8
29767,"Gerard, Ryan",770,TPC San Antonio - The Oaks Course,sg_app,-0.5714413226923762,0.524784468692467,50,8
29767,"Gerard, Ryan",882,Caves Valley Golf Club,sg_app,-0.7570791120125544,0.4904074682099971,15,8
29767,"Gerard, Ryan",977,The Renaissance Club,sg_app,-0.9239977983448451,0.47281672246556705,16,8
29767,"Gerard, Ryan",897,Memorial Park Golf Course,sg_app,0.22857473721063598,0.40296007074916906,29,8
29767,"Gerard, Ryan",884,Keene Trace Golf Club (Champion Trace),sg_app,-0.5575995499717237,0.3565055681638959,18,8
29767,"Gerard, Ryan",205,Spyglass Hill Golf Course,sg_arg,-0.8309469282833696,0.8931748466298375,10,8
29767,"Gerard, Ryan",608,Oakmont Country Club,sg_arg,0.172297069518106,0.8244183901604997,10,8
29767,"Gerard, Ryan",883,TPC Twin Cities,sg_arg,0.01056408019570796,0.7867501524651601,30,8
29767,"Gerard, Ryan",14,Augusta National Golf Club,sg_arg,-0.25027639805099955,0.6966083272472707,23,8
29767,"Gerard, Ryan",9,Arnold Palmer's Bay Hill Club & Lodge,sg_arg,-1.6158148170635633,0.6663502146645437,55,8
29767,"Gerard, Ryan",930,Black Desert Resort,sg_arg,0.7242568602200729,0.6659138517567389,6,8
29767,"Gerard, Ryan",978,Vidanta Vallarta,sg_arg,0.11897784784971618,0.5939369030173401,16,8
29767,"Gerard, Ryan",977,The Renaissance Club,sg_arg,-0.6933942341257914,0.5766157384771762,16,8
29767,"Gerard, Ryan",503,TPC River Highlands,sg_arg,0.14569028702710934,0.4014194396486374,51,8
29767,"Gerard, Ryan",4,Torrey Pines Golf Course (South Course),sg_arg,-0.29726052823665416,0.3899247548025363,51,8
29767,"Gerard, Ryan",669,TPC Deere Run,sg_arg,0.07106479860876788,0.3763200181958359,38,8
29767,"Gerard, Ryan",500,The Riviera Country Club,sg_arg,-0.24651550163173308,0.36910745033253783,54,8
29767,"Gerard, Ryan",746,The Country Club of Jackson,sg_ott,-0.0884032678702745,0.8252517828177022,32,8
29767,"Gerard, Ryan",921,TPC Craig Ranch,sg_ott,0.42414244522076117,0.8124938419538594,15,8
29767,"Gerard, Ryan",897,Memorial Park Golf Course,sg_ott,-0.07917883221430214,0.7975910700248214,29,8
29767,"Gerard, Ryan",205,Spyglass Hill Golf Course,sg_ott,-0.23108338614155546,0.7354241572242235,10,8
29767,"Gerard, Ryan",665,Innisbrook Resort and Golf Club - Copperhead Course,sg_ott,-0.2523250800480171,0.7274722902336741,54,8
29767,"Gerard, Ryan",930,Black Desert Resort,sg_ott,-0.995484280761276,0.7201825483385862,6,8
29767,"Gerard, Ryan",872,Quail Hollow Club,sg_ott,-0.8287467054461994,0.7095329685955294,36,8
29767,"Gerard, Ryan",669,TPC Deere Run,sg_ott,-0.08291779866361504,0.6958014020825517,38,8
29767,"Gerard, Ryan",43,The Los Angeles Country Club (North Course),sg_ott,-0.2345490448179861,0.6561752385219565,13,8
29767,"Gerard, Ryan",704,Pete Dye Stadium Course,sg_ott,0.1903311732365584,0.5925443054801743,33,8
29767,"Gerard, Ryan",21,Colonial Country Club,sg_ott,-0.12162706530047362,0.5148436857747805,50,8
29767,"Gerard, Ryan",926,Silverado Resort (North Course),sg_ott,-1.831251679309331,0.4695369826470083,14,8
29767,"Gerard, Ryan",883,TPC Twin Cities,sg_ott,0.17376373790784516,0.45235980784155716,30,8
29767,"Gerard, Ryan",770,TPC San Antonio - The Oaks Course,sg_ott,-0.6022277080952011,0.45218651003185867,50,8
29767,"Gerard, Ryan",241,Quail Hollow-PGA Championship,sg_ott,1.0850681498684813,0.443843453458752,34,8
29767,"Gerard, Ryan",884,Keene Trace Golf Club (Champion Trace),sg_ott,-0.08601089068485808,0.4361033501171625,18,8
29767,"Gerard, Ryan",14,Augusta National Golf Club,sg_ott,-1.1274816155688754,0.42768357649408206,23,8
29767,"Gerard, Ryan",5,Pebble Beach Golf Links,sg_ott,0.6035832805251111,0.37764395709692644,49,8
29767,"Gerard, Ryan",500,The Riviera Country Club,sg_ott,0.17385221364879638,0.3722795836501979,54,8
29767,"Gerard, Ryan",928,PGA National  - Champion Course,sg_putt,-0.010553236671472767,0.8319135400555944,13,8
29767,"Gerard, Ryan",930,Black Desert Resort,sg_putt,-0.12724627193274532,0.709353178421583,6,8
29767,"Gerard, Ryan",978,Vidanta Vallarta,sg_putt,0.2528379230347485,0.6967043554693465,16,8
29767,"Gerard, Ryan",884,Keene Trace Golf Club (Champion Trace),sg_putt,0.22681721413717448,0.560092074734469,18,8
29767,"Gerard, Ryan",43,The Los Angeles Country Club (North Course),sg_putt,1.052415041399346,0.5587238547117286,13,8
29767,"Gerard, Ryan",908,Oakdale Golf & Country Club,sg_putt,0.31978935707597206,0.5541251730836958,10,8
29767,"Gerard, Ryan",608,Oakmont Country Club,sg_putt,-0.4969559516506469,0.5378019635320631,10,8
29767,"Gerard, Ryan",872,Quail Hollow Club,sg_putt,-1.1875582717586894,0.5080732719746718,36,8
29767,"Gerard, Ryan",770,TPC San Antonio - The Oaks Course,sg_putt,1.4418742506660027,0.49979074287184344,50,8
29767,"Gerard, Ryan",977,The Renaissance Club,sg_putt,-0.4886601021056394,0.49863130395531924,16,8
29767,"Gerard, Ryan",897,Memorial Park Golf Course,sg_putt,0.3846078295565207,0.46100063008810405,29,8
29767,"Gerard, Ryan",665,Innisbrook Resort and Golf Club - Copperhead Course,sg_putt,-0.3805240975838131,0.42909909172145166,54,8
29767,"Gerard, Ryan",883,TPC Twin Cities,sg_putt,0.02715369255931721,0.41039090006103524,30,8
29767,"Gerard, Ryan",669,TPC Deere Run,sg_putt,-1.2429485908128874,0.38981961108634927,38,8
29767,"Gerard, Ryan",882,Caves Valley Golf Club,sg_putt,-0.5805896809390572,0.36537833409543036,15,8
29767,"Gerard, Ryan",919,El Cardonal at Diamante,sg_total,0.21108688206143095,0.8241756895683453,10,8
29767,"Gerard, Ryan",940,Grand Reserve Golf Club,sg_total,-2.6747788527636245,0.7634223042119858,8,8
29767,"Gerard, Ryan",379,The Philadelphia Cricket Club (Wissahickon Course),sg_total,-0.1681117049436835,0.7585737211164316,9,8
29767,"Gerard, Ryan",43,The Los Angeles Country Club (North Course),sg_total,0.3637871357779842,0.7514161263884058,15,8
29767,"Gerard, Ryan",978,Vidanta Vallarta,sg_total,0.8052410334758222,0.7044733074594649,17,8
29767,"Gerard, Ryan",890,Tahoe Mountain Club (Old Greenwood),sg_total,1.7215776720216587,0.7001988553273849,19,8
29767,"Gerard, Ryan",872,Quail Hollow Club,sg_total,-2.9454278361755244,0.6851889404998475,37,8
29767,"Gerard, Ryan",746,The Country Club of Jackson,sg_total,-1.4894901264978504,0.6225740180522429,34,8
29767,"Gerard, Ryan",928,PGA National  - Champion Course,sg_total,0.1383171883706707,0.6132577956350657,13,8
29767,"Gerard, Ryan",977,The Renaissance Club,sg_total,-1.911313461361818,0.6111814446513488,20,8
29767,"Gerard, Ryan",770,TPC San Antonio - The Oaks Course,sg_total,1.188306782050259,0.6076650388350318,54,8
29767,"Gerard, Ryan",897,Memorial Park Golf Course,sg_total,0.2704240546955557,0.5969683733902095,30,8
29767,"Gerard, Ryan",4,Torrey Pines Golf Course (South Course),sg_total,0.9006562602574322,0.5869275084275075,56,8
29767,"Gerard, Ryan",205,Spyglass Hill Golf Course,sg_total,-2.6408168762303554,0.557455820713923,53,8
29767,"Gerard, Ryan",14,Augusta National Golf Club,sg_total,-0.23151492964240244,0.5394044836198019,65,8
29767,"Gerard, Ryan",922,Dye's Valley Course,sg_total,-0.8426431024253722,0.5181238048200913,4,8
29767,"Gerard, Ryan",513,TPC Southwind,sg_total,-0.4430126459371402,0.5150057683020087,55,8
29767,"Gerard, Ryan",241,Quail Hollow-PGA Championship,sg_total,2.2170311861051966,0.4265006951284631,37,8
29767,"Gerard, Ryan",776,Sea Island Golf Club (Seaside Course),sg_total,-1.5718869246247338,0.3755012307989047,47,8
29767,"Gerard, Ryan",608,Oakmont Country Club,sg_total,-0.149078126702668,0.3547256152850429,53,8
29767,"Gerard, Ryan",883,TPC Twin Cities,sg_total,-0.2886341480337405,0.35074426673837056,32,8
29767,"Gerard, Ryan",876,Detroit Golf Club,sg_total,-0.22985836003222243,0.3154707070451331,31,8
7399,"Glover, Lucas",8,Trump National Doral,sg_app,-1.0110522609893804,0.9465251472181397,60,8
7399,"Glover, Lucas",896,Olympia Fields Country Club (North Course),sg_app,0.819361552112995,0.8315178735937293,13,8
7399,"Glover, Lucas",928,PGA National  - Champion Course,sg_app,0.04389989847244376,0.7671751837159452,13,8
7399,"Glover, Lucas",939,Torrey Pines Golf Course (South Course),sg_app,-1.4502248779703695,0.7487285792532103,9,8
7399,"Glover, Lucas",902,Congaree Golf Club,sg_app,-0.3557757997040121,0.7464172844547262,20,8
7399,"Glover, Lucas",775,CordeValle GC,sg_app,-0.39273470341941974,0.7324563059618661,26,8
7399,"Glover, Lucas",891,Winged Foot GC,sg_app,0.18605321233072014,0.7126732274142469,23,8
7399,"Glover, Lucas",240,Club de Golf Chapultepec,sg_app,-1.55424976247346,0.7081210840226253,29,8
7399,"Glover, Lucas",241,Quail Hollow-PGA Championship,sg_app,0.43353109049213745,0.7056566483257517,34,8
7399,"Glover, Lucas",876,Detroit Golf Club,sg_app,0.5356166111904919,0.6896168809184317,29,8
7399,"Glover, Lucas",4,Torrey Pines Golf Course (South Course),sg_app,0.43667536281727526,0.6702800253204808,51,8
7399,"Glover, Lucas",237,TPC Potomac at Avenel Farm,sg_app,-1.7906298231162219,0.6615951373353582,23,8
7399,"Glover, Lucas",880,Bethpage Black,sg_app,-0.19855805434875873,0.6551865014282398,28,8
7399,"Glover, Lucas",872,Quail Hollow Club,sg_app,0.11704462548925669,0.6423650899143748,36,8
7399,"Glover, Lucas",552,Silverado Resort and Spa (North Course),sg_app,-0.04823405976448578,0.6270648570577193,39,8
7399,"Glover, Lucas",232,Albany GC,sg_app,-0.3791055608282061,0.6223580975544195,7,8
7399,"Glover, Lucas",665,Innisbrook Resort and Golf Club - Copperhead Course,sg_app,-0.17401603599566426,0.5909971343340352,54,8
7399,"Glover, Lucas",700,TPC Boston,sg_app,-0.5186944596667277,0.5801062715329093,52,8
7399,"Glover, Lucas",14,Augusta National Golf Club,sg_app,0.08600426199892781,0.5249097184931832,23,8
7399,"Glover, Lucas",770,TPC San Antonio - The Oaks Course,sg_app,0.40406417917718573,0.524784468692467,50,8
7399,"Glover, Lucas",611,Southern Hills Country Club,sg_app,1.7696277686600923,0.5183385212389265,21,8
7399,"Glover, Lucas",36,Le Triomphe G&CC,sg_app,0.325900416299707,0.511720899137967,58,8
7399,"Glover, Lucas",882,Caves Valley Golf Club,sg_app,-0.5003652321678622,0.4904074682099971,15,8
7399,"Glover, Lucas",977,The Renaissance Club,sg_app,-1.5072096573118272,0.47281672246556705,16,8
7399,"Glover, Lucas",771,The Old White TPC,sg_app,-0.6059876483059237,0.47094988388515785,41,8
7399,"Glover, Lucas",625,LaCantera GC (Resort),sg_app,0.1986454973350028,0.45683718971714415,22,8
7399,"Glover, Lucas",885,Royal Portrush Golf Club,sg_app,0.19622424561060103,0.4489419284589953,15,8
7399,"Glover, Lucas",510,TPC Scottsdale (Stadium Course),sg_app,-0.1546013766125397,0.4198044142274062,49,8
7399,"Glover, Lucas",897,Memorial Park Golf Course,sg_app,-3.1739144801271584,0.40296007074916906,29,8
7399,"Glover, Lucas",235,Eagle Point Golf Club,sg_app,-2.7144371736250155,0.3860951981370469,21,8
7399,"Glover, Lucas",884,Keene Trace Golf Club (Champion Trace),sg_app,1.8232914586221658,0.3565055681638959,18,8
7399,"Glover, Lucas",745,iberostar real club de golf novo sancti petri,sg_app,0.07711386418377798,0.35496164779815254,48,8
7399,"Glover, Lucas",666,Pebble Beach Golf Links,sg_app,-0.7422857426581764,0.3362028317814147,27,8
7399,"Glover, Lucas",528,Pinehurst Resort & Country Club (Course No. 2),sg_app,-2.344716174875077,0.3150926551363546,13,8
7399,"Glover, Lucas",19,TPC Four Seasons Resort,sg_app,-0.8930650536215636,0.3150439971860182,48,8
7399,"Glover, Lucas",8,Trump National Doral,sg_arg,1.3537908865742205,0.9530423707413531,60,8
7399,"Glover, Lucas",205,Spyglass Hill Golf Course,sg_arg,-1.2916623059978072,0.8931748466298375,10,8
7399,"Glover, Lucas",608,Oakmont Country Club,sg_arg,0.2507727358676442,0.8244183901604997,10,8
7399,"Glover, Lucas",883,TPC Twin Cities,sg_arg,-0.27584927416365856,0.7867501524651601,30,8
7399,"Glover, Lucas",238,Glen Oaks Club,sg_arg,0.5825199677345538,0.7336871596058964,27,8
7399,"Glover, Lucas",14,Augusta National Golf Club,sg_arg,-0.4901829078654332,0.6966083272472707,23,8
7399,"Glover, Lucas",699,Redstone GC (Fall Creek),sg_arg,0.09902724655122426,0.6678905146391654,18,8
7399,"Glover, Lucas",9,Arnold Palmer's Bay Hill Club & Lodge,sg_arg,0.13047673024402323,0.6663502146645437,55,8
7399,"Glover, Lucas",930,Black Desert Resort,sg_arg,0.09266895589751255,0.6659138517567389,6,8
7399,"Glover, Lucas",939,Torrey Pines Golf Course (South Course),sg_arg,0.7693104840003895,0.6481740336083687,9,8
7399,"Glover, Lucas",896,Olympia Fields Country Club (North Course),sg_arg,-0.0480454753037404,0.6081893022397992,13,8
7399,"Glover, Lucas",978,Vidanta Vallarta,sg_arg,-2.0246832273128095,0.5939369030173401,16,8
7399,"Glover, Lucas",977,The Renaissance Club,sg_arg,-0.6674551648043547,0.5766157384771762,16,8
7399,"Glover, Lucas",775,CordeValle GC,sg_arg,0.7413644021144469,0.5749849531551847,26,8
7399,"Glover, Lucas",773,Aronimink GC,sg_arg,0.43060682506777687,0.5548743356281888,36,8
7399,"Glover, Lucas",528,Pinehurst Resort & Country Club (Course No. 2),sg_arg,-1.3902721474272712,0.5246733621084892,13,8
7399,"Glover, Lucas",19,TPC Four Seasons Resort,sg_arg,-1.0107901927731395,0.5175416912724531,48,8
7399,"Glover, Lucas",611,Southern Hills Country Club,sg_arg,-0.019197316354112412,0.4980626838282213,21,8
7399,"Glover, Lucas",716,Shaughnessy G&CC,sg_arg,0.10030760315690322,0.47292459226589256,23,8
7399,"Glover, Lucas",625,LaCantera GC (Resort),sg_arg,0.37621317918344316,0.44378838630574374,22,8
7399,"Glover, Lucas",649,Hualalai Golf Course,sg_arg,-0.30511025150531573,0.44183968801198004,36,8
7399,"Glover, Lucas",698,Quail Hollow Club,sg_arg,0.41395348356588163,0.41704133255957127,52,8
7399,"Glover, Lucas",503,TPC River Highlands,sg_arg,-0.5101794123169149,0.4014194396486374,51,8
7399,"Glover, Lucas",235,Eagle Point Golf Club,sg_arg,0.6199161106688543,0.3990891778199044,21,8
7399,"Glover, Lucas",885,Royal Portrush Golf Club,sg_arg,0.1867469612758284,0.39205476717281856,15,8
7399,"Glover, Lucas",4,Torrey Pines Golf Course (South Course),sg_arg,-0.03272450428289126,0.3899247548025363,51,8
7399,"Glover, Lucas",729,Golf Club of Houston,sg_arg,-0.3668407410025223,0.3790111774135132,54,8
7399,"Glover, Lucas",669,TPC Deere Run,sg_arg,0.18540658080139288,0.3763200181958359,38,8
7399,"Glover, Lucas",500,The Riviera Country Club,sg_arg,-0.26553931510008855,0.36910745033253783,54,8
7399,"Glover, Lucas",902,Congaree Golf Club,sg_arg,-0.43121039732945937,0.31392215570295146,20,8
7399,"Glover, Lucas",552,Silverado Resort and Spa (North Course),sg_arg,-0.5443862759439638,0.30969972483809577,39,8
7399,"Glover, Lucas",745,iberostar real club de golf novo sancti petri,sg_arg,-0.5846431906874715,0.303356471156665,48,8
7399,"Glover, Lucas",8,Trump National Doral,sg_ott,-0.12281601069506347,0.9516191919070657,60,8
7399,"Glover, Lucas",901,Wilmington Country Club,sg_ott,-0.9494517428728915,0.8630761206823632,8,8
7399,"Glover, Lucas",746,The Country Club of Jackson,sg_ott,-0.12972405584419514,0.8252517828177022,32,8
7399,"Glover, Lucas",921,TPC Craig Ranch,sg_ott,-0.017350618072491452,0.8124938419538594,15,8
7399,"Glover, Lucas",656,Plantation Course at Kapalua,sg_ott,0.33971540150905793,0.8079739846971773,45,8
7399,"Glover, Lucas",897,Memorial Park Golf Course,sg_ott,-0.1874443741510745,0.7975910700248214,29,8
7399,"Glover, Lucas",666,Pebble Beach Golf Links,sg_ott,0.3034533399725259,0.7832355819650828,27,8
7399,"Glover, Lucas",19,TPC Four Seasons Resort,sg_ott,0.5460049662747591,0.7592243617778875,48,8
7399,"Glover, Lucas",689,El Bosque CC,sg_ott,0.2810537655331492,0.7580306354046243,42,8
7399,"Glover, Lucas",773,Aronimink GC,sg_ott,0.6867540983730265,0.7357449899129523,36,8
7399,"Glover, Lucas",205,Spyglass Hill Golf Course,sg_ott,-0.3677447141993292,0.7354241572242235,10,8
7399,"Glover, Lucas",665,Innisbrook Resort and Golf Club - Copperhead Course,sg_ott,-0.18452808677382163,0.7274722902336741,54,8
7399,"Glover, Lucas",36,Le Triomphe G&CC,sg_ott,0.14284003589572758,0.721117445741737,58,8
7399,"Glover, Lucas",930,Black Desert Resort,sg_ott,-0.3129648979831817,0.7201825483385862,6,8
7399,"Glover, Lucas",872,Quail Hollow Club,sg_ott,0.2585211153433699,0.7095329685955294,36,8
7399,"Glover, Lucas",232,Albany GC,sg_ott,0.30105636622603266,0.6990513806604631,7,8
7399,"Glover, Lucas",669,TPC Deere Run,sg_ott,-0.27409046105253015,0.6958014020825517,38,8
7399,"Glover, Lucas",895,TPC Harding Park,sg_ott,0.7861564935058099,0.6913221539478895,25,8
7399,"Glover, Lucas",789,Conway Farms GC,sg_ott,-0.6800452892049589,0.6765431912571337,34,8
7399,"Glover, Lucas",237,TPC Potomac at Avenel Farm,sg_ott,0.2926882909902722,0.6685057551764296,23,8
7399,"Glover, Lucas",27,Hillcrest Country Club,sg_ott,0.531911569733156,0.6443698871194266,35,8
7399,"Glover, Lucas",939,Torrey Pines Golf Course (South Course),sg_ott,0.08060901809227296,0.6420342944454386,9,8
7399,"Glover, Lucas",348,Medinah Country Club (No. 3),sg_ott,-0.031920589190446186,0.6402835614018546,18,8
7399,"Glover, Lucas",528,Pinehurst Resort & Country Club (Course No. 2),sg_ott,-0.19862598638162912,0.605912040107582,13,8
7399,"Glover, Lucas",704,Pete Dye Stadium Course,sg_ott,-0.13933105083941735,0.5925443054801743,33,8
7399,"Glover, Lucas",729,Golf Club of Houston,sg_ott,-0.2813320355708707,0.5762066930736335,54,8
7399,"Glover, Lucas",781,Plainfield CC,sg_ott,-0.16419819194676322,0.5503579288030632,43,8
7399,"Glover, Lucas",671,Valhalla Golf Club,sg_ott,-0.21403437710175421,0.5447209390309542,42,8
7399,"Glover, Lucas",13,Forest Oaks CC,sg_ott,-0.20443923424774826,0.5395615398376821,17,8
7399,"Glover, Lucas",534,Bellerive CC,sg_ott,0.6749903691910311,0.5266986928376094,42,8
7399,"Glover, Lucas",21,Colonial Country Club,sg_ott,-0.17274437358511974,0.5148436857747805,50,8
7399,"Glover, Lucas",745,iberostar real club de golf novo sancti petri,sg_ott,0.16181790674680704,0.512595938540274,48,8
7399,"Glover, Lucas",716,Shaughnessy G&CC,sg_ott,0.3791376622107324,0.4909383551880704,23,8
7399,"Glover, Lucas",698,Quail Hollow Club,sg_ott,0.2156892938052851,0.4783427498881751,52,8
7399,"Glover, Lucas",926,Silverado Resort (North Course),sg_ott,-0.4959905401913568,0.4695369826470083,14,8
7399,"Glover, Lucas",775,CordeValle GC,sg_ott,0.3923742945941411,0.46590564038890697,26,8
7399,"Glover, Lucas",642,Newport Beach Country Club,sg_ott,-0.7573976412573987,0.46146766059431943,22,8
7399,"Glover, Lucas",625,LaCantera GC (Resort),sg_ott,0.7813069165014989,0.4563859774020476,22,8
7399,"Glover, Lucas",883,TPC Twin Cities,sg_ott,0.38766155323599016,0.45235980784155716,30,8
7399,"Glover, Lucas",734,PGA National Resort (The Champion),sg_ott,0.07423260441352142,0.45228278937398675,56,8
7399,"Glover, Lucas",770,TPC San Antonio - The Oaks Course,sg_ott,0.03303824426731985,0.45218651003185867,50,8
7399,"Glover, Lucas",241,Quail Hollow-PGA Championship,sg_ott,-0.140545295209328,0.443843453458752,34,8
7399,"Glover, Lucas",884,Keene Trace Golf Club (Champion Trace),sg_ott,-0.10610105721839501,0.4361033501171625,18,8
7399,"Glover, Lucas",723,The Classic Club,sg_ott,0.36817934658714735,0.4296540057751264,18,8
7399,"Glover, Lucas",14,Augusta National Golf Club,sg_ott,-0.010343898545207779,0.42768357649408206,23,8
7399,"Glover, Lucas",32,Glen Abbey GC,sg_ott,-0.40979639437588145,0.38804505962737723,40,8
7399,"Glover, Lucas",5,Pebble Beach Golf Links,sg_ott,-0.39045921925486365,0.37764395709692644,49,8
7399,"Glover, Lucas",500,The Riviera Country Club,sg_ott,0.21071884966355017,0.3722795836501979,54,8
7399,"Glover, Lucas",709,Royal Troon,sg_ott,-0.6520476528248499,0.3555471361658512,14,8
7399,"Glover, Lucas",700,TPC Boston,sg_ott,0.10514311875973281,0.31039427326405605,52,8
7399,"Glover, Lucas",8,Trump National Doral,sg_putt,-0.9021678566140056,0.9467615659341958,60,8
7399,"Glover, Lucas",709,Royal Troon,sg_putt,-0.32863867902956906,0.8553792953613122,14,8
7399,"Glover, Lucas",928,PGA National  - Champion Course,sg_putt,0.3479050917541048,0.8319135400555944,13,8
7399,"Glover, Lucas",552,Silverado Resort and Spa (North Course),sg_putt,0.0586436746860403,0.7652038880499961,39,8
7399,"Glover, Lucas",896,Olympia Fields Country Club (North Course),sg_putt,0.052288598284676205,0.7300243530921173,13,8
7399,"Glover, Lucas",625,LaCantera GC (Resort),sg_putt,-0.8315614333464812,0.7194449867851495,22,8
7399,"Glover, Lucas",930,Black Desert Resort,sg_putt,-0.5328117244070847,0.709353178421583,6,8
7399,"Glover, Lucas",978,Vidanta Vallarta,sg_putt,1.049005477878973,0.6967043554693465,16,8
7399,"Glover, Lucas",716,Shaughnessy G&CC,sg_putt,-0.5077585921352863,0.674144278098646,23,8
7399,"Glover, Lucas",789,Conway Farms GC,sg_putt,0.5281252767871925,0.6488976184206149,34,8
7399,"Glover, Lucas",689,El Bosque CC,sg_putt,0.37690774143936934,0.6122961641627417,42,8
7399,"Glover, Lucas",745,iberostar real club de golf novo sancti petri,sg_putt,-0.7825022755609786,0.582420842072087,48,8
7399,"Glover, Lucas",884,Keene Trace Golf Club (Champion Trace),sg_putt,0.17522707896517348,0.560092074734469,18,8
7399,"Glover, Lucas",908,Oakdale Golf & Country Club,sg_putt,-0.3442743753853006,0.5541251730836958,10,8
7399,"Glover, Lucas",608,Oakmont Country Club,sg_putt,-1.2478006462079008,0.5378019635320631,10,8
7399,"Glover, Lucas",723,The Classic Club,sg_putt,1.1752857205323104,0.5246091505562492,18,8
7399,"Glover, Lucas",773,Aronimink GC,sg_putt,-0.9169689275878984,0.5110050494003415,36,8
7399,"Glover, Lucas",872,Quail Hollow Club,sg_putt,-0.6144461389017702,0.5080732719746718,36,8
7399,"Glover, Lucas",770,TPC San Antonio - The Oaks Course,sg_putt,-0.25157519252123667,0.49979074287184344,50,8
7399,"Glover, Lucas",977,The Renaissance Club,sg_putt,0.48878238773945604,0.49863130395531924,16,8
7399,"Glover, Lucas",902,Congaree Golf Club,sg_putt,-0.11398756915080238,0.47712841747238366,20,8
7399,"Glover, Lucas",897,Memorial Park Golf Course,sg_putt,-1.621263896094769,0.46100063008810405,29,8
7399,"Glover, Lucas",649,Hualalai Golf Course,sg_putt,0.45020825006750653,0.45688429085995663,36,8
7399,"Glover, Lucas",609,Annandale GC,sg_putt,0.1374307319663779,0.43740309197634325,25,8
7399,"Glover, Lucas",665,Innisbrook Resort and Golf Club - Copperhead Course,sg_putt,-0.09623111332107481,0.42909909172145166,54,8
7399,"Glover, Lucas",891,Winged Foot GC,sg_putt,2.086161844808144,0.4283793448531367,23,8
7399,"Glover, Lucas",883,TPC Twin Cities,sg_putt,-0.3883927603440571,0.41039090006103524,30,8
7399,"Glover, Lucas",669,TPC Deere Run,sg_putt,0.6320659358751929,0.38981961108634927,38,8
7399,"Glover, Lucas",538,TPC Summerlin,sg_putt,-0.3580468745230377,0.38935899749088204,47,8
7399,"Glover, Lucas",882,Caves Valley Golf Club,sg_putt,-0.303834630941732,0.36537833409543036,15,8
7399,"Glover, Lucas",886,Liberty National Golf Club,sg_putt,-0.3276587779767261,0.30772935775047244,27,8
7399,"Glover, Lucas",19,TPC Four Seasons Resort,sg_putt,0.5957374398797808,0.3013355876184594,48,8
7399,"Glover, Lucas",8,Trump National Doral,sg_total,-0.6840657905239246,0.9534045421133684,71,8
7399,"Glover, Lucas",896,Olympia Fields Country Club (North Course),sg_total,1.1767469046496848,0.8247619918620935,14,8
7399,"Glover, Lucas",919,El Cardonal at Diamante,sg_total,-0.300280180016363,0.8241756895683453,10,8
7399,"Glover, Lucas",379,The Philadelphia Cricket Club (Wissahickon Course),sg_total,-2.0620962472485265,0.7585737211164316,9,8
7399,"Glover, Lucas",19,TPC Four Seasons Resort,sg_total,-0.7824845118564183,0.7535983141081465,50,8
7399,"Glover, Lucas",552,Silverado Resort and Spa (North Course),sg_total,-0.7235095781974993,0.7376139349852081,40,8
7399,"Glover, Lucas",102,Bermuda Dunes CC,sg_total,2.091473602447758,0.7258285884410856,27,8
7399,"Glover, Lucas",901,Wilmington Country Club,sg_total,-2.1898422679047793,0.7257352782065652,8,8
7399,"Glover, Lucas",891,Winged Foot GC,sg_total,1.9240286187244742,0.716785908305173,25,8
7399,"Glover, Lucas",978,Vidanta Vallarta,sg_total,-0.8868173896879346,0.7044733074594649,17,8
7399,"Glover, Lucas",773,Aronimink GC,sg_total,0.5724358322970935,0.7020395410088385,37,8
7399,"Glover, Lucas",939,Torrey Pines Golf Course (South Course),sg_total,0.3789898940942025,0.6930839691436437,10,8
7399,"Glover, Lucas",625,LaCantera GC (Resort),sg_total,0.7730049360888323,0.6868191854628509,22,8
7399,"Glover, Lucas",872,Quail Hollow Club,sg_total,0.7166713229779945,0.6851889404998475,37,8
7399,"Glover, Lucas",681,TPC Canyons,sg_total,1.6957362512748997,0.6577085851673842,22,8
7399,"Glover, Lucas",238,Glen Oaks Club,sg_total,-0.05221465891744714,0.6241288288584754,28,8
7399,"Glover, Lucas",746,The Country Club of Jackson,sg_total,0.9743577832900903,0.6225740180522429,34,8
7399,"Glover, Lucas",706,Whistling Straits,sg_total,-0.6846308936546772,0.6145503734924044,59,8
7399,"Glover, Lucas",928,PGA National  - Champion Course,sg_total,0.07297192027992952,0.6132577956350657,13,8
7399,"Glover, Lucas",977,The Renaissance Club,sg_total,-1.9015002186955579,0.6111814446513488,20,8
7399,"Glover, Lucas",895,TPC Harding Park,sg_total,-0.5886692275868367,0.6084200207744371,26,8
7399,"Glover, Lucas",770,TPC San Antonio - The Oaks Course,sg_total,0.6194178871489122,0.6076650388350318,54,8
7399,"Glover, Lucas",781,Plainfield CC,sg_total,-3.4074391835563955,0.6050669110305169,43,8
7399,"Glover, Lucas",240,Club de Golf Chapultepec,sg_total,-1.855037498554367,0.6020028570371451,32,8
7399,"Glover, Lucas",897,Memorial Park Golf Course,sg_total,-5.376914618405207,0.5969683733902095,30,8
7399,"Glover, Lucas",775,CordeValle GC,sg_total,0.004954781238971778,0.5965076257611942,27,8
7399,"Glover, Lucas",4,Torrey Pines Golf Course (South Course),sg_total,0.3781607135100521,0.5869275084275075,56,8
7399,"Glover, Lucas",205,Spyglass Hill Golf Course,sg_total,-1.556159062643944,0.557455820713923,53,8
7399,"Glover, Lucas",771,The Old White TPC,sg_total,-0.9769030674874416,0.5529609738461922,43,8
7399,"Glover, Lucas",818,Chambers Bay GC,sg_total,0.5182681307784929,0.5439215943066038,38,8
7399,"Glover, Lucas",666,Pebble Beach Golf Links,sg_total,-0.4701510286189574,0.5426232759381483,49,8
7399,"Glover, Lucas",14,Augusta National Golf Club,sg_total,-0.39508447324069207,0.5394044836198019,65,8
7399,"Glover, Lucas",885,Royal Portrush Golf Club,sg_total,1.0949180340381839,0.52887766569415,30,8
7399,"Glover, Lucas",689,El Bosque CC,sg_total,-0.3681307492669914,0.5233518693058378,52,8
7399,"Glover, Lucas",513,TPC Southwind,sg_total,0.8901685756470024,0.5150057683020087,55,8
7399,"Glover, Lucas",610,Turnberry (Ailsa),sg_total,-2.6957934408337647,0.5137693785893293,42,8
7399,"Glover, Lucas",800,The Abaco Club on Winding Bay,sg_total,1.015456987814377,0.5085375076292757,35,8
7399,"Glover, Lucas",700,TPC Boston,sg_total,-1.598868666141665,0.507527023233339,54,8
7399,"Glover, Lucas",780,Atlanta Athletic Club,sg_total,-4.707921529611706,0.5002089628986955,46,8
7399,"Glover, Lucas",769,Monterey Peninsula CC,sg_total,2.2422037271900694,0.5002066489573296,49,8
7399,"Glover, Lucas",232,Albany GC,sg_total,0.42988152772156984,0.4445505341369429,18,8
7399,"Glover, Lucas",538,TPC Summerlin,sg_total,0.047959343874659305,0.43235476111085686,50,8
7399,"Glover, Lucas",100,Omni Tucson National,sg_total,-8.747731869221505,0.4299162671909255,45,8
7399,"Glover, Lucas",241,Quail Hollow-PGA Championship,sg_total,0.9002175585119783,0.4265006951284631,37,8
7399,"Glover, Lucas",902,Congaree Golf Club,sg_total,-0.9844142888097533,0.41161328631299193,21,8
7399,"Glover, Lucas",875,ACCORDIA GOLF Narashino Country Club,sg_total,-0.22050583559267903,0.386724896362914,20,8
7399,"Glover, Lucas",778,Royal St. George's GC,sg_total,-1.7133084028106926,0.3865346771917013,50,8
7399,"Glover, Lucas",776,Sea Island Golf Club (Seaside Course),sg_total,0.9251880036338356,0.3755012307989047,47,8
7399,"Glover, Lucas",608,Oakmont Country Club,sg_total,0.3160218507667658,0.3547256152850429,53,8
7399,"Glover, Lucas",880,Bethpage Black,sg_total,1.4188496918393,0.3513476172401144,30,8
7399,"Glover, Lucas",883,TPC Twin Cities,sg_total,-0.9950807631186294,0.35074426673837056,32,8
7399,"Glover, Lucas",876,Detroit Golf Club,sg_total,1.3438578454652952,0.3154707070451331,31,8
27774,"Gotterup, Chris",928,PGA National  - Champion Course,sg_app,0.8923828143098897,0.7671751837159452,13,8
27774,"Gotterup, Chris",935,TPC Toronto at Osprey Valley (North Course),sg_app,0.33428741884130164,0.7116924721794581,6,8
27774,"Gotterup, Chris",876,Detroit Golf Club,sg_app,-0.4589756391568559,0.6896168809184317,29,8
27774,"Gotterup, Chris",4,Torrey Pines Golf Course (South Course),sg_app,0.8062147173498271,0.6702800253204808,51,8
27774,"Gotterup, Chris",552,Silverado Resort and Spa (North Course),sg_app,-0.11919608432199039,0.6270648570577193,39,8
27774,"Gotterup, Chris",232,Albany GC,sg_app,-1.186895927982024,0.6223580975544195,7,8
27774,"Gotterup, Chris",665,Innisbrook Resort and Golf Club - Copperhead Course,sg_app,-0.9380142516234745,0.5909971343340352,54,8
27774,"Gotterup, Chris",14,Augusta National Golf Club,sg_app,0.15112920583218512,0.5249097184931832,23,8
27774,"Gotterup, Chris",770,TPC San Antonio - The Oaks Course,sg_app,0.11132237564159089,0.524784468692467,50,8
27774,"Gotterup, Chris",882,Caves Valley Golf Club,sg_app,0.020655913068522602,0.4904074682099971,15,8
27774,"Gotterup, Chris",977,The Renaissance Club,sg_app,0.09402612925898271,0.47281672246556705,16,8
27774,"Gotterup, Chris",885,Royal Portrush Golf Club,sg_app,0.43215051679767225,0.4489419284589953,15,8
27774,"Gotterup, Chris",510,TPC Scottsdale (Stadium Course),sg_app,0.478275948204975,0.4198044142274062,49,8
27774,"Gotterup, Chris",897,Memorial Park Golf Course,sg_app,-0.36066852999632193,0.40296007074916906,29,8
27774,"Gotterup, Chris",205,Spyglass Hill Golf Course,sg_arg,-0.7482982746359774,0.8931748466298375,10,8
27774,"Gotterup, Chris",608,Oakmont Country Club,sg_arg,0.6334022359653295,0.8244183901604997,10,8
27774,"Gotterup, Chris",883,TPC Twin Cities,sg_arg,-0.0029435671704532707,0.7867501524651601,30,8
27774,"Gotterup, Chris",14,Augusta National Golf Club,sg_arg,0.5023232592724904,0.6966083272472707,23,8
27774,"Gotterup, Chris",9,Arnold Palmer's Bay Hill Club & Lodge,sg_arg,0.15441029334664252,0.6663502146645437,55,8
27774,"Gotterup, Chris",978,Vidanta Vallarta,sg_arg,-0.07625967254612279,0.5939369030173401,16,8
27774,"Gotterup, Chris",977,The Renaissance Club,sg_arg,0.4499290387548875,0.5766157384771762,16,8
27774,"Gotterup, Chris",503,TPC River Highlands,sg_arg,-0.09142097442866695,0.4014194396486374,51,8
27774,"Gotterup, Chris",885,Royal Portrush Golf Club,sg_arg,-0.2536507064239784,0.39205476717281856,15,8
27774,"Gotterup, Chris",4,Torrey Pines Golf Course (South Course),sg_arg,-0.17256708822819397,0.3899247548025363,51,8
27774,"Gotterup, Chris",669,TPC Deere Run,sg_arg,-0.10737845430759875,0.3763200181958359,38,8
27774,"Gotterup, Chris",500,The Riviera Country Club,sg_arg,-1.2269057253497753,0.36910745033253783,54,8
27774,"Gotterup, Chris",552,Silverado Resort and Spa (North Course),sg_arg,0.7965511267277894,0.30969972483809577,39,8
27774,"Gotterup, Chris",746,The Country Club of Jackson,sg_ott,-0.07140297485790736,0.8252517828177022,32,8
27774,"Gotterup, Chris",921,TPC Craig Ranch,sg_ott,0.5397060222529055,0.8124938419538594,15,8
27774,"Gotterup, Chris",656,Plantation Course at Kapalua,sg_ott,-0.9057473132805252,0.8079739846971773,45,8
27774,"Gotterup, Chris",897,Memorial Park Golf Course,sg_ott,0.31253269888243657,0.7975910700248214,29,8
27774,"Gotterup, Chris",205,Spyglass Hill Golf Course,sg_ott,-1.0997629583388466,0.7354241572242235,10,8
27774,"Gotterup, Chris",665,Innisbrook Resort and Golf Club - Copperhead Course,sg_ott,-0.25866276106607544,0.7274722902336741,54,8
27774,"Gotterup, Chris",232,Albany GC,sg_ott,-0.8493584069867868,0.6990513806604631,7,8
27774,"Gotterup, Chris",669,TPC Deere Run,sg_ott,0.18326505799608978,0.6958014020825517,38,8
27774,"Gotterup, Chris",704,Pete Dye Stadium Course,sg_ott,0.25944603506776925,0.5925443054801743,33,8
27774,"Gotterup, Chris",671,Valhalla Golf Club,sg_ott,1.1147136926569623,0.5447209390309542,42,8
27774,"Gotterup, Chris",21,Colonial Country Club,sg_ott,0.07277946748108033,0.5148436857747805,50,8
27774,"Gotterup, Chris",926,Silverado Resort (North Course),sg_ott,-0.38129212879351315,0.4695369826470083,14,8
27774,"Gotterup, Chris",883,TPC Twin Cities,sg_ott,-0.0405299892235923,0.45235980784155716,30,8
27774,"Gotterup, Chris",770,TPC San Antonio - The Oaks Course,sg_ott,-0.5033881203810507,0.45218651003185867,50,8
27774,"Gotterup, Chris",14,Augusta National Golf Club,sg_ott,-0.09643380548617897,0.42768357649408206,23,8
27774,"Gotterup, Chris",5,Pebble Beach Golf Links,sg_ott,-0.1470962916721798,0.37764395709692644,49,8
27774,"Gotterup, Chris",500,The Riviera Country Club,sg_ott,-0.3498913792638461,0.3722795836501979,54,8
27774,"Gotterup, Chris",928,PGA National  - Champion Course,sg_putt,-0.1275951004259214,0.8319135400555944,13,8
27774,"Gotterup, Chris",552,Silverado Resort and Spa (North Course),sg_putt,0.3740226988756542,0.7652038880499961,39,8
27774,"Gotterup, Chris",935,TPC Toronto at Osprey Valley (North Course),sg_putt,-1.3269552381211194,0.7214011843267554,6,8
27774,"Gotterup, Chris",978,Vidanta Vallarta,sg_putt,0.09291264164947725,0.6967043554693465,16,8
27774,"Gotterup, Chris",608,Oakmont Country Club,sg_putt,-0.44053922693401876,0.5378019635320631,10,8
27774,"Gotterup, Chris",770,TPC San Antonio - The Oaks Course,sg_putt,-0.8009753378517107,0.49979074287184344,50,8
27774,"Gotterup, Chris",977,The Renaissance Club,sg_putt,0.8756687452182957,0.49863130395531924,16,8
27774,"Gotterup, Chris",897,Memorial Park Golf Course,sg_putt,0.6324495790904432,0.46100063008810405,29,8
27774,"Gotterup, Chris",665,Innisbrook Resort and Golf Club - Copperhead Course,sg_putt,-0.39864912601793007,0.42909909172145166,54,8
27774,"Gotterup, Chris",883,TPC Twin Cities,sg_putt,0.24396358440605992,0.41039090006103524,30,8
27774,"Gotterup, Chris",669,TPC Deere Run,sg_putt,-0.06644386366374362,0.38981961108634927,38,8
27774,"Gotterup, Chris",538,TPC Summerlin,sg_putt,-0.5680806887120018,0.38935899749088204,47,8
27774,"Gotterup, Chris",882,Caves Valley Golf Club,sg_putt,-0.2857867128971815,0.36537833409543036,15,8
27774,"Gotterup, Chris",919,El Cardonal at Diamante,sg_total,-1.5467925912730607,0.8241756895683453,10,8
27774,"Gotterup, Chris",925,Dunes Golf and Beach Club,sg_total,2.0000965148784093,0.8210465318733497,7,8
27774,"Gotterup, Chris",940,Grand Reserve Golf Club,sg_total,0.2839204089548064,0.7634223042119858,8,8
27774,"Gotterup, Chris",552,Silverado Resort and Spa (North Course),sg_total,0.06807638269335414,0.7376139349852081,40,8
27774,"Gotterup, Chris",978,Vidanta Vallarta,sg_total,-0.9947795129362622,0.7044733074594649,17,8
27774,"Gotterup, Chris",746,The Country Club of Jackson,sg_total,-1.7005678596954417,0.6225740180522429,34,8
27774,"Gotterup, Chris",928,PGA National  - Champion Course,sg_total,0.11964217242689001,0.6132577956350657,13,8
27774,"Gotterup, Chris",977,The Renaissance Club,sg_total,1.5440753152758926,0.6111814446513488,20,8
27774,"Gotterup, Chris",770,TPC San Antonio - The Oaks Course,sg_total,-1.6060387667210336,0.6076650388350318,54,8
27774,"Gotterup, Chris",897,Memorial Park Golf Course,sg_total,0.715347941072918,0.5969683733902095,30,8
27774,"Gotterup, Chris",4,Torrey Pines Golf Course (South Course),sg_total,0.0777881764845677,0.5869275084275075,56,8
27774,"Gotterup, Chris",205,Spyglass Hill Golf Course,sg_total,-1.962227420312212,0.557455820713923,53,8
27774,"Gotterup, Chris",14,Augusta National Golf Club,sg_total,0.33776948207563906,0.5394044836198019,65,8
27774,"Gotterup, Chris",885,Royal Portrush Golf Club,sg_total,2.521419059414895,0.52887766569415,30,8
27774,"Gotterup, Chris",513,TPC Southwind,sg_total,-1.327739807637732,0.5150057683020087,55,8
27774,"Gotterup, Chris",232,Albany GC,sg_total,-3.2094213245876597,0.4445505341369429,18,8
27774,"Gotterup, Chris",538,TPC Summerlin,sg_total,-0.06648227904831505,0.43235476111085686,50,8
27774,"Gotterup, Chris",875,ACCORDIA GOLF Narashino Country Club,sg_total,-2.5006765252751064,0.386724896362914,20,8
27774,"Gotterup, Chris",776,Sea Island Golf Club (Seaside Course),sg_total,0.5263822475364068,0.3755012307989047,47,8
27774,"Gotterup, Chris",608,Oakmont Country Club,sg_total,1.5105262334696608,0.3547256152850429,53,8
27774,"Gotterup, Chris",883,TPC Twin Cities,sg_total,0.3610172630805073,0.35074426673837056,32,8
27774,"Gotterup, Chris",876,Detroit Golf Club,sg_total,-0.26727673863949875,0.3154707070451331,31,8
27774,"Gotterup, Christopher",884,Keene Trace Golf Club (Champion Trace),sg_app,-1.0496901871231679,0.3565055681638959,18,8
27774,"Gotterup, Christopher",669,TPC Deere Run,sg_arg,0.64280808192047,0.3763200181958359,38,8
27774,"Gotterup, Christopher",669,TPC Deere Run,sg_ott,0.6760573479677066,0.6958014020825517,38,8
27774,"Gotterup, Christopher",884,Keene Trace Golf Club (Champion Trace),sg_ott,-0.3484625690684381,0.4361033501171625,18,8
27774,"Gotterup, Christopher",884,Keene Trace Golf Club (Champion Trace),sg_putt,0.9437573040333214,0.560092074734469,18,8
27774,"Gotterup, Christopher",669,TPC Deere Run,sg_putt,-0.35408749958246566,0.38981961108634927,38,8
23465,"Greyserman, Max",928,PGA National  - Champion Course,sg_app,0.4561132163125314,0.7671751837159452,13,8
23465,"Greyserman, Max",939,Torrey Pines Golf Course (South Course),sg_app,-0.9261428652411706,0.7487285792532103,9,8
23465,"Greyserman, Max",241,Quail Hollow-PGA Championship,sg_app,1.0979992686272262,0.7056566483257517,34,8
23465,"Greyserman, Max",876,Detroit Golf Club,sg_app,-0.09237104377750706,0.6896168809184317,29,8
23465,"Greyserman, Max",4,Torrey Pines Golf Course (South Course),sg_app,-0.6300666755409065,0.6702800253204808,51,8
23465,"Greyserman, Max",665,Innisbrook Resort and Golf Club - Copperhead Course,sg_app,0.2274959625176335,0.5909971343340352,54,8
23465,"Greyserman, Max",931,Tahoe Mountain Club (Old Greenwood),sg_app,-0.7794091606739179,0.5425266516366192,6,8
23465,"Greyserman, Max",14,Augusta National Golf Club,sg_app,-0.5215102513403091,0.5249097184931832,23,8
23465,"Greyserman, Max",770,TPC San Antonio - The Oaks Course,sg_app,-1.3574386562795704,0.524784468692467,50,8
23465,"Greyserman, Max",977,The Renaissance Club,sg_app,0.7826684591637242,0.47281672246556705,16,8
23465,"Greyserman, Max",885,Royal Portrush Golf Club,sg_app,-0.24431294444367063,0.4489419284589953,15,8
23465,"Greyserman, Max",510,TPC Scottsdale (Stadium Course),sg_app,1.1363912809778347,0.4198044142274062,49,8
23465,"Greyserman, Max",897,Memorial Park Golf Course,sg_app,-1.0200130061448451,0.40296007074916906,29,8
23465,"Greyserman, Max",874,Hamilton Golf & Country Club,sg_app,-1.3731740158517665,0.39319658002294006,21,8
23465,"Greyserman, Max",406,Castle Pines Golf Club,sg_app,-1.0336127472470147,0.37629742151287615,7,8
23465,"Greyserman, Max",528,Pinehurst Resort & Country Club (Course No. 2),sg_app,-0.4100637789270827,0.3150926551363546,13,8
23465,"Greyserman, Max",205,Spyglass Hill Golf Course,sg_arg,1.3280880831839945,0.8931748466298375,10,8
23465,"Greyserman, Max",608,Oakmont Country Club,sg_arg,1.5955798072591258,0.8244183901604997,10,8
23465,"Greyserman, Max",883,TPC Twin Cities,sg_arg,0.8064181869999508,0.7867501524651601,30,8
23465,"Greyserman, Max",14,Augusta National Golf Club,sg_arg,-0.43720012814491904,0.6966083272472707,23,8
23465,"Greyserman, Max",9,Arnold Palmer's Bay Hill Club & Lodge,sg_arg,-0.005595402183071772,0.6663502146645437,55,8
23465,"Greyserman, Max",939,Torrey Pines Golf Course (South Course),sg_arg,-0.4893822499971038,0.6481740336083687,9,8
23465,"Greyserman, Max",978,Vidanta Vallarta,sg_arg,0.19061970403148543,0.5939369030173401,16,8
23465,"Greyserman, Max",977,The Renaissance Club,sg_arg,-0.011165042611552073,0.5766157384771762,16,8
23465,"Greyserman, Max",528,Pinehurst Resort & Country Club (Course No. 2),sg_arg,0.7200642687732866,0.5246733621084892,13,8
23465,"Greyserman, Max",503,TPC River Highlands,sg_arg,-0.0933600404829616,0.4014194396486374,51,8
23465,"Greyserman, Max",885,Royal Portrush Golf Club,sg_arg,1.3059443258847505,0.39205476717281856,15,8
23465,"Greyserman, Max",4,Torrey Pines Golf Course (South Course),sg_arg,-0.9728373010937486,0.3899247548025363,51,8
23465,"Greyserman, Max",669,TPC Deere Run,sg_arg,-0.4704966977835292,0.3763200181958359,38,8
23465,"Greyserman, Max",500,The Riviera Country Club,sg_arg,0.18592960719684903,0.36910745033253783,54,8
23465,"Greyserman, Max",931,Tahoe Mountain Club (Old Greenwood),sg_arg,-0.0732549115422735,0.3045308878923496,6,8
23465,"Greyserman, Max",931,Tahoe Mountain Club (Old Greenwood),sg_ott,1.5860486212556162,0.857762709347225,6,8
23465,"Greyserman, Max",921,TPC Craig Ranch,sg_ott,-1.419585554890739,0.8124938419538594,15,8
23465,"Greyserman, Max",656,Plantation Course at Kapalua,sg_ott,0.6413090330026053,0.8079739846971773,45,8
23465,"Greyserman, Max",897,Memorial Park Golf Course,sg_ott,0.21715453237064952,0.7975910700248214,29,8
23465,"Greyserman, Max",205,Spyglass Hill Golf Course,sg_ott,0.1747813524845135,0.7354241572242235,10,8
23465,"Greyserman, Max",665,Innisbrook Resort and Golf Club - Copperhead Course,sg_ott,0.9028831155985303,0.7274722902336741,54,8
23465,"Greyserman, Max",669,TPC Deere Run,sg_ott,1.7158542687136102,0.6958014020825517,38,8
23465,"Greyserman, Max",939,Torrey Pines Golf Course (South Course),sg_ott,0.5654859901638695,0.6420342944454386,9,8
23465,"Greyserman, Max",528,Pinehurst Resort & Country Club (Course No. 2),sg_ott,0.4069115596476497,0.605912040107582,13,8
23465,"Greyserman, Max",704,Pete Dye Stadium Course,sg_ott,-0.6483322118946415,0.5925443054801743,33,8
23465,"Greyserman, Max",21,Colonial Country Club,sg_ott,0.12919987034427113,0.5148436857747805,50,8
23465,"Greyserman, Max",926,Silverado Resort (North Course),sg_ott,-2.5872807098682356,0.4695369826470083,14,8
23465,"Greyserman, Max",883,TPC Twin Cities,sg_ott,0.05123567240111216,0.45235980784155716,30,8
23465,"Greyserman, Max",770,TPC San Antonio - The Oaks Course,sg_ott,-0.10235786564740385,0.45218651003185867,50,8
23465,"Greyserman, Max",241,Quail Hollow-PGA Championship,sg_ott,-1.203544824407067,0.443843453458752,34,8
23465,"Greyserman, Max",14,Augusta National Golf Club,sg_ott,0.07205365657732052,0.42768357649408206,23,8
23465,"Greyserman, Max",5,Pebble Beach Golf Links,sg_ott,-0.26057876004430863,0.37764395709692644,49,8
23465,"Greyserman, Max",500,The Riviera Country Club,sg_ott,0.48934979463365014,0.3722795836501979,54,8
23465,"Greyserman, Max",928,PGA National  - Champion Course,sg_putt,0.24776215413877195,0.8319135400555944,13,8
23465,"Greyserman, Max",931,Tahoe Mountain Club (Old Greenwood),sg_putt,-0.1343059688336412,0.7981479141159207,6,8
23465,"Greyserman, Max",978,Vidanta Vallarta,sg_putt,-2.957385268280326,0.6967043554693465,16,8
23465,"Greyserman, Max",608,Oakmont Country Club,sg_putt,-1.583979250847326,0.5378019635320631,10,8
23465,"Greyserman, Max",770,TPC San Antonio - The Oaks Course,sg_putt,-0.5434882423716982,0.49979074287184344,50,8
23465,"Greyserman, Max",977,The Renaissance Club,sg_putt,0.033615212095738645,0.49863130395531924,16,8
23465,"Greyserman, Max",897,Memorial Park Golf Course,sg_putt,-0.5914063746532428,0.46100063008810405,29,8
23465,"Greyserman, Max",665,Innisbrook Resort and Golf Club - Copperhead Course,sg_putt,0.8038045795708393,0.42909909172145166,54,8
23465,"Greyserman, Max",883,TPC Twin Cities,sg_putt,0.41269346919106037,0.41039090006103524,30,8
23465,"Greyserman, Max",669,TPC Deere Run,sg_putt,-0.63094300276236,0.38981961108634927,38,8
23465,"Greyserman, Max",919,El Cardonal at Diamante,sg_total,-0.07593010610842177,0.8241756895683453,10,8
23465,"Greyserman, Max",925,Dunes Golf and Beach Club,sg_total,0.020654998059384255,0.8210465318733497,7,8
23465,"Greyserman, Max",379,The Philadelphia Cricket Club (Wissahickon Course),sg_total,-1.018713218318551,0.7585737211164316,9,8
23465,"Greyserman, Max",406,Castle Pines Golf Club,sg_total,0.09674959671780886,0.7413756204749691,8,8
23465,"Greyserman, Max",978,Vidanta Vallarta,sg_total,0.2615379282935418,0.7044733074594649,17,8
23465,"Greyserman, Max",939,Torrey Pines Golf Course (South Course),sg_total,0.5454484837870075,0.6930839691436437,10,8
23465,"Greyserman, Max",928,PGA National  - Champion Course,sg_total,0.6882832275272619,0.6132577956350657,13,8
23465,"Greyserman, Max",977,The Renaissance Club,sg_total,0.3635398851585953,0.6111814446513488,20,8
23465,"Greyserman, Max",770,TPC San Antonio - The Oaks Course,sg_total,-3.275117748860428,0.6076650388350318,54,8
23465,"Greyserman, Max",897,Memorial Park Golf Course,sg_total,-1.0982314080740991,0.5969683733902095,30,8
23465,"Greyserman, Max",4,Torrey Pines Golf Course (South Course),sg_total,-2.2711332455986124,0.5869275084275075,56,8
23465,"Greyserman, Max",205,Spyglass Hill Golf Course,sg_total,0.6744492892408789,0.557455820713923,53,8
23465,"Greyserman, Max",14,Augusta National Golf Club,sg_total,-1.5574090648918346,0.5394044836198019,65,8
23465,"Greyserman, Max",885,Royal Portrush Golf Club,sg_total,-1.0160551032554093,0.52887766569415,30,8
23465,"Greyserman, Max",513,TPC Southwind,sg_total,0.10981430262561526,0.5150057683020087,55,8
23465,"Greyserman, Max",241,Quail Hollow-PGA Championship,sg_total,1.1373616761397316,0.4265006951284631,37,8
23465,"Greyserman, Max",875,ACCORDIA GOLF Narashino Country Club,sg_total,3.1164428330652743,0.386724896362914,20,8
23465,"Greyserman, Max",608,Oakmont Country Club,sg_total,1.25955746636189,0.3547256152850429,53,8
23465,"Greyserman, Max",883,TPC Twin Cities,sg_total,0.9341195284338133,0.35074426673837056,32,8
23465,"Greyserman, Max",876,Detroit Golf Club,sg_total,1.4397917926494008,0.3154707070451331,31,8
24968,"Griffin, Ben",928,PGA National  - Champion Course,sg_app,-0.08482531501941082,0.7671751837159452,13,8
24968,"Griffin, Ben",939,Torrey Pines Golf Course (South Course),sg_app,0.12227813980849336,0.7487285792532103,9,8
24968,"Griffin, Ben",241,Quail Hollow-PGA Championship,sg_app,0.6927023127049213,0.7056566483257517,34,8
24968,"Griffin, Ben",876,Detroit Golf Club,sg_app,0.36013205217427857,0.6896168809184317,29,8
24968,"Griffin, Ben",4,Torrey Pines Golf Course (South Course),sg_app,-0.8867862111135935,0.6702800253204808,51,8
24968,"Griffin, Ben",724,Royal Liverpool,sg_app,0.33265076762223045,0.6632783746768827,14,8
24968,"Griffin, Ben",872,Quail Hollow Club,sg_app,-2.4085601913385304,0.6423650899143748,36,8
24968,"Griffin, Ben",665,Innisbrook Resort and Golf Club - Copperhead Course,sg_app,-0.6284517721201045,0.5909971343340352,54,8
24968,"Griffin, Ben",14,Augusta National Golf Club,sg_app,-0.6478337136422482,0.5249097184931832,23,8
24968,"Griffin, Ben",770,TPC San Antonio - The Oaks Course,sg_app,-0.03229077550195586,0.524784468692467,50,8
24968,"Griffin, Ben",882,Caves Valley Golf Club,sg_app,1.01463221949922,0.4904074682099971,15,8
24968,"Griffin, Ben",977,The Renaissance Club,sg_app,0.7407416584237418,0.47281672246556705,16,8
24968,"Griffin, Ben",885,Royal Portrush Golf Club,sg_app,0.21657862349903398,0.4489419284589953,15,8
24968,"Griffin, Ben",510,TPC Scottsdale (Stadium Course),sg_app,0.11130181225195387,0.4198044142274062,49,8
24968,"Griffin, Ben",897,Memorial Park Golf Course,sg_app,0.5005120580911,0.40296007074916906,29,8
24968,"Griffin, Ben",874,Hamilton Golf & Country Club,sg_app,1.5919811531674584,0.39319658002294006,21,8
24968,"Griffin, Ben",205,Spyglass Hill Golf Course,sg_arg,-0.10450604583490902,0.8931748466298375,10,8
24968,"Griffin, Ben",608,Oakmont Country Club,sg_arg,0.0841814895860563,0.8244183901604997,10,8
24968,"Griffin, Ben",883,TPC Twin Cities,sg_arg,0.3616714106772864,0.7867501524651601,30,8
24968,"Griffin, Ben",14,Augusta National Golf Club,sg_arg,-0.239163305073064,0.6966083272472707,23,8
24968,"Griffin, Ben",9,Arnold Palmer's Bay Hill Club & Lodge,sg_arg,0.38887472536570716,0.6663502146645437,55,8
24968,"Griffin, Ben",930,Black Desert Resort,sg_arg,-0.34399935367621964,0.6659138517567389,6,8
24968,"Griffin, Ben",939,Torrey Pines Golf Course (South Course),sg_arg,-0.3392722440083584,0.6481740336083687,9,8
24968,"Griffin, Ben",978,Vidanta Vallarta,sg_arg,0.2639265496433925,0.5939369030173401,16,8
24968,"Griffin, Ben",977,The Renaissance Club,sg_arg,0.0006291131294345886,0.5766157384771762,16,8
24968,"Griffin, Ben",514,Oak Hill Country Club,sg_arg,-0.5754872771020831,0.4528767618255562,14,8
24968,"Griffin, Ben",503,TPC River Highlands,sg_arg,-0.8002749931846913,0.4014194396486374,51,8
24968,"Griffin, Ben",885,Royal Portrush Golf Club,sg_arg,1.0241878652707344,0.39205476717281856,15,8
24968,"Griffin, Ben",4,Torrey Pines Golf Course (South Course),sg_arg,0.23416269737335954,0.3899247548025363,51,8
24968,"Griffin, Ben",669,TPC Deere Run,sg_arg,0.5759695443230415,0.3763200181958359,38,8
24968,"Griffin, Ben",500,The Riviera Country Club,sg_arg,-0.21867037604065342,0.36910745033253783,54,8
24968,"Griffin, Ben",746,The Country Club of Jackson,sg_ott,-0.5911134738096919,0.8252517828177022,32,8
24968,"Griffin, Ben",514,Oak Hill Country Club,sg_ott,-0.10175526864977277,0.8127203741169257,14,8
24968,"Griffin, Ben",921,TPC Craig Ranch,sg_ott,-0.43368005852211444,0.8124938419538594,15,8
24968,"Griffin, Ben",897,Memorial Park Golf Course,sg_ott,-0.026036338924095306,0.7975910700248214,29,8
24968,"Griffin, Ben",205,Spyglass Hill Golf Course,sg_ott,-0.2635894148812743,0.7354241572242235,10,8
24968,"Griffin, Ben",665,Innisbrook Resort and Golf Club - Copperhead Course,sg_ott,0.18017429168021704,0.7274722902336741,54,8
24968,"Griffin, Ben",930,Black Desert Resort,sg_ott,0.3065175654792959,0.7201825483385862,6,8
24968,"Griffin, Ben",872,Quail Hollow Club,sg_ott,-0.12555492822585462,0.7095329685955294,36,8
24968,"Griffin, Ben",669,TPC Deere Run,sg_ott,0.056663962652704625,0.6958014020825517,38,8
24968,"Griffin, Ben",939,Torrey Pines Golf Course (South Course),sg_ott,0.3120288292211035,0.6420342944454386,9,8
24968,"Griffin, Ben",704,Pete Dye Stadium Course,sg_ott,-0.0882941690204318,0.5925443054801743,33,8
24968,"Griffin, Ben",671,Valhalla Golf Club,sg_ott,0.27806508303497085,0.5447209390309542,42,8
24968,"Griffin, Ben",21,Colonial Country Club,sg_ott,0.21401208957127377,0.5148436857747805,50,8
24968,"Griffin, Ben",926,Silverado Resort (North Course),sg_ott,0.02798311467464573,0.4695369826470083,14,8
24968,"Griffin, Ben",883,TPC Twin Cities,sg_ott,-0.6841763477546381,0.45235980784155716,30,8
24968,"Griffin, Ben",734,PGA National Resort (The Champion),sg_ott,0.4965227134380515,0.45228278937398675,56,8
24968,"Griffin, Ben",770,TPC San Antonio - The Oaks Course,sg_ott,0.362521255869961,0.45218651003185867,50,8
24968,"Griffin, Ben",241,Quail Hollow-PGA Championship,sg_ott,0.2382379891866468,0.443843453458752,34,8
24968,"Griffin, Ben",14,Augusta National Golf Club,sg_ott,0.17653303697342038,0.42768357649408206,23,8
24968,"Griffin, Ben",5,Pebble Beach Golf Links,sg_ott,-0.46286304658240707,0.37764395709692644,49,8
24968,"Griffin, Ben",500,The Riviera Country Club,sg_ott,-0.040619840618693046,0.3722795836501979,54,8
24968,"Griffin, Ben",709,Royal Troon,sg_ott,-1.3339904626844998,0.3555471361658512,14,8
24968,"Griffin, Ben",709,Royal Troon,sg_putt,-2.069187140026755,0.8553792953613122,14,8
24968,"Griffin, Ben",928,PGA National  - Champion Course,sg_putt,0.5497165808754471,0.8319135400555944,13,8
24968,"Griffin, Ben",930,Black Desert Resort,sg_putt,-0.25566752694271533,0.709353178421583,6,8
24968,"Griffin, Ben",978,Vidanta Vallarta,sg_putt,0.4926614514606741,0.6967043554693465,16,8
24968,"Griffin, Ben",608,Oakmont Country Club,sg_putt,0.804811796795153,0.5378019635320631,10,8
24968,"Griffin, Ben",872,Quail Hollow Club,sg_putt,1.4243027153041947,0.5080732719746718,36,8
24968,"Griffin, Ben",770,TPC San Antonio - The Oaks Course,sg_putt,-0.5402981469293415,0.49979074287184344,50,8
24968,"Griffin, Ben",977,The Renaissance Club,sg_putt,-0.7836075688433755,0.49863130395531924,16,8
24968,"Griffin, Ben",897,Memorial Park Golf Course,sg_putt,-0.5502096140022472,0.46100063008810405,29,8
24968,"Griffin, Ben",665,Innisbrook Resort and Golf Club - Copperhead Course,sg_putt,-0.14334534527034626,0.42909909172145166,54,8
24968,"Griffin, Ben",883,TPC Twin Cities,sg_putt,-0.37460067063448366,0.41039090006103524,30,8
24968,"Griffin, Ben",669,TPC Deere Run,sg_putt,-0.08341972911331105,0.38981961108634927,38,8
24968,"Griffin, Ben",538,TPC Summerlin,sg_putt,-0.9820584183355128,0.38935899749088204,47,8
24968,"Griffin, Ben",514,Oak Hill Country Club,sg_putt,-0.6010364486546222,0.3788799219519931,14,8
24968,"Griffin, Ben",882,Caves Valley Golf Club,sg_putt,0.2935118346901655,0.36537833409543036,15,8
24968,"Griffin, Ben",919,El Cardonal at Diamante,sg_total,0.947305268825686,0.8241756895683453,10,8
24968,"Griffin, Ben",925,Dunes Golf and Beach Club,sg_total,0.3467791819120922,0.8210465318733497,7,8
24968,"Griffin, Ben",379,The Philadelphia Cricket Club (Wissahickon Course),sg_total,-0.8681713867749774,0.7585737211164316,9,8
24968,"Griffin, Ben",552,Silverado Resort and Spa (North Course),sg_total,-1.3343665514133418,0.7376139349852081,40,8
24968,"Griffin, Ben",978,Vidanta Vallarta,sg_total,1.443132974086278,0.7044733074594649,17,8
24968,"Griffin, Ben",939,Torrey Pines Golf Course (South Course),sg_total,-0.9467191059976003,0.6930839691436437,10,8
24968,"Griffin, Ben",872,Quail Hollow Club,sg_total,-1.704014608229434,0.6851889404998475,37,8
24968,"Griffin, Ben",746,The Country Club of Jackson,sg_total,0.6377405536962588,0.6225740180522429,34,8
24968,"Griffin, Ben",928,PGA National  - Champion Course,sg_total,0.5082253343687997,0.6132577956350657,13,8
24968,"Griffin, Ben",977,The Renaissance Club,sg_total,-0.013026296233761614,0.6111814446513488,20,8
24968,"Griffin, Ben",770,TPC San Antonio - The Oaks Course,sg_total,-0.47510067461422817,0.6076650388350318,54,8
24968,"Griffin, Ben",514,Oak Hill Country Club,sg_total,-0.4192766836321593,0.6041384175417843,15,8
24968,"Griffin, Ben",897,Memorial Park Golf Course,sg_total,0.06301201323255223,0.5969683733902095,30,8
24968,"Griffin, Ben",4,Torrey Pines Golf Course (South Course),sg_total,-0.9311589971912648,0.5869275084275075,56,8
24968,"Griffin, Ben",205,Spyglass Hill Golf Course,sg_total,1.2228300759015784,0.557455820713923,53,8
24968,"Griffin, Ben",14,Augusta National Golf Club,sg_total,-0.4798985339617341,0.5394044836198019,65,8
24968,"Griffin, Ben",885,Royal Portrush Golf Club,sg_total,-0.9347989741893576,0.52887766569415,30,8
24968,"Griffin, Ben",513,TPC Southwind,sg_total,0.14052482581001713,0.5150057683020087,55,8
24968,"Griffin, Ben",769,Monterey Peninsula CC,sg_total,-1.2100377365532857,0.5002066489573296,49,8
24968,"Griffin, Ben",538,TPC Summerlin,sg_total,-1.0426551022764081,0.43235476111085686,50,8
24968,"Griffin, Ben",241,Quail Hollow-PGA Championship,sg_total,1.812071247601063,0.4265006951284631,37,8
24968,"Griffin, Ben",875,ACCORDIA GOLF Narashino Country Club,sg_total,-0.5958540338641181,0.386724896362914,20,8
24968,"Griffin, Ben",776,Sea Island Golf Club (Seaside Course),sg_total,0.6583542880651858,0.3755012307989047,47,8
24968,"Griffin, Ben",608,Oakmont Country Club,sg_total,1.539239225551553,0.3547256152850429,53,8
24968,"Griffin, Ben",883,TPC Twin Cities,sg_total,-0.45094871060944397,0.35074426673837056,32,8
24968,"Griffin, Ben",876,Detroit Golf Club,sg_total,0.16476507475206037,0.3154707070451331,31,8
27194,"Hall, Harry",928,PGA National  - Champion Course,sg_app,-0.45460817786633445,0.7671751837159452,13,8
27194,"Hall, Harry",935,TPC Toronto at Osprey Valley (North Course),sg_app,-0.06924826503413978,0.7116924721794581,6,8
27194,"Hall, Harry",241,Quail Hollow-PGA Championship,sg_app,0.5792435530757392,0.7056566483257517,34,8
27194,"Hall, Harry",876,Detroit Golf Club,sg_app,0.30597962882433466,0.6896168809184317,29,8
27194,"Hall, Harry",4,Torrey Pines Golf Course (South Course),sg_app,-1.5154880808992872,0.6702800253204808,51,8
27194,"Hall, Harry",872,Quail Hollow Club,sg_app,0.011591347278946895,0.6423650899143748,36,8
27194,"Hall, Harry",552,Silverado Resort and Spa (North Course),sg_app,-1.783810548557431,0.6270648570577193,39,8
27194,"Hall, Harry",665,Innisbrook Resort and Golf Club - Copperhead Course,sg_app,0.007096204162776593,0.5909971343340352,54,8
27194,"Hall, Harry",14,Augusta National Golf Club,sg_app,0.6549334143542951,0.5249097184931832,23,8
27194,"Hall, Harry",770,TPC San Antonio - The Oaks Course,sg_app,1.008747266248468,0.524784468692467,50,8
27194,"Hall, Harry",882,Caves Valley Golf Club,sg_app,0.47294265006100716,0.4904074682099971,15,8
27194,"Hall, Harry",977,The Renaissance Club,sg_app,-0.05376641527912521,0.47281672246556705,16,8
27194,"Hall, Harry",885,Royal Portrush Golf Club,sg_app,-0.7150206618409674,0.4489419284589953,15,8
27194,"Hall, Harry",510,TPC Scottsdale (Stadium Course),sg_app,-1.081104232422215,0.4198044142274062,49,8
27194,"Hall, Harry",897,Memorial Park Golf Course,sg_app,-0.1355571838228438,0.40296007074916906,29,8
27194,"Hall, Harry",874,Hamilton Golf & Country Club,sg_app,-1.3186542916023114,0.39319658002294006,21,8
27194,"Hall, Harry",884,Keene Trace Golf Club (Champion Trace),sg_app,1.7773997448214218,0.3565055681638959,18,8
27194,"Hall, Harry",205,Spyglass Hill Golf Course,sg_arg,1.1476646451693995,0.8931748466298375,10,8
27194,"Hall, Harry",883,TPC Twin Cities,sg_arg,0.0779538323551782,0.7867501524651601,30,8
27194,"Hall, Harry",14,Augusta National Golf Club,sg_arg,-1.1865360905799174,0.6966083272472707,23,8
27194,"Hall, Harry",9,Arnold Palmer's Bay Hill Club & Lodge,sg_arg,0.08783885897066138,0.6663502146645437,55,8
27194,"Hall, Harry",930,Black Desert Resort,sg_arg,-0.36620621677420473,0.6659138517567389,6,8
27194,"Hall, Harry",978,Vidanta Vallarta,sg_arg,0.4593080870480365,0.5939369030173401,16,8
27194,"Hall, Harry",977,The Renaissance Club,sg_arg,0.2347371885531299,0.5766157384771762,16,8
27194,"Hall, Harry",503,TPC River Highlands,sg_arg,0.12616701789733842,0.4014194396486374,51,8
27194,"Hall, Harry",885,Royal Portrush Golf Club,sg_arg,-0.311396099914373,0.39205476717281856,15,8
27194,"Hall, Harry",4,Torrey Pines Golf Course (South Course),sg_arg,0.17091299473859414,0.3899247548025363,51,8
27194,"Hall, Harry",669,TPC Deere Run,sg_arg,1.1156987054292975,0.3763200181958359,38,8
27194,"Hall, Harry",500,The Riviera Country Club,sg_arg,0.43510963555603555,0.36910745033253783,54,8
27194,"Hall, Harry",552,Silverado Resort and Spa (North Course),sg_arg,0.1250926522211623,0.30969972483809577,39,8
27194,"Hall, Harry",746,The Country Club of Jackson,sg_ott,-0.5500348922640765,0.8252517828177022,32,8
27194,"Hall, Harry",921,TPC Craig Ranch,sg_ott,-0.8049258337096848,0.8124938419538594,15,8
27194,"Hall, Harry",656,Plantation Course at Kapalua,sg_ott,0.7545039342767618,0.8079739846971773,45,8
27194,"Hall, Harry",897,Memorial Park Golf Course,sg_ott,-0.0014866990079577258,0.7975910700248214,29,8
27194,"Hall, Harry",205,Spyglass Hill Golf Course,sg_ott,-0.5927041679818409,0.7354241572242235,10,8
27194,"Hall, Harry",665,Innisbrook Resort and Golf Club - Copperhead Course,sg_ott,0.2222415866170472,0.7274722902336741,54,8
27194,"Hall, Harry",930,Black Desert Resort,sg_ott,0.5301147060281693,0.7201825483385862,6,8
27194,"Hall, Harry",872,Quail Hollow Club,sg_ott,-0.8726881347165,0.7095329685955294,36,8
27194,"Hall, Harry",669,TPC Deere Run,sg_ott,0.22239303236064675,0.6958014020825517,38,8
27194,"Hall, Harry",704,Pete Dye Stadium Course,sg_ott,-0.4234802796854573,0.5925443054801743,33,8
27194,"Hall, Harry",21,Colonial Country Club,sg_ott,1.141652612426252,0.5148436857747805,50,8
27194,"Hall, Harry",654,The Country Club,sg_ott,-0.2570743954208471,0.4887135329746615,13,8
27194,"Hall, Harry",926,Silverado Resort (North Course),sg_ott,-0.039549030444454666,0.4695369826470083,14,8
27194,"Hall, Harry",883,TPC Twin Cities,sg_ott,0.06344931562303918,0.45235980784155716,30,8
27194,"Hall, Harry",734,PGA National Resort (The Champion),sg_ott,0.04619632136391,0.45228278937398675,56,8
27194,"Hall, Harry",770,TPC San Antonio - The Oaks Course,sg_ott,-0.0825860198292295,0.45218651003185867,50,8
27194,"Hall, Harry",241,Quail Hollow-PGA Championship,sg_ott,0.11320819685485586,0.443843453458752,34,8
27194,"Hall, Harry",884,Keene Trace Golf Club (Champion Trace),sg_ott,-0.4495319097102787,0.4361033501171625,18,8
27194,"Hall, Harry",14,Augusta National Golf Club,sg_ott,-0.48487512400212185,0.42768357649408206,23,8
27194,"Hall, Harry",5,Pebble Beach Golf Links,sg_ott,-0.0958843447544948,0.37764395709692644,49,8
27194,"Hall, Harry",500,The Riviera Country Club,sg_ott,-1.0881519914334297,0.3722795836501979,54,8
27194,"Hall, Harry",928,PGA National  - Champion Course,sg_putt,-0.280749715402721,0.8319135400555944,13,8
27194,"Hall, Harry",552,Silverado Resort and Spa (North Course),sg_putt,2.9768292951787814,0.7652038880499961,39,8
27194,"Hall, Harry",935,TPC Toronto at Osprey Valley (North Course),sg_putt,0.193264122530509,0.7214011843267554,6,8
27194,"Hall, Harry",930,Black Desert Resort,sg_putt,0.3400713020657341,0.709353178421583,6,8
27194,"Hall, Harry",978,Vidanta Vallarta,sg_putt,-0.44978759301850957,0.6967043554693465,16,8
27194,"Hall, Harry",884,Keene Trace Golf Club (Champion Trace),sg_putt,0.08320548124828964,0.560092074734469,18,8
27194,"Hall, Harry",908,Oakdale Golf & Country Club,sg_putt,-0.42758830130161324,0.5541251730836958,10,8
27194,"Hall, Harry",872,Quail Hollow Club,sg_putt,-2.2365947760700187,0.5080732719746718,36,8
27194,"Hall, Harry",770,TPC San Antonio - The Oaks Course,sg_putt,-0.4502129859163207,0.49979074287184344,50,8
27194,"Hall, Harry",977,The Renaissance Club,sg_putt,-0.12584133570550746,0.49863130395531924,16,8
27194,"Hall, Harry",897,Memorial Park Golf Course,sg_putt,0.13670710791706903,0.46100063008810405,29,8
27194,"Hall, Harry",665,Innisbrook Resort and Golf Club - Copperhead Course,sg_putt,-1.216934580135924,0.42909909172145166,54,8
27194,"Hall, Harry",883,TPC Twin Cities,sg_putt,-0.38462617102512675,0.41039090006103524,30,8
27194,"Hall, Harry",669,TPC Deere Run,sg_putt,0.37204672969336794,0.38981961108634927,38,8
27194,"Hall, Harry",538,TPC Summerlin,sg_putt,0.9562314148068282,0.38935899749088204,47,8
27194,"Hall, Harry",882,Caves Valley Golf Club,sg_putt,0.5530123480484026,0.36537833409543036,15,8
27194,"Hall, Harry",919,El Cardonal at Diamante,sg_total,0.000609140913975792,0.8241756895683453,10,8
27194,"Hall, Harry",925,Dunes Golf and Beach Club,sg_total,0.21315547840732763,0.8210465318733497,7,8
27194,"Hall, Harry",552,Silverado Resort and Spa (North Course),sg_total,-0.4899418307979886,0.7376139349852081,40,8
27194,"Hall, Harry",978,Vidanta Vallarta,sg_total,0.29320740251913047,0.7044733074594649,17,8
27194,"Hall, Harry",890,Tahoe Mountain Club (Old Greenwood),sg_total,-3.497916967559414,0.7001988553273849,19,8
27194,"Hall, Harry",872,Quail Hollow Club,sg_total,-1.4664297021999166,0.6851889404998475,37,8
27194,"Hall, Harry",746,The Country Club of Jackson,sg_total,-2.0141664495524,0.6225740180522429,34,8
27194,"Hall, Harry",928,PGA National  - Champion Course,sg_total,-0.5355129970647599,0.6132577956350657,13,8
27194,"Hall, Harry",977,The Renaissance Club,sg_total,0.10200981528553477,0.6111814446513488,20,8
27194,"Hall, Harry",770,TPC San Antonio - The Oaks Course,sg_total,0.2998400693444486,0.6076650388350318,54,8
27194,"Hall, Harry",897,Memorial Park Golf Course,sg_total,0.27516544995166903,0.5969683733902095,30,8
27194,"Hall, Harry",4,Torrey Pines Golf Course (South Course),sg_total,-1.8853673726562632,0.5869275084275075,56,8
27194,"Hall, Harry",205,Spyglass Hill Golf Course,sg_total,0.018929582428010683,0.557455820713923,53,8
27194,"Hall, Harry",14,Augusta National Golf Club,sg_total,-1.6352936548920096,0.5394044836198019,65,8
27194,"Hall, Harry",885,Royal Portrush Golf Club,sg_total,0.3190122227602864,0.52887766569415,30,8
27194,"Hall, Harry",513,TPC Southwind,sg_total,0.038552011027131794,0.5150057683020087,55,8
27194,"Hall, Harry",769,Monterey Peninsula CC,sg_total,5.302404013402909,0.5002066489573296,49,8
27194,"Hall, Harry",538,TPC Summerlin,sg_total,1.6046370731409942,0.43235476111085686,50,8
27194,"Hall, Harry",241,Quail Hollow-PGA Championship,sg_total,1.4957545483798877,0.4265006951284631,37,8
27194,"Hall, Harry",875,ACCORDIA GOLF Narashino Country Club,sg_total,0.8422451082316638,0.386724896362914,20,8
27194,"Hall, Harry",776,Sea Island Golf Club (Seaside Course),sg_total,0.4154754707604973,0.3755012307989047,47,8
27194,"Hall, Harry",883,TPC Twin Cities,sg_total,0.39702231323407555,0.35074426673837056,32,8
27194,"Hall, Harry",876,Detroit Golf Club,sg_total,0.23235582718979542,0.3154707070451331,31,8
8825,"Harman, Brian",896,Olympia Fields Country Club (North Course),sg_app,0.33394152874287575,0.8315178735937293,13,8
8825,"Harman, Brian",928,PGA National  - Champion Course,sg_app,0.9232539248398642,0.7671751837159452,13,8
8825,"Harman, Brian",939,Torrey Pines Golf Course (South Course),sg_app,0.38175476622149607,0.7487285792532103,9,8
8825,"Harman, Brian",902,Congaree Golf Club,sg_app,0.33594285002873037,0.7464172844547262,20,8
8825,"Harman, Brian",775,CordeValle GC,sg_app,1.8874903662587594,0.7324563059618661,26,8
8825,"Harman, Brian",891,Winged Foot GC,sg_app,-0.477690200278307,0.7126732274142469,23,8
8825,"Harman, Brian",240,Club de Golf Chapultepec,sg_app,0.90332944081055,0.7081210840226253,29,8
8825,"Harman, Brian",697,Ocean Course at Kiawah Island,sg_app,1.6750467816174526,0.7069136776164395,24,8
8825,"Harman, Brian",241,Quail Hollow-PGA Championship,sg_app,-0.13217250147610748,0.7056566483257517,34,8
8825,"Harman, Brian",876,Detroit Golf Club,sg_app,1.070506930617957,0.6896168809184317,29,8
8825,"Harman, Brian",4,Torrey Pines Golf Course (South Course),sg_app,-0.10851485252493047,0.6702800253204808,51,8
8825,"Harman, Brian",724,Royal Liverpool,sg_app,0.5595726726979403,0.6632783746768827,14,8
8825,"Harman, Brian",237,TPC Potomac at Avenel Farm,sg_app,1.1261069578801757,0.6615951373353582,23,8
8825,"Harman, Brian",880,Bethpage Black,sg_app,-1.5166546540440498,0.6551865014282398,28,8
8825,"Harman, Brian",43,The Los Angeles Country Club (North Course),sg_app,0.5088167642250252,0.652561798717866,13,8
8825,"Harman, Brian",872,Quail Hollow Club,sg_app,-0.28594086850977063,0.6423650899143748,36,8
8825,"Harman, Brian",552,Silverado Resort and Spa (North Course),sg_app,-1.311883364190787,0.6270648570577193,39,8
8825,"Harman, Brian",232,Albany GC,sg_app,-0.9698123336398912,0.6223580975544195,7,8
8825,"Harman, Brian",665,Innisbrook Resort and Golf Club - Copperhead Course,sg_app,-0.3665074070321627,0.5909971343340352,54,8
8825,"Harman, Brian",700,TPC Boston,sg_app,0.10236759886145838,0.5801062715329093,52,8
8825,"Harman, Brian",2000,Sherwood Country Club,sg_app,0.8797270725211573,0.5541693573359622,12,8
8825,"Harman, Brian",744,Torrey Pines (South),sg_app,0.6921943953641864,0.5291018199363902,20,8
8825,"Harman, Brian",14,Augusta National Golf Club,sg_app,-0.4228285651654151,0.5249097184931832,23,8
8825,"Harman, Brian",770,TPC San Antonio - The Oaks Course,sg_app,0.2949167031991997,0.524784468692467,50,8
8825,"Harman, Brian",611,Southern Hills Country Club,sg_app,1.266815327247863,0.5183385212389265,21,8
8825,"Harman, Brian",36,Le Triomphe G&CC,sg_app,-0.7033210325176874,0.511720899137967,58,8
8825,"Harman, Brian",527,Saucon Valley CC,sg_app,0.6768852434453274,0.49410026897104875,35,8
8825,"Harman, Brian",882,Caves Valley Golf Club,sg_app,0.894397952811251,0.4904074682099971,15,8
8825,"Harman, Brian",977,The Renaissance Club,sg_app,-0.1867994665616446,0.47281672246556705,16,8
8825,"Harman, Brian",771,The Old White TPC,sg_app,0.509746155629921,0.47094988388515785,41,8
8825,"Harman, Brian",885,Royal Portrush Golf Club,sg_app,1.089432314147827,0.4489419284589953,15,8
8825,"Harman, Brian",510,TPC Scottsdale (Stadium Course),sg_app,-0.7244386531579529,0.4198044142274062,49,8
8825,"Harman, Brian",897,Memorial Park Golf Course,sg_app,-0.09419526009514341,0.40296007074916906,29,8
8825,"Harman, Brian",874,Hamilton Golf & Country Club,sg_app,0.1294287450008901,0.39319658002294006,21,8
8825,"Harman, Brian",235,Eagle Point Golf Club,sg_app,1.290987579788722,0.3860951981370469,21,8
8825,"Harman, Brian",406,Castle Pines Golf Club,sg_app,0.6310673805901265,0.37629742151287615,7,8
8825,"Harman, Brian",745,iberostar real club de golf novo sancti petri,sg_app,0.21399174316693334,0.35496164779815254,48,8
8825,"Harman, Brian",528,Pinehurst Resort & Country Club (Course No. 2),sg_app,-0.10564042010758373,0.3150926551363546,13,8
8825,"Harman, Brian",19,TPC Four Seasons Resort,sg_app,0.05327666234131348,0.3150439971860182,48,8
8825,"Harman, Brian",694,Hamilton G&CC,sg_app,-0.4484615796095883,0.31076113032697034,17,8
8825,"Harman, Brian",205,Spyglass Hill Golf Course,sg_arg,0.30309104814293575,0.8931748466298375,10,8
8825,"Harman, Brian",608,Oakmont Country Club,sg_arg,-0.15814696873046297,0.8244183901604997,10,8
8825,"Harman, Brian",694,Hamilton G&CC,sg_arg,-1.1733249052056802,0.7908776679932374,17,8
8825,"Harman, Brian",883,TPC Twin Cities,sg_arg,0.1022436073252663,0.7867501524651601,30,8
8825,"Harman, Brian",744,Torrey Pines (South),sg_arg,0.6226703050997109,0.7582209181562641,20,8
8825,"Harman, Brian",238,Glen Oaks Club,sg_arg,-1.4057208504183138,0.7336871596058964,27,8
8825,"Harman, Brian",706,Whistling Straits,sg_arg,-1.787324181355132,0.6993047725504687,41,8
8825,"Harman, Brian",14,Augusta National Golf Club,sg_arg,0.0744744771339246,0.6966083272472707,23,8
8825,"Harman, Brian",9,Arnold Palmer's Bay Hill Club & Lodge,sg_arg,-0.18031204812597554,0.6663502146645437,55,8
8825,"Harman, Brian",939,Torrey Pines Golf Course (South Course),sg_arg,-0.07828664591086132,0.6481740336083687,9,8
8825,"Harman, Brian",896,Olympia Fields Country Club (North Course),sg_arg,0.5666227917250343,0.6081893022397992,13,8
8825,"Harman, Brian",977,The Renaissance Club,sg_arg,-0.030587367404487566,0.5766157384771762,16,8
8825,"Harman, Brian",775,CordeValle GC,sg_arg,0.12352957831376724,0.5749849531551847,26,8
8825,"Harman, Brian",773,Aronimink GC,sg_arg,-0.5431572287792756,0.5548743356281888,36,8
8825,"Harman, Brian",528,Pinehurst Resort & Country Club (Course No. 2),sg_arg,-0.12748501601313658,0.5246733621084892,13,8
8825,"Harman, Brian",873,Ridgewood CC,sg_arg,0.1224325394735303,0.5205492472184076,22,8
8825,"Harman, Brian",19,TPC Four Seasons Resort,sg_arg,0.43816424657281994,0.5175416912724531,48,8
8825,"Harman, Brian",611,Southern Hills Country Club,sg_arg,0.29436458725661174,0.4980626838282213,21,8
8825,"Harman, Brian",514,Oak Hill Country Club,sg_arg,-0.5590443910082783,0.4528767618255562,14,8
8825,"Harman, Brian",649,Hualalai Golf Course,sg_arg,-0.5853412835946635,0.44183968801198004,36,8
8825,"Harman, Brian",698,Quail Hollow Club,sg_arg,-0.5894863755693927,0.41704133255957127,52,8
8825,"Harman, Brian",697,Ocean Course at Kiawah Island,sg_arg,-1.2208697001896371,0.4160654028125454,24,8
8825,"Harman, Brian",503,TPC River Highlands,sg_arg,0.30898425376433647,0.4014194396486374,51,8
8825,"Harman, Brian",235,Eagle Point Golf Club,sg_arg,0.5110441044759747,0.3990891778199044,21,8
8825,"Harman, Brian",885,Royal Portrush Golf Club,sg_arg,-0.5791930488320766,0.39205476717281856,15,8
8825,"Harman, Brian",4,Torrey Pines Golf Course (South Course),sg_arg,-0.11829147495033848,0.3899247548025363,51,8
8825,"Harman, Brian",729,Golf Club of Houston,sg_arg,-0.1910142390882511,0.3790111774135132,54,8
8825,"Harman, Brian",669,TPC Deere Run,sg_arg,-0.0992035036161637,0.3763200181958359,38,8
8825,"Harman, Brian",500,The Riviera Country Club,sg_arg,-0.30769972592848893,0.36910745033253783,54,8
8825,"Harman, Brian",902,Congaree Golf Club,sg_arg,-0.2427544671701264,0.31392215570295146,20,8
8825,"Harman, Brian",552,Silverado Resort and Spa (North Course),sg_arg,-0.802852000767233,0.30969972483809577,39,8
8825,"Harman, Brian",745,iberostar real club de golf novo sancti petri,sg_arg,0.6338267272672433,0.303356471156665,48,8
8825,"Harman, Brian",901,Wilmington Country Club,sg_ott,-0.37665887398069536,0.8630761206823632,8,8
8825,"Harman, Brian",746,The Country Club of Jackson,sg_ott,0.21483976146341946,0.8252517828177022,32,8
8825,"Harman, Brian",697,Ocean Course at Kiawah Island,sg_ott,0.7099724216107733,0.8177837473279898,24,8
8825,"Harman, Brian",514,Oak Hill Country Club,sg_ott,-0.0008351431542905699,0.8127203741169257,14,8
8825,"Harman, Brian",706,Whistling Straits,sg_ott,-0.2086473428584037,0.8125271659699387,41,8
8825,"Harman, Brian",656,Plantation Course at Kapalua,sg_ott,-0.18593015843015306,0.8079739846971773,45,8
8825,"Harman, Brian",897,Memorial Park Golf Course,sg_ott,-0.46413725448758836,0.7975910700248214,29,8
8825,"Harman, Brian",19,TPC Four Seasons Resort,sg_ott,0.11781241303408035,0.7592243617778875,48,8
8825,"Harman, Brian",689,El Bosque CC,sg_ott,0.1241674455221711,0.7580306354046243,42,8
8825,"Harman, Brian",505,Cherry Hills CC,sg_ott,0.33325241903286446,0.7529027101413989,25,8
8825,"Harman, Brian",773,Aronimink GC,sg_ott,-0.3017409114513051,0.7357449899129523,36,8
8825,"Harman, Brian",205,Spyglass Hill Golf Course,sg_ott,-0.27111331139868644,0.7354241572242235,10,8
8825,"Harman, Brian",665,Innisbrook Resort and Golf Club - Copperhead Course,sg_ott,0.22483501203008935,0.7274722902336741,54,8
8825,"Harman, Brian",36,Le Triomphe G&CC,sg_ott,-0.4890533843552011,0.721117445741737,58,8
8825,"Harman, Brian",872,Quail Hollow Club,sg_ott,-0.5368119136861724,0.7095329685955294,36,8
8825,"Harman, Brian",232,Albany GC,sg_ott,-0.646537453627954,0.6990513806604631,7,8
8825,"Harman, Brian",669,TPC Deere Run,sg_ott,-0.24160274192435605,0.6958014020825517,38,8
8825,"Harman, Brian",895,TPC Harding Park,sg_ott,-0.48993792865547686,0.6913221539478895,25,8
8825,"Harman, Brian",789,Conway Farms GC,sg_ott,0.24494435070369538,0.6765431912571337,34,8
8825,"Harman, Brian",237,TPC Potomac at Avenel Farm,sg_ott,0.49662504577207006,0.6685057551764296,23,8
8825,"Harman, Brian",43,The Los Angeles Country Club (North Course),sg_ott,-0.4904302034169911,0.6561752385219565,13,8
8825,"Harman, Brian",744,Torrey Pines (South),sg_ott,-0.2669734565608311,0.6527298605945488,20,8
8825,"Harman, Brian",939,Torrey Pines Golf Course (South Course),sg_ott,-0.5634203814343268,0.6420342944454386,9,8
8825,"Harman, Brian",528,Pinehurst Resort & Country Club (Course No. 2),sg_ott,0.03979637657853432,0.605912040107582,13,8
8825,"Harman, Brian",704,Pete Dye Stadium Course,sg_ott,-0.30045594213802607,0.5925443054801743,33,8
8825,"Harman, Brian",2000,Sherwood Country Club,sg_ott,0.31752920554386416,0.5798439179510387,12,8
8825,"Harman, Brian",729,Golf Club of Houston,sg_ott,-0.4554998141922953,0.5762066930736335,54,8
8825,"Harman, Brian",781,Plainfield CC,sg_ott,0.19556351091963264,0.5503579288030632,43,8
8825,"Harman, Brian",671,Valhalla Golf Club,sg_ott,-0.4593719860791009,0.5447209390309542,42,8
8825,"Harman, Brian",873,Ridgewood CC,sg_ott,0.0068227531814787305,0.5404273606561777,22,8
8825,"Harman, Brian",243,Trinity Forest Golf Club,sg_ott,0.1803062701901005,0.5300807114908475,23,8
8825,"Harman, Brian",534,Bellerive CC,sg_ott,-1.1687664176490444,0.5266986928376094,42,8
8825,"Harman, Brian",21,Colonial Country Club,sg_ott,-0.20146767393468248,0.5148436857747805,50,8
8825,"Harman, Brian",745,iberostar real club de golf novo sancti petri,sg_ott,-0.05646860214599456,0.512595938540274,48,8
8825,"Harman, Brian",654,The Country Club,sg_ott,0.13822400744421884,0.4887135329746615,13,8
8825,"Harman, Brian",698,Quail Hollow Club,sg_ott,-0.14248733795019017,0.4783427498881751,52,8
8825,"Harman, Brian",775,CordeValle GC,sg_ott,-0.3414473021657433,0.46590564038890697,26,8
8825,"Harman, Brian",883,TPC Twin Cities,sg_ott,0.02609418591770852,0.45235980784155716,30,8
8825,"Harman, Brian",734,PGA National Resort (The Champion),sg_ott,0.2775925364977308,0.45228278937398675,56,8
8825,"Harman, Brian",770,TPC San Antonio - The Oaks Course,sg_ott,-0.047737130054127073,0.45218651003185867,50,8
8825,"Harman, Brian",241,Quail Hollow-PGA Championship,sg_ott,0.061586057465940494,0.443843453458752,34,8
8825,"Harman, Brian",14,Augusta National Golf Club,sg_ott,-0.4356346919080595,0.42768357649408206,23,8
8825,"Harman, Brian",32,Glen Abbey GC,sg_ott,0.46616150527574635,0.38804505962737723,40,8
8825,"Harman, Brian",5,Pebble Beach Golf Links,sg_ott,0.216197376255891,0.37764395709692644,49,8
8825,"Harman, Brian",500,The Riviera Country Club,sg_ott,0.01677345630759207,0.3722795836501979,54,8
8825,"Harman, Brian",709,Royal Troon,sg_ott,0.42722437196698676,0.3555471361658512,14,8
8825,"Harman, Brian",700,TPC Boston,sg_ott,0.2516380340211494,0.31039427326405605,52,8
8825,"Harman, Brian",709,Royal Troon,sg_putt,-0.09944999420991675,0.8553792953613122,14,8
8825,"Harman, Brian",2000,Sherwood Country Club,sg_putt,-0.6834977601455184,0.8489529445552979,12,8
8825,"Harman, Brian",928,PGA National  - Champion Course,sg_putt,-1.2893406045131088,0.8319135400555944,13,8
8825,"Harman, Brian",243,Trinity Forest Golf Club,sg_putt,-0.764989541743618,0.7803268512585968,23,8
8825,"Harman, Brian",819,Harbor Shores Resort,sg_putt,-0.09135877358463158,0.7790085197570994,15,8
8825,"Harman, Brian",552,Silverado Resort and Spa (North Course),sg_putt,-0.1829293033618233,0.7652038880499961,39,8
8825,"Harman, Brian",896,Olympia Fields Country Club (North Course),sg_putt,1.5029810800062993,0.7300243530921173,13,8
8825,"Harman, Brian",744,Torrey Pines (South),sg_putt,-0.06598381879774069,0.6493713284526129,20,8
8825,"Harman, Brian",789,Conway Farms GC,sg_putt,-0.26600020082686454,0.6488976184206149,34,8
8825,"Harman, Brian",689,El Bosque CC,sg_putt,0.7693070801500231,0.6122961641627417,42,8
8825,"Harman, Brian",697,Ocean Course at Kiawah Island,sg_putt,-1.4343353410057698,0.6047937213752724,24,8
8825,"Harman, Brian",745,iberostar real club de golf novo sancti petri,sg_putt,-0.6510515775660877,0.582420842072087,48,8
8825,"Harman, Brian",505,Cherry Hills CC,sg_putt,0.868739987086534,0.5727829869764955,25,8
8825,"Harman, Brian",43,The Los Angeles Country Club (North Course),sg_putt,0.2656636031731849,0.5587238547117286,13,8
8825,"Harman, Brian",706,Whistling Straits,sg_putt,-0.2797446334184901,0.5413193747753923,41,8
8825,"Harman, Brian",608,Oakmont Country Club,sg_putt,-0.5454243875954481,0.5378019635320631,10,8
8825,"Harman, Brian",873,Ridgewood CC,sg_putt,-0.9337249803900536,0.5371535915100778,22,8
8825,"Harman, Brian",668,St. Andrews Links (Old Course),sg_putt,2.0845662529604883,0.5243576462108127,16,8
8825,"Harman, Brian",773,Aronimink GC,sg_putt,-2.6991401003857995,0.5110050494003415,36,8
8825,"Harman, Brian",872,Quail Hollow Club,sg_putt,-0.24650958918027224,0.5080732719746718,36,8
8825,"Harman, Brian",770,TPC San Antonio - The Oaks Course,sg_putt,0.46425967552940556,0.49979074287184344,50,8
8825,"Harman, Brian",977,The Renaissance Club,sg_putt,-0.2546482369848864,0.49863130395531924,16,8
8825,"Harman, Brian",902,Congaree Golf Club,sg_putt,0.17391793681530998,0.47712841747238366,20,8
8825,"Harman, Brian",897,Memorial Park Golf Course,sg_putt,-0.18282576615896284,0.46100063008810405,29,8
8825,"Harman, Brian",649,Hualalai Golf Course,sg_putt,-0.8821731060188023,0.45688429085995663,36,8
8825,"Harman, Brian",609,Annandale GC,sg_putt,0.038605764942407486,0.43740309197634325,25,8
8825,"Harman, Brian",665,Innisbrook Resort and Golf Club - Copperhead Course,sg_putt,0.43198480824677205,0.42909909172145166,54,8
8825,"Harman, Brian",891,Winged Foot GC,sg_putt,0.5883070810811462,0.4283793448531367,23,8
8825,"Harman, Brian",883,TPC Twin Cities,sg_putt,1.0363772224114252,0.41039090006103524,30,8
8825,"Harman, Brian",669,TPC Deere Run,sg_putt,-0.4446604289361613,0.38981961108634927,38,8
8825,"Harman, Brian",538,TPC Summerlin,sg_putt,0.6062691326565005,0.38935899749088204,47,8
8825,"Harman, Brian",694,Hamilton G&CC,sg_putt,2.4406024958064716,0.3871397736976791,17,8
8825,"Harman, Brian",514,Oak Hill Country Club,sg_putt,-0.3925648026211417,0.3788799219519931,14,8
8825,"Harman, Brian",882,Caves Valley Golf Club,sg_putt,-0.936926462050255,0.36537833409543036,15,8
8825,"Harman, Brian",886,Liberty National Golf Club,sg_putt,-0.6387081402455766,0.30772935775047244,27,8
8825,"Harman, Brian",19,TPC Four Seasons Resort,sg_putt,-0.28335256362110556,0.3013355876184594,48,8
8825,"Harman, Brian",896,Olympia Fields Country Club (North Course),sg_total,2.0339311588311713,0.8247619918620935,14,8
8825,"Harman, Brian",379,The Philadelphia Cricket Club (Wissahickon Course),sg_total,-0.714300462690109,0.7585737211164316,9,8
8825,"Harman, Brian",19,TPC Four Seasons Resort,sg_total,0.23205486516541662,0.7535983141081465,50,8
8825,"Harman, Brian",43,The Los Angeles Country Club (North Course),sg_total,0.19061822232888453,0.7514161263884058,15,8
8825,"Harman, Brian",406,Castle Pines Golf Club,sg_total,0.07559781916098235,0.7413756204749691,8,8
8825,"Harman, Brian",552,Silverado Resort and Spa (North Course),sg_total,-2.2063855987735237,0.7376139349852081,40,8
8825,"Harman, Brian",901,Wilmington Country Club,sg_total,-0.36119479607251503,0.7257352782065652,8,8
8825,"Harman, Brian",891,Winged Foot GC,sg_total,0.42954197348319284,0.716785908305173,25,8
8825,"Harman, Brian",773,Aronimink GC,sg_total,-4.903851592538819,0.7020395410088385,37,8
8825,"Harman, Brian",939,Torrey Pines Golf Course (South Course),sg_total,0.783777060096277,0.6930839691436437,10,8
8825,"Harman, Brian",872,Quail Hollow Club,sg_total,-0.8897311555650158,0.6851889404998475,37,8
8825,"Harman, Brian",238,Glen Oaks Club,sg_total,-1.6580297224220082,0.6241288288584754,28,8
8825,"Harman, Brian",746,The Country Club of Jackson,sg_total,0.42347948367651583,0.6225740180522429,34,8
8825,"Harman, Brian",706,Whistling Straits,sg_total,-2.383586512210293,0.6145503734924044,59,8
8825,"Harman, Brian",928,PGA National  - Champion Course,sg_total,0.10193261855573471,0.6132577956350657,13,8
8825,"Harman, Brian",977,The Renaissance Club,sg_total,-0.27438377607987174,0.6111814446513488,20,8
8825,"Harman, Brian",895,TPC Harding Park,sg_total,0.10853893202030002,0.6084200207744371,26,8
8825,"Harman, Brian",770,TPC San Antonio - The Oaks Course,sg_total,0.7259715171535615,0.6076650388350318,54,8
8825,"Harman, Brian",781,Plainfield CC,sg_total,1.0584669631508274,0.6050669110305169,43,8
8825,"Harman, Brian",514,Oak Hill Country Club,sg_total,0.07083920055154341,0.6041384175417843,15,8
8825,"Harman, Brian",240,Club de Golf Chapultepec,sg_total,2.4883361252758656,0.6020028570371451,32,8
8825,"Harman, Brian",897,Memorial Park Golf Course,sg_total,-0.4734228093436014,0.5969683733902095,30,8
8825,"Harman, Brian",775,CordeValle GC,sg_total,2.5831792450075204,0.5965076257611942,27,8
8825,"Harman, Brian",4,Torrey Pines Golf Course (South Course),sg_total,-0.8211746183766349,0.5869275084275075,56,8
8825,"Harman, Brian",205,Spyglass Hill Golf Course,sg_total,-0.6868191114192366,0.557455820713923,53,8
8825,"Harman, Brian",771,The Old White TPC,sg_total,0.7405744185531404,0.5529609738461922,43,8
8825,"Harman, Brian",818,Chambers Bay GC,sg_total,3.797796163404288,0.5439215943066038,38,8
8825,"Harman, Brian",14,Augusta National Golf Club,sg_total,-0.24573374876606952,0.5394044836198019,65,8
8825,"Harman, Brian",822,Las Colinas Country Club,sg_total,0.18829939597524176,0.5373709005340206,27,8
8825,"Harman, Brian",885,Royal Portrush Golf Club,sg_total,1.7439682712962958,0.52887766569415,30,8
8825,"Harman, Brian",689,El Bosque CC,sg_total,1.56127936915893,0.5233518693058378,52,8
8825,"Harman, Brian",744,Torrey Pines (South),sg_total,0.7265183861320059,0.5214711179618798,46,8
8825,"Harman, Brian",513,TPC Southwind,sg_total,0.13363412885248865,0.5150057683020087,55,8
8825,"Harman, Brian",800,The Abaco Club on Winding Bay,sg_total,1.1720013130204303,0.5085375076292757,35,8
8825,"Harman, Brian",700,TPC Boston,sg_total,0.4361207114793943,0.507527023233339,54,8
8825,"Harman, Brian",769,Monterey Peninsula CC,sg_total,1.8628523838818776,0.5002066489573296,49,8
8825,"Harman, Brian",232,Albany GC,sg_total,-0.6604424523487553,0.4445505341369429,18,8
8825,"Harman, Brian",538,TPC Summerlin,sg_total,0.6314343263697115,0.43235476111085686,50,8
8825,"Harman, Brian",100,Omni Tucson National,sg_total,-5.468203836595712,0.4299162671909255,45,8
8825,"Harman, Brian",527,Saucon Valley CC,sg_total,1.4714986640167032,0.42812608891688303,43,8
8825,"Harman, Brian",505,Cherry Hills CC,sg_total,-0.02016970883380287,0.42732051022224193,25,8
8825,"Harman, Brian",241,Quail Hollow-PGA Championship,sg_total,-0.3589818018465424,0.4265006951284631,37,8
8825,"Harman, Brian",902,Congaree Golf Club,sg_total,0.8553538467920494,0.41161328631299193,21,8
8825,"Harman, Brian",694,Hamilton G&CC,sg_total,1.121956475702701,0.4106172555190136,17,8
8825,"Harman, Brian",778,Royal St. George's GC,sg_total,0.5682853427330059,0.3865346771917013,50,8
8825,"Harman, Brian",776,Sea Island Golf Club (Seaside Course),sg_total,-0.23401826836588385,0.3755012307989047,47,8
8825,"Harman, Brian",608,Oakmont Country Club,sg_total,-1.189935350818294,0.3547256152850429,53,8
8825,"Harman, Brian",880,Bethpage Black,sg_total,-4.1291550868585185,0.3513476172401144,30,8
8825,"Harman, Brian",883,TPC Twin Cities,sg_total,1.044854831130014,0.35074426673837056,32,8
8825,"Harman, Brian",876,Detroit Golf Club,sg_total,0.8796793812255221,0.3154707070451331,31,8
14578,"Henley, Russell",8,Trump National Doral,sg_app,-0.5748148421971105,0.9465251472181397,60,8
14578,"Henley, Russell",896,Olympia Fields Country Club (North Course),sg_app,-0.13868093802763495,0.8315178735937293,13,8
14578,"Henley, Russell",660,Montreux Golf & Country Club,sg_app,-0.292782275138176,0.7750434317449925,8,8
14578,"Henley, Russell",928,PGA National  - Champion Course,sg_app,-0.7146924481880961,0.7671751837159452,13,8
14578,"Henley, Russell",939,Torrey Pines Golf Course (South Course),sg_app,-0.48597011769612153,0.7487285792532103,9,8
14578,"Henley, Russell",902,Congaree Golf Club,sg_app,-0.6810280090997394,0.7464172844547262,20,8
14578,"Henley, Russell",240,Club de Golf Chapultepec,sg_app,-0.7362050574615632,0.7081210840226253,29,8
14578,"Henley, Russell",697,Ocean Course at Kiawah Island,sg_app,0.22582047533546643,0.7069136776164395,24,8
14578,"Henley, Russell",241,Quail Hollow-PGA Championship,sg_app,-2.1033699984520697,0.7056566483257517,34,8
14578,"Henley, Russell",876,Detroit Golf Club,sg_app,0.29146311545435877,0.6896168809184317,29,8
14578,"Henley, Russell",4,Torrey Pines Golf Course (South Course),sg_app,-4.101498806022662,0.6702800253204808,51,8
14578,"Henley, Russell",724,Royal Liverpool,sg_app,-1.418265262254191,0.6632783746768827,14,8
14578,"Henley, Russell",237,TPC Potomac at Avenel Farm,sg_app,-0.28680894558213726,0.6615951373353582,23,8
14578,"Henley, Russell",43,The Los Angeles Country Club (North Course),sg_app,0.804515629833325,0.652561798717866,13,8
14578,"Henley, Russell",872,Quail Hollow Club,sg_app,0.1541652357668392,0.6423650899143748,36,8
14578,"Henley, Russell",552,Silverado Resort and Spa (North Course),sg_app,0.3226726096808692,0.6270648570577193,39,8
14578,"Henley, Russell",232,Albany GC,sg_app,-0.9576932770486077,0.6223580975544195,7,8
14578,"Henley, Russell",665,Innisbrook Resort and Golf Club - Copperhead Course,sg_app,-0.4242649381592376,0.5909971343340352,54,8
14578,"Henley, Russell",700,TPC Boston,sg_app,0.5262128690127271,0.5801062715329093,52,8
14578,"Henley, Russell",2000,Sherwood Country Club,sg_app,1.807052398784524,0.5541693573359622,12,8
14578,"Henley, Russell",744,Torrey Pines (South),sg_app,0.9477277267088139,0.5291018199363902,20,8
14578,"Henley, Russell",14,Augusta National Golf Club,sg_app,0.5549166993257193,0.5249097184931832,23,8
14578,"Henley, Russell",770,TPC San Antonio - The Oaks Course,sg_app,0.060534637863262714,0.524784468692467,50,8
14578,"Henley, Russell",611,Southern Hills Country Club,sg_app,-0.9048079661176437,0.5183385212389265,21,8
14578,"Henley, Russell",36,Le Triomphe G&CC,sg_app,0.023119246472035934,0.511720899137967,58,8
14578,"Henley, Russell",882,Caves Valley Golf Club,sg_app,0.24749086421015085,0.4904074682099971,15,8
14578,"Henley, Russell",771,The Old White TPC,sg_app,0.16952607627821334,0.47094988388515785,41,8
14578,"Henley, Russell",715,Baltusrol GC,sg_app,0.8011432482945154,0.46574115836652397,35,8
14578,"Henley, Russell",885,Royal Portrush Golf Club,sg_app,0.15976930633322825,0.4489419284589953,15,8
14578,"Henley, Russell",893,Muirfield Village Golf Club,sg_app,1.086407219010028,0.42322662719000703,23,8
14578,"Henley, Russell",510,TPC Scottsdale (Stadium Course),sg_app,-0.6014800191456995,0.4198044142274062,49,8
14578,"Henley, Russell",897,Memorial Park Golf Course,sg_app,-0.37393090093619064,0.40296007074916906,29,8
14578,"Henley, Russell",874,Hamilton Golf & Country Club,sg_app,0.4013023487507683,0.39319658002294006,21,8
14578,"Henley, Russell",406,Castle Pines Golf Club,sg_app,-0.5901042886188864,0.37629742151287615,7,8
14578,"Henley, Russell",745,iberostar real club de golf novo sancti petri,sg_app,-0.3534551488915828,0.35496164779815254,48,8
14578,"Henley, Russell",528,Pinehurst Resort & Country Club (Course No. 2),sg_app,-0.7200504201252712,0.3150926551363546,13,8
14578,"Henley, Russell",19,TPC Four Seasons Resort,sg_app,-0.25001608253224006,0.3150439971860182,48,8
14578,"Henley, Russell",8,Trump National Doral,sg_arg,-0.14755443498837828,0.9530423707413531,60,8
14578,"Henley, Russell",205,Spyglass Hill Golf Course,sg_arg,0.2631841676040074,0.8931748466298375,10,8
14578,"Henley, Russell",608,Oakmont Country Club,sg_arg,0.6194671987633591,0.8244183901604997,10,8
14578,"Henley, Russell",883,TPC Twin Cities,sg_arg,0.07951909998481382,0.7867501524651601,30,8
14578,"Henley, Russell",744,Torrey Pines (South),sg_arg,0.24852390973174807,0.7582209181562641,20,8
14578,"Henley, Russell",238,Glen Oaks Club,sg_arg,0.7438329490897028,0.7336871596058964,27,8
14578,"Henley, Russell",706,Whistling Straits,sg_arg,0.5590261466174501,0.6993047725504687,41,8
14578,"Henley, Russell",14,Augusta National Golf Club,sg_arg,0.06930549941826245,0.6966083272472707,23,8
14578,"Henley, Russell",9,Arnold Palmer's Bay Hill Club & Lodge,sg_arg,0.6734906488134508,0.6663502146645437,55,8
14578,"Henley, Russell",939,Torrey Pines Golf Course (South Course),sg_arg,0.12037070017296309,0.6481740336083687,9,8
14578,"Henley, Russell",896,Olympia Fields Country Club (North Course),sg_arg,0.9045407279100453,0.6081893022397992,13,8
14578,"Henley, Russell",528,Pinehurst Resort & Country Club (Course No. 2),sg_arg,0.18864014924996128,0.5246733621084892,13,8
14578,"Henley, Russell",873,Ridgewood CC,sg_arg,-1.767933983710741,0.5205492472184076,22,8
14578,"Henley, Russell",19,TPC Four Seasons Resort,sg_arg,-0.927390100755067,0.5175416912724531,48,8
14578,"Henley, Russell",611,Southern Hills Country Club,sg_arg,0.49633457724675034,0.4980626838282213,21,8
14578,"Henley, Russell",514,Oak Hill Country Club,sg_arg,-0.3168452217428349,0.4528767618255562,14,8
14578,"Henley, Russell",698,Quail Hollow Club,sg_arg,-0.4648819393657817,0.41704133255957127,52,8
14578,"Henley, Russell",697,Ocean Course at Kiawah Island,sg_arg,-0.7532966259138573,0.4160654028125454,24,8
14578,"Henley, Russell",503,TPC River Highlands,sg_arg,0.28603120081255584,0.4014194396486374,51,8
14578,"Henley, Russell",885,Royal Portrush Golf Club,sg_arg,-0.453916122361537,0.39205476717281856,15,8
14578,"Henley, Russell",4,Torrey Pines Golf Course (South Course),sg_arg,1.8042241665448198,0.3899247548025363,51,8
14578,"Henley, Russell",729,Golf Club of Houston,sg_arg,0.008658391322702352,0.3790111774135132,54,8
14578,"Henley, Russell",669,TPC Deere Run,sg_arg,-0.2934933526276266,0.3763200181958359,38,8
14578,"Henley, Russell",500,The Riviera Country Club,sg_arg,-0.3845632634269721,0.36910745033253783,54,8
14578,"Henley, Russell",902,Congaree Golf Club,sg_arg,0.5039384770088363,0.31392215570295146,20,8
14578,"Henley, Russell",552,Silverado Resort and Spa (North Course),sg_arg,-0.3161138653801992,0.30969972483809577,39,8
14578,"Henley, Russell",745,iberostar real club de golf novo sancti petri,sg_arg,0.437464808508753,0.303356471156665,48,8
14578,"Henley, Russell",8,Trump National Doral,sg_ott,-0.30369037466518545,0.9516191919070657,60,8
14578,"Henley, Russell",901,Wilmington Country Club,sg_ott,0.46523170442632744,0.8630761206823632,8,8
14578,"Henley, Russell",746,The Country Club of Jackson,sg_ott,-0.358464857626012,0.8252517828177022,32,8
14578,"Henley, Russell",697,Ocean Course at Kiawah Island,sg_ott,-0.46053705058311534,0.8177837473279898,24,8
14578,"Henley, Russell",514,Oak Hill Country Club,sg_ott,-0.12321919504423329,0.8127203741169257,14,8
14578,"Henley, Russell",706,Whistling Straits,sg_ott,0.181325506435707,0.8125271659699387,41,8
14578,"Henley, Russell",656,Plantation Course at Kapalua,sg_ott,-0.29081696471416385,0.8079739846971773,45,8
14578,"Henley, Russell",897,Memorial Park Golf Course,sg_ott,0.04665395348460959,0.7975910700248214,29,8
14578,"Henley, Russell",19,TPC Four Seasons Resort,sg_ott,-0.4667964386675678,0.7592243617778875,48,8
14578,"Henley, Russell",689,El Bosque CC,sg_ott,-0.5222496200815097,0.7580306354046243,42,8
14578,"Henley, Russell",505,Cherry Hills CC,sg_ott,-0.08584101135451597,0.7529027101413989,25,8
14578,"Henley, Russell",205,Spyglass Hill Golf Course,sg_ott,-0.23394903611372153,0.7354241572242235,10,8
14578,"Henley, Russell",665,Innisbrook Resort and Golf Club - Copperhead Course,sg_ott,0.3049425930098042,0.7274722902336741,54,8
14578,"Henley, Russell",36,Le Triomphe G&CC,sg_ott,-0.0530822187465743,0.721117445741737,58,8
14578,"Henley, Russell",872,Quail Hollow Club,sg_ott,-0.3388840652950632,0.7095329685955294,36,8
14578,"Henley, Russell",232,Albany GC,sg_ott,-0.8431386202066063,0.6990513806604631,7,8
14578,"Henley, Russell",669,TPC Deere Run,sg_ott,-0.28132571233797976,0.6958014020825517,38,8
14578,"Henley, Russell",895,TPC Harding Park,sg_ott,-0.27135236315653377,0.6913221539478895,25,8
14578,"Henley, Russell",789,Conway Farms GC,sg_ott,-0.3897762350700138,0.6765431912571337,34,8
14578,"Henley, Russell",237,TPC Potomac at Avenel Farm,sg_ott,0.21233859770090088,0.6685057551764296,23,8
14578,"Henley, Russell",43,The Los Angeles Country Club (North Course),sg_ott,0.33192944923937806,0.6561752385219565,13,8
14578,"Henley, Russell",744,Torrey Pines (South),sg_ott,-0.32508303297699526,0.6527298605945488,20,8
14578,"Henley, Russell",939,Torrey Pines Golf Course (South Course),sg_ott,-0.8794614590873362,0.6420342944454386,9,8
14578,"Henley, Russell",528,Pinehurst Resort & Country Club (Course No. 2),sg_ott,-0.1314313067100314,0.605912040107582,13,8
14578,"Henley, Russell",704,Pete Dye Stadium Course,sg_ott,0.13851929395739235,0.5925443054801743,33,8
14578,"Henley, Russell",2000,Sherwood Country Club,sg_ott,0.5628932976989018,0.5798439179510387,12,8
14578,"Henley, Russell",729,Golf Club of Houston,sg_ott,0.220410908704223,0.5762066930736335,54,8
14578,"Henley, Russell",781,Plainfield CC,sg_ott,-1.24700404254547,0.5503579288030632,43,8
14578,"Henley, Russell",671,Valhalla Golf Club,sg_ott,-0.09062308631734323,0.5447209390309542,42,8
14578,"Henley, Russell",873,Ridgewood CC,sg_ott,-0.887099600454794,0.5404273606561777,22,8
14578,"Henley, Russell",243,Trinity Forest Golf Club,sg_ott,-0.7991251665100463,0.5300807114908475,23,8
14578,"Henley, Russell",534,Bellerive CC,sg_ott,-0.280643371016866,0.5266986928376094,42,8
14578,"Henley, Russell",21,Colonial Country Club,sg_ott,-0.4273385512641865,0.5148436857747805,50,8
14578,"Henley, Russell",745,iberostar real club de golf novo sancti petri,sg_ott,-0.11286028805476153,0.512595938540274,48,8
14578,"Henley, Russell",654,The Country Club,sg_ott,-0.5528263752432364,0.4887135329746615,13,8
14578,"Henley, Russell",698,Quail Hollow Club,sg_ott,-0.4407024081123182,0.4783427498881751,52,8
14578,"Henley, Russell",926,Silverado Resort (North Course),sg_ott,0.45481144782976113,0.4695369826470083,14,8
14578,"Henley, Russell",883,TPC Twin Cities,sg_ott,0.46471148258989603,0.45235980784155716,30,8
14578,"Henley, Russell",734,PGA National Resort (The Champion),sg_ott,0.07756713709440133,0.45228278937398675,56,8
14578,"Henley, Russell",770,TPC San Antonio - The Oaks Course,sg_ott,-0.21040637344718488,0.45218651003185867,50,8
14578,"Henley, Russell",241,Quail Hollow-PGA Championship,sg_ott,-0.9361492117932082,0.443843453458752,34,8
14578,"Henley, Russell",14,Augusta National Golf Club,sg_ott,0.01973770322054956,0.42768357649408206,23,8
14578,"Henley, Russell",5,Pebble Beach Golf Links,sg_ott,0.12551086575349346,0.37764395709692644,49,8
14578,"Henley, Russell",500,The Riviera Country Club,sg_ott,-0.2939261220577632,0.3722795836501979,54,8
14578,"Henley, Russell",709,Royal Troon,sg_ott,1.1617120353457675,0.3555471361658512,14,8
14578,"Henley, Russell",700,TPC Boston,sg_ott,-0.1111623845586668,0.31039427326405605,52,8
14578,"Henley, Russell",8,Trump National Doral,sg_putt,0.43291778430478123,0.9467615659341958,60,8
14578,"Henley, Russell",709,Royal Troon,sg_putt,0.6589143603544358,0.8553792953613122,14,8
14578,"Henley, Russell",2000,Sherwood Country Club,sg_putt,-1.2923520230381291,0.8489529445552979,12,8
14578,"Henley, Russell",928,PGA National  - Champion Course,sg_putt,1.01715049303596,0.8319135400555944,13,8
14578,"Henley, Russell",660,Montreux Golf & Country Club,sg_putt,-0.08172897661785336,0.7895447899934764,8,8
14578,"Henley, Russell",243,Trinity Forest Golf Club,sg_putt,-0.4296604507341135,0.7803268512585968,23,8
14578,"Henley, Russell",552,Silverado Resort and Spa (North Course),sg_putt,-0.7858754506365532,0.7652038880499961,39,8
14578,"Henley, Russell",896,Olympia Fields Country Club (North Course),sg_putt,0.04920137518500184,0.7300243530921173,13,8
14578,"Henley, Russell",715,Baltusrol GC,sg_putt,0.20718181217239592,0.6977005838536325,35,8
14578,"Henley, Russell",744,Torrey Pines (South),sg_putt,0.6242956549642946,0.6493713284526129,20,8
14578,"Henley, Russell",789,Conway Farms GC,sg_putt,-0.2128273460218077,0.6488976184206149,34,8
14578,"Henley, Russell",689,El Bosque CC,sg_putt,-0.3418404326725124,0.6122961641627417,42,8
14578,"Henley, Russell",697,Ocean Course at Kiawah Island,sg_putt,0.22709734775052445,0.6047937213752724,24,8
14578,"Henley, Russell",745,iberostar real club de golf novo sancti petri,sg_putt,-0.30733287597443426,0.582420842072087,48,8
14578,"Henley, Russell",505,Cherry Hills CC,sg_putt,-0.6935363473580676,0.5727829869764955,25,8
14578,"Henley, Russell",43,The Los Angeles Country Club (North Course),sg_putt,0.30803577061137,0.5587238547117286,13,8
14578,"Henley, Russell",706,Whistling Straits,sg_putt,0.8586461213312149,0.5413193747753923,41,8
14578,"Henley, Russell",608,Oakmont Country Club,sg_putt,0.594392628127503,0.5378019635320631,10,8
14578,"Henley, Russell",873,Ridgewood CC,sg_putt,1.2000680003035897,0.5371535915100778,22,8
14578,"Henley, Russell",668,St. Andrews Links (Old Course),sg_putt,-0.639511941482261,0.5243576462108127,16,8
14578,"Henley, Russell",872,Quail Hollow Club,sg_putt,-0.05935109619122743,0.5080732719746718,36,8
14578,"Henley, Russell",770,TPC San Antonio - The Oaks Course,sg_putt,-0.5640837992262804,0.49979074287184344,50,8
14578,"Henley, Russell",902,Congaree Golf Club,sg_putt,-0.8135651411220052,0.47712841747238366,20,8
14578,"Henley, Russell",897,Memorial Park Golf Course,sg_putt,-0.07235958695531758,0.46100063008810405,29,8
14578,"Henley, Russell",665,Innisbrook Resort and Golf Club - Copperhead Course,sg_putt,-0.2303808540956082,0.42909909172145166,54,8
14578,"Henley, Russell",883,TPC Twin Cities,sg_putt,-1.7558916511729614,0.41039090006103524,30,8
14578,"Henley, Russell",669,TPC Deere Run,sg_putt,-0.2305131986860548,0.38981961108634927,38,8
14578,"Henley, Russell",538,TPC Summerlin,sg_putt,-0.3314924854369037,0.38935899749088204,47,8
14578,"Henley, Russell",514,Oak Hill Country Club,sg_putt,-1.6589480217608938,0.3788799219519931,14,8
14578,"Henley, Russell",882,Caves Valley Golf Club,sg_putt,-0.4492612495395456,0.36537833409543036,15,8
14578,"Henley, Russell",886,Liberty National Golf Club,sg_putt,-1.2283723482581592,0.30772935775047244,27,8
14578,"Henley, Russell",19,TPC Four Seasons Resort,sg_putt,-0.6409301764603899,0.3013355876184594,48,8
14578,"Henley, Russell",8,Trump National Doral,sg_total,-0.4347814500573102,0.9534045421133684,71,8
14578,"Henley, Russell",896,Olympia Fields Country Club (North Course),sg_total,0.9970538879206807,0.8247619918620935,14,8
14578,"Henley, Russell",379,The Philadelphia Cricket Club (Wissahickon Course),sg_total,-1.6357379203396247,0.7585737211164316,9,8
14578,"Henley, Russell",19,TPC Four Seasons Resort,sg_total,-2.255399350156685,0.7535983141081465,50,8
14578,"Henley, Russell",43,The Los Angeles Country Club (North Course),sg_total,1.1363035157131849,0.7514161263884058,15,8
14578,"Henley, Russell",406,Castle Pines Golf Club,sg_total,-0.37044878149178584,0.7413756204749691,8,8
14578,"Henley, Russell",552,Silverado Resort and Spa (North Course),sg_total,-1.139684797137757,0.7376139349852081,40,8
14578,"Henley, Russell",901,Wilmington Country Club,sg_total,-0.8405463248468148,0.7257352782065652,8,8
14578,"Henley, Russell",890,Tahoe Mountain Club (Old Greenwood),sg_total,-0.9422970943118903,0.7001988553273849,19,8
14578,"Henley, Russell",933,East Lake Golf Club,sg_total,1.4015327821592831,0.6988564682519897,7,8
14578,"Henley, Russell",939,Torrey Pines Golf Course (South Course),sg_total,-1.4600744040677094,0.6930839691436437,10,8
14578,"Henley, Russell",872,Quail Hollow Club,sg_total,-0.16213116842010836,0.6851889404998475,37,8
14578,"Henley, Russell",238,Glen Oaks Club,sg_total,0.8951184256820643,0.6241288288584754,28,8
14578,"Henley, Russell",746,The Country Club of Jackson,sg_total,-2.1652160340638806,0.6225740180522429,34,8
14578,"Henley, Russell",706,Whistling Straits,sg_total,2.6210298515174326,0.6145503734924044,59,8
14578,"Henley, Russell",928,PGA National  - Champion Course,sg_total,-0.09581264597842498,0.6132577956350657,13,8
14578,"Henley, Russell",895,TPC Harding Park,sg_total,0.7482174444719096,0.6084200207744371,26,8
14578,"Henley, Russell",770,TPC San Antonio - The Oaks Course,sg_total,-0.585679620689174,0.6076650388350318,54,8
14578,"Henley, Russell",781,Plainfield CC,sg_total,-2.4226912669226426,0.6050669110305169,43,8
14578,"Henley, Russell",514,Oak Hill Country Club,sg_total,-1.0987458781449244,0.6041384175417843,15,8
14578,"Henley, Russell",240,Club de Golf Chapultepec,sg_total,-2.9328128866641876,0.6020028570371451,32,8
14578,"Henley, Russell",897,Memorial Park Golf Course,sg_total,-0.058905834033766036,0.5969683733902095,30,8
14578,"Henley, Russell",4,Torrey Pines Golf Course (South Course),sg_total,-4.992502621522384,0.5869275084275075,56,8
14578,"Henley, Russell",205,Spyglass Hill Golf Course,sg_total,0.5780935697893972,0.557455820713923,53,8
14578,"Henley, Russell",771,The Old White TPC,sg_total,0.506825720320752,0.5529609738461922,43,8
14578,"Henley, Russell",818,Chambers Bay GC,sg_total,1.5158837915015397,0.5439215943066038,38,8
14578,"Henley, Russell",666,Pebble Beach Golf Links,sg_total,2.282138222598041,0.5426232759381483,49,8
14578,"Henley, Russell",14,Augusta National Golf Club,sg_total,0.6295998996148988,0.5394044836198019,65,8
14578,"Henley, Russell",822,Las Colinas Country Club,sg_total,0.7953101691443476,0.5373709005340206,27,8
14578,"Henley, Russell",885,Royal Portrush Golf Club,sg_total,0.727825070912306,0.52887766569415,30,8
14578,"Henley, Russell",689,El Bosque CC,sg_total,0.07642086110712532,0.5233518693058378,52,8
14578,"Henley, Russell",744,Torrey Pines (South),sg_total,1.5538871569574688,0.5214711179618798,46,8
14578,"Henley, Russell",513,TPC Southwind,sg_total,-0.2783202226023391,0.5150057683020087,55,8
14578,"Henley, Russell",800,The Abaco Club on Winding Bay,sg_total,-1.3487576241836774,0.5085375076292757,35,8
14578,"Henley, Russell",700,TPC Boston,sg_total,0.4328864821529197,0.507527023233339,54,8
14578,"Henley, Russell",769,Monterey Peninsula CC,sg_total,-1.2326531539047276,0.5002066489573296,49,8
14578,"Henley, Russell",232,Albany GC,sg_total,-3.0834341929119216,0.4445505341369429,18,8
14578,"Henley, Russell",538,TPC Summerlin,sg_total,0.43702482284699695,0.43235476111085686,50,8
14578,"Henley, Russell",100,Omni Tucson National,sg_total,-3.7501162084984605,0.4299162671909255,45,8
14578,"Henley, Russell",505,Cherry Hills CC,sg_total,-1.2482543185145758,0.42732051022224193,25,8
14578,"Henley, Russell",241,Quail Hollow-PGA Championship,sg_total,-4.350561754131296,0.4265006951284631,37,8
14578,"Henley, Russell",902,Congaree Golf Club,sg_total,-0.7147769300189186,0.41161328631299193,21,8
14578,"Henley, Russell",778,Royal St. George's GC,sg_total,-1.0669582620754212,0.3865346771917013,50,8
14578,"Henley, Russell",776,Sea Island Golf Club (Seaside Course),sg_total,-0.4549560404259058,0.3755012307989047,47,8
14578,"Henley, Russell",608,Oakmont Country Club,sg_total,1.1440139817694324,0.3547256152850429,53,8
14578,"Henley, Russell",883,TPC Twin Cities,sg_total,-0.6436111209350719,0.35074426673837056,32,8
14578,"Henley, Russell",876,Detroit Golf Club,sg_total,0.2506545642443352,0.3154707070451331,31,8
22760,"Hisatsune, Ryo",928,PGA National  - Champion Course,sg_app,0.49139924134470403,0.7671751837159452,13,8
22760,"Hisatsune, Ryo",935,TPC Toronto at Osprey Valley (North Course),sg_app,-0.46171488397870797,0.7116924721794581,6,8
22760,"Hisatsune, Ryo",241,Quail Hollow-PGA Championship,sg_app,-0.31327660562803605,0.7056566483257517,34,8
22760,"Hisatsune, Ryo",876,Detroit Golf Club,sg_app,-0.21649889992573926,0.6896168809184317,29,8
22760,"Hisatsune, Ryo",4,Torrey Pines Golf Course (South Course),sg_app,0.32846268346547336,0.6702800253204808,51,8
22760,"Hisatsune, Ryo",665,Innisbrook Resort and Golf Club - Copperhead Course,sg_app,-0.20561656835744613,0.5909971343340352,54,8
22760,"Hisatsune, Ryo",14,Augusta National Golf Club,sg_app,-2.349235176767765,0.5249097184931832,23,8
22760,"Hisatsune, Ryo",770,TPC San Antonio - The Oaks Course,sg_app,0.3797534253590884,0.524784468692467,50,8
22760,"Hisatsune, Ryo",977,The Renaissance Club,sg_app,-1.2282345776945554,0.47281672246556705,16,8
22760,"Hisatsune, Ryo",510,TPC Scottsdale (Stadium Course),sg_app,-0.005194364158701836,0.4198044142274062,49,8
22760,"Hisatsune, Ryo",897,Memorial Park Golf Course,sg_app,-0.0976305537977406,0.40296007074916906,29,8
22760,"Hisatsune, Ryo",874,Hamilton Golf & Country Club,sg_app,0.7924974699822093,0.39319658002294006,21,8
22760,"Hisatsune, Ryo",205,Spyglass Hill Golf Course,sg_arg,-1.7533090892065524,0.8931748466298375,10,8
22760,"Hisatsune, Ryo",883,TPC Twin Cities,sg_arg,-1.1432980528900012,0.7867501524651601,30,8
22760,"Hisatsune, Ryo",14,Augusta National Golf Club,sg_arg,0.048473496279532464,0.6966083272472707,23,8
22760,"Hisatsune, Ryo",9,Arnold Palmer's Bay Hill Club & Lodge,sg_arg,0.1878966693375799,0.6663502146645437,55,8
22760,"Hisatsune, Ryo",930,Black Desert Resort,sg_arg,-0.2825816010724022,0.6659138517567389,6,8
22760,"Hisatsune, Ryo",978,Vidanta Vallarta,sg_arg,-0.20556085715870737,0.5939369030173401,16,8
22760,"Hisatsune, Ryo",977,The Renaissance Club,sg_arg,-1.4897791479367117,0.5766157384771762,16,8
22760,"Hisatsune, Ryo",4,Torrey Pines Golf Course (South Course),sg_arg,0.816798971534763,0.3899247548025363,51,8
22760,"Hisatsune, Ryo",669,TPC Deere Run,sg_arg,-0.18985762152596944,0.3763200181958359,38,8
22760,"Hisatsune, Ryo",500,The Riviera Country Club,sg_arg,-0.4601601569957552,0.36910745033253783,54,8
22760,"Hisatsune, Ryo",746,The Country Club of Jackson,sg_ott,-0.2386459223138889,0.8252517828177022,32,8
22760,"Hisatsune, Ryo",921,TPC Craig Ranch,sg_ott,-0.1657521455720914,0.8124938419538594,15,8
22760,"Hisatsune, Ryo",897,Memorial Park Golf Course,sg_ott,-0.45244315698722537,0.7975910700248214,29,8
22760,"Hisatsune, Ryo",205,Spyglass Hill Golf Course,sg_ott,0.714465349854561,0.7354241572242235,10,8
22760,"Hisatsune, Ryo",665,Innisbrook Resort and Golf Club - Copperhead Course,sg_ott,0.37003762486059866,0.7274722902336741,54,8
22760,"Hisatsune, Ryo",930,Black Desert Resort,sg_ott,0.10800824935922129,0.7201825483385862,6,8
22760,"Hisatsune, Ryo",669,TPC Deere Run,sg_ott,0.1702651741370901,0.6958014020825517,38,8
22760,"Hisatsune, Ryo",704,Pete Dye Stadium Course,sg_ott,-0.0071799900145257944,0.5925443054801743,33,8
22760,"Hisatsune, Ryo",671,Valhalla Golf Club,sg_ott,0.07072204423245726,0.5447209390309542,42,8
22760,"Hisatsune, Ryo",21,Colonial Country Club,sg_ott,-0.3627411426599101,0.5148436857747805,50,8
22760,"Hisatsune, Ryo",926,Silverado Resort (North Course),sg_ott,0.1887511433964207,0.4695369826470083,14,8
22760,"Hisatsune, Ryo",883,TPC Twin Cities,sg_ott,0.10886046817205,0.45235980784155716,30,8
22760,"Hisatsune, Ryo",770,TPC San Antonio - The Oaks Course,sg_ott,-0.051115143287046236,0.45218651003185867,50,8
22760,"Hisatsune, Ryo",241,Quail Hollow-PGA Championship,sg_ott,-0.46033109215243895,0.443843453458752,34,8
22760,"Hisatsune, Ryo",14,Augusta National Golf Club,sg_ott,0.56069113729163,0.42768357649408206,23,8
22760,"Hisatsune, Ryo",5,Pebble Beach Golf Links,sg_ott,0.5977986831878942,0.37764395709692644,49,8
22760,"Hisatsune, Ryo",500,The Riviera Country Club,sg_ott,0.08923575459994626,0.3722795836501979,54,8
22760,"Hisatsune, Ryo",709,Royal Troon,sg_ott,-0.051928107837549226,0.3555471361658512,14,8
22760,"Hisatsune, Ryo",709,Royal Troon,sg_putt,-0.3056932401709109,0.8553792953613122,14,8
22760,"Hisatsune, Ryo",928,PGA National  - Champion Course,sg_putt,-1.1085916198455679,0.8319135400555944,13,8
22760,"Hisatsune, Ryo",935,TPC Toronto at Osprey Valley (North Course),sg_putt,-0.5934101985795946,0.7214011843267554,6,8
22760,"Hisatsune, Ryo",930,Black Desert Resort,sg_putt,-0.2777336580929211,0.709353178421583,6,8
22760,"Hisatsune, Ryo",978,Vidanta Vallarta,sg_putt,0.36817181597542015,0.6967043554693465,16,8
22760,"Hisatsune, Ryo",770,TPC San Antonio - The Oaks Course,sg_putt,0.6147678538851175,0.49979074287184344,50,8
22760,"Hisatsune, Ryo",977,The Renaissance Club,sg_putt,-0.19491336521642783,0.49863130395531924,16,8
22760,"Hisatsune, Ryo",897,Memorial Park Golf Course,sg_putt,0.7577332424931491,0.46100063008810405,29,8
22760,"Hisatsune, Ryo",665,Innisbrook Resort and Golf Club - Copperhead Course,sg_putt,0.5838851991138042,0.42909909172145166,54,8
22760,"Hisatsune, Ryo",883,TPC Twin Cities,sg_putt,-1.344192984564397,0.41039090006103524,30,8
22760,"Hisatsune, Ryo",669,TPC Deere Run,sg_putt,-1.4289588210793844,0.38981961108634927,38,8
22760,"Hisatsune, Ryo",919,El Cardonal at Diamante,sg_total,0.26930168969129564,0.8241756895683453,10,8
22760,"Hisatsune, Ryo",925,Dunes Golf and Beach Club,sg_total,-0.7216461849236058,0.8210465318733497,7,8
22760,"Hisatsune, Ryo",978,Vidanta Vallarta,sg_total,0.5102196248367165,0.7044733074594649,17,8
22760,"Hisatsune, Ryo",890,Tahoe Mountain Club (Old Greenwood),sg_total,1.5534066083510374,0.7001988553273849,19,8
22760,"Hisatsune, Ryo",746,The Country Club of Jackson,sg_total,-0.47044370878965724,0.6225740180522429,34,8
22760,"Hisatsune, Ryo",928,PGA National  - Champion Course,sg_total,-0.7602616391422993,0.6132577956350657,13,8
22760,"Hisatsune, Ryo",977,The Renaissance Club,sg_total,-3.766143813646657,0.6111814446513488,20,8
22760,"Hisatsune, Ryo",770,TPC San Antonio - The Oaks Course,sg_total,0.7846239185598353,0.6076650388350318,54,8
22760,"Hisatsune, Ryo",897,Memorial Park Golf Course,sg_total,-0.28221036314319825,0.5969683733902095,30,8
22760,"Hisatsune, Ryo",4,Torrey Pines Golf Course (South Course),sg_total,1.3988624781332417,0.5869275084275075,56,8
22760,"Hisatsune, Ryo",205,Spyglass Hill Golf Course,sg_total,2.981138162470913,0.557455820713923,53,8
22760,"Hisatsune, Ryo",14,Augusta National Golf Club,sg_total,-3.7655890797108524,0.5394044836198019,65,8
22760,"Hisatsune, Ryo",241,Quail Hollow-PGA Championship,sg_total,1.142536902375233,0.4265006951284631,37,8
22760,"Hisatsune, Ryo",875,ACCORDIA GOLF Narashino Country Club,sg_total,0.7884474339138018,0.386724896362914,20,8
22760,"Hisatsune, Ryo",776,Sea Island Golf Club (Seaside Course),sg_total,-0.5315798672971048,0.3755012307989047,47,8
22760,"Hisatsune, Ryo",883,TPC Twin Cities,sg_total,-3.9633046002093457,0.35074426673837056,32,8
22760,"Hisatsune, Ryo",876,Detroit Golf Club,sg_total,-0.5147799461382108,0.3154707070451331,31,8
15575,"Hoge, Tom",896,Olympia Fields Country Club (North Course),sg_app,0.059791902066620675,0.8315178735937293,13,8
15575,"Hoge, Tom",660,Montreux Golf & Country Club,sg_app,-0.008351546735359788,0.7750434317449925,8,8
15575,"Hoge, Tom",928,PGA National  - Champion Course,sg_app,-0.3178307997961113,0.7671751837159452,13,8
15575,"Hoge, Tom",939,Torrey Pines Golf Course (South Course),sg_app,-0.36474705465390767,0.7487285792532103,9,8
15575,"Hoge, Tom",902,Congaree Golf Club,sg_app,1.2905878249573657,0.7464172844547262,20,8
15575,"Hoge, Tom",697,Ocean Course at Kiawah Island,sg_app,-0.6395353417829296,0.7069136776164395,24,8
15575,"Hoge, Tom",241,Quail Hollow-PGA Championship,sg_app,-0.38559537329636684,0.7056566483257517,34,8
15575,"Hoge, Tom",876,Detroit Golf Club,sg_app,0.40115140041659025,0.6896168809184317,29,8
15575,"Hoge, Tom",4,Torrey Pines Golf Course (South Course),sg_app,-0.5602916598201698,0.6702800253204808,51,8
15575,"Hoge, Tom",724,Royal Liverpool,sg_app,-0.03672513773374014,0.6632783746768827,14,8
15575,"Hoge, Tom",237,TPC Potomac at Avenel Farm,sg_app,-0.141621376006246,0.6615951373353582,23,8
15575,"Hoge, Tom",43,The Los Angeles Country Club (North Course),sg_app,0.11567438048298631,0.652561798717866,13,8
15575,"Hoge, Tom",872,Quail Hollow Club,sg_app,-0.2860087448527653,0.6423650899143748,36,8
15575,"Hoge, Tom",552,Silverado Resort and Spa (North Course),sg_app,0.34719815539891263,0.6270648570577193,39,8
15575,"Hoge, Tom",665,Innisbrook Resort and Golf Club - Copperhead Course,sg_app,-0.18854938284665687,0.5909971343340352,54,8
15575,"Hoge, Tom",700,TPC Boston,sg_app,0.05477500638088369,0.5801062715329093,52,8
15575,"Hoge, Tom",2000,Sherwood Country Club,sg_app,0.6278685447913757,0.5541693573359622,12,8
15575,"Hoge, Tom",744,Torrey Pines (South),sg_app,0.08267515179149333,0.5291018199363902,20,8
15575,"Hoge, Tom",14,Augusta National Golf Club,sg_app,0.5398179644771309,0.5249097184931832,23,8
15575,"Hoge, Tom",770,TPC San Antonio - The Oaks Course,sg_app,0.40364828086127746,0.524784468692467,50,8
15575,"Hoge, Tom",611,Southern Hills Country Club,sg_app,1.682905413332818,0.5183385212389265,21,8
15575,"Hoge, Tom",882,Caves Valley Golf Club,sg_app,-1.2081373238353377,0.4904074682099971,15,8
15575,"Hoge, Tom",977,The Renaissance Club,sg_app,-0.028055499309490646,0.47281672246556705,16,8
15575,"Hoge, Tom",771,The Old White TPC,sg_app,0.27842261778702093,0.47094988388515785,41,8
15575,"Hoge, Tom",885,Royal Portrush Golf Club,sg_app,-0.5905820550890039,0.4489419284589953,15,8
15575,"Hoge, Tom",893,Muirfield Village Golf Club,sg_app,-0.6069519548878374,0.42322662719000703,23,8
15575,"Hoge, Tom",510,TPC Scottsdale (Stadium Course),sg_app,-0.6204481812251759,0.4198044142274062,49,8
15575,"Hoge, Tom",897,Memorial Park Golf Course,sg_app,-0.03977626924504011,0.40296007074916906,29,8
15575,"Hoge, Tom",874,Hamilton Golf & Country Club,sg_app,-0.6210416981496498,0.39319658002294006,21,8
15575,"Hoge, Tom",235,Eagle Point Golf Club,sg_app,-0.16347294708650448,0.3860951981370469,21,8
15575,"Hoge, Tom",406,Castle Pines Golf Club,sg_app,1.5924688446092659,0.37629742151287615,7,8
15575,"Hoge, Tom",884,Keene Trace Golf Club (Champion Trace),sg_app,0.3014215282441126,0.3565055681638959,18,8
15575,"Hoge, Tom",666,Pebble Beach Golf Links,sg_app,0.49900919095508034,0.3362028317814147,27,8
15575,"Hoge, Tom",528,Pinehurst Resort & Country Club (Course No. 2),sg_app,-0.42292425953289836,0.3150926551363546,13,8
15575,"Hoge, Tom",19,TPC Four Seasons Resort,sg_app,-0.2592424322583272,0.3150439971860182,48,8
15575,"Hoge, Tom",205,Spyglass Hill Golf Course,sg_arg,1.003387916884359,0.8931748466298375,10,8
15575,"Hoge, Tom",608,Oakmont Country Club,sg_arg,-0.05483929576341656,0.8244183901604997,10,8
15575,"Hoge, Tom",883,TPC Twin Cities,sg_arg,-0.4237697545601467,0.7867501524651601,30,8
15575,"Hoge, Tom",744,Torrey Pines (South),sg_arg,0.1776654341982396,0.7582209181562641,20,8
15575,"Hoge, Tom",14,Augusta National Golf Club,sg_arg,-0.09763407315571428,0.6966083272472707,23,8
15575,"Hoge, Tom",9,Arnold Palmer's Bay Hill Club & Lodge,sg_arg,-0.21602257006532447,0.6663502146645437,55,8
15575,"Hoge, Tom",930,Black Desert Resort,sg_arg,-0.14082841038492827,0.6659138517567389,6,8
15575,"Hoge, Tom",939,Torrey Pines Golf Course (South Course),sg_arg,-0.8928312702536545,0.6481740336083687,9,8
15575,"Hoge, Tom",896,Olympia Fields Country Club (North Course),sg_arg,-0.10710054064343082,0.6081893022397992,13,8
15575,"Hoge, Tom",977,The Renaissance Club,sg_arg,0.05839040385727315,0.5766157384771762,16,8
15575,"Hoge, Tom",528,Pinehurst Resort & Country Club (Course No. 2),sg_arg,-1.6250325347290402,0.5246733621084892,13,8
15575,"Hoge, Tom",873,Ridgewood CC,sg_arg,0.1316819998667798,0.5205492472184076,22,8
15575,"Hoge, Tom",19,TPC Four Seasons Resort,sg_arg,-0.5284170020517305,0.5175416912724531,48,8
15575,"Hoge, Tom",611,Southern Hills Country Club,sg_arg,0.3665006213031423,0.4980626838282213,21,8
15575,"Hoge, Tom",514,Oak Hill Country Club,sg_arg,0.30440518324687676,0.4528767618255562,14,8
15575,"Hoge, Tom",649,Hualalai Golf Course,sg_arg,-0.1762315786836486,0.44183968801198004,36,8
15575,"Hoge, Tom",698,Quail Hollow Club,sg_arg,-0.637468532629702,0.41704133255957127,52,8
15575,"Hoge, Tom",697,Ocean Course at Kiawah Island,sg_arg,0.745475332860569,0.4160654028125454,24,8
15575,"Hoge, Tom",503,TPC River Highlands,sg_arg,-0.1257519088258639,0.4014194396486374,51,8
15575,"Hoge, Tom",235,Eagle Point Golf Club,sg_arg,0.17254281111294678,0.3990891778199044,21,8
15575,"Hoge, Tom",894,TPC Craig Ranch,sg_arg,0.7911356650240087,0.3960272487602276,24,8
15575,"Hoge, Tom",885,Royal Portrush Golf Club,sg_arg,-0.6878732892005079,0.39205476717281856,15,8
15575,"Hoge, Tom",4,Torrey Pines Golf Course (South Course),sg_arg,-0.9201151852144387,0.3899247548025363,51,8
15575,"Hoge, Tom",729,Golf Club of Houston,sg_arg,-0.14357978244196984,0.3790111774135132,54,8
15575,"Hoge, Tom",669,TPC Deere Run,sg_arg,-0.902609739772241,0.3763200181958359,38,8
15575,"Hoge, Tom",500,The Riviera Country Club,sg_arg,-0.09365695477859268,0.36910745033253783,54,8
15575,"Hoge, Tom",616,Robert Trent Jones GC,sg_arg,-0.2299164017932549,0.32818114468011245,15,8
15575,"Hoge, Tom",902,Congaree Golf Club,sg_arg,-0.17613370811270543,0.31392215570295146,20,8
15575,"Hoge, Tom",552,Silverado Resort and Spa (North Course),sg_arg,0.08098218859490063,0.30969972483809577,39,8
15575,"Hoge, Tom",901,Wilmington Country Club,sg_ott,-0.2681039096092939,0.8630761206823632,8,8
15575,"Hoge, Tom",746,The Country Club of Jackson,sg_ott,-0.3881104697069065,0.8252517828177022,32,8
15575,"Hoge, Tom",697,Ocean Course at Kiawah Island,sg_ott,0.20683166420867927,0.8177837473279898,24,8
15575,"Hoge, Tom",514,Oak Hill Country Club,sg_ott,-0.7802569161684334,0.8127203741169257,14,8
15575,"Hoge, Tom",921,TPC Craig Ranch,sg_ott,0.6341150919110004,0.8124938419538594,15,8
15575,"Hoge, Tom",656,Plantation Course at Kapalua,sg_ott,-0.28920482168956785,0.8079739846971773,45,8
15575,"Hoge, Tom",897,Memorial Park Golf Course,sg_ott,-0.12539392274353134,0.7975910700248214,29,8
15575,"Hoge, Tom",666,Pebble Beach Golf Links,sg_ott,-0.32535610352591554,0.7832355819650828,27,8
15575,"Hoge, Tom",19,TPC Four Seasons Resort,sg_ott,-0.0895607164505939,0.7592243617778875,48,8
15575,"Hoge, Tom",205,Spyglass Hill Golf Course,sg_ott,0.7100413697594671,0.7354241572242235,10,8
15575,"Hoge, Tom",665,Innisbrook Resort and Golf Club - Copperhead Course,sg_ott,-0.1835137365900401,0.7274722902336741,54,8
15575,"Hoge, Tom",930,Black Desert Resort,sg_ott,-0.06448460695794202,0.7201825483385862,6,8
15575,"Hoge, Tom",872,Quail Hollow Club,sg_ott,0.44712071413403814,0.7095329685955294,36,8
15575,"Hoge, Tom",669,TPC Deere Run,sg_ott,-0.04498559041856165,0.6958014020825517,38,8
15575,"Hoge, Tom",895,TPC Harding Park,sg_ott,0.228922514958881,0.6913221539478895,25,8
15575,"Hoge, Tom",237,TPC Potomac at Avenel Farm,sg_ott,-0.1933171917330624,0.6685057551764296,23,8
15575,"Hoge, Tom",43,The Los Angeles Country Club (North Course),sg_ott,-0.3308701133568393,0.6561752385219565,13,8
15575,"Hoge, Tom",744,Torrey Pines (South),sg_ott,0.27902927814569783,0.6527298605945488,20,8
15575,"Hoge, Tom",939,Torrey Pines Golf Course (South Course),sg_ott,-0.3892334959064075,0.6420342944454386,9,8
15575,"Hoge, Tom",528,Pinehurst Resort & Country Club (Course No. 2),sg_ott,0.5394817778785284,0.605912040107582,13,8
15575,"Hoge, Tom",704,Pete Dye Stadium Course,sg_ott,0.24147412029683257,0.5925443054801743,33,8
15575,"Hoge, Tom",2000,Sherwood Country Club,sg_ott,-0.2288357110969524,0.5798439179510387,12,8
15575,"Hoge, Tom",729,Golf Club of Houston,sg_ott,-0.14539029568224915,0.5762066930736335,54,8
15575,"Hoge, Tom",671,Valhalla Golf Club,sg_ott,0.432313891731845,0.5447209390309542,42,8
15575,"Hoge, Tom",873,Ridgewood CC,sg_ott,0.23648150757136072,0.5404273606561777,22,8
15575,"Hoge, Tom",243,Trinity Forest Golf Club,sg_ott,-0.08834842580834591,0.5300807114908475,23,8
15575,"Hoge, Tom",21,Colonial Country Club,sg_ott,0.45641255429878846,0.5148436857747805,50,8
15575,"Hoge, Tom",654,The Country Club,sg_ott,0.6202416848157339,0.4887135329746615,13,8
15575,"Hoge, Tom",698,Quail Hollow Club,sg_ott,0.5499665403203583,0.4783427498881751,52,8
15575,"Hoge, Tom",926,Silverado Resort (North Course),sg_ott,-0.05537821484628558,0.4695369826470083,14,8
15575,"Hoge, Tom",883,TPC Twin Cities,sg_ott,0.24849088345845022,0.45235980784155716,30,8
15575,"Hoge, Tom",734,PGA National Resort (The Champion),sg_ott,-0.5638337989864763,0.45228278937398675,56,8
15575,"Hoge, Tom",770,TPC San Antonio - The Oaks Course,sg_ott,0.39003742726924184,0.45218651003185867,50,8
15575,"Hoge, Tom",241,Quail Hollow-PGA Championship,sg_ott,-0.9767393864382087,0.443843453458752,34,8
15575,"Hoge, Tom",884,Keene Trace Golf Club (Champion Trace),sg_ott,0.5379098150344452,0.4361033501171625,18,8
15575,"Hoge, Tom",14,Augusta National Golf Club,sg_ott,0.2624676481473765,0.42768357649408206,23,8
15575,"Hoge, Tom",32,Glen Abbey GC,sg_ott,-0.02214362440373789,0.38804505962737723,40,8
15575,"Hoge, Tom",5,Pebble Beach Golf Links,sg_ott,0.4452883841272176,0.37764395709692644,49,8
15575,"Hoge, Tom",500,The Riviera Country Club,sg_ott,0.21003576252929512,0.3722795836501979,54,8
15575,"Hoge, Tom",709,Royal Troon,sg_ott,-0.5358686658134666,0.3555471361658512,14,8
15575,"Hoge, Tom",700,TPC Boston,sg_ott,0.08458477593663685,0.31039427326405605,52,8
15575,"Hoge, Tom",709,Royal Troon,sg_putt,-1.5881610314149666,0.8553792953613122,14,8
15575,"Hoge, Tom",2000,Sherwood Country Club,sg_putt,0.3621729803754783,0.8489529445552979,12,8
15575,"Hoge, Tom",928,PGA National  - Champion Course,sg_putt,-0.17516631450399311,0.8319135400555944,13,8
15575,"Hoge, Tom",660,Montreux Golf & Country Club,sg_putt,0.4233026129004242,0.7895447899934764,8,8
15575,"Hoge, Tom",243,Trinity Forest Golf Club,sg_putt,-0.34795770395934106,0.7803268512585968,23,8
15575,"Hoge, Tom",819,Harbor Shores Resort,sg_putt,0.5560676807921057,0.7790085197570994,15,8
15575,"Hoge, Tom",552,Silverado Resort and Spa (North Course),sg_putt,0.43935756145403665,0.7652038880499961,39,8
15575,"Hoge, Tom",896,Olympia Fields Country Club (North Course),sg_putt,0.7772834955916842,0.7300243530921173,13,8
15575,"Hoge, Tom",930,Black Desert Resort,sg_putt,-0.009001221222967613,0.709353178421583,6,8
15575,"Hoge, Tom",744,Torrey Pines (South),sg_putt,0.1981315152112219,0.6493713284526129,20,8
15575,"Hoge, Tom",616,Robert Trent Jones GC,sg_putt,-0.6809071243979684,0.6145951362159888,15,8
15575,"Hoge, Tom",697,Ocean Course at Kiawah Island,sg_putt,0.12451002345595828,0.6047937213752724,24,8
15575,"Hoge, Tom",884,Keene Trace Golf Club (Champion Trace),sg_putt,-0.736052214647733,0.560092074734469,18,8
15575,"Hoge, Tom",43,The Los Angeles Country Club (North Course),sg_putt,-0.8315263708043532,0.5587238547117286,13,8
15575,"Hoge, Tom",608,Oakmont Country Club,sg_putt,-1.4933240334059126,0.5378019635320631,10,8
15575,"Hoge, Tom",873,Ridgewood CC,sg_putt,0.13051630405839615,0.5371535915100778,22,8
15575,"Hoge, Tom",668,St. Andrews Links (Old Course),sg_putt,-1.537928467716282,0.5243576462108127,16,8
15575,"Hoge, Tom",872,Quail Hollow Club,sg_putt,-0.07534723593750157,0.5080732719746718,36,8
15575,"Hoge, Tom",770,TPC San Antonio - The Oaks Course,sg_putt,-0.5680790403889899,0.49979074287184344,50,8
15575,"Hoge, Tom",977,The Renaissance Club,sg_putt,0.0979207812153529,0.49863130395531924,16,8
15575,"Hoge, Tom",902,Congaree Golf Club,sg_putt,1.2637078838207711,0.47712841747238366,20,8
15575,"Hoge, Tom",897,Memorial Park Golf Course,sg_putt,0.11672926170073943,0.46100063008810405,29,8
15575,"Hoge, Tom",649,Hualalai Golf Course,sg_putt,-2.1131067199994233,0.45688429085995663,36,8
15575,"Hoge, Tom",665,Innisbrook Resort and Golf Club - Copperhead Course,sg_putt,-0.5015678991989123,0.42909909172145166,54,8
15575,"Hoge, Tom",883,TPC Twin Cities,sg_putt,-0.7960060993886956,0.41039090006103524,30,8
15575,"Hoge, Tom",669,TPC Deere Run,sg_putt,-1.5934514999947431,0.38981961108634927,38,8
15575,"Hoge, Tom",538,TPC Summerlin,sg_putt,0.15174849825810016,0.38935899749088204,47,8
15575,"Hoge, Tom",514,Oak Hill Country Club,sg_putt,-0.3265069999536925,0.3788799219519931,14,8
15575,"Hoge, Tom",882,Caves Valley Golf Club,sg_putt,1.056135318288888,0.36537833409543036,15,8
15575,"Hoge, Tom",886,Liberty National Golf Club,sg_putt,2.1229380616541986,0.30772935775047244,27,8
15575,"Hoge, Tom",19,TPC Four Seasons Resort,sg_putt,1.2779409106117794,0.3013355876184594,48,8
15575,"Hoge, Tom",896,Olympia Fields Country Club (North Course),sg_total,0.5879742592800795,0.8247619918620935,14,8
15575,"Hoge, Tom",919,El Cardonal at Diamante,sg_total,0.3689983688223687,0.8241756895683453,10,8
15575,"Hoge, Tom",379,The Philadelphia Cricket Club (Wissahickon Course),sg_total,-1.3966430829402827,0.7585737211164316,9,8
15575,"Hoge, Tom",19,TPC Four Seasons Resort,sg_total,0.5425112549032329,0.7535983141081465,50,8
15575,"Hoge, Tom",43,The Los Angeles Country Club (North Course),sg_total,-0.5658382264300796,0.7514161263884058,15,8
15575,"Hoge, Tom",406,Castle Pines Golf Club,sg_total,0.9288261673779118,0.7413756204749691,8,8
15575,"Hoge, Tom",552,Silverado Resort and Spa (North Course),sg_total,0.9774387585646264,0.7376139349852081,40,8
15575,"Hoge, Tom",901,Wilmington Country Club,sg_total,-0.19024035021590407,0.7257352782065652,8,8
15575,"Hoge, Tom",890,Tahoe Mountain Club (Old Greenwood),sg_total,-2.8005440024395964,0.7001988553273849,19,8
15575,"Hoge, Tom",933,East Lake Golf Club,sg_total,-2.5766450385787465,0.6988564682519897,7,8
15575,"Hoge, Tom",939,Torrey Pines Golf Course (South Course),sg_total,-2.6564249199131584,0.6930839691436437,10,8
15575,"Hoge, Tom",872,Quail Hollow Club,sg_total,-0.2716580750004638,0.6851889404998475,37,8
15575,"Hoge, Tom",746,The Country Club of Jackson,sg_total,-1.1792107411944288,0.6225740180522429,34,8
15575,"Hoge, Tom",928,PGA National  - Champion Course,sg_total,-0.8689005495418831,0.6132577956350657,13,8
15575,"Hoge, Tom",977,The Renaissance Club,sg_total,-0.6639322248581678,0.6111814446513488,20,8
15575,"Hoge, Tom",895,TPC Harding Park,sg_total,0.387709423865808,0.6084200207744371,26,8
15575,"Hoge, Tom",770,TPC San Antonio - The Oaks Course,sg_total,0.7819933234621185,0.6076650388350318,54,8
15575,"Hoge, Tom",514,Oak Hill Country Club,sg_total,-0.31637570259441217,0.6041384175417843,15,8
15575,"Hoge, Tom",897,Memorial Park Golf Course,sg_total,-0.4357231074303487,0.5969683733902095,30,8
15575,"Hoge, Tom",4,Torrey Pines Golf Course (South Course),sg_total,-1.0795907236762814,0.5869275084275075,56,8
15575,"Hoge, Tom",205,Spyglass Hill Golf Course,sg_total,1.4868939320659211,0.557455820713923,53,8
15575,"Hoge, Tom",771,The Old White TPC,sg_total,1.2172669450399902,0.5529609738461922,43,8
15575,"Hoge, Tom",818,Chambers Bay GC,sg_total,0.3846653281843423,0.5439215943066038,38,8
15575,"Hoge, Tom",666,Pebble Beach Golf Links,sg_total,1.5169976123487334,0.5426232759381483,49,8
15575,"Hoge, Tom",14,Augusta National Golf Club,sg_total,0.8146989555399605,0.5394044836198019,65,8
15575,"Hoge, Tom",822,Las Colinas Country Club,sg_total,-2.048845757778425,0.5373709005340206,27,8
15575,"Hoge, Tom",885,Royal Portrush Golf Club,sg_total,-5.09709861539468,0.52887766569415,30,8
15575,"Hoge, Tom",744,Torrey Pines (South),sg_total,0.5344319683323323,0.5214711179618798,46,8
15575,"Hoge, Tom",513,TPC Southwind,sg_total,-0.7799182709588987,0.5150057683020087,55,8
15575,"Hoge, Tom",800,The Abaco Club on Winding Bay,sg_total,-1.2058133576629735,0.5085375076292757,35,8
15575,"Hoge, Tom",700,TPC Boston,sg_total,-0.5640647472005391,0.507527023233339,54,8
15575,"Hoge, Tom",769,Monterey Peninsula CC,sg_total,-0.5932055983000302,0.5002066489573296,49,8
15575,"Hoge, Tom",538,TPC Summerlin,sg_total,0.10199462307687313,0.43235476111085686,50,8
15575,"Hoge, Tom",100,Omni Tucson National,sg_total,0.11866532818434217,0.4299162671909255,45,8
15575,"Hoge, Tom",241,Quail Hollow-PGA Championship,sg_total,0.43801650804095027,0.4265006951284631,37,8
15575,"Hoge, Tom",902,Congaree Golf Club,sg_total,2.0723530928330107,0.41161328631299193,21,8
15575,"Hoge, Tom",875,ACCORDIA GOLF Narashino Country Club,sg_total,-0.09053956572004027,0.386724896362914,20,8
15575,"Hoge, Tom",776,Sea Island Golf Club (Seaside Course),sg_total,0.10567535891087954,0.3755012307989047,47,8
15575,"Hoge, Tom",608,Oakmont Country Club,sg_total,0.12551424473133443,0.3547256152850429,53,8
15575,"Hoge, Tom",883,TPC Twin Cities,sg_total,-1.2239109953731195,0.35074426673837056,32,8
15575,"Hoge, Tom",876,Detroit Golf Club,sg_total,-2.563159289463722,0.3154707070451331,31,8
23602,"Hojgaard, Nicolai",928,PGA National  - Champion Course,sg_app,0.34500849531615274,0.7671751837159452,13,8
23602,"Hojgaard, Nicolai",935,TPC Toronto at Osprey Valley (North Course),sg_app,-0.9455374576304184,0.7116924721794581,6,8
23602,"Hojgaard, Nicolai",241,Quail Hollow-PGA Championship,sg_app,0.7612915335698961,0.7056566483257517,34,8
23602,"Hojgaard, Nicolai",876,Detroit Golf Club,sg_app,0.5771219826527624,0.6896168809184317,29,8
23602,"Hojgaard, Nicolai",4,Torrey Pines Golf Course (South Course),sg_app,-0.12174079383949682,0.6702800253204808,51,8
23602,"Hojgaard, Nicolai",724,Royal Liverpool,sg_app,0.3743710857217233,0.6632783746768827,14,8
23602,"Hojgaard, Nicolai",665,Innisbrook Resort and Golf Club - Copperhead Course,sg_app,-0.40894314125064346,0.5909971343340352,54,8
23602,"Hojgaard, Nicolai",14,Augusta National Golf Club,sg_app,-0.5333552391438834,0.5249097184931832,23,8
23602,"Hojgaard, Nicolai",770,TPC San Antonio - The Oaks Course,sg_app,0.9445908398541493,0.524784468692467,50,8
23602,"Hojgaard, Nicolai",977,The Renaissance Club,sg_app,0.7456565537207237,0.47281672246556705,16,8
23602,"Hojgaard, Nicolai",885,Royal Portrush Golf Club,sg_app,0.312519280934073,0.4489419284589953,15,8
23602,"Hojgaard, Nicolai",510,TPC Scottsdale (Stadium Course),sg_app,0.5433295987899619,0.4198044142274062,49,8
23602,"Hojgaard, Nicolai",897,Memorial Park Golf Course,sg_app,0.3281660205739346,0.40296007074916906,29,8
23602,"Hojgaard, Nicolai",874,Hamilton Golf & Country Club,sg_app,0.24555466890439104,0.39319658002294006,21,8
23602,"Hojgaard, Nicolai",528,Pinehurst Resort & Country Club (Course No. 2),sg_app,0.6682784390971237,0.3150926551363546,13,8
23602,"Hojgaard, Nicolai",883,TPC Twin Cities,sg_arg,-0.5485213437304061,0.7867501524651601,30,8
23602,"Hojgaard, Nicolai",14,Augusta National Golf Club,sg_arg,0.02495232015118959,0.6966083272472707,23,8
23602,"Hojgaard, Nicolai",9,Arnold Palmer's Bay Hill Club & Lodge,sg_arg,0.31150393962240236,0.6663502146645437,55,8
23602,"Hojgaard, Nicolai",978,Vidanta Vallarta,sg_arg,0.19526654934576504,0.5939369030173401,16,8
23602,"Hojgaard, Nicolai",977,The Renaissance Club,sg_arg,-0.15740890822237494,0.5766157384771762,16,8
23602,"Hojgaard, Nicolai",528,Pinehurst Resort & Country Club (Course No. 2),sg_arg,0.07624808755646133,0.5246733621084892,13,8
23602,"Hojgaard, Nicolai",514,Oak Hill Country Club,sg_arg,-0.09969423082472519,0.4528767618255562,14,8
23602,"Hojgaard, Nicolai",885,Royal Portrush Golf Club,sg_arg,0.7283962269318315,0.39205476717281856,15,8
23602,"Hojgaard, Nicolai",4,Torrey Pines Golf Course (South Course),sg_arg,0.1043823769679862,0.3899247548025363,51,8
23602,"Hojgaard, Nicolai",500,The Riviera Country Club,sg_arg,-0.02057935012768357,0.36910745033253783,54,8
23602,"Hojgaard, Nicolai",746,The Country Club of Jackson,sg_ott,0.3895925363195714,0.8252517828177022,32,8
23602,"Hojgaard, Nicolai",514,Oak Hill Country Club,sg_ott,0.36346247342808335,0.8127203741169257,14,8
23602,"Hojgaard, Nicolai",921,TPC Craig Ranch,sg_ott,0.22231830263813512,0.8124938419538594,15,8
23602,"Hojgaard, Nicolai",897,Memorial Park Golf Course,sg_ott,0.7300560331483514,0.7975910700248214,29,8
23602,"Hojgaard, Nicolai",665,Innisbrook Resort and Golf Club - Copperhead Course,sg_ott,-0.518212822156265,0.7274722902336741,54,8
23602,"Hojgaard, Nicolai",528,Pinehurst Resort & Country Club (Course No. 2),sg_ott,-0.40706008035030083,0.605912040107582,13,8
23602,"Hojgaard, Nicolai",671,Valhalla Golf Club,sg_ott,-0.9451787535749261,0.5447209390309542,42,8
23602,"Hojgaard, Nicolai",21,Colonial Country Club,sg_ott,-0.16796958864507539,0.5148436857747805,50,8
23602,"Hojgaard, Nicolai",883,TPC Twin Cities,sg_ott,-0.4875575135383123,0.45235980784155716,30,8
23602,"Hojgaard, Nicolai",770,TPC San Antonio - The Oaks Course,sg_ott,-0.10803308243774067,0.45218651003185867,50,8
23602,"Hojgaard, Nicolai",241,Quail Hollow-PGA Championship,sg_ott,-0.5386684204438357,0.443843453458752,34,8
23602,"Hojgaard, Nicolai",14,Augusta National Golf Club,sg_ott,0.4417875359928681,0.42768357649408206,23,8
23602,"Hojgaard, Nicolai",5,Pebble Beach Golf Links,sg_ott,1.5713807068364891,0.37764395709692644,49,8
23602,"Hojgaard, Nicolai",500,The Riviera Country Club,sg_ott,-0.7652250452624492,0.3722795836501979,54,8
23602,"Hojgaard, Nicolai",709,Royal Troon,sg_ott,0.4771590900477371,0.3555471361658512,14,8
23602,"Hojgaard, Nicolai",709,Royal Troon,sg_putt,-1.0994933607162725,0.8553792953613122,14,8
23602,"Hojgaard, Nicolai",928,PGA National  - Champion Course,sg_putt,0.35499347548252086,0.8319135400555944,13,8
23602,"Hojgaard, Nicolai",935,TPC Toronto at Osprey Valley (North Course),sg_putt,-1.2026416743263209,0.7214011843267554,6,8
23602,"Hojgaard, Nicolai",978,Vidanta Vallarta,sg_putt,-0.6120785313920789,0.6967043554693465,16,8
23602,"Hojgaard, Nicolai",908,Oakdale Golf & Country Club,sg_putt,-0.1402563649018974,0.5541251730836958,10,8
23602,"Hojgaard, Nicolai",668,St. Andrews Links (Old Course),sg_putt,0.8745575335530178,0.5243576462108127,16,8
23602,"Hojgaard, Nicolai",770,TPC San Antonio - The Oaks Course,sg_putt,-0.6420340725116804,0.49979074287184344,50,8
23602,"Hojgaard, Nicolai",977,The Renaissance Club,sg_putt,0.2624857896194715,0.49863130395531924,16,8
23602,"Hojgaard, Nicolai",897,Memorial Park Golf Course,sg_putt,-0.13119617545108775,0.46100063008810405,29,8
23602,"Hojgaard, Nicolai",665,Innisbrook Resort and Golf Club - Copperhead Course,sg_putt,-0.14910608818684754,0.42909909172145166,54,8
23602,"Hojgaard, Nicolai",883,TPC Twin Cities,sg_putt,-0.9196031730181278,0.41039090006103524,30,8
23602,"Hojgaard, Nicolai",538,TPC Summerlin,sg_putt,0.8188729520038263,0.38935899749088204,47,8
23602,"Hojgaard, Nicolai",514,Oak Hill Country Club,sg_putt,0.7321644864688597,0.3788799219519931,14,8
23602,"Hojgaard, Nicolai",978,Vidanta Vallarta,sg_total,0.17589544498741871,0.7044733074594649,17,8
23602,"Hojgaard, Nicolai",746,The Country Club of Jackson,sg_total,-2.063293596730577,0.6225740180522429,34,8
23602,"Hojgaard, Nicolai",928,PGA National  - Champion Course,sg_total,0.7356023511861217,0.6132577956350657,13,8
23602,"Hojgaard, Nicolai",977,The Renaissance Club,sg_total,1.2209969867351265,0.6111814446513488,20,8
23602,"Hojgaard, Nicolai",770,TPC San Antonio - The Oaks Course,sg_total,-0.8922047688253253,0.6076650388350318,54,8
23602,"Hojgaard, Nicolai",514,Oak Hill Country Club,sg_total,0.5922123732843482,0.6041384175417843,15,8
23602,"Hojgaard, Nicolai",897,Memorial Park Golf Course,sg_total,1.068357816974864,0.5969683733902095,30,8
23602,"Hojgaard, Nicolai",4,Torrey Pines Golf Course (South Course),sg_total,0.7995404482842935,0.5869275084275075,56,8
23602,"Hojgaard, Nicolai",205,Spyglass Hill Golf Course,sg_total,-4.158780243610977,0.557455820713923,53,8
23602,"Hojgaard, Nicolai",14,Augusta National Golf Club,sg_total,-0.8700337712951496,0.5394044836198019,65,8
23602,"Hojgaard, Nicolai",885,Royal Portrush Golf Club,sg_total,1.4873807300963837,0.52887766569415,30,8
23602,"Hojgaard, Nicolai",538,TPC Summerlin,sg_total,-1.354135248129431,0.43235476111085686,50,8
23602,"Hojgaard, Nicolai",241,Quail Hollow-PGA Championship,sg_total,0.6459113918399949,0.4265006951284631,37,8
23602,"Hojgaard, Nicolai",875,ACCORDIA GOLF Narashino Country Club,sg_total,-0.27079631445730057,0.386724896362914,20,8
23602,"Hojgaard, Nicolai",883,TPC Twin Cities,sg_total,-0.6200091797133496,0.35074426673837056,32,8
23602,"Hojgaard, Nicolai",876,Detroit Golf Club,sg_total,0.027895500359424008,0.3154707070451331,31,8
17538,"Homa, Max",896,Olympia Fields Country Club (North Course),sg_app,-0.005738425126913707,0.8315178735937293,13,8
17538,"Homa, Max",928,PGA National  - Champion Course,sg_app,0.08314291732121909,0.7671751837159452,13,8
17538,"Homa, Max",939,Torrey Pines Golf Course (South Course),sg_app,-1.420181984402789,0.7487285792532103,9,8
17538,"Homa, Max",902,Congaree Golf Club,sg_app,0.7324922103764758,0.7464172844547262,20,8
17538,"Homa, Max",891,Winged Foot GC,sg_app,-1.196437434492942,0.7126732274142469,23,8
17538,"Homa, Max",935,TPC Toronto at Osprey Valley (North Course),sg_app,-0.6293740103520218,0.7116924721794581,6,8
17538,"Homa, Max",697,Ocean Course at Kiawah Island,sg_app,-0.9733656304099393,0.7069136776164395,24,8
17538,"Homa, Max",241,Quail Hollow-PGA Championship,sg_app,-0.38028146555165765,0.7056566483257517,34,8
17538,"Homa, Max",876,Detroit Golf Club,sg_app,0.313705954821346,0.6896168809184317,29,8
17538,"Homa, Max",4,Torrey Pines Golf Course (South Course),sg_app,0.1450556627661902,0.6702800253204808,51,8
17538,"Homa, Max",724,Royal Liverpool,sg_app,0.43842633567756484,0.6632783746768827,14,8
17538,"Homa, Max",237,TPC Potomac at Avenel Farm,sg_app,0.6046792248041601,0.6615951373353582,23,8
17538,"Homa, Max",880,Bethpage Black,sg_app,0.7105192862710246,0.6551865014282398,28,8
17538,"Homa, Max",43,The Los Angeles Country Club (North Course),sg_app,0.09989994035674757,0.652561798717866,13,8
17538,"Homa, Max",872,Quail Hollow Club,sg_app,0.22335036669626443,0.6423650899143748,36,8
17538,"Homa, Max",552,Silverado Resort and Spa (North Course),sg_app,0.27380011404079574,0.6270648570577193,39,8
17538,"Homa, Max",232,Albany GC,sg_app,-0.4518825489335493,0.6223580975544195,7,8
17538,"Homa, Max",898,The Concession Golf Club,sg_app,-0.04968041330643194,0.5978760108741452,13,8
17538,"Homa, Max",665,Innisbrook Resort and Golf Club - Copperhead Course,sg_app,0.47596564530562213,0.5909971343340352,54,8
17538,"Homa, Max",700,TPC Boston,sg_app,-0.7778699035791166,0.5801062715329093,52,8
17538,"Homa, Max",744,Torrey Pines (South),sg_app,0.011112392685364444,0.5291018199363902,20,8
17538,"Homa, Max",14,Augusta National Golf Club,sg_app,0.9064998355909425,0.5249097184931832,23,8
17538,"Homa, Max",770,TPC San Antonio - The Oaks Course,sg_app,-0.8649533194802184,0.524784468692467,50,8
17538,"Homa, Max",611,Southern Hills Country Club,sg_app,1.4151151196413543,0.5183385212389265,21,8
17538,"Homa, Max",882,Caves Valley Golf Club,sg_app,0.13993785069686285,0.4904074682099971,15,8
17538,"Homa, Max",977,The Renaissance Club,sg_app,-1.6149436048841577,0.47281672246556705,16,8
17538,"Homa, Max",771,The Old White TPC,sg_app,0.08798506884281646,0.47094988388515785,41,8
17538,"Homa, Max",893,Muirfield Village Golf Club,sg_app,0.8745063736832821,0.42322662719000703,23,8
17538,"Homa, Max",510,TPC Scottsdale (Stadium Course),sg_app,-0.39900351603376727,0.4198044142274062,49,8
17538,"Homa, Max",897,Memorial Park Golf Course,sg_app,0.016607120228285643,0.40296007074916906,29,8
17538,"Homa, Max",235,Eagle Point Golf Club,sg_app,0.12459893772921707,0.3860951981370469,21,8
17538,"Homa, Max",406,Castle Pines Golf Club,sg_app,1.5460346635716755,0.37629742151287615,7,8
17538,"Homa, Max",528,Pinehurst Resort & Country Club (Course No. 2),sg_app,-0.9311775223257551,0.3150926551363546,13,8
17538,"Homa, Max",19,TPC Four Seasons Resort,sg_app,-1.5427586782317568,0.3150439971860182,48,8
17538,"Homa, Max",205,Spyglass Hill Golf Course,sg_arg,0.4168083439802481,0.8931748466298375,10,8
17538,"Homa, Max",883,TPC Twin Cities,sg_arg,0.36600716985460885,0.7867501524651601,30,8
17538,"Homa, Max",744,Torrey Pines (South),sg_arg,-0.3432624014101553,0.7582209181562641,20,8
17538,"Homa, Max",14,Augusta National Golf Club,sg_arg,0.06070835601672162,0.6966083272472707,23,8
17538,"Homa, Max",9,Arnold Palmer's Bay Hill Club & Lodge,sg_arg,-0.11128957755137708,0.6663502146645437,55,8
17538,"Homa, Max",930,Black Desert Resort,sg_arg,0.08369648985107425,0.6659138517567389,6,8
17538,"Homa, Max",939,Torrey Pines Golf Course (South Course),sg_arg,0.5690823659034877,0.6481740336083687,9,8
17538,"Homa, Max",896,Olympia Fields Country Club (North Course),sg_arg,-0.19500433366018022,0.6081893022397992,13,8
17538,"Homa, Max",977,The Renaissance Club,sg_arg,0.6598469002378592,0.5766157384771762,16,8
17538,"Homa, Max",528,Pinehurst Resort & Country Club (Course No. 2),sg_arg,1.0038527490635256,0.5246733621084892,13,8
17538,"Homa, Max",19,TPC Four Seasons Resort,sg_arg,-0.5867456408361975,0.5175416912724531,48,8
17538,"Homa, Max",611,Southern Hills Country Club,sg_arg,0.19303292731756222,0.4980626838282213,21,8
17538,"Homa, Max",514,Oak Hill Country Club,sg_arg,-0.44647451822345746,0.4528767618255562,14,8
17538,"Homa, Max",649,Hualalai Golf Course,sg_arg,1.2722059385840023,0.44183968801198004,36,8
17538,"Homa, Max",698,Quail Hollow Club,sg_arg,-0.8296913266702846,0.41704133255957127,52,8
17538,"Homa, Max",697,Ocean Course at Kiawah Island,sg_arg,-1.5403326667455397,0.4160654028125454,24,8
17538,"Homa, Max",503,TPC River Highlands,sg_arg,-0.1868662896074741,0.4014194396486374,51,8
17538,"Homa, Max",235,Eagle Point Golf Club,sg_arg,-1.0464697344921035,0.3990891778199044,21,8
17538,"Homa, Max",4,Torrey Pines Golf Course (South Course),sg_arg,0.3147943718658655,0.3899247548025363,51,8
17538,"Homa, Max",729,Golf Club of Houston,sg_arg,-0.7778310630658534,0.3790111774135132,54,8
17538,"Homa, Max",669,TPC Deere Run,sg_arg,-0.5295990848589512,0.3763200181958359,38,8
17538,"Homa, Max",500,The Riviera Country Club,sg_arg,0.05595452147973922,0.36910745033253783,54,8
17538,"Homa, Max",616,Robert Trent Jones GC,sg_arg,-0.04468770769507923,0.32818114468011245,15,8
17538,"Homa, Max",902,Congaree Golf Club,sg_arg,1.176242137398249,0.31392215570295146,20,8
17538,"Homa, Max",552,Silverado Resort and Spa (North Course),sg_arg,0.34743848627368423,0.30969972483809577,39,8
17538,"Homa, Max",901,Wilmington Country Club,sg_ott,0.40488930493813746,0.8630761206823632,8,8
17538,"Homa, Max",746,The Country Club of Jackson,sg_ott,-0.5762218905213284,0.8252517828177022,32,8
17538,"Homa, Max",697,Ocean Course at Kiawah Island,sg_ott,1.3115002647692222,0.8177837473279898,24,8
17538,"Homa, Max",514,Oak Hill Country Club,sg_ott,-0.1920842198775626,0.8127203741169257,14,8
17538,"Homa, Max",656,Plantation Course at Kapalua,sg_ott,0.5584965720159457,0.8079739846971773,45,8
17538,"Homa, Max",897,Memorial Park Golf Course,sg_ott,0.2687430679632468,0.7975910700248214,29,8
17538,"Homa, Max",19,TPC Four Seasons Resort,sg_ott,-0.7133763045511243,0.7592243617778875,48,8
17538,"Homa, Max",205,Spyglass Hill Golf Course,sg_ott,-0.46742840338231717,0.7354241572242235,10,8
17538,"Homa, Max",665,Innisbrook Resort and Golf Club - Copperhead Course,sg_ott,-0.9151516921824331,0.7274722902336741,54,8
17538,"Homa, Max",930,Black Desert Resort,sg_ott,0.23696278046433097,0.7201825483385862,6,8
17538,"Homa, Max",872,Quail Hollow Club,sg_ott,0.04536360402059389,0.7095329685955294,36,8
17538,"Homa, Max",232,Albany GC,sg_ott,0.5927009655984972,0.6990513806604631,7,8
17538,"Homa, Max",669,TPC Deere Run,sg_ott,0.8568501744231947,0.6958014020825517,38,8
17538,"Homa, Max",895,TPC Harding Park,sg_ott,0.2001741271798482,0.6913221539478895,25,8
17538,"Homa, Max",237,TPC Potomac at Avenel Farm,sg_ott,1.1262864204605745,0.6685057551764296,23,8
17538,"Homa, Max",43,The Los Angeles Country Club (North Course),sg_ott,0.36450135722121046,0.6561752385219565,13,8
17538,"Homa, Max",744,Torrey Pines (South),sg_ott,0.6488539722170709,0.6527298605945488,20,8
17538,"Homa, Max",939,Torrey Pines Golf Course (South Course),sg_ott,-1.3326252260457458,0.6420342944454386,9,8
17538,"Homa, Max",348,Medinah Country Club (No. 3),sg_ott,0.5952621983029507,0.6402835614018546,18,8
17538,"Homa, Max",528,Pinehurst Resort & Country Club (Course No. 2),sg_ott,-0.6881466655801058,0.605912040107582,13,8
17538,"Homa, Max",704,Pete Dye Stadium Course,sg_ott,0.23149862034975513,0.5925443054801743,33,8
17538,"Homa, Max",729,Golf Club of Houston,sg_ott,-0.8358244694062296,0.5762066930736335,54,8
17538,"Homa, Max",671,Valhalla Golf Club,sg_ott,-0.42832490258238265,0.5447209390309542,42,8
17538,"Homa, Max",21,Colonial Country Club,sg_ott,-0.5013300208857896,0.5148436857747805,50,8
17538,"Homa, Max",654,The Country Club,sg_ott,0.28136309299998197,0.4887135329746615,13,8
17538,"Homa, Max",698,Quail Hollow Club,sg_ott,-0.08547839409923011,0.4783427498881751,52,8
17538,"Homa, Max",926,Silverado Resort (North Course),sg_ott,0.20646305019422567,0.4695369826470083,14,8
17538,"Homa, Max",883,TPC Twin Cities,sg_ott,0.32532464716457576,0.45235980784155716,30,8
17538,"Homa, Max",734,PGA National Resort (The Champion),sg_ott,0.5982177806659442,0.45228278937398675,56,8
17538,"Homa, Max",770,TPC San Antonio - The Oaks Course,sg_ott,0.04308960985271891,0.45218651003185867,50,8
17538,"Homa, Max",241,Quail Hollow-PGA Championship,sg_ott,0.6247569175272899,0.443843453458752,34,8
17538,"Homa, Max",14,Augusta National Golf Club,sg_ott,-0.16453788827177718,0.42768357649408206,23,8
17538,"Homa, Max",32,Glen Abbey GC,sg_ott,-0.5387636626246123,0.38804505962737723,40,8
17538,"Homa, Max",5,Pebble Beach Golf Links,sg_ott,-0.1420083191320175,0.37764395709692644,49,8
17538,"Homa, Max",500,The Riviera Country Club,sg_ott,0.26085732891052366,0.3722795836501979,54,8
17538,"Homa, Max",709,Royal Troon,sg_ott,0.31834789342355735,0.3555471361658512,14,8
17538,"Homa, Max",700,TPC Boston,sg_ott,-0.22491152259551683,0.31039427326405605,52,8
17538,"Homa, Max",709,Royal Troon,sg_putt,0.9980673065939044,0.8553792953613122,14,8
17538,"Homa, Max",928,PGA National  - Champion Course,sg_putt,0.2532668508000809,0.8319135400555944,13,8
17538,"Homa, Max",819,Harbor Shores Resort,sg_putt,0.3964586021285263,0.7790085197570994,15,8
17538,"Homa, Max",552,Silverado Resort and Spa (North Course),sg_putt,0.8070186822608182,0.7652038880499961,39,8
17538,"Homa, Max",896,Olympia Fields Country Club (North Course),sg_putt,0.5542016932193423,0.7300243530921173,13,8
17538,"Homa, Max",935,TPC Toronto at Osprey Valley (North Course),sg_putt,0.3727737053660004,0.7214011843267554,6,8
17538,"Homa, Max",930,Black Desert Resort,sg_putt,1.0533027027060362,0.709353178421583,6,8
17538,"Homa, Max",744,Torrey Pines (South),sg_putt,-1.4074425940618362,0.6493713284526129,20,8
17538,"Homa, Max",616,Robert Trent Jones GC,sg_putt,-0.0873979347630323,0.6145951362159888,15,8
17538,"Homa, Max",697,Ocean Course at Kiawah Island,sg_putt,-0.6217703142397395,0.6047937213752724,24,8
17538,"Homa, Max",43,The Los Angeles Country Club (North Course),sg_putt,0.022080306489590987,0.5587238547117286,13,8
17538,"Homa, Max",898,The Concession Golf Club,sg_putt,0.07664151143471577,0.5261112008538217,13,8
17538,"Homa, Max",668,St. Andrews Links (Old Course),sg_putt,-0.5265910194832384,0.5243576462108127,16,8
17538,"Homa, Max",872,Quail Hollow Club,sg_putt,0.28493287397656936,0.5080732719746718,36,8
17538,"Homa, Max",770,TPC San Antonio - The Oaks Course,sg_putt,-0.2558683484602108,0.49979074287184344,50,8
17538,"Homa, Max",977,The Renaissance Club,sg_putt,-0.011115221150569357,0.49863130395531924,16,8
17538,"Homa, Max",902,Congaree Golf Club,sg_putt,-0.45808796289206843,0.47712841747238366,20,8
17538,"Homa, Max",897,Memorial Park Golf Course,sg_putt,-0.5465635937785848,0.46100063008810405,29,8
17538,"Homa, Max",649,Hualalai Golf Course,sg_putt,-1.2608372629467735,0.45688429085995663,36,8
17538,"Homa, Max",665,Innisbrook Resort and Golf Club - Copperhead Course,sg_putt,-1.328850069504737,0.42909909172145166,54,8
17538,"Homa, Max",891,Winged Foot GC,sg_putt,-2.0469892421415867,0.4283793448531367,23,8
17538,"Homa, Max",883,TPC Twin Cities,sg_putt,-0.6918483721300334,0.41039090006103524,30,8
17538,"Homa, Max",669,TPC Deere Run,sg_putt,0.30771482126180344,0.38981961108634927,38,8
17538,"Homa, Max",538,TPC Summerlin,sg_putt,0.07954127971775683,0.38935899749088204,47,8
17538,"Homa, Max",514,Oak Hill Country Club,sg_putt,0.7088163941784004,0.3788799219519931,14,8
17538,"Homa, Max",882,Caves Valley Golf Club,sg_putt,-1.6931278949235162,0.36537833409543036,15,8
17538,"Homa, Max",886,Liberty National Golf Club,sg_putt,-0.22809196776204788,0.30772935775047244,27,8
17538,"Homa, Max",19,TPC Four Seasons Resort,sg_putt,-1.7321122335598693,0.3013355876184594,48,8
17538,"Homa, Max",896,Olympia Fields Country Club (North Course),sg_total,0.9279653682168814,0.8247619918620935,14,8
17538,"Homa, Max",379,The Philadelphia Cricket Club (Wissahickon Course),sg_total,0.825948924278689,0.7585737211164316,9,8
17538,"Homa, Max",19,TPC Four Seasons Resort,sg_total,-4.567716139511692,0.7535983141081465,50,8
17538,"Homa, Max",43,The Los Angeles Country Club (North Course),sg_total,-1.40708978476965,0.7514161263884058,15,8
17538,"Homa, Max",406,Castle Pines Golf Club,sg_total,-0.9936897397738758,0.7413756204749691,8,8
17538,"Homa, Max",552,Silverado Resort and Spa (North Course),sg_total,1.6377918542148204,0.7376139349852081,40,8
17538,"Homa, Max",901,Wilmington Country Club,sg_total,0.25160121776036215,0.7257352782065652,8,8
17538,"Homa, Max",891,Winged Foot GC,sg_total,-3.137666371720207,0.716785908305173,25,8
17538,"Homa, Max",939,Torrey Pines Golf Course (South Course),sg_total,-2.3460830888529975,0.6930839691436437,10,8
17538,"Homa, Max",872,Quail Hollow Club,sg_total,0.9031051555102856,0.6851889404998475,37,8
17538,"Homa, Max",746,The Country Club of Jackson,sg_total,0.9081003777504206,0.6225740180522429,34,8
17538,"Homa, Max",928,PGA National  - Champion Course,sg_total,1.1941489715470477,0.6132577956350657,13,8
17538,"Homa, Max",977,The Renaissance Club,sg_total,-0.8783489296533613,0.6111814446513488,20,8
17538,"Homa, Max",895,TPC Harding Park,sg_total,-1.3647820781681568,0.6084200207744371,26,8
17538,"Homa, Max",770,TPC San Antonio - The Oaks Course,sg_total,-0.667059635440722,0.6076650388350318,54,8
17538,"Homa, Max",514,Oak Hill Country Club,sg_total,-0.7770036582194428,0.6041384175417843,15,8
17538,"Homa, Max",897,Memorial Park Golf Course,sg_total,-0.05280152424422002,0.5969683733902095,30,8
17538,"Homa, Max",775,CordeValle GC,sg_total,2.280439607215833,0.5965076257611942,27,8
17538,"Homa, Max",4,Torrey Pines Golf Course (South Course),sg_total,-0.12561827256874286,0.5869275084275075,56,8
17538,"Homa, Max",205,Spyglass Hill Golf Course,sg_total,-0.7750081353360526,0.557455820713923,53,8
17538,"Homa, Max",771,The Old White TPC,sg_total,1.0208162982550597,0.5529609738461922,43,8
17538,"Homa, Max",14,Augusta National Golf Club,sg_total,1.4447333755364262,0.5394044836198019,65,8
17538,"Homa, Max",822,Las Colinas Country Club,sg_total,2.1870296990795235,0.5373709005340206,27,8
17538,"Homa, Max",744,Torrey Pines (South),sg_total,-1.2643586343138349,0.5214711179618798,46,8
17538,"Homa, Max",513,TPC Southwind,sg_total,-1.4441497258284757,0.5150057683020087,55,8
17538,"Homa, Max",700,TPC Boston,sg_total,-0.43795763285645406,0.507527023233339,54,8
17538,"Homa, Max",769,Monterey Peninsula CC,sg_total,0.45438850813795295,0.5002066489573296,49,8
17538,"Homa, Max",232,Albany GC,sg_total,-1.5516410722182725,0.4445505341369429,18,8
17538,"Homa, Max",538,TPC Summerlin,sg_total,-0.8442886362392965,0.43235476111085686,50,8
17538,"Homa, Max",241,Quail Hollow-PGA Championship,sg_total,0.19615727679708342,0.4265006951284631,37,8
17538,"Homa, Max",902,Congaree Golf Club,sg_total,0.5085941268646788,0.41161328631299193,21,8
17538,"Homa, Max",875,ACCORDIA GOLF Narashino Country Club,sg_total,0.007980501709077409,0.386724896362914,20,8
17538,"Homa, Max",778,Royal St. George's GC,sg_total,0.39936624011392197,0.3865346771917013,50,8
17538,"Homa, Max",776,Sea Island Golf Club (Seaside Course),sg_total,0.06251047274255053,0.3755012307989047,47,8
17538,"Homa, Max",880,Bethpage Black,sg_total,1.0328094788544095,0.3513476172401144,30,8
17538,"Homa, Max",883,TPC Twin Cities,sg_total,0.6394230099274413,0.35074426673837056,32,8
17538,"Homa, Max",876,Detroit Golf Club,sg_total,-0.2818849301724574,0.3154707070451331,31,8
18841,"Hovland, Viktor",896,Olympia Fields Country Club (North Course),sg_app,0.18354687374536946,0.8315178735937293,13,8
18841,"Hovland, Viktor",939,Torrey Pines Golf Course (South Course),sg_app,-0.3871824249996889,0.7487285792532103,9,8
18841,"Hovland, Viktor",902,Congaree Golf Club,sg_app,-1.0576561806099438,0.7464172844547262,20,8
18841,"Hovland, Viktor",891,Winged Foot GC,sg_app,0.3375959984153847,0.7126732274142469,23,8
18841,"Hovland, Viktor",697,Ocean Course at Kiawah Island,sg_app,-0.03257755474157802,0.7069136776164395,24,8
18841,"Hovland, Viktor",241,Quail Hollow-PGA Championship,sg_app,0.4446719265104343,0.7056566483257517,34,8
18841,"Hovland, Viktor",876,Detroit Golf Club,sg_app,0.37785593149834196,0.6896168809184317,29,8
18841,"Hovland, Viktor",4,Torrey Pines Golf Course (South Course),sg_app,1.1114108172073152,0.6702800253204808,51,8
18841,"Hovland, Viktor",724,Royal Liverpool,sg_app,0.7335053902940893,0.6632783746768827,14,8
18841,"Hovland, Viktor",43,The Los Angeles Country Club (North Course),sg_app,-0.7265642944853292,0.652561798717866,13,8
18841,"Hovland, Viktor",872,Quail Hollow Club,sg_app,-0.1436314830702112,0.6423650899143748,36,8
18841,"Hovland, Viktor",232,Albany GC,sg_app,-1.2366293663980714,0.6223580975544195,7,8
18841,"Hovland, Viktor",898,The Concession Golf Club,sg_app,1.6362558391405273,0.5978760108741452,13,8
18841,"Hovland, Viktor",665,Innisbrook Resort and Golf Club - Copperhead Course,sg_app,0.07130288829969508,0.5909971343340352,54,8
18841,"Hovland, Viktor",700,TPC Boston,sg_app,-0.09343036843878785,0.5801062715329093,52,8
18841,"Hovland, Viktor",2000,Sherwood Country Club,sg_app,-0.5013137888816975,0.5541693573359622,12,8
18841,"Hovland, Viktor",14,Augusta National Golf Club,sg_app,0.1276754567432715,0.5249097184931832,23,8
18841,"Hovland, Viktor",611,Southern Hills Country Club,sg_app,-0.11008781124578404,0.5183385212389265,21,8
18841,"Hovland, Viktor",882,Caves Valley Golf Club,sg_app,0.8564721359188056,0.4904074682099971,15,8
18841,"Hovland, Viktor",977,The Renaissance Club,sg_app,-0.07326856851566957,0.47281672246556705,16,8
18841,"Hovland, Viktor",771,The Old White TPC,sg_app,0.43559823332443365,0.47094988388515785,41,8
18841,"Hovland, Viktor",885,Royal Portrush Golf Club,sg_app,-1.5014314626617187,0.4489419284589953,15,8
18841,"Hovland, Viktor",893,Muirfield Village Golf Club,sg_app,0.6830439076552477,0.42322662719000703,23,8
18841,"Hovland, Viktor",510,TPC Scottsdale (Stadium Course),sg_app,-0.06469463462003162,0.4198044142274062,49,8
18841,"Hovland, Viktor",897,Memorial Park Golf Course,sg_app,-1.8609059090768458,0.40296007074916906,29,8
18841,"Hovland, Viktor",406,Castle Pines Golf Club,sg_app,0.8085199189839515,0.37629742151287615,7,8
18841,"Hovland, Viktor",887,Kasumigaseki Country Club,sg_app,-0.10002606656814347,0.3279484757050647,6,8
18841,"Hovland, Viktor",528,Pinehurst Resort & Country Club (Course No. 2),sg_app,0.322193958342756,0.3150926551363546,13,8
18841,"Hovland, Viktor",205,Spyglass Hill Golf Course,sg_arg,-0.08390322221655738,0.8931748466298375,10,8
18841,"Hovland, Viktor",608,Oakmont Country Club,sg_arg,1.8892635324046272,0.8244183901604997,10,8
18841,"Hovland, Viktor",883,TPC Twin Cities,sg_arg,-0.11104478879525048,0.7867501524651601,30,8
18841,"Hovland, Viktor",14,Augusta National Golf Club,sg_arg,-0.04824066786989746,0.6966083272472707,23,8
18841,"Hovland, Viktor",9,Arnold Palmer's Bay Hill Club & Lodge,sg_arg,-0.17680867115429433,0.6663502146645437,55,8
18841,"Hovland, Viktor",939,Torrey Pines Golf Course (South Course),sg_arg,-1.0343125655868146,0.6481740336083687,9,8
18841,"Hovland, Viktor",896,Olympia Fields Country Club (North Course),sg_arg,0.012762485123736955,0.6081893022397992,13,8
18841,"Hovland, Viktor",977,The Renaissance Club,sg_arg,-0.2511463746339195,0.5766157384771762,16,8
18841,"Hovland, Viktor",528,Pinehurst Resort & Country Club (Course No. 2),sg_arg,-1.6870489184617663,0.5246733621084892,13,8
18841,"Hovland, Viktor",611,Southern Hills Country Club,sg_arg,0.33654920552228973,0.4980626838282213,21,8
18841,"Hovland, Viktor",514,Oak Hill Country Club,sg_arg,0.7918268479226066,0.4528767618255562,14,8
18841,"Hovland, Viktor",697,Ocean Course at Kiawah Island,sg_arg,0.4774530984000358,0.4160654028125454,24,8
18841,"Hovland, Viktor",503,TPC River Highlands,sg_arg,-0.33808148165886676,0.4014194396486374,51,8
18841,"Hovland, Viktor",885,Royal Portrush Golf Club,sg_arg,-0.33567019958482236,0.39205476717281856,15,8
18841,"Hovland, Viktor",4,Torrey Pines Golf Course (South Course),sg_arg,-0.09473440704018166,0.3899247548025363,51,8
18841,"Hovland, Viktor",669,TPC Deere Run,sg_arg,0.0821734801569737,0.3763200181958359,38,8
18841,"Hovland, Viktor",500,The Riviera Country Club,sg_arg,-0.16922228258766472,0.36910745033253783,54,8
18841,"Hovland, Viktor",902,Congaree Golf Club,sg_arg,1.048770763534052,0.31392215570295146,20,8
18841,"Hovland, Viktor",901,Wilmington Country Club,sg_ott,-0.018266839936211657,0.8630761206823632,8,8
18841,"Hovland, Viktor",697,Ocean Course at Kiawah Island,sg_ott,-0.6045292272690439,0.8177837473279898,24,8
18841,"Hovland, Viktor",514,Oak Hill Country Club,sg_ott,-0.1746260989994498,0.8127203741169257,14,8
18841,"Hovland, Viktor",656,Plantation Course at Kapalua,sg_ott,-0.1388757227250344,0.8079739846971773,45,8
18841,"Hovland, Viktor",897,Memorial Park Golf Course,sg_ott,0.5382757149385956,0.7975910700248214,29,8
18841,"Hovland, Viktor",205,Spyglass Hill Golf Course,sg_ott,0.007182145308023427,0.7354241572242235,10,8
18841,"Hovland, Viktor",665,Innisbrook Resort and Golf Club - Copperhead Course,sg_ott,0.11329396315481571,0.7274722902336741,54,8
18841,"Hovland, Viktor",872,Quail Hollow Club,sg_ott,0.3555718323603807,0.7095329685955294,36,8
18841,"Hovland, Viktor",232,Albany GC,sg_ott,0.9810279508106842,0.6990513806604631,7,8
18841,"Hovland, Viktor",669,TPC Deere Run,sg_ott,0.424304816841377,0.6958014020825517,38,8
18841,"Hovland, Viktor",895,TPC Harding Park,sg_ott,-0.636280570275509,0.6913221539478895,25,8
18841,"Hovland, Viktor",43,The Los Angeles Country Club (North Course),sg_ott,0.4184855136595336,0.6561752385219565,13,8
18841,"Hovland, Viktor",939,Torrey Pines Golf Course (South Course),sg_ott,0.09824669122190137,0.6420342944454386,9,8
18841,"Hovland, Viktor",528,Pinehurst Resort & Country Club (Course No. 2),sg_ott,-0.2972856350211515,0.605912040107582,13,8
18841,"Hovland, Viktor",2000,Sherwood Country Club,sg_ott,0.5720478797722177,0.5798439179510387,12,8
18841,"Hovland, Viktor",671,Valhalla Golf Club,sg_ott,0.621429420930913,0.5447209390309542,42,8
18841,"Hovland, Viktor",21,Colonial Country Club,sg_ott,0.21212065236553446,0.5148436857747805,50,8
18841,"Hovland, Viktor",654,The Country Club,sg_ott,-0.8241273535512633,0.4887135329746615,13,8
18841,"Hovland, Viktor",883,TPC Twin Cities,sg_ott,0.7887833513816118,0.45235980784155716,30,8
18841,"Hovland, Viktor",734,PGA National Resort (The Champion),sg_ott,-0.7131513424465457,0.45228278937398675,56,8
18841,"Hovland, Viktor",241,Quail Hollow-PGA Championship,sg_ott,0.5597675363990127,0.443843453458752,34,8
18841,"Hovland, Viktor",14,Augusta National Golf Club,sg_ott,-0.074700948063697,0.42768357649408206,23,8
18841,"Hovland, Viktor",5,Pebble Beach Golf Links,sg_ott,-0.39090394768210546,0.37764395709692644,49,8
18841,"Hovland, Viktor",500,The Riviera Country Club,sg_ott,0.2193795342740793,0.3722795836501979,54,8
18841,"Hovland, Viktor",709,Royal Troon,sg_ott,0.7465627550565048,0.3555471361658512,14,8
18841,"Hovland, Viktor",700,TPC Boston,sg_ott,-0.17875981077049002,0.31039427326405605,52,8
18841,"Hovland, Viktor",709,Royal Troon,sg_putt,-1.9298911860147674,0.8553792953613122,14,8
18841,"Hovland, Viktor",2000,Sherwood Country Club,sg_putt,-1.1030276440761835,0.8489529445552979,12,8
18841,"Hovland, Viktor",896,Olympia Fields Country Club (North Course),sg_putt,1.122896364014491,0.7300243530921173,13,8
18841,"Hovland, Viktor",697,Ocean Course at Kiawah Island,sg_putt,0.39852716882513933,0.6047937213752724,24,8
18841,"Hovland, Viktor",43,The Los Angeles Country Club (North Course),sg_putt,-0.18539886618711046,0.5587238547117286,13,8
18841,"Hovland, Viktor",608,Oakmont Country Club,sg_putt,-0.44431508410427056,0.5378019635320631,10,8
18841,"Hovland, Viktor",898,The Concession Golf Club,sg_putt,0.5686493561830483,0.5261112008538217,13,8
18841,"Hovland, Viktor",668,St. Andrews Links (Old Course),sg_putt,0.7814357200776788,0.5243576462108127,16,8
18841,"Hovland, Viktor",872,Quail Hollow Club,sg_putt,-0.18902707708680483,0.5080732719746718,36,8
18841,"Hovland, Viktor",977,The Renaissance Club,sg_putt,0.16621934587254503,0.49863130395531924,16,8
18841,"Hovland, Viktor",902,Congaree Golf Club,sg_putt,-0.07688501750606022,0.47712841747238366,20,8
18841,"Hovland, Viktor",897,Memorial Park Golf Course,sg_putt,0.8195736548291802,0.46100063008810405,29,8
18841,"Hovland, Viktor",665,Innisbrook Resort and Golf Club - Copperhead Course,sg_putt,0.5241580911203062,0.42909909172145166,54,8
18841,"Hovland, Viktor",891,Winged Foot GC,sg_putt,0.2197678742191335,0.4283793448531367,23,8
18841,"Hovland, Viktor",883,TPC Twin Cities,sg_putt,-0.08462437654111912,0.41039090006103524,30,8
18841,"Hovland, Viktor",669,TPC Deere Run,sg_putt,-0.06012076933675901,0.38981961108634927,38,8
18841,"Hovland, Viktor",538,TPC Summerlin,sg_putt,-0.3024934179795837,0.38935899749088204,47,8
18841,"Hovland, Viktor",514,Oak Hill Country Club,sg_putt,0.5272504553280978,0.3788799219519931,14,8
18841,"Hovland, Viktor",882,Caves Valley Golf Club,sg_putt,0.2308650695350534,0.36537833409543036,15,8
18841,"Hovland, Viktor",886,Liberty National Golf Club,sg_putt,-0.3106425869870926,0.30772935775047244,27,8
18841,"Hovland, Viktor",896,Olympia Fields Country Club (North Course),sg_total,1.8873168392096848,0.8247619918620935,14,8
18841,"Hovland, Viktor",379,The Philadelphia Cricket Club (Wissahickon Course),sg_total,-1.5313756688997777,0.7585737211164316,9,8
18841,"Hovland, Viktor",43,The Los Angeles Country Club (North Course),sg_total,0.09214233582257869,0.7514161263884058,15,8
18841,"Hovland, Viktor",406,Castle Pines Golf Club,sg_total,-0.8260119707892177,0.7413756204749691,8,8
18841,"Hovland, Viktor",901,Wilmington Country Club,sg_total,-1.1690527808453395,0.7257352782065652,8,8
18841,"Hovland, Viktor",891,Winged Foot GC,sg_total,1.5700888807352245,0.716785908305173,25,8
18841,"Hovland, Viktor",933,East Lake Golf Club,sg_total,0.4602066792110964,0.6988564682519897,7,8
18841,"Hovland, Viktor",939,Torrey Pines Golf Course (South Course),sg_total,-2.16302446782968,0.6930839691436437,10,8
18841,"Hovland, Viktor",872,Quail Hollow Club,sg_total,-0.3552067524130575,0.6851889404998475,37,8
18841,"Hovland, Viktor",977,The Renaissance Club,sg_total,-0.4783942715949008,0.6111814446513488,20,8
18841,"Hovland, Viktor",895,TPC Harding Park,sg_total,0.3221676422635847,0.6084200207744371,26,8
18841,"Hovland, Viktor",514,Oak Hill Country Club,sg_total,2.9352430452965086,0.6041384175417843,15,8
18841,"Hovland, Viktor",897,Memorial Park Golf Course,sg_total,0.39306976599206417,0.5969683733902095,30,8
18841,"Hovland, Viktor",4,Torrey Pines Golf Course (South Course),sg_total,1.989765622932569,0.5869275084275075,56,8
18841,"Hovland, Viktor",205,Spyglass Hill Golf Course,sg_total,-0.08932095077374899,0.557455820713923,53,8
18841,"Hovland, Viktor",771,The Old White TPC,sg_total,1.1161852322149382,0.5529609738461922,43,8
18841,"Hovland, Viktor",666,Pebble Beach Golf Links,sg_total,2.6978918645779557,0.5426232759381483,49,8
18841,"Hovland, Viktor",14,Augusta National Golf Club,sg_total,0.3346159912155378,0.5394044836198019,65,8
18841,"Hovland, Viktor",885,Royal Portrush Golf Club,sg_total,-2.042271614425065,0.52887766569415,30,8
18841,"Hovland, Viktor",744,Torrey Pines (South),sg_total,-1.938553319498138,0.5214711179618798,46,8
18841,"Hovland, Viktor",513,TPC Southwind,sg_total,0.12130563701319758,0.5150057683020087,55,8
18841,"Hovland, Viktor",700,TPC Boston,sg_total,0.8881076250566438,0.507527023233339,54,8
18841,"Hovland, Viktor",769,Monterey Peninsula CC,sg_total,0.47396072202739054,0.5002066489573296,49,8
18841,"Hovland, Viktor",232,Albany GC,sg_total,0.7885490499637526,0.4445505341369429,18,8
18841,"Hovland, Viktor",538,TPC Summerlin,sg_total,-1.2764956719062754,0.43235476111085686,50,8
18841,"Hovland, Viktor",241,Quail Hollow-PGA Championship,sg_total,0.92277183018371,0.4265006951284631,37,8
18841,"Hovland, Viktor",902,Congaree Golf Club,sg_total,0.37015245054455753,0.41161328631299193,21,8
18841,"Hovland, Viktor",875,ACCORDIA GOLF Narashino Country Club,sg_total,0.24572244242350477,0.386724896362914,20,8
18841,"Hovland, Viktor",778,Royal St. George's GC,sg_total,0.4586406298630527,0.3865346771917013,50,8
18841,"Hovland, Viktor",608,Oakmont Country Club,sg_total,2.3754126580921224,0.3547256152850429,53,8
18841,"Hovland, Viktor",883,TPC Twin Cities,sg_total,1.6887357029866428,0.35074426673837056,32,8
18841,"Hovland, Viktor",876,Detroit Golf Club,sg_total,0.9051930662861551,0.3154707070451331,31,8
17488,"Im, Sungjae",896,Olympia Fields Country Club (North Course),sg_app,0.316657575729877,0.8315178735937293,13,8
17488,"Im, Sungjae",928,PGA National  - Champion Course,sg_app,0.36612218176366856,0.7671751837159452,13,8
17488,"Im, Sungjae",939,Torrey Pines Golf Course (South Course),sg_app,-1.5636957466997892,0.7487285792532103,9,8
17488,"Im, Sungjae",902,Congaree Golf Club,sg_app,0.021298837858917175,0.7464172844547262,20,8
17488,"Im, Sungjae",891,Winged Foot GC,sg_app,1.6119210074684522,0.7126732274142469,23,8
17488,"Im, Sungjae",935,TPC Toronto at Osprey Valley (North Course),sg_app,-1.4011076298646234,0.7116924721794581,6,8
17488,"Im, Sungjae",240,Club de Golf Chapultepec,sg_app,0.8971554523567997,0.7081210840226253,29,8
17488,"Im, Sungjae",697,Ocean Course at Kiawah Island,sg_app,0.4883586547455619,0.7069136776164395,24,8
17488,"Im, Sungjae",241,Quail Hollow-PGA Championship,sg_app,-0.9156998286185088,0.7056566483257517,34,8
17488,"Im, Sungjae",876,Detroit Golf Club,sg_app,0.19221080832006016,0.6896168809184317,29,8
17488,"Im, Sungjae",4,Torrey Pines Golf Course (South Course),sg_app,0.5266070905815536,0.6702800253204808,51,8
17488,"Im, Sungjae",724,Royal Liverpool,sg_app,0.5545585862960343,0.6632783746768827,14,8
17488,"Im, Sungjae",880,Bethpage Black,sg_app,-0.38688410074144286,0.6551865014282398,28,8
17488,"Im, Sungjae",43,The Los Angeles Country Club (North Course),sg_app,-0.4326128080390221,0.652561798717866,13,8
17488,"Im, Sungjae",872,Quail Hollow Club,sg_app,0.06312608160239,0.6423650899143748,36,8
17488,"Im, Sungjae",552,Silverado Resort and Spa (North Course),sg_app,1.300949383164261,0.6270648570577193,39,8
17488,"Im, Sungjae",232,Albany GC,sg_app,0.956853705519923,0.6223580975544195,7,8
17488,"Im, Sungjae",898,The Concession Golf Club,sg_app,-0.3771139024079386,0.5978760108741452,13,8
17488,"Im, Sungjae",665,Innisbrook Resort and Golf Club - Copperhead Course,sg_app,0.8450240455755091,0.5909971343340352,54,8
17488,"Im, Sungjae",700,TPC Boston,sg_app,-0.2549096709035483,0.5801062715329093,52,8
17488,"Im, Sungjae",2000,Sherwood Country Club,sg_app,1.0071908890062908,0.5541693573359622,12,8
17488,"Im, Sungjae",744,Torrey Pines (South),sg_app,0.4315041298144108,0.5291018199363902,20,8
17488,"Im, Sungjae",14,Augusta National Golf Club,sg_app,-0.1739578663951089,0.5249097184931832,23,8
17488,"Im, Sungjae",770,TPC San Antonio - The Oaks Course,sg_app,-0.41838769632900996,0.524784468692467,50,8
17488,"Im, Sungjae",882,Caves Valley Golf Club,sg_app,-1.2594442976444304,0.4904074682099971,15,8
17488,"Im, Sungjae",977,The Renaissance Club,sg_app,0.2739526654638926,0.47281672246556705,16,8
17488,"Im, Sungjae",771,The Old White TPC,sg_app,0.164922544285015,0.47094988388515785,41,8
17488,"Im, Sungjae",885,Royal Portrush Golf Club,sg_app,0.22562600595541848,0.4489419284589953,15,8
17488,"Im, Sungjae",893,Muirfield Village Golf Club,sg_app,-0.5127542500778264,0.42322662719000703,23,8
17488,"Im, Sungjae",510,TPC Scottsdale (Stadium Course),sg_app,-0.46185645267002495,0.4198044142274062,49,8
17488,"Im, Sungjae",897,Memorial Park Golf Course,sg_app,0.09899686357343443,0.40296007074916906,29,8
17488,"Im, Sungjae",874,Hamilton Golf & Country Club,sg_app,0.3058170718418429,0.39319658002294006,21,8
17488,"Im, Sungjae",406,Castle Pines Golf Club,sg_app,0.4562959622598952,0.37629742151287615,7,8
17488,"Im, Sungjae",887,Kasumigaseki Country Club,sg_app,-1.0183973768015129,0.3279484757050647,6,8
17488,"Im, Sungjae",528,Pinehurst Resort & Country Club (Course No. 2),sg_app,0.23876634912573266,0.3150926551363546,13,8
17488,"Im, Sungjae",205,Spyglass Hill Golf Course,sg_arg,-2.209256448124958,0.8931748466298375,10,8
17488,"Im, Sungjae",608,Oakmont Country Club,sg_arg,0.30718190758492914,0.8244183901604997,10,8
17488,"Im, Sungjae",883,TPC Twin Cities,sg_arg,-0.13355847545828123,0.7867501524651601,30,8
17488,"Im, Sungjae",744,Torrey Pines (South),sg_arg,0.16605363433691808,0.7582209181562641,20,8
17488,"Im, Sungjae",14,Augusta National Golf Club,sg_arg,0.29022602803427233,0.6966083272472707,23,8
17488,"Im, Sungjae",9,Arnold Palmer's Bay Hill Club & Lodge,sg_arg,-0.05803141296396998,0.6663502146645437,55,8
17488,"Im, Sungjae",939,Torrey Pines Golf Course (South Course),sg_arg,-0.5929751706236904,0.6481740336083687,9,8
17488,"Im, Sungjae",896,Olympia Fields Country Club (North Course),sg_arg,0.4531879391326542,0.6081893022397992,13,8
17488,"Im, Sungjae",977,The Renaissance Club,sg_arg,0.023446541261806342,0.5766157384771762,16,8
17488,"Im, Sungjae",528,Pinehurst Resort & Country Club (Course No. 2),sg_arg,-0.7911116621079745,0.5246733621084892,13,8
17488,"Im, Sungjae",514,Oak Hill Country Club,sg_arg,-1.2194962217767857,0.4528767618255562,14,8
17488,"Im, Sungjae",697,Ocean Course at Kiawah Island,sg_arg,0.47704105505980654,0.4160654028125454,24,8
17488,"Im, Sungjae",503,TPC River Highlands,sg_arg,0.0723689255019298,0.4014194396486374,51,8
17488,"Im, Sungjae",885,Royal Portrush Golf Club,sg_arg,0.2950425537069863,0.39205476717281856,15,8
17488,"Im, Sungjae",4,Torrey Pines Golf Course (South Course),sg_arg,0.37233260750597574,0.3899247548025363,51,8
17488,"Im, Sungjae",669,TPC Deere Run,sg_arg,-0.02586269562937457,0.3763200181958359,38,8
17488,"Im, Sungjae",500,The Riviera Country Club,sg_arg,-0.5096647935501206,0.36910745033253783,54,8
17488,"Im, Sungjae",902,Congaree Golf Club,sg_arg,-0.11024374052890412,0.31392215570295146,20,8
17488,"Im, Sungjae",552,Silverado Resort and Spa (North Course),sg_arg,-2.3058163401350993,0.30969972483809577,39,8
17488,"Im, Sungjae",901,Wilmington Country Club,sg_ott,-0.023140944746983805,0.8630761206823632,8,8
17488,"Im, Sungjae",746,The Country Club of Jackson,sg_ott,0.04132663247500505,0.8252517828177022,32,8
17488,"Im, Sungjae",697,Ocean Course at Kiawah Island,sg_ott,0.4584593637379065,0.8177837473279898,24,8
17488,"Im, Sungjae",514,Oak Hill Country Club,sg_ott,0.5403815182926295,0.8127203741169257,14,8
17488,"Im, Sungjae",921,TPC Craig Ranch,sg_ott,-0.2234542572477674,0.8124938419538594,15,8
17488,"Im, Sungjae",656,Plantation Course at Kapalua,sg_ott,0.45106019132303,0.8079739846971773,45,8
17488,"Im, Sungjae",897,Memorial Park Golf Course,sg_ott,-0.28455691849818215,0.7975910700248214,29,8
17488,"Im, Sungjae",205,Spyglass Hill Golf Course,sg_ott,-0.2571683585481414,0.7354241572242235,10,8
17488,"Im, Sungjae",665,Innisbrook Resort and Golf Club - Copperhead Course,sg_ott,-0.34701780719449854,0.7274722902336741,54,8
17488,"Im, Sungjae",872,Quail Hollow Club,sg_ott,-0.08173420971254622,0.7095329685955294,36,8
17488,"Im, Sungjae",232,Albany GC,sg_ott,0.4065610553860128,0.6990513806604631,7,8
17488,"Im, Sungjae",669,TPC Deere Run,sg_ott,-0.02857973318138969,0.6958014020825517,38,8
17488,"Im, Sungjae",895,TPC Harding Park,sg_ott,0.7142284514263576,0.6913221539478895,25,8
17488,"Im, Sungjae",43,The Los Angeles Country Club (North Course),sg_ott,-0.5438121513506933,0.6561752385219565,13,8
17488,"Im, Sungjae",744,Torrey Pines (South),sg_ott,-0.4459014230146661,0.6527298605945488,20,8
17488,"Im, Sungjae",939,Torrey Pines Golf Course (South Course),sg_ott,0.14878430399901887,0.6420342944454386,9,8
17488,"Im, Sungjae",348,Medinah Country Club (No. 3),sg_ott,-0.5683022998553849,0.6402835614018546,18,8
17488,"Im, Sungjae",528,Pinehurst Resort & Country Club (Course No. 2),sg_ott,0.05578995695779382,0.605912040107582,13,8
17488,"Im, Sungjae",704,Pete Dye Stadium Course,sg_ott,-0.0025646926398397024,0.5925443054801743,33,8
17488,"Im, Sungjae",2000,Sherwood Country Club,sg_ott,0.3964934038167715,0.5798439179510387,12,8
17488,"Im, Sungjae",671,Valhalla Golf Club,sg_ott,0.35999726431252027,0.5447209390309542,42,8
17488,"Im, Sungjae",243,Trinity Forest Golf Club,sg_ott,-0.6024771097512543,0.5300807114908475,23,8
17488,"Im, Sungjae",21,Colonial Country Club,sg_ott,0.05286030405890197,0.5148436857747805,50,8
17488,"Im, Sungjae",654,The Country Club,sg_ott,-0.4374916204939935,0.4887135329746615,13,8
17488,"Im, Sungjae",883,TPC Twin Cities,sg_ott,0.2751290967915142,0.45235980784155716,30,8
17488,"Im, Sungjae",734,PGA National Resort (The Champion),sg_ott,0.33590842247772706,0.45228278937398675,56,8
17488,"Im, Sungjae",770,TPC San Antonio - The Oaks Course,sg_ott,-0.16550127246739083,0.45218651003185867,50,8
17488,"Im, Sungjae",241,Quail Hollow-PGA Championship,sg_ott,0.070576661114895,0.443843453458752,34,8
17488,"Im, Sungjae",14,Augusta National Golf Club,sg_ott,0.20312057475640566,0.42768357649408206,23,8
17488,"Im, Sungjae",5,Pebble Beach Golf Links,sg_ott,0.08646577598640973,0.37764395709692644,49,8
17488,"Im, Sungjae",500,The Riviera Country Club,sg_ott,-0.3370237982595859,0.3722795836501979,54,8
17488,"Im, Sungjae",709,Royal Troon,sg_ott,-0.38185979466098074,0.3555471361658512,14,8
17488,"Im, Sungjae",700,TPC Boston,sg_ott,-0.1360704672676084,0.31039427326405605,52,8
17488,"Im, Sungjae",709,Royal Troon,sg_putt,1.1060302493467589,0.8553792953613122,14,8
17488,"Im, Sungjae",2000,Sherwood Country Club,sg_putt,-1.3475449867064784,0.8489529445552979,12,8
17488,"Im, Sungjae",928,PGA National  - Champion Course,sg_putt,-0.6235225534798056,0.8319135400555944,13,8
17488,"Im, Sungjae",243,Trinity Forest Golf Club,sg_putt,0.5755552146593739,0.7803268512585968,23,8
17488,"Im, Sungjae",552,Silverado Resort and Spa (North Course),sg_putt,-0.5555712445566642,0.7652038880499961,39,8
17488,"Im, Sungjae",896,Olympia Fields Country Club (North Course),sg_putt,-0.023872146352240012,0.7300243530921173,13,8
17488,"Im, Sungjae",935,TPC Toronto at Osprey Valley (North Course),sg_putt,-1.5183664202416964,0.7214011843267554,6,8
17488,"Im, Sungjae",744,Torrey Pines (South),sg_putt,0.139581849251173,0.6493713284526129,20,8
17488,"Im, Sungjae",697,Ocean Course at Kiawah Island,sg_putt,0.1534961877656316,0.6047937213752724,24,8
17488,"Im, Sungjae",43,The Los Angeles Country Club (North Course),sg_putt,-0.1219028225090708,0.5587238547117286,13,8
17488,"Im, Sungjae",608,Oakmont Country Club,sg_putt,-0.16935010875622225,0.5378019635320631,10,8
17488,"Im, Sungjae",898,The Concession Golf Club,sg_putt,0.6462491725840055,0.5261112008538217,13,8
17488,"Im, Sungjae",668,St. Andrews Links (Old Course),sg_putt,-2.7985376648663793,0.5243576462108127,16,8
17488,"Im, Sungjae",872,Quail Hollow Club,sg_putt,1.0615272287548656,0.5080732719746718,36,8
17488,"Im, Sungjae",770,TPC San Antonio - The Oaks Course,sg_putt,1.497148062072694,0.49979074287184344,50,8
17488,"Im, Sungjae",977,The Renaissance Club,sg_putt,0.024046105330176704,0.49863130395531924,16,8
17488,"Im, Sungjae",902,Congaree Golf Club,sg_putt,-0.1478198438332248,0.47712841747238366,20,8
17488,"Im, Sungjae",897,Memorial Park Golf Course,sg_putt,-0.6316626431107953,0.46100063008810405,29,8
17488,"Im, Sungjae",665,Innisbrook Resort and Golf Club - Copperhead Course,sg_putt,0.21301117391558308,0.42909909172145166,54,8
17488,"Im, Sungjae",891,Winged Foot GC,sg_putt,-0.3269579092450864,0.4283793448531367,23,8
17488,"Im, Sungjae",883,TPC Twin Cities,sg_putt,-0.48762754036720934,0.41039090006103524,30,8
17488,"Im, Sungjae",669,TPC Deere Run,sg_putt,-0.45968649945689943,0.38981961108634927,38,8
17488,"Im, Sungjae",538,TPC Summerlin,sg_putt,0.20960949293694137,0.38935899749088204,47,8
17488,"Im, Sungjae",514,Oak Hill Country Club,sg_putt,-2.066733245008318,0.3788799219519931,14,8
17488,"Im, Sungjae",882,Caves Valley Golf Club,sg_putt,-0.1896174202128624,0.36537833409543036,15,8
17488,"Im, Sungjae",886,Liberty National Golf Club,sg_putt,-0.21370942481514807,0.30772935775047244,27,8
17488,"Im, Sungjae",896,Olympia Fields Country Club (North Course),sg_total,0.7897181108687941,0.8247619918620935,14,8
17488,"Im, Sungjae",379,The Philadelphia Cricket Club (Wissahickon Course),sg_total,0.09803739342711984,0.7585737211164316,9,8
17488,"Im, Sungjae",43,The Los Angeles Country Club (North Course),sg_total,-2.5150392473551437,0.7514161263884058,15,8
17488,"Im, Sungjae",406,Castle Pines Golf Club,sg_total,0.7744308200019435,0.7413756204749691,8,8
17488,"Im, Sungjae",552,Silverado Resort and Spa (North Course),sg_total,0.4955021664986613,0.7376139349852081,40,8
17488,"Im, Sungjae",901,Wilmington Country Club,sg_total,0.4703533405970266,0.7257352782065652,8,8
17488,"Im, Sungjae",891,Winged Foot GC,sg_total,1.2022723144078784,0.716785908305173,25,8
17488,"Im, Sungjae",933,East Lake Golf Club,sg_total,1.5335312688293172,0.6988564682519897,7,8
17488,"Im, Sungjae",939,Torrey Pines Golf Course (South Course),sg_total,-1.9409317605538599,0.6930839691436437,10,8
17488,"Im, Sungjae",872,Quail Hollow Club,sg_total,1.0104483964920228,0.6851889404998475,37,8
17488,"Im, Sungjae",746,The Country Club of Jackson,sg_total,0.19935691281247822,0.6225740180522429,34,8
17488,"Im, Sungjae",928,PGA National  - Champion Course,sg_total,-1.5387224784556879,0.6132577956350657,13,8
17488,"Im, Sungjae",977,The Renaissance Club,sg_total,-0.34437562587877113,0.6111814446513488,20,8
17488,"Im, Sungjae",895,TPC Harding Park,sg_total,-1.4626157806543107,0.6084200207744371,26,8
17488,"Im, Sungjae",770,TPC San Antonio - The Oaks Course,sg_total,0.7612856568014204,0.6076650388350318,54,8
17488,"Im, Sungjae",514,Oak Hill Country Club,sg_total,-4.565819224708342,0.6041384175417843,15,8
17488,"Im, Sungjae",240,Club de Golf Chapultepec,sg_total,-0.13960064253071028,0.6020028570371451,32,8
17488,"Im, Sungjae",897,Memorial Park Golf Course,sg_total,-1.002987841350974,0.5969683733902095,30,8
17488,"Im, Sungjae",4,Torrey Pines Golf Course (South Course),sg_total,0.9574262140111889,0.5869275084275075,56,8
17488,"Im, Sungjae",205,Spyglass Hill Golf Course,sg_total,-4.012518241709441,0.557455820713923,53,8
17488,"Im, Sungjae",771,The Old White TPC,sg_total,0.589707095923816,0.5529609738461922,43,8
17488,"Im, Sungjae",14,Augusta National Golf Club,sg_total,0.4790464415450981,0.5394044836198019,65,8
17488,"Im, Sungjae",885,Royal Portrush Golf Club,sg_total,-0.6434341435923094,0.52887766569415,30,8
17488,"Im, Sungjae",744,Torrey Pines (South),sg_total,0.1672618028047427,0.5214711179618798,46,8
17488,"Im, Sungjae",513,TPC Southwind,sg_total,0.346157633101163,0.5150057683020087,55,8
17488,"Im, Sungjae",700,TPC Boston,sg_total,-2.027391167491979,0.507527023233339,54,8
17488,"Im, Sungjae",769,Monterey Peninsula CC,sg_total,-2.8239045187092358,0.5002066489573296,49,8
17488,"Im, Sungjae",232,Albany GC,sg_total,-0.06517390410471383,0.4445505341369429,18,8
17488,"Im, Sungjae",538,TPC Summerlin,sg_total,1.6526332658364933,0.43235476111085686,50,8
17488,"Im, Sungjae",241,Quail Hollow-PGA Championship,sg_total,-1.6218664621247532,0.4265006951284631,37,8
17488,"Im, Sungjae",902,Congaree Golf Club,sg_total,-0.24632661615739732,0.41161328631299193,21,8
17488,"Im, Sungjae",875,ACCORDIA GOLF Narashino Country Club,sg_total,0.2891374899697743,0.386724896362914,20,8
17488,"Im, Sungjae",776,Sea Island Golf Club (Seaside Course),sg_total,-0.9812414136821198,0.3755012307989047,47,8
17488,"Im, Sungjae",608,Oakmont Country Club,sg_total,-0.9432961234659679,0.3547256152850429,53,8
17488,"Im, Sungjae",880,Bethpage Black,sg_total,-0.19954260189642944,0.3513476172401144,30,8
17488,"Im, Sungjae",883,TPC Twin Cities,sg_total,-0.9616744790563511,0.35074426673837056,32,8
17488,"Im, Sungjae",876,Detroit Golf Club,sg_total,-0.018041093010669765,0.3154707070451331,31,8
17543,"Kim, Michael",928,PGA National  - Champion Course,sg_app,-0.1674197738975587,0.7671751837159452,13,8
17543,"Kim, Michael",939,Torrey Pines Golf Course (South Course),sg_app,0.39849365339113796,0.7487285792532103,9,8
17543,"Kim, Michael",902,Congaree Golf Club,sg_app,-0.5101066837144848,0.7464172844547262,20,8
17543,"Kim, Michael",241,Quail Hollow-PGA Championship,sg_app,-0.8423470177628675,0.7056566483257517,34,8
17543,"Kim, Michael",876,Detroit Golf Club,sg_app,-0.26711082723416874,0.6896168809184317,29,8
17543,"Kim, Michael",4,Torrey Pines Golf Course (South Course),sg_app,0.16125807645309878,0.6702800253204808,51,8
17543,"Kim, Michael",724,Royal Liverpool,sg_app,-1.3566247875069313,0.6632783746768827,14,8
17543,"Kim, Michael",237,TPC Potomac at Avenel Farm,sg_app,1.0758742205447769,0.6615951373353582,23,8
17543,"Kim, Michael",880,Bethpage Black,sg_app,-0.3695436137993692,0.6551865014282398,28,8
17543,"Kim, Michael",43,The Los Angeles Country Club (North Course),sg_app,-1.3860902330046,0.652561798717866,13,8
17543,"Kim, Michael",872,Quail Hollow Club,sg_app,0.4902272023038601,0.6423650899143748,36,8
17543,"Kim, Michael",552,Silverado Resort and Spa (North Course),sg_app,-0.43330483630669314,0.6270648570577193,39,8
17543,"Kim, Michael",665,Innisbrook Resort and Golf Club - Copperhead Course,sg_app,-0.3577263866258689,0.5909971343340352,54,8
17543,"Kim, Michael",700,TPC Boston,sg_app,0.09441351130151401,0.5801062715329093,52,8
17543,"Kim, Michael",931,Tahoe Mountain Club (Old Greenwood),sg_app,0.6477286555302714,0.5425266516366192,6,8
17543,"Kim, Michael",14,Augusta National Golf Club,sg_app,0.2326426378438051,0.5249097184931832,23,8
17543,"Kim, Michael",770,TPC San Antonio - The Oaks Course,sg_app,0.40888406425874047,0.524784468692467,50,8
17543,"Kim, Michael",882,Caves Valley Golf Club,sg_app,1.8612321060658465,0.4904074682099971,15,8
17543,"Kim, Michael",977,The Renaissance Club,sg_app,1.0336794624568282,0.47281672246556705,16,8
17543,"Kim, Michael",771,The Old White TPC,sg_app,0.032221275793752585,0.47094988388515785,41,8
17543,"Kim, Michael",885,Royal Portrush Golf Club,sg_app,-1.5891048637149885,0.4489419284589953,15,8
17543,"Kim, Michael",893,Muirfield Village Golf Club,sg_app,-0.4614110975564879,0.42322662719000703,23,8
17543,"Kim, Michael",510,TPC Scottsdale (Stadium Course),sg_app,0.23979900877586782,0.4198044142274062,49,8
17543,"Kim, Michael",897,Memorial Park Golf Course,sg_app,0.40974074345416267,0.40296007074916906,29,8
17543,"Kim, Michael",874,Hamilton Golf & Country Club,sg_app,1.077400079152099,0.39319658002294006,21,8
17543,"Kim, Michael",884,Keene Trace Golf Club (Champion Trace),sg_app,0.16372584218864591,0.3565055681638959,18,8
17543,"Kim, Michael",19,TPC Four Seasons Resort,sg_app,1.2877751146086827,0.3150439971860182,48,8
17543,"Kim, Michael",205,Spyglass Hill Golf Course,sg_arg,-1.1883206776001778,0.8931748466298375,10,8
17543,"Kim, Michael",608,Oakmont Country Club,sg_arg,-0.7152680048572577,0.8244183901604997,10,8
17543,"Kim, Michael",883,TPC Twin Cities,sg_arg,-0.11884030387077336,0.7867501524651601,30,8
17543,"Kim, Michael",238,Glen Oaks Club,sg_arg,-0.8601998697081267,0.7336871596058964,27,8
17543,"Kim, Michael",14,Augusta National Golf Club,sg_arg,-0.6175913217883476,0.6966083272472707,23,8
17543,"Kim, Michael",9,Arnold Palmer's Bay Hill Club & Lodge,sg_arg,0.29310181276547137,0.6663502146645437,55,8
17543,"Kim, Michael",930,Black Desert Resort,sg_arg,-0.4861205543151225,0.6659138517567389,6,8
17543,"Kim, Michael",939,Torrey Pines Golf Course (South Course),sg_arg,0.1612581989579598,0.6481740336083687,9,8
17543,"Kim, Michael",978,Vidanta Vallarta,sg_arg,0.709467082972753,0.5939369030173401,16,8
17543,"Kim, Michael",977,The Renaissance Club,sg_arg,-0.32529828095109686,0.5766157384771762,16,8
17543,"Kim, Michael",873,Ridgewood CC,sg_arg,-0.19020331943765442,0.5205492472184076,22,8
17543,"Kim, Michael",19,TPC Four Seasons Resort,sg_arg,0.49577948499727564,0.5175416912724531,48,8
17543,"Kim, Michael",698,Quail Hollow Club,sg_arg,1.0931362378680096,0.41704133255957127,52,8
17543,"Kim, Michael",503,TPC River Highlands,sg_arg,0.04265027657712668,0.4014194396486374,51,8
17543,"Kim, Michael",894,TPC Craig Ranch,sg_arg,-0.004531429062703235,0.3960272487602276,24,8
17543,"Kim, Michael",885,Royal Portrush Golf Club,sg_arg,0.5403839949701378,0.39205476717281856,15,8
17543,"Kim, Michael",4,Torrey Pines Golf Course (South Course),sg_arg,0.03850241535903409,0.3899247548025363,51,8
17543,"Kim, Michael",729,Golf Club of Houston,sg_arg,-0.102079453548387,0.3790111774135132,54,8
17543,"Kim, Michael",669,TPC Deere Run,sg_arg,0.06581510055281109,0.3763200181958359,38,8
17543,"Kim, Michael",500,The Riviera Country Club,sg_arg,0.05521391728829533,0.36910745033253783,54,8
17543,"Kim, Michael",902,Congaree Golf Club,sg_arg,-0.4136991851395952,0.31392215570295146,20,8
17543,"Kim, Michael",552,Silverado Resort and Spa (North Course),sg_arg,-0.4674638902046376,0.30969972483809577,39,8
17543,"Kim, Michael",931,Tahoe Mountain Club (Old Greenwood),sg_arg,-0.1166311206898944,0.3045308878923496,6,8
17543,"Kim, Michael",931,Tahoe Mountain Club (Old Greenwood),sg_ott,0.23228177402438685,0.857762709347225,6,8
17543,"Kim, Michael",746,The Country Club of Jackson,sg_ott,-0.11791155151580368,0.8252517828177022,32,8
17543,"Kim, Michael",921,TPC Craig Ranch,sg_ott,-0.5814917751677677,0.8124938419538594,15,8
17543,"Kim, Michael",656,Plantation Course at Kapalua,sg_ott,-3.0092766338361407,0.8079739846971773,45,8
17543,"Kim, Michael",897,Memorial Park Golf Course,sg_ott,0.19233223027365667,0.7975910700248214,29,8
17543,"Kim, Michael",19,TPC Four Seasons Resort,sg_ott,-0.4485714575407804,0.7592243617778875,48,8
17543,"Kim, Michael",689,El Bosque CC,sg_ott,-0.419036750707365,0.7580306354046243,42,8
17543,"Kim, Michael",205,Spyglass Hill Golf Course,sg_ott,-0.5337072045536096,0.7354241572242235,10,8
17543,"Kim, Michael",665,Innisbrook Resort and Golf Club - Copperhead Course,sg_ott,-0.031742595684360914,0.7274722902336741,54,8
17543,"Kim, Michael",930,Black Desert Resort,sg_ott,-0.24259982063653407,0.7201825483385862,6,8
17543,"Kim, Michael",872,Quail Hollow Club,sg_ott,0.7117262478970817,0.7095329685955294,36,8
17543,"Kim, Michael",669,TPC Deere Run,sg_ott,-0.24179516214822636,0.6958014020825517,38,8
17543,"Kim, Michael",237,TPC Potomac at Avenel Farm,sg_ott,0.49085856673161055,0.6685057551764296,23,8
17543,"Kim, Michael",43,The Los Angeles Country Club (North Course),sg_ott,-0.2328999309417525,0.6561752385219565,13,8
17543,"Kim, Michael",939,Torrey Pines Golf Course (South Course),sg_ott,0.5203484406467245,0.6420342944454386,9,8
17543,"Kim, Michael",704,Pete Dye Stadium Course,sg_ott,0.3705424233782215,0.5925443054801743,33,8
17543,"Kim, Michael",729,Golf Club of Houston,sg_ott,-0.5839198830862145,0.5762066930736335,54,8
17543,"Kim, Michael",873,Ridgewood CC,sg_ott,-0.8957144575350628,0.5404273606561777,22,8
17543,"Kim, Michael",243,Trinity Forest Golf Club,sg_ott,-0.7480791848113422,0.5300807114908475,23,8
17543,"Kim, Michael",534,Bellerive CC,sg_ott,-0.7359115121221933,0.5266986928376094,42,8
17543,"Kim, Michael",21,Colonial Country Club,sg_ott,1.0003099373676674,0.5148436857747805,50,8
17543,"Kim, Michael",698,Quail Hollow Club,sg_ott,-1.032323240961143,0.4783427498881751,52,8
17543,"Kim, Michael",926,Silverado Resort (North Course),sg_ott,-0.27108327629861195,0.4695369826470083,14,8
17543,"Kim, Michael",883,TPC Twin Cities,sg_ott,-0.7877367691371363,0.45235980784155716,30,8
17543,"Kim, Michael",734,PGA National Resort (The Champion),sg_ott,0.08819217765788998,0.45228278937398675,56,8
17543,"Kim, Michael",770,TPC San Antonio - The Oaks Course,sg_ott,-0.22207237815020797,0.45218651003185867,50,8
17543,"Kim, Michael",241,Quail Hollow-PGA Championship,sg_ott,-0.052616495106984754,0.443843453458752,34,8
17543,"Kim, Michael",884,Keene Trace Golf Club (Champion Trace),sg_ott,0.8126445280850904,0.4361033501171625,18,8
17543,"Kim, Michael",14,Augusta National Golf Club,sg_ott,-0.45850131922011583,0.42768357649408206,23,8
17543,"Kim, Michael",32,Glen Abbey GC,sg_ott,-0.4906792849322197,0.38804505962737723,40,8
17543,"Kim, Michael",5,Pebble Beach Golf Links,sg_ott,-1.1931919080216875,0.37764395709692644,49,8
17543,"Kim, Michael",500,The Riviera Country Club,sg_ott,0.18042366065873014,0.3722795836501979,54,8
17543,"Kim, Michael",700,TPC Boston,sg_ott,-0.07122250600810602,0.31039427326405605,52,8
17543,"Kim, Michael",928,PGA National  - Champion Course,sg_putt,-0.1752864108713374,0.8319135400555944,13,8
17543,"Kim, Michael",931,Tahoe Mountain Club (Old Greenwood),sg_putt,-0.33252711770063553,0.7981479141159207,6,8
17543,"Kim, Michael",243,Trinity Forest Golf Club,sg_putt,-1.6264517084982761,0.7803268512585968,23,8
17543,"Kim, Michael",819,Harbor Shores Resort,sg_putt,-0.12602332243937356,0.7790085197570994,15,8
17543,"Kim, Michael",552,Silverado Resort and Spa (North Course),sg_putt,0.14380592145487348,0.7652038880499961,39,8
17543,"Kim, Michael",930,Black Desert Resort,sg_putt,-1.499451017519993,0.709353178421583,6,8
17543,"Kim, Michael",978,Vidanta Vallarta,sg_putt,0.3302730578138625,0.6967043554693465,16,8
17543,"Kim, Michael",689,El Bosque CC,sg_putt,0.14906252598986347,0.6122961641627417,42,8
17543,"Kim, Michael",884,Keene Trace Golf Club (Champion Trace),sg_putt,-0.09841911981798561,0.560092074734469,18,8
17543,"Kim, Michael",43,The Los Angeles Country Club (North Course),sg_putt,0.839960366534066,0.5587238547117286,13,8
17543,"Kim, Michael",908,Oakdale Golf & Country Club,sg_putt,-0.8146523171196379,0.5541251730836958,10,8
17543,"Kim, Michael",608,Oakmont Country Club,sg_putt,0.4709933866745758,0.5378019635320631,10,8
17543,"Kim, Michael",873,Ridgewood CC,sg_putt,1.3194147527559783,0.5371535915100778,22,8
17543,"Kim, Michael",872,Quail Hollow Club,sg_putt,0.6632870843625575,0.5080732719746718,36,8
17543,"Kim, Michael",770,TPC San Antonio - The Oaks Course,sg_putt,0.6313989088844247,0.49979074287184344,50,8
17543,"Kim, Michael",977,The Renaissance Club,sg_putt,-0.05825966156383729,0.49863130395531924,16,8
17543,"Kim, Michael",902,Congaree Golf Club,sg_putt,-0.7423119288863756,0.47712841747238366,20,8
17543,"Kim, Michael",897,Memorial Park Golf Course,sg_putt,-0.21858028169141713,0.46100063008810405,29,8
17543,"Kim, Michael",665,Innisbrook Resort and Golf Club - Copperhead Course,sg_putt,0.5240457101704182,0.42909909172145166,54,8
17543,"Kim, Michael",883,TPC Twin Cities,sg_putt,-0.405071406259745,0.41039090006103524,30,8
17543,"Kim, Michael",669,TPC Deere Run,sg_putt,-0.5741192709649863,0.38981961108634927,38,8
17543,"Kim, Michael",538,TPC Summerlin,sg_putt,0.48146156721335265,0.38935899749088204,47,8
17543,"Kim, Michael",882,Caves Valley Golf Club,sg_putt,-0.8060919690592223,0.36537833409543036,15,8
17543,"Kim, Michael",19,TPC Four Seasons Resort,sg_putt,-0.793813124326267,0.3013355876184594,48,8
17543,"Kim, Michael",919,El Cardonal at Diamante,sg_total,0.24841892937901217,0.8241756895683453,10,8
17543,"Kim, Michael",925,Dunes Golf and Beach Club,sg_total,0.944897170702685,0.8210465318733497,7,8
17543,"Kim, Michael",379,The Philadelphia Cricket Club (Wissahickon Course),sg_total,-3.635114470571441,0.7585737211164316,9,8
17543,"Kim, Michael",19,TPC Four Seasons Resort,sg_total,0.7125370930454082,0.7535983141081465,50,8
17543,"Kim, Michael",43,The Los Angeles Country Club (North Course),sg_total,-1.5927693559392548,0.7514161263884058,15,8
17543,"Kim, Michael",552,Silverado Resort and Spa (North Course),sg_total,-0.7615090367940993,0.7376139349852081,40,8
17543,"Kim, Michael",978,Vidanta Vallarta,sg_total,0.4062780380994853,0.7044733074594649,17,8
17543,"Kim, Michael",890,Tahoe Mountain Club (Old Greenwood),sg_total,1.075816728548229,0.7001988553273849,19,8
17543,"Kim, Michael",939,Torrey Pines Golf Course (South Course),sg_total,1.3702641140449017,0.6930839691436437,10,8
17543,"Kim, Michael",872,Quail Hollow Club,sg_total,1.604776934673328,0.6851889404998475,37,8
17543,"Kim, Michael",238,Glen Oaks Club,sg_total,-2.142219824762152,0.6241288288584754,28,8
17543,"Kim, Michael",746,The Country Club of Jackson,sg_total,-0.8422008159292796,0.6225740180522429,34,8
17543,"Kim, Michael",928,PGA National  - Champion Course,sg_total,0.02021294765564674,0.6132577956350657,13,8
17543,"Kim, Michael",977,The Renaissance Club,sg_total,0.15983990251996388,0.6111814446513488,20,8
17543,"Kim, Michael",770,TPC San Antonio - The Oaks Course,sg_total,1.1357073905122304,0.6076650388350318,54,8
17543,"Kim, Michael",897,Memorial Park Golf Course,sg_total,-0.02144635964466607,0.5969683733902095,30,8
17543,"Kim, Michael",4,Torrey Pines Golf Course (South Course),sg_total,-0.431549474362439,0.5869275084275075,56,8
17543,"Kim, Michael",205,Spyglass Hill Golf Course,sg_total,0.3734883032872954,0.557455820713923,53,8
17543,"Kim, Michael",771,The Old White TPC,sg_total,-0.051459164982172456,0.5529609738461922,43,8
17543,"Kim, Michael",14,Augusta National Golf Club,sg_total,-0.5977202857555468,0.5394044836198019,65,8
17543,"Kim, Michael",885,Royal Portrush Golf Club,sg_total,-1.2596464245018009,0.52887766569415,30,8
17543,"Kim, Michael",689,El Bosque CC,sg_total,-0.5200905461220302,0.5233518693058378,52,8
17543,"Kim, Michael",513,TPC Southwind,sg_total,-1.0277437280676298,0.5150057683020087,55,8
17543,"Kim, Michael",800,The Abaco Club on Winding Bay,sg_total,0.05822070717410416,0.5085375076292757,35,8
17543,"Kim, Michael",700,TPC Boston,sg_total,-2.237748342425544,0.507527023233339,54,8
17543,"Kim, Michael",769,Monterey Peninsula CC,sg_total,1.2282465052037201,0.5002066489573296,49,8
17543,"Kim, Michael",538,TPC Summerlin,sg_total,0.9271250411077956,0.43235476111085686,50,8
17543,"Kim, Michael",241,Quail Hollow-PGA Championship,sg_total,-0.03396917710655828,0.4265006951284631,37,8
17543,"Kim, Michael",902,Congaree Golf Club,sg_total,-3.2724693956005044,0.41161328631299193,21,8
17543,"Kim, Michael",875,ACCORDIA GOLF Narashino Country Club,sg_total,-0.26800315183705,0.386724896362914,20,8
17543,"Kim, Michael",776,Sea Island Golf Club (Seaside Course),sg_total,1.0809830565378367,0.3755012307989047,47,8
17543,"Kim, Michael",608,Oakmont Country Club,sg_total,-0.1603043403830478,0.3547256152850429,53,8
17543,"Kim, Michael",880,Bethpage Black,sg_total,1.3976801854408203,0.3513476172401144,30,8
17543,"Kim, Michael",883,TPC Twin Cities,sg_total,-0.3300293013600272,0.35074426673837056,32,8
17543,"Kim, Michael",876,Detroit Golf Club,sg_total,-0.006568972850903354,0.3154707070451331,31,8
14609,"Kim, Si Woo",896,Olympia Fields Country Club (North Course),sg_app,-0.9613482751644142,0.8315178735937293,13,8
14609,"Kim, Si Woo",939,Torrey Pines Golf Course (South Course),sg_app,0.3480331516933492,0.7487285792532103,9,8
14609,"Kim, Si Woo",902,Congaree Golf Club,sg_app,-0.07546847744832558,0.7464172844547262,20,8
14609,"Kim, Si Woo",891,Winged Foot GC,sg_app,-1.2229283946255989,0.7126732274142469,23,8
14609,"Kim, Si Woo",240,Club de Golf Chapultepec,sg_app,-1.618523373201821,0.7081210840226253,29,8
14609,"Kim, Si Woo",697,Ocean Course at Kiawah Island,sg_app,-0.4303423416850388,0.7069136776164395,24,8
14609,"Kim, Si Woo",241,Quail Hollow-PGA Championship,sg_app,0.25312788812200193,0.7056566483257517,34,8
14609,"Kim, Si Woo",876,Detroit Golf Club,sg_app,-0.7535849463152597,0.6896168809184317,29,8
14609,"Kim, Si Woo",4,Torrey Pines Golf Course (South Course),sg_app,0.7555795201092734,0.6702800253204808,51,8
14609,"Kim, Si Woo",724,Royal Liverpool,sg_app,-0.0488710115028729,0.6632783746768827,14,8
14609,"Kim, Si Woo",237,TPC Potomac at Avenel Farm,sg_app,-0.2439618515489152,0.6615951373353582,23,8
14609,"Kim, Si Woo",880,Bethpage Black,sg_app,0.9161632608248709,0.6551865014282398,28,8
14609,"Kim, Si Woo",43,The Los Angeles Country Club (North Course),sg_app,-0.3425996375365608,0.652561798717866,13,8
14609,"Kim, Si Woo",872,Quail Hollow Club,sg_app,0.5603705093194122,0.6423650899143748,36,8
14609,"Kim, Si Woo",552,Silverado Resort and Spa (North Course),sg_app,-0.39679565758555685,0.6270648570577193,39,8
14609,"Kim, Si Woo",665,Innisbrook Resort and Golf Club - Copperhead Course,sg_app,-1.0870888026113346,0.5909971343340352,54,8
14609,"Kim, Si Woo",700,TPC Boston,sg_app,0.5534033288984086,0.5801062715329093,52,8
14609,"Kim, Si Woo",744,Torrey Pines (South),sg_app,0.3332704296898327,0.5291018199363902,20,8
14609,"Kim, Si Woo",14,Augusta National Golf Club,sg_app,-0.3528788936461883,0.5249097184931832,23,8
14609,"Kim, Si Woo",770,TPC San Antonio - The Oaks Course,sg_app,0.003898689814385431,0.524784468692467,50,8
14609,"Kim, Si Woo",611,Southern Hills Country Club,sg_app,1.2337679205571712,0.5183385212389265,21,8
14609,"Kim, Si Woo",36,Le Triomphe G&CC,sg_app,0.5978618203506381,0.511720899137967,58,8
14609,"Kim, Si Woo",527,Saucon Valley CC,sg_app,-0.5063359730303216,0.49410026897104875,35,8
14609,"Kim, Si Woo",882,Caves Valley Golf Club,sg_app,0.16894127677834947,0.4904074682099971,15,8
14609,"Kim, Si Woo",977,The Renaissance Club,sg_app,0.6244951577065394,0.47281672246556705,16,8
14609,"Kim, Si Woo",771,The Old White TPC,sg_app,1.3847141181885094,0.47094988388515785,41,8
14609,"Kim, Si Woo",715,Baltusrol GC,sg_app,-0.18061628596143736,0.46574115836652397,35,8
14609,"Kim, Si Woo",885,Royal Portrush Golf Club,sg_app,-0.6429361380886126,0.4489419284589953,15,8
14609,"Kim, Si Woo",893,Muirfield Village Golf Club,sg_app,-0.421698471356191,0.42322662719000703,23,8
14609,"Kim, Si Woo",510,TPC Scottsdale (Stadium Course),sg_app,0.08536109533766362,0.4198044142274062,49,8
14609,"Kim, Si Woo",897,Memorial Park Golf Course,sg_app,0.33941685350784795,0.40296007074916906,29,8
14609,"Kim, Si Woo",406,Castle Pines Golf Club,sg_app,0.6947239955663225,0.37629742151287615,7,8
14609,"Kim, Si Woo",666,Pebble Beach Golf Links,sg_app,-2.0385416067925584,0.3362028317814147,27,8
14609,"Kim, Si Woo",887,Kasumigaseki Country Club,sg_app,-0.3856250981818342,0.3279484757050647,6,8
14609,"Kim, Si Woo",528,Pinehurst Resort & Country Club (Course No. 2),sg_app,-0.715947905681302,0.3150926551363546,13,8
14609,"Kim, Si Woo",205,Spyglass Hill Golf Course,sg_arg,-0.0429868071505388,0.8931748466298375,10,8
14609,"Kim, Si Woo",608,Oakmont Country Club,sg_arg,0.07326015689531078,0.8244183901604997,10,8
14609,"Kim, Si Woo",883,TPC Twin Cities,sg_arg,-0.1062609948085739,0.7867501524651601,30,8
14609,"Kim, Si Woo",744,Torrey Pines (South),sg_arg,-0.3623382925377264,0.7582209181562641,20,8
14609,"Kim, Si Woo",238,Glen Oaks Club,sg_arg,-0.4728072860841875,0.7336871596058964,27,8
14609,"Kim, Si Woo",14,Augusta National Golf Club,sg_arg,-0.2320810856694231,0.6966083272472707,23,8
14609,"Kim, Si Woo",9,Arnold Palmer's Bay Hill Club & Lodge,sg_arg,0.3448271966297029,0.6663502146645437,55,8
14609,"Kim, Si Woo",939,Torrey Pines Golf Course (South Course),sg_arg,0.8254841449055714,0.6481740336083687,9,8
14609,"Kim, Si Woo",896,Olympia Fields Country Club (North Course),sg_arg,0.4298301331369422,0.6081893022397992,13,8
14609,"Kim, Si Woo",977,The Renaissance Club,sg_arg,-0.2664486395893649,0.5766157384771762,16,8
14609,"Kim, Si Woo",773,Aronimink GC,sg_arg,-0.4493291740628337,0.5548743356281888,36,8
14609,"Kim, Si Woo",528,Pinehurst Resort & Country Club (Course No. 2),sg_arg,0.45678117981559563,0.5246733621084892,13,8
14609,"Kim, Si Woo",873,Ridgewood CC,sg_arg,-0.5138963934749199,0.5205492472184076,22,8
14609,"Kim, Si Woo",611,Southern Hills Country Club,sg_arg,0.7082850973103604,0.4980626838282213,21,8
14609,"Kim, Si Woo",514,Oak Hill Country Club,sg_arg,-0.8887683371602908,0.4528767618255562,14,8
14609,"Kim, Si Woo",698,Quail Hollow Club,sg_arg,1.0183942863469553,0.41704133255957127,52,8
14609,"Kim, Si Woo",697,Ocean Course at Kiawah Island,sg_arg,-0.06437086634812077,0.4160654028125454,24,8
14609,"Kim, Si Woo",503,TPC River Highlands,sg_arg,-0.3905502579450865,0.4014194396486374,51,8
14609,"Kim, Si Woo",894,TPC Craig Ranch,sg_arg,-0.27123758783349017,0.3960272487602276,24,8
14609,"Kim, Si Woo",885,Royal Portrush Golf Club,sg_arg,-0.37652998319058373,0.39205476717281856,15,8
14609,"Kim, Si Woo",4,Torrey Pines Golf Course (South Course),sg_arg,-0.13475560825757044,0.3899247548025363,51,8
14609,"Kim, Si Woo",729,Golf Club of Houston,sg_arg,0.0018827789067303244,0.3790111774135132,54,8
14609,"Kim, Si Woo",669,TPC Deere Run,sg_arg,0.6547231605267562,0.3763200181958359,38,8
14609,"Kim, Si Woo",500,The Riviera Country Club,sg_arg,-0.27120722131546604,0.36910745033253783,54,8
14609,"Kim, Si Woo",902,Congaree Golf Club,sg_arg,0.6444828390963978,0.31392215570295146,20,8
14609,"Kim, Si Woo",552,Silverado Resort and Spa (North Course),sg_arg,0.22639483177674213,0.30969972483809577,39,8
14609,"Kim, Si Woo",901,Wilmington Country Club,sg_ott,-0.6153046935749327,0.8630761206823632,8,8
14609,"Kim, Si Woo",746,The Country Club of Jackson,sg_ott,0.008143176455263135,0.8252517828177022,32,8
14609,"Kim, Si Woo",697,Ocean Course at Kiawah Island,sg_ott,0.6088309035108438,0.8177837473279898,24,8
14609,"Kim, Si Woo",514,Oak Hill Country Club,sg_ott,0.36831717739327013,0.8127203741169257,14,8
14609,"Kim, Si Woo",921,TPC Craig Ranch,sg_ott,-0.1951802287292076,0.8124938419538594,15,8
14609,"Kim, Si Woo",656,Plantation Course at Kapalua,sg_ott,-0.03158661561268628,0.8079739846971773,45,8
14609,"Kim, Si Woo",897,Memorial Park Golf Course,sg_ott,-0.25149102400151246,0.7975910700248214,29,8
14609,"Kim, Si Woo",666,Pebble Beach Golf Links,sg_ott,0.41580349208722506,0.7832355819650828,27,8
14609,"Kim, Si Woo",689,El Bosque CC,sg_ott,-0.7672367298240605,0.7580306354046243,42,8
14609,"Kim, Si Woo",773,Aronimink GC,sg_ott,0.5151631237992554,0.7357449899129523,36,8
14609,"Kim, Si Woo",205,Spyglass Hill Golf Course,sg_ott,-0.5197568899015556,0.7354241572242235,10,8
14609,"Kim, Si Woo",665,Innisbrook Resort and Golf Club - Copperhead Course,sg_ott,-0.49140339289908874,0.7274722902336741,54,8
14609,"Kim, Si Woo",36,Le Triomphe G&CC,sg_ott,-0.03187035017321039,0.721117445741737,58,8
14609,"Kim, Si Woo",872,Quail Hollow Club,sg_ott,0.3240442056848719,0.7095329685955294,36,8
14609,"Kim, Si Woo",669,TPC Deere Run,sg_ott,-0.47229765819030123,0.6958014020825517,38,8
14609,"Kim, Si Woo",895,TPC Harding Park,sg_ott,0.64623924593447,0.6913221539478895,25,8
14609,"Kim, Si Woo",789,Conway Farms GC,sg_ott,0.5858447957944694,0.6765431912571337,34,8
14609,"Kim, Si Woo",237,TPC Potomac at Avenel Farm,sg_ott,-0.18626246331464524,0.6685057551764296,23,8
14609,"Kim, Si Woo",43,The Los Angeles Country Club (North Course),sg_ott,0.004394052495483178,0.6561752385219565,13,8
14609,"Kim, Si Woo",744,Torrey Pines (South),sg_ott,0.7654193321870089,0.6527298605945488,20,8
14609,"Kim, Si Woo",939,Torrey Pines Golf Course (South Course),sg_ott,-0.814507315880017,0.6420342944454386,9,8
14609,"Kim, Si Woo",348,Medinah Country Club (No. 3),sg_ott,0.030640312706249284,0.6402835614018546,18,8
14609,"Kim, Si Woo",528,Pinehurst Resort & Country Club (Course No. 2),sg_ott,-0.3010881957788687,0.605912040107582,13,8
14609,"Kim, Si Woo",704,Pete Dye Stadium Course,sg_ott,0.09676958795342684,0.5925443054801743,33,8
14609,"Kim, Si Woo",729,Golf Club of Houston,sg_ott,0.20969010093848006,0.5762066930736335,54,8
14609,"Kim, Si Woo",671,Valhalla Golf Club,sg_ott,-1.4977289637676925,0.5447209390309542,42,8
14609,"Kim, Si Woo",873,Ridgewood CC,sg_ott,-0.24191023810609436,0.5404273606561777,22,8
14609,"Kim, Si Woo",534,Bellerive CC,sg_ott,-0.7477174721505616,0.5266986928376094,42,8
14609,"Kim, Si Woo",21,Colonial Country Club,sg_ott,-0.18142054535931015,0.5148436857747805,50,8
14609,"Kim, Si Woo",654,The Country Club,sg_ott,-0.4450625442471106,0.4887135329746615,13,8
14609,"Kim, Si Woo",698,Quail Hollow Club,sg_ott,0.03361636443488947,0.4783427498881751,52,8
14609,"Kim, Si Woo",883,TPC Twin Cities,sg_ott,-0.6116852205034334,0.45235980784155716,30,8
14609,"Kim, Si Woo",734,PGA National Resort (The Champion),sg_ott,-0.14497759802002197,0.45228278937398675,56,8
14609,"Kim, Si Woo",770,TPC San Antonio - The Oaks Course,sg_ott,0.1375178733811288,0.45218651003185867,50,8
14609,"Kim, Si Woo",241,Quail Hollow-PGA Championship,sg_ott,-0.5504257398097171,0.443843453458752,34,8
14609,"Kim, Si Woo",14,Augusta National Golf Club,sg_ott,-0.19828196056188527,0.42768357649408206,23,8
14609,"Kim, Si Woo",32,Glen Abbey GC,sg_ott,-0.8384341935377108,0.38804505962737723,40,8
14609,"Kim, Si Woo",5,Pebble Beach Golf Links,sg_ott,0.28717626163623533,0.37764395709692644,49,8
14609,"Kim, Si Woo",500,The Riviera Country Club,sg_ott,-0.11704105570079001,0.3722795836501979,54,8
14609,"Kim, Si Woo",709,Royal Troon,sg_ott,0.01531960993144639,0.3555471361658512,14,8
14609,"Kim, Si Woo",700,TPC Boston,sg_ott,-0.2810598567156634,0.31039427326405605,52,8
14609,"Kim, Si Woo",709,Royal Troon,sg_putt,0.09798603694206215,0.8553792953613122,14,8
14609,"Kim, Si Woo",819,Harbor Shores Resort,sg_putt,2.0309878212385293,0.7790085197570994,15,8
14609,"Kim, Si Woo",552,Silverado Resort and Spa (North Course),sg_putt,0.40073205979199744,0.7652038880499961,39,8
14609,"Kim, Si Woo",896,Olympia Fields Country Club (North Course),sg_putt,-0.30387606844457743,0.7300243530921173,13,8
14609,"Kim, Si Woo",715,Baltusrol GC,sg_putt,0.009062924890008428,0.6977005838536325,35,8
14609,"Kim, Si Woo",744,Torrey Pines (South),sg_putt,-0.5819892256775673,0.6493713284526129,20,8
14609,"Kim, Si Woo",789,Conway Farms GC,sg_putt,0.60923747611796,0.6488976184206149,34,8
14609,"Kim, Si Woo",689,El Bosque CC,sg_putt,0.8383242808796929,0.6122961641627417,42,8
14609,"Kim, Si Woo",697,Ocean Course at Kiawah Island,sg_putt,-0.7144417637827509,0.6047937213752724,24,8
14609,"Kim, Si Woo",43,The Los Angeles Country Club (North Course),sg_putt,0.46108763840794953,0.5587238547117286,13,8
14609,"Kim, Si Woo",608,Oakmont Country Club,sg_putt,-0.8904114869549455,0.5378019635320631,10,8
14609,"Kim, Si Woo",873,Ridgewood CC,sg_putt,-0.7632266208918407,0.5371535915100778,22,8
14609,"Kim, Si Woo",668,St. Andrews Links (Old Course),sg_putt,0.5493213706784139,0.5243576462108127,16,8
14609,"Kim, Si Woo",773,Aronimink GC,sg_putt,0.8369484619649395,0.5110050494003415,36,8
14609,"Kim, Si Woo",872,Quail Hollow Club,sg_putt,-0.8562113455450623,0.5080732719746718,36,8
14609,"Kim, Si Woo",770,TPC San Antonio - The Oaks Course,sg_putt,0.43195435653987746,0.49979074287184344,50,8
14609,"Kim, Si Woo",977,The Renaissance Club,sg_putt,-0.3850304931226253,0.49863130395531924,16,8
14609,"Kim, Si Woo",902,Congaree Golf Club,sg_putt,-1.1619420271016285,0.47712841747238366,20,8
14609,"Kim, Si Woo",897,Memorial Park Golf Course,sg_putt,-0.5501079617800189,0.46100063008810405,29,8
14609,"Kim, Si Woo",609,Annandale GC,sg_putt,-0.31043846862010405,0.43740309197634325,25,8
14609,"Kim, Si Woo",665,Innisbrook Resort and Golf Club - Copperhead Course,sg_putt,0.4699324627407071,0.42909909172145166,54,8
14609,"Kim, Si Woo",891,Winged Foot GC,sg_putt,0.9430324102893111,0.4283793448531367,23,8
14609,"Kim, Si Woo",883,TPC Twin Cities,sg_putt,-0.053032572018308945,0.41039090006103524,30,8
14609,"Kim, Si Woo",669,TPC Deere Run,sg_putt,-0.4599447422748306,0.38981961108634927,38,8
14609,"Kim, Si Woo",538,TPC Summerlin,sg_putt,0.3697637049616961,0.38935899749088204,47,8
14609,"Kim, Si Woo",514,Oak Hill Country Club,sg_putt,-0.4577696670846719,0.3788799219519931,14,8
14609,"Kim, Si Woo",882,Caves Valley Golf Club,sg_putt,-0.33805244268372797,0.36537833409543036,15,8
14609,"Kim, Si Woo",886,Liberty National Golf Club,sg_putt,-1.1717929997210457,0.30772935775047244,27,8
14609,"Kim, Si Woo",896,Olympia Fields Country Club (North Course),sg_total,-0.6170968621376478,0.8247619918620935,14,8
14609,"Kim, Si Woo",379,The Philadelphia Cricket Club (Wissahickon Course),sg_total,0.35946663880077134,0.7585737211164316,9,8
14609,"Kim, Si Woo",43,The Los Angeles Country Club (North Course),sg_total,-0.17028813784823071,0.7514161263884058,15,8
14609,"Kim, Si Woo",406,Castle Pines Golf Club,sg_total,1.2040452620748732,0.7413756204749691,8,8
14609,"Kim, Si Woo",552,Silverado Resort and Spa (North Course),sg_total,0.5338854218850284,0.7376139349852081,40,8
14609,"Kim, Si Woo",901,Wilmington Country Club,sg_total,-3.2301211563933534,0.7257352782065652,8,8
14609,"Kim, Si Woo",891,Winged Foot GC,sg_total,-0.3999108447941183,0.716785908305173,25,8
14609,"Kim, Si Woo",773,Aronimink GC,sg_total,0.40311142157079194,0.7020395410088385,37,8
14609,"Kim, Si Woo",890,Tahoe Mountain Club (Old Greenwood),sg_total,-0.4584207397420811,0.7001988553273849,19,8
14609,"Kim, Si Woo",939,Torrey Pines Golf Course (South Course),sg_total,0.14379096721002782,0.6930839691436437,10,8
14609,"Kim, Si Woo",872,Quail Hollow Club,sg_total,0.1454122669233503,0.6851889404998475,37,8
14609,"Kim, Si Woo",238,Glen Oaks Club,sg_total,0.9080086651822746,0.6241288288584754,28,8
14609,"Kim, Si Woo",746,The Country Club of Jackson,sg_total,0.40128808289831275,0.6225740180522429,34,8
14609,"Kim, Si Woo",977,The Renaissance Club,sg_total,-0.16529493668508188,0.6111814446513488,20,8
14609,"Kim, Si Woo",895,TPC Harding Park,sg_total,2.7171914713163896,0.6084200207744371,26,8
14609,"Kim, Si Woo",770,TPC San Antonio - The Oaks Course,sg_total,0.08084068500000308,0.6076650388350318,54,8
14609,"Kim, Si Woo",514,Oak Hill Country Club,sg_total,-0.32315421433732544,0.6041384175417843,15,8
14609,"Kim, Si Woo",240,Club de Golf Chapultepec,sg_total,-2.8757977621338235,0.6020028570371451,32,8
14609,"Kim, Si Woo",897,Memorial Park Golf Course,sg_total,-0.37408978831048934,0.5969683733902095,30,8
14609,"Kim, Si Woo",4,Torrey Pines Golf Course (South Course),sg_total,0.6602605273440237,0.5869275084275075,56,8
14609,"Kim, Si Woo",205,Spyglass Hill Golf Course,sg_total,-2.704217788728418,0.557455820713923,53,8
14609,"Kim, Si Woo",771,The Old White TPC,sg_total,-0.49053246534852135,0.5529609738461922,43,8
14609,"Kim, Si Woo",666,Pebble Beach Golf Links,sg_total,-2.5943303192395057,0.5426232759381483,49,8
14609,"Kim, Si Woo",14,Augusta National Golf Club,sg_total,-0.24809022629593333,0.5394044836198019,65,8
14609,"Kim, Si Woo",885,Royal Portrush Golf Club,sg_total,-1.0739053693159584,0.52887766569415,30,8
14609,"Kim, Si Woo",689,El Bosque CC,sg_total,-1.2038252192079164,0.5233518693058378,52,8
14609,"Kim, Si Woo",744,Torrey Pines (South),sg_total,0.32573943331587873,0.5214711179618798,46,8
14609,"Kim, Si Woo",513,TPC Southwind,sg_total,-0.21423314978415806,0.5150057683020087,55,8
14609,"Kim, Si Woo",800,The Abaco Club on Winding Bay,sg_total,0.17293850858878368,0.5085375076292757,35,8
14609,"Kim, Si Woo",700,TPC Boston,sg_total,0.8698918320245569,0.507527023233339,54,8
14609,"Kim, Si Woo",769,Monterey Peninsula CC,sg_total,-1.8227572463492248,0.5002066489573296,49,8
14609,"Kim, Si Woo",538,TPC Summerlin,sg_total,-0.049713510879206946,0.43235476111085686,50,8
14609,"Kim, Si Woo",527,Saucon Valley CC,sg_total,0.9368653213538877,0.42812608891688303,43,8
14609,"Kim, Si Woo",241,Quail Hollow-PGA Championship,sg_total,1.659347594163517,0.4265006951284631,37,8
14609,"Kim, Si Woo",902,Congaree Golf Club,sg_total,-0.646649849328545,0.41161328631299193,21,8
14609,"Kim, Si Woo",875,ACCORDIA GOLF Narashino Country Club,sg_total,0.4222904631216573,0.386724896362914,20,8
14609,"Kim, Si Woo",776,Sea Island Golf Club (Seaside Course),sg_total,-0.4080416690729594,0.3755012307989047,47,8
14609,"Kim, Si Woo",608,Oakmont Country Club,sg_total,-0.14576524419881398,0.3547256152850429,53,8
14609,"Kim, Si Woo",880,Bethpage Black,sg_total,-0.7913752266904807,0.3513476172401144,30,8
14609,"Kim, Si Woo",883,TPC Twin Cities,sg_total,-1.562715263781099,0.35074426673837056,32,8
14609,"Kim, Si Woo",876,Detroit Golf Club,sg_total,-1.432059582767481,0.3154707070451331,31,8
21891,"Kitayama, Kurt",896,Olympia Fields Country Club (North Course),sg_app,0.17392616512198883,0.8315178735937293,13,8
21891,"Kitayama, Kurt",928,PGA National  - Champion Course,sg_app,-0.16817654259190873,0.7671751837159452,13,8
21891,"Kitayama, Kurt",902,Congaree Golf Club,sg_app,0.840169087239427,0.7464172844547262,20,8
21891,"Kitayama, Kurt",891,Winged Foot GC,sg_app,0.5352815098814562,0.7126732274142469,23,8
21891,"Kitayama, Kurt",935,TPC Toronto at Osprey Valley (North Course),sg_app,-0.2203961709092204,0.7116924721794581,6,8
21891,"Kitayama, Kurt",240,Club de Golf Chapultepec,sg_app,0.2733886444164355,0.7081210840226253,29,8
21891,"Kitayama, Kurt",697,Ocean Course at Kiawah Island,sg_app,1.32766870212842,0.7069136776164395,24,8
21891,"Kitayama, Kurt",241,Quail Hollow-PGA Championship,sg_app,1.5106013178238005,0.7056566483257517,34,8
21891,"Kitayama, Kurt",876,Detroit Golf Club,sg_app,0.13141408690420814,0.6896168809184317,29,8
21891,"Kitayama, Kurt",4,Torrey Pines Golf Course (South Course),sg_app,0.1615191598897064,0.6702800253204808,51,8
21891,"Kitayama, Kurt",724,Royal Liverpool,sg_app,-0.2767383122927057,0.6632783746768827,14,8
21891,"Kitayama, Kurt",237,TPC Potomac at Avenel Farm,sg_app,1.7158354999662333,0.6615951373353582,23,8
21891,"Kitayama, Kurt",43,The Los Angeles Country Club (North Course),sg_app,-0.016863705664958206,0.652561798717866,13,8
21891,"Kitayama, Kurt",872,Quail Hollow Club,sg_app,0.08496049455010929,0.6423650899143748,36,8
21891,"Kitayama, Kurt",552,Silverado Resort and Spa (North Course),sg_app,-1.29774492273655,0.6270648570577193,39,8
21891,"Kitayama, Kurt",665,Innisbrook Resort and Golf Club - Copperhead Course,sg_app,-1.133241753223111,0.5909971343340352,54,8
21891,"Kitayama, Kurt",14,Augusta National Golf Club,sg_app,-0.5606397248840262,0.5249097184931832,23,8
21891,"Kitayama, Kurt",770,TPC San Antonio - The Oaks Course,sg_app,-2.404522554387156,0.524784468692467,50,8
21891,"Kitayama, Kurt",882,Caves Valley Golf Club,sg_app,-0.5868517970599105,0.4904074682099971,15,8
21891,"Kitayama, Kurt",977,The Renaissance Club,sg_app,-0.26529827506427534,0.47281672246556705,16,8
21891,"Kitayama, Kurt",510,TPC Scottsdale (Stadium Course),sg_app,0.001731889187019775,0.4198044142274062,49,8
21891,"Kitayama, Kurt",897,Memorial Park Golf Course,sg_app,0.01836466952684107,0.40296007074916906,29,8
21891,"Kitayama, Kurt",528,Pinehurst Resort & Country Club (Course No. 2),sg_app,-0.6658224245140814,0.3150926551363546,13,8
21891,"Kitayama, Kurt",205,Spyglass Hill Golf Course,sg_arg,-0.5764420505223482,0.8931748466298375,10,8
21891,"Kitayama, Kurt",883,TPC Twin Cities,sg_arg,0.22074116133368216,0.7867501524651601,30,8
21891,"Kitayama, Kurt",14,Augusta National Golf Club,sg_arg,-1.3300014107049436,0.6966083272472707,23,8
21891,"Kitayama, Kurt",9,Arnold Palmer's Bay Hill Club & Lodge,sg_arg,-0.44621001972502783,0.6663502146645437,55,8
21891,"Kitayama, Kurt",930,Black Desert Resort,sg_arg,0.178177796681781,0.6659138517567389,6,8
21891,"Kitayama, Kurt",896,Olympia Fields Country Club (North Course),sg_arg,0.34986916182960115,0.6081893022397992,13,8
21891,"Kitayama, Kurt",978,Vidanta Vallarta,sg_arg,0.10753248587012265,0.5939369030173401,16,8
21891,"Kitayama, Kurt",977,The Renaissance Club,sg_arg,0.48161640144085177,0.5766157384771762,16,8
21891,"Kitayama, Kurt",528,Pinehurst Resort & Country Club (Course No. 2),sg_arg,0.7334504212848708,0.5246733621084892,13,8
21891,"Kitayama, Kurt",514,Oak Hill Country Club,sg_arg,0.48077640249749665,0.4528767618255562,14,8
21891,"Kitayama, Kurt",697,Ocean Course at Kiawah Island,sg_arg,-0.38003392613947345,0.4160654028125454,24,8
21891,"Kitayama, Kurt",503,TPC River Highlands,sg_arg,0.016837594865655763,0.4014194396486374,51,8
21891,"Kitayama, Kurt",894,TPC Craig Ranch,sg_arg,0.006773343503452942,0.3960272487602276,24,8
21891,"Kitayama, Kurt",4,Torrey Pines Golf Course (South Course),sg_arg,-0.30882297561607097,0.3899247548025363,51,8
21891,"Kitayama, Kurt",669,TPC Deere Run,sg_arg,-0.31020486183596924,0.3763200181958359,38,8
21891,"Kitayama, Kurt",500,The Riviera Country Club,sg_arg,-0.43143214998711277,0.36910745033253783,54,8
21891,"Kitayama, Kurt",902,Congaree Golf Club,sg_arg,0.5046966726200156,0.31392215570295146,20,8
21891,"Kitayama, Kurt",552,Silverado Resort and Spa (North Course),sg_arg,-0.46260315907585325,0.30969972483809577,39,8
21891,"Kitayama, Kurt",901,Wilmington Country Club,sg_ott,0.31774180112701406,0.8630761206823632,8,8
21891,"Kitayama, Kurt",746,The Country Club of Jackson,sg_ott,-0.4452275587037469,0.8252517828177022,32,8
21891,"Kitayama, Kurt",697,Ocean Course at Kiawah Island,sg_ott,-0.5990930962114988,0.8177837473279898,24,8
21891,"Kitayama, Kurt",514,Oak Hill Country Club,sg_ott,0.2601285268455605,0.8127203741169257,14,8
21891,"Kitayama, Kurt",921,TPC Craig Ranch,sg_ott,0.060445206585755945,0.8124938419538594,15,8
21891,"Kitayama, Kurt",656,Plantation Course at Kapalua,sg_ott,0.554692208239554,0.8079739846971773,45,8
21891,"Kitayama, Kurt",897,Memorial Park Golf Course,sg_ott,-0.7207079248780253,0.7975910700248214,29,8
21891,"Kitayama, Kurt",205,Spyglass Hill Golf Course,sg_ott,1.1644517220075834,0.7354241572242235,10,8
21891,"Kitayama, Kurt",665,Innisbrook Resort and Golf Club - Copperhead Course,sg_ott,-1.6225799793991418,0.7274722902336741,54,8
21891,"Kitayama, Kurt",930,Black Desert Resort,sg_ott,-0.12432625706035727,0.7201825483385862,6,8
21891,"Kitayama, Kurt",872,Quail Hollow Club,sg_ott,-0.0836567059483075,0.7095329685955294,36,8
21891,"Kitayama, Kurt",669,TPC Deere Run,sg_ott,0.5676084943853814,0.6958014020825517,38,8
21891,"Kitayama, Kurt",895,TPC Harding Park,sg_ott,0.12121897784642294,0.6913221539478895,25,8
21891,"Kitayama, Kurt",237,TPC Potomac at Avenel Farm,sg_ott,0.7315188260179384,0.6685057551764296,23,8
21891,"Kitayama, Kurt",43,The Los Angeles Country Club (North Course),sg_ott,0.1729583953552709,0.6561752385219565,13,8
21891,"Kitayama, Kurt",528,Pinehurst Resort & Country Club (Course No. 2),sg_ott,0.41378669805531426,0.605912040107582,13,8
21891,"Kitayama, Kurt",704,Pete Dye Stadium Course,sg_ott,-0.40708152293556593,0.5925443054801743,33,8
21891,"Kitayama, Kurt",671,Valhalla Golf Club,sg_ott,0.7596815369272036,0.5447209390309542,42,8
21891,"Kitayama, Kurt",21,Colonial Country Club,sg_ott,-0.2005128746431688,0.5148436857747805,50,8
21891,"Kitayama, Kurt",654,The Country Club,sg_ott,0.11632011811678838,0.4887135329746615,13,8
21891,"Kitayama, Kurt",883,TPC Twin Cities,sg_ott,-0.0024644685146279766,0.45235980784155716,30,8
21891,"Kitayama, Kurt",734,PGA National Resort (The Champion),sg_ott,0.332732800371392,0.45228278937398675,56,8
21891,"Kitayama, Kurt",770,TPC San Antonio - The Oaks Course,sg_ott,1.1240272444783395,0.45218651003185867,50,8
21891,"Kitayama, Kurt",241,Quail Hollow-PGA Championship,sg_ott,-0.4256545344594485,0.443843453458752,34,8
21891,"Kitayama, Kurt",14,Augusta National Golf Club,sg_ott,0.15365911973873775,0.42768357649408206,23,8
21891,"Kitayama, Kurt",5,Pebble Beach Golf Links,sg_ott,0.15267041107860768,0.37764395709692644,49,8
21891,"Kitayama, Kurt",500,The Riviera Country Club,sg_ott,0.21760659850581437,0.3722795836501979,54,8
21891,"Kitayama, Kurt",709,Royal Troon,sg_ott,0.19447446872226903,0.3555471361658512,14,8
21891,"Kitayama, Kurt",709,Royal Troon,sg_putt,-0.5051179843277346,0.8553792953613122,14,8
21891,"Kitayama, Kurt",928,PGA National  - Champion Course,sg_putt,-1.5567307162828492,0.8319135400555944,13,8
21891,"Kitayama, Kurt",552,Silverado Resort and Spa (North Course),sg_putt,-0.7127196331076529,0.7652038880499961,39,8
21891,"Kitayama, Kurt",896,Olympia Fields Country Club (North Course),sg_putt,-1.5148132382388666,0.7300243530921173,13,8
21891,"Kitayama, Kurt",935,TPC Toronto at Osprey Valley (North Course),sg_putt,-2.051658697613116,0.7214011843267554,6,8
21891,"Kitayama, Kurt",930,Black Desert Resort,sg_putt,-0.7074839772569033,0.709353178421583,6,8
21891,"Kitayama, Kurt",978,Vidanta Vallarta,sg_putt,-0.5425879216998086,0.6967043554693465,16,8
21891,"Kitayama, Kurt",697,Ocean Course at Kiawah Island,sg_putt,-2.017961824092645,0.6047937213752724,24,8
21891,"Kitayama, Kurt",43,The Los Angeles Country Club (North Course),sg_putt,-0.4751599304351203,0.5587238547117286,13,8
21891,"Kitayama, Kurt",668,St. Andrews Links (Old Course),sg_putt,0.03503332269326004,0.5243576462108127,16,8
21891,"Kitayama, Kurt",872,Quail Hollow Club,sg_putt,-0.5880972602615759,0.5080732719746718,36,8
21891,"Kitayama, Kurt",770,TPC San Antonio - The Oaks Course,sg_putt,-2.0306652964995346,0.49979074287184344,50,8
21891,"Kitayama, Kurt",977,The Renaissance Club,sg_putt,0.4256513463799891,0.49863130395531924,16,8
21891,"Kitayama, Kurt",902,Congaree Golf Club,sg_putt,1.328586187540514,0.47712841747238366,20,8
21891,"Kitayama, Kurt",897,Memorial Park Golf Course,sg_putt,-0.3570120255813048,0.46100063008810405,29,8
21891,"Kitayama, Kurt",665,Innisbrook Resort and Golf Club - Copperhead Course,sg_putt,0.6255703729152748,0.42909909172145166,54,8
21891,"Kitayama, Kurt",891,Winged Foot GC,sg_putt,-0.1873889309210114,0.4283793448531367,23,8
21891,"Kitayama, Kurt",883,TPC Twin Cities,sg_putt,0.2183302721660058,0.41039090006103524,30,8
21891,"Kitayama, Kurt",669,TPC Deere Run,sg_putt,0.08605537444368855,0.38981961108634927,38,8
21891,"Kitayama, Kurt",538,TPC Summerlin,sg_putt,-0.6971999789273977,0.38935899749088204,47,8
21891,"Kitayama, Kurt",514,Oak Hill Country Club,sg_putt,1.336407603748046,0.3788799219519931,14,8
21891,"Kitayama, Kurt",882,Caves Valley Golf Club,sg_putt,-0.3147511438520848,0.36537833409543036,15,8
21891,"Kitayama, Kurt",896,Olympia Fields Country Club (North Course),sg_total,-0.993884587180554,0.8247619918620935,14,8
21891,"Kitayama, Kurt",43,The Los Angeles Country Club (North Course),sg_total,-0.9092669196317804,0.7514161263884058,15,8
21891,"Kitayama, Kurt",552,Silverado Resort and Spa (North Course),sg_total,-1.6676780770206827,0.7376139349852081,40,8
21891,"Kitayama, Kurt",901,Wilmington Country Club,sg_total,1.3571289800089168,0.7257352782065652,8,8
21891,"Kitayama, Kurt",891,Winged Foot GC,sg_total,0.7552769185243877,0.716785908305173,25,8
21891,"Kitayama, Kurt",978,Vidanta Vallarta,sg_total,0.12705051501449777,0.7044733074594649,17,8
21891,"Kitayama, Kurt",890,Tahoe Mountain Club (Old Greenwood),sg_total,-2.624116080073054,0.7001988553273849,19,8
21891,"Kitayama, Kurt",872,Quail Hollow Club,sg_total,-0.743207993055391,0.6851889404998475,37,8
21891,"Kitayama, Kurt",746,The Country Club of Jackson,sg_total,-0.05000225346353637,0.6225740180522429,34,8
21891,"Kitayama, Kurt",928,PGA National  - Champion Course,sg_total,-1.735011351428308,0.6132577956350657,13,8
21891,"Kitayama, Kurt",977,The Renaissance Club,sg_total,0.730417099784245,0.6111814446513488,20,8
21891,"Kitayama, Kurt",895,TPC Harding Park,sg_total,0.5701405879043551,0.6084200207744371,26,8
21891,"Kitayama, Kurt",770,TPC San Antonio - The Oaks Course,sg_total,-3.617766639539332,0.6076650388350318,54,8
21891,"Kitayama, Kurt",514,Oak Hill Country Club,sg_total,3.296442745394409,0.6041384175417843,15,8
21891,"Kitayama, Kurt",240,Club de Golf Chapultepec,sg_total,-0.9015765796581641,0.6020028570371451,32,8
21891,"Kitayama, Kurt",897,Memorial Park Golf Course,sg_total,-0.8166518908085223,0.5969683733902095,30,8
21891,"Kitayama, Kurt",4,Torrey Pines Golf Course (South Course),sg_total,-0.6160256267506857,0.5869275084275075,56,8
21891,"Kitayama, Kurt",205,Spyglass Hill Golf Course,sg_total,0.40064034142262445,0.557455820713923,53,8
21891,"Kitayama, Kurt",14,Augusta National Golf Club,sg_total,-1.2501130583924818,0.5394044836198019,65,8
21891,"Kitayama, Kurt",885,Royal Portrush Golf Club,sg_total,0.4699212228150184,0.52887766569415,30,8
21891,"Kitayama, Kurt",513,TPC Southwind,sg_total,0.5726903525060201,0.5150057683020087,55,8
21891,"Kitayama, Kurt",769,Monterey Peninsula CC,sg_total,2.999222763516818,0.5002066489573296,49,8
21891,"Kitayama, Kurt",538,TPC Summerlin,sg_total,0.8239941835937832,0.43235476111085686,50,8
21891,"Kitayama, Kurt",241,Quail Hollow-PGA Championship,sg_total,0.3885780741446076,0.4265006951284631,37,8
21891,"Kitayama, Kurt",902,Congaree Golf Club,sg_total,3.8666216478757227,0.41161328631299193,21,8
21891,"Kitayama, Kurt",875,ACCORDIA GOLF Narashino Country Club,sg_total,1.0308213043930614,0.386724896362914,20,8
21891,"Kitayama, Kurt",778,Royal St. George's GC,sg_total,-0.12192349937089919,0.3865346771917013,50,8
21891,"Kitayama, Kurt",776,Sea Island Golf Club (Seaside Course),sg_total,-7.016581254055565,0.3755012307989047,47,8
21891,"Kitayama, Kurt",880,Bethpage Black,sg_total,0.6045082073855015,0.3513476172401144,30,8
21891,"Kitayama, Kurt",883,TPC Twin Cities,sg_total,2.0997604612370666,0.35074426673837056,32,8
21891,"Kitayama, Kurt",876,Detroit Golf Club,sg_total,-0.42627513224399394,0.3154707070451331,31,8
19396,"Knapp, Jake",928,PGA National  - Champion Course,sg_app,0.3469568358170994,0.7671751837159452,13,8
19396,"Knapp, Jake",939,Torrey Pines Golf Course (South Course),sg_app,0.7938582426684984,0.7487285792532103,9,8
19396,"Knapp, Jake",935,TPC Toronto at Osprey Valley (North Course),sg_app,-0.19959317333498122,0.7116924721794581,6,8
19396,"Knapp, Jake",241,Quail Hollow-PGA Championship,sg_app,-0.4082072871969483,0.7056566483257517,34,8
19396,"Knapp, Jake",876,Detroit Golf Club,sg_app,0.15382220033803679,0.6896168809184317,29,8
19396,"Knapp, Jake",4,Torrey Pines Golf Course (South Course),sg_app,0.3009071945013562,0.6702800253204808,51,8
19396,"Knapp, Jake",872,Quail Hollow Club,sg_app,-2.362003916327962,0.6423650899143748,36,8
19396,"Knapp, Jake",665,Innisbrook Resort and Golf Club - Copperhead Course,sg_app,-1.6504095171210411,0.5909971343340352,54,8
19396,"Knapp, Jake",931,Tahoe Mountain Club (Old Greenwood),sg_app,-0.30977481584940236,0.5425266516366192,6,8
19396,"Knapp, Jake",14,Augusta National Golf Club,sg_app,0.1980946525769655,0.5249097184931832,23,8
19396,"Knapp, Jake",770,TPC San Antonio - The Oaks Course,sg_app,-2.7849982960426787,0.524784468692467,50,8
19396,"Knapp, Jake",977,The Renaissance Club,sg_app,-1.6430811795007478,0.47281672246556705,16,8
19396,"Knapp, Jake",510,TPC Scottsdale (Stadium Course),sg_app,0.9929230185808791,0.4198044142274062,49,8
19396,"Knapp, Jake",897,Memorial Park Golf Course,sg_app,0.7392120051496849,0.40296007074916906,29,8
19396,"Knapp, Jake",528,Pinehurst Resort & Country Club (Course No. 2),sg_app,-1.0855913891082092,0.3150926551363546,13,8
19396,"Knapp, Jake",205,Spyglass Hill Golf Course,sg_arg,-0.5445314385752296,0.8931748466298375,10,8
19396,"Knapp, Jake",883,TPC Twin Cities,sg_arg,0.4551091536699816,0.7867501524651601,30,8
19396,"Knapp, Jake",14,Augusta National Golf Club,sg_arg,-0.30915205870519014,0.6966083272472707,23,8
19396,"Knapp, Jake",9,Arnold Palmer's Bay Hill Club & Lodge,sg_arg,-0.16698961011860516,0.6663502146645437,55,8
19396,"Knapp, Jake",939,Torrey Pines Golf Course (South Course),sg_arg,0.40993851313523044,0.6481740336083687,9,8
19396,"Knapp, Jake",978,Vidanta Vallarta,sg_arg,-0.2786409905997106,0.5939369030173401,16,8
19396,"Knapp, Jake",977,The Renaissance Club,sg_arg,-0.7208195336392993,0.5766157384771762,16,8
19396,"Knapp, Jake",528,Pinehurst Resort & Country Club (Course No. 2),sg_arg,-1.3993071951229608,0.5246733621084892,13,8
19396,"Knapp, Jake",503,TPC River Highlands,sg_arg,0.25367841165930416,0.4014194396486374,51,8
19396,"Knapp, Jake",4,Torrey Pines Golf Course (South Course),sg_arg,0.03071061589963983,0.3899247548025363,51,8
19396,"Knapp, Jake",669,TPC Deere Run,sg_arg,-0.3071844588291084,0.3763200181958359,38,8
19396,"Knapp, Jake",500,The Riviera Country Club,sg_arg,-0.06542147578038254,0.36910745033253783,54,8
19396,"Knapp, Jake",931,Tahoe Mountain Club (Old Greenwood),sg_arg,0.948882447284384,0.3045308878923496,6,8
19396,"Knapp, Jake",931,Tahoe Mountain Club (Old Greenwood),sg_ott,-1.4561943754572801,0.857762709347225,6,8
19396,"Knapp, Jake",921,TPC Craig Ranch,sg_ott,0.34059793759061585,0.8124938419538594,15,8
19396,"Knapp, Jake",656,Plantation Course at Kapalua,sg_ott,-2.00595440417631,0.8079739846971773,45,8
19396,"Knapp, Jake",897,Memorial Park Golf Course,sg_ott,-0.18128822171512837,0.7975910700248214,29,8
19396,"Knapp, Jake",205,Spyglass Hill Golf Course,sg_ott,0.48524220116686234,0.7354241572242235,10,8
19396,"Knapp, Jake",665,Innisbrook Resort and Golf Club - Copperhead Course,sg_ott,-0.5684974766838491,0.7274722902336741,54,8
19396,"Knapp, Jake",872,Quail Hollow Club,sg_ott,1.1122442228526939,0.7095329685955294,36,8
19396,"Knapp, Jake",669,TPC Deere Run,sg_ott,0.3395403067312417,0.6958014020825517,38,8
19396,"Knapp, Jake",939,Torrey Pines Golf Course (South Course),sg_ott,0.7986783524591481,0.6420342944454386,9,8
19396,"Knapp, Jake",528,Pinehurst Resort & Country Club (Course No. 2),sg_ott,-0.4812811352005595,0.605912040107582,13,8
19396,"Knapp, Jake",704,Pete Dye Stadium Course,sg_ott,0.35443040373528656,0.5925443054801743,33,8
19396,"Knapp, Jake",671,Valhalla Golf Club,sg_ott,-0.37798091914494203,0.5447209390309542,42,8
19396,"Knapp, Jake",21,Colonial Country Club,sg_ott,-0.8793402738714856,0.5148436857747805,50,8
19396,"Knapp, Jake",883,TPC Twin Cities,sg_ott,0.3601329876182221,0.45235980784155716,30,8
19396,"Knapp, Jake",770,TPC San Antonio - The Oaks Course,sg_ott,1.275894910398178,0.45218651003185867,50,8
19396,"Knapp, Jake",241,Quail Hollow-PGA Championship,sg_ott,-0.21542930688348494,0.443843453458752,34,8
19396,"Knapp, Jake",14,Augusta National Golf Club,sg_ott,0.9750857917471494,0.42768357649408206,23,8
19396,"Knapp, Jake",5,Pebble Beach Golf Links,sg_ott,-0.16378131231019602,0.37764395709692644,49,8
19396,"Knapp, Jake",500,The Riviera Country Club,sg_ott,-0.3445624587212915,0.3722795836501979,54,8
19396,"Knapp, Jake",928,PGA National  - Champion Course,sg_putt,0.3282481732587336,0.8319135400555944,13,8
19396,"Knapp, Jake",931,Tahoe Mountain Club (Old Greenwood),sg_putt,1.248204050003853,0.7981479141159207,6,8
19396,"Knapp, Jake",935,TPC Toronto at Osprey Valley (North Course),sg_putt,-0.26508477027372485,0.7214011843267554,6,8
19396,"Knapp, Jake",978,Vidanta Vallarta,sg_putt,0.31399705201983413,0.6967043554693465,16,8
19396,"Knapp, Jake",872,Quail Hollow Club,sg_putt,-0.414903244928871,0.5080732719746718,36,8
19396,"Knapp, Jake",770,TPC San Antonio - The Oaks Course,sg_putt,-1.6718050086664897,0.49979074287184344,50,8
19396,"Knapp, Jake",977,The Renaissance Club,sg_putt,2.2714538779365565,0.49863130395531924,16,8
19396,"Knapp, Jake",897,Memorial Park Golf Course,sg_putt,-0.2719763131517233,0.46100063008810405,29,8
19396,"Knapp, Jake",665,Innisbrook Resort and Golf Club - Copperhead Course,sg_putt,0.12530633076862097,0.42909909172145166,54,8
19396,"Knapp, Jake",883,TPC Twin Cities,sg_putt,-0.10485769683166202,0.41039090006103524,30,8
19396,"Knapp, Jake",669,TPC Deere Run,sg_putt,-0.107611659144599,0.38981961108634927,38,8
19396,"Knapp, Jake",978,Vidanta Vallarta,sg_total,1.5071646276604216,0.7044733074594649,17,8
19396,"Knapp, Jake",939,Torrey Pines Golf Course (South Course),sg_total,1.1690555878679818,0.6930839691436437,10,8
19396,"Knapp, Jake",872,Quail Hollow Club,sg_total,-1.330878145711638,0.6851889404998475,37,8
19396,"Knapp, Jake",928,PGA National  - Champion Course,sg_total,1.581766040489377,0.6132577956350657,13,8
19396,"Knapp, Jake",977,The Renaissance Club,sg_total,0.674155133069567,0.6111814446513488,20,8
19396,"Knapp, Jake",770,TPC San Antonio - The Oaks Course,sg_total,-2.928426035741033,0.6076650388350318,54,8
19396,"Knapp, Jake",897,Memorial Park Golf Course,sg_total,0.47494735600002014,0.5969683733902095,30,8
19396,"Knapp, Jake",4,Torrey Pines Golf Course (South Course),sg_total,1.7461285918311253,0.5869275084275075,56,8
19396,"Knapp, Jake",205,Spyglass Hill Golf Course,sg_total,1.3995363053447678,0.557455820713923,53,8
19396,"Knapp, Jake",818,Chambers Bay GC,sg_total,-1.1997531063082423,0.5439215943066038,38,8
19396,"Knapp, Jake",14,Augusta National Golf Club,sg_total,0.5271041634092866,0.5394044836198019,65,8
19396,"Knapp, Jake",513,TPC Southwind,sg_total,-2.1803892526108095,0.5150057683020087,55,8
19396,"Knapp, Jake",100,Omni Tucson National,sg_total,-2.4657531063082425,0.4299162671909255,45,8
19396,"Knapp, Jake",241,Quail Hollow-PGA Championship,sg_total,0.42101210268986633,0.4265006951284631,37,8
19396,"Knapp, Jake",776,Sea Island Golf Club (Seaside Course),sg_total,-3.337438223675707,0.3755012307989047,47,8
19396,"Knapp, Jake",883,TPC Twin Cities,sg_total,-0.14577043398675604,0.35074426673837056,32,8
19396,"Knapp, Jake",876,Detroit Golf Club,sg_total,1.2935977819343825,0.3154707070451331,31,8
16841,"Lee, Min Woo",928,PGA National  - Champion Course,sg_app,1.1078299955680326,0.7671751837159452,13,8
16841,"Lee, Min Woo",939,Torrey Pines Golf Course (South Course),sg_app,-1.0318583172108422,0.7487285792532103,9,8
16841,"Lee, Min Woo",241,Quail Hollow-PGA Championship,sg_app,-0.029082547801830005,0.7056566483257517,34,8
16841,"Lee, Min Woo",876,Detroit Golf Club,sg_app,0.47468453556746565,0.6896168809184317,29,8
16841,"Lee, Min Woo",4,Torrey Pines Golf Course (South Course),sg_app,0.3142348991431942,0.6702800253204808,51,8
16841,"Lee, Min Woo",724,Royal Liverpool,sg_app,-0.2684250792475023,0.6632783746768827,14,8
16841,"Lee, Min Woo",43,The Los Angeles Country Club (North Course),sg_app,1.4323807665030537,0.652561798717866,13,8
16841,"Lee, Min Woo",665,Innisbrook Resort and Golf Club - Copperhead Course,sg_app,-2.4183490632891704,0.5909971343340352,54,8
16841,"Lee, Min Woo",14,Augusta National Golf Club,sg_app,-0.5211236064221895,0.5249097184931832,23,8
16841,"Lee, Min Woo",770,TPC San Antonio - The Oaks Course,sg_app,-1.5753912775140546,0.524784468692467,50,8
16841,"Lee, Min Woo",611,Southern Hills Country Club,sg_app,-0.5390305774767385,0.5183385212389265,21,8
16841,"Lee, Min Woo",977,The Renaissance Club,sg_app,-1.0142361059577512,0.47281672246556705,16,8
16841,"Lee, Min Woo",885,Royal Portrush Golf Club,sg_app,-2.337441218934061,0.4489419284589953,15,8
16841,"Lee, Min Woo",510,TPC Scottsdale (Stadium Course),sg_app,-0.3622433880005763,0.4198044142274062,49,8
16841,"Lee, Min Woo",897,Memorial Park Golf Course,sg_app,1.2766662128012276,0.40296007074916906,29,8
16841,"Lee, Min Woo",528,Pinehurst Resort & Country Club (Course No. 2),sg_app,-0.32058228929362537,0.3150926551363546,13,8
16841,"Lee, Min Woo",205,Spyglass Hill Golf Course,sg_arg,0.174050891757425,0.8931748466298375,10,8
16841,"Lee, Min Woo",608,Oakmont Country Club,sg_arg,1.1292095856113165,0.8244183901604997,10,8
16841,"Lee, Min Woo",14,Augusta National Golf Club,sg_arg,-0.19518803544974922,0.6966083272472707,23,8
16841,"Lee, Min Woo",9,Arnold Palmer's Bay Hill Club & Lodge,sg_arg,0.12357931492718666,0.6663502146645437,55,8
16841,"Lee, Min Woo",939,Torrey Pines Golf Course (South Course),sg_arg,-0.3648858504869257,0.6481740336083687,9,8
16841,"Lee, Min Woo",977,The Renaissance Club,sg_arg,-0.04700321943806844,0.5766157384771762,16,8
16841,"Lee, Min Woo",528,Pinehurst Resort & Country Club (Course No. 2),sg_arg,0.17277243351098312,0.5246733621084892,13,8
16841,"Lee, Min Woo",611,Southern Hills Country Club,sg_arg,1.2559843861804678,0.4980626838282213,21,8
16841,"Lee, Min Woo",514,Oak Hill Country Club,sg_arg,1.1137738262129389,0.4528767618255562,14,8
16841,"Lee, Min Woo",503,TPC River Highlands,sg_arg,0.32090738913883976,0.4014194396486374,51,8
16841,"Lee, Min Woo",885,Royal Portrush Golf Club,sg_arg,0.8161793692160747,0.39205476717281856,15,8
16841,"Lee, Min Woo",4,Torrey Pines Golf Course (South Course),sg_arg,-0.754507763009211,0.3899247548025363,51,8
16841,"Lee, Min Woo",500,The Riviera Country Club,sg_arg,0.32600580715155697,0.36910745033253783,54,8
16841,"Lee, Min Woo",746,The Country Club of Jackson,sg_ott,0.08018112676941455,0.8252517828177022,32,8
16841,"Lee, Min Woo",514,Oak Hill Country Club,sg_ott,0.20695273581210102,0.8127203741169257,14,8
16841,"Lee, Min Woo",921,TPC Craig Ranch,sg_ott,0.828614944019806,0.8124938419538594,15,8
16841,"Lee, Min Woo",897,Memorial Park Golf Course,sg_ott,-0.04255734789111026,0.7975910700248214,29,8
16841,"Lee, Min Woo",205,Spyglass Hill Golf Course,sg_ott,-0.4616740589789642,0.7354241572242235,10,8
16841,"Lee, Min Woo",665,Innisbrook Resort and Golf Club - Copperhead Course,sg_ott,1.0160458807164516,0.7274722902336741,54,8
16841,"Lee, Min Woo",43,The Los Angeles Country Club (North Course),sg_ott,0.5304276685182507,0.6561752385219565,13,8
16841,"Lee, Min Woo",939,Torrey Pines Golf Course (South Course),sg_ott,-0.22689964153903977,0.6420342944454386,9,8
16841,"Lee, Min Woo",528,Pinehurst Resort & Country Club (Course No. 2),sg_ott,0.5788975101311095,0.605912040107582,13,8
16841,"Lee, Min Woo",704,Pete Dye Stadium Course,sg_ott,0.22361897169946202,0.5925443054801743,33,8
16841,"Lee, Min Woo",671,Valhalla Golf Club,sg_ott,-0.4462639392744938,0.5447209390309542,42,8
16841,"Lee, Min Woo",21,Colonial Country Club,sg_ott,0.19298388851264245,0.5148436857747805,50,8
16841,"Lee, Min Woo",654,The Country Club,sg_ott,0.7269639584341815,0.4887135329746615,13,8
16841,"Lee, Min Woo",926,Silverado Resort (North Course),sg_ott,-0.2252289892093178,0.4695369826470083,14,8
16841,"Lee, Min Woo",734,PGA National Resort (The Champion),sg_ott,0.7722611587956483,0.45228278937398675,56,8
16841,"Lee, Min Woo",770,TPC San Antonio - The Oaks Course,sg_ott,-0.48030155328553914,0.45218651003185867,50,8
16841,"Lee, Min Woo",241,Quail Hollow-PGA Championship,sg_ott,0.15157891664172599,0.443843453458752,34,8
16841,"Lee, Min Woo",14,Augusta National Golf Club,sg_ott,0.12764330865445608,0.42768357649408206,23,8
16841,"Lee, Min Woo",5,Pebble Beach Golf Links,sg_ott,0.017086993467770706,0.37764395709692644,49,8
16841,"Lee, Min Woo",500,The Riviera Country Club,sg_ott,1.0337474308075953,0.3722795836501979,54,8
16841,"Lee, Min Woo",709,Royal Troon,sg_ott,-2.138308076710658,0.3555471361658512,14,8
16841,"Lee, Min Woo",709,Royal Troon,sg_putt,0.9316681975644451,0.8553792953613122,14,8
16841,"Lee, Min Woo",928,PGA National  - Champion Course,sg_putt,0.4017184327274299,0.8319135400555944,13,8
16841,"Lee, Min Woo",43,The Los Angeles Country Club (North Course),sg_putt,0.806872388923499,0.5587238547117286,13,8
16841,"Lee, Min Woo",608,Oakmont Country Club,sg_putt,-1.1264707111483736,0.5378019635320631,10,8
16841,"Lee, Min Woo",668,St. Andrews Links (Old Course),sg_putt,1.4420494093544696,0.5243576462108127,16,8
16841,"Lee, Min Woo",770,TPC San Antonio - The Oaks Course,sg_putt,1.7018606327158623,0.49979074287184344,50,8
16841,"Lee, Min Woo",977,The Renaissance Club,sg_putt,-0.7597162219795047,0.49863130395531924,16,8
16841,"Lee, Min Woo",897,Memorial Park Golf Course,sg_putt,1.076275418414675,0.46100063008810405,29,8
16841,"Lee, Min Woo",665,Innisbrook Resort and Golf Club - Copperhead Course,sg_putt,-3.1141414269938656,0.42909909172145166,54,8
16841,"Lee, Min Woo",514,Oak Hill Country Club,sg_putt,1.5095268412959506,0.3788799219519931,14,8
16841,"Lee, Min Woo",379,The Philadelphia Cricket Club (Wissahickon Course),sg_total,-1.074070587650565,0.7585737211164316,9,8
16841,"Lee, Min Woo",43,The Los Angeles Country Club (North Course),sg_total,2.8513478876286364,0.7514161263884058,15,8
16841,"Lee, Min Woo",939,Torrey Pines Golf Course (South Course),sg_total,-1.2159383257341794,0.6930839691436437,10,8
16841,"Lee, Min Woo",746,The Country Club of Jackson,sg_total,-2.178995552662247,0.6225740180522429,34,8
16841,"Lee, Min Woo",928,PGA National  - Champion Course,sg_total,1.0619112133663955,0.6132577956350657,13,8
16841,"Lee, Min Woo",977,The Renaissance Club,sg_total,-1.8096286570795879,0.6111814446513488,20,8
16841,"Lee, Min Woo",770,TPC San Antonio - The Oaks Course,sg_total,-0.9247859744215612,0.6076650388350318,54,8
16841,"Lee, Min Woo",514,Oak Hill Country Club,sg_total,2.1362644268574478,0.6041384175417843,15,8
16841,"Lee, Min Woo",897,Memorial Park Golf Course,sg_total,2.265317159550953,0.5969683733902095,30,8
16841,"Lee, Min Woo",4,Torrey Pines Golf Course (South Course),sg_total,-0.7929696580971297,0.5869275084275075,56,8
16841,"Lee, Min Woo",205,Spyglass Hill Golf Course,sg_total,1.8238322855482865,0.557455820713923,53,8
16841,"Lee, Min Woo",14,Augusta National Golf Club,sg_total,-1.1489019583419322,0.5394044836198019,65,8
16841,"Lee, Min Woo",885,Royal Portrush Golf Club,sg_total,-1.9124663191914093,0.52887766569415,30,8
16841,"Lee, Min Woo",513,TPC Southwind,sg_total,-1.8142611157215016,0.5150057683020087,55,8
16841,"Lee, Min Woo",769,Monterey Peninsula CC,sg_total,0.7066755810161147,0.5002066489573296,49,8
16841,"Lee, Min Woo",241,Quail Hollow-PGA Championship,sg_total,-1.01896859376624,0.4265006951284631,37,8
16841,"Lee, Min Woo",875,ACCORDIA GOLF Narashino Country Club,sg_total,0.5940160297744079,0.386724896362914,20,8
16841,"Lee, Min Woo",778,Royal St. George's GC,sg_total,-0.13770477182781124,0.3865346771917013,50,8
16841,"Lee, Min Woo",608,Oakmont Country Club,sg_total,-0.49496862534391667,0.3547256152850429,53,8
16841,"Lee, Min Woo",876,Detroit Golf Club,sg_total,1.345145742447619,0.3154707070451331,31,8
15980,"Lipsky, David",928,PGA National  - Champion Course,sg_app,-0.5635988747960378,0.7671751837159452,13,8
15980,"Lipsky, David",902,Congaree Golf Club,sg_app,-0.2452628162673472,0.7464172844547262,20,8
15980,"Lipsky, David",935,TPC Toronto at Osprey Valley (North Course),sg_app,0.503474969352848,0.7116924721794581,6,8
15980,"Lipsky, David",240,Club de Golf Chapultepec,sg_app,1.009081451681015,0.7081210840226253,29,8
15980,"Lipsky, David",876,Detroit Golf Club,sg_app,0.07466406658214995,0.6896168809184317,29,8
15980,"Lipsky, David",4,Torrey Pines Golf Course (South Course),sg_app,0.09696466211016667,0.6702800253204808,51,8
15980,"Lipsky, David",237,TPC Potomac at Avenel Farm,sg_app,0.16537672974390416,0.6615951373353582,23,8
15980,"Lipsky, David",880,Bethpage Black,sg_app,0.553760834181294,0.6551865014282398,28,8
15980,"Lipsky, David",872,Quail Hollow Club,sg_app,0.9838755188517365,0.6423650899143748,36,8
15980,"Lipsky, David",552,Silverado Resort and Spa (North Course),sg_app,-0.6082246026880004,0.6270648570577193,39,8
15980,"Lipsky, David",898,The Concession Golf Club,sg_app,0.7403991520655643,0.5978760108741452,13,8
15980,"Lipsky, David",665,Innisbrook Resort and Golf Club - Copperhead Course,sg_app,-0.2116280727337546,0.5909971343340352,54,8
15980,"Lipsky, David",931,Tahoe Mountain Club (Old Greenwood),sg_app,-1.3884024132066763,0.5425266516366192,6,8
15980,"Lipsky, David",770,TPC San Antonio - The Oaks Course,sg_app,-1.0112843242242866,0.524784468692467,50,8
15980,"Lipsky, David",977,The Renaissance Club,sg_app,0.3193125441056348,0.47281672246556705,16,8
15980,"Lipsky, David",510,TPC Scottsdale (Stadium Course),sg_app,0.2766600986413415,0.4198044142274062,49,8
15980,"Lipsky, David",897,Memorial Park Golf Course,sg_app,-0.8006588886697175,0.40296007074916906,29,8
15980,"Lipsky, David",874,Hamilton Golf & Country Club,sg_app,-0.9333892386523515,0.39319658002294006,21,8
15980,"Lipsky, David",884,Keene Trace Golf Club (Champion Trace),sg_app,1.1431894875234274,0.3565055681638959,18,8
15980,"Lipsky, David",934,Hurstbourne Country Club,sg_arg,0.05663563180300564,0.8690185188908773,6,8
15980,"Lipsky, David",883,TPC Twin Cities,sg_arg,-0.1261154751686529,0.7867501524651601,30,8
15980,"Lipsky, David",9,Arnold Palmer's Bay Hill Club & Lodge,sg_arg,0.00855215046914097,0.6663502146645437,55,8
15980,"Lipsky, David",930,Black Desert Resort,sg_arg,0.06558780270267743,0.6659138517567389,6,8
15980,"Lipsky, David",772,St. George's G&CC,sg_arg,-0.17188364866541506,0.654429616156167,22,8
15980,"Lipsky, David",978,Vidanta Vallarta,sg_arg,-0.9238942582888441,0.5939369030173401,16,8
15980,"Lipsky, David",977,The Renaissance Club,sg_arg,-0.2662811578071702,0.5766157384771762,16,8
15980,"Lipsky, David",503,TPC River Highlands,sg_arg,-0.4252258438270282,0.4014194396486374,51,8
15980,"Lipsky, David",894,TPC Craig Ranch,sg_arg,0.3460346496756073,0.3960272487602276,24,8
15980,"Lipsky, David",4,Torrey Pines Golf Course (South Course),sg_arg,0.33474105901337337,0.3899247548025363,51,8
15980,"Lipsky, David",669,TPC Deere Run,sg_arg,0.07844333679121658,0.3763200181958359,38,8
15980,"Lipsky, David",500,The Riviera Country Club,sg_arg,0.3713276266679535,0.36910745033253783,54,8
15980,"Lipsky, David",902,Congaree Golf Club,sg_arg,0.6815032136107135,0.31392215570295146,20,8
15980,"Lipsky, David",552,Silverado Resort and Spa (North Course),sg_arg,-0.938861076855314,0.30969972483809577,39,8
15980,"Lipsky, David",931,Tahoe Mountain Club (Old Greenwood),sg_arg,-1.1345687740368273,0.3045308878923496,6,8
15980,"Lipsky, David",931,Tahoe Mountain Club (Old Greenwood),sg_ott,1.2585742538473406,0.857762709347225,6,8
15980,"Lipsky, David",746,The Country Club of Jackson,sg_ott,-0.24458313876643978,0.8252517828177022,32,8
15980,"Lipsky, David",921,TPC Craig Ranch,sg_ott,-0.02665654474595216,0.8124938419538594,15,8
15980,"Lipsky, David",897,Memorial Park Golf Course,sg_ott,-0.3298277968250237,0.7975910700248214,29,8
15980,"Lipsky, David",665,Innisbrook Resort and Golf Club - Copperhead Course,sg_ott,0.11967120949669442,0.7274722902336741,54,8
15980,"Lipsky, David",930,Black Desert Resort,sg_ott,0.033573726083443584,0.7201825483385862,6,8
15980,"Lipsky, David",872,Quail Hollow Club,sg_ott,-0.5893136246897308,0.7095329685955294,36,8
15980,"Lipsky, David",669,TPC Deere Run,sg_ott,0.3085336942910907,0.6958014020825517,38,8
15980,"Lipsky, David",237,TPC Potomac at Avenel Farm,sg_ott,-1.0385176475702407,0.6685057551764296,23,8
15980,"Lipsky, David",934,Hurstbourne Country Club,sg_ott,0.6047648000324121,0.6042841644373925,6,8
15980,"Lipsky, David",704,Pete Dye Stadium Course,sg_ott,0.25212702644199725,0.5925443054801743,33,8
15980,"Lipsky, David",21,Colonial Country Club,sg_ott,-0.03087782566817776,0.5148436857747805,50,8
15980,"Lipsky, David",926,Silverado Resort (North Course),sg_ott,0.15782455898987002,0.4695369826470083,14,8
15980,"Lipsky, David",883,TPC Twin Cities,sg_ott,0.31787009653952947,0.45235980784155716,30,8
15980,"Lipsky, David",734,PGA National Resort (The Champion),sg_ott,0.41994813969210704,0.45228278937398675,56,8
15980,"Lipsky, David",770,TPC San Antonio - The Oaks Course,sg_ott,0.08348610483447505,0.45218651003185867,50,8
15980,"Lipsky, David",884,Keene Trace Golf Club (Champion Trace),sg_ott,-0.06181697531399466,0.4361033501171625,18,8
15980,"Lipsky, David",772,St. George's G&CC,sg_ott,0.7786261478035033,0.3888480133012952,22,8
15980,"Lipsky, David",5,Pebble Beach Golf Links,sg_ott,-0.587820935040241,0.37764395709692644,49,8
15980,"Lipsky, David",500,The Riviera Country Club,sg_ott,0.06569613762360195,0.3722795836501979,54,8
15980,"Lipsky, David",928,PGA National  - Champion Course,sg_putt,-0.1972743792261697,0.8319135400555944,13,8
15980,"Lipsky, David",931,Tahoe Mountain Club (Old Greenwood),sg_putt,1.1206818625182227,0.7981479141159207,6,8
15980,"Lipsky, David",552,Silverado Resort and Spa (North Course),sg_putt,-0.31043558329891124,0.7652038880499961,39,8
15980,"Lipsky, David",935,TPC Toronto at Osprey Valley (North Course),sg_putt,-2.4219663713698316,0.7214011843267554,6,8
15980,"Lipsky, David",930,Black Desert Resort,sg_putt,0.2726939339385876,0.709353178421583,6,8
15980,"Lipsky, David",978,Vidanta Vallarta,sg_putt,-0.32149036817073545,0.6967043554693465,16,8
15980,"Lipsky, David",934,Hurstbourne Country Club,sg_putt,0.003735692285196157,0.6488902321876103,6,8
15980,"Lipsky, David",884,Keene Trace Golf Club (Champion Trace),sg_putt,-0.5619343762966402,0.560092074734469,18,8
15980,"Lipsky, David",908,Oakdale Golf & Country Club,sg_putt,-2.344270211418494,0.5541251730836958,10,8
15980,"Lipsky, David",898,The Concession Golf Club,sg_putt,-0.04611560150898669,0.5261112008538217,13,8
15980,"Lipsky, David",872,Quail Hollow Club,sg_putt,-1.0160071873689933,0.5080732719746718,36,8
15980,"Lipsky, David",770,TPC San Antonio - The Oaks Course,sg_putt,-0.4329521248473923,0.49979074287184344,50,8
15980,"Lipsky, David",977,The Renaissance Club,sg_putt,-2.947837864702339,0.49863130395531924,16,8
15980,"Lipsky, David",902,Congaree Golf Club,sg_putt,0.5192980441215296,0.47712841747238366,20,8
15980,"Lipsky, David",897,Memorial Park Golf Course,sg_putt,-0.7450551833716034,0.46100063008810405,29,8
15980,"Lipsky, David",665,Innisbrook Resort and Golf Club - Copperhead Course,sg_putt,0.26622030135626934,0.42909909172145166,54,8
15980,"Lipsky, David",883,TPC Twin Cities,sg_putt,0.8351291539089891,0.41039090006103524,30,8
15980,"Lipsky, David",669,TPC Deere Run,sg_putt,1.0040959249404124,0.38981961108634927,38,8
15980,"Lipsky, David",538,TPC Summerlin,sg_putt,0.041493667839464565,0.38935899749088204,47,8
15980,"Lipsky, David",8,Trump National Doral,sg_total,-0.8711724844571029,0.9534045421133684,71,8
15980,"Lipsky, David",919,El Cardonal at Diamante,sg_total,1.0441130408304966,0.8241756895683453,10,8
15980,"Lipsky, David",925,Dunes Golf and Beach Club,sg_total,-1.6073145364806423,0.8210465318733497,7,8
15980,"Lipsky, David",940,Grand Reserve Golf Club,sg_total,-1.1048326136980025,0.7634223042119858,8,8
15980,"Lipsky, David",934,Hurstbourne Country Club,sg_total,1.0084065742594093,0.7583050486408055,6,8
15980,"Lipsky, David",552,Silverado Resort and Spa (North Course),sg_total,-1.0542033689855843,0.7376139349852081,40,8
15980,"Lipsky, David",978,Vidanta Vallarta,sg_total,-0.9182273285912665,0.7044733074594649,17,8
15980,"Lipsky, David",890,Tahoe Mountain Club (Old Greenwood),sg_total,0.3239444926347166,0.7001988553273849,19,8
15980,"Lipsky, David",872,Quail Hollow Club,sg_total,-1.6020927709096293,0.6851889404998475,37,8
15980,"Lipsky, David",746,The Country Club of Jackson,sg_total,-0.49554957542713907,0.6225740180522429,34,8
15980,"Lipsky, David",928,PGA National  - Champion Course,sg_total,0.34210012606754525,0.6132577956350657,13,8
15980,"Lipsky, David",977,The Renaissance Club,sg_total,-2.537458988735037,0.6111814446513488,20,8
15980,"Lipsky, David",770,TPC San Antonio - The Oaks Course,sg_total,-0.9008722049352924,0.6076650388350318,54,8
15980,"Lipsky, David",240,Club de Golf Chapultepec,sg_total,0.8967610272188878,0.6020028570371451,32,8
15980,"Lipsky, David",897,Memorial Park Golf Course,sg_total,-1.8587511455490504,0.5969683733902095,30,8
15980,"Lipsky, David",4,Torrey Pines Golf Course (South Course),sg_total,0.7465342719502054,0.5869275084275075,56,8
15980,"Lipsky, David",205,Spyglass Hill Golf Course,sg_total,-1.9697925521722985,0.557455820713923,53,8
15980,"Lipsky, David",885,Royal Portrush Golf Club,sg_total,-0.6451457826114774,0.52887766569415,30,8
15980,"Lipsky, David",513,TPC Southwind,sg_total,0.34782857569634096,0.5150057683020087,55,8
15980,"Lipsky, David",800,The Abaco Club on Winding Bay,sg_total,0.3364565664961989,0.5085375076292757,35,8
15980,"Lipsky, David",769,Monterey Peninsula CC,sg_total,-0.014934988772515534,0.5002066489573296,49,8
15980,"Lipsky, David",538,TPC Summerlin,sg_total,-0.1192135951823079,0.43235476111085686,50,8
15980,"Lipsky, David",902,Congaree Golf Club,sg_total,2.011674535104011,0.41161328631299193,21,8
15980,"Lipsky, David",875,ACCORDIA GOLF Narashino Country Club,sg_total,-0.42579810455348,0.386724896362914,20,8
15980,"Lipsky, David",776,Sea Island Golf Club (Seaside Course),sg_total,-2.313436174993469,0.3755012307989047,47,8
15980,"Lipsky, David",880,Bethpage Black,sg_total,-0.13910412458553267,0.3513476172401144,30,8
15980,"Lipsky, David",883,TPC Twin Cities,sg_total,1.4595269011834366,0.35074426673837056,32,8
15980,"Lipsky, David",876,Detroit Golf Club,sg_total,-0.9903687691075013,0.3154707070451331,31,8
13900,"Lowry, Shane",8,Trump National Doral,sg_app,0.3219979804862599,0.9465251472181397,60,8
13900,"Lowry, Shane",928,PGA National  - Champion Course,sg_app,0.6463041328027526,0.7671751837159452,13,8
13900,"Lowry, Shane",939,Torrey Pines Golf Course (South Course),sg_app,-0.9784419135358984,0.7487285792532103,9,8
13900,"Lowry, Shane",902,Congaree Golf Club,sg_app,0.6201982003287104,0.7464172844547262,20,8
13900,"Lowry, Shane",891,Winged Foot GC,sg_app,0.37720795243398136,0.7126732274142469,23,8
13900,"Lowry, Shane",935,TPC Toronto at Osprey Valley (North Course),sg_app,1.3434379771934906,0.7116924721794581,6,8
13900,"Lowry, Shane",240,Club de Golf Chapultepec,sg_app,0.007685139113031453,0.7081210840226253,29,8
13900,"Lowry, Shane",697,Ocean Course at Kiawah Island,sg_app,0.09814456794419026,0.7069136776164395,24,8
13900,"Lowry, Shane",241,Quail Hollow-PGA Championship,sg_app,0.1227396565900551,0.7056566483257517,34,8
13900,"Lowry, Shane",4,Torrey Pines Golf Course (South Course),sg_app,0.040441571857505146,0.6702800253204808,51,8
13900,"Lowry, Shane",724,Royal Liverpool,sg_app,-0.9425586695563807,0.6632783746768827,14,8
13900,"Lowry, Shane",880,Bethpage Black,sg_app,1.2513476401356216,0.6551865014282398,28,8
13900,"Lowry, Shane",43,The Los Angeles Country Club (North Course),sg_app,-0.9769656505255798,0.652561798717866,13,8
13900,"Lowry, Shane",872,Quail Hollow Club,sg_app,-0.113229859143895,0.6423650899143748,36,8
13900,"Lowry, Shane",552,Silverado Resort and Spa (North Course),sg_app,-0.5648620573795835,0.6270648570577193,39,8
13900,"Lowry, Shane",898,The Concession Golf Club,sg_app,-1.4413853618517518,0.5978760108741452,13,8
13900,"Lowry, Shane",665,Innisbrook Resort and Golf Club - Copperhead Course,sg_app,0.24186967921534208,0.5909971343340352,54,8
13900,"Lowry, Shane",700,TPC Boston,sg_app,-1.8723969474122955,0.5801062715329093,52,8
13900,"Lowry, Shane",744,Torrey Pines (South),sg_app,0.6856235225669799,0.5291018199363902,20,8
13900,"Lowry, Shane",14,Augusta National Golf Club,sg_app,0.23065448605112604,0.5249097184931832,23,8
13900,"Lowry, Shane",770,TPC San Antonio - The Oaks Course,sg_app,-0.4579613924356353,0.524784468692467,50,8
13900,"Lowry, Shane",611,Southern Hills Country Club,sg_app,-0.670570280851214,0.5183385212389265,21,8
13900,"Lowry, Shane",36,Le Triomphe G&CC,sg_app,0.8508960524084804,0.511720899137967,58,8
13900,"Lowry, Shane",882,Caves Valley Golf Club,sg_app,-0.3407619865627552,0.4904074682099971,15,8
13900,"Lowry, Shane",977,The Renaissance Club,sg_app,-1.542272060664706,0.47281672246556705,16,8
13900,"Lowry, Shane",715,Baltusrol GC,sg_app,-2.4627914735561873,0.46574115836652397,35,8
13900,"Lowry, Shane",885,Royal Portrush Golf Club,sg_app,-0.7766780139850529,0.4489419284589953,15,8
13900,"Lowry, Shane",893,Muirfield Village Golf Club,sg_app,1.034647671856511,0.42322662719000703,23,8
13900,"Lowry, Shane",510,TPC Scottsdale (Stadium Course),sg_app,-0.534651998185992,0.4198044142274062,49,8
13900,"Lowry, Shane",897,Memorial Park Golf Course,sg_app,-0.27522209587580976,0.40296007074916906,29,8
13900,"Lowry, Shane",874,Hamilton Golf & Country Club,sg_app,-0.16762903913677135,0.39319658002294006,21,8
13900,"Lowry, Shane",235,Eagle Point Golf Club,sg_app,0.34692448656304686,0.3860951981370469,21,8
13900,"Lowry, Shane",406,Castle Pines Golf Club,sg_app,-0.5026900607871173,0.37629742151287615,7,8
13900,"Lowry, Shane",666,Pebble Beach Golf Links,sg_app,0.348162676242714,0.3362028317814147,27,8
13900,"Lowry, Shane",887,Kasumigaseki Country Club,sg_app,0.9956931540241546,0.3279484757050647,6,8
13900,"Lowry, Shane",528,Pinehurst Resort & Country Club (Course No. 2),sg_app,-0.2349215620592422,0.3150926551363546,13,8
13900,"Lowry, Shane",8,Trump National Doral,sg_arg,-0.32614299562174953,0.9530423707413531,60,8
13900,"Lowry, Shane",205,Spyglass Hill Golf Course,sg_arg,-0.8894839064457379,0.8931748466298375,10,8
13900,"Lowry, Shane",608,Oakmont Country Club,sg_arg,-2.400591306887658,0.8244183901604997,10,8
13900,"Lowry, Shane",744,Torrey Pines (South),sg_arg,-0.24686511761627422,0.7582209181562641,20,8
13900,"Lowry, Shane",706,Whistling Straits,sg_arg,-1.149967096715907,0.6993047725504687,41,8
13900,"Lowry, Shane",14,Augusta National Golf Club,sg_arg,0.21742057404449378,0.6966083272472707,23,8
13900,"Lowry, Shane",9,Arnold Palmer's Bay Hill Club & Lodge,sg_arg,0.40048853424233566,0.6663502146645437,55,8
13900,"Lowry, Shane",772,St. George's G&CC,sg_arg,0.30928765559638804,0.654429616156167,22,8
13900,"Lowry, Shane",939,Torrey Pines Golf Course (South Course),sg_arg,0.7620254561396677,0.6481740336083687,9,8
13900,"Lowry, Shane",977,The Renaissance Club,sg_arg,0.5857128569906782,0.5766157384771762,16,8
13900,"Lowry, Shane",528,Pinehurst Resort & Country Club (Course No. 2),sg_arg,-0.0186020790455321,0.5246733621084892,13,8
13900,"Lowry, Shane",611,Southern Hills Country Club,sg_arg,0.15834504365926064,0.4980626838282213,21,8
13900,"Lowry, Shane",514,Oak Hill Country Club,sg_arg,-0.047445444335959555,0.4528767618255562,14,8
13900,"Lowry, Shane",698,Quail Hollow Club,sg_arg,-1.1324535498718558,0.41704133255957127,52,8
13900,"Lowry, Shane",697,Ocean Course at Kiawah Island,sg_arg,0.7306217007330594,0.4160654028125454,24,8
13900,"Lowry, Shane",503,TPC River Highlands,sg_arg,-0.36691589116211376,0.4014194396486374,51,8
13900,"Lowry, Shane",235,Eagle Point Golf Club,sg_arg,-0.219200290233238,0.3990891778199044,21,8
13900,"Lowry, Shane",885,Royal Portrush Golf Club,sg_arg,0.6674036371709048,0.39205476717281856,15,8
13900,"Lowry, Shane",4,Torrey Pines Golf Course (South Course),sg_arg,0.17428585495589877,0.3899247548025363,51,8
13900,"Lowry, Shane",729,Golf Club of Houston,sg_arg,0.8491303975923601,0.3790111774135132,54,8
13900,"Lowry, Shane",500,The Riviera Country Club,sg_arg,-0.10541237383068752,0.36910745033253783,54,8
13900,"Lowry, Shane",902,Congaree Golf Club,sg_arg,-0.687266152501411,0.31392215570295146,20,8
13900,"Lowry, Shane",552,Silverado Resort and Spa (North Course),sg_arg,-0.19743368021290772,0.30969972483809577,39,8
13900,"Lowry, Shane",8,Trump National Doral,sg_ott,0.42133883532516436,0.9516191919070657,60,8
13900,"Lowry, Shane",901,Wilmington Country Club,sg_ott,-0.07892411470599894,0.8630761206823632,8,8
13900,"Lowry, Shane",697,Ocean Course at Kiawah Island,sg_ott,1.5126699283021259,0.8177837473279898,24,8
13900,"Lowry, Shane",514,Oak Hill Country Club,sg_ott,0.5058609242623621,0.8127203741169257,14,8
13900,"Lowry, Shane",706,Whistling Straits,sg_ott,1.1541679308223791,0.8125271659699387,41,8
13900,"Lowry, Shane",897,Memorial Park Golf Course,sg_ott,0.21001667152686557,0.7975910700248214,29,8
13900,"Lowry, Shane",666,Pebble Beach Golf Links,sg_ott,-0.07406075448384464,0.7832355819650828,27,8
13900,"Lowry, Shane",205,Spyglass Hill Golf Course,sg_ott,0.7224112149301324,0.7354241572242235,10,8
13900,"Lowry, Shane",665,Innisbrook Resort and Golf Club - Copperhead Course,sg_ott,0.6989401998571482,0.7274722902336741,54,8
13900,"Lowry, Shane",36,Le Triomphe G&CC,sg_ott,0.4910583555366289,0.721117445741737,58,8
13900,"Lowry, Shane",872,Quail Hollow Club,sg_ott,0.08604496813420585,0.7095329685955294,36,8
13900,"Lowry, Shane",895,TPC Harding Park,sg_ott,0.1328505298851297,0.6913221539478895,25,8
13900,"Lowry, Shane",43,The Los Angeles Country Club (North Course),sg_ott,0.05484139299567987,0.6561752385219565,13,8
13900,"Lowry, Shane",744,Torrey Pines (South),sg_ott,-1.0536369330510011,0.6527298605945488,20,8
13900,"Lowry, Shane",939,Torrey Pines Golf Course (South Course),sg_ott,-0.14351840166308769,0.6420342944454386,9,8
13900,"Lowry, Shane",348,Medinah Country Club (No. 3),sg_ott,0.10581893233326803,0.6402835614018546,18,8
13900,"Lowry, Shane",528,Pinehurst Resort & Country Club (Course No. 2),sg_ott,-0.27160673129290375,0.605912040107582,13,8
13900,"Lowry, Shane",704,Pete Dye Stadium Course,sg_ott,0.02405561479934832,0.5925443054801743,33,8
13900,"Lowry, Shane",729,Golf Club of Houston,sg_ott,-0.012678779187102696,0.5762066930736335,54,8
13900,"Lowry, Shane",671,Valhalla Golf Club,sg_ott,0.12992601102171283,0.5447209390309542,42,8
13900,"Lowry, Shane",534,Bellerive CC,sg_ott,0.5206616427722447,0.5266986928376094,42,8
13900,"Lowry, Shane",21,Colonial Country Club,sg_ott,0.025495402082397846,0.5148436857747805,50,8
13900,"Lowry, Shane",654,The Country Club,sg_ott,0.6952596179584519,0.4887135329746615,13,8
13900,"Lowry, Shane",698,Quail Hollow Club,sg_ott,0.34037974170497753,0.4783427498881751,52,8
13900,"Lowry, Shane",734,PGA National Resort (The Champion),sg_ott,0.41602090380093837,0.45228278937398675,56,8
13900,"Lowry, Shane",770,TPC San Antonio - The Oaks Course,sg_ott,0.7871187924067964,0.45218651003185867,50,8
13900,"Lowry, Shane",241,Quail Hollow-PGA Championship,sg_ott,0.29393663760650235,0.443843453458752,34,8
13900,"Lowry, Shane",14,Augusta National Golf Club,sg_ott,-0.11000053712475283,0.42768357649408206,23,8
13900,"Lowry, Shane",772,St. George's G&CC,sg_ott,0.4439518368717233,0.3888480133012952,22,8
13900,"Lowry, Shane",32,Glen Abbey GC,sg_ott,0.020041037781366455,0.38804505962737723,40,8
13900,"Lowry, Shane",5,Pebble Beach Golf Links,sg_ott,0.25113258111630316,0.37764395709692644,49,8
13900,"Lowry, Shane",500,The Riviera Country Club,sg_ott,0.26223661585572194,0.3722795836501979,54,8
13900,"Lowry, Shane",709,Royal Troon,sg_ott,0.7959145883685326,0.3555471361658512,14,8
13900,"Lowry, Shane",700,TPC Boston,sg_ott,0.7382253605394349,0.31039427326405605,52,8
13900,"Lowry, Shane",8,Trump National Doral,sg_putt,-0.09024634888748112,0.9467615659341958,60,8
13900,"Lowry, Shane",709,Royal Troon,sg_putt,1.001512358835194,0.8553792953613122,14,8
13900,"Lowry, Shane",928,PGA National  - Champion Course,sg_putt,0.6562248967070659,0.8319135400555944,13,8
13900,"Lowry, Shane",552,Silverado Resort and Spa (North Course),sg_putt,-0.07031717258996203,0.7652038880499961,39,8
13900,"Lowry, Shane",935,TPC Toronto at Osprey Valley (North Course),sg_putt,-0.31870733346983615,0.7214011843267554,6,8
13900,"Lowry, Shane",715,Baltusrol GC,sg_putt,-0.37442899313535694,0.6977005838536325,35,8
13900,"Lowry, Shane",744,Torrey Pines (South),sg_putt,-1.2352081281737979,0.6493713284526129,20,8
13900,"Lowry, Shane",697,Ocean Course at Kiawah Island,sg_putt,-0.14268257809387208,0.6047937213752724,24,8
13900,"Lowry, Shane",43,The Los Angeles Country Club (North Course),sg_putt,0.8402093133174766,0.5587238547117286,13,8
13900,"Lowry, Shane",908,Oakdale Golf & Country Club,sg_putt,-0.35055422695906735,0.5541251730836958,10,8
13900,"Lowry, Shane",706,Whistling Straits,sg_putt,-0.06527445320555798,0.5413193747753923,41,8
13900,"Lowry, Shane",608,Oakmont Country Club,sg_putt,-3.049333988194962,0.5378019635320631,10,8
13900,"Lowry, Shane",898,The Concession Golf Club,sg_putt,-0.8456843319015924,0.5261112008538217,13,8
13900,"Lowry, Shane",668,St. Andrews Links (Old Course),sg_putt,-0.5446860530952268,0.5243576462108127,16,8
13900,"Lowry, Shane",872,Quail Hollow Club,sg_putt,-0.7637174847502812,0.5080732719746718,36,8
13900,"Lowry, Shane",770,TPC San Antonio - The Oaks Course,sg_putt,-0.8443546063886448,0.49979074287184344,50,8
13900,"Lowry, Shane",977,The Renaissance Club,sg_putt,1.9096701978398403,0.49863130395531924,16,8
13900,"Lowry, Shane",902,Congaree Golf Club,sg_putt,-0.5075857396991489,0.47712841747238366,20,8
13900,"Lowry, Shane",897,Memorial Park Golf Course,sg_putt,0.05472717635365246,0.46100063008810405,29,8
13900,"Lowry, Shane",665,Innisbrook Resort and Golf Club - Copperhead Course,sg_putt,-0.11889159833730603,0.42909909172145166,54,8
13900,"Lowry, Shane",891,Winged Foot GC,sg_putt,0.7983853762033558,0.4283793448531367,23,8
13900,"Lowry, Shane",514,Oak Hill Country Club,sg_putt,0.2308620070352634,0.3788799219519931,14,8
13900,"Lowry, Shane",882,Caves Valley Golf Club,sg_putt,0.19235672844763255,0.36537833409543036,15,8
13900,"Lowry, Shane",886,Liberty National Golf Club,sg_putt,-0.010777841069494282,0.30772935775047244,27,8
13900,"Lowry, Shane",8,Trump National Doral,sg_total,0.2999722243686328,0.9534045421133684,71,8
13900,"Lowry, Shane",379,The Philadelphia Cricket Club (Wissahickon Course),sg_total,1.8310196359011799,0.7585737211164316,9,8
13900,"Lowry, Shane",43,The Los Angeles Country Club (North Course),sg_total,0.5941259357224183,0.7514161263884058,15,8
13900,"Lowry, Shane",406,Castle Pines Golf Club,sg_total,0.5259663322974566,0.7413756204749691,8,8
13900,"Lowry, Shane",552,Silverado Resort and Spa (North Course),sg_total,-1.064498849401852,0.7376139349852081,40,8
13900,"Lowry, Shane",901,Wilmington Country Club,sg_total,0.6463252017866862,0.7257352782065652,8,8
13900,"Lowry, Shane",891,Winged Foot GC,sg_total,-0.07512072619234553,0.716785908305173,25,8
13900,"Lowry, Shane",933,East Lake Golf Club,sg_total,1.0382048557013308,0.6988564682519897,7,8
13900,"Lowry, Shane",939,Torrey Pines Golf Course (South Course),sg_total,-0.969209363890536,0.6930839691436437,10,8
13900,"Lowry, Shane",872,Quail Hollow Club,sg_total,-1.1524729271813328,0.6851889404998475,37,8
13900,"Lowry, Shane",706,Whistling Straits,sg_total,-0.604744588248835,0.6145503734924044,59,8
13900,"Lowry, Shane",928,PGA National  - Champion Course,sg_total,1.08534922544315,0.6132577956350657,13,8
13900,"Lowry, Shane",977,The Renaissance Club,sg_total,0.23247742726119272,0.6111814446513488,20,8
13900,"Lowry, Shane",895,TPC Harding Park,sg_total,-0.6631460448822198,0.6084200207744371,26,8
13900,"Lowry, Shane",770,TPC San Antonio - The Oaks Course,sg_total,0.21659268598877854,0.6076650388350318,54,8
13900,"Lowry, Shane",514,Oak Hill Country Club,sg_total,1.8264078649742144,0.6041384175417843,15,8
13900,"Lowry, Shane",240,Club de Golf Chapultepec,sg_total,-1.059580143048309,0.6020028570371451,32,8
13900,"Lowry, Shane",897,Memorial Park Golf Course,sg_total,-0.05400979653339899,0.5969683733902095,30,8
13900,"Lowry, Shane",4,Torrey Pines Golf Course (South Course),sg_total,-0.5153608857229588,0.5869275084275075,56,8
13900,"Lowry, Shane",205,Spyglass Hill Golf Course,sg_total,0.11614559339689692,0.557455820713923,53,8
13900,"Lowry, Shane",818,Chambers Bay GC,sg_total,2.180928547890413,0.5439215943066038,38,8
13900,"Lowry, Shane",666,Pebble Beach Golf Links,sg_total,0.9788319690081712,0.5426232759381483,49,8
13900,"Lowry, Shane",14,Augusta National Golf Club,sg_total,0.004065024309676729,0.5394044836198019,65,8
13900,"Lowry, Shane",885,Royal Portrush Golf Club,sg_total,0.17575236578308082,0.52887766569415,30,8
13900,"Lowry, Shane",744,Torrey Pines (South),sg_total,-1.8530918281966418,0.5214711179618798,46,8
13900,"Lowry, Shane",513,TPC Southwind,sg_total,-0.9793491523960516,0.5150057683020087,55,8
13900,"Lowry, Shane",700,TPC Boston,sg_total,-1.3050375087543757,0.507527023233339,54,8
13900,"Lowry, Shane",769,Monterey Peninsula CC,sg_total,1.680966688176157,0.5002066489573296,49,8
13900,"Lowry, Shane",232,Albany GC,sg_total,-2.2729819886560807,0.4445505341369429,18,8
13900,"Lowry, Shane",100,Omni Tucson National,sg_total,3.2515952145570792,0.4299162671909255,45,8
13900,"Lowry, Shane",241,Quail Hollow-PGA Championship,sg_total,-0.3137264990691905,0.4265006951284631,37,8
13900,"Lowry, Shane",902,Congaree Golf Club,sg_total,0.3365159933742735,0.41161328631299193,21,8
13900,"Lowry, Shane",875,ACCORDIA GOLF Narashino Country Club,sg_total,1.1308572851505705,0.386724896362914,20,8
13900,"Lowry, Shane",778,Royal St. George's GC,sg_total,1.3307811525786362,0.3865346771917013,50,8
13900,"Lowry, Shane",776,Sea Island Golf Club (Seaside Course),sg_total,-0.7740585223399892,0.3755012307989047,47,8
13900,"Lowry, Shane",608,Oakmont Country Club,sg_total,-4.226894615386799,0.3547256152850429,53,8
13900,"Lowry, Shane",880,Bethpage Black,sg_total,2.2417730351534737,0.3513476172401144,30,8
13562,"Matsuyama, Hideki",8,Trump National Doral,sg_app,-0.24651822356131348,0.9465251472181397,60,8
13562,"Matsuyama, Hideki",896,Olympia Fields Country Club (North Course),sg_app,-0.25953727805329485,0.8315178735937293,13,8
13562,"Matsuyama, Hideki",939,Torrey Pines Golf Course (South Course),sg_app,-0.8844249986700389,0.7487285792532103,9,8
13562,"Matsuyama, Hideki",902,Congaree Golf Club,sg_app,-0.3549365902015826,0.7464172844547262,20,8
13562,"Matsuyama, Hideki",775,CordeValle GC,sg_app,2.263964134308793,0.7324563059618661,26,8
13562,"Matsuyama, Hideki",891,Winged Foot GC,sg_app,1.0355417495792276,0.7126732274142469,23,8
13562,"Matsuyama, Hideki",240,Club de Golf Chapultepec,sg_app,0.7463092280186657,0.7081210840226253,29,8
13562,"Matsuyama, Hideki",697,Ocean Course at Kiawah Island,sg_app,0.9736087782399693,0.7069136776164395,24,8
13562,"Matsuyama, Hideki",241,Quail Hollow-PGA Championship,sg_app,-0.8388233932974674,0.7056566483257517,34,8
13562,"Matsuyama, Hideki",876,Detroit Golf Club,sg_app,0.8187495814941198,0.6896168809184317,29,8
13562,"Matsuyama, Hideki",4,Torrey Pines Golf Course (South Course),sg_app,0.3858775235940728,0.6702800253204808,51,8
13562,"Matsuyama, Hideki",724,Royal Liverpool,sg_app,0.10378544732657209,0.6632783746768827,14,8
13562,"Matsuyama, Hideki",880,Bethpage Black,sg_app,-0.2771793239468732,0.6551865014282398,28,8
13562,"Matsuyama, Hideki",43,The Los Angeles Country Club (North Course),sg_app,1.6863292363882587,0.652561798717866,13,8
13562,"Matsuyama, Hideki",872,Quail Hollow Club,sg_app,-1.053894149575963,0.6423650899143748,36,8
13562,"Matsuyama, Hideki",552,Silverado Resort and Spa (North Course),sg_app,-0.062197648729987454,0.6270648570577193,39,8
13562,"Matsuyama, Hideki",232,Albany GC,sg_app,-0.13131436712972738,0.6223580975544195,7,8
13562,"Matsuyama, Hideki",898,The Concession Golf Club,sg_app,0.08012368296235922,0.5978760108741452,13,8
13562,"Matsuyama, Hideki",700,TPC Boston,sg_app,-0.0291863251444816,0.5801062715329093,52,8
13562,"Matsuyama, Hideki",2000,Sherwood Country Club,sg_app,-0.18258908016755943,0.5541693573359622,12,8
13562,"Matsuyama, Hideki",744,Torrey Pines (South),sg_app,0.482353854675936,0.5291018199363902,20,8
13562,"Matsuyama, Hideki",14,Augusta National Golf Club,sg_app,0.4327233054953164,0.5249097184931832,23,8
13562,"Matsuyama, Hideki",770,TPC San Antonio - The Oaks Course,sg_app,0.1948083806249959,0.524784468692467,50,8
13562,"Matsuyama, Hideki",611,Southern Hills Country Club,sg_app,-0.9810149793796636,0.5183385212389265,21,8
13562,"Matsuyama, Hideki",36,Le Triomphe G&CC,sg_app,0.18631946810549432,0.511720899137967,58,8
13562,"Matsuyama, Hideki",527,Saucon Valley CC,sg_app,-1.0009545037759893,0.49410026897104875,35,8
13562,"Matsuyama, Hideki",882,Caves Valley Golf Club,sg_app,-0.5482605645576877,0.4904074682099971,15,8
13562,"Matsuyama, Hideki",977,The Renaissance Club,sg_app,-0.5246177539238539,0.47281672246556705,16,8
13562,"Matsuyama, Hideki",715,Baltusrol GC,sg_app,0.9849115023868901,0.46574115836652397,35,8
13562,"Matsuyama, Hideki",885,Royal Portrush Golf Club,sg_app,-0.22814782006995393,0.4489419284589953,15,8
13562,"Matsuyama, Hideki",893,Muirfield Village Golf Club,sg_app,0.48456863491868757,0.42322662719000703,23,8
13562,"Matsuyama, Hideki",510,TPC Scottsdale (Stadium Course),sg_app,0.09735896811554957,0.4198044142274062,49,8
13562,"Matsuyama, Hideki",897,Memorial Park Golf Course,sg_app,-0.6528292278677836,0.40296007074916906,29,8
13562,"Matsuyama, Hideki",406,Castle Pines Golf Club,sg_app,2.2135655518294257,0.37629742151287615,7,8
13562,"Matsuyama, Hideki",745,iberostar real club de golf novo sancti petri,sg_app,0.287387777448959,0.35496164779815254,48,8
13562,"Matsuyama, Hideki",666,Pebble Beach Golf Links,sg_app,0.6663457433066999,0.3362028317814147,27,8
13562,"Matsuyama, Hideki",887,Kasumigaseki Country Club,sg_app,-0.1643352493968182,0.3279484757050647,6,8
13562,"Matsuyama, Hideki",528,Pinehurst Resort & Country Club (Course No. 2),sg_app,0.5981371023827986,0.3150926551363546,13,8
13562,"Matsuyama, Hideki",8,Trump National Doral,sg_arg,-0.25585537375235684,0.9530423707413531,60,8
13562,"Matsuyama, Hideki",205,Spyglass Hill Golf Course,sg_arg,1.4451866850460322,0.8931748466298375,10,8
13562,"Matsuyama, Hideki",608,Oakmont Country Club,sg_arg,-0.05241025516305477,0.8244183901604997,10,8
13562,"Matsuyama, Hideki",883,TPC Twin Cities,sg_arg,-0.2349213318893454,0.7867501524651601,30,8
13562,"Matsuyama, Hideki",744,Torrey Pines (South),sg_arg,-0.19012709599389144,0.7582209181562641,20,8
13562,"Matsuyama, Hideki",238,Glen Oaks Club,sg_arg,-1.0876188426323778,0.7336871596058964,27,8
13562,"Matsuyama, Hideki",706,Whistling Straits,sg_arg,0.02816035927896214,0.6993047725504687,41,8
13562,"Matsuyama, Hideki",14,Augusta National Golf Club,sg_arg,0.17543059901943076,0.6966083272472707,23,8
13562,"Matsuyama, Hideki",9,Arnold Palmer's Bay Hill Club & Lodge,sg_arg,0.0012401229070905934,0.6663502146645437,55,8
13562,"Matsuyama, Hideki",939,Torrey Pines Golf Course (South Course),sg_arg,-0.1343842127264932,0.6481740336083687,9,8
13562,"Matsuyama, Hideki",896,Olympia Fields Country Club (North Course),sg_arg,0.6319666209191075,0.6081893022397992,13,8
13562,"Matsuyama, Hideki",977,The Renaissance Club,sg_arg,0.04874375757041971,0.5766157384771762,16,8
13562,"Matsuyama, Hideki",775,CordeValle GC,sg_arg,-1.087281759341339,0.5749849531551847,26,8
13562,"Matsuyama, Hideki",773,Aronimink GC,sg_arg,-0.3297390013980303,0.5548743356281888,36,8
13562,"Matsuyama, Hideki",528,Pinehurst Resort & Country Club (Course No. 2),sg_arg,0.8486101303404567,0.5246733621084892,13,8
13562,"Matsuyama, Hideki",873,Ridgewood CC,sg_arg,-0.8639404892069266,0.5205492472184076,22,8
13562,"Matsuyama, Hideki",611,Southern Hills Country Club,sg_arg,-0.13044355348009762,0.4980626838282213,21,8
13562,"Matsuyama, Hideki",514,Oak Hill Country Club,sg_arg,0.7548627238387334,0.4528767618255562,14,8
13562,"Matsuyama, Hideki",698,Quail Hollow Club,sg_arg,-0.16689797493841457,0.41704133255957127,52,8
13562,"Matsuyama, Hideki",697,Ocean Course at Kiawah Island,sg_arg,0.004632315089305769,0.4160654028125454,24,8
13562,"Matsuyama, Hideki",503,TPC River Highlands,sg_arg,-0.0785992990339086,0.4014194396486374,51,8
13562,"Matsuyama, Hideki",894,TPC Craig Ranch,sg_arg,-1.039758711292566,0.3960272487602276,24,8
13562,"Matsuyama, Hideki",885,Royal Portrush Golf Club,sg_arg,-0.6702849631948246,0.39205476717281856,15,8
13562,"Matsuyama, Hideki",4,Torrey Pines Golf Course (South Course),sg_arg,0.033935174152062986,0.3899247548025363,51,8
13562,"Matsuyama, Hideki",500,The Riviera Country Club,sg_arg,0.06549933277353003,0.36910745033253783,54,8
13562,"Matsuyama, Hideki",902,Congaree Golf Club,sg_arg,-0.30543451099039437,0.31392215570295146,20,8
13562,"Matsuyama, Hideki",552,Silverado Resort and Spa (North Course),sg_arg,0.10460277744736095,0.30969972483809577,39,8
13562,"Matsuyama, Hideki",745,iberostar real club de golf novo sancti petri,sg_arg,0.0947750761701469,0.303356471156665,48,8
13562,"Matsuyama, Hideki",8,Trump National Doral,sg_ott,0.3355185480400559,0.9516191919070657,60,8
13562,"Matsuyama, Hideki",901,Wilmington Country Club,sg_ott,-0.14171519336431732,0.8630761206823632,8,8
13562,"Matsuyama, Hideki",697,Ocean Course at Kiawah Island,sg_ott,0.5121304899509475,0.8177837473279898,24,8
13562,"Matsuyama, Hideki",514,Oak Hill Country Club,sg_ott,0.3010714174289604,0.8127203741169257,14,8
13562,"Matsuyama, Hideki",706,Whistling Straits,sg_ott,-1.0342384978449808,0.8125271659699387,41,8
13562,"Matsuyama, Hideki",921,TPC Craig Ranch,sg_ott,-0.718109568125817,0.8124938419538594,15,8
13562,"Matsuyama, Hideki",656,Plantation Course at Kapalua,sg_ott,0.03776255369146968,0.8079739846971773,45,8
13562,"Matsuyama, Hideki",897,Memorial Park Golf Course,sg_ott,0.018471626137149415,0.7975910700248214,29,8
13562,"Matsuyama, Hideki",666,Pebble Beach Golf Links,sg_ott,-0.16454981630226945,0.7832355819650828,27,8
13562,"Matsuyama, Hideki",689,El Bosque CC,sg_ott,0.09617930894928314,0.7580306354046243,42,8
13562,"Matsuyama, Hideki",505,Cherry Hills CC,sg_ott,-0.4817047457149395,0.7529027101413989,25,8
13562,"Matsuyama, Hideki",773,Aronimink GC,sg_ott,0.18569837479082207,0.7357449899129523,36,8
13562,"Matsuyama, Hideki",205,Spyglass Hill Golf Course,sg_ott,-0.4025291357518307,0.7354241572242235,10,8
13562,"Matsuyama, Hideki",36,Le Triomphe G&CC,sg_ott,-0.21873709263756566,0.721117445741737,58,8
13562,"Matsuyama, Hideki",872,Quail Hollow Club,sg_ott,-0.19786538676718507,0.7095329685955294,36,8
13562,"Matsuyama, Hideki",232,Albany GC,sg_ott,0.5432225243456668,0.6990513806604631,7,8
13562,"Matsuyama, Hideki",895,TPC Harding Park,sg_ott,-0.14069769752622005,0.6913221539478895,25,8
13562,"Matsuyama, Hideki",789,Conway Farms GC,sg_ott,-0.220559028654664,0.6765431912571337,34,8
13562,"Matsuyama, Hideki",43,The Los Angeles Country Club (North Course),sg_ott,-0.3322011276323951,0.6561752385219565,13,8
13562,"Matsuyama, Hideki",744,Torrey Pines (South),sg_ott,-0.3914760350502283,0.6527298605945488,20,8
13562,"Matsuyama, Hideki",939,Torrey Pines Golf Course (South Course),sg_ott,-0.03378944069146014,0.6420342944454386,9,8
13562,"Matsuyama, Hideki",348,Medinah Country Club (No. 3),sg_ott,0.4415751549243587,0.6402835614018546,18,8
13562,"Matsuyama, Hideki",528,Pinehurst Resort & Country Club (Course No. 2),sg_ott,-0.10431496992283604,0.605912040107582,13,8
13562,"Matsuyama, Hideki",2000,Sherwood Country Club,sg_ott,0.19743671547071426,0.5798439179510387,12,8
13562,"Matsuyama, Hideki",781,Plainfield CC,sg_ott,0.35251901794475227,0.5503579288030632,43,8
13562,"Matsuyama, Hideki",671,Valhalla Golf Club,sg_ott,-0.4132002676313269,0.5447209390309542,42,8
13562,"Matsuyama, Hideki",873,Ridgewood CC,sg_ott,-0.1298064769961501,0.5404273606561777,22,8
13562,"Matsuyama, Hideki",243,Trinity Forest Golf Club,sg_ott,-0.18850016525679586,0.5300807114908475,23,8
13562,"Matsuyama, Hideki",534,Bellerive CC,sg_ott,-0.21245037623421908,0.5266986928376094,42,8
13562,"Matsuyama, Hideki",21,Colonial Country Club,sg_ott,0.33375647785640855,0.5148436857747805,50,8
13562,"Matsuyama, Hideki",745,iberostar real club de golf novo sancti petri,sg_ott,0.7220926128454307,0.512595938540274,48,8
13562,"Matsuyama, Hideki",654,The Country Club,sg_ott,-0.4148234345531586,0.4887135329746615,13,8
13562,"Matsuyama, Hideki",698,Quail Hollow Club,sg_ott,0.3072531241053665,0.4783427498881751,52,8
13562,"Matsuyama, Hideki",775,CordeValle GC,sg_ott,0.7281631609869965,0.46590564038890697,26,8
13562,"Matsuyama, Hideki",883,TPC Twin Cities,sg_ott,0.21834939767088818,0.45235980784155716,30,8
13562,"Matsuyama, Hideki",734,PGA National Resort (The Champion),sg_ott,0.17918068365691756,0.45228278937398675,56,8
13562,"Matsuyama, Hideki",770,TPC San Antonio - The Oaks Course,sg_ott,0.4758871663023002,0.45218651003185867,50,8
13562,"Matsuyama, Hideki",241,Quail Hollow-PGA Championship,sg_ott,-0.45520729082683825,0.443843453458752,34,8
13562,"Matsuyama, Hideki",14,Augusta National Golf Club,sg_ott,0.05228953510731123,0.42768357649408206,23,8
13562,"Matsuyama, Hideki",32,Glen Abbey GC,sg_ott,0.552419907645469,0.38804505962737723,40,8
13562,"Matsuyama, Hideki",5,Pebble Beach Golf Links,sg_ott,-0.043468138391048114,0.37764395709692644,49,8
13562,"Matsuyama, Hideki",500,The Riviera Country Club,sg_ott,0.2967965920228169,0.3722795836501979,54,8
13562,"Matsuyama, Hideki",709,Royal Troon,sg_ott,0.2967745685156252,0.3555471361658512,14,8
13562,"Matsuyama, Hideki",700,TPC Boston,sg_ott,-0.37742976219689484,0.31039427326405605,52,8
13562,"Matsuyama, Hideki",8,Trump National Doral,sg_putt,-0.35635284347911056,0.9467615659341958,60,8
13562,"Matsuyama, Hideki",709,Royal Troon,sg_putt,-1.0295284189982845,0.8553792953613122,14,8
13562,"Matsuyama, Hideki",2000,Sherwood Country Club,sg_putt,-0.42197473397209595,0.8489529445552979,12,8
13562,"Matsuyama, Hideki",243,Trinity Forest Golf Club,sg_putt,0.790930062991604,0.7803268512585968,23,8
13562,"Matsuyama, Hideki",552,Silverado Resort and Spa (North Course),sg_putt,0.12114173832851155,0.7652038880499961,39,8
13562,"Matsuyama, Hideki",896,Olympia Fields Country Club (North Course),sg_putt,0.5438968208102692,0.7300243530921173,13,8
13562,"Matsuyama, Hideki",715,Baltusrol GC,sg_putt,-0.4579117485088917,0.6977005838536325,35,8
13562,"Matsuyama, Hideki",744,Torrey Pines (South),sg_putt,0.2978112105776024,0.6493713284526129,20,8
13562,"Matsuyama, Hideki",789,Conway Farms GC,sg_putt,-0.16929886344447992,0.6488976184206149,34,8
13562,"Matsuyama, Hideki",689,El Bosque CC,sg_putt,-0.8330155976662746,0.6122961641627417,42,8
13562,"Matsuyama, Hideki",697,Ocean Course at Kiawah Island,sg_putt,-0.767607710671878,0.6047937213752724,24,8
13562,"Matsuyama, Hideki",745,iberostar real club de golf novo sancti petri,sg_putt,-1.3808907715875904,0.582420842072087,48,8
13562,"Matsuyama, Hideki",505,Cherry Hills CC,sg_putt,0.3296747452378961,0.5727829869764955,25,8
13562,"Matsuyama, Hideki",43,The Los Angeles Country Club (North Course),sg_putt,-1.4608730923227202,0.5587238547117286,13,8
13562,"Matsuyama, Hideki",706,Whistling Straits,sg_putt,0.9092428887325411,0.5413193747753923,41,8
13562,"Matsuyama, Hideki",608,Oakmont Country Club,sg_putt,-0.8659397951294426,0.5378019635320631,10,8
13562,"Matsuyama, Hideki",873,Ridgewood CC,sg_putt,0.2913652816332918,0.5371535915100778,22,8
13562,"Matsuyama, Hideki",898,The Concession Golf Club,sg_putt,0.0647649041896334,0.5261112008538217,13,8
13562,"Matsuyama, Hideki",668,St. Andrews Links (Old Course),sg_putt,-0.9563166350980962,0.5243576462108127,16,8
13562,"Matsuyama, Hideki",773,Aronimink GC,sg_putt,0.3328489841934793,0.5110050494003415,36,8
13562,"Matsuyama, Hideki",872,Quail Hollow Club,sg_putt,-0.6139608772440756,0.5080732719746718,36,8
13562,"Matsuyama, Hideki",770,TPC San Antonio - The Oaks Course,sg_putt,-0.4642123148426811,0.49979074287184344,50,8
13562,"Matsuyama, Hideki",977,The Renaissance Club,sg_putt,-1.4113398606775236,0.49863130395531924,16,8
13562,"Matsuyama, Hideki",902,Congaree Golf Club,sg_putt,0.7547253640725909,0.47712841747238366,20,8
13562,"Matsuyama, Hideki",897,Memorial Park Golf Course,sg_putt,0.36036783447058296,0.46100063008810405,29,8
13562,"Matsuyama, Hideki",891,Winged Foot GC,sg_putt,-1.02064170567494,0.4283793448531367,23,8
13562,"Matsuyama, Hideki",883,TPC Twin Cities,sg_putt,-0.6821380551843222,0.41039090006103524,30,8
13562,"Matsuyama, Hideki",538,TPC Summerlin,sg_putt,0.030859411830612943,0.38935899749088204,47,8
13562,"Matsuyama, Hideki",514,Oak Hill Country Club,sg_putt,-1.3590085197483737,0.3788799219519931,14,8
13562,"Matsuyama, Hideki",882,Caves Valley Golf Club,sg_putt,-0.5789730203201728,0.36537833409543036,15,8
13562,"Matsuyama, Hideki",886,Liberty National Golf Club,sg_putt,0.5175549588083854,0.30772935775047244,27,8
13562,"Matsuyama, Hideki",8,Trump National Doral,sg_total,-0.42663693926288415,0.9534045421133684,71,8
13562,"Matsuyama, Hideki",896,Olympia Fields Country Club (North Course),sg_total,0.29098747130898883,0.8247619918620935,14,8
13562,"Matsuyama, Hideki",379,The Philadelphia Cricket Club (Wissahickon Course),sg_total,-0.10640465433612732,0.7585737211164316,9,8
13562,"Matsuyama, Hideki",43,The Los Angeles Country Club (North Course),sg_total,-0.03908125097077886,0.7514161263884058,15,8
13562,"Matsuyama, Hideki",406,Castle Pines Golf Club,sg_total,4.483420927118421,0.7413756204749691,8,8
13562,"Matsuyama, Hideki",552,Silverado Resort and Spa (North Course),sg_total,-0.08875544644391678,0.7376139349852081,40,8
13562,"Matsuyama, Hideki",901,Wilmington Country Club,sg_total,-0.6636593946068238,0.7257352782065652,8,8
13562,"Matsuyama, Hideki",891,Winged Foot GC,sg_total,0.6288057436501328,0.716785908305173,25,8
13562,"Matsuyama, Hideki",773,Aronimink GC,sg_total,0.6885048130007801,0.7020395410088385,37,8
13562,"Matsuyama, Hideki",933,East Lake Golf Club,sg_total,-0.503545183297138,0.6988564682519897,7,8
13562,"Matsuyama, Hideki",939,Torrey Pines Golf Course (South Course),sg_total,0.10182838219422707,0.6930839691436437,10,8
13562,"Matsuyama, Hideki",872,Quail Hollow Club,sg_total,-1.3989686007484918,0.6851889404998475,37,8
13562,"Matsuyama, Hideki",238,Glen Oaks Club,sg_total,-2.041550501219679,0.6241288288584754,28,8
13562,"Matsuyama, Hideki",706,Whistling Straits,sg_total,-0.18357382165028813,0.6145503734924044,59,8
13562,"Matsuyama, Hideki",977,The Renaissance Club,sg_total,-1.8987423554172578,0.6111814446513488,20,8
13562,"Matsuyama, Hideki",895,TPC Harding Park,sg_total,0.17578527207013916,0.6084200207744371,26,8
13562,"Matsuyama, Hideki",770,TPC San Antonio - The Oaks Course,sg_total,-0.3949090298962027,0.6076650388350318,54,8
13562,"Matsuyama, Hideki",781,Plainfield CC,sg_total,0.6683863991651361,0.6050669110305169,43,8
13562,"Matsuyama, Hideki",514,Oak Hill Country Club,sg_total,0.4163667638049161,0.6041384175417843,15,8
13562,"Matsuyama, Hideki",240,Club de Golf Chapultepec,sg_total,0.8175242260206544,0.6020028570371451,32,8
13562,"Matsuyama, Hideki",897,Memorial Park Golf Course,sg_total,0.3652103782411368,0.5969683733902095,30,8
13562,"Matsuyama, Hideki",775,CordeValle GC,sg_total,1.5215094148490635,0.5965076257611942,27,8
13562,"Matsuyama, Hideki",4,Torrey Pines Golf Course (South Course),sg_total,-0.1278523820793651,0.5869275084275075,56,8
13562,"Matsuyama, Hideki",205,Spyglass Hill Golf Course,sg_total,-0.8297739520225745,0.557455820713923,53,8
13562,"Matsuyama, Hideki",818,Chambers Bay GC,sg_total,0.3393800567723104,0.5439215943066038,38,8
13562,"Matsuyama, Hideki",666,Pebble Beach Golf Links,sg_total,0.30283198030180813,0.5426232759381483,49,8
13562,"Matsuyama, Hideki",14,Augusta National Golf Club,sg_total,0.491943780913334,0.5394044836198019,65,8
13562,"Matsuyama, Hideki",885,Royal Portrush Golf Club,sg_total,0.4218745156713376,0.52887766569415,30,8
13562,"Matsuyama, Hideki",689,El Bosque CC,sg_total,-2.1456099674095293,0.5233518693058378,52,8
13562,"Matsuyama, Hideki",744,Torrey Pines (South),sg_total,0.10821222072533798,0.5214711179618798,46,8
13562,"Matsuyama, Hideki",513,TPC Southwind,sg_total,0.9967189279295371,0.5150057683020087,55,8
13562,"Matsuyama, Hideki",800,The Abaco Club on Winding Bay,sg_total,1.2210977266988432,0.5085375076292757,35,8
13562,"Matsuyama, Hideki",700,TPC Boston,sg_total,-0.2382170379236516,0.507527023233339,54,8
13562,"Matsuyama, Hideki",232,Albany GC,sg_total,1.375257736205111,0.4445505341369429,18,8
13562,"Matsuyama, Hideki",538,TPC Summerlin,sg_total,-1.5080553431387207,0.43235476111085686,50,8
13562,"Matsuyama, Hideki",100,Omni Tucson National,sg_total,1.0767133901056436,0.4299162671909255,45,8
13562,"Matsuyama, Hideki",527,Saucon Valley CC,sg_total,-0.18343752592092444,0.42812608891688303,43,8
13562,"Matsuyama, Hideki",505,Cherry Hills CC,sg_total,0.5622539082937189,0.42732051022224193,25,8
13562,"Matsuyama, Hideki",241,Quail Hollow-PGA Championship,sg_total,-0.6911382835373541,0.4265006951284631,37,8
13562,"Matsuyama, Hideki",902,Congaree Golf Club,sg_total,0.13447494535949445,0.41161328631299193,21,8
13562,"Matsuyama, Hideki",875,ACCORDIA GOLF Narashino Country Club,sg_total,-0.6103845046080789,0.386724896362914,20,8
13562,"Matsuyama, Hideki",608,Oakmont Country Club,sg_total,-0.5073663943177,0.3547256152850429,53,8
13562,"Matsuyama, Hideki",880,Bethpage Black,sg_total,0.7075042379998554,0.3513476172401144,30,8
13562,"Matsuyama, Hideki",883,TPC Twin Cities,sg_total,-1.0171269039170667,0.35074426673837056,32,8
13562,"Matsuyama, Hideki",876,Detroit Golf Club,sg_total,-0.32881471286156383,0.3154707070451331,31,8
19870,"McCarthy, Denny",896,Olympia Fields Country Club (North Course),sg_app,0.7090386949744831,0.8315178735937293,13,8
19870,"McCarthy, Denny",660,Montreux Golf & Country Club,sg_app,1.6126035742275535,0.7750434317449925,8,8
19870,"McCarthy, Denny",928,PGA National  - Champion Course,sg_app,0.21824727482136747,0.7671751837159452,13,8
19870,"McCarthy, Denny",939,Torrey Pines Golf Course (South Course),sg_app,0.8961429706874945,0.7487285792532103,9,8
19870,"McCarthy, Denny",902,Congaree Golf Club,sg_app,0.6870056628016367,0.7464172844547262,20,8
19870,"McCarthy, Denny",697,Ocean Course at Kiawah Island,sg_app,0.3345076277779404,0.7069136776164395,24,8
19870,"McCarthy, Denny",241,Quail Hollow-PGA Championship,sg_app,-0.1687053758089056,0.7056566483257517,34,8
19870,"McCarthy, Denny",876,Detroit Golf Club,sg_app,0.06348485864694253,0.6896168809184317,29,8
19870,"McCarthy, Denny",4,Torrey Pines Golf Course (South Course),sg_app,-0.5426522897275581,0.6702800253204808,51,8
19870,"McCarthy, Denny",724,Royal Liverpool,sg_app,-4.363106674751573,0.6632783746768827,14,8
19870,"McCarthy, Denny",237,TPC Potomac at Avenel Farm,sg_app,-0.6349876606725902,0.6615951373353582,23,8
19870,"McCarthy, Denny",43,The Los Angeles Country Club (North Course),sg_app,0.14888100391906517,0.652561798717866,13,8
19870,"McCarthy, Denny",872,Quail Hollow Club,sg_app,-0.3705866422945855,0.6423650899143748,36,8
19870,"McCarthy, Denny",552,Silverado Resort and Spa (North Course),sg_app,-0.31924745211003647,0.6270648570577193,39,8
19870,"McCarthy, Denny",665,Innisbrook Resort and Golf Club - Copperhead Course,sg_app,0.5051515462022547,0.5909971343340352,54,8
19870,"McCarthy, Denny",700,TPC Boston,sg_app,1.2491111258830663,0.5801062715329093,52,8
19870,"McCarthy, Denny",14,Augusta National Golf Club,sg_app,-0.04188583934510469,0.5249097184931832,23,8
19870,"McCarthy, Denny",770,TPC San Antonio - The Oaks Course,sg_app,-0.3833703448821032,0.524784468692467,50,8
19870,"McCarthy, Denny",611,Southern Hills Country Club,sg_app,0.2988305574702181,0.5183385212389265,21,8
19870,"McCarthy, Denny",882,Caves Valley Golf Club,sg_app,-0.07573069910012259,0.4904074682099971,15,8
19870,"McCarthy, Denny",977,The Renaissance Club,sg_app,-1.3533301038378962,0.47281672246556705,16,8
19870,"McCarthy, Denny",771,The Old White TPC,sg_app,-0.23321193144613545,0.47094988388515785,41,8
19870,"McCarthy, Denny",885,Royal Portrush Golf Club,sg_app,0.2809392047997567,0.4489419284589953,15,8
19870,"McCarthy, Denny",893,Muirfield Village Golf Club,sg_app,-2.5214203692885673,0.42322662719000703,23,8
19870,"McCarthy, Denny",510,TPC Scottsdale (Stadium Course),sg_app,0.5064409144935942,0.4198044142274062,49,8
19870,"McCarthy, Denny",897,Memorial Park Golf Course,sg_app,0.3467027335892935,0.40296007074916906,29,8
19870,"McCarthy, Denny",874,Hamilton Golf & Country Club,sg_app,0.360559572115824,0.39319658002294006,21,8
19870,"McCarthy, Denny",406,Castle Pines Golf Club,sg_app,0.3167981570605289,0.37629742151287615,7,8
19870,"McCarthy, Denny",884,Keene Trace Golf Club (Champion Trace),sg_app,-0.005801477289772761,0.3565055681638959,18,8
19870,"McCarthy, Denny",528,Pinehurst Resort & Country Club (Course No. 2),sg_app,-0.18308833276329095,0.3150926551363546,13,8
19870,"McCarthy, Denny",205,Spyglass Hill Golf Course,sg_arg,1.0605356904950523,0.8931748466298375,10,8
19870,"McCarthy, Denny",608,Oakmont Country Club,sg_arg,-0.7249874239139508,0.8244183901604997,10,8
19870,"McCarthy, Denny",883,TPC Twin Cities,sg_arg,-0.2979601019474219,0.7867501524651601,30,8
19870,"McCarthy, Denny",14,Augusta National Golf Club,sg_arg,-0.44004750571329015,0.6966083272472707,23,8
19870,"McCarthy, Denny",9,Arnold Palmer's Bay Hill Club & Lodge,sg_arg,-0.4742924945873946,0.6663502146645437,55,8
19870,"McCarthy, Denny",939,Torrey Pines Golf Course (South Course),sg_arg,0.5906293579248236,0.6481740336083687,9,8
19870,"McCarthy, Denny",896,Olympia Fields Country Club (North Course),sg_arg,0.9137124631211702,0.6081893022397992,13,8
19870,"McCarthy, Denny",977,The Renaissance Club,sg_arg,-0.1698986642646189,0.5766157384771762,16,8
19870,"McCarthy, Denny",528,Pinehurst Resort & Country Club (Course No. 2),sg_arg,0.6174417443296001,0.5246733621084892,13,8
19870,"McCarthy, Denny",611,Southern Hills Country Club,sg_arg,0.21377785601244556,0.4980626838282213,21,8
19870,"McCarthy, Denny",514,Oak Hill Country Club,sg_arg,-0.6319003258333529,0.4528767618255562,14,8
19870,"McCarthy, Denny",697,Ocean Course at Kiawah Island,sg_arg,-0.03960947246049942,0.4160654028125454,24,8
19870,"McCarthy, Denny",503,TPC River Highlands,sg_arg,-0.07931157686905264,0.4014194396486374,51,8
19870,"McCarthy, Denny",885,Royal Portrush Golf Club,sg_arg,-0.6100803291940456,0.39205476717281856,15,8
19870,"McCarthy, Denny",4,Torrey Pines Golf Course (South Course),sg_arg,0.4407916240229354,0.3899247548025363,51,8
19870,"McCarthy, Denny",729,Golf Club of Houston,sg_arg,-0.05791426983832232,0.3790111774135132,54,8
19870,"McCarthy, Denny",669,TPC Deere Run,sg_arg,0.41032205418550555,0.3763200181958359,38,8
19870,"McCarthy, Denny",500,The Riviera Country Club,sg_arg,0.29599280250559257,0.36910745033253783,54,8
19870,"McCarthy, Denny",902,Congaree Golf Club,sg_arg,0.331890318646043,0.31392215570295146,20,8
19870,"McCarthy, Denny",552,Silverado Resort and Spa (North Course),sg_arg,-0.18405374681388886,0.30969972483809577,39,8
19870,"McCarthy, Denny",901,Wilmington Country Club,sg_ott,-0.310701274114635,0.8630761206823632,8,8
19870,"McCarthy, Denny",746,The Country Club of Jackson,sg_ott,0.18213280303468443,0.8252517828177022,32,8
19870,"McCarthy, Denny",697,Ocean Course at Kiawah Island,sg_ott,-0.744887003622305,0.8177837473279898,24,8
19870,"McCarthy, Denny",514,Oak Hill Country Club,sg_ott,-0.15814989558356665,0.8127203741169257,14,8
19870,"McCarthy, Denny",656,Plantation Course at Kapalua,sg_ott,0.22373336384684325,0.8079739846971773,45,8
19870,"McCarthy, Denny",897,Memorial Park Golf Course,sg_ott,0.1454899063599651,0.7975910700248214,29,8
19870,"McCarthy, Denny",205,Spyglass Hill Golf Course,sg_ott,0.6905524104426011,0.7354241572242235,10,8
19870,"McCarthy, Denny",665,Innisbrook Resort and Golf Club - Copperhead Course,sg_ott,-0.0165654547801367,0.7274722902336741,54,8
19870,"McCarthy, Denny",872,Quail Hollow Club,sg_ott,0.2277029628462408,0.7095329685955294,36,8
19870,"McCarthy, Denny",669,TPC Deere Run,sg_ott,0.1776827277915852,0.6958014020825517,38,8
19870,"McCarthy, Denny",895,TPC Harding Park,sg_ott,0.25775548088914585,0.6913221539478895,25,8
19870,"McCarthy, Denny",237,TPC Potomac at Avenel Farm,sg_ott,0.03439396242969206,0.6685057551764296,23,8
19870,"McCarthy, Denny",43,The Los Angeles Country Club (North Course),sg_ott,0.09521854001388877,0.6561752385219565,13,8
19870,"McCarthy, Denny",939,Torrey Pines Golf Course (South Course),sg_ott,0.18281385851063559,0.6420342944454386,9,8
19870,"McCarthy, Denny",528,Pinehurst Resort & Country Club (Course No. 2),sg_ott,0.06438826270070995,0.605912040107582,13,8
19870,"McCarthy, Denny",704,Pete Dye Stadium Course,sg_ott,0.13607589223191002,0.5925443054801743,33,8
19870,"McCarthy, Denny",729,Golf Club of Houston,sg_ott,0.5572836444726192,0.5762066930736335,54,8
19870,"McCarthy, Denny",671,Valhalla Golf Club,sg_ott,-0.5490339787014075,0.5447209390309542,42,8
19870,"McCarthy, Denny",243,Trinity Forest Golf Club,sg_ott,-0.4655879344303162,0.5300807114908475,23,8
19870,"McCarthy, Denny",21,Colonial Country Club,sg_ott,0.009357336471490387,0.5148436857747805,50,8
19870,"McCarthy, Denny",654,The Country Club,sg_ott,0.41601817935208735,0.4887135329746615,13,8
19870,"McCarthy, Denny",883,TPC Twin Cities,sg_ott,0.17044467396501112,0.45235980784155716,30,8
19870,"McCarthy, Denny",734,PGA National Resort (The Champion),sg_ott,0.11183078887249757,0.45228278937398675,56,8
19870,"McCarthy, Denny",770,TPC San Antonio - The Oaks Course,sg_ott,-0.07022355380488515,0.45218651003185867,50,8
19870,"McCarthy, Denny",241,Quail Hollow-PGA Championship,sg_ott,0.3748374583569903,0.443843453458752,34,8
19870,"McCarthy, Denny",884,Keene Trace Golf Club (Champion Trace),sg_ott,-0.28021167651940243,0.4361033501171625,18,8
19870,"McCarthy, Denny",14,Augusta National Golf Club,sg_ott,0.05139565016425415,0.42768357649408206,23,8
19870,"McCarthy, Denny",5,Pebble Beach Golf Links,sg_ott,0.32332750611580513,0.37764395709692644,49,8
19870,"McCarthy, Denny",500,The Riviera Country Club,sg_ott,-0.3598897125625592,0.3722795836501979,54,8
19870,"McCarthy, Denny",709,Royal Troon,sg_ott,-1.7884188088573534,0.3555471361658512,14,8
19870,"McCarthy, Denny",700,TPC Boston,sg_ott,0.6439372445358558,0.31039427326405605,52,8
19870,"McCarthy, Denny",709,Royal Troon,sg_putt,0.34914858873249904,0.8553792953613122,14,8
19870,"McCarthy, Denny",928,PGA National  - Champion Course,sg_putt,-0.5291540772232268,0.8319135400555944,13,8
19870,"McCarthy, Denny",660,Montreux Golf & Country Club,sg_putt,-1.6478240053560465,0.7895447899934764,8,8
19870,"McCarthy, Denny",243,Trinity Forest Golf Club,sg_putt,0.6697639518392358,0.7803268512585968,23,8
19870,"McCarthy, Denny",552,Silverado Resort and Spa (North Course),sg_putt,-0.09983170359459698,0.7652038880499961,39,8
19870,"McCarthy, Denny",896,Olympia Fields Country Club (North Course),sg_putt,0.1859676065869154,0.7300243530921173,13,8
19870,"McCarthy, Denny",697,Ocean Course at Kiawah Island,sg_putt,0.8088750613862001,0.6047937213752724,24,8
19870,"McCarthy, Denny",884,Keene Trace Golf Club (Champion Trace),sg_putt,-0.42233426430532967,0.560092074734469,18,8
19870,"McCarthy, Denny",43,The Los Angeles Country Club (North Course),sg_putt,0.13062002626775326,0.5587238547117286,13,8
19870,"McCarthy, Denny",608,Oakmont Country Club,sg_putt,-0.08801271611814532,0.5378019635320631,10,8
19870,"McCarthy, Denny",872,Quail Hollow Club,sg_putt,0.74278745678124,0.5080732719746718,36,8
19870,"McCarthy, Denny",770,TPC San Antonio - The Oaks Course,sg_putt,1.2673274916583932,0.49979074287184344,50,8
19870,"McCarthy, Denny",977,The Renaissance Club,sg_putt,-2.1812771023063653,0.49863130395531924,16,8
19870,"McCarthy, Denny",902,Congaree Golf Club,sg_putt,-1.2261517455064996,0.47712841747238366,20,8
19870,"McCarthy, Denny",897,Memorial Park Golf Course,sg_putt,0.21984335072618227,0.46100063008810405,29,8
19870,"McCarthy, Denny",665,Innisbrook Resort and Golf Club - Copperhead Course,sg_putt,-0.16168160394979525,0.42909909172145166,54,8
19870,"McCarthy, Denny",883,TPC Twin Cities,sg_putt,0.3608134820400539,0.41039090006103524,30,8
19870,"McCarthy, Denny",669,TPC Deere Run,sg_putt,-0.02034991929119541,0.38981961108634927,38,8
19870,"McCarthy, Denny",538,TPC Summerlin,sg_putt,-0.3082353881828292,0.38935899749088204,47,8
19870,"McCarthy, Denny",514,Oak Hill Country Club,sg_putt,0.4957021320105032,0.3788799219519931,14,8
19870,"McCarthy, Denny",882,Caves Valley Golf Club,sg_putt,0.02884628091622054,0.36537833409543036,15,8
19870,"McCarthy, Denny",886,Liberty National Golf Club,sg_putt,-1.1575689165417908,0.30772935775047244,27,8
19870,"McCarthy, Denny",896,Olympia Fields Country Club (North Course),sg_total,1.2290825640648564,0.8247619918620935,14,8
19870,"McCarthy, Denny",379,The Philadelphia Cricket Club (Wissahickon Course),sg_total,-0.867811649990782,0.7585737211164316,9,8
19870,"McCarthy, Denny",43,The Los Angeles Country Club (North Course),sg_total,0.6722130441307416,0.7514161263884058,15,8
19870,"McCarthy, Denny",406,Castle Pines Golf Club,sg_total,-0.12470451170685384,0.7413756204749691,8,8
19870,"McCarthy, Denny",552,Silverado Resort and Spa (North Course),sg_total,-0.5490208164526879,0.7376139349852081,40,8
19870,"McCarthy, Denny",901,Wilmington Country Club,sg_total,0.46864985304827544,0.7257352782065652,8,8
19870,"McCarthy, Denny",890,Tahoe Mountain Club (Old Greenwood),sg_total,0.3117076604321939,0.7001988553273849,19,8
19870,"McCarthy, Denny",939,Torrey Pines Golf Course (South Course),sg_total,1.854580904258212,0.6930839691436437,10,8
19870,"McCarthy, Denny",872,Quail Hollow Club,sg_total,0.9448397465198644,0.6851889404998475,37,8
19870,"McCarthy, Denny",746,The Country Club of Jackson,sg_total,0.9281930118916926,0.6225740180522429,34,8
19870,"McCarthy, Denny",928,PGA National  - Champion Course,sg_total,-0.9122471356857236,0.6132577956350657,13,8
19870,"McCarthy, Denny",977,The Renaissance Club,sg_total,-3.9464821550042646,0.6111814446513488,20,8
19870,"McCarthy, Denny",895,TPC Harding Park,sg_total,-0.0337789397627499,0.6084200207744371,26,8
19870,"McCarthy, Denny",770,TPC San Antonio - The Oaks Course,sg_total,0.9619145329763092,0.6076650388350318,54,8
19870,"McCarthy, Denny",514,Oak Hill Country Club,sg_total,0.7093240963498019,0.6041384175417843,15,8
19870,"McCarthy, Denny",897,Memorial Park Golf Course,sg_total,0.8989669729938112,0.5969683733902095,30,8
19870,"McCarthy, Denny",4,Torrey Pines Golf Course (South Course),sg_total,-1.024362016044834,0.5869275084275075,56,8
19870,"McCarthy, Denny",205,Spyglass Hill Golf Course,sg_total,-0.013094243136022393,0.557455820713923,53,8
19870,"McCarthy, Denny",771,The Old White TPC,sg_total,0.5718844205711774,0.5529609738461922,43,8
19870,"McCarthy, Denny",818,Chambers Bay GC,sg_total,1.5679741855840765,0.5439215943066038,38,8
19870,"McCarthy, Denny",14,Augusta National Golf Club,sg_total,-0.24390542206994817,0.5394044836198019,65,8
19870,"McCarthy, Denny",885,Royal Portrush Golf Club,sg_total,-0.984387616858372,0.52887766569415,30,8
19870,"McCarthy, Denny",513,TPC Southwind,sg_total,0.14589116027315055,0.5150057683020087,55,8
19870,"McCarthy, Denny",700,TPC Boston,sg_total,0.23984424263871237,0.507527023233339,54,8
19870,"McCarthy, Denny",769,Monterey Peninsula CC,sg_total,0.5606935348230695,0.5002066489573296,49,8
19870,"McCarthy, Denny",538,TPC Summerlin,sg_total,-0.06534062234399987,0.43235476111085686,50,8
19870,"McCarthy, Denny",100,Omni Tucson National,sg_total,0.9719741855840767,0.4299162671909255,45,8
19870,"McCarthy, Denny",241,Quail Hollow-PGA Championship,sg_total,1.8146749188724083,0.4265006951284631,37,8
19870,"McCarthy, Denny",902,Congaree Golf Club,sg_total,0.38618330576445636,0.41161328631299193,21,8
19870,"McCarthy, Denny",776,Sea Island Golf Club (Seaside Course),sg_total,-0.1560707210934886,0.3755012307989047,47,8
19870,"McCarthy, Denny",608,Oakmont Country Club,sg_total,-0.9207922580417036,0.3547256152850429,53,8
19870,"McCarthy, Denny",883,TPC Twin Cities,sg_total,-0.09081412236686333,0.35074426673837056,32,8
19870,"McCarthy, Denny",876,Detroit Golf Club,sg_total,-0.6801695627849337,0.3154707070451331,31,8
28635,"McCarty, Matt",928,PGA National  - Champion Course,sg_app,0.637246698412435,0.7671751837159452,13,8
28635,"McCarty, Matt",935,TPC Toronto at Osprey Valley (North Course),sg_app,0.06718031156163089,0.7116924721794581,6,8
28635,"McCarty, Matt",241,Quail Hollow-PGA Championship,sg_app,0.2670334018265086,0.7056566483257517,34,8
28635,"McCarty, Matt",876,Detroit Golf Club,sg_app,0.3939237598927038,0.6896168809184317,29,8
28635,"McCarty, Matt",4,Torrey Pines Golf Course (South Course),sg_app,-0.4028210625022169,0.6702800253204808,51,8
28635,"McCarty, Matt",665,Innisbrook Resort and Golf Club - Copperhead Course,sg_app,-0.1492953803445971,0.5909971343340352,54,8
28635,"McCarty, Matt",14,Augusta National Golf Club,sg_app,0.24547819987510355,0.5249097184931832,23,8
28635,"McCarty, Matt",770,TPC San Antonio - The Oaks Course,sg_app,0.45393559332724975,0.524784468692467,50,8
28635,"McCarty, Matt",977,The Renaissance Club,sg_app,0.7148383321649416,0.47281672246556705,16,8
28635,"McCarty, Matt",885,Royal Portrush Golf Club,sg_app,-0.7921432358492358,0.4489419284589953,15,8
28635,"McCarty, Matt",510,TPC Scottsdale (Stadium Course),sg_app,-0.8082026977816577,0.4198044142274062,49,8
28635,"McCarty, Matt",897,Memorial Park Golf Course,sg_app,-0.32478779407240843,0.40296007074916906,29,8
28635,"McCarty, Matt",205,Spyglass Hill Golf Course,sg_arg,-0.5507105162775572,0.8931748466298375,10,8
28635,"McCarty, Matt",608,Oakmont Country Club,sg_arg,-0.4851690901596123,0.8244183901604997,10,8
28635,"McCarty, Matt",883,TPC Twin Cities,sg_arg,0.06979330873920114,0.7867501524651601,30,8
28635,"McCarty, Matt",14,Augusta National Golf Club,sg_arg,0.37281519587523765,0.6966083272472707,23,8
28635,"McCarty, Matt",9,Arnold Palmer's Bay Hill Club & Lodge,sg_arg,-0.10032220865625968,0.6663502146645437,55,8
28635,"McCarty, Matt",930,Black Desert Resort,sg_arg,-0.1105618067356745,0.6659138517567389,6,8
28635,"McCarty, Matt",978,Vidanta Vallarta,sg_arg,-0.3987985859343809,0.5939369030173401,16,8
28635,"McCarty, Matt",977,The Renaissance Club,sg_arg,0.38460981658101123,0.5766157384771762,16,8
28635,"McCarty, Matt",885,Royal Portrush Golf Club,sg_arg,0.49309069000740646,0.39205476717281856,15,8
28635,"McCarty, Matt",4,Torrey Pines Golf Course (South Course),sg_arg,0.16790733459697216,0.3899247548025363,51,8
28635,"McCarty, Matt",669,TPC Deere Run,sg_arg,-0.2673852632202707,0.3763200181958359,38,8
28635,"McCarty, Matt",500,The Riviera Country Club,sg_arg,0.12131476871157132,0.36910745033253783,54,8
28635,"McCarty, Matt",921,TPC Craig Ranch,sg_ott,0.19630267671946083,0.8124938419538594,15,8
28635,"McCarty, Matt",656,Plantation Course at Kapalua,sg_ott,0.12148259800316284,0.8079739846971773,45,8
28635,"McCarty, Matt",897,Memorial Park Golf Course,sg_ott,-0.3054781594063095,0.7975910700248214,29,8
28635,"McCarty, Matt",205,Spyglass Hill Golf Course,sg_ott,-0.1235573776181884,0.7354241572242235,10,8
28635,"McCarty, Matt",665,Innisbrook Resort and Golf Club - Copperhead Course,sg_ott,-0.14026782316643618,0.7274722902336741,54,8
28635,"McCarty, Matt",930,Black Desert Resort,sg_ott,0.3887142780436715,0.7201825483385862,6,8
28635,"McCarty, Matt",669,TPC Deere Run,sg_ott,0.21052862778517473,0.6958014020825517,38,8
28635,"McCarty, Matt",704,Pete Dye Stadium Course,sg_ott,-0.19094726189552352,0.5925443054801743,33,8
28635,"McCarty, Matt",21,Colonial Country Club,sg_ott,-0.8632278901156232,0.5148436857747805,50,8
28635,"McCarty, Matt",926,Silverado Resort (North Course),sg_ott,-0.2820654574782073,0.4695369826470083,14,8
28635,"McCarty, Matt",883,TPC Twin Cities,sg_ott,-0.011501763026275938,0.45235980784155716,30,8
28635,"McCarty, Matt",770,TPC San Antonio - The Oaks Course,sg_ott,0.12270178454748291,0.45218651003185867,50,8
28635,"McCarty, Matt",241,Quail Hollow-PGA Championship,sg_ott,0.2754242154181836,0.443843453458752,34,8
28635,"McCarty, Matt",14,Augusta National Golf Club,sg_ott,0.036960511897466256,0.42768357649408206,23,8
28635,"McCarty, Matt",5,Pebble Beach Golf Links,sg_ott,0.18544262238181164,0.37764395709692644,49,8
28635,"McCarty, Matt",500,The Riviera Country Club,sg_ott,-0.4050155353859601,0.3722795836501979,54,8
28635,"McCarty, Matt",928,PGA National  - Champion Course,sg_putt,0.22442292361225247,0.8319135400555944,13,8
28635,"McCarty, Matt",935,TPC Toronto at Osprey Valley (North Course),sg_putt,1.4050831852730918,0.7214011843267554,6,8
28635,"McCarty, Matt",930,Black Desert Resort,sg_putt,1.4868280170013797,0.709353178421583,6,8
28635,"McCarty, Matt",978,Vidanta Vallarta,sg_putt,1.7381048269999984,0.6967043554693465,16,8
28635,"McCarty, Matt",608,Oakmont Country Club,sg_putt,-2.2150160344740204,0.5378019635320631,10,8
28635,"McCarty, Matt",770,TPC San Antonio - The Oaks Course,sg_putt,-1.1730735310384586,0.49979074287184344,50,8
28635,"McCarty, Matt",977,The Renaissance Club,sg_putt,0.03987649027197124,0.49863130395531924,16,8
28635,"McCarty, Matt",897,Memorial Park Golf Course,sg_putt,-0.7660637520133424,0.46100063008810405,29,8
28635,"McCarty, Matt",665,Innisbrook Resort and Golf Club - Copperhead Course,sg_putt,-0.9185086648326747,0.42909909172145166,54,8
28635,"McCarty, Matt",883,TPC Twin Cities,sg_putt,-0.7634586863424991,0.41039090006103524,30,8
28635,"McCarty, Matt",669,TPC Deere Run,sg_putt,-1.7147978836434374,0.38981961108634927,38,8
28635,"McCarty, Matt",538,TPC Summerlin,sg_putt,-0.5942392179814557,0.38935899749088204,47,8
28635,"McCarty, Matt",978,Vidanta Vallarta,sg_total,-1.0159363889705373,0.7044733074594649,17,8
28635,"McCarty, Matt",746,The Country Club of Jackson,sg_total,-1.4007476950420248,0.6225740180522429,34,8
28635,"McCarty, Matt",928,PGA National  - Champion Course,sg_total,-0.10939813571902929,0.6132577956350657,13,8
28635,"McCarty, Matt",977,The Renaissance Club,sg_total,0.9267314630812389,0.6111814446513488,20,8
28635,"McCarty, Matt",770,TPC San Antonio - The Oaks Course,sg_total,-0.39956041768708417,0.6076650388350318,54,8
28635,"McCarty, Matt",897,Memorial Park Golf Course,sg_total,-0.4833124588022272,0.5969683733902095,30,8
28635,"McCarty, Matt",4,Torrey Pines Golf Course (South Course),sg_total,0.8688465133253627,0.5869275084275075,56,8
28635,"McCarty, Matt",205,Spyglass Hill Golf Course,sg_total,-5.3832934933663745,0.557455820713923,53,8
28635,"McCarty, Matt",14,Augusta National Golf Club,sg_total,1.233707138337661,0.5394044836198019,65,8
28635,"McCarty, Matt",885,Royal Portrush Golf Club,sg_total,-0.5233101423146937,0.52887766569415,30,8
28635,"McCarty, Matt",922,Dye's Valley Course,sg_total,-2.8505473246237307,0.5181238048200913,4,8
28635,"McCarty, Matt",538,TPC Summerlin,sg_total,-2.8223971617453634,0.43235476111085686,50,8
28635,"McCarty, Matt",241,Quail Hollow-PGA Championship,sg_total,-0.538760712353946,0.4265006951284631,37,8
28635,"McCarty, Matt",776,Sea Island Golf Club (Seaside Course),sg_total,-1.713067143139185,0.3755012307989047,47,8
28635,"McCarty, Matt",608,Oakmont Country Club,sg_total,-5.634161699974498,0.3547256152850429,53,8
28635,"McCarty, Matt",883,TPC Twin Cities,sg_total,-1.140564460777715,0.35074426673837056,32,8
28635,"McCarty, Matt",876,Detroit Golf Club,sg_total,1.279493794919384,0.3154707070451331,31,8
18634,"McNealy, Maverick",896,Olympia Fields Country Club (North Course),sg_app,-0.5098176617494734,0.8315178735937293,13,8
18634,"McNealy, Maverick",928,PGA National  - Champion Course,sg_app,-0.7069765317071964,0.7671751837159452,13,8
18634,"McNealy, Maverick",939,Torrey Pines Golf Course (South Course),sg_app,1.703288518809561,0.7487285792532103,9,8
18634,"McNealy, Maverick",902,Congaree Golf Club,sg_app,-0.2997064756897705,0.7464172844547262,20,8
18634,"McNealy, Maverick",697,Ocean Course at Kiawah Island,sg_app,1.3856125780112274,0.7069136776164395,24,8
18634,"McNealy, Maverick",241,Quail Hollow-PGA Championship,sg_app,0.18478115523722208,0.7056566483257517,34,8
18634,"McNealy, Maverick",876,Detroit Golf Club,sg_app,-0.5146605746418629,0.6896168809184317,29,8
18634,"McNealy, Maverick",4,Torrey Pines Golf Course (South Course),sg_app,0.02816265043843927,0.6702800253204808,51,8
18634,"McNealy, Maverick",872,Quail Hollow Club,sg_app,-0.00791520896346773,0.6423650899143748,36,8
18634,"McNealy, Maverick",552,Silverado Resort and Spa (North Course),sg_app,-0.11881715639580424,0.6270648570577193,39,8
18634,"McNealy, Maverick",665,Innisbrook Resort and Golf Club - Copperhead Course,sg_app,-0.3195934894681706,0.5909971343340352,54,8
18634,"McNealy, Maverick",700,TPC Boston,sg_app,-0.672059666628685,0.5801062715329093,52,8
18634,"McNealy, Maverick",14,Augusta National Golf Club,sg_app,-0.34693352900194496,0.5249097184931832,23,8
18634,"McNealy, Maverick",770,TPC San Antonio - The Oaks Course,sg_app,0.25960031784702287,0.524784468692467,50,8
18634,"McNealy, Maverick",611,Southern Hills Country Club,sg_app,-0.6196604721209835,0.5183385212389265,21,8
18634,"McNealy, Maverick",882,Caves Valley Golf Club,sg_app,0.6099954618249067,0.4904074682099971,15,8
18634,"McNealy, Maverick",977,The Renaissance Club,sg_app,0.018786943432433423,0.47281672246556705,16,8
18634,"McNealy, Maverick",771,The Old White TPC,sg_app,-0.6858547216185462,0.47094988388515785,41,8
18634,"McNealy, Maverick",885,Royal Portrush Golf Club,sg_app,0.2184539212282757,0.4489419284589953,15,8
18634,"McNealy, Maverick",893,Muirfield Village Golf Club,sg_app,-2.5821403932755214,0.42322662719000703,23,8
18634,"McNealy, Maverick",510,TPC Scottsdale (Stadium Course),sg_app,0.5011443693494495,0.4198044142274062,49,8
18634,"McNealy, Maverick",897,Memorial Park Golf Course,sg_app,0.7242105126962667,0.40296007074916906,29,8
18634,"McNealy, Maverick",874,Hamilton Golf & Country Club,sg_app,0.5300451570621655,0.39319658002294006,21,8
18634,"McNealy, Maverick",205,Spyglass Hill Golf Course,sg_arg,-0.9680435024782661,0.8931748466298375,10,8
18634,"McNealy, Maverick",608,Oakmont Country Club,sg_arg,-0.5000360183619424,0.8244183901604997,10,8
18634,"McNealy, Maverick",883,TPC Twin Cities,sg_arg,0.3545133688946798,0.7867501524651601,30,8
18634,"McNealy, Maverick",14,Augusta National Golf Club,sg_arg,0.7851983561134752,0.6966083272472707,23,8
18634,"McNealy, Maverick",9,Arnold Palmer's Bay Hill Club & Lodge,sg_arg,-0.48103089773796165,0.6663502146645437,55,8
18634,"McNealy, Maverick",930,Black Desert Resort,sg_arg,0.0031418816928986126,0.6659138517567389,6,8
18634,"McNealy, Maverick",939,Torrey Pines Golf Course (South Course),sg_arg,-0.9004339391953271,0.6481740336083687,9,8
18634,"McNealy, Maverick",896,Olympia Fields Country Club (North Course),sg_arg,0.2048914247237647,0.6081893022397992,13,8
18634,"McNealy, Maverick",978,Vidanta Vallarta,sg_arg,-0.08950152732029784,0.5939369030173401,16,8
18634,"McNealy, Maverick",977,The Renaissance Club,sg_arg,-0.2747119644775601,0.5766157384771762,16,8
18634,"McNealy, Maverick",611,Southern Hills Country Club,sg_arg,-0.8277435369078361,0.4980626838282213,21,8
18634,"McNealy, Maverick",514,Oak Hill Country Club,sg_arg,0.7520154099773184,0.4528767618255562,14,8
18634,"McNealy, Maverick",697,Ocean Course at Kiawah Island,sg_arg,-0.7614663449070607,0.4160654028125454,24,8
18634,"McNealy, Maverick",503,TPC River Highlands,sg_arg,0.36219515389577156,0.4014194396486374,51,8
18634,"McNealy, Maverick",894,TPC Craig Ranch,sg_arg,0.26202389565548745,0.3960272487602276,24,8
18634,"McNealy, Maverick",885,Royal Portrush Golf Club,sg_arg,-0.3103533939201263,0.39205476717281856,15,8
18634,"McNealy, Maverick",4,Torrey Pines Golf Course (South Course),sg_arg,0.2737671819282776,0.3899247548025363,51,8
18634,"McNealy, Maverick",729,Golf Club of Houston,sg_arg,1.0088289220666153,0.3790111774135132,54,8
18634,"McNealy, Maverick",669,TPC Deere Run,sg_arg,0.33134216966104535,0.3763200181958359,38,8
18634,"McNealy, Maverick",500,The Riviera Country Club,sg_arg,-0.1806390910356472,0.36910745033253783,54,8
18634,"McNealy, Maverick",902,Congaree Golf Club,sg_arg,0.7970708800665334,0.31392215570295146,20,8
18634,"McNealy, Maverick",552,Silverado Resort and Spa (North Course),sg_arg,0.36955942531023334,0.30969972483809577,39,8
18634,"McNealy, Maverick",901,Wilmington Country Club,sg_ott,0.5792549627862749,0.8630761206823632,8,8
18634,"McNealy, Maverick",746,The Country Club of Jackson,sg_ott,-0.6180031679048256,0.8252517828177022,32,8
18634,"McNealy, Maverick",697,Ocean Course at Kiawah Island,sg_ott,-0.23624472082937215,0.8177837473279898,24,8
18634,"McNealy, Maverick",514,Oak Hill Country Club,sg_ott,-2.41274582853815,0.8127203741169257,14,8
18634,"McNealy, Maverick",921,TPC Craig Ranch,sg_ott,-0.42708934647426433,0.8124938419538594,15,8
18634,"McNealy, Maverick",656,Plantation Course at Kapalua,sg_ott,1.022790241289469,0.8079739846971773,45,8
18634,"McNealy, Maverick",897,Memorial Park Golf Course,sg_ott,0.12063954377576847,0.7975910700248214,29,8
18634,"McNealy, Maverick",205,Spyglass Hill Golf Course,sg_ott,-0.4386668802491418,0.7354241572242235,10,8
18634,"McNealy, Maverick",665,Innisbrook Resort and Golf Club - Copperhead Course,sg_ott,0.3139948826904337,0.7274722902336741,54,8
18634,"McNealy, Maverick",930,Black Desert Resort,sg_ott,-1.4363771392398743,0.7201825483385862,6,8
18634,"McNealy, Maverick",872,Quail Hollow Club,sg_ott,0.686383220500665,0.7095329685955294,36,8
18634,"McNealy, Maverick",669,TPC Deere Run,sg_ott,-0.2815408726056001,0.6958014020825517,38,8
18634,"McNealy, Maverick",939,Torrey Pines Golf Course (South Course),sg_ott,-0.034552744939602975,0.6420342944454386,9,8
18634,"McNealy, Maverick",704,Pete Dye Stadium Course,sg_ott,-0.5164824447507234,0.5925443054801743,33,8
18634,"McNealy, Maverick",729,Golf Club of Houston,sg_ott,-0.5572761656681313,0.5762066930736335,54,8
18634,"McNealy, Maverick",671,Valhalla Golf Club,sg_ott,1.2869997878051154,0.5447209390309542,42,8
18634,"McNealy, Maverick",243,Trinity Forest Golf Club,sg_ott,-0.40156852615816985,0.5300807114908475,23,8
18634,"McNealy, Maverick",21,Colonial Country Club,sg_ott,-0.2937792595742828,0.5148436857747805,50,8
18634,"McNealy, Maverick",926,Silverado Resort (North Course),sg_ott,-0.4763903513436707,0.4695369826470083,14,8
18634,"McNealy, Maverick",883,TPC Twin Cities,sg_ott,-0.04385459763671973,0.45235980784155716,30,8
18634,"McNealy, Maverick",734,PGA National Resort (The Champion),sg_ott,0.07521523251560819,0.45228278937398675,56,8
18634,"McNealy, Maverick",770,TPC San Antonio - The Oaks Course,sg_ott,-0.06613781421250028,0.45218651003185867,50,8
18634,"McNealy, Maverick",241,Quail Hollow-PGA Championship,sg_ott,0.8175483444427816,0.443843453458752,34,8
18634,"McNealy, Maverick",14,Augusta National Golf Club,sg_ott,0.30306720368697454,0.42768357649408206,23,8
18634,"McNealy, Maverick",5,Pebble Beach Golf Links,sg_ott,0.35117021876703497,0.37764395709692644,49,8
18634,"McNealy, Maverick",500,The Riviera Country Club,sg_ott,0.5359066342079335,0.3722795836501979,54,8
18634,"McNealy, Maverick",709,Royal Troon,sg_ott,-1.9081657092888182,0.3555471361658512,14,8
18634,"McNealy, Maverick",700,TPC Boston,sg_ott,-0.007697319610768527,0.31039427326405605,52,8
18634,"McNealy, Maverick",709,Royal Troon,sg_putt,-1.0095247240968606,0.8553792953613122,14,8
18634,"McNealy, Maverick",928,PGA National  - Champion Course,sg_putt,-0.7806770735435025,0.8319135400555944,13,8
18634,"McNealy, Maverick",243,Trinity Forest Golf Club,sg_putt,-0.2871614107140058,0.7803268512585968,23,8
18634,"McNealy, Maverick",552,Silverado Resort and Spa (North Course),sg_putt,-0.00788791091391916,0.7652038880499961,39,8
18634,"McNealy, Maverick",896,Olympia Fields Country Club (North Course),sg_putt,0.1374437999317867,0.7300243530921173,13,8
18634,"McNealy, Maverick",930,Black Desert Resort,sg_putt,-1.3963598506296138,0.709353178421583,6,8
18634,"McNealy, Maverick",978,Vidanta Vallarta,sg_putt,0.33462505517800245,0.6967043554693465,16,8
18634,"McNealy, Maverick",697,Ocean Course at Kiawah Island,sg_putt,-0.33902224765915057,0.6047937213752724,24,8
18634,"McNealy, Maverick",908,Oakdale Golf & Country Club,sg_putt,-0.45660103423692777,0.5541251730836958,10,8
18634,"McNealy, Maverick",608,Oakmont Country Club,sg_putt,0.2614779783759241,0.5378019635320631,10,8
18634,"McNealy, Maverick",872,Quail Hollow Club,sg_putt,-1.3100097403080688,0.5080732719746718,36,8
18634,"McNealy, Maverick",770,TPC San Antonio - The Oaks Course,sg_putt,0.3846809453884442,0.49979074287184344,50,8
18634,"McNealy, Maverick",977,The Renaissance Club,sg_putt,0.7064988126166248,0.49863130395531924,16,8
18634,"McNealy, Maverick",902,Congaree Golf Club,sg_putt,1.1860903396617477,0.47712841747238366,20,8
18634,"McNealy, Maverick",897,Memorial Park Golf Course,sg_putt,-0.6239908167524312,0.46100063008810405,29,8
18634,"McNealy, Maverick",665,Innisbrook Resort and Golf Club - Copperhead Course,sg_putt,-0.204124749927451,0.42909909172145166,54,8
18634,"McNealy, Maverick",883,TPC Twin Cities,sg_putt,-0.4438129758965823,0.41039090006103524,30,8
18634,"McNealy, Maverick",669,TPC Deere Run,sg_putt,0.24561448682892797,0.38981961108634927,38,8
18634,"McNealy, Maverick",538,TPC Summerlin,sg_putt,0.06077684288134422,0.38935899749088204,47,8
18634,"McNealy, Maverick",514,Oak Hill Country Club,sg_putt,-1.038492273973918,0.3788799219519931,14,8
18634,"McNealy, Maverick",882,Caves Valley Golf Club,sg_putt,1.4050413505082495,0.36537833409543036,15,8
18634,"McNealy, Maverick",886,Liberty National Golf Club,sg_putt,0.8093469504547732,0.30772935775047244,27,8
18634,"McNealy, Maverick",896,Olympia Fields Country Club (North Course),sg_total,0.45988787988373336,0.8247619918620935,14,8
18634,"McNealy, Maverick",919,El Cardonal at Diamante,sg_total,-0.064805880232435,0.8241756895683453,10,8
18634,"McNealy, Maverick",379,The Philadelphia Cricket Club (Wissahickon Course),sg_total,-1.5339325418833654,0.7585737211164316,9,8
18634,"McNealy, Maverick",552,Silverado Resort and Spa (North Course),sg_total,0.4011793383170539,0.7376139349852081,40,8
18634,"McNealy, Maverick",901,Wilmington Country Club,sg_total,-0.308666044316835,0.7257352782065652,8,8
18634,"McNealy, Maverick",978,Vidanta Vallarta,sg_total,-0.5944891926387169,0.7044733074594649,17,8
18634,"McNealy, Maverick",890,Tahoe Mountain Club (Old Greenwood),sg_total,1.0930126039670716,0.7001988553273849,19,8
18634,"McNealy, Maverick",939,Torrey Pines Golf Course (South Course),sg_total,2.496637003996364,0.6930839691436437,10,8
18634,"McNealy, Maverick",872,Quail Hollow Club,sg_total,-0.8119188955437917,0.6851889404998475,37,8
18634,"McNealy, Maverick",746,The Country Club of Jackson,sg_total,-0.563722885357586,0.6225740180522429,34,8
18634,"McNealy, Maverick",928,PGA National  - Champion Course,sg_total,-0.13861888551077578,0.6132577956350657,13,8
18634,"McNealy, Maverick",977,The Renaissance Club,sg_total,0.3829277624662809,0.6111814446513488,20,8
18634,"McNealy, Maverick",770,TPC San Antonio - The Oaks Course,sg_total,0.12664817787543614,0.6076650388350318,54,8
18634,"McNealy, Maverick",514,Oak Hill Country Club,sg_total,-2.904594594044956,0.6041384175417843,15,8
18634,"McNealy, Maverick",897,Memorial Park Golf Course,sg_total,0.11133942119871276,0.5969683733902095,30,8
18634,"McNealy, Maverick",4,Torrey Pines Golf Course (South Course),sg_total,-0.22934053782330027,0.5869275084275075,56,8
18634,"McNealy, Maverick",205,Spyglass Hill Golf Course,sg_total,-0.294850686793746,0.557455820713923,53,8
18634,"McNealy, Maverick",771,The Old White TPC,sg_total,-1.6493240779757825,0.5529609738461922,43,8
18634,"McNealy, Maverick",14,Augusta National Golf Club,sg_total,0.45609393236168105,0.5394044836198019,65,8
18634,"McNealy, Maverick",885,Royal Portrush Golf Club,sg_total,0.6674519832428922,0.52887766569415,30,8
18634,"McNealy, Maverick",513,TPC Southwind,sg_total,0.3975584909592361,0.5150057683020087,55,8
18634,"McNealy, Maverick",700,TPC Boston,sg_total,0.0867169291183606,0.507527023233339,54,8
18634,"McNealy, Maverick",769,Monterey Peninsula CC,sg_total,-1.0132662721499857,0.5002066489573296,49,8
18634,"McNealy, Maverick",538,TPC Summerlin,sg_total,0.45478923696124873,0.43235476111085686,50,8
18634,"McNealy, Maverick",241,Quail Hollow-PGA Championship,sg_total,0.8789638011192165,0.4265006951284631,37,8
18634,"McNealy, Maverick",902,Congaree Golf Club,sg_total,1.1038462991675297,0.41161328631299193,21,8
18634,"McNealy, Maverick",875,ACCORDIA GOLF Narashino Country Club,sg_total,-0.19410380501115648,0.386724896362914,20,8
18634,"McNealy, Maverick",776,Sea Island Golf Club (Seaside Course),sg_total,-0.06179930741658485,0.3755012307989047,47,8
18634,"McNealy, Maverick",608,Oakmont Country Club,sg_total,0.547501966177457,0.3547256152850429,53,8
18634,"McNealy, Maverick",883,TPC Twin Cities,sg_total,-0.3212669758271719,0.35074426673837056,32,8
18634,"McNealy, Maverick",876,Detroit Golf Club,sg_total,-0.2985658784765363,0.3154707070451331,31,8
17365,"Mitchell, Keith",928,PGA National  - Champion Course,sg_app,0.21744928573774053,0.7671751837159452,13,8
17365,"Mitchell, Keith",902,Congaree Golf Club,sg_app,-1.7088309053903032,0.7464172844547262,20,8
17365,"Mitchell, Keith",935,TPC Toronto at Osprey Valley (North Course),sg_app,0.48415712849679104,0.7116924721794581,6,8
17365,"Mitchell, Keith",241,Quail Hollow-PGA Championship,sg_app,0.07505870779755613,0.7056566483257517,34,8
17365,"Mitchell, Keith",876,Detroit Golf Club,sg_app,0.9196716910344076,0.6896168809184317,29,8
17365,"Mitchell, Keith",4,Torrey Pines Golf Course (South Course),sg_app,1.1565836365616358,0.6702800253204808,51,8
17365,"Mitchell, Keith",237,TPC Potomac at Avenel Farm,sg_app,0.6296738907919192,0.6615951373353582,23,8
17365,"Mitchell, Keith",880,Bethpage Black,sg_app,1.4479999756708137,0.6551865014282398,28,8
17365,"Mitchell, Keith",43,The Los Angeles Country Club (North Course),sg_app,-0.5855590875527732,0.652561798717866,13,8
17365,"Mitchell, Keith",872,Quail Hollow Club,sg_app,-0.021219690228132526,0.6423650899143748,36,8
17365,"Mitchell, Keith",665,Innisbrook Resort and Golf Club - Copperhead Course,sg_app,1.184481971391638,0.5909971343340352,54,8
17365,"Mitchell, Keith",700,TPC Boston,sg_app,1.1067215004934543,0.5801062715329093,52,8
17365,"Mitchell, Keith",931,Tahoe Mountain Club (Old Greenwood),sg_app,-3.0177411971742787,0.5425266516366192,6,8
17365,"Mitchell, Keith",14,Augusta National Golf Club,sg_app,-1.2522823326408736,0.5249097184931832,23,8
17365,"Mitchell, Keith",770,TPC San Antonio - The Oaks Course,sg_app,0.13660834681315953,0.524784468692467,50,8
17365,"Mitchell, Keith",611,Southern Hills Country Club,sg_app,0.3218732916486613,0.5183385212389265,21,8
17365,"Mitchell, Keith",882,Caves Valley Golf Club,sg_app,-0.4012195959964586,0.4904074682099971,15,8
17365,"Mitchell, Keith",977,The Renaissance Club,sg_app,-0.31965258673837793,0.47281672246556705,16,8
17365,"Mitchell, Keith",771,The Old White TPC,sg_app,2.113842895250822,0.47094988388515785,41,8
17365,"Mitchell, Keith",893,Muirfield Village Golf Club,sg_app,-4.233531204989215,0.42322662719000703,23,8
17365,"Mitchell, Keith",510,TPC Scottsdale (Stadium Course),sg_app,-0.40810779636379635,0.4198044142274062,49,8
17365,"Mitchell, Keith",897,Memorial Park Golf Course,sg_app,0.5350944366306217,0.40296007074916906,29,8
17365,"Mitchell, Keith",874,Hamilton Golf & Country Club,sg_app,0.11381495673505215,0.39319658002294006,21,8
17365,"Mitchell, Keith",666,Pebble Beach Golf Links,sg_app,-1.3792740037977476,0.3362028317814147,27,8
17365,"Mitchell, Keith",205,Spyglass Hill Golf Course,sg_arg,0.3882248543575325,0.8931748466298375,10,8
17365,"Mitchell, Keith",883,TPC Twin Cities,sg_arg,0.304425439520877,0.7867501524651601,30,8
17365,"Mitchell, Keith",14,Augusta National Golf Club,sg_arg,-0.5216204429532527,0.6966083272472707,23,8
17365,"Mitchell, Keith",9,Arnold Palmer's Bay Hill Club & Lodge,sg_arg,-0.3618973083427721,0.6663502146645437,55,8
17365,"Mitchell, Keith",930,Black Desert Resort,sg_arg,0.19432178741425085,0.6659138517567389,6,8
17365,"Mitchell, Keith",772,St. George's G&CC,sg_arg,-0.058785908428353406,0.654429616156167,22,8
17365,"Mitchell, Keith",978,Vidanta Vallarta,sg_arg,-0.5317632738664264,0.5939369030173401,16,8
17365,"Mitchell, Keith",977,The Renaissance Club,sg_arg,-0.4178369979135061,0.5766157384771762,16,8
17365,"Mitchell, Keith",773,Aronimink GC,sg_arg,0.16560165266441534,0.5548743356281888,36,8
17365,"Mitchell, Keith",873,Ridgewood CC,sg_arg,-0.863563998556032,0.5205492472184076,22,8
17365,"Mitchell, Keith",611,Southern Hills Country Club,sg_arg,-0.49988817468295627,0.4980626838282213,21,8
17365,"Mitchell, Keith",514,Oak Hill Country Club,sg_arg,-0.6751265221568574,0.4528767618255562,14,8
17365,"Mitchell, Keith",503,TPC River Highlands,sg_arg,0.2995170512654115,0.4014194396486374,51,8
17365,"Mitchell, Keith",894,TPC Craig Ranch,sg_arg,0.44096083175781575,0.3960272487602276,24,8
17365,"Mitchell, Keith",4,Torrey Pines Golf Course (South Course),sg_arg,0.2975115419019492,0.3899247548025363,51,8
17365,"Mitchell, Keith",729,Golf Club of Houston,sg_arg,0.3166010756327308,0.3790111774135132,54,8
17365,"Mitchell, Keith",669,TPC Deere Run,sg_arg,-0.08771944222137244,0.3763200181958359,38,8
17365,"Mitchell, Keith",500,The Riviera Country Club,sg_arg,1.3830694577570142,0.36910745033253783,54,8
17365,"Mitchell, Keith",902,Congaree Golf Club,sg_arg,0.24887071406467584,0.31392215570295146,20,8
17365,"Mitchell, Keith",931,Tahoe Mountain Club (Old Greenwood),sg_arg,-0.21565368863438564,0.3045308878923496,6,8
17365,"Mitchell, Keith",901,Wilmington Country Club,sg_ott,0.3395513507978866,0.8630761206823632,8,8
17365,"Mitchell, Keith",931,Tahoe Mountain Club (Old Greenwood),sg_ott,0.004645988977407291,0.857762709347225,6,8
17365,"Mitchell, Keith",746,The Country Club of Jackson,sg_ott,-0.4947309579902627,0.8252517828177022,32,8
17365,"Mitchell, Keith",514,Oak Hill Country Club,sg_ott,0.731900399162535,0.8127203741169257,14,8
17365,"Mitchell, Keith",921,TPC Craig Ranch,sg_ott,0.263588966727914,0.8124938419538594,15,8
17365,"Mitchell, Keith",656,Plantation Course at Kapalua,sg_ott,-0.40362897484091126,0.8079739846971773,45,8
17365,"Mitchell, Keith",897,Memorial Park Golf Course,sg_ott,0.1633078718586137,0.7975910700248214,29,8
17365,"Mitchell, Keith",666,Pebble Beach Golf Links,sg_ott,0.12963917094969654,0.7832355819650828,27,8
17365,"Mitchell, Keith",773,Aronimink GC,sg_ott,-0.3811521871035428,0.7357449899129523,36,8
17365,"Mitchell, Keith",205,Spyglass Hill Golf Course,sg_ott,-0.9089742218766489,0.7354241572242235,10,8
17365,"Mitchell, Keith",665,Innisbrook Resort and Golf Club - Copperhead Course,sg_ott,-0.5739973141568082,0.7274722902336741,54,8
17365,"Mitchell, Keith",930,Black Desert Resort,sg_ott,-1.3771003686640446,0.7201825483385862,6,8
17365,"Mitchell, Keith",872,Quail Hollow Club,sg_ott,0.36926161765591026,0.7095329685955294,36,8
17365,"Mitchell, Keith",669,TPC Deere Run,sg_ott,-0.06894331070277923,0.6958014020825517,38,8
17365,"Mitchell, Keith",895,TPC Harding Park,sg_ott,0.4153238794752994,0.6913221539478895,25,8
17365,"Mitchell, Keith",237,TPC Potomac at Avenel Farm,sg_ott,-1.1624202306131715,0.6685057551764296,23,8
17365,"Mitchell, Keith",43,The Los Angeles Country Club (North Course),sg_ott,0.7479648358315955,0.6561752385219565,13,8
17365,"Mitchell, Keith",348,Medinah Country Club (No. 3),sg_ott,-1.0104286844937955,0.6402835614018546,18,8
17365,"Mitchell, Keith",704,Pete Dye Stadium Course,sg_ott,0.7162077211719358,0.5925443054801743,33,8
17365,"Mitchell, Keith",729,Golf Club of Houston,sg_ott,0.4117678349900851,0.5762066930736335,54,8
17365,"Mitchell, Keith",671,Valhalla Golf Club,sg_ott,0.8040833540542554,0.5447209390309542,42,8
17365,"Mitchell, Keith",873,Ridgewood CC,sg_ott,-0.15483948765776892,0.5404273606561777,22,8
17365,"Mitchell, Keith",243,Trinity Forest Golf Club,sg_ott,0.23337052938997851,0.5300807114908475,23,8
17365,"Mitchell, Keith",21,Colonial Country Club,sg_ott,-0.3668485845320574,0.5148436857747805,50,8
17365,"Mitchell, Keith",926,Silverado Resort (North Course),sg_ott,0.19676671782888489,0.4695369826470083,14,8
17365,"Mitchell, Keith",883,TPC Twin Cities,sg_ott,-0.6394260734696551,0.45235980784155716,30,8
17365,"Mitchell, Keith",734,PGA National Resort (The Champion),sg_ott,-0.11140258399625255,0.45228278937398675,56,8
17365,"Mitchell, Keith",770,TPC San Antonio - The Oaks Course,sg_ott,0.09550693474972552,0.45218651003185867,50,8
17365,"Mitchell, Keith",241,Quail Hollow-PGA Championship,sg_ott,0.16366046963457717,0.443843453458752,34,8
17365,"Mitchell, Keith",14,Augusta National Golf Club,sg_ott,-0.653938444968113,0.42768357649408206,23,8
17365,"Mitchell, Keith",772,St. George's G&CC,sg_ott,0.474861929069264,0.3888480133012952,22,8
17365,"Mitchell, Keith",32,Glen Abbey GC,sg_ott,0.10564047224752965,0.38804505962737723,40,8
17365,"Mitchell, Keith",5,Pebble Beach Golf Links,sg_ott,-0.06360455460521403,0.37764395709692644,49,8
17365,"Mitchell, Keith",500,The Riviera Country Club,sg_ott,0.3809983450437627,0.3722795836501979,54,8
17365,"Mitchell, Keith",700,TPC Boston,sg_ott,-0.2636495303050199,0.31039427326405605,52,8
17365,"Mitchell, Keith",928,PGA National  - Champion Course,sg_putt,0.45677531899692764,0.8319135400555944,13,8
17365,"Mitchell, Keith",931,Tahoe Mountain Club (Old Greenwood),sg_putt,-0.8605802917415756,0.7981479141159207,6,8
17365,"Mitchell, Keith",243,Trinity Forest Golf Club,sg_putt,0.396634122985356,0.7803268512585968,23,8
17365,"Mitchell, Keith",935,TPC Toronto at Osprey Valley (North Course),sg_putt,-0.28246465030774726,0.7214011843267554,6,8
17365,"Mitchell, Keith",930,Black Desert Resort,sg_putt,-0.9866395278647183,0.709353178421583,6,8
17365,"Mitchell, Keith",978,Vidanta Vallarta,sg_putt,-0.9226760002167524,0.6967043554693465,16,8
17365,"Mitchell, Keith",43,The Los Angeles Country Club (North Course),sg_putt,1.4120658668883375,0.5587238547117286,13,8
17365,"Mitchell, Keith",908,Oakdale Golf & Country Club,sg_putt,-0.46577441724160007,0.5541251730836958,10,8
17365,"Mitchell, Keith",873,Ridgewood CC,sg_putt,-1.9731383257771866,0.5371535915100778,22,8
17365,"Mitchell, Keith",668,St. Andrews Links (Old Course),sg_putt,-1.499553015388772,0.5243576462108127,16,8
17365,"Mitchell, Keith",773,Aronimink GC,sg_putt,0.20414236092574162,0.5110050494003415,36,8
17365,"Mitchell, Keith",872,Quail Hollow Club,sg_putt,0.7477143361578408,0.5080732719746718,36,8
17365,"Mitchell, Keith",770,TPC San Antonio - The Oaks Course,sg_putt,0.4384754985426292,0.49979074287184344,50,8
17365,"Mitchell, Keith",977,The Renaissance Club,sg_putt,-0.023484405146383988,0.49863130395531924,16,8
17365,"Mitchell, Keith",902,Congaree Golf Club,sg_putt,0.5403108148059891,0.47712841747238366,20,8
17365,"Mitchell, Keith",897,Memorial Park Golf Course,sg_putt,0.12587793662669094,0.46100063008810405,29,8
17365,"Mitchell, Keith",665,Innisbrook Resort and Golf Club - Copperhead Course,sg_putt,-0.44937114561377517,0.42909909172145166,54,8
17365,"Mitchell, Keith",883,TPC Twin Cities,sg_putt,0.14416198075977965,0.41039090006103524,30,8
17365,"Mitchell, Keith",669,TPC Deere Run,sg_putt,-0.16740878342038476,0.38981961108634927,38,8
17365,"Mitchell, Keith",538,TPC Summerlin,sg_putt,-0.7424826003909433,0.38935899749088204,47,8
17365,"Mitchell, Keith",514,Oak Hill Country Club,sg_putt,0.3728771583728829,0.3788799219519931,14,8
17365,"Mitchell, Keith",882,Caves Valley Golf Club,sg_putt,-0.19975654581592334,0.36537833409543036,15,8
17365,"Mitchell, Keith",886,Liberty National Golf Club,sg_putt,0.6225681362742298,0.30772935775047244,27,8
17365,"Mitchell, Keith",919,El Cardonal at Diamante,sg_total,-1.7642644376146537,0.8241756895683453,10,8
17365,"Mitchell, Keith",379,The Philadelphia Cricket Club (Wissahickon Course),sg_total,1.533835581415126,0.7585737211164316,9,8
17365,"Mitchell, Keith",43,The Los Angeles Country Club (North Course),sg_total,0.8661238114862303,0.7514161263884058,15,8
17365,"Mitchell, Keith",552,Silverado Resort and Spa (North Course),sg_total,-4.556769748559177,0.7376139349852081,40,8
17365,"Mitchell, Keith",901,Wilmington Country Club,sg_total,0.05584569243356857,0.7257352782065652,8,8
17365,"Mitchell, Keith",978,Vidanta Vallarta,sg_total,0.33073891210142625,0.7044733074594649,17,8
17365,"Mitchell, Keith",773,Aronimink GC,sg_total,0.03421873750243476,0.7020395410088385,37,8
17365,"Mitchell, Keith",890,Tahoe Mountain Club (Old Greenwood),sg_total,-2.0260041827171356,0.7001988553273849,19,8
17365,"Mitchell, Keith",872,Quail Hollow Club,sg_total,0.5682414670170959,0.6851889404998475,37,8
17365,"Mitchell, Keith",746,The Country Club of Jackson,sg_total,-0.7135805409316425,0.6225740180522429,34,8
17365,"Mitchell, Keith",928,PGA National  - Champion Course,sg_total,0.7618680573997009,0.6132577956350657,13,8
17365,"Mitchell, Keith",977,The Renaissance Club,sg_total,-0.4537450863255391,0.6111814446513488,20,8
17365,"Mitchell, Keith",895,TPC Harding Park,sg_total,0.6201014053420038,0.6084200207744371,26,8
17365,"Mitchell, Keith",770,TPC San Antonio - The Oaks Course,sg_total,0.5042302691943361,0.6076650388350318,54,8
17365,"Mitchell, Keith",514,Oak Hill Country Club,sg_total,-0.5326943554700886,0.6041384175417843,15,8
17365,"Mitchell, Keith",897,Memorial Park Golf Course,sg_total,0.5687440259868618,0.5969683733902095,30,8
17365,"Mitchell, Keith",4,Torrey Pines Golf Course (South Course),sg_total,0.6149625997612673,0.5869275084275075,56,8
17365,"Mitchell, Keith",205,Spyglass Hill Golf Course,sg_total,-1.4555816180123413,0.557455820713923,53,8
17365,"Mitchell, Keith",771,The Old White TPC,sg_total,0.8708142002710156,0.5529609738461922,43,8
17365,"Mitchell, Keith",666,Pebble Beach Golf Links,sg_total,-0.5411967047226455,0.5426232759381483,49,8
17365,"Mitchell, Keith",14,Augusta National Golf Club,sg_total,-2.352226743271475,0.5394044836198019,65,8
17365,"Mitchell, Keith",885,Royal Portrush Golf Club,sg_total,0.07835182305880217,0.52887766569415,30,8
17365,"Mitchell, Keith",513,TPC Southwind,sg_total,0.08688235501629799,0.5150057683020087,55,8
17365,"Mitchell, Keith",800,The Abaco Club on Winding Bay,sg_total,1.6334334679731883,0.5085375076292757,35,8
17365,"Mitchell, Keith",700,TPC Boston,sg_total,0.5064098121261015,0.507527023233339,54,8
17365,"Mitchell, Keith",769,Monterey Peninsula CC,sg_total,0.37000251175117305,0.5002066489573296,49,8
17365,"Mitchell, Keith",538,TPC Summerlin,sg_total,-1.9879531573157667,0.43235476111085686,50,8
17365,"Mitchell, Keith",241,Quail Hollow-PGA Championship,sg_total,-0.2453862108794016,0.4265006951284631,37,8
17365,"Mitchell, Keith",902,Congaree Golf Club,sg_total,-0.0949933367725756,0.41161328631299193,21,8
17365,"Mitchell, Keith",875,ACCORDIA GOLF Narashino Country Club,sg_total,0.2057783501925884,0.386724896362914,20,8
17365,"Mitchell, Keith",778,Royal St. George's GC,sg_total,-0.8101158572889446,0.3865346771917013,50,8
17365,"Mitchell, Keith",776,Sea Island Golf Club (Seaside Course),sg_total,-0.4720717487716836,0.3755012307989047,47,8
17365,"Mitchell, Keith",880,Bethpage Black,sg_total,-0.21134469290689462,0.3513476172401144,30,8
17365,"Mitchell, Keith",883,TPC Twin Cities,sg_total,0.076815297343925,0.35074426673837056,32,8
17365,"Mitchell, Keith",876,Detroit Golf Club,sg_total,-3.803037805355479,0.3154707070451331,31,8
22085,"Morikawa, Collin",896,Olympia Fields Country Club (North Course),sg_app,-0.7327652361187713,0.8315178735937293,13,8
22085,"Morikawa, Collin",660,Montreux Golf & Country Club,sg_app,1.1825600553973217,0.7750434317449925,8,8
22085,"Morikawa, Collin",939,Torrey Pines Golf Course (South Course),sg_app,-0.3760356765553491,0.7487285792532103,9,8
22085,"Morikawa, Collin",902,Congaree Golf Club,sg_app,0.35620628712399494,0.7464172844547262,20,8
22085,"Morikawa, Collin",891,Winged Foot GC,sg_app,-0.6512511393938499,0.7126732274142469,23,8
22085,"Morikawa, Collin",240,Club de Golf Chapultepec,sg_app,-0.9621430840145088,0.7081210840226253,29,8
22085,"Morikawa, Collin",697,Ocean Course at Kiawah Island,sg_app,0.9266118761518715,0.7069136776164395,24,8
22085,"Morikawa, Collin",241,Quail Hollow-PGA Championship,sg_app,-1.3735012369682262,0.7056566483257517,34,8
22085,"Morikawa, Collin",876,Detroit Golf Club,sg_app,0.6645591384660721,0.6896168809184317,29,8
22085,"Morikawa, Collin",4,Torrey Pines Golf Course (South Course),sg_app,0.6217902096920833,0.6702800253204808,51,8
22085,"Morikawa, Collin",724,Royal Liverpool,sg_app,-1.4652276135946067,0.6632783746768827,14,8
22085,"Morikawa, Collin",43,The Los Angeles Country Club (North Course),sg_app,0.38013364787431936,0.652561798717866,13,8
22085,"Morikawa, Collin",872,Quail Hollow Club,sg_app,-0.23172524668212838,0.6423650899143748,36,8
22085,"Morikawa, Collin",552,Silverado Resort and Spa (North Course),sg_app,0.6042702332952568,0.6270648570577193,39,8
22085,"Morikawa, Collin",232,Albany GC,sg_app,-1.4076373183895146,0.6223580975544195,7,8
22085,"Morikawa, Collin",898,The Concession Golf Club,sg_app,1.5974401478188134,0.5978760108741452,13,8
22085,"Morikawa, Collin",665,Innisbrook Resort and Golf Club - Copperhead Course,sg_app,-0.5890566380066127,0.5909971343340352,54,8
22085,"Morikawa, Collin",700,TPC Boston,sg_app,-3.05129459469338,0.5801062715329093,52,8
22085,"Morikawa, Collin",2000,Sherwood Country Club,sg_app,-0.7565692911804945,0.5541693573359622,12,8
22085,"Morikawa, Collin",744,Torrey Pines (South),sg_app,0.23225961855577446,0.5291018199363902,20,8
22085,"Morikawa, Collin",14,Augusta National Golf Club,sg_app,0.31678730172797287,0.5249097184931832,23,8
22085,"Morikawa, Collin",770,TPC San Antonio - The Oaks Course,sg_app,-1.4079873595321237,0.524784468692467,50,8
22085,"Morikawa, Collin",611,Southern Hills Country Club,sg_app,-0.6603716538199919,0.5183385212389265,21,8
22085,"Morikawa, Collin",882,Caves Valley Golf Club,sg_app,0.45073535997323344,0.4904074682099971,15,8
22085,"Morikawa, Collin",977,The Renaissance Club,sg_app,-0.6185162355770271,0.47281672246556705,16,8
22085,"Morikawa, Collin",885,Royal Portrush Golf Club,sg_app,-2.70669548500291,0.4489419284589953,15,8
22085,"Morikawa, Collin",893,Muirfield Village Golf Club,sg_app,1.353721036383751,0.42322662719000703,23,8
22085,"Morikawa, Collin",510,TPC Scottsdale (Stadium Course),sg_app,-0.3857942755190198,0.4198044142274062,49,8
22085,"Morikawa, Collin",406,Castle Pines Golf Club,sg_app,-0.47714757721138135,0.37629742151287615,7,8
22085,"Morikawa, Collin",666,Pebble Beach Golf Links,sg_app,0.3385015888465833,0.3362028317814147,27,8
22085,"Morikawa, Collin",887,Kasumigaseki Country Club,sg_app,-1.6066591550285683,0.3279484757050647,6,8
22085,"Morikawa, Collin",528,Pinehurst Resort & Country Club (Course No. 2),sg_app,-0.5710687498838095,0.3150926551363546,13,8
22085,"Morikawa, Collin",205,Spyglass Hill Golf Course,sg_arg,-0.4650462315888839,0.8931748466298375,10,8
22085,"Morikawa, Collin",608,Oakmont Country Club,sg_arg,0.4769949176041468,0.8244183901604997,10,8
22085,"Morikawa, Collin",883,TPC Twin Cities,sg_arg,-0.4079037502674039,0.7867501524651601,30,8
22085,"Morikawa, Collin",744,Torrey Pines (South),sg_arg,0.08125281673327482,0.7582209181562641,20,8
22085,"Morikawa, Collin",14,Augusta National Golf Club,sg_arg,0.14403047579862682,0.6966083272472707,23,8
22085,"Morikawa, Collin",9,Arnold Palmer's Bay Hill Club & Lodge,sg_arg,0.11586309205955884,0.6663502146645437,55,8
22085,"Morikawa, Collin",939,Torrey Pines Golf Course (South Course),sg_arg,-0.20598197803567048,0.6481740336083687,9,8
22085,"Morikawa, Collin",896,Olympia Fields Country Club (North Course),sg_arg,0.3073140278346875,0.6081893022397992,13,8
22085,"Morikawa, Collin",977,The Renaissance Club,sg_arg,-0.6304688455243332,0.5766157384771762,16,8
22085,"Morikawa, Collin",528,Pinehurst Resort & Country Club (Course No. 2),sg_arg,0.04118272245705433,0.5246733621084892,13,8
22085,"Morikawa, Collin",611,Southern Hills Country Club,sg_arg,0.2931498700759937,0.4980626838282213,21,8
22085,"Morikawa, Collin",514,Oak Hill Country Club,sg_arg,0.4194903720675638,0.4528767618255562,14,8
22085,"Morikawa, Collin",697,Ocean Course at Kiawah Island,sg_arg,-0.18528742920923763,0.4160654028125454,24,8
22085,"Morikawa, Collin",503,TPC River Highlands,sg_arg,-0.17156169609677396,0.4014194396486374,51,8
22085,"Morikawa, Collin",885,Royal Portrush Golf Club,sg_arg,-0.298428109104923,0.39205476717281856,15,8
22085,"Morikawa, Collin",4,Torrey Pines Golf Course (South Course),sg_arg,-0.27897269575266187,0.3899247548025363,51,8
22085,"Morikawa, Collin",669,TPC Deere Run,sg_arg,0.293118135899265,0.3763200181958359,38,8
22085,"Morikawa, Collin",500,The Riviera Country Club,sg_arg,0.15505060380412744,0.36910745033253783,54,8
22085,"Morikawa, Collin",902,Congaree Golf Club,sg_arg,0.5885623373901742,0.31392215570295146,20,8
22085,"Morikawa, Collin",552,Silverado Resort and Spa (North Course),sg_arg,0.07472132884035629,0.30969972483809577,39,8
22085,"Morikawa, Collin",901,Wilmington Country Club,sg_ott,-0.24243217248969173,0.8630761206823632,8,8
22085,"Morikawa, Collin",697,Ocean Course at Kiawah Island,sg_ott,0.594186992377302,0.8177837473279898,24,8
22085,"Morikawa, Collin",514,Oak Hill Country Club,sg_ott,-0.5197900314405353,0.8127203741169257,14,8
22085,"Morikawa, Collin",656,Plantation Course at Kapalua,sg_ott,0.395073249424128,0.8079739846971773,45,8
22085,"Morikawa, Collin",666,Pebble Beach Golf Links,sg_ott,-0.22677093549966207,0.7832355819650828,27,8
22085,"Morikawa, Collin",205,Spyglass Hill Golf Course,sg_ott,-0.39048084752284345,0.7354241572242235,10,8
22085,"Morikawa, Collin",665,Innisbrook Resort and Golf Club - Copperhead Course,sg_ott,0.11861817086220644,0.7274722902336741,54,8
22085,"Morikawa, Collin",872,Quail Hollow Club,sg_ott,-0.08851594635638824,0.7095329685955294,36,8
22085,"Morikawa, Collin",232,Albany GC,sg_ott,0.037777355716963334,0.6990513806604631,7,8
22085,"Morikawa, Collin",669,TPC Deere Run,sg_ott,0.092075603779051,0.6958014020825517,38,8
22085,"Morikawa, Collin",895,TPC Harding Park,sg_ott,0.20185317789444807,0.6913221539478895,25,8
22085,"Morikawa, Collin",43,The Los Angeles Country Club (North Course),sg_ott,0.013436088865088625,0.6561752385219565,13,8
22085,"Morikawa, Collin",744,Torrey Pines (South),sg_ott,0.6454054044501705,0.6527298605945488,20,8
22085,"Morikawa, Collin",939,Torrey Pines Golf Course (South Course),sg_ott,-0.4678337184618028,0.6420342944454386,9,8
22085,"Morikawa, Collin",348,Medinah Country Club (No. 3),sg_ott,0.4064678320502603,0.6402835614018546,18,8
22085,"Morikawa, Collin",528,Pinehurst Resort & Country Club (Course No. 2),sg_ott,0.21704810792761636,0.605912040107582,13,8
22085,"Morikawa, Collin",2000,Sherwood Country Club,sg_ott,-0.2202499969651601,0.5798439179510387,12,8
22085,"Morikawa, Collin",671,Valhalla Golf Club,sg_ott,0.38813260179125064,0.5447209390309542,42,8
22085,"Morikawa, Collin",21,Colonial Country Club,sg_ott,-0.21202247009439615,0.5148436857747805,50,8
22085,"Morikawa, Collin",654,The Country Club,sg_ott,-0.29831839362621615,0.4887135329746615,13,8
22085,"Morikawa, Collin",926,Silverado Resort (North Course),sg_ott,0.2513010774681707,0.4695369826470083,14,8
22085,"Morikawa, Collin",883,TPC Twin Cities,sg_ott,0.6051402301669944,0.45235980784155716,30,8
22085,"Morikawa, Collin",770,TPC San Antonio - The Oaks Course,sg_ott,0.02277639238331068,0.45218651003185867,50,8
22085,"Morikawa, Collin",241,Quail Hollow-PGA Championship,sg_ott,-0.8218454806427702,0.443843453458752,34,8
22085,"Morikawa, Collin",14,Augusta National Golf Club,sg_ott,-0.2778255344005266,0.42768357649408206,23,8
22085,"Morikawa, Collin",5,Pebble Beach Golf Links,sg_ott,0.3367387866964286,0.37764395709692644,49,8
22085,"Morikawa, Collin",500,The Riviera Country Club,sg_ott,-0.03487530038721809,0.3722795836501979,54,8
22085,"Morikawa, Collin",709,Royal Troon,sg_ott,0.2613414270588184,0.3555471361658512,14,8
22085,"Morikawa, Collin",700,TPC Boston,sg_ott,0.39348024049187275,0.31039427326405605,52,8
22085,"Morikawa, Collin",709,Royal Troon,sg_putt,0.028811213395194914,0.8553792953613122,14,8
22085,"Morikawa, Collin",2000,Sherwood Country Club,sg_putt,-1.7947251373670783,0.8489529445552979,12,8
22085,"Morikawa, Collin",660,Montreux Golf & Country Club,sg_putt,0.6331747856124589,0.7895447899934764,8,8
22085,"Morikawa, Collin",552,Silverado Resort and Spa (North Course),sg_putt,0.05826783757128986,0.7652038880499961,39,8
22085,"Morikawa, Collin",896,Olympia Fields Country Club (North Course),sg_putt,0.04258652425345006,0.7300243530921173,13,8
22085,"Morikawa, Collin",744,Torrey Pines (South),sg_putt,-0.07273881290127152,0.6493713284526129,20,8
22085,"Morikawa, Collin",697,Ocean Course at Kiawah Island,sg_putt,-0.44988064552693613,0.6047937213752724,24,8
22085,"Morikawa, Collin",43,The Los Angeles Country Club (North Course),sg_putt,0.5981440916868664,0.5587238547117286,13,8
22085,"Morikawa, Collin",608,Oakmont Country Club,sg_putt,-2.30059900937997,0.5378019635320631,10,8
22085,"Morikawa, Collin",898,The Concession Golf Club,sg_putt,1.1822771417937026,0.5261112008538217,13,8
22085,"Morikawa, Collin",668,St. Andrews Links (Old Course),sg_putt,-0.7318741813856023,0.5243576462108127,16,8
22085,"Morikawa, Collin",872,Quail Hollow Club,sg_putt,0.088726033468501,0.5080732719746718,36,8
22085,"Morikawa, Collin",770,TPC San Antonio - The Oaks Course,sg_putt,-1.2765735390296071,0.49979074287184344,50,8
22085,"Morikawa, Collin",977,The Renaissance Club,sg_putt,0.24018276160818816,0.49863130395531924,16,8
22085,"Morikawa, Collin",902,Congaree Golf Club,sg_putt,-1.366330164730262,0.47712841747238366,20,8
22085,"Morikawa, Collin",665,Innisbrook Resort and Golf Club - Copperhead Course,sg_putt,-0.7407313113174215,0.42909909172145166,54,8
22085,"Morikawa, Collin",891,Winged Foot GC,sg_putt,0.4363261881927367,0.4283793448531367,23,8
22085,"Morikawa, Collin",883,TPC Twin Cities,sg_putt,0.03597828582644463,0.41039090006103524,30,8
22085,"Morikawa, Collin",669,TPC Deere Run,sg_putt,-0.5297613069495477,0.38981961108634927,38,8
22085,"Morikawa, Collin",538,TPC Summerlin,sg_putt,-0.5420459410051184,0.38935899749088204,47,8
22085,"Morikawa, Collin",514,Oak Hill Country Club,sg_putt,0.3082765635133306,0.3788799219519931,14,8
22085,"Morikawa, Collin",882,Caves Valley Golf Club,sg_putt,-1.3138927108582854,0.36537833409543036,15,8
22085,"Morikawa, Collin",886,Liberty National Golf Club,sg_putt,-0.38790365376171226,0.30772935775047244,27,8
22085,"Morikawa, Collin",896,Olympia Fields Country Club (North Course),sg_total,-0.38668703151926376,0.8247619918620935,14,8
22085,"Morikawa, Collin",379,The Philadelphia Cricket Club (Wissahickon Course),sg_total,-0.553370997546712,0.7585737211164316,9,8
22085,"Morikawa, Collin",43,The Los Angeles Country Club (North Course),sg_total,0.7836486503285176,0.7514161263884058,15,8
22085,"Morikawa, Collin",406,Castle Pines Golf Club,sg_total,-1.3983035495536411,0.7413756204749691,8,8
22085,"Morikawa, Collin",552,Silverado Resort and Spa (North Course),sg_total,0.45978777831297435,0.7376139349852081,40,8
22085,"Morikawa, Collin",901,Wilmington Country Club,sg_total,-1.2864434368189042,0.7257352782065652,8,8
22085,"Morikawa, Collin",891,Winged Foot GC,sg_total,-0.7083887043932606,0.716785908305173,25,8
22085,"Morikawa, Collin",933,East Lake Golf Club,sg_total,2.4082226442873065,0.6988564682519897,7,8
22085,"Morikawa, Collin",939,Torrey Pines Golf Course (South Course),sg_total,-0.5496826834993985,0.6930839691436437,10,8
22085,"Morikawa, Collin",872,Quail Hollow Club,sg_total,-0.7468777696574846,0.6851889404998475,37,8
22085,"Morikawa, Collin",977,The Renaissance Club,sg_total,-1.5297252632472338,0.6111814446513488,20,8
22085,"Morikawa, Collin",895,TPC Harding Park,sg_total,2.700108275524676,0.6084200207744371,26,8
22085,"Morikawa, Collin",770,TPC San Antonio - The Oaks Course,sg_total,-2.699749810249541,0.6076650388350318,54,8
22085,"Morikawa, Collin",514,Oak Hill Country Club,sg_total,0.22865588349772953,0.6041384175417843,15,8
22085,"Morikawa, Collin",240,Club de Golf Chapultepec,sg_total,-0.9311582358925038,0.6020028570371451,32,8
22085,"Morikawa, Collin",4,Torrey Pines Golf Course (South Course),sg_total,-0.15997686457780919,0.5869275084275075,56,8
22085,"Morikawa, Collin",205,Spyglass Hill Golf Course,sg_total,-0.282015991295252,0.557455820713923,53,8
22085,"Morikawa, Collin",666,Pebble Beach Golf Links,sg_total,1.123748401946136,0.5426232759381483,49,8
22085,"Morikawa, Collin",14,Augusta National Golf Club,sg_total,0.9928104640152344,0.5394044836198019,65,8
22085,"Morikawa, Collin",885,Royal Portrush Golf Club,sg_total,-3.8206097552024074,0.52887766569415,30,8
22085,"Morikawa, Collin",744,Torrey Pines (South),sg_total,1.064527589179459,0.5214711179618798,46,8
22085,"Morikawa, Collin",513,TPC Southwind,sg_total,-0.1642320689653637,0.5150057683020087,55,8
22085,"Morikawa, Collin",700,TPC Boston,sg_total,-3.049396163902194,0.507527023233339,54,8
22085,"Morikawa, Collin",232,Albany GC,sg_total,0.5289947852435152,0.4445505341369429,18,8
22085,"Morikawa, Collin",538,TPC Summerlin,sg_total,-0.8366550675899515,0.43235476111085686,50,8
22085,"Morikawa, Collin",241,Quail Hollow-PGA Championship,sg_total,-1.156698866153493,0.4265006951284631,37,8
22085,"Morikawa, Collin",902,Congaree Golf Club,sg_total,0.09313056049675983,0.41161328631299193,21,8
22085,"Morikawa, Collin",875,ACCORDIA GOLF Narashino Country Club,sg_total,-0.43093393836487737,0.386724896362914,20,8
22085,"Morikawa, Collin",778,Royal St. George's GC,sg_total,2.6951669145718844,0.3865346771917013,50,8
22085,"Morikawa, Collin",608,Oakmont Country Club,sg_total,0.10255861064011268,0.3547256152850429,53,8
22085,"Morikawa, Collin",883,TPC Twin Cities,sg_total,2.804068133289346,0.35074426673837056,32,8
22085,"Morikawa, Collin",876,Detroit Golf Club,sg_total,0.8352554819304807,0.3154707070451331,31,8
10419,"Noren, Alex",896,Olympia Fields Country Club (North Course),sg_app,0.540575841563445,0.8315178735937293,13,8
10419,"Noren, Alex",928,PGA National  - Champion Course,sg_app,1.3066064204148422,0.7671751837159452,13,8
10419,"Noren, Alex",902,Congaree Golf Club,sg_app,0.2780672924990286,0.7464172844547262,20,8
10419,"Noren, Alex",891,Winged Foot GC,sg_app,1.0259487007844903,0.7126732274142469,23,8
10419,"Noren, Alex",935,TPC Toronto at Osprey Valley (North Course),sg_app,-1.1169775225678833,0.7116924721794581,6,8
10419,"Noren, Alex",240,Club de Golf Chapultepec,sg_app,-0.34599755676890165,0.7081210840226253,29,8
10419,"Noren, Alex",697,Ocean Course at Kiawah Island,sg_app,-0.1801799252191058,0.7069136776164395,24,8
10419,"Noren, Alex",241,Quail Hollow-PGA Championship,sg_app,0.7945174600415226,0.7056566483257517,34,8
10419,"Noren, Alex",876,Detroit Golf Club,sg_app,-0.33861230501403106,0.6896168809184317,29,8
10419,"Noren, Alex",4,Torrey Pines Golf Course (South Course),sg_app,0.089720041692126,0.6702800253204808,51,8
10419,"Noren, Alex",724,Royal Liverpool,sg_app,-0.41925895508614014,0.6632783746768827,14,8
10419,"Noren, Alex",880,Bethpage Black,sg_app,-0.6450022599871819,0.6551865014282398,28,8
10419,"Noren, Alex",43,The Los Angeles Country Club (North Course),sg_app,0.7933390478463349,0.652561798717866,13,8
10419,"Noren, Alex",872,Quail Hollow Club,sg_app,-0.22321074790069326,0.6423650899143748,36,8
10419,"Noren, Alex",552,Silverado Resort and Spa (North Course),sg_app,-0.7318543750897843,0.6270648570577193,39,8
10419,"Noren, Alex",232,Albany GC,sg_app,0.41435417873836805,0.6223580975544195,7,8
10419,"Noren, Alex",665,Innisbrook Resort and Golf Club - Copperhead Course,sg_app,-0.36296745657723056,0.5909971343340352,54,8
10419,"Noren, Alex",700,TPC Boston,sg_app,0.28784448123945733,0.5801062715329093,52,8
10419,"Noren, Alex",2000,Sherwood Country Club,sg_app,-0.4247201225746661,0.5541693573359622,12,8
10419,"Noren, Alex",14,Augusta National Golf Club,sg_app,0.6214768092603329,0.5249097184931832,23,8
10419,"Noren, Alex",770,TPC San Antonio - The Oaks Course,sg_app,-0.4307893980320224,0.524784468692467,50,8
10419,"Noren, Alex",611,Southern Hills Country Club,sg_app,-0.44162434114459687,0.5183385212389265,21,8
10419,"Noren, Alex",36,Le Triomphe G&CC,sg_app,-0.7084201700923254,0.511720899137967,58,8
10419,"Noren, Alex",882,Caves Valley Golf Club,sg_app,0.06533603079226788,0.4904074682099971,15,8
10419,"Noren, Alex",977,The Renaissance Club,sg_app,-0.2868300336397071,0.47281672246556705,16,8
10419,"Noren, Alex",510,TPC Scottsdale (Stadium Course),sg_app,-0.22775926648316244,0.4198044142274062,49,8
10419,"Noren, Alex",897,Memorial Park Golf Course,sg_app,0.7239800521690389,0.40296007074916906,29,8
10419,"Noren, Alex",874,Hamilton Golf & Country Club,sg_app,-0.7210948998937916,0.39319658002294006,21,8
10419,"Noren, Alex",235,Eagle Point Golf Club,sg_app,-0.1575591788617166,0.3860951981370469,21,8
10419,"Noren, Alex",406,Castle Pines Golf Club,sg_app,-0.28160703860361697,0.37629742151287615,7,8
10419,"Noren, Alex",666,Pebble Beach Golf Links,sg_app,1.1029632382772288,0.3362028317814147,27,8
10419,"Noren, Alex",887,Kasumigaseki Country Club,sg_app,0.15443491450571922,0.3279484757050647,6,8
10419,"Noren, Alex",528,Pinehurst Resort & Country Club (Course No. 2),sg_app,0.16071579895670185,0.3150926551363546,13,8
10419,"Noren, Alex",205,Spyglass Hill Golf Course,sg_arg,0.5270068447397203,0.8931748466298375,10,8
10419,"Noren, Alex",883,TPC Twin Cities,sg_arg,-0.025221543881383722,0.7867501524651601,30,8
10419,"Noren, Alex",14,Augusta National Golf Club,sg_arg,-0.6211810738829753,0.6966083272472707,23,8
10419,"Noren, Alex",9,Arnold Palmer's Bay Hill Club & Lodge,sg_arg,0.1096805961638681,0.6663502146645437,55,8
10419,"Noren, Alex",930,Black Desert Resort,sg_arg,-0.4946989436198836,0.6659138517567389,6,8
10419,"Noren, Alex",896,Olympia Fields Country Club (North Course),sg_arg,0.006988692811936703,0.6081893022397992,13,8
10419,"Noren, Alex",978,Vidanta Vallarta,sg_arg,0.5003389337982882,0.5939369030173401,16,8
10419,"Noren, Alex",977,The Renaissance Club,sg_arg,-0.008715714533850213,0.5766157384771762,16,8
10419,"Noren, Alex",773,Aronimink GC,sg_arg,-0.05892420505138264,0.5548743356281888,36,8
10419,"Noren, Alex",528,Pinehurst Resort & Country Club (Course No. 2),sg_arg,0.03003842852811539,0.5246733621084892,13,8
10419,"Noren, Alex",873,Ridgewood CC,sg_arg,-0.6703087274249635,0.5205492472184076,22,8
10419,"Noren, Alex",611,Southern Hills Country Club,sg_arg,-0.6529250184695992,0.4980626838282213,21,8
10419,"Noren, Alex",514,Oak Hill Country Club,sg_arg,0.7918853881925167,0.4528767618255562,14,8
10419,"Noren, Alex",697,Ocean Course at Kiawah Island,sg_arg,0.6085719487669812,0.4160654028125454,24,8
10419,"Noren, Alex",503,TPC River Highlands,sg_arg,0.03846319074174043,0.4014194396486374,51,8
10419,"Noren, Alex",235,Eagle Point Golf Club,sg_arg,0.36724882993136565,0.3990891778199044,21,8
10419,"Noren, Alex",894,TPC Craig Ranch,sg_arg,-0.15687543734676054,0.3960272487602276,24,8
10419,"Noren, Alex",4,Torrey Pines Golf Course (South Course),sg_arg,-0.010789610335422327,0.3899247548025363,51,8
10419,"Noren, Alex",669,TPC Deere Run,sg_arg,-1.5946567045890772,0.3763200181958359,38,8
10419,"Noren, Alex",500,The Riviera Country Club,sg_arg,0.28450155640472746,0.36910745033253783,54,8
10419,"Noren, Alex",902,Congaree Golf Club,sg_arg,-0.13092765165387082,0.31392215570295146,20,8
10419,"Noren, Alex",552,Silverado Resort and Spa (North Course),sg_arg,0.8522054593254837,0.30969972483809577,39,8
10419,"Noren, Alex",901,Wilmington Country Club,sg_ott,-0.028796792445129338,0.8630761206823632,8,8
10419,"Noren, Alex",746,The Country Club of Jackson,sg_ott,-0.165039176814507,0.8252517828177022,32,8
10419,"Noren, Alex",697,Ocean Course at Kiawah Island,sg_ott,0.7560793535651472,0.8177837473279898,24,8
10419,"Noren, Alex",514,Oak Hill Country Club,sg_ott,-0.1285063730144138,0.8127203741169257,14,8
10419,"Noren, Alex",921,TPC Craig Ranch,sg_ott,0.7553492182213821,0.8124938419538594,15,8
10419,"Noren, Alex",897,Memorial Park Golf Course,sg_ott,0.32966259177668517,0.7975910700248214,29,8
10419,"Noren, Alex",666,Pebble Beach Golf Links,sg_ott,0.4182227444378765,0.7832355819650828,27,8
10419,"Noren, Alex",773,Aronimink GC,sg_ott,0.061439320321304045,0.7357449899129523,36,8
10419,"Noren, Alex",205,Spyglass Hill Golf Course,sg_ott,0.11338589507390219,0.7354241572242235,10,8
10419,"Noren, Alex",665,Innisbrook Resort and Golf Club - Copperhead Course,sg_ott,-0.014289568210775885,0.7274722902336741,54,8
10419,"Noren, Alex",36,Le Triomphe G&CC,sg_ott,-0.7113782077740857,0.721117445741737,58,8
10419,"Noren, Alex",930,Black Desert Resort,sg_ott,-0.2233656376212625,0.7201825483385862,6,8
10419,"Noren, Alex",872,Quail Hollow Club,sg_ott,0.1364113846694956,0.7095329685955294,36,8
10419,"Noren, Alex",232,Albany GC,sg_ott,0.19754834530353443,0.6990513806604631,7,8
10419,"Noren, Alex",669,TPC Deere Run,sg_ott,0.5603563931554029,0.6958014020825517,38,8
10419,"Noren, Alex",895,TPC Harding Park,sg_ott,0.12507573814134687,0.6913221539478895,25,8
10419,"Noren, Alex",43,The Los Angeles Country Club (North Course),sg_ott,0.7387948162335454,0.6561752385219565,13,8
10419,"Noren, Alex",528,Pinehurst Resort & Country Club (Course No. 2),sg_ott,-0.6615118784277578,0.605912040107582,13,8
10419,"Noren, Alex",704,Pete Dye Stadium Course,sg_ott,-0.20617011296232873,0.5925443054801743,33,8
10419,"Noren, Alex",2000,Sherwood Country Club,sg_ott,0.015797636508630183,0.5798439179510387,12,8
10419,"Noren, Alex",671,Valhalla Golf Club,sg_ott,-0.0782311012528835,0.5447209390309542,42,8
10419,"Noren, Alex",873,Ridgewood CC,sg_ott,0.11380025798824682,0.5404273606561777,22,8
10419,"Noren, Alex",243,Trinity Forest Golf Club,sg_ott,0.7354886252599259,0.5300807114908475,23,8
10419,"Noren, Alex",534,Bellerive CC,sg_ott,-0.09593880338124257,0.5266986928376094,42,8
10419,"Noren, Alex",21,Colonial Country Club,sg_ott,-0.2207936396762516,0.5148436857747805,50,8
10419,"Noren, Alex",654,The Country Club,sg_ott,-0.8361028998853277,0.4887135329746615,13,8
10419,"Noren, Alex",926,Silverado Resort (North Course),sg_ott,0.42557910498699075,0.4695369826470083,14,8
10419,"Noren, Alex",883,TPC Twin Cities,sg_ott,0.1495734380491311,0.45235980784155716,30,8
10419,"Noren, Alex",734,PGA National Resort (The Champion),sg_ott,0.30120310723700083,0.45228278937398675,56,8
10419,"Noren, Alex",770,TPC San Antonio - The Oaks Course,sg_ott,0.023928592417874248,0.45218651003185867,50,8
10419,"Noren, Alex",241,Quail Hollow-PGA Championship,sg_ott,-0.004647972757857416,0.443843453458752,34,8
10419,"Noren, Alex",14,Augusta National Golf Club,sg_ott,-0.3349159385082484,0.42768357649408206,23,8
10419,"Noren, Alex",5,Pebble Beach Golf Links,sg_ott,0.25206391963797686,0.37764395709692644,49,8
10419,"Noren, Alex",500,The Riviera Country Club,sg_ott,-0.23281542958049367,0.3722795836501979,54,8
10419,"Noren, Alex",709,Royal Troon,sg_ott,0.7390955958699663,0.3555471361658512,14,8
10419,"Noren, Alex",700,TPC Boston,sg_ott,-0.4237808720868477,0.31039427326405605,52,8
10419,"Noren, Alex",709,Royal Troon,sg_putt,0.5059754468372099,0.8553792953613122,14,8
10419,"Noren, Alex",2000,Sherwood Country Club,sg_putt,0.03585216796692628,0.8489529445552979,12,8
10419,"Noren, Alex",928,PGA National  - Champion Course,sg_putt,-0.06544053894403556,0.8319135400555944,13,8
10419,"Noren, Alex",243,Trinity Forest Golf Club,sg_putt,0.6199979162806032,0.7803268512585968,23,8
10419,"Noren, Alex",552,Silverado Resort and Spa (North Course),sg_putt,0.43925222404726305,0.7652038880499961,39,8
10419,"Noren, Alex",896,Olympia Fields Country Club (North Course),sg_putt,-0.07262201593658366,0.7300243530921173,13,8
10419,"Noren, Alex",935,TPC Toronto at Osprey Valley (North Course),sg_putt,0.5431621857603963,0.7214011843267554,6,8
10419,"Noren, Alex",930,Black Desert Resort,sg_putt,-0.8003827512136206,0.709353178421583,6,8
10419,"Noren, Alex",978,Vidanta Vallarta,sg_putt,-0.7691356057399314,0.6967043554693465,16,8
10419,"Noren, Alex",697,Ocean Course at Kiawah Island,sg_putt,-0.9019772155738197,0.6047937213752724,24,8
10419,"Noren, Alex",43,The Los Angeles Country Club (North Course),sg_putt,-1.880150963771568,0.5587238547117286,13,8
10419,"Noren, Alex",873,Ridgewood CC,sg_putt,0.42130556126329766,0.5371535915100778,22,8
10419,"Noren, Alex",773,Aronimink GC,sg_putt,0.005308198268326153,0.5110050494003415,36,8
10419,"Noren, Alex",872,Quail Hollow Club,sg_putt,-0.7365637465465467,0.5080732719746718,36,8
10419,"Noren, Alex",770,TPC San Antonio - The Oaks Course,sg_putt,0.06978291913325058,0.49979074287184344,50,8
10419,"Noren, Alex",977,The Renaissance Club,sg_putt,0.09053538929606442,0.49863130395531924,16,8
10419,"Noren, Alex",902,Congaree Golf Club,sg_putt,-0.698452534516376,0.47712841747238366,20,8
10419,"Noren, Alex",897,Memorial Park Golf Course,sg_putt,0.34538827431875807,0.46100063008810405,29,8
10419,"Noren, Alex",665,Innisbrook Resort and Golf Club - Copperhead Course,sg_putt,0.8434162047570983,0.42909909172145166,54,8
10419,"Noren, Alex",891,Winged Foot GC,sg_putt,1.3068319957743384,0.4283793448531367,23,8
10419,"Noren, Alex",883,TPC Twin Cities,sg_putt,1.5790189117715623,0.41039090006103524,30,8
10419,"Noren, Alex",669,TPC Deere Run,sg_putt,-0.10603330248336676,0.38981961108634927,38,8
10419,"Noren, Alex",538,TPC Summerlin,sg_putt,-0.4692128682107758,0.38935899749088204,47,8
10419,"Noren, Alex",514,Oak Hill Country Club,sg_putt,-1.3624849584596104,0.3788799219519931,14,8
10419,"Noren, Alex",882,Caves Valley Golf Club,sg_putt,0.7108650063498875,0.36537833409543036,15,8
10419,"Noren, Alex",886,Liberty National Golf Club,sg_putt,1.8357133043623322,0.30772935775047244,27,8
10419,"Noren, Alex",896,Olympia Fields Country Club (North Course),sg_total,-0.1358547063842231,0.8247619918620935,14,8
10419,"Noren, Alex",379,The Philadelphia Cricket Club (Wissahickon Course),sg_total,-1.0690193153796084,0.7585737211164316,9,8
10419,"Noren, Alex",43,The Los Angeles Country Club (North Course),sg_total,-0.2945730124701473,0.7514161263884058,15,8
10419,"Noren, Alex",406,Castle Pines Golf Club,sg_total,1.0710028877573072,0.7413756204749691,8,8
10419,"Noren, Alex",552,Silverado Resort and Spa (North Course),sg_total,0.025679666798541334,0.7376139349852081,40,8
10419,"Noren, Alex",901,Wilmington Country Club,sg_total,-1.107683403518816,0.7257352782065652,8,8
10419,"Noren, Alex",891,Winged Foot GC,sg_total,1.6850307633438104,0.716785908305173,25,8
10419,"Noren, Alex",978,Vidanta Vallarta,sg_total,-3.0755126316557235,0.7044733074594649,17,8
10419,"Noren, Alex",773,Aronimink GC,sg_total,0.42086671235442213,0.7020395410088385,37,8
10419,"Noren, Alex",890,Tahoe Mountain Club (Old Greenwood),sg_total,2.0689844192596896,0.7001988553273849,19,8
10419,"Noren, Alex",872,Quail Hollow Club,sg_total,-0.2954292995359193,0.6851889404998475,37,8
10419,"Noren, Alex",746,The Country Club of Jackson,sg_total,-0.793121197697769,0.6225740180522429,34,8
10419,"Noren, Alex",928,PGA National  - Champion Course,sg_total,1.0304549295410694,0.6132577956350657,13,8
10419,"Noren, Alex",977,The Renaissance Club,sg_total,-0.36780361552993956,0.6111814446513488,20,8
10419,"Noren, Alex",895,TPC Harding Park,sg_total,1.2477213087619068,0.6084200207744371,26,8
10419,"Noren, Alex",770,TPC San Antonio - The Oaks Course,sg_total,-0.042876594808718915,0.6076650388350318,54,8
10419,"Noren, Alex",514,Oak Hill Country Club,sg_total,-0.6393593668396742,0.6041384175417843,15,8
10419,"Noren, Alex",240,Club de Golf Chapultepec,sg_total,-1.1052928621481724,0.6020028570371451,32,8
10419,"Noren, Alex",897,Memorial Park Golf Course,sg_total,0.9933497338286819,0.5969683733902095,30,8
10419,"Noren, Alex",4,Torrey Pines Golf Course (South Course),sg_total,-1.5922476653720514,0.5869275084275075,56,8
10419,"Noren, Alex",205,Spyglass Hill Golf Course,sg_total,1.1160163407976773,0.557455820713923,53,8
10419,"Noren, Alex",666,Pebble Beach Golf Links,sg_total,-1.3742867409949904,0.5426232759381483,49,8
10419,"Noren, Alex",14,Augusta National Golf Club,sg_total,-0.7997644502483223,0.5394044836198019,65,8
10419,"Noren, Alex",885,Royal Portrush Golf Club,sg_total,1.488964759539124,0.52887766569415,30,8
10419,"Noren, Alex",513,TPC Southwind,sg_total,-0.3590565191292751,0.5150057683020087,55,8
10419,"Noren, Alex",700,TPC Boston,sg_total,1.014911982833658,0.507527023233339,54,8
10419,"Noren, Alex",769,Monterey Peninsula CC,sg_total,0.21428673297456396,0.5002066489573296,49,8
10419,"Noren, Alex",232,Albany GC,sg_total,1.8545934757804354,0.4445505341369429,18,8
10419,"Noren, Alex",538,TPC Summerlin,sg_total,0.8521454312918224,0.43235476111085686,50,8
10419,"Noren, Alex",241,Quail Hollow-PGA Championship,sg_total,1.443124527672125,0.4265006951284631,37,8
10419,"Noren, Alex",902,Congaree Golf Club,sg_total,-0.10273029000862438,0.41161328631299193,21,8
10419,"Noren, Alex",875,ACCORDIA GOLF Narashino Country Club,sg_total,-0.4159045918203543,0.386724896362914,20,8
10419,"Noren, Alex",778,Royal St. George's GC,sg_total,-2.331678342861493,0.3865346771917013,50,8
10419,"Noren, Alex",776,Sea Island Golf Club (Seaside Course),sg_total,-0.6056059459051766,0.3755012307989047,47,8
10419,"Noren, Alex",880,Bethpage Black,sg_total,-0.051521121108950685,0.3513476172401144,30,8
10419,"Noren, Alex",883,TPC Twin Cities,sg_total,1.2876792080104782,0.35074426673837056,32,8
10419,"Noren, Alex",876,Detroit Golf Club,sg_total,-0.9877168573076998,0.3154707070451331,31,8
10419,"Noren, Alexander",8,Trump National Doral,sg_app,0.3381360319183116,0.9465251472181397,60,8
10419,"Noren, Alexander",8,Trump National Doral,sg_arg,-0.9276176437954677,0.9530423707413531,60,8
10419,"Noren, Alexander",8,Trump National Doral,sg_ott,0.31634469085010714,0.9516191919070657,60,8
10419,"Noren, Alexander",734,PGA National Resort (The Champion),sg_ott,-0.3835016155779925,0.45228278937398675,56,8
10419,"Noren, Alexander",8,Trump National Doral,sg_putt,0.7052458966438317,0.9467615659341958,60,8
10419,"Noren, Alexander",8,Trump National Doral,sg_total,0.2776740632226405,0.9534045421133684,71,8
10419,"Noren, Alexander",818,Chambers Bay GC,sg_total,0.7590995749578195,0.5439215943066038,38,8
10419,"Noren, Alexander",780,Atlanta Athletic Club,sg_total,1.9678818799720545,0.5002089628986955,46,8
10419,"Noren, Alexander",100,Omni Tucson National,sg_total,-0.5069004250421805,0.4299162671909255,45,8
10419,"Noren, Alexander",778,Royal St. George's GC,sg_total,0.33756081368068097,0.3865346771917013,50,8
10419,"Noren, Alexander",608,Oakmont Country Club,sg_total,-1.3146465886592509,0.3547256152850429,53,8
23475,"Novak, Andrew",928,PGA National  - Champion Course,sg_app,-0.917264500554931,0.7671751837159452,13,8
23475,"Novak, Andrew",939,Torrey Pines Golf Course (South Course),sg_app,0.13064912739604434,0.7487285792532103,9,8
23475,"Novak, Andrew",241,Quail Hollow-PGA Championship,sg_app,-1.6209778021840122,0.7056566483257517,34,8
23475,"Novak, Andrew",876,Detroit Golf Club,sg_app,0.02763627622754128,0.6896168809184317,29,8
23475,"Novak, Andrew",4,Torrey Pines Golf Course (South Course),sg_app,0.8280519560541463,0.6702800253204808,51,8
23475,"Novak, Andrew",237,TPC Potomac at Avenel Farm,sg_app,-2.687283901900668,0.6615951373353582,23,8
23475,"Novak, Andrew",232,Albany GC,sg_app,0.02318525301824384,0.6223580975544195,7,8
23475,"Novak, Andrew",665,Innisbrook Resort and Golf Club - Copperhead Course,sg_app,0.24681675931602415,0.5909971343340352,54,8
23475,"Novak, Andrew",14,Augusta National Golf Club,sg_app,-0.2650427722417699,0.5249097184931832,23,8
23475,"Novak, Andrew",770,TPC San Antonio - The Oaks Course,sg_app,0.39766810765803307,0.524784468692467,50,8
23475,"Novak, Andrew",882,Caves Valley Golf Club,sg_app,-2.6039054022250188,0.4904074682099971,15,8
23475,"Novak, Andrew",977,The Renaissance Club,sg_app,-0.453273474829227,0.47281672246556705,16,8
23475,"Novak, Andrew",885,Royal Portrush Golf Club,sg_app,-0.49390728198033607,0.4489419284589953,15,8
23475,"Novak, Andrew",510,TPC Scottsdale (Stadium Course),sg_app,-0.2942101910476224,0.4198044142274062,49,8
23475,"Novak, Andrew",897,Memorial Park Golf Course,sg_app,-0.48963027896209554,0.40296007074916906,29,8
23475,"Novak, Andrew",874,Hamilton Golf & Country Club,sg_app,0.29067892952972896,0.39319658002294006,21,8
23475,"Novak, Andrew",884,Keene Trace Golf Club (Champion Trace),sg_app,-0.4114017285825027,0.3565055681638959,18,8
23475,"Novak, Andrew",205,Spyglass Hill Golf Course,sg_arg,0.37992281738833394,0.8931748466298375,10,8
23475,"Novak, Andrew",608,Oakmont Country Club,sg_arg,-0.33208496738174914,0.8244183901604997,10,8
23475,"Novak, Andrew",883,TPC Twin Cities,sg_arg,-0.5854327338060973,0.7867501524651601,30,8
23475,"Novak, Andrew",14,Augusta National Golf Club,sg_arg,-1.1047728394076457,0.6966083272472707,23,8
23475,"Novak, Andrew",9,Arnold Palmer's Bay Hill Club & Lodge,sg_arg,-0.08784211047637079,0.6663502146645437,55,8
23475,"Novak, Andrew",930,Black Desert Resort,sg_arg,-0.7560908704700237,0.6659138517567389,6,8
23475,"Novak, Andrew",772,St. George's G&CC,sg_arg,0.1880104571317906,0.654429616156167,22,8
23475,"Novak, Andrew",939,Torrey Pines Golf Course (South Course),sg_arg,0.0458261138533109,0.6481740336083687,9,8
23475,"Novak, Andrew",978,Vidanta Vallarta,sg_arg,0.6344097980087507,0.5939369030173401,16,8
23475,"Novak, Andrew",977,The Renaissance Club,sg_arg,-0.5660469106584325,0.5766157384771762,16,8
23475,"Novak, Andrew",503,TPC River Highlands,sg_arg,0.21434480617995144,0.4014194396486374,51,8
23475,"Novak, Andrew",894,TPC Craig Ranch,sg_arg,0.30320705796910613,0.3960272487602276,24,8
23475,"Novak, Andrew",885,Royal Portrush Golf Club,sg_arg,0.1346189249499852,0.39205476717281856,15,8
23475,"Novak, Andrew",4,Torrey Pines Golf Course (South Course),sg_arg,0.16484042007528038,0.3899247548025363,51,8
23475,"Novak, Andrew",669,TPC Deere Run,sg_arg,-0.34704850021933964,0.3763200181958359,38,8
23475,"Novak, Andrew",500,The Riviera Country Club,sg_arg,-0.24105254019378947,0.36910745033253783,54,8
23475,"Novak, Andrew",746,The Country Club of Jackson,sg_ott,-0.3303886796519653,0.8252517828177022,32,8
23475,"Novak, Andrew",921,TPC Craig Ranch,sg_ott,0.1421690438361196,0.8124938419538594,15,8
23475,"Novak, Andrew",897,Memorial Park Golf Course,sg_ott,0.4869030475417567,0.7975910700248214,29,8
23475,"Novak, Andrew",205,Spyglass Hill Golf Course,sg_ott,0.06952236341544718,0.7354241572242235,10,8
23475,"Novak, Andrew",665,Innisbrook Resort and Golf Club - Copperhead Course,sg_ott,0.43251907626014424,0.7274722902336741,54,8
23475,"Novak, Andrew",930,Black Desert Resort,sg_ott,0.8117576028471087,0.7201825483385862,6,8
23475,"Novak, Andrew",232,Albany GC,sg_ott,-0.12277083991707062,0.6990513806604631,7,8
23475,"Novak, Andrew",669,TPC Deere Run,sg_ott,0.3243889515202003,0.6958014020825517,38,8
23475,"Novak, Andrew",237,TPC Potomac at Avenel Farm,sg_ott,0.12383811487468138,0.6685057551764296,23,8
23475,"Novak, Andrew",939,Torrey Pines Golf Course (South Course),sg_ott,0.1518558078710049,0.6420342944454386,9,8
23475,"Novak, Andrew",704,Pete Dye Stadium Course,sg_ott,-0.19781529904689293,0.5925443054801743,33,8
23475,"Novak, Andrew",21,Colonial Country Club,sg_ott,0.40917778536863353,0.5148436857747805,50,8
23475,"Novak, Andrew",654,The Country Club,sg_ott,0.46651838863938383,0.4887135329746615,13,8
23475,"Novak, Andrew",926,Silverado Resort (North Course),sg_ott,-0.17089935350870672,0.4695369826470083,14,8
23475,"Novak, Andrew",883,TPC Twin Cities,sg_ott,0.1797649181973432,0.45235980784155716,30,8
23475,"Novak, Andrew",734,PGA National Resort (The Champion),sg_ott,-0.2157447512257099,0.45228278937398675,56,8
23475,"Novak, Andrew",770,TPC San Antonio - The Oaks Course,sg_ott,-0.035309792976046334,0.45218651003185867,50,8
23475,"Novak, Andrew",241,Quail Hollow-PGA Championship,sg_ott,-0.729468853208485,0.443843453458752,34,8
23475,"Novak, Andrew",884,Keene Trace Golf Club (Champion Trace),sg_ott,0.26168459434693087,0.4361033501171625,18,8
23475,"Novak, Andrew",14,Augusta National Golf Club,sg_ott,0.26326430303741094,0.42768357649408206,23,8
23475,"Novak, Andrew",772,St. George's G&CC,sg_ott,-0.6774360330233788,0.3888480133012952,22,8
23475,"Novak, Andrew",5,Pebble Beach Golf Links,sg_ott,0.4062832459569468,0.37764395709692644,49,8
23475,"Novak, Andrew",500,The Riviera Country Club,sg_ott,-0.6958516273042779,0.3722795836501979,54,8
23475,"Novak, Andrew",928,PGA National  - Champion Course,sg_putt,-0.14579237719792074,0.8319135400555944,13,8
23475,"Novak, Andrew",930,Black Desert Resort,sg_putt,-0.8758606026083522,0.709353178421583,6,8
23475,"Novak, Andrew",978,Vidanta Vallarta,sg_putt,-0.48827357739871047,0.6967043554693465,16,8
23475,"Novak, Andrew",884,Keene Trace Golf Club (Champion Trace),sg_putt,-0.18402120315898,0.560092074734469,18,8
23475,"Novak, Andrew",908,Oakdale Golf & Country Club,sg_putt,0.8531503532408938,0.5541251730836958,10,8
23475,"Novak, Andrew",608,Oakmont Country Club,sg_putt,1.3059310964392075,0.5378019635320631,10,8
23475,"Novak, Andrew",770,TPC San Antonio - The Oaks Course,sg_putt,0.44012267746991374,0.49979074287184344,50,8
23475,"Novak, Andrew",977,The Renaissance Club,sg_putt,0.8880451424585375,0.49863130395531924,16,8
23475,"Novak, Andrew",897,Memorial Park Golf Course,sg_putt,-0.18457264039121707,0.46100063008810405,29,8
23475,"Novak, Andrew",665,Innisbrook Resort and Golf Club - Copperhead Course,sg_putt,-0.5708257252168331,0.42909909172145166,54,8
23475,"Novak, Andrew",883,TPC Twin Cities,sg_putt,0.15414861293066154,0.41039090006103524,30,8
23475,"Novak, Andrew",669,TPC Deere Run,sg_putt,1.0214426618386134,0.38981961108634927,38,8
23475,"Novak, Andrew",538,TPC Summerlin,sg_putt,-0.5841246436636912,0.38935899749088204,47,8
23475,"Novak, Andrew",882,Caves Valley Golf Club,sg_putt,-0.6608439981569432,0.36537833409543036,15,8
23475,"Novak, Andrew",925,Dunes Golf and Beach Club,sg_total,-0.6499683273004008,0.8210465318733497,7,8
23475,"Novak, Andrew",379,The Philadelphia Cricket Club (Wissahickon Course),sg_total,0.7516874111780805,0.7585737211164316,9,8
23475,"Novak, Andrew",552,Silverado Resort and Spa (North Course),sg_total,-1.0296181716907316,0.7376139349852081,40,8
23475,"Novak, Andrew",978,Vidanta Vallarta,sg_total,1.0728342995270672,0.7044733074594649,17,8
23475,"Novak, Andrew",890,Tahoe Mountain Club (Old Greenwood),sg_total,0.5278376918038363,0.7001988553273849,19,8
23475,"Novak, Andrew",939,Torrey Pines Golf Course (South Course),sg_total,1.3079549108239568,0.6930839691436437,10,8
23475,"Novak, Andrew",746,The Country Club of Jackson,sg_total,-0.43843003335280484,0.6225740180522429,34,8
23475,"Novak, Andrew",928,PGA National  - Champion Course,sg_total,0.42219301179276625,0.6132577956350657,13,8
23475,"Novak, Andrew",977,The Renaissance Club,sg_total,-0.12822077414994756,0.6111814446513488,20,8
23475,"Novak, Andrew",770,TPC San Antonio - The Oaks Course,sg_total,1.0948818849102901,0.6076650388350318,54,8
23475,"Novak, Andrew",897,Memorial Park Golf Course,sg_total,-0.06402201813260167,0.5969683733902095,30,8
23475,"Novak, Andrew",4,Torrey Pines Golf Course (South Course),sg_total,1.6196790366591258,0.5869275084275075,56,8
23475,"Novak, Andrew",205,Spyglass Hill Golf Course,sg_total,-1.113382843105222,0.557455820713923,53,8
23475,"Novak, Andrew",771,The Old White TPC,sg_total,1.4532849033196582,0.5529609738461922,43,8
23475,"Novak, Andrew",14,Augusta National Golf Club,sg_total,-1.8165342840605514,0.5394044836198019,65,8
23475,"Novak, Andrew",885,Royal Portrush Golf Club,sg_total,-1.4888496529943203,0.52887766569415,30,8
23475,"Novak, Andrew",513,TPC Southwind,sg_total,1.633970716634265,0.5150057683020087,55,8
23475,"Novak, Andrew",769,Monterey Peninsula CC,sg_total,-1.2059438982225252,0.5002066489573296,49,8
23475,"Novak, Andrew",232,Albany GC,sg_total,-1.9835917451093215,0.4445505341369429,18,8
23475,"Novak, Andrew",538,TPC Summerlin,sg_total,-0.7782039639183659,0.43235476111085686,50,8
23475,"Novak, Andrew",241,Quail Hollow-PGA Championship,sg_total,-2.753702875781178,0.4265006951284631,37,8
23475,"Novak, Andrew",875,ACCORDIA GOLF Narashino Country Club,sg_total,0.46651238761436153,0.386724896362914,20,8
23475,"Novak, Andrew",776,Sea Island Golf Club (Seaside Course),sg_total,-0.4285534592185837,0.3755012307989047,47,8
23475,"Novak, Andrew",608,Oakmont Country Club,sg_total,0.39132505021033925,0.3547256152850429,53,8
23475,"Novak, Andrew",883,TPC Twin Cities,sg_total,0.42340566778746314,0.35074426673837056,32,8
23475,"Novak, Andrew",876,Detroit Golf Club,sg_total,-0.33286815732372516,0.3154707070451331,31,8
17780,"Pendrith, Taylor",928,PGA National  - Champion Course,sg_app,0.05874435857729601,0.7671751837159452,13,8
17780,"Pendrith, Taylor",939,Torrey Pines Golf Course (South Course),sg_app,-0.5591026806452694,0.7487285792532103,9,8
17780,"Pendrith, Taylor",935,TPC Toronto at Osprey Valley (North Course),sg_app,-0.6290675782799702,0.7116924721794581,6,8
17780,"Pendrith, Taylor",241,Quail Hollow-PGA Championship,sg_app,0.6245534031232891,0.7056566483257517,34,8
17780,"Pendrith, Taylor",876,Detroit Golf Club,sg_app,0.7799926849278591,0.6896168809184317,29,8
17780,"Pendrith, Taylor",4,Torrey Pines Golf Course (South Course),sg_app,0.13723160037289683,0.6702800253204808,51,8
17780,"Pendrith, Taylor",43,The Los Angeles Country Club (North Course),sg_app,0.3382688876068079,0.652561798717866,13,8
17780,"Pendrith, Taylor",872,Quail Hollow Club,sg_app,-0.21730672670212547,0.6423650899143748,36,8
17780,"Pendrith, Taylor",552,Silverado Resort and Spa (North Course),sg_app,-0.7499954374936089,0.6270648570577193,39,8
17780,"Pendrith, Taylor",665,Innisbrook Resort and Golf Club - Copperhead Course,sg_app,-0.1676384918822238,0.5909971343340352,54,8
17780,"Pendrith, Taylor",931,Tahoe Mountain Club (Old Greenwood),sg_app,1.143223901348724,0.5425266516366192,6,8
17780,"Pendrith, Taylor",14,Augusta National Golf Club,sg_app,-0.7936835423007954,0.5249097184931832,23,8
17780,"Pendrith, Taylor",770,TPC San Antonio - The Oaks Course,sg_app,-0.3027210770529889,0.524784468692467,50,8
17780,"Pendrith, Taylor",882,Caves Valley Golf Club,sg_app,-0.5491845968520502,0.4904074682099971,15,8
17780,"Pendrith, Taylor",977,The Renaissance Club,sg_app,-0.13020237071462906,0.47281672246556705,16,8
17780,"Pendrith, Taylor",885,Royal Portrush Golf Club,sg_app,0.2683602278320577,0.4489419284589953,15,8
17780,"Pendrith, Taylor",510,TPC Scottsdale (Stadium Course),sg_app,0.23725124583655682,0.4198044142274062,49,8
17780,"Pendrith, Taylor",897,Memorial Park Golf Course,sg_app,-0.6658873600597045,0.40296007074916906,29,8
17780,"Pendrith, Taylor",874,Hamilton Golf & Country Club,sg_app,0.7118619536075008,0.39319658002294006,21,8
17780,"Pendrith, Taylor",406,Castle Pines Golf Club,sg_app,-0.02518996854376683,0.37629742151287615,7,8
17780,"Pendrith, Taylor",884,Keene Trace Golf Club (Champion Trace),sg_app,0.2369807583867366,0.3565055681638959,18,8
17780,"Pendrith, Taylor",528,Pinehurst Resort & Country Club (Course No. 2),sg_app,0.6103682683914361,0.3150926551363546,13,8
17780,"Pendrith, Taylor",205,Spyglass Hill Golf Course,sg_arg,0.11596629440076585,0.8931748466298375,10,8
17780,"Pendrith, Taylor",608,Oakmont Country Club,sg_arg,-0.0004046383063677633,0.8244183901604997,10,8
17780,"Pendrith, Taylor",883,TPC Twin Cities,sg_arg,-0.27335107144870346,0.7867501524651601,30,8
17780,"Pendrith, Taylor",14,Augusta National Golf Club,sg_arg,-1.3714397418875766,0.6966083272472707,23,8
17780,"Pendrith, Taylor",9,Arnold Palmer's Bay Hill Club & Lodge,sg_arg,-0.17501578507116877,0.6663502146645437,55,8
17780,"Pendrith, Taylor",939,Torrey Pines Golf Course (South Course),sg_arg,-0.6125462910393169,0.6481740336083687,9,8
17780,"Pendrith, Taylor",978,Vidanta Vallarta,sg_arg,-0.16751200552027307,0.5939369030173401,16,8
17780,"Pendrith, Taylor",977,The Renaissance Club,sg_arg,0.666290721338121,0.5766157384771762,16,8
17780,"Pendrith, Taylor",528,Pinehurst Resort & Country Club (Course No. 2),sg_arg,0.05072673991825466,0.5246733621084892,13,8
17780,"Pendrith, Taylor",514,Oak Hill Country Club,sg_arg,-0.4201292609436067,0.4528767618255562,14,8
17780,"Pendrith, Taylor",503,TPC River Highlands,sg_arg,0.3261630149189371,0.4014194396486374,51,8
17780,"Pendrith, Taylor",885,Royal Portrush Golf Club,sg_arg,-0.4017412395630473,0.39205476717281856,15,8
17780,"Pendrith, Taylor",4,Torrey Pines Golf Course (South Course),sg_arg,0.564606178956747,0.3899247548025363,51,8
17780,"Pendrith, Taylor",500,The Riviera Country Club,sg_arg,-0.46543271064493374,0.36910745033253783,54,8
17780,"Pendrith, Taylor",552,Silverado Resort and Spa (North Course),sg_arg,-0.016835901404653762,0.30969972483809577,39,8
17780,"Pendrith, Taylor",931,Tahoe Mountain Club (Old Greenwood),sg_arg,0.4729016306392163,0.3045308878923496,6,8
17780,"Pendrith, Taylor",901,Wilmington Country Club,sg_ott,0.126568983480423,0.8630761206823632,8,8
17780,"Pendrith, Taylor",931,Tahoe Mountain Club (Old Greenwood),sg_ott,-0.218358239993618,0.857762709347225,6,8
17780,"Pendrith, Taylor",746,The Country Club of Jackson,sg_ott,-0.4103084061708041,0.8252517828177022,32,8
17780,"Pendrith, Taylor",514,Oak Hill Country Club,sg_ott,0.06420363864435458,0.8127203741169257,14,8
17780,"Pendrith, Taylor",921,TPC Craig Ranch,sg_ott,0.5228723205428133,0.8124938419538594,15,8
17780,"Pendrith, Taylor",656,Plantation Course at Kapalua,sg_ott,0.47053208526636137,0.8079739846971773,45,8
17780,"Pendrith, Taylor",897,Memorial Park Golf Course,sg_ott,0.007471571870631452,0.7975910700248214,29,8
17780,"Pendrith, Taylor",205,Spyglass Hill Golf Course,sg_ott,-0.8145505871418691,0.7354241572242235,10,8
17780,"Pendrith, Taylor",665,Innisbrook Resort and Golf Club - Copperhead Course,sg_ott,-0.32459601673458927,0.7274722902336741,54,8
17780,"Pendrith, Taylor",872,Quail Hollow Club,sg_ott,0.767019882003125,0.7095329685955294,36,8
17780,"Pendrith, Taylor",43,The Los Angeles Country Club (North Course),sg_ott,-0.03282626115167156,0.6561752385219565,13,8
17780,"Pendrith, Taylor",939,Torrey Pines Golf Course (South Course),sg_ott,0.8800206643500632,0.6420342944454386,9,8
17780,"Pendrith, Taylor",528,Pinehurst Resort & Country Club (Course No. 2),sg_ott,0.189935425583136,0.605912040107582,13,8
17780,"Pendrith, Taylor",704,Pete Dye Stadium Course,sg_ott,-0.8080836459514538,0.5925443054801743,33,8
17780,"Pendrith, Taylor",671,Valhalla Golf Club,sg_ott,0.2100499354720142,0.5447209390309542,42,8
17780,"Pendrith, Taylor",926,Silverado Resort (North Course),sg_ott,-0.20390264416344722,0.4695369826470083,14,8
17780,"Pendrith, Taylor",883,TPC Twin Cities,sg_ott,0.2506719560476227,0.45235980784155716,30,8
17780,"Pendrith, Taylor",734,PGA National Resort (The Champion),sg_ott,-0.1270758274704265,0.45228278937398675,56,8
17780,"Pendrith, Taylor",770,TPC San Antonio - The Oaks Course,sg_ott,-0.7674157548780545,0.45218651003185867,50,8
17780,"Pendrith, Taylor",241,Quail Hollow-PGA Championship,sg_ott,0.9568654422152832,0.443843453458752,34,8
17780,"Pendrith, Taylor",884,Keene Trace Golf Club (Champion Trace),sg_ott,0.3514224248919139,0.4361033501171625,18,8
17780,"Pendrith, Taylor",14,Augusta National Golf Club,sg_ott,0.2356350580199634,0.42768357649408206,23,8
17780,"Pendrith, Taylor",5,Pebble Beach Golf Links,sg_ott,0.5567254817968018,0.37764395709692644,49,8
17780,"Pendrith, Taylor",500,The Riviera Country Club,sg_ott,-0.26471798571607574,0.3722795836501979,54,8
17780,"Pendrith, Taylor",928,PGA National  - Champion Course,sg_putt,-0.8619656431977465,0.8319135400555944,13,8
17780,"Pendrith, Taylor",931,Tahoe Mountain Club (Old Greenwood),sg_putt,0.08082102561019096,0.7981479141159207,6,8
17780,"Pendrith, Taylor",552,Silverado Resort and Spa (North Course),sg_putt,-0.17520722584672138,0.7652038880499961,39,8
17780,"Pendrith, Taylor",935,TPC Toronto at Osprey Valley (North Course),sg_putt,-0.009971374754856696,0.7214011843267554,6,8
17780,"Pendrith, Taylor",978,Vidanta Vallarta,sg_putt,0.3469613452108155,0.6967043554693465,16,8
17780,"Pendrith, Taylor",884,Keene Trace Golf Club (Champion Trace),sg_putt,0.7034220161668806,0.560092074734469,18,8
17780,"Pendrith, Taylor",43,The Los Angeles Country Club (North Course),sg_putt,-0.990681529148338,0.5587238547117286,13,8
17780,"Pendrith, Taylor",908,Oakdale Golf & Country Club,sg_putt,0.22372881451743037,0.5541251730836958,10,8
17780,"Pendrith, Taylor",608,Oakmont Country Club,sg_putt,0.9177734467967578,0.5378019635320631,10,8
17780,"Pendrith, Taylor",872,Quail Hollow Club,sg_putt,0.3895675722216536,0.5080732719746718,36,8
17780,"Pendrith, Taylor",770,TPC San Antonio - The Oaks Course,sg_putt,-0.06479691255837795,0.49979074287184344,50,8
17780,"Pendrith, Taylor",977,The Renaissance Club,sg_putt,0.05984460580007549,0.49863130395531924,16,8
17780,"Pendrith, Taylor",897,Memorial Park Golf Course,sg_putt,0.0037238184920072165,0.46100063008810405,29,8
17780,"Pendrith, Taylor",665,Innisbrook Resort and Golf Club - Copperhead Course,sg_putt,-1.9368204896870442,0.42909909172145166,54,8
17780,"Pendrith, Taylor",883,TPC Twin Cities,sg_putt,-0.26977477026772273,0.41039090006103524,30,8
17780,"Pendrith, Taylor",538,TPC Summerlin,sg_putt,0.47980908009717066,0.38935899749088204,47,8
17780,"Pendrith, Taylor",514,Oak Hill Country Club,sg_putt,1.7178023775537339,0.3788799219519931,14,8
17780,"Pendrith, Taylor",882,Caves Valley Golf Club,sg_putt,0.9186657396858632,0.36537833409543036,15,8
17780,"Pendrith, Taylor",919,El Cardonal at Diamante,sg_total,0.6220186549957598,0.8241756895683453,10,8
17780,"Pendrith, Taylor",379,The Philadelphia Cricket Club (Wissahickon Course),sg_total,-1.8304736445178726,0.7585737211164316,9,8
17780,"Pendrith, Taylor",43,The Los Angeles Country Club (North Course),sg_total,-0.8671077681374664,0.7514161263884058,15,8
17780,"Pendrith, Taylor",406,Castle Pines Golf Club,sg_total,0.9526104050936186,0.7413756204749691,8,8
17780,"Pendrith, Taylor",552,Silverado Resort and Spa (North Course),sg_total,-0.9594178391192674,0.7376139349852081,40,8
17780,"Pendrith, Taylor",901,Wilmington Country Club,sg_total,1.6154382887288168,0.7257352782065652,8,8
17780,"Pendrith, Taylor",891,Winged Foot GC,sg_total,2.3458002326310887,0.716785908305173,25,8
17780,"Pendrith, Taylor",978,Vidanta Vallarta,sg_total,-1.0273046271057453,0.7044733074594649,17,8
17780,"Pendrith, Taylor",890,Tahoe Mountain Club (Old Greenwood),sg_total,0.4350842026349114,0.7001988553273849,19,8
17780,"Pendrith, Taylor",933,East Lake Golf Club,sg_total,1.4555145126927702,0.6988564682519897,7,8
17780,"Pendrith, Taylor",939,Torrey Pines Golf Course (South Course),sg_total,-1.6251246913654214,0.6930839691436437,10,8
17780,"Pendrith, Taylor",872,Quail Hollow Club,sg_total,0.8268537754500545,0.6851889404998475,37,8
17780,"Pendrith, Taylor",746,The Country Club of Jackson,sg_total,-0.18463478456044816,0.6225740180522429,34,8
17780,"Pendrith, Taylor",928,PGA National  - Champion Course,sg_total,-0.63806002820044,0.6132577956350657,13,8
17780,"Pendrith, Taylor",977,The Renaissance Club,sg_total,0.9586505652380684,0.6111814446513488,20,8
17780,"Pendrith, Taylor",770,TPC San Antonio - The Oaks Course,sg_total,-1.6425392832847159,0.6076650388350318,54,8
17780,"Pendrith, Taylor",514,Oak Hill Country Club,sg_total,1.2463976001790147,0.6041384175417843,15,8
17780,"Pendrith, Taylor",897,Memorial Park Golf Course,sg_total,-1.0748081906978004,0.5969683733902095,30,8
17780,"Pendrith, Taylor",4,Torrey Pines Golf Course (South Course),sg_total,0.8142249339103507,0.5869275084275075,56,8
17780,"Pendrith, Taylor",205,Spyglass Hill Golf Course,sg_total,-0.22565384850678236,0.557455820713923,53,8
17780,"Pendrith, Taylor",14,Augusta National Golf Club,sg_total,-3.13821391829152,0.5394044836198019,65,8
17780,"Pendrith, Taylor",885,Royal Portrush Golf Club,sg_total,-1.0072057944074269,0.52887766569415,30,8
17780,"Pendrith, Taylor",744,Torrey Pines (South),sg_total,0.23991894076473125,0.5214711179618798,46,8
17780,"Pendrith, Taylor",513,TPC Southwind,sg_total,-0.013432522319322793,0.5150057683020087,55,8
17780,"Pendrith, Taylor",769,Monterey Peninsula CC,sg_total,-0.03580668813984966,0.5002066489573296,49,8
17780,"Pendrith, Taylor",538,TPC Summerlin,sg_total,1.1808566376772185,0.43235476111085686,50,8
17780,"Pendrith, Taylor",241,Quail Hollow-PGA Championship,sg_total,2.3665916049770295,0.4265006951284631,37,8
17780,"Pendrith, Taylor",776,Sea Island Golf Club (Seaside Course),sg_total,1.0464847127708916,0.3755012307989047,47,8
17780,"Pendrith, Taylor",608,Oakmont Country Club,sg_total,0.43704402262158065,0.3547256152850429,53,8
17780,"Pendrith, Taylor",883,TPC Twin Cities,sg_total,-0.187525851471479,0.35074426673837056,32,8
17780,"Pendrith, Taylor",876,Detroit Golf Club,sg_total,0.3664454889093109,0.3154707070451331,31,8
21554,"Poston, J.T.",896,Olympia Fields Country Club (North Course),sg_app,1.1712780424253735,0.8315178735937293,13,8
21554,"Poston, J.T.",928,PGA National  - Champion Course,sg_app,-0.7628503012090619,0.7671751837159452,13,8
21554,"Poston, J.T.",939,Torrey Pines Golf Course (South Course),sg_app,0.38158035730826206,0.7487285792532103,9,8
21554,"Poston, J.T.",902,Congaree Golf Club,sg_app,-0.6101965005560747,0.7464172844547262,20,8
21554,"Poston, J.T.",891,Winged Foot GC,sg_app,0.6121678549873433,0.7126732274142469,23,8
21554,"Poston, J.T.",823,Keene Trace Golf Club,sg_app,0.9111309160634149,0.7070666152167913,7,8
21554,"Poston, J.T.",697,Ocean Course at Kiawah Island,sg_app,-1.156390339965885,0.7069136776164395,24,8
21554,"Poston, J.T.",241,Quail Hollow-PGA Championship,sg_app,1.1269947687690578,0.7056566483257517,34,8
21554,"Poston, J.T.",876,Detroit Golf Club,sg_app,0.37903464446956275,0.6896168809184317,29,8
21554,"Poston, J.T.",4,Torrey Pines Golf Course (South Course),sg_app,-0.7735059922848415,0.6702800253204808,51,8
21554,"Poston, J.T.",724,Royal Liverpool,sg_app,0.4875847724216645,0.6632783746768827,14,8
21554,"Poston, J.T.",237,TPC Potomac at Avenel Farm,sg_app,0.9753508274055616,0.6615951373353582,23,8
21554,"Poston, J.T.",880,Bethpage Black,sg_app,-0.011487840278114725,0.6551865014282398,28,8
21554,"Poston, J.T.",43,The Los Angeles Country Club (North Course),sg_app,-0.9407927913763114,0.652561798717866,13,8
21554,"Poston, J.T.",872,Quail Hollow Club,sg_app,-0.4487528381602014,0.6423650899143748,36,8
21554,"Poston, J.T.",552,Silverado Resort and Spa (North Course),sg_app,0.46105763963108054,0.6270648570577193,39,8
21554,"Poston, J.T.",665,Innisbrook Resort and Golf Club - Copperhead Course,sg_app,0.07162955111969818,0.5909971343340352,54,8
21554,"Poston, J.T.",700,TPC Boston,sg_app,0.08779101966579791,0.5801062715329093,52,8
21554,"Poston, J.T.",744,Torrey Pines (South),sg_app,0.18817831097289384,0.5291018199363902,20,8
21554,"Poston, J.T.",14,Augusta National Golf Club,sg_app,0.053666844874617814,0.5249097184931832,23,8
21554,"Poston, J.T.",770,TPC San Antonio - The Oaks Course,sg_app,0.13787101321293216,0.524784468692467,50,8
21554,"Poston, J.T.",882,Caves Valley Golf Club,sg_app,-0.3759029344689842,0.4904074682099971,15,8
21554,"Poston, J.T.",977,The Renaissance Club,sg_app,0.9107559078609118,0.47281672246556705,16,8
21554,"Poston, J.T.",771,The Old White TPC,sg_app,-0.6050195025237259,0.47094988388515785,41,8
21554,"Poston, J.T.",885,Royal Portrush Golf Club,sg_app,-0.8330040598102733,0.4489419284589953,15,8
21554,"Poston, J.T.",510,TPC Scottsdale (Stadium Course),sg_app,0.2547283651478588,0.4198044142274062,49,8
21554,"Poston, J.T.",897,Memorial Park Golf Course,sg_app,0.7428520043977942,0.40296007074916906,29,8
21554,"Poston, J.T.",235,Eagle Point Golf Club,sg_app,0.46296472701099295,0.3860951981370469,21,8
21554,"Poston, J.T.",406,Castle Pines Golf Club,sg_app,0.8778558331812183,0.37629742151287615,7,8
21554,"Poston, J.T.",884,Keene Trace Golf Club (Champion Trace),sg_app,0.5671034216427926,0.3565055681638959,18,8
21554,"Poston, J.T.",528,Pinehurst Resort & Country Club (Course No. 2),sg_app,0.20750106987433864,0.3150926551363546,13,8
21554,"Poston, J.T.",19,TPC Four Seasons Resort,sg_app,-1.8497305381419982,0.3150439971860182,48,8
21554,"Poston, J.T.",205,Spyglass Hill Golf Course,sg_arg,-0.3705072291113987,0.8931748466298375,10,8
21554,"Poston, J.T.",608,Oakmont Country Club,sg_arg,0.7732468518311705,0.8244183901604997,10,8
21554,"Poston, J.T.",823,Keene Trace Golf Club,sg_arg,-0.7798661586512327,0.8086883885694868,7,8
21554,"Poston, J.T.",883,TPC Twin Cities,sg_arg,0.027216004358163723,0.7867501524651601,30,8
21554,"Poston, J.T.",744,Torrey Pines (South),sg_arg,0.2232771582054715,0.7582209181562641,20,8
21554,"Poston, J.T.",14,Augusta National Golf Club,sg_arg,-0.033783317679585395,0.6966083272472707,23,8
21554,"Poston, J.T.",9,Arnold Palmer's Bay Hill Club & Lodge,sg_arg,-0.6706653924640541,0.6663502146645437,55,8
21554,"Poston, J.T.",772,St. George's G&CC,sg_arg,0.9414402532447833,0.654429616156167,22,8
21554,"Poston, J.T.",939,Torrey Pines Golf Course (South Course),sg_arg,-0.17756734112045675,0.6481740336083687,9,8
21554,"Poston, J.T.",896,Olympia Fields Country Club (North Course),sg_arg,-0.5011715988418294,0.6081893022397992,13,8
21554,"Poston, J.T.",978,Vidanta Vallarta,sg_arg,-1.5893136722416987,0.5939369030173401,16,8
21554,"Poston, J.T.",977,The Renaissance Club,sg_arg,0.3433279998821184,0.5766157384771762,16,8
21554,"Poston, J.T.",528,Pinehurst Resort & Country Club (Course No. 2),sg_arg,0.7745126141610595,0.5246733621084892,13,8
21554,"Poston, J.T.",873,Ridgewood CC,sg_arg,-0.49539006768346033,0.5205492472184076,22,8
21554,"Poston, J.T.",19,TPC Four Seasons Resort,sg_arg,-1.6261074559304647,0.5175416912724531,48,8
21554,"Poston, J.T.",514,Oak Hill Country Club,sg_arg,0.4297479485519544,0.4528767618255562,14,8
21554,"Poston, J.T.",697,Ocean Course at Kiawah Island,sg_arg,0.9886556973493353,0.4160654028125454,24,8
21554,"Poston, J.T.",503,TPC River Highlands,sg_arg,-0.4273368526511137,0.4014194396486374,51,8
21554,"Poston, J.T.",235,Eagle Point Golf Club,sg_arg,0.309080732835462,0.3990891778199044,21,8
21554,"Poston, J.T.",885,Royal Portrush Golf Club,sg_arg,-0.02704254504186153,0.39205476717281856,15,8
21554,"Poston, J.T.",4,Torrey Pines Golf Course (South Course),sg_arg,-0.11436881891355773,0.3899247548025363,51,8
21554,"Poston, J.T.",729,Golf Club of Houston,sg_arg,0.027312413833457574,0.3790111774135132,54,8
21554,"Poston, J.T.",669,TPC Deere Run,sg_arg,0.27459737889052127,0.3763200181958359,38,8
21554,"Poston, J.T.",500,The Riviera Country Club,sg_arg,0.19196594123749294,0.36910745033253783,54,8
21554,"Poston, J.T.",902,Congaree Golf Club,sg_arg,-0.620766346162436,0.31392215570295146,20,8
21554,"Poston, J.T.",552,Silverado Resort and Spa (North Course),sg_arg,-0.5740307872883732,0.30969972483809577,39,8
21554,"Poston, J.T.",901,Wilmington Country Club,sg_ott,-0.539060717022574,0.8630761206823632,8,8
21554,"Poston, J.T.",746,The Country Club of Jackson,sg_ott,0.10226237443166569,0.8252517828177022,32,8
21554,"Poston, J.T.",697,Ocean Course at Kiawah Island,sg_ott,-0.22693160501940757,0.8177837473279898,24,8
21554,"Poston, J.T.",514,Oak Hill Country Club,sg_ott,0.13046323042395339,0.8127203741169257,14,8
21554,"Poston, J.T.",656,Plantation Course at Kapalua,sg_ott,0.3648368219147312,0.8079739846971773,45,8
21554,"Poston, J.T.",897,Memorial Park Golf Course,sg_ott,-0.7423731210549852,0.7975910700248214,29,8
21554,"Poston, J.T.",19,TPC Four Seasons Resort,sg_ott,-0.682936537455038,0.7592243617778875,48,8
21554,"Poston, J.T.",205,Spyglass Hill Golf Course,sg_ott,1.1453641423854868,0.7354241572242235,10,8
21554,"Poston, J.T.",665,Innisbrook Resort and Golf Club - Copperhead Course,sg_ott,-0.19201625832344368,0.7274722902336741,54,8
21554,"Poston, J.T.",872,Quail Hollow Club,sg_ott,-0.0019794805528650095,0.7095329685955294,36,8
21554,"Poston, J.T.",669,TPC Deere Run,sg_ott,-0.0162195837168283,0.6958014020825517,38,8
21554,"Poston, J.T.",895,TPC Harding Park,sg_ott,0.5575625727128554,0.6913221539478895,25,8
21554,"Poston, J.T.",237,TPC Potomac at Avenel Farm,sg_ott,0.3688238758132586,0.6685057551764296,23,8
21554,"Poston, J.T.",43,The Los Angeles Country Club (North Course),sg_ott,-0.3197128093770387,0.6561752385219565,13,8
21554,"Poston, J.T.",744,Torrey Pines (South),sg_ott,-0.2975666571697649,0.6527298605945488,20,8
21554,"Poston, J.T.",939,Torrey Pines Golf Course (South Course),sg_ott,-0.13234380103875315,0.6420342944454386,9,8
21554,"Poston, J.T.",348,Medinah Country Club (No. 3),sg_ott,0.29510825300369214,0.6402835614018546,18,8
21554,"Poston, J.T.",823,Keene Trace Golf Club,sg_ott,0.6803226996938712,0.6239404330389802,7,8
21554,"Poston, J.T.",528,Pinehurst Resort & Country Club (Course No. 2),sg_ott,-0.23939021728181004,0.605912040107582,13,8
21554,"Poston, J.T.",704,Pete Dye Stadium Course,sg_ott,-0.2563331449895251,0.5925443054801743,33,8
21554,"Poston, J.T.",729,Golf Club of Houston,sg_ott,-0.2510980417137063,0.5762066930736335,54,8
21554,"Poston, J.T.",671,Valhalla Golf Club,sg_ott,0.5621120291846982,0.5447209390309542,42,8
21554,"Poston, J.T.",873,Ridgewood CC,sg_ott,-0.4025793505275508,0.5404273606561777,22,8
21554,"Poston, J.T.",243,Trinity Forest Golf Club,sg_ott,0.02646642467531428,0.5300807114908475,23,8
21554,"Poston, J.T.",21,Colonial Country Club,sg_ott,-0.0612984034852294,0.5148436857747805,50,8
21554,"Poston, J.T.",883,TPC Twin Cities,sg_ott,-0.3346467485299892,0.45235980784155716,30,8
21554,"Poston, J.T.",734,PGA National Resort (The Champion),sg_ott,0.11440912931878935,0.45228278937398675,56,8
21554,"Poston, J.T.",770,TPC San Antonio - The Oaks Course,sg_ott,0.054220329621453775,0.45218651003185867,50,8
21554,"Poston, J.T.",241,Quail Hollow-PGA Championship,sg_ott,0.11692525117414351,0.443843453458752,34,8
21554,"Poston, J.T.",884,Keene Trace Golf Club (Champion Trace),sg_ott,-0.1110031921711743,0.4361033501171625,18,8
21554,"Poston, J.T.",14,Augusta National Golf Club,sg_ott,0.07423973212910548,0.42768357649408206,23,8
21554,"Poston, J.T.",772,St. George's G&CC,sg_ott,0.5932685194384212,0.3888480133012952,22,8
21554,"Poston, J.T.",32,Glen Abbey GC,sg_ott,0.17626374883879226,0.38804505962737723,40,8
21554,"Poston, J.T.",5,Pebble Beach Golf Links,sg_ott,0.08770701500762912,0.37764395709692644,49,8
21554,"Poston, J.T.",500,The Riviera Country Club,sg_ott,-0.17290042159878877,0.3722795836501979,54,8
21554,"Poston, J.T.",709,Royal Troon,sg_ott,-0.32145405050667475,0.3555471361658512,14,8
21554,"Poston, J.T.",700,TPC Boston,sg_ott,0.23747728116728137,0.31039427326405605,52,8
21554,"Poston, J.T.",709,Royal Troon,sg_putt,-0.9488393914860872,0.8553792953613122,14,8
21554,"Poston, J.T.",928,PGA National  - Champion Course,sg_putt,-0.20413396192930203,0.8319135400555944,13,8
21554,"Poston, J.T.",243,Trinity Forest Golf Club,sg_putt,-0.2092396453405752,0.7803268512585968,23,8
21554,"Poston, J.T.",819,Harbor Shores Resort,sg_putt,0.4100309009825551,0.7790085197570994,15,8
21554,"Poston, J.T.",552,Silverado Resort and Spa (North Course),sg_putt,-1.1008101214703911,0.7652038880499961,39,8
21554,"Poston, J.T.",896,Olympia Fields Country Club (North Course),sg_putt,-0.2529591889236316,0.7300243530921173,13,8
21554,"Poston, J.T.",978,Vidanta Vallarta,sg_putt,1.5864608172745491,0.6967043554693465,16,8
21554,"Poston, J.T.",744,Torrey Pines (South),sg_putt,0.6835597589854802,0.6493713284526129,20,8
21554,"Poston, J.T.",697,Ocean Course at Kiawah Island,sg_putt,-0.82718815944003,0.6047937213752724,24,8
21554,"Poston, J.T.",884,Keene Trace Golf Club (Champion Trace),sg_putt,0.8204169319962599,0.560092074734469,18,8
21554,"Poston, J.T.",43,The Los Angeles Country Club (North Course),sg_putt,0.925730498383262,0.5587238547117286,13,8
21554,"Poston, J.T.",608,Oakmont Country Club,sg_putt,0.9247524877915102,0.5378019635320631,10,8
21554,"Poston, J.T.",873,Ridgewood CC,sg_putt,-0.21461592399481424,0.5371535915100778,22,8
21554,"Poston, J.T.",668,St. Andrews Links (Old Course),sg_putt,0.36947798580150637,0.5243576462108127,16,8
21554,"Poston, J.T.",872,Quail Hollow Club,sg_putt,-0.6531895239079218,0.5080732719746718,36,8
21554,"Poston, J.T.",770,TPC San Antonio - The Oaks Course,sg_putt,0.1394530674584203,0.49979074287184344,50,8
21554,"Poston, J.T.",977,The Renaissance Club,sg_putt,1.5001738808408238,0.49863130395531924,16,8
21554,"Poston, J.T.",902,Congaree Golf Club,sg_putt,-0.7125108880737208,0.47712841747238366,20,8
21554,"Poston, J.T.",897,Memorial Park Golf Course,sg_putt,-0.9390029958333114,0.46100063008810405,29,8
21554,"Poston, J.T.",665,Innisbrook Resort and Golf Club - Copperhead Course,sg_putt,0.5387126430426292,0.42909909172145166,54,8
21554,"Poston, J.T.",891,Winged Foot GC,sg_putt,-1.1590837051083425,0.4283793448531367,23,8
21554,"Poston, J.T.",883,TPC Twin Cities,sg_putt,0.6039755722780508,0.41039090006103524,30,8
21554,"Poston, J.T.",669,TPC Deere Run,sg_putt,0.09960749331696644,0.38981961108634927,38,8
21554,"Poston, J.T.",538,TPC Summerlin,sg_putt,0.5169921997927952,0.38935899749088204,47,8
21554,"Poston, J.T.",514,Oak Hill Country Club,sg_putt,0.17461528135319557,0.3788799219519931,14,8
21554,"Poston, J.T.",882,Caves Valley Golf Club,sg_putt,-0.21189607296327104,0.36537833409543036,15,8
21554,"Poston, J.T.",886,Liberty National Golf Club,sg_putt,-0.5457130156013501,0.30772935775047244,27,8
21554,"Poston, J.T.",19,TPC Four Seasons Resort,sg_putt,0.05219339670294024,0.3013355876184594,48,8
21554,"Poston, J.T.",896,Olympia Fields Country Club (North Course),sg_total,0.04798612458022666,0.8247619918620935,14,8
21554,"Poston, J.T.",379,The Philadelphia Cricket Club (Wissahickon Course),sg_total,0.14633425934340138,0.7585737211164316,9,8
21554,"Poston, J.T.",19,TPC Four Seasons Resort,sg_total,-4.395655749826423,0.7535983141081465,50,8
21554,"Poston, J.T.",43,The Los Angeles Country Club (North Course),sg_total,-0.9003693542796596,0.7514161263884058,15,8
21554,"Poston, J.T.",406,Castle Pines Golf Club,sg_total,-0.7754299406338987,0.7413756204749691,8,8
21554,"Poston, J.T.",552,Silverado Resort and Spa (North Course),sg_total,-1.0810948222248455,0.7376139349852081,40,8
21554,"Poston, J.T.",901,Wilmington Country Club,sg_total,0.31182301409760865,0.7257352782065652,8,8
21554,"Poston, J.T.",891,Winged Foot GC,sg_total,-2.900696705334875,0.716785908305173,25,8
21554,"Poston, J.T.",978,Vidanta Vallarta,sg_total,-0.05077769417690578,0.7044733074594649,17,8
21554,"Poston, J.T.",939,Torrey Pines Golf Course (South Course),sg_total,-0.7279735601760551,0.6930839691436437,10,8
21554,"Poston, J.T.",872,Quail Hollow Club,sg_total,-1.1276424297972008,0.6851889404998475,37,8
21554,"Poston, J.T.",746,The Country Club of Jackson,sg_total,-0.2554930504856131,0.6225740180522429,34,8
21554,"Poston, J.T.",928,PGA National  - Champion Course,sg_total,-2.333523769861745,0.6132577956350657,13,8
21554,"Poston, J.T.",977,The Renaissance Club,sg_total,1.3659205100548353,0.6111814446513488,20,8
21554,"Poston, J.T.",895,TPC Harding Park,sg_total,-1.299804795605913,0.6084200207744371,26,8
21554,"Poston, J.T.",770,TPC San Antonio - The Oaks Course,sg_total,0.4789994659137888,0.6076650388350318,54,8
21554,"Poston, J.T.",514,Oak Hill Country Club,sg_total,0.948993564420366,0.6041384175417843,15,8
21554,"Poston, J.T.",897,Memorial Park Golf Course,sg_total,-0.6158529430737115,0.5969683733902095,30,8
21554,"Poston, J.T.",4,Torrey Pines Golf Course (South Course),sg_total,-0.014872892376520896,0.5869275084275075,56,8
21554,"Poston, J.T.",205,Spyglass Hill Golf Course,sg_total,-0.7133920813116421,0.557455820713923,53,8
21554,"Poston, J.T.",771,The Old White TPC,sg_total,-0.0038164882225639185,0.5529609738461922,43,8
21554,"Poston, J.T.",14,Augusta National Golf Club,sg_total,-0.3313589462623785,0.5394044836198019,65,8
21554,"Poston, J.T.",885,Royal Portrush Golf Club,sg_total,-2.9767448669499377,0.52887766569415,30,8
21554,"Poston, J.T.",744,Torrey Pines (South),sg_total,0.7105824588820853,0.5214711179618798,46,8
21554,"Poston, J.T.",513,TPC Southwind,sg_total,0.4865858081940248,0.5150057683020087,55,8
21554,"Poston, J.T.",700,TPC Boston,sg_total,0.5496238242820346,0.507527023233339,54,8
21554,"Poston, J.T.",769,Monterey Peninsula CC,sg_total,1.2926779650239475,0.5002066489573296,49,8
21554,"Poston, J.T.",538,TPC Summerlin,sg_total,1.523193136531204,0.43235476111085686,50,8
21554,"Poston, J.T.",241,Quail Hollow-PGA Championship,sg_total,2.041476602293568,0.4265006951284631,37,8
21554,"Poston, J.T.",902,Congaree Golf Club,sg_total,-1.8986480594716764,0.41161328631299193,21,8
21554,"Poston, J.T.",875,ACCORDIA GOLF Narashino Country Club,sg_total,0.9403886044063567,0.386724896362914,20,8
21554,"Poston, J.T.",776,Sea Island Golf Club (Seaside Course),sg_total,0.5065799199338179,0.3755012307989047,47,8
21554,"Poston, J.T.",608,Oakmont Country Club,sg_total,0.7816518397355063,0.3547256152850429,53,8
21554,"Poston, J.T.",880,Bethpage Black,sg_total,0.38104720042190726,0.3513476172401144,30,8
21554,"Poston, J.T.",883,TPC Twin Cities,sg_total,0.5390158001086012,0.35074426673837056,32,8
21554,"Poston, J.T.",876,Detroit Golf Club,sg_total,0.5347808675132903,0.3154707070451331,31,8
27900,"Potgieter, Aldrich",876,Detroit Golf Club,sg_app,0.7123209670276982,0.6896168809184317,29,8
27900,"Potgieter, Aldrich",4,Torrey Pines Golf Course (South Course),sg_app,-0.11897002808685016,0.6702800253204808,51,8
27900,"Potgieter, Aldrich",43,The Los Angeles Country Club (North Course),sg_app,0.33286233011165794,0.652561798717866,13,8
27900,"Potgieter, Aldrich",665,Innisbrook Resort and Golf Club - Copperhead Course,sg_app,-0.5366435775095852,0.5909971343340352,54,8
27900,"Potgieter, Aldrich",14,Augusta National Golf Club,sg_app,-0.6516927075234173,0.5249097184931832,23,8
27900,"Potgieter, Aldrich",770,TPC San Antonio - The Oaks Course,sg_app,1.3312743647323808,0.524784468692467,50,8
27900,"Potgieter, Aldrich",977,The Renaissance Club,sg_app,0.18554646875411512,0.47281672246556705,16,8
27900,"Potgieter, Aldrich",885,Royal Portrush Golf Club,sg_app,0.09146293876867656,0.4489419284589953,15,8
27900,"Potgieter, Aldrich",510,TPC Scottsdale (Stadium Course),sg_app,-0.3657833524594486,0.4198044142274062,49,8
27900,"Potgieter, Aldrich",897,Memorial Park Golf Course,sg_app,1.037114646138967,0.40296007074916906,29,8
27900,"Potgieter, Aldrich",205,Spyglass Hill Golf Course,sg_arg,1.791360790763957,0.8931748466298375,10,8
27900,"Potgieter, Aldrich",14,Augusta National Golf Club,sg_arg,-0.09041487795335877,0.6966083272472707,23,8
27900,"Potgieter, Aldrich",9,Arnold Palmer's Bay Hill Club & Lodge,sg_arg,-0.5475866301728097,0.6663502146645437,55,8
27900,"Potgieter, Aldrich",930,Black Desert Resort,sg_arg,-1.8577921672007058,0.6659138517567389,6,8
27900,"Potgieter, Aldrich",978,Vidanta Vallarta,sg_arg,0.07573099563829506,0.5939369030173401,16,8
27900,"Potgieter, Aldrich",977,The Renaissance Club,sg_arg,0.07107691298409784,0.5766157384771762,16,8
27900,"Potgieter, Aldrich",885,Royal Portrush Golf Club,sg_arg,-0.5494851481979265,0.39205476717281856,15,8
27900,"Potgieter, Aldrich",4,Torrey Pines Golf Course (South Course),sg_arg,-0.6832635060341442,0.3899247548025363,51,8
27900,"Potgieter, Aldrich",669,TPC Deere Run,sg_arg,0.49687319126765944,0.3763200181958359,38,8
27900,"Potgieter, Aldrich",500,The Riviera Country Club,sg_arg,0.2151368386333113,0.36910745033253783,54,8
27900,"Potgieter, Aldrich",921,TPC Craig Ranch,sg_ott,0.6449717011199735,0.8124938419538594,15,8
27900,"Potgieter, Aldrich",897,Memorial Park Golf Course,sg_ott,0.848378552738725,0.7975910700248214,29,8
27900,"Potgieter, Aldrich",205,Spyglass Hill Golf Course,sg_ott,-0.1778173680000506,0.7354241572242235,10,8
27900,"Potgieter, Aldrich",665,Innisbrook Resort and Golf Club - Copperhead Course,sg_ott,0.31190670211567656,0.7274722902336741,54,8
27900,"Potgieter, Aldrich",930,Black Desert Resort,sg_ott,-2.116987198363422,0.7201825483385862,6,8
27900,"Potgieter, Aldrich",669,TPC Deere Run,sg_ott,0.5905796232902796,0.6958014020825517,38,8
27900,"Potgieter, Aldrich",43,The Los Angeles Country Club (North Course),sg_ott,-0.2862076466415749,0.6561752385219565,13,8
27900,"Potgieter, Aldrich",704,Pete Dye Stadium Course,sg_ott,1.176502869098156,0.5925443054801743,33,8
27900,"Potgieter, Aldrich",21,Colonial Country Club,sg_ott,0.6794030608648769,0.5148436857747805,50,8
27900,"Potgieter, Aldrich",770,TPC San Antonio - The Oaks Course,sg_ott,-0.9850279850866582,0.45218651003185867,50,8
27900,"Potgieter, Aldrich",14,Augusta National Golf Club,sg_ott,-3.011596596692933,0.42768357649408206,23,8
27900,"Potgieter, Aldrich",5,Pebble Beach Golf Links,sg_ott,0.5825159653332826,0.37764395709692644,49,8
27900,"Potgieter, Aldrich",500,The Riviera Country Club,sg_ott,0.7332964704345905,0.3722795836501979,54,8
27900,"Potgieter, Aldrich",930,Black Desert Resort,sg_putt,1.838559706681864,0.709353178421583,6,8
27900,"Potgieter, Aldrich",978,Vidanta Vallarta,sg_putt,2.2776247709328628,0.6967043554693465,16,8
27900,"Potgieter, Aldrich",43,The Los Angeles Country Club (North Course),sg_putt,-0.2387481449501146,0.5587238547117286,13,8
27900,"Potgieter, Aldrich",770,TPC San Antonio - The Oaks Course,sg_putt,0.35792937510742917,0.49979074287184344,50,8
27900,"Potgieter, Aldrich",977,The Renaissance Club,sg_putt,-0.6571842326483976,0.49863130395531924,16,8
27900,"Potgieter, Aldrich",897,Memorial Park Golf Course,sg_putt,-0.8740672104503788,0.46100063008810405,29,8
27900,"Potgieter, Aldrich",665,Innisbrook Resort and Golf Club - Copperhead Course,sg_putt,-0.6176655255077178,0.42909909172145166,54,8
27900,"Potgieter, Aldrich",669,TPC Deere Run,sg_putt,-0.9327494027597925,0.38981961108634927,38,8
27900,"Potgieter, Aldrich",925,Dunes Golf and Beach Club,sg_total,-0.6485092458451434,0.8210465318733497,7,8
27900,"Potgieter, Aldrich",43,The Los Angeles Country Club (North Course),sg_total,-1.4521027958940949,0.7514161263884058,15,8
27900,"Potgieter, Aldrich",978,Vidanta Vallarta,sg_total,3.7915526105704846,0.7044733074594649,17,8
27900,"Potgieter, Aldrich",977,The Renaissance Club,sg_total,-0.8360444714467818,0.6111814446513488,20,8
27900,"Potgieter, Aldrich",770,TPC San Antonio - The Oaks Course,sg_total,0.6175096915743823,0.6076650388350318,54,8
27900,"Potgieter, Aldrich",897,Memorial Park Golf Course,sg_total,1.043311980628194,0.5969683733902095,30,8
27900,"Potgieter, Aldrich",4,Torrey Pines Golf Course (South Course),sg_total,1.0336148663396882,0.5869275084275075,56,8
27900,"Potgieter, Aldrich",205,Spyglass Hill Golf Course,sg_total,0.519246728815163,0.557455820713923,53,8
27900,"Potgieter, Aldrich",14,Augusta National Golf Club,sg_total,-4.159576924791117,0.5394044836198019,65,8
27900,"Potgieter, Aldrich",885,Royal Portrush Golf Club,sg_total,-0.7918578174070856,0.52887766569415,30,8
27900,"Potgieter, Aldrich",922,Dye's Valley Course,sg_total,2.514750082059113,0.5181238048200913,4,8
27900,"Potgieter, Aldrich",513,TPC Southwind,sg_total,-0.6198961541446604,0.5150057683020087,55,8
27900,"Potgieter, Aldrich",876,Detroit Golf Club,sg_total,2.0698273923333628,0.3154707070451331,31,8
14704,"Putnam, Andrew",896,Olympia Fields Country Club (North Course),sg_app,1.2933355001174445,0.8315178735937293,13,8
14704,"Putnam, Andrew",928,PGA National  - Champion Course,sg_app,-0.23985693358545052,0.7671751837159452,13,8
14704,"Putnam, Andrew",902,Congaree Golf Club,sg_app,0.16768505970343314,0.7464172844547262,20,8
14704,"Putnam, Andrew",891,Winged Foot GC,sg_app,-0.6109157560007439,0.7126732274142469,23,8
14704,"Putnam, Andrew",935,TPC Toronto at Osprey Valley (North Course),sg_app,0.024213539480844426,0.7116924721794581,6,8
14704,"Putnam, Andrew",876,Detroit Golf Club,sg_app,-0.5075628786514067,0.6896168809184317,29,8
14704,"Putnam, Andrew",4,Torrey Pines Golf Course (South Course),sg_app,0.4275098859024302,0.6702800253204808,51,8
14704,"Putnam, Andrew",724,Royal Liverpool,sg_app,0.825640558662471,0.6632783746768827,14,8
14704,"Putnam, Andrew",237,TPC Potomac at Avenel Farm,sg_app,-0.43321723797491285,0.6615951373353582,23,8
14704,"Putnam, Andrew",880,Bethpage Black,sg_app,-0.1503176687232629,0.6551865014282398,28,8
14704,"Putnam, Andrew",43,The Los Angeles Country Club (North Course),sg_app,-0.2302444571260829,0.652561798717866,13,8
14704,"Putnam, Andrew",872,Quail Hollow Club,sg_app,0.2679546189502199,0.6423650899143748,36,8
14704,"Putnam, Andrew",552,Silverado Resort and Spa (North Course),sg_app,0.29373032619984885,0.6270648570577193,39,8
14704,"Putnam, Andrew",665,Innisbrook Resort and Golf Club - Copperhead Course,sg_app,-0.8651334959074584,0.5909971343340352,54,8
14704,"Putnam, Andrew",700,TPC Boston,sg_app,0.7969463821776044,0.5801062715329093,52,8
14704,"Putnam, Andrew",931,Tahoe Mountain Club (Old Greenwood),sg_app,1.552235536340264,0.5425266516366192,6,8
14704,"Putnam, Andrew",770,TPC San Antonio - The Oaks Course,sg_app,0.7190606123081585,0.524784468692467,50,8
14704,"Putnam, Andrew",977,The Renaissance Club,sg_app,0.2506575144999017,0.47281672246556705,16,8
14704,"Putnam, Andrew",771,The Old White TPC,sg_app,-0.9221107289434782,0.47094988388515785,41,8
14704,"Putnam, Andrew",893,Muirfield Village Golf Club,sg_app,-0.10128683856690388,0.42322662719000703,23,8
14704,"Putnam, Andrew",510,TPC Scottsdale (Stadium Course),sg_app,0.3645988988783171,0.4198044142274062,49,8
14704,"Putnam, Andrew",897,Memorial Park Golf Course,sg_app,-0.48508301146112276,0.40296007074916906,29,8
14704,"Putnam, Andrew",666,Pebble Beach Golf Links,sg_app,-0.20715801230198375,0.3362028317814147,27,8
14704,"Putnam, Andrew",19,TPC Four Seasons Resort,sg_app,4.096216176939782,0.3150439971860182,48,8
14704,"Putnam, Andrew",883,TPC Twin Cities,sg_arg,-0.28991255957601664,0.7867501524651601,30,8
14704,"Putnam, Andrew",9,Arnold Palmer's Bay Hill Club & Lodge,sg_arg,0.12571359308395702,0.6663502146645437,55,8
14704,"Putnam, Andrew",930,Black Desert Resort,sg_arg,0.07554162239835534,0.6659138517567389,6,8
14704,"Putnam, Andrew",896,Olympia Fields Country Club (North Course),sg_arg,-0.1452810884249668,0.6081893022397992,13,8
14704,"Putnam, Andrew",978,Vidanta Vallarta,sg_arg,-0.2274047519002817,0.5939369030173401,16,8
14704,"Putnam, Andrew",977,The Renaissance Club,sg_arg,0.4489576911893421,0.5766157384771762,16,8
14704,"Putnam, Andrew",773,Aronimink GC,sg_arg,0.614150054928478,0.5548743356281888,36,8
14704,"Putnam, Andrew",873,Ridgewood CC,sg_arg,-0.6376218916056704,0.5205492472184076,22,8
14704,"Putnam, Andrew",19,TPC Four Seasons Resort,sg_arg,-0.9880384947367256,0.5175416912724531,48,8
14704,"Putnam, Andrew",514,Oak Hill Country Club,sg_arg,0.37738479384148477,0.4528767618255562,14,8
14704,"Putnam, Andrew",649,Hualalai Golf Course,sg_arg,0.6397704443004516,0.44183968801198004,36,8
14704,"Putnam, Andrew",698,Quail Hollow Club,sg_arg,0.4217764583732428,0.41704133255957127,52,8
14704,"Putnam, Andrew",503,TPC River Highlands,sg_arg,-0.16443590016758564,0.4014194396486374,51,8
14704,"Putnam, Andrew",894,TPC Craig Ranch,sg_arg,-0.015101939529076139,0.3960272487602276,24,8
14704,"Putnam, Andrew",4,Torrey Pines Golf Course (South Course),sg_arg,0.17102753180065006,0.3899247548025363,51,8
14704,"Putnam, Andrew",729,Golf Club of Houston,sg_arg,-0.35041170979235636,0.3790111774135132,54,8
14704,"Putnam, Andrew",669,TPC Deere Run,sg_arg,-0.06810966025121735,0.3763200181958359,38,8
14704,"Putnam, Andrew",500,The Riviera Country Club,sg_arg,0.17066193641598326,0.36910745033253783,54,8
14704,"Putnam, Andrew",902,Congaree Golf Club,sg_arg,-0.03965863883284848,0.31392215570295146,20,8
14704,"Putnam, Andrew",552,Silverado Resort and Spa (North Course),sg_arg,0.2602756101700928,0.30969972483809577,39,8
14704,"Putnam, Andrew",931,Tahoe Mountain Club (Old Greenwood),sg_arg,0.5982602324004878,0.3045308878923496,6,8
14704,"Putnam, Andrew",901,Wilmington Country Club,sg_ott,-0.35778607964460807,0.8630761206823632,8,8
14704,"Putnam, Andrew",931,Tahoe Mountain Club (Old Greenwood),sg_ott,-0.8115947486639112,0.857762709347225,6,8
14704,"Putnam, Andrew",746,The Country Club of Jackson,sg_ott,0.026156387763786877,0.8252517828177022,32,8
14704,"Putnam, Andrew",514,Oak Hill Country Club,sg_ott,1.0430100533799336,0.8127203741169257,14,8
14704,"Putnam, Andrew",921,TPC Craig Ranch,sg_ott,-0.49750992837473185,0.8124938419538594,15,8
14704,"Putnam, Andrew",656,Plantation Course at Kapalua,sg_ott,0.3986696560887848,0.8079739846971773,45,8
14704,"Putnam, Andrew",897,Memorial Park Golf Course,sg_ott,-0.06916906804926655,0.7975910700248214,29,8
14704,"Putnam, Andrew",666,Pebble Beach Golf Links,sg_ott,-0.19210524797425868,0.7832355819650828,27,8
14704,"Putnam, Andrew",19,TPC Four Seasons Resort,sg_ott,-1.159480905328078,0.7592243617778875,48,8
14704,"Putnam, Andrew",773,Aronimink GC,sg_ott,-0.4069479902977117,0.7357449899129523,36,8
14704,"Putnam, Andrew",665,Innisbrook Resort and Golf Club - Copperhead Course,sg_ott,0.46396285515602886,0.7274722902336741,54,8
14704,"Putnam, Andrew",930,Black Desert Resort,sg_ott,-1.1726479269790284,0.7201825483385862,6,8
14704,"Putnam, Andrew",872,Quail Hollow Club,sg_ott,-0.08772862731717977,0.7095329685955294,36,8
14704,"Putnam, Andrew",669,TPC Deere Run,sg_ott,-0.10674443345030349,0.6958014020825517,38,8
14704,"Putnam, Andrew",895,TPC Harding Park,sg_ott,-0.23736522258054732,0.6913221539478895,25,8
14704,"Putnam, Andrew",237,TPC Potomac at Avenel Farm,sg_ott,0.7468329546725699,0.6685057551764296,23,8
14704,"Putnam, Andrew",43,The Los Angeles Country Club (North Course),sg_ott,0.15791173222830804,0.6561752385219565,13,8
14704,"Putnam, Andrew",348,Medinah Country Club (No. 3),sg_ott,0.031133081715324508,0.6402835614018546,18,8
14704,"Putnam, Andrew",704,Pete Dye Stadium Course,sg_ott,0.5907411708366491,0.5925443054801743,33,8
14704,"Putnam, Andrew",729,Golf Club of Houston,sg_ott,0.10345572186068998,0.5762066930736335,54,8
14704,"Putnam, Andrew",671,Valhalla Golf Club,sg_ott,-0.18738865101743696,0.5447209390309542,42,8
14704,"Putnam, Andrew",873,Ridgewood CC,sg_ott,-1.1566657702971446,0.5404273606561777,22,8
14704,"Putnam, Andrew",243,Trinity Forest Golf Club,sg_ott,1.157639629321358,0.5300807114908475,23,8
14704,"Putnam, Andrew",534,Bellerive CC,sg_ott,0.38680031663233605,0.5266986928376094,42,8
14704,"Putnam, Andrew",21,Colonial Country Club,sg_ott,0.27099763331992355,0.5148436857747805,50,8
14704,"Putnam, Andrew",654,The Country Club,sg_ott,0.07565881122940332,0.4887135329746615,13,8
14704,"Putnam, Andrew",698,Quail Hollow Club,sg_ott,-2.6543731864320366,0.4783427498881751,52,8
14704,"Putnam, Andrew",926,Silverado Resort (North Course),sg_ott,0.3979662967018061,0.4695369826470083,14,8
14704,"Putnam, Andrew",883,TPC Twin Cities,sg_ott,0.08002581674917304,0.45235980784155716,30,8
14704,"Putnam, Andrew",734,PGA National Resort (The Champion),sg_ott,-0.19663288722733613,0.45228278937398675,56,8
14704,"Putnam, Andrew",770,TPC San Antonio - The Oaks Course,sg_ott,0.29649351297532706,0.45218651003185867,50,8
14704,"Putnam, Andrew",32,Glen Abbey GC,sg_ott,0.983137616210266,0.38804505962737723,40,8
14704,"Putnam, Andrew",5,Pebble Beach Golf Links,sg_ott,0.14461839975724508,0.37764395709692644,49,8
14704,"Putnam, Andrew",500,The Riviera Country Club,sg_ott,-0.010431360385658275,0.3722795836501979,54,8
14704,"Putnam, Andrew",700,TPC Boston,sg_ott,-0.29515787224976564,0.31039427326405605,52,8
14704,"Putnam, Andrew",928,PGA National  - Champion Course,sg_putt,-0.22678593957640153,0.8319135400555944,13,8
14704,"Putnam, Andrew",931,Tahoe Mountain Club (Old Greenwood),sg_putt,-1.0465950380459892,0.7981479141159207,6,8
14704,"Putnam, Andrew",243,Trinity Forest Golf Club,sg_putt,0.20705097015189827,0.7803268512585968,23,8
14704,"Putnam, Andrew",819,Harbor Shores Resort,sg_putt,-0.7283334790392912,0.7790085197570994,15,8
14704,"Putnam, Andrew",552,Silverado Resort and Spa (North Course),sg_putt,-0.10058656753942329,0.7652038880499961,39,8
14704,"Putnam, Andrew",896,Olympia Fields Country Club (North Course),sg_putt,-0.07644909011885326,0.7300243530921173,13,8
14704,"Putnam, Andrew",935,TPC Toronto at Osprey Valley (North Course),sg_putt,0.9815494575095458,0.7214011843267554,6,8
14704,"Putnam, Andrew",930,Black Desert Resort,sg_putt,-1.8827883845262643,0.709353178421583,6,8
14704,"Putnam, Andrew",978,Vidanta Vallarta,sg_putt,0.17301479451526242,0.6967043554693465,16,8
14704,"Putnam, Andrew",43,The Los Angeles Country Club (North Course),sg_putt,0.1720905078606828,0.5587238547117286,13,8
14704,"Putnam, Andrew",873,Ridgewood CC,sg_putt,0.15584360347345783,0.5371535915100778,22,8
14704,"Putnam, Andrew",773,Aronimink GC,sg_putt,0.7265460436763763,0.5110050494003415,36,8
14704,"Putnam, Andrew",872,Quail Hollow Club,sg_putt,0.5786765652144222,0.5080732719746718,36,8
14704,"Putnam, Andrew",770,TPC San Antonio - The Oaks Course,sg_putt,0.22773469378554823,0.49979074287184344,50,8
14704,"Putnam, Andrew",977,The Renaissance Club,sg_putt,-0.6735683056260378,0.49863130395531924,16,8
14704,"Putnam, Andrew",902,Congaree Golf Club,sg_putt,0.11677586352100262,0.47712841747238366,20,8
14704,"Putnam, Andrew",897,Memorial Park Golf Course,sg_putt,0.39056496723726675,0.46100063008810405,29,8
14704,"Putnam, Andrew",649,Hualalai Golf Course,sg_putt,1.617712850834656,0.45688429085995663,36,8
14704,"Putnam, Andrew",665,Innisbrook Resort and Golf Club - Copperhead Course,sg_putt,0.035891143823778934,0.42909909172145166,54,8
14704,"Putnam, Andrew",891,Winged Foot GC,sg_putt,1.192586904116786,0.4283793448531367,23,8
14704,"Putnam, Andrew",883,TPC Twin Cities,sg_putt,-0.02546113759985763,0.41039090006103524,30,8
14704,"Putnam, Andrew",669,TPC Deere Run,sg_putt,-0.606204164597849,0.38981961108634927,38,8
14704,"Putnam, Andrew",538,TPC Summerlin,sg_putt,0.2543972558863492,0.38935899749088204,47,8
14704,"Putnam, Andrew",514,Oak Hill Country Club,sg_putt,-1.0319561428487505,0.3788799219519931,14,8
14704,"Putnam, Andrew",886,Liberty National Golf Club,sg_putt,0.343224091754142,0.30772935775047244,27,8
14704,"Putnam, Andrew",19,TPC Four Seasons Resort,sg_putt,-1.1845649053089486,0.3013355876184594,48,8
14704,"Putnam, Andrew",896,Olympia Fields Country Club (North Course),sg_total,1.2808783987298045,0.8247619918620935,14,8
14704,"Putnam, Andrew",919,El Cardonal at Diamante,sg_total,0.4138840068181515,0.8241756895683453,10,8
14704,"Putnam, Andrew",925,Dunes Golf and Beach Club,sg_total,-1.8588025002406097,0.8210465318733497,7,8
14704,"Putnam, Andrew",19,TPC Four Seasons Resort,sg_total,0.897986679726543,0.7535983141081465,50,8
14704,"Putnam, Andrew",43,The Los Angeles Country Club (North Course),sg_total,-0.09589745031192287,0.7514161263884058,15,8
14704,"Putnam, Andrew",552,Silverado Resort and Spa (North Course),sg_total,0.5758999545451987,0.7376139349852081,40,8
14704,"Putnam, Andrew",901,Wilmington Country Club,sg_total,0.9757284424851482,0.7257352782065652,8,8
14704,"Putnam, Andrew",891,Winged Foot GC,sg_total,-0.10769075377550402,0.716785908305173,25,8
14704,"Putnam, Andrew",978,Vidanta Vallarta,sg_total,-0.4295119618993195,0.7044733074594649,17,8
14704,"Putnam, Andrew",773,Aronimink GC,sg_total,1.7155195632437887,0.7020395410088385,37,8
14704,"Putnam, Andrew",890,Tahoe Mountain Club (Old Greenwood),sg_total,1.033793497015072,0.7001988553273849,19,8
14704,"Putnam, Andrew",872,Quail Hollow Club,sg_total,0.1607479085691419,0.6851889404998475,37,8
14704,"Putnam, Andrew",746,The Country Club of Jackson,sg_total,-1.0637598212564043,0.6225740180522429,34,8
14704,"Putnam, Andrew",928,PGA National  - Champion Course,sg_total,-0.17185821370540627,0.6132577956350657,13,8
14704,"Putnam, Andrew",977,The Renaissance Club,sg_total,-0.9116265287281874,0.6111814446513488,20,8
14704,"Putnam, Andrew",895,TPC Harding Park,sg_total,-1.4655018885706859,0.6084200207744371,26,8
14704,"Putnam, Andrew",770,TPC San Antonio - The Oaks Course,sg_total,0.8945001593292627,0.6076650388350318,54,8
14704,"Putnam, Andrew",514,Oak Hill Country Club,sg_total,0.0014756140583880306,0.6041384175417843,15,8
14704,"Putnam, Andrew",897,Memorial Park Golf Course,sg_total,0.2990361068238834,0.5969683733902095,30,8
14704,"Putnam, Andrew",4,Torrey Pines Golf Course (South Course),sg_total,-1.3323933141207267,0.5869275084275075,56,8
14704,"Putnam, Andrew",205,Spyglass Hill Golf Course,sg_total,-1.028687643131164,0.557455820713923,53,8
14704,"Putnam, Andrew",771,The Old White TPC,sg_total,-1.0341975906401326,0.5529609738461922,43,8
14704,"Putnam, Andrew",666,Pebble Beach Golf Links,sg_total,0.39126449769960003,0.5426232759381483,49,8
14704,"Putnam, Andrew",14,Augusta National Golf Club,sg_total,-0.4284952339775978,0.5394044836198019,65,8
14704,"Putnam, Andrew",822,Las Colinas Country Club,sg_total,-1.9430133202734572,0.5373709005340206,27,8
14704,"Putnam, Andrew",885,Royal Portrush Golf Club,sg_total,0.5121224601192562,0.52887766569415,30,8
14704,"Putnam, Andrew",922,Dye's Valley Course,sg_total,1.41251823553586,0.5181238048200913,4,8
14704,"Putnam, Andrew",513,TPC Southwind,sg_total,1.1615366997657408,0.5150057683020087,55,8
14704,"Putnam, Andrew",800,The Abaco Club on Winding Bay,sg_total,-0.7685977485617277,0.5085375076292757,35,8
14704,"Putnam, Andrew",700,TPC Boston,sg_total,-0.36356856165415397,0.507527023233339,54,8
14704,"Putnam, Andrew",769,Monterey Peninsula CC,sg_total,1.4242096186622968,0.5002066489573296,49,8
14704,"Putnam, Andrew",538,TPC Summerlin,sg_total,0.4331314370819094,0.43235476111085686,50,8
14704,"Putnam, Andrew",902,Congaree Golf Club,sg_total,-0.12257258718116923,0.41161328631299193,21,8
14704,"Putnam, Andrew",875,ACCORDIA GOLF Narashino Country Club,sg_total,0.6274952110425622,0.386724896362914,20,8
14704,"Putnam, Andrew",776,Sea Island Golf Club (Seaside Course),sg_total,0.4481165278027446,0.3755012307989047,47,8
14704,"Putnam, Andrew",880,Bethpage Black,sg_total,-0.9108461641702746,0.3513476172401144,30,8
14704,"Putnam, Andrew",883,TPC Twin Cities,sg_total,-0.004507696665220107,0.35074426673837056,32,8
14704,"Putnam, Andrew",876,Detroit Golf Club,sg_total,0.9415822288173381,0.3154707070451331,31,8
16283,"Rodgers, Patrick",896,Olympia Fields Country Club (North Course),sg_app,-0.08091105746655428,0.8315178735937293,13,8
16283,"Rodgers, Patrick",660,Montreux Golf & Country Club,sg_app,0.5896297346325313,0.7750434317449925,8,8
16283,"Rodgers, Patrick",928,PGA National  - Champion Course,sg_app,-0.3500608403237351,0.7671751837159452,13,8
16283,"Rodgers, Patrick",939,Torrey Pines Golf Course (South Course),sg_app,-0.37834105141774976,0.7487285792532103,9,8
16283,"Rodgers, Patrick",902,Congaree Golf Club,sg_app,0.45575937610394357,0.7464172844547262,20,8
16283,"Rodgers, Patrick",935,TPC Toronto at Osprey Valley (North Course),sg_app,-0.0207881464836793,0.7116924721794581,6,8
16283,"Rodgers, Patrick",241,Quail Hollow-PGA Championship,sg_app,-1.3382530634774397,0.7056566483257517,34,8
16283,"Rodgers, Patrick",876,Detroit Golf Club,sg_app,-0.2661280863541319,0.6896168809184317,29,8
16283,"Rodgers, Patrick",4,Torrey Pines Golf Course (South Course),sg_app,0.4566539487714816,0.6702800253204808,51,8
16283,"Rodgers, Patrick",237,TPC Potomac at Avenel Farm,sg_app,-0.21583986552561246,0.6615951373353582,23,8
16283,"Rodgers, Patrick",43,The Los Angeles Country Club (North Course),sg_app,-0.2759914567677435,0.652561798717866,13,8
16283,"Rodgers, Patrick",872,Quail Hollow Club,sg_app,-0.04393130630310213,0.6423650899143748,36,8
16283,"Rodgers, Patrick",552,Silverado Resort and Spa (North Course),sg_app,-0.12611108663995219,0.6270648570577193,39,8
16283,"Rodgers, Patrick",665,Innisbrook Resort and Golf Club - Copperhead Course,sg_app,0.3410148792978215,0.5909971343340352,54,8
16283,"Rodgers, Patrick",700,TPC Boston,sg_app,-0.7883874710526816,0.5801062715329093,52,8
16283,"Rodgers, Patrick",931,Tahoe Mountain Club (Old Greenwood),sg_app,-0.5968280692980527,0.5425266516366192,6,8
16283,"Rodgers, Patrick",744,Torrey Pines (South),sg_app,0.1374692826640296,0.5291018199363902,20,8
16283,"Rodgers, Patrick",770,TPC San Antonio - The Oaks Course,sg_app,0.2999479324956664,0.524784468692467,50,8
16283,"Rodgers, Patrick",977,The Renaissance Club,sg_app,-1.0156658508582757,0.47281672246556705,16,8
16283,"Rodgers, Patrick",771,The Old White TPC,sg_app,-0.399434463339552,0.47094988388515785,41,8
16283,"Rodgers, Patrick",893,Muirfield Village Golf Club,sg_app,0.46217489085647867,0.42322662719000703,23,8
16283,"Rodgers, Patrick",510,TPC Scottsdale (Stadium Course),sg_app,-0.6433539790019916,0.4198044142274062,49,8
16283,"Rodgers, Patrick",897,Memorial Park Golf Course,sg_app,-0.9264810773174013,0.40296007074916906,29,8
16283,"Rodgers, Patrick",235,Eagle Point Golf Club,sg_app,-0.13510483893252956,0.3860951981370469,21,8
16283,"Rodgers, Patrick",884,Keene Trace Golf Club (Champion Trace),sg_app,0.1770426076643449,0.3565055681638959,18,8
16283,"Rodgers, Patrick",19,TPC Four Seasons Resort,sg_app,0.1837146062026149,0.3150439971860182,48,8
16283,"Rodgers, Patrick",205,Spyglass Hill Golf Course,sg_arg,2.900157146484335,0.8931748466298375,10,8
16283,"Rodgers, Patrick",883,TPC Twin Cities,sg_arg,-0.1793092497528071,0.7867501524651601,30,8
16283,"Rodgers, Patrick",744,Torrey Pines (South),sg_arg,-0.8242248984792919,0.7582209181562641,20,8
16283,"Rodgers, Patrick",238,Glen Oaks Club,sg_arg,-2.078817851681088,0.7336871596058964,27,8
16283,"Rodgers, Patrick",9,Arnold Palmer's Bay Hill Club & Lodge,sg_arg,-0.019837674070538214,0.6663502146645437,55,8
16283,"Rodgers, Patrick",930,Black Desert Resort,sg_arg,0.41337209734324265,0.6659138517567389,6,8
16283,"Rodgers, Patrick",772,St. George's G&CC,sg_arg,-0.7264771851198963,0.654429616156167,22,8
16283,"Rodgers, Patrick",939,Torrey Pines Golf Course (South Course),sg_arg,0.6806613532235039,0.6481740336083687,9,8
16283,"Rodgers, Patrick",896,Olympia Fields Country Club (North Course),sg_arg,-0.015659515964173615,0.6081893022397992,13,8
16283,"Rodgers, Patrick",978,Vidanta Vallarta,sg_arg,-0.16491844127495658,0.5939369030173401,16,8
16283,"Rodgers, Patrick",977,The Renaissance Club,sg_arg,-0.42967539543541955,0.5766157384771762,16,8
16283,"Rodgers, Patrick",19,TPC Four Seasons Resort,sg_arg,0.22436066530772555,0.5175416912724531,48,8
16283,"Rodgers, Patrick",514,Oak Hill Country Club,sg_arg,0.09076918285979699,0.4528767618255562,14,8
16283,"Rodgers, Patrick",649,Hualalai Golf Course,sg_arg,0.8397441457661436,0.44183968801198004,36,8
16283,"Rodgers, Patrick",698,Quail Hollow Club,sg_arg,-0.543356285672969,0.41704133255957127,52,8
16283,"Rodgers, Patrick",503,TPC River Highlands,sg_arg,0.3300835277833195,0.4014194396486374,51,8
16283,"Rodgers, Patrick",235,Eagle Point Golf Club,sg_arg,0.17346919210942588,0.3990891778199044,21,8
16283,"Rodgers, Patrick",894,TPC Craig Ranch,sg_arg,-0.14412388558130085,0.3960272487602276,24,8
16283,"Rodgers, Patrick",4,Torrey Pines Golf Course (South Course),sg_arg,0.20441079928017694,0.3899247548025363,51,8
16283,"Rodgers, Patrick",729,Golf Club of Houston,sg_arg,-0.1606432626852694,0.3790111774135132,54,8
16283,"Rodgers, Patrick",669,TPC Deere Run,sg_arg,-0.4925965080171887,0.3763200181958359,38,8
16283,"Rodgers, Patrick",500,The Riviera Country Club,sg_arg,-0.01523741962600103,0.36910745033253783,54,8
16283,"Rodgers, Patrick",616,Robert Trent Jones GC,sg_arg,-0.43232043194493297,0.32818114468011245,15,8
16283,"Rodgers, Patrick",902,Congaree Golf Club,sg_arg,0.39402555078126744,0.31392215570295146,20,8
16283,"Rodgers, Patrick",552,Silverado Resort and Spa (North Course),sg_arg,0.19462039223803093,0.30969972483809577,39,8
16283,"Rodgers, Patrick",931,Tahoe Mountain Club (Old Greenwood),sg_arg,0.9265740407431451,0.3045308878923496,6,8
16283,"Rodgers, Patrick",931,Tahoe Mountain Club (Old Greenwood),sg_ott,0.7324253758973407,0.857762709347225,6,8
16283,"Rodgers, Patrick",746,The Country Club of Jackson,sg_ott,0.36177003497569343,0.8252517828177022,32,8
16283,"Rodgers, Patrick",514,Oak Hill Country Club,sg_ott,1.0357071512585518,0.8127203741169257,14,8
16283,"Rodgers, Patrick",921,TPC Craig Ranch,sg_ott,0.18301104483158226,0.8124938419538594,15,8
16283,"Rodgers, Patrick",656,Plantation Course at Kapalua,sg_ott,0.2673052401204687,0.8079739846971773,45,8
16283,"Rodgers, Patrick",897,Memorial Park Golf Course,sg_ott,-0.007878023979026046,0.7975910700248214,29,8
16283,"Rodgers, Patrick",19,TPC Four Seasons Resort,sg_ott,0.12817586332109118,0.7592243617778875,48,8
16283,"Rodgers, Patrick",689,El Bosque CC,sg_ott,-0.8693677867943477,0.7580306354046243,42,8
16283,"Rodgers, Patrick",205,Spyglass Hill Golf Course,sg_ott,0.2650668650075287,0.7354241572242235,10,8
16283,"Rodgers, Patrick",665,Innisbrook Resort and Golf Club - Copperhead Course,sg_ott,-0.5905426751482565,0.7274722902336741,54,8
16283,"Rodgers, Patrick",930,Black Desert Resort,sg_ott,0.3446523699517631,0.7201825483385862,6,8
16283,"Rodgers, Patrick",872,Quail Hollow Club,sg_ott,-0.00542851382805349,0.7095329685955294,36,8
16283,"Rodgers, Patrick",669,TPC Deere Run,sg_ott,0.020183549424594417,0.6958014020825517,38,8
16283,"Rodgers, Patrick",237,TPC Potomac at Avenel Farm,sg_ott,0.3506156795222757,0.6685057551764296,23,8
16283,"Rodgers, Patrick",43,The Los Angeles Country Club (North Course),sg_ott,-0.661445304461091,0.6561752385219565,13,8
16283,"Rodgers, Patrick",744,Torrey Pines (South),sg_ott,0.6469622891331254,0.6527298605945488,20,8
16283,"Rodgers, Patrick",939,Torrey Pines Golf Course (South Course),sg_ott,0.9528746188606436,0.6420342944454386,9,8
16283,"Rodgers, Patrick",704,Pete Dye Stadium Course,sg_ott,-0.8622990182785397,0.5925443054801743,33,8
16283,"Rodgers, Patrick",729,Golf Club of Houston,sg_ott,-0.37048511675759405,0.5762066930736335,54,8
16283,"Rodgers, Patrick",671,Valhalla Golf Club,sg_ott,-1.242376280677615,0.5447209390309542,42,8
16283,"Rodgers, Patrick",243,Trinity Forest Golf Club,sg_ott,0.6641539903317423,0.5300807114908475,23,8
16283,"Rodgers, Patrick",21,Colonial Country Club,sg_ott,0.2879766219420125,0.5148436857747805,50,8
16283,"Rodgers, Patrick",654,The Country Club,sg_ott,0.27192698094119044,0.4887135329746615,13,8
16283,"Rodgers, Patrick",698,Quail Hollow Club,sg_ott,0.34529486809091264,0.4783427498881751,52,8
16283,"Rodgers, Patrick",926,Silverado Resort (North Course),sg_ott,0.002510119880170296,0.4695369826470083,14,8
16283,"Rodgers, Patrick",642,Newport Beach Country Club,sg_ott,0.4499147288814153,0.46146766059431943,22,8
16283,"Rodgers, Patrick",883,TPC Twin Cities,sg_ott,-0.58514162003506,0.45235980784155716,30,8
16283,"Rodgers, Patrick",734,PGA National Resort (The Champion),sg_ott,-0.009130083038233858,0.45228278937398675,56,8
16283,"Rodgers, Patrick",770,TPC San Antonio - The Oaks Course,sg_ott,-0.8737807993829547,0.45218651003185867,50,8
16283,"Rodgers, Patrick",241,Quail Hollow-PGA Championship,sg_ott,-0.3597581550645663,0.443843453458752,34,8
16283,"Rodgers, Patrick",884,Keene Trace Golf Club (Champion Trace),sg_ott,0.40931320922016623,0.4361033501171625,18,8
16283,"Rodgers, Patrick",772,St. George's G&CC,sg_ott,0.05125200276304733,0.3888480133012952,22,8
16283,"Rodgers, Patrick",32,Glen Abbey GC,sg_ott,-0.7320244452955266,0.38804505962737723,40,8
16283,"Rodgers, Patrick",5,Pebble Beach Golf Links,sg_ott,-0.36148001982332617,0.37764395709692644,49,8
16283,"Rodgers, Patrick",500,The Riviera Country Club,sg_ott,-0.46997298382980274,0.3722795836501979,54,8
16283,"Rodgers, Patrick",700,TPC Boston,sg_ott,-1.3263759221383167,0.31039427326405605,52,8
16283,"Rodgers, Patrick",928,PGA National  - Champion Course,sg_putt,2.2850738275030116,0.8319135400555944,13,8
16283,"Rodgers, Patrick",931,Tahoe Mountain Club (Old Greenwood),sg_putt,0.5263264815766953,0.7981479141159207,6,8
16283,"Rodgers, Patrick",660,Montreux Golf & Country Club,sg_putt,0.13798189826677487,0.7895447899934764,8,8
16283,"Rodgers, Patrick",243,Trinity Forest Golf Club,sg_putt,-0.5506421264722878,0.7803268512585968,23,8
16283,"Rodgers, Patrick",819,Harbor Shores Resort,sg_putt,-2.3732343446162556,0.7790085197570994,15,8
16283,"Rodgers, Patrick",552,Silverado Resort and Spa (North Course),sg_putt,-0.041561283210072866,0.7652038880499961,39,8
16283,"Rodgers, Patrick",896,Olympia Fields Country Club (North Course),sg_putt,-0.6588065512159302,0.7300243530921173,13,8
16283,"Rodgers, Patrick",935,TPC Toronto at Osprey Valley (North Course),sg_putt,1.2766777978648414,0.7214011843267554,6,8
16283,"Rodgers, Patrick",930,Black Desert Resort,sg_putt,-0.04042253622149236,0.709353178421583,6,8
16283,"Rodgers, Patrick",978,Vidanta Vallarta,sg_putt,-0.09748897395834491,0.6967043554693465,16,8
16283,"Rodgers, Patrick",744,Torrey Pines (South),sg_putt,1.3253468551832968,0.6493713284526129,20,8
16283,"Rodgers, Patrick",616,Robert Trent Jones GC,sg_putt,0.025519007619996925,0.6145951362159888,15,8
16283,"Rodgers, Patrick",689,El Bosque CC,sg_putt,0.2733515411408627,0.6122961641627417,42,8
16283,"Rodgers, Patrick",884,Keene Trace Golf Club (Champion Trace),sg_putt,0.6161393345878767,0.560092074734469,18,8
16283,"Rodgers, Patrick",43,The Los Angeles Country Club (North Course),sg_putt,1.385121451787387,0.5587238547117286,13,8
16283,"Rodgers, Patrick",872,Quail Hollow Club,sg_putt,-0.16039273569251458,0.5080732719746718,36,8
16283,"Rodgers, Patrick",770,TPC San Antonio - The Oaks Course,sg_putt,-1.368087263251849,0.49979074287184344,50,8
16283,"Rodgers, Patrick",977,The Renaissance Club,sg_putt,-0.17237062169941286,0.49863130395531924,16,8
16283,"Rodgers, Patrick",902,Congaree Golf Club,sg_putt,-1.2753933343861223,0.47712841747238366,20,8
16283,"Rodgers, Patrick",897,Memorial Park Golf Course,sg_putt,-0.3421740363904511,0.46100063008810405,29,8
16283,"Rodgers, Patrick",649,Hualalai Golf Course,sg_putt,-0.3970297371721796,0.45688429085995663,36,8
16283,"Rodgers, Patrick",665,Innisbrook Resort and Golf Club - Copperhead Course,sg_putt,0.20053265971715756,0.42909909172145166,54,8
16283,"Rodgers, Patrick",883,TPC Twin Cities,sg_putt,-0.2682204214113,0.41039090006103524,30,8
16283,"Rodgers, Patrick",669,TPC Deere Run,sg_putt,0.5360171132559409,0.38981961108634927,38,8
16283,"Rodgers, Patrick",538,TPC Summerlin,sg_putt,-0.5974372514740927,0.38935899749088204,47,8
16283,"Rodgers, Patrick",514,Oak Hill Country Club,sg_putt,0.062077088845229,0.3788799219519931,14,8
16283,"Rodgers, Patrick",886,Liberty National Golf Club,sg_putt,0.598805853284728,0.30772935775047244,27,8
16283,"Rodgers, Patrick",19,TPC Four Seasons Resort,sg_putt,0.3625396223449496,0.3013355876184594,48,8
16283,"Rodgers, Patrick",896,Olympia Fields Country Club (North Course),sg_total,-0.8224414454575993,0.8247619918620935,14,8
16283,"Rodgers, Patrick",919,El Cardonal at Diamante,sg_total,1.6333723647261331,0.8241756895683453,10,8
16283,"Rodgers, Patrick",379,The Philadelphia Cricket Club (Wissahickon Course),sg_total,-0.07824240234493601,0.7585737211164316,9,8
16283,"Rodgers, Patrick",19,TPC Four Seasons Resort,sg_total,0.8275896618490199,0.7535983141081465,50,8
16283,"Rodgers, Patrick",43,The Los Angeles Country Club (North Course),sg_total,0.40936907748009926,0.7514161263884058,15,8
16283,"Rodgers, Patrick",552,Silverado Resort and Spa (North Course),sg_total,0.33972046080354573,0.7376139349852081,40,8
16283,"Rodgers, Patrick",978,Vidanta Vallarta,sg_total,0.9453811227518201,0.7044733074594649,17,8
16283,"Rodgers, Patrick",890,Tahoe Mountain Club (Old Greenwood),sg_total,0.9191397196772411,0.7001988553273849,19,8
16283,"Rodgers, Patrick",939,Torrey Pines Golf Course (South Course),sg_total,2.658869111398304,0.6930839691436437,10,8
16283,"Rodgers, Patrick",872,Quail Hollow Club,sg_total,-0.0165765718550413,0.6851889404998475,37,8
16283,"Rodgers, Patrick",238,Glen Oaks Club,sg_total,-1.1264240756057016,0.6241288288584754,28,8
16283,"Rodgers, Patrick",746,The Country Club of Jackson,sg_total,-0.8233369024244953,0.6225740180522429,34,8
16283,"Rodgers, Patrick",928,PGA National  - Champion Course,sg_total,0.8891686584555378,0.6132577956350657,13,8
16283,"Rodgers, Patrick",977,The Renaissance Club,sg_total,-1.6232294037076769,0.6111814446513488,20,8
16283,"Rodgers, Patrick",770,TPC San Antonio - The Oaks Course,sg_total,-1.8320850568387115,0.6076650388350318,54,8
16283,"Rodgers, Patrick",514,Oak Hill Country Club,sg_total,0.9031353635621084,0.6041384175417843,15,8
16283,"Rodgers, Patrick",897,Memorial Park Golf Course,sg_total,-1.3163930821692382,0.5969683733902095,30,8
16283,"Rodgers, Patrick",4,Torrey Pines Golf Course (South Course),sg_total,0.0971949444891907,0.5869275084275075,56,8
16283,"Rodgers, Patrick",205,Spyglass Hill Golf Course,sg_total,1.0062352772696401,0.557455820713923,53,8
16283,"Rodgers, Patrick",771,The Old White TPC,sg_total,-0.29271481268127625,0.5529609738461922,43,8
16283,"Rodgers, Patrick",822,Las Colinas Country Club,sg_total,-0.7038382486434509,0.5373709005340206,27,8
16283,"Rodgers, Patrick",689,El Bosque CC,sg_total,-1.3081683040220857,0.5233518693058378,52,8
16283,"Rodgers, Patrick",744,Torrey Pines (South),sg_total,1.1931593586293539,0.5214711179618798,46,8
16283,"Rodgers, Patrick",513,TPC Southwind,sg_total,-0.08855194162886748,0.5150057683020087,55,8
16283,"Rodgers, Patrick",800,The Abaco Club on Winding Bay,sg_total,1.4347112977524146,0.5085375076292757,35,8
16283,"Rodgers, Patrick",700,TPC Boston,sg_total,-2.193113562949638,0.507527023233339,54,8
16283,"Rodgers, Patrick",769,Monterey Peninsula CC,sg_total,-0.5631720786151108,0.5002066489573296,49,8
16283,"Rodgers, Patrick",538,TPC Summerlin,sg_total,-0.7673487671836197,0.43235476111085686,50,8
16283,"Rodgers, Patrick",241,Quail Hollow-PGA Championship,sg_total,-3.0571557754884537,0.4265006951284631,37,8
16283,"Rodgers, Patrick",902,Congaree Golf Club,sg_total,-0.07160988090771009,0.41161328631299193,21,8
16283,"Rodgers, Patrick",875,ACCORDIA GOLF Narashino Country Club,sg_total,-1.1907053059262889,0.386724896362914,20,8
16283,"Rodgers, Patrick",776,Sea Island Golf Club (Seaside Course),sg_total,0.20924698928676316,0.3755012307989047,47,8
16283,"Rodgers, Patrick",608,Oakmont Country Club,sg_total,1.1196232390630054,0.3547256152850429,53,8
16283,"Rodgers, Patrick",883,TPC Twin Cities,sg_total,-0.05271960313292967,0.35074426673837056,32,8
16283,"Rodgers, Patrick",876,Detroit Golf Club,sg_total,-0.400984714932157,0.3154707070451331,31,8
6093,"Rose, Justin",8,Trump National Doral,sg_app,-0.5018193006214309,0.9465251472181397,60,8
6093,"Rose, Justin",896,Olympia Fields Country Club (North Course),sg_app,-0.251442170113293,0.8315178735937293,13,8
6093,"Rose, Justin",928,PGA National  - Champion Course,sg_app,-1.2694656923153498,0.7671751837159452,13,8
6093,"Rose, Justin",939,Torrey Pines Golf Course (South Course),sg_app,-2.4493783958354802,0.7487285792532103,9,8
6093,"Rose, Justin",891,Winged Foot GC,sg_app,-2.0817246547531756,0.7126732274142469,23,8
6093,"Rose, Justin",935,TPC Toronto at Osprey Valley (North Course),sg_app,-0.8488012975060577,0.7116924721794581,6,8
6093,"Rose, Justin",240,Club de Golf Chapultepec,sg_app,-1.6575108024855765,0.7081210840226253,29,8
6093,"Rose, Justin",697,Ocean Course at Kiawah Island,sg_app,-0.8802116408438083,0.7069136776164395,24,8
6093,"Rose, Justin",241,Quail Hollow-PGA Championship,sg_app,0.001108703671503647,0.7056566483257517,34,8
6093,"Rose, Justin",4,Torrey Pines Golf Course (South Course),sg_app,0.5482309459994776,0.6702800253204808,51,8
6093,"Rose, Justin",724,Royal Liverpool,sg_app,0.2608555150657658,0.6632783746768827,14,8
6093,"Rose, Justin",880,Bethpage Black,sg_app,-0.1457286227781404,0.6551865014282398,28,8
6093,"Rose, Justin",43,The Los Angeles Country Club (North Course),sg_app,-1.56990656153124,0.652561798717866,13,8
6093,"Rose, Justin",872,Quail Hollow Club,sg_app,0.01574359650085655,0.6423650899143748,36,8
6093,"Rose, Justin",552,Silverado Resort and Spa (North Course),sg_app,-0.018620144633206354,0.6270648570577193,39,8
6093,"Rose, Justin",232,Albany GC,sg_app,0.1495113399771592,0.6223580975544195,7,8
6093,"Rose, Justin",898,The Concession Golf Club,sg_app,-1.0310854197594626,0.5978760108741452,13,8
6093,"Rose, Justin",665,Innisbrook Resort and Golf Club - Copperhead Course,sg_app,-0.3288278006929537,0.5909971343340352,54,8
6093,"Rose, Justin",700,TPC Boston,sg_app,-0.15224914221265795,0.5801062715329093,52,8
6093,"Rose, Justin",2000,Sherwood Country Club,sg_app,-0.27127920480927453,0.5541693573359622,12,8
6093,"Rose, Justin",744,Torrey Pines (South),sg_app,-1.5836128305606292,0.5291018199363902,20,8
6093,"Rose, Justin",14,Augusta National Golf Club,sg_app,0.7919169772787387,0.5249097184931832,23,8
6093,"Rose, Justin",770,TPC San Antonio - The Oaks Course,sg_app,0.04603827682210526,0.524784468692467,50,8
6093,"Rose, Justin",611,Southern Hills Country Club,sg_app,1.2781722900431263,0.5183385212389265,21,8
6093,"Rose, Justin",36,Le Triomphe G&CC,sg_app,-0.3039197561475019,0.511720899137967,58,8
6093,"Rose, Justin",527,Saucon Valley CC,sg_app,0.6876426246197023,0.49410026897104875,35,8
6093,"Rose, Justin",882,Caves Valley Golf Club,sg_app,0.676524578699131,0.4904074682099971,15,8
6093,"Rose, Justin",977,The Renaissance Club,sg_app,0.5297222960630734,0.47281672246556705,16,8
6093,"Rose, Justin",715,Baltusrol GC,sg_app,-1.4649740706220036,0.46574115836652397,35,8
6093,"Rose, Justin",625,LaCantera GC (Resort),sg_app,-1.3301459804608562,0.45683718971714415,22,8
6093,"Rose, Justin",885,Royal Portrush Golf Club,sg_app,-0.3817009449476282,0.4489419284589953,15,8
6093,"Rose, Justin",893,Muirfield Village Golf Club,sg_app,-2.5351128017335314,0.42322662719000703,23,8
6093,"Rose, Justin",510,TPC Scottsdale (Stadium Course),sg_app,-0.7938938946574268,0.4198044142274062,49,8
6093,"Rose, Justin",897,Memorial Park Golf Course,sg_app,0.41545030679178635,0.40296007074916906,29,8
6093,"Rose, Justin",745,iberostar real club de golf novo sancti petri,sg_app,-0.43347700017597524,0.35496164779815254,48,8
6093,"Rose, Justin",666,Pebble Beach Golf Links,sg_app,-0.6201104290958587,0.3362028317814147,27,8
6093,"Rose, Justin",528,Pinehurst Resort & Country Club (Course No. 2),sg_app,0.47064913029716654,0.3150926551363546,13,8
6093,"Rose, Justin",19,TPC Four Seasons Resort,sg_app,-0.9319236408194078,0.3150439971860182,48,8
6093,"Rose, Justin",8,Trump National Doral,sg_arg,-0.11014162611583136,0.9530423707413531,60,8
6093,"Rose, Justin",205,Spyglass Hill Golf Course,sg_arg,-0.19812436411113618,0.8931748466298375,10,8
6093,"Rose, Justin",608,Oakmont Country Club,sg_arg,0.1419626419499553,0.8244183901604997,10,8
6093,"Rose, Justin",744,Torrey Pines (South),sg_arg,-0.91604028918369,0.7582209181562641,20,8
6093,"Rose, Justin",238,Glen Oaks Club,sg_arg,0.08737359129653371,0.7336871596058964,27,8
6093,"Rose, Justin",706,Whistling Straits,sg_arg,-0.06278817000019532,0.6993047725504687,41,8
6093,"Rose, Justin",14,Augusta National Golf Club,sg_arg,0.1383677675374128,0.6966083272472707,23,8
6093,"Rose, Justin",699,Redstone GC (Fall Creek),sg_arg,-0.3592279463696172,0.6678905146391654,18,8
6093,"Rose, Justin",9,Arnold Palmer's Bay Hill Club & Lodge,sg_arg,-0.5667743936814944,0.6663502146645437,55,8
6093,"Rose, Justin",772,St. George's G&CC,sg_arg,-0.3155355746088933,0.654429616156167,22,8
6093,"Rose, Justin",939,Torrey Pines Golf Course (South Course),sg_arg,0.4674013317533728,0.6481740336083687,9,8
6093,"Rose, Justin",896,Olympia Fields Country Club (North Course),sg_arg,0.018388162638463594,0.6081893022397992,13,8
6093,"Rose, Justin",977,The Renaissance Club,sg_arg,0.0431203099452712,0.5766157384771762,16,8
6093,"Rose, Justin",773,Aronimink GC,sg_arg,0.8121902453100682,0.5548743356281888,36,8
6093,"Rose, Justin",528,Pinehurst Resort & Country Club (Course No. 2),sg_arg,0.43741525104180146,0.5246733621084892,13,8
6093,"Rose, Justin",873,Ridgewood CC,sg_arg,-0.7155218625013474,0.5205492472184076,22,8
6093,"Rose, Justin",19,TPC Four Seasons Resort,sg_arg,-1.3734062710647474,0.5175416912724531,48,8
6093,"Rose, Justin",611,Southern Hills Country Club,sg_arg,0.40128648039644804,0.4980626838282213,21,8
6093,"Rose, Justin",716,Shaughnessy G&CC,sg_arg,0.29768617878638504,0.47292459226589256,23,8
6093,"Rose, Justin",514,Oak Hill Country Club,sg_arg,0.5572365886257374,0.4528767618255562,14,8
6093,"Rose, Justin",625,LaCantera GC (Resort),sg_arg,0.35237039044111645,0.44378838630574374,22,8
6093,"Rose, Justin",649,Hualalai Golf Course,sg_arg,0.49133500881532405,0.44183968801198004,36,8
6093,"Rose, Justin",698,Quail Hollow Club,sg_arg,-0.08666783809524778,0.41704133255957127,52,8
6093,"Rose, Justin",697,Ocean Course at Kiawah Island,sg_arg,-0.857065719557944,0.4160654028125454,24,8
6093,"Rose, Justin",503,TPC River Highlands,sg_arg,-0.3387586093245706,0.4014194396486374,51,8
6093,"Rose, Justin",885,Royal Portrush Golf Club,sg_arg,0.8703105824960938,0.39205476717281856,15,8
6093,"Rose, Justin",4,Torrey Pines Golf Course (South Course),sg_arg,0.003554108428186417,0.3899247548025363,51,8
6093,"Rose, Justin",729,Golf Club of Houston,sg_arg,-0.11680252569265626,0.3790111774135132,54,8
6093,"Rose, Justin",500,The Riviera Country Club,sg_arg,-0.22112629310497112,0.36910745033253783,54,8
6093,"Rose, Justin",616,Robert Trent Jones GC,sg_arg,-0.03303367658766354,0.32818114468011245,15,8
6093,"Rose, Justin",552,Silverado Resort and Spa (North Course),sg_arg,0.09688969962781405,0.30969972483809577,39,8
6093,"Rose, Justin",745,iberostar real club de golf novo sancti petri,sg_arg,0.0812435631073937,0.303356471156665,48,8
6093,"Rose, Justin",8,Trump National Doral,sg_ott,0.16421550725545223,0.9516191919070657,60,8
6093,"Rose, Justin",697,Ocean Course at Kiawah Island,sg_ott,0.6948624011188377,0.8177837473279898,24,8
6093,"Rose, Justin",514,Oak Hill Country Club,sg_ott,-0.6291102323802392,0.8127203741169257,14,8
6093,"Rose, Justin",706,Whistling Straits,sg_ott,0.7075326481501601,0.8125271659699387,41,8
6093,"Rose, Justin",656,Plantation Course at Kapalua,sg_ott,-0.48977039239693043,0.8079739846971773,45,8
6093,"Rose, Justin",897,Memorial Park Golf Course,sg_ott,0.40829058198446966,0.7975910700248214,29,8
6093,"Rose, Justin",666,Pebble Beach Golf Links,sg_ott,-0.14589043433197288,0.7832355819650828,27,8
6093,"Rose, Justin",19,TPC Four Seasons Resort,sg_ott,1.2096802236817008,0.7592243617778875,48,8
6093,"Rose, Justin",689,El Bosque CC,sg_ott,-0.1644647630456329,0.7580306354046243,42,8
6093,"Rose, Justin",505,Cherry Hills CC,sg_ott,0.1334060301722034,0.7529027101413989,25,8
6093,"Rose, Justin",773,Aronimink GC,sg_ott,0.1704317695751413,0.7357449899129523,36,8
6093,"Rose, Justin",205,Spyglass Hill Golf Course,sg_ott,-1.002057669919062,0.7354241572242235,10,8
6093,"Rose, Justin",665,Innisbrook Resort and Golf Club - Copperhead Course,sg_ott,0.11054105881846513,0.7274722902336741,54,8
6093,"Rose, Justin",36,Le Triomphe G&CC,sg_ott,0.12267781864855104,0.721117445741737,58,8
6093,"Rose, Justin",872,Quail Hollow Club,sg_ott,0.06836202456666188,0.7095329685955294,36,8
6093,"Rose, Justin",232,Albany GC,sg_ott,0.8760028224098162,0.6990513806604631,7,8
6093,"Rose, Justin",895,TPC Harding Park,sg_ott,-0.43650367999444417,0.6913221539478895,25,8
6093,"Rose, Justin",789,Conway Farms GC,sg_ott,0.1676947013974199,0.6765431912571337,34,8
6093,"Rose, Justin",43,The Los Angeles Country Club (North Course),sg_ott,-0.28811721388635136,0.6561752385219565,13,8
6093,"Rose, Justin",744,Torrey Pines (South),sg_ott,-0.33087768910117865,0.6527298605945488,20,8
6093,"Rose, Justin",27,Hillcrest Country Club,sg_ott,0.20551147791504645,0.6443698871194266,35,8
6093,"Rose, Justin",939,Torrey Pines Golf Course (South Course),sg_ott,-0.077860198628662,0.6420342944454386,9,8
6093,"Rose, Justin",348,Medinah Country Club (No. 3),sg_ott,-0.3916404979230521,0.6402835614018546,18,8
6093,"Rose, Justin",528,Pinehurst Resort & Country Club (Course No. 2),sg_ott,-0.1737936403788246,0.605912040107582,13,8
6093,"Rose, Justin",704,Pete Dye Stadium Course,sg_ott,0.21589467755782557,0.5925443054801743,33,8
6093,"Rose, Justin",2000,Sherwood Country Club,sg_ott,-0.05003262805063836,0.5798439179510387,12,8
6093,"Rose, Justin",729,Golf Club of Houston,sg_ott,-0.8432123398529217,0.5762066930736335,54,8
6093,"Rose, Justin",781,Plainfield CC,sg_ott,-0.019013490863055926,0.5503579288030632,43,8
6093,"Rose, Justin",671,Valhalla Golf Club,sg_ott,0.36516636322770246,0.5447209390309542,42,8
6093,"Rose, Justin",873,Ridgewood CC,sg_ott,-0.38715783038092055,0.5404273606561777,22,8
6093,"Rose, Justin",13,Forest Oaks CC,sg_ott,0.018291070859294517,0.5395615398376821,17,8
6093,"Rose, Justin",534,Bellerive CC,sg_ott,0.1062813998747405,0.5266986928376094,42,8
6093,"Rose, Justin",21,Colonial Country Club,sg_ott,0.1718155070514689,0.5148436857747805,50,8
6093,"Rose, Justin",745,iberostar real club de golf novo sancti petri,sg_ott,0.18279609785146364,0.512595938540274,48,8
6093,"Rose, Justin",716,Shaughnessy G&CC,sg_ott,0.6203400734932761,0.4909383551880704,23,8
6093,"Rose, Justin",654,The Country Club,sg_ott,-0.3249057206534614,0.4887135329746615,13,8
6093,"Rose, Justin",698,Quail Hollow Club,sg_ott,0.21277200081046607,0.4783427498881751,52,8
6093,"Rose, Justin",625,LaCantera GC (Resort),sg_ott,0.35112519421676713,0.4563859774020476,22,8
6093,"Rose, Justin",734,PGA National Resort (The Champion),sg_ott,-0.4710833632998348,0.45228278937398675,56,8
6093,"Rose, Justin",770,TPC San Antonio - The Oaks Course,sg_ott,0.15402629970685608,0.45218651003185867,50,8
6093,"Rose, Justin",241,Quail Hollow-PGA Championship,sg_ott,-0.04856461435625694,0.443843453458752,34,8
6093,"Rose, Justin",723,The Classic Club,sg_ott,-2.0125712320262186,0.4296540057751264,18,8
6093,"Rose, Justin",14,Augusta National Golf Club,sg_ott,0.3942993537998154,0.42768357649408206,23,8
6093,"Rose, Justin",772,St. George's G&CC,sg_ott,0.6400752217875159,0.3888480133012952,22,8
6093,"Rose, Justin",32,Glen Abbey GC,sg_ott,0.7268383244933873,0.38804505962737723,40,8
6093,"Rose, Justin",5,Pebble Beach Golf Links,sg_ott,0.25043815955548165,0.37764395709692644,49,8
6093,"Rose, Justin",500,The Riviera Country Club,sg_ott,-0.42497965350308753,0.3722795836501979,54,8
6093,"Rose, Justin",709,Royal Troon,sg_ott,1.14660976595508,0.3555471361658512,14,8
6093,"Rose, Justin",700,TPC Boston,sg_ott,0.04511443153401354,0.31039427326405605,52,8
6093,"Rose, Justin",8,Trump National Doral,sg_putt,-0.12248824649939617,0.9467615659341958,60,8
6093,"Rose, Justin",709,Royal Troon,sg_putt,0.8513378416461593,0.8553792953613122,14,8
6093,"Rose, Justin",2000,Sherwood Country Club,sg_putt,0.8621645094967175,0.8489529445552979,12,8
6093,"Rose, Justin",928,PGA National  - Champion Course,sg_putt,-0.16111232853603275,0.8319135400555944,13,8
6093,"Rose, Justin",552,Silverado Resort and Spa (North Course),sg_putt,0.507949106643854,0.7652038880499961,39,8
6093,"Rose, Justin",896,Olympia Fields Country Club (North Course),sg_putt,0.41336742746826677,0.7300243530921173,13,8
6093,"Rose, Justin",935,TPC Toronto at Osprey Valley (North Course),sg_putt,1.9579605015493908,0.7214011843267554,6,8
6093,"Rose, Justin",625,LaCantera GC (Resort),sg_putt,1.2567120007055503,0.7194449867851495,22,8
6093,"Rose, Justin",715,Baltusrol GC,sg_putt,0.8971501871410625,0.6977005838536325,35,8
6093,"Rose, Justin",716,Shaughnessy G&CC,sg_putt,-0.9547342783196623,0.674144278098646,23,8
6093,"Rose, Justin",744,Torrey Pines (South),sg_putt,-1.8527498212862448,0.6493713284526129,20,8
6093,"Rose, Justin",789,Conway Farms GC,sg_putt,0.4187217887596684,0.6488976184206149,34,8
6093,"Rose, Justin",616,Robert Trent Jones GC,sg_putt,0.14605763407788214,0.6145951362159888,15,8
6093,"Rose, Justin",689,El Bosque CC,sg_putt,-0.25782303908594295,0.6122961641627417,42,8
6093,"Rose, Justin",697,Ocean Course at Kiawah Island,sg_putt,2.8195182388530275,0.6047937213752724,24,8
6093,"Rose, Justin",745,iberostar real club de golf novo sancti petri,sg_putt,-0.5152541787590869,0.582420842072087,48,8
6093,"Rose, Justin",505,Cherry Hills CC,sg_putt,-0.005820969542312496,0.5727829869764955,25,8
6093,"Rose, Justin",43,The Los Angeles Country Club (North Course),sg_putt,-0.917049401635959,0.5587238547117286,13,8
6093,"Rose, Justin",908,Oakdale Golf & Country Club,sg_putt,0.48542425141355666,0.5541251730836958,10,8
6093,"Rose, Justin",706,Whistling Straits,sg_putt,1.7981961756472098,0.5413193747753923,41,8
6093,"Rose, Justin",608,Oakmont Country Club,sg_putt,-1.0126913859704143,0.5378019635320631,10,8
6093,"Rose, Justin",873,Ridgewood CC,sg_putt,-3.423412175456956,0.5371535915100778,22,8
6093,"Rose, Justin",898,The Concession Golf Club,sg_putt,-0.540980011773003,0.5261112008538217,13,8
6093,"Rose, Justin",723,The Classic Club,sg_putt,0.5770304431387843,0.5246091505562492,18,8
6093,"Rose, Justin",773,Aronimink GC,sg_putt,1.1090949268406678,0.5110050494003415,36,8
6093,"Rose, Justin",872,Quail Hollow Club,sg_putt,-1.0272307774389937,0.5080732719746718,36,8
6093,"Rose, Justin",770,TPC San Antonio - The Oaks Course,sg_putt,0.09981374090785368,0.49979074287184344,50,8
6093,"Rose, Justin",977,The Renaissance Club,sg_putt,-0.37100714591051726,0.49863130395531924,16,8
6093,"Rose, Justin",897,Memorial Park Golf Course,sg_putt,1.1185437424824203,0.46100063008810405,29,8
6093,"Rose, Justin",649,Hualalai Golf Course,sg_putt,-2.918175739820972,0.45688429085995663,36,8
6093,"Rose, Justin",665,Innisbrook Resort and Golf Club - Copperhead Course,sg_putt,-0.3193112000961711,0.42909909172145166,54,8
6093,"Rose, Justin",891,Winged Foot GC,sg_putt,0.31086516799833386,0.4283793448531367,23,8
6093,"Rose, Justin",514,Oak Hill Country Club,sg_putt,0.679927973975869,0.3788799219519931,14,8
6093,"Rose, Justin",882,Caves Valley Golf Club,sg_putt,-0.559597247832485,0.36537833409543036,15,8
6093,"Rose, Justin",886,Liberty National Golf Club,sg_putt,1.4036900869846263,0.30772935775047244,27,8
6093,"Rose, Justin",19,TPC Four Seasons Resort,sg_putt,0.7133701033491906,0.3013355876184594,48,8
6093,"Rose, Justin",8,Trump National Doral,sg_total,-0.6693658763181718,0.9534045421133684,71,8
6093,"Rose, Justin",896,Olympia Fields Country Club (North Course),sg_total,0.1065321251357988,0.8247619918620935,14,8
6093,"Rose, Justin",379,The Philadelphia Cricket Club (Wissahickon Course),sg_total,-5.279855907068936,0.7585737211164316,9,8
6093,"Rose, Justin",19,TPC Four Seasons Resort,sg_total,-0.12531458236296672,0.7535983141081465,50,8
6093,"Rose, Justin",43,The Los Angeles Country Club (North Course),sg_total,-1.4137669503713926,0.7514161263884058,15,8
6093,"Rose, Justin",552,Silverado Resort and Spa (North Course),sg_total,-0.32628103595419033,0.7376139349852081,40,8
6093,"Rose, Justin",102,Bermuda Dunes CC,sg_total,1.582757668215049,0.7258285884410856,27,8
6093,"Rose, Justin",891,Winged Foot GC,sg_total,-2.0937640090944045,0.716785908305173,25,8
6093,"Rose, Justin",773,Aronimink GC,sg_total,1.38049262325559,0.7020395410088385,37,8
6093,"Rose, Justin",939,Torrey Pines Golf Course (South Course),sg_total,-1.5304588623566286,0.6930839691436437,10,8
6093,"Rose, Justin",625,LaCantera GC (Resort),sg_total,0.8152815500015712,0.6868191854628509,22,8
6093,"Rose, Justin",872,Quail Hollow Club,sg_total,-0.9870656044794806,0.6851889404998475,37,8
6093,"Rose, Justin",238,Glen Oaks Club,sg_total,0.6662388181976872,0.6241288288584754,28,8
6093,"Rose, Justin",706,Whistling Straits,sg_total,1.6900072458255089,0.6145503734924044,59,8
6093,"Rose, Justin",928,PGA National  - Champion Course,sg_total,-2.068133590573175,0.6132577956350657,13,8
6093,"Rose, Justin",977,The Renaissance Club,sg_total,0.14996015322057898,0.6111814446513488,20,8
6093,"Rose, Justin",895,TPC Harding Park,sg_total,1.7667156379518003,0.6084200207744371,26,8
6093,"Rose, Justin",770,TPC San Antonio - The Oaks Course,sg_total,-0.5650817331234791,0.6076650388350318,54,8
6093,"Rose, Justin",781,Plainfield CC,sg_total,0.016978536457445292,0.6050669110305169,43,8
6093,"Rose, Justin",514,Oak Hill Country Club,sg_total,1.9193264469027174,0.6041384175417843,15,8
6093,"Rose, Justin",240,Club de Golf Chapultepec,sg_total,-1.5867349917924258,0.6020028570371451,32,8
6093,"Rose, Justin",897,Memorial Park Golf Course,sg_total,1.6348834925410989,0.5969683733902095,30,8
6093,"Rose, Justin",4,Torrey Pines Golf Course (South Course),sg_total,0.5580092896025078,0.5869275084275075,56,8
6093,"Rose, Justin",205,Spyglass Hill Golf Course,sg_total,1.43751196170947,0.557455820713923,53,8
6093,"Rose, Justin",818,Chambers Bay GC,sg_total,-1.0484829009577352,0.5439215943066038,38,8
6093,"Rose, Justin",666,Pebble Beach Golf Links,sg_total,0.8683814216151068,0.5426232759381483,49,8
6093,"Rose, Justin",14,Augusta National Golf Club,sg_total,1.6081078866204828,0.5394044836198019,65,8
6093,"Rose, Justin",885,Royal Portrush Golf Club,sg_total,1.245109277804803,0.52887766569415,30,8
6093,"Rose, Justin",689,El Bosque CC,sg_total,-1.108713635844254,0.5233518693058378,52,8
6093,"Rose, Justin",744,Torrey Pines (South),sg_total,-4.790670095964071,0.5214711179618798,46,8
6093,"Rose, Justin",513,TPC Southwind,sg_total,0.8155151294213984,0.5150057683020087,55,8
6093,"Rose, Justin",610,Turnberry (Ailsa),sg_total,1.420480826908031,0.5137693785893293,42,8
6093,"Rose, Justin",700,TPC Boston,sg_total,-0.3349956950753705,0.507527023233339,54,8
6093,"Rose, Justin",780,Atlanta Athletic Club,sg_total,-0.7532104666692562,0.5002089628986955,46,8
6093,"Rose, Justin",769,Monterey Peninsula CC,sg_total,1.346218577734335,0.5002066489573296,49,8
6093,"Rose, Justin",302,Tamarisk CC,sg_total,-4.203716855409774,0.47425315083607933,15,8
6093,"Rose, Justin",743,Oakland Hills CC (South),sg_total,1.7563723877144009,0.4723677300135347,38,8
6093,"Rose, Justin",232,Albany GC,sg_total,0.9004537246393888,0.4445505341369429,18,8
6093,"Rose, Justin",100,Omni Tucson National,sg_total,1.688850432375598,0.4299162671909255,45,8
6093,"Rose, Justin",527,Saucon Valley CC,sg_total,-0.6953111594340918,0.42812608891688303,43,8
6093,"Rose, Justin",505,Cherry Hills CC,sg_total,-1.6328079118633494,0.42732051022224193,25,8
6093,"Rose, Justin",241,Quail Hollow-PGA Championship,sg_total,-3.074678514919899,0.4265006951284631,37,8
6093,"Rose, Justin",778,Royal St. George's GC,sg_total,-0.3510593320488321,0.3865346771917013,50,8
6093,"Rose, Justin",776,Sea Island Golf Club (Seaside Course),sg_total,0.22110042014457,0.3755012307989047,47,8
6093,"Rose, Justin",608,Oakmont Country Club,sg_total,-2.554216823374066,0.3547256152850429,53,8
6093,"Rose, Justin",880,Bethpage Black,sg_total,-0.6793845320059871,0.3513476172401144,30,8
18417,"Scheffler, Scottie",896,Olympia Fields Country Club (North Course),sg_app,1.0185750296346956,0.8315178735937293,13,8
18417,"Scheffler, Scottie",939,Torrey Pines Golf Course (South Course),sg_app,-0.7063718750387813,0.7487285792532103,9,8
18417,"Scheffler, Scottie",902,Congaree Golf Club,sg_app,-0.4378922607122204,0.7464172844547262,20,8
18417,"Scheffler, Scottie",240,Club de Golf Chapultepec,sg_app,-0.5358397950394834,0.7081210840226253,29,8
18417,"Scheffler, Scottie",697,Ocean Course at Kiawah Island,sg_app,0.2735668067643434,0.7069136776164395,24,8
18417,"Scheffler, Scottie",241,Quail Hollow-PGA Championship,sg_app,-0.08072320974839571,0.7056566483257517,34,8
18417,"Scheffler, Scottie",876,Detroit Golf Club,sg_app,-2.804902945083717,0.6896168809184317,29,8
18417,"Scheffler, Scottie",4,Torrey Pines Golf Course (South Course),sg_app,1.1862788648533253,0.6702800253204808,51,8
18417,"Scheffler, Scottie",724,Royal Liverpool,sg_app,-0.03360665428183303,0.6632783746768827,14,8
18417,"Scheffler, Scottie",43,The Los Angeles Country Club (North Course),sg_app,0.6412804747886901,0.652561798717866,13,8
18417,"Scheffler, Scottie",232,Albany GC,sg_app,-0.31341464388429935,0.6223580975544195,7,8
18417,"Scheffler, Scottie",898,The Concession Golf Club,sg_app,1.005756367609398,0.5978760108741452,13,8
18417,"Scheffler, Scottie",665,Innisbrook Resort and Golf Club - Copperhead Course,sg_app,0.4264805798536566,0.5909971343340352,54,8
18417,"Scheffler, Scottie",700,TPC Boston,sg_app,1.0004323416240504,0.5801062715329093,52,8
18417,"Scheffler, Scottie",2000,Sherwood Country Club,sg_app,-0.04511985979546536,0.5541693573359622,12,8
18417,"Scheffler, Scottie",744,Torrey Pines (South),sg_app,0.35662625960354144,0.5291018199363902,20,8
18417,"Scheffler, Scottie",14,Augusta National Golf Club,sg_app,0.25583593150740547,0.5249097184931832,23,8
18417,"Scheffler, Scottie",770,TPC San Antonio - The Oaks Course,sg_app,-0.2548743333074041,0.524784468692467,50,8
18417,"Scheffler, Scottie",611,Southern Hills Country Club,sg_app,0.7761674370959062,0.5183385212389265,21,8
18417,"Scheffler, Scottie",882,Caves Valley Golf Club,sg_app,0.2673084828979055,0.4904074682099971,15,8
18417,"Scheffler, Scottie",977,The Renaissance Club,sg_app,0.15704375791675818,0.47281672246556705,16,8
18417,"Scheffler, Scottie",771,The Old White TPC,sg_app,1.8193299817250952,0.47094988388515785,41,8
18417,"Scheffler, Scottie",885,Royal Portrush Golf Club,sg_app,1.1264111399607457,0.4489419284589953,15,8
18417,"Scheffler, Scottie",893,Muirfield Village Golf Club,sg_app,-0.8612672899862855,0.42322662719000703,23,8
18417,"Scheffler, Scottie",510,TPC Scottsdale (Stadium Course),sg_app,-0.05910344338992103,0.4198044142274062,49,8
18417,"Scheffler, Scottie",897,Memorial Park Golf Course,sg_app,-0.06936821234163254,0.40296007074916906,29,8
18417,"Scheffler, Scottie",406,Castle Pines Golf Club,sg_app,-2.0694547208571636,0.37629742151287615,7,8
18417,"Scheffler, Scottie",666,Pebble Beach Golf Links,sg_app,-0.5505795634205891,0.3362028317814147,27,8
18417,"Scheffler, Scottie",528,Pinehurst Resort & Country Club (Course No. 2),sg_app,0.1376315046928222,0.3150926551363546,13,8
18417,"Scheffler, Scottie",205,Spyglass Hill Golf Course,sg_arg,1.0635875141790145,0.8931748466298375,10,8
18417,"Scheffler, Scottie",608,Oakmont Country Club,sg_arg,0.4328418100722249,0.8244183901604997,10,8
18417,"Scheffler, Scottie",744,Torrey Pines (South),sg_arg,-0.5790407103426678,0.7582209181562641,20,8
18417,"Scheffler, Scottie",14,Augusta National Golf Club,sg_arg,0.5946686717563099,0.6966083272472707,23,8
18417,"Scheffler, Scottie",9,Arnold Palmer's Bay Hill Club & Lodge,sg_arg,0.4529222597762236,0.6663502146645437,55,8
18417,"Scheffler, Scottie",772,St. George's G&CC,sg_arg,0.02501740096472603,0.654429616156167,22,8
18417,"Scheffler, Scottie",939,Torrey Pines Golf Course (South Course),sg_arg,0.8417321975448339,0.6481740336083687,9,8
18417,"Scheffler, Scottie",896,Olympia Fields Country Club (North Course),sg_arg,-0.018209873706980906,0.6081893022397992,13,8
18417,"Scheffler, Scottie",977,The Renaissance Club,sg_arg,-0.3174813926491199,0.5766157384771762,16,8
18417,"Scheffler, Scottie",528,Pinehurst Resort & Country Club (Course No. 2),sg_arg,0.024723932987667604,0.5246733621084892,13,8
18417,"Scheffler, Scottie",611,Southern Hills Country Club,sg_arg,-0.7211847473756926,0.4980626838282213,21,8
18417,"Scheffler, Scottie",514,Oak Hill Country Club,sg_arg,0.5739002167847252,0.4528767618255562,14,8
18417,"Scheffler, Scottie",697,Ocean Course at Kiawah Island,sg_arg,-0.24361367671777207,0.4160654028125454,24,8
18417,"Scheffler, Scottie",503,TPC River Highlands,sg_arg,-0.026521000976806992,0.4014194396486374,51,8
18417,"Scheffler, Scottie",894,TPC Craig Ranch,sg_arg,-0.01902581344564583,0.3960272487602276,24,8
18417,"Scheffler, Scottie",885,Royal Portrush Golf Club,sg_arg,-0.9206081917600895,0.39205476717281856,15,8
18417,"Scheffler, Scottie",4,Torrey Pines Golf Course (South Course),sg_arg,-0.2885920799375897,0.3899247548025363,51,8
18417,"Scheffler, Scottie",729,Golf Club of Houston,sg_arg,0.40509855825926305,0.3790111774135132,54,8
18417,"Scheffler, Scottie",500,The Riviera Country Club,sg_arg,0.24184467206133586,0.36910745033253783,54,8
18417,"Scheffler, Scottie",902,Congaree Golf Club,sg_arg,-0.8859570486566943,0.31392215570295146,20,8
18417,"Scheffler, Scottie",901,Wilmington Country Club,sg_ott,0.18947276543375627,0.8630761206823632,8,8
18417,"Scheffler, Scottie",746,The Country Club of Jackson,sg_ott,-0.07314625864344379,0.8252517828177022,32,8
18417,"Scheffler, Scottie",697,Ocean Course at Kiawah Island,sg_ott,0.20824651975895708,0.8177837473279898,24,8
18417,"Scheffler, Scottie",514,Oak Hill Country Club,sg_ott,0.9000068406283106,0.8127203741169257,14,8
18417,"Scheffler, Scottie",921,TPC Craig Ranch,sg_ott,0.22396334179500132,0.8124938419538594,15,8
18417,"Scheffler, Scottie",656,Plantation Course at Kapalua,sg_ott,-0.1224819793480551,0.8079739846971773,45,8
18417,"Scheffler, Scottie",897,Memorial Park Golf Course,sg_ott,-0.3198185411013813,0.7975910700248214,29,8
18417,"Scheffler, Scottie",666,Pebble Beach Golf Links,sg_ott,0.19015397112331728,0.7832355819650828,27,8
18417,"Scheffler, Scottie",205,Spyglass Hill Golf Course,sg_ott,-0.12857211442386257,0.7354241572242235,10,8
18417,"Scheffler, Scottie",665,Innisbrook Resort and Golf Club - Copperhead Course,sg_ott,0.12756246735825486,0.7274722902336741,54,8
18417,"Scheffler, Scottie",232,Albany GC,sg_ott,0.5165550415161853,0.6990513806604631,7,8
18417,"Scheffler, Scottie",895,TPC Harding Park,sg_ott,0.4341478472211663,0.6913221539478895,25,8
18417,"Scheffler, Scottie",43,The Los Angeles Country Club (North Course),sg_ott,0.1902133679582822,0.6561752385219565,13,8
18417,"Scheffler, Scottie",744,Torrey Pines (South),sg_ott,-0.6020300193361471,0.6527298605945488,20,8
18417,"Scheffler, Scottie",939,Torrey Pines Golf Course (South Course),sg_ott,-0.6852730153079161,0.6420342944454386,9,8
18417,"Scheffler, Scottie",528,Pinehurst Resort & Country Club (Course No. 2),sg_ott,-0.7849992015740289,0.605912040107582,13,8
18417,"Scheffler, Scottie",704,Pete Dye Stadium Course,sg_ott,0.08613210789706183,0.5925443054801743,33,8
18417,"Scheffler, Scottie",2000,Sherwood Country Club,sg_ott,1.116705424699013,0.5798439179510387,12,8
18417,"Scheffler, Scottie",729,Golf Club of Houston,sg_ott,0.7358571174458691,0.5762066930736335,54,8
18417,"Scheffler, Scottie",671,Valhalla Golf Club,sg_ott,-0.09574402777735944,0.5447209390309542,42,8
18417,"Scheffler, Scottie",243,Trinity Forest Golf Club,sg_ott,0.7481009844541849,0.5300807114908475,23,8
18417,"Scheffler, Scottie",21,Colonial Country Club,sg_ott,0.10318940863054468,0.5148436857747805,50,8
18417,"Scheffler, Scottie",654,The Country Club,sg_ott,0.6127988865161466,0.4887135329746615,13,8
18417,"Scheffler, Scottie",926,Silverado Resort (North Course),sg_ott,0.06622926884255675,0.4695369826470083,14,8
18417,"Scheffler, Scottie",770,TPC San Antonio - The Oaks Course,sg_ott,0.23762465235652097,0.45218651003185867,50,8
18417,"Scheffler, Scottie",241,Quail Hollow-PGA Championship,sg_ott,0.23565980544402382,0.443843453458752,34,8
18417,"Scheffler, Scottie",14,Augusta National Golf Club,sg_ott,0.018905003840621236,0.42768357649408206,23,8
18417,"Scheffler, Scottie",772,St. George's G&CC,sg_ott,-0.12455725110702884,0.3888480133012952,22,8
18417,"Scheffler, Scottie",5,Pebble Beach Golf Links,sg_ott,-0.2972336803290499,0.37764395709692644,49,8
18417,"Scheffler, Scottie",500,The Riviera Country Club,sg_ott,-0.18754975846349373,0.3722795836501979,54,8
18417,"Scheffler, Scottie",709,Royal Troon,sg_ott,-0.42171291027548724,0.3555471361658512,14,8
18417,"Scheffler, Scottie",700,TPC Boston,sg_ott,0.23740895520620658,0.31039427326405605,52,8
18417,"Scheffler, Scottie",709,Royal Troon,sg_putt,-0.7307341214567848,0.8553792953613122,14,8
18417,"Scheffler, Scottie",2000,Sherwood Country Club,sg_putt,-1.1051377193243448,0.8489529445552979,12,8
18417,"Scheffler, Scottie",243,Trinity Forest Golf Club,sg_putt,0.17486286709114066,0.7803268512585968,23,8
18417,"Scheffler, Scottie",896,Olympia Fields Country Club (North Course),sg_putt,-0.43517697984352705,0.7300243530921173,13,8
18417,"Scheffler, Scottie",744,Torrey Pines (South),sg_putt,1.9780908091750526,0.6493713284526129,20,8
18417,"Scheffler, Scottie",697,Ocean Course at Kiawah Island,sg_putt,1.0889265027041797,0.6047937213752724,24,8
18417,"Scheffler, Scottie",43,The Los Angeles Country Club (North Course),sg_putt,0.22896516551135146,0.5587238547117286,13,8
18417,"Scheffler, Scottie",608,Oakmont Country Club,sg_putt,0.26465035257363634,0.5378019635320631,10,8
18417,"Scheffler, Scottie",898,The Concession Golf Club,sg_putt,0.7622987806397237,0.5261112008538217,13,8
18417,"Scheffler, Scottie",668,St. Andrews Links (Old Course),sg_putt,-0.703724487658113,0.5243576462108127,16,8
18417,"Scheffler, Scottie",770,TPC San Antonio - The Oaks Course,sg_putt,-0.5166783959031613,0.49979074287184344,50,8
18417,"Scheffler, Scottie",977,The Renaissance Club,sg_putt,-0.7643682753247494,0.49863130395531924,16,8
18417,"Scheffler, Scottie",902,Congaree Golf Club,sg_putt,-1.1688077909977261,0.47712841747238366,20,8
18417,"Scheffler, Scottie",897,Memorial Park Golf Course,sg_putt,0.49918187186379703,0.46100063008810405,29,8
18417,"Scheffler, Scottie",665,Innisbrook Resort and Golf Club - Copperhead Course,sg_putt,-0.10999526025712231,0.42909909172145166,54,8
18417,"Scheffler, Scottie",538,TPC Summerlin,sg_putt,0.1792006972802471,0.38935899749088204,47,8
18417,"Scheffler, Scottie",514,Oak Hill Country Club,sg_putt,0.256848673177937,0.3788799219519931,14,8
18417,"Scheffler, Scottie",882,Caves Valley Golf Club,sg_putt,-0.01681888868675524,0.36537833409543036,15,8
18417,"Scheffler, Scottie",886,Liberty National Golf Club,sg_putt,-0.9174776221146894,0.30772935775047244,27,8
18417,"Scheffler, Scottie",896,Olympia Fields Country Club (North Course),sg_total,1.0891546321846453,0.8247619918620935,14,8
18417,"Scheffler, Scottie",19,TPC Four Seasons Resort,sg_total,1.2331162190567544,0.7535983141081465,50,8
18417,"Scheffler, Scottie",43,The Los Angeles Country Club (North Course),sg_total,1.0097529261025455,0.7514161263884058,15,8
18417,"Scheffler, Scottie",406,Castle Pines Golf Club,sg_total,-3.215842415182817,0.7413756204749691,8,8
18417,"Scheffler, Scottie",901,Wilmington Country Club,sg_total,0.8544927077235424,0.7257352782065652,8,8
18417,"Scheffler, Scottie",933,East Lake Golf Club,sg_total,0.6629958185787014,0.6988564682519897,7,8
18417,"Scheffler, Scottie",939,Torrey Pines Golf Course (South Course),sg_total,-0.22628918447367408,0.6930839691436437,10,8
18417,"Scheffler, Scottie",746,The Country Club of Jackson,sg_total,-0.3135707167006716,0.6225740180522429,34,8
18417,"Scheffler, Scottie",977,The Renaissance Club,sg_total,-1.0578806053724783,0.6111814446513488,20,8
18417,"Scheffler, Scottie",895,TPC Harding Park,sg_total,2.321156293957584,0.6084200207744371,26,8
18417,"Scheffler, Scottie",770,TPC San Antonio - The Oaks Course,sg_total,-0.5696450467035123,0.6076650388350318,54,8
18417,"Scheffler, Scottie",514,Oak Hill Country Club,sg_total,2.1057683165501615,0.6041384175417843,15,8
18417,"Scheffler, Scottie",240,Club de Golf Chapultepec,sg_total,0.26822444535520196,0.6020028570371451,32,8
18417,"Scheffler, Scottie",897,Memorial Park Golf Course,sg_total,0.08639325968101258,0.5969683733902095,30,8
18417,"Scheffler, Scottie",4,Torrey Pines Golf Course (South Course),sg_total,-1.1143844669120075,0.5869275084275075,56,8
18417,"Scheffler, Scottie",205,Spyglass Hill Golf Course,sg_total,0.17497362220773993,0.557455820713923,53,8
18417,"Scheffler, Scottie",771,The Old White TPC,sg_total,1.6118892316677749,0.5529609738461922,43,8
18417,"Scheffler, Scottie",666,Pebble Beach Golf Links,sg_total,-0.6783145810603579,0.5426232759381483,49,8
18417,"Scheffler, Scottie",14,Augusta National Golf Club,sg_total,0.8013862012972471,0.5394044836198019,65,8
18417,"Scheffler, Scottie",885,Royal Portrush Golf Club,sg_total,1.182450156363899,0.52887766569415,30,8
18417,"Scheffler, Scottie",744,Torrey Pines (South),sg_total,1.0677147330051424,0.5214711179618798,46,8
18417,"Scheffler, Scottie",513,TPC Southwind,sg_total,-0.26207825454176625,0.5150057683020087,55,8
18417,"Scheffler, Scottie",700,TPC Boston,sg_total,2.052254403519537,0.507527023233339,54,8
18417,"Scheffler, Scottie",232,Albany GC,sg_total,0.8268280566807512,0.4445505341369429,18,8
18417,"Scheffler, Scottie",538,TPC Summerlin,sg_total,-2.5401855845704633,0.43235476111085686,50,8
18417,"Scheffler, Scottie",241,Quail Hollow-PGA Championship,sg_total,1.2681337646770618,0.4265006951284631,37,8
18417,"Scheffler, Scottie",902,Congaree Golf Club,sg_total,-1.4728054734985094,0.41161328631299193,21,8
18417,"Scheffler, Scottie",778,Royal St. George's GC,sg_total,0.8274756821905364,0.3865346771917013,50,8
18417,"Scheffler, Scottie",776,Sea Island Golf Club (Seaside Course),sg_total,-0.5705137782622197,0.3755012307989047,47,8
18417,"Scheffler, Scottie",608,Oakmont Country Club,sg_total,-0.32982519809581207,0.3547256152850429,53,8
18417,"Scheffler, Scottie",876,Detroit Golf Club,sg_total,-3.056188357771462,0.3154707070451331,31,8
6430,"Scott, Adam",8,Trump National Doral,sg_app,0.878994926201665,0.9465251472181397,60,8
6430,"Scott, Adam",896,Olympia Fields Country Club (North Course),sg_app,-0.36993747792784976,0.8315178735937293,13,8
6430,"Scott, Adam",939,Torrey Pines Golf Course (South Course),sg_app,0.6764738114725074,0.7487285792532103,9,8
6430,"Scott, Adam",891,Winged Foot GC,sg_app,-0.850471070464286,0.7126732274142469,23,8
6430,"Scott, Adam",240,Club de Golf Chapultepec,sg_app,-1.179694427052488,0.7081210840226253,29,8
6430,"Scott, Adam",697,Ocean Course at Kiawah Island,sg_app,-0.1233702619034006,0.7069136776164395,24,8
6430,"Scott, Adam",241,Quail Hollow-PGA Championship,sg_app,-0.42558987536421417,0.7056566483257517,34,8
6430,"Scott, Adam",876,Detroit Golf Club,sg_app,0.3854323719568008,0.6896168809184317,29,8
6430,"Scott, Adam",4,Torrey Pines Golf Course (South Course),sg_app,0.30037008186054037,0.6702800253204808,51,8
6430,"Scott, Adam",724,Royal Liverpool,sg_app,0.5069376603042939,0.6632783746768827,14,8
6430,"Scott, Adam",880,Bethpage Black,sg_app,-0.9435334839584266,0.6551865014282398,28,8
6430,"Scott, Adam",43,The Los Angeles Country Club (North Course),sg_app,-0.348615022584548,0.652561798717866,13,8
6430,"Scott, Adam",872,Quail Hollow Club,sg_app,0.518542415248838,0.6423650899143748,36,8
6430,"Scott, Adam",552,Silverado Resort and Spa (North Course),sg_app,0.243477462348892,0.6270648570577193,39,8
6430,"Scott, Adam",717,Harding Park GC,sg_app,0.26158424091644916,0.6225744726389929,17,8
6430,"Scott, Adam",898,The Concession Golf Club,sg_app,-0.8265351007748294,0.5978760108741452,13,8
6430,"Scott, Adam",665,Innisbrook Resort and Golf Club - Copperhead Course,sg_app,-0.20831360628450868,0.5909971343340352,54,8
6430,"Scott, Adam",700,TPC Boston,sg_app,-0.19022330153026193,0.5801062715329093,52,8
6430,"Scott, Adam",744,Torrey Pines (South),sg_app,-0.8798280000228825,0.5291018199363902,20,8
6430,"Scott, Adam",14,Augusta National Golf Club,sg_app,-0.21315302521116358,0.5249097184931832,23,8
6430,"Scott, Adam",770,TPC San Antonio - The Oaks Course,sg_app,-0.5808008081537932,0.524784468692467,50,8
6430,"Scott, Adam",611,Southern Hills Country Club,sg_app,-0.45841896080260414,0.5183385212389265,21,8
6430,"Scott, Adam",36,Le Triomphe G&CC,sg_app,-0.7356363920624327,0.511720899137967,58,8
6430,"Scott, Adam",527,Saucon Valley CC,sg_app,0.23754710521149408,0.49410026897104875,35,8
6430,"Scott, Adam",977,The Renaissance Club,sg_app,0.21063095781009855,0.47281672246556705,16,8
6430,"Scott, Adam",715,Baltusrol GC,sg_app,0.09454776667638627,0.46574115836652397,35,8
6430,"Scott, Adam",885,Royal Portrush Golf Club,sg_app,-1.9721804972371537,0.4489419284589953,15,8
6430,"Scott, Adam",510,TPC Scottsdale (Stadium Course),sg_app,0.8079395578023153,0.4198044142274062,49,8
6430,"Scott, Adam",897,Memorial Park Golf Course,sg_app,0.559597587388965,0.40296007074916906,29,8
6430,"Scott, Adam",874,Hamilton Golf & Country Club,sg_app,-0.6131139300947026,0.39319658002294006,21,8
6430,"Scott, Adam",235,Eagle Point Golf Club,sg_app,-0.9034956347726899,0.3860951981370469,21,8
6430,"Scott, Adam",406,Castle Pines Golf Club,sg_app,1.074670406235793,0.37629742151287615,7,8
6430,"Scott, Adam",745,iberostar real club de golf novo sancti petri,sg_app,0.3817715974755963,0.35496164779815254,48,8
6430,"Scott, Adam",666,Pebble Beach Golf Links,sg_app,0.5293928829194147,0.3362028317814147,27,8
6430,"Scott, Adam",528,Pinehurst Resort & Country Club (Course No. 2),sg_app,0.1811131491610164,0.3150926551363546,13,8
6430,"Scott, Adam",19,TPC Four Seasons Resort,sg_app,-0.44397716294818174,0.3150439971860182,48,8
6430,"Scott, Adam",8,Trump National Doral,sg_arg,-0.3507498522994531,0.9530423707413531,60,8
6430,"Scott, Adam",205,Spyglass Hill Golf Course,sg_arg,-1.3713492777574456,0.8931748466298375,10,8
6430,"Scott, Adam",608,Oakmont Country Club,sg_arg,-0.7376299844617178,0.8244183901604997,10,8
6430,"Scott, Adam",883,TPC Twin Cities,sg_arg,-0.725364807129542,0.7867501524651601,30,8
6430,"Scott, Adam",744,Torrey Pines (South),sg_arg,0.1332887470707234,0.7582209181562641,20,8
6430,"Scott, Adam",706,Whistling Straits,sg_arg,-1.5127484123484431,0.6993047725504687,41,8
6430,"Scott, Adam",14,Augusta National Golf Club,sg_arg,0.1963900376365962,0.6966083272472707,23,8
6430,"Scott, Adam",9,Arnold Palmer's Bay Hill Club & Lodge,sg_arg,-0.1924492451726767,0.6663502146645437,55,8
6430,"Scott, Adam",939,Torrey Pines Golf Course (South Course),sg_arg,-0.3212280017091051,0.6481740336083687,9,8
6430,"Scott, Adam",896,Olympia Fields Country Club (North Course),sg_arg,0.4606532429339326,0.6081893022397992,13,8
6430,"Scott, Adam",977,The Renaissance Club,sg_arg,-0.23268417009993797,0.5766157384771762,16,8
6430,"Scott, Adam",773,Aronimink GC,sg_arg,-0.542144260744114,0.5548743356281888,36,8
6430,"Scott, Adam",528,Pinehurst Resort & Country Club (Course No. 2),sg_arg,1.064843507342178,0.5246733621084892,13,8
6430,"Scott, Adam",873,Ridgewood CC,sg_arg,-0.9625097414141901,0.5205492472184076,22,8
6430,"Scott, Adam",19,TPC Four Seasons Resort,sg_arg,-0.15661900541774176,0.5175416912724531,48,8
6430,"Scott, Adam",611,Southern Hills Country Club,sg_arg,-0.40706782691445215,0.4980626838282213,21,8
6430,"Scott, Adam",514,Oak Hill Country Club,sg_arg,-0.4690949738112098,0.4528767618255562,14,8
6430,"Scott, Adam",698,Quail Hollow Club,sg_arg,0.24738915014416538,0.41704133255957127,52,8
6430,"Scott, Adam",697,Ocean Course at Kiawah Island,sg_arg,-0.5189700154307686,0.4160654028125454,24,8
6430,"Scott, Adam",503,TPC River Highlands,sg_arg,0.07891099267292728,0.4014194396486374,51,8
6430,"Scott, Adam",235,Eagle Point Golf Club,sg_arg,-0.1858222460114457,0.3990891778199044,21,8
6430,"Scott, Adam",894,TPC Craig Ranch,sg_arg,0.2168824838183716,0.3960272487602276,24,8
6430,"Scott, Adam",885,Royal Portrush Golf Club,sg_arg,-0.25135292784628743,0.39205476717281856,15,8
6430,"Scott, Adam",4,Torrey Pines Golf Course (South Course),sg_arg,-0.21336641150653307,0.3899247548025363,51,8
6430,"Scott, Adam",729,Golf Club of Houston,sg_arg,-0.5419499535670925,0.3790111774135132,54,8
6430,"Scott, Adam",500,The Riviera Country Club,sg_arg,-0.03699978460069708,0.36910745033253783,54,8
6430,"Scott, Adam",552,Silverado Resort and Spa (North Course),sg_arg,0.678062858950548,0.30969972483809577,39,8
6430,"Scott, Adam",745,iberostar real club de golf novo sancti petri,sg_arg,-0.23866895281419834,0.303356471156665,48,8
6430,"Scott, Adam",8,Trump National Doral,sg_ott,0.2810196259062985,0.9516191919070657,60,8
6430,"Scott, Adam",901,Wilmington Country Club,sg_ott,0.6062792254375744,0.8630761206823632,8,8
6430,"Scott, Adam",697,Ocean Course at Kiawah Island,sg_ott,-0.8512022233399941,0.8177837473279898,24,8
6430,"Scott, Adam",687,Prestonwood CC,sg_ott,0.9341602956374637,0.8149488401648447,14,8
6430,"Scott, Adam",514,Oak Hill Country Club,sg_ott,0.6073744161666841,0.8127203741169257,14,8
6430,"Scott, Adam",706,Whistling Straits,sg_ott,-0.3649067998052973,0.8125271659699387,41,8
6430,"Scott, Adam",921,TPC Craig Ranch,sg_ott,0.3935026374134768,0.8124938419538594,15,8
6430,"Scott, Adam",656,Plantation Course at Kapalua,sg_ott,-0.028917100319030543,0.8079739846971773,45,8
6430,"Scott, Adam",897,Memorial Park Golf Course,sg_ott,0.06391374062021957,0.7975910700248214,29,8
6430,"Scott, Adam",666,Pebble Beach Golf Links,sg_ott,-0.18641101765447493,0.7832355819650828,27,8
6430,"Scott, Adam",19,TPC Four Seasons Resort,sg_ott,-0.7254657901355689,0.7592243617778875,48,8
6430,"Scott, Adam",689,El Bosque CC,sg_ott,0.2349985709176436,0.7580306354046243,42,8
6430,"Scott, Adam",505,Cherry Hills CC,sg_ott,0.03832011172256477,0.7529027101413989,25,8
6430,"Scott, Adam",773,Aronimink GC,sg_ott,-0.3577122491320513,0.7357449899129523,36,8
6430,"Scott, Adam",205,Spyglass Hill Golf Course,sg_ott,1.009411282017418,0.7354241572242235,10,8
6430,"Scott, Adam",665,Innisbrook Resort and Golf Club - Copperhead Course,sg_ott,-0.8724839745683257,0.7274722902336741,54,8
6430,"Scott, Adam",36,Le Triomphe G&CC,sg_ott,-0.07581593551085816,0.721117445741737,58,8
6430,"Scott, Adam",872,Quail Hollow Club,sg_ott,0.03725379768270442,0.7095329685955294,36,8
6430,"Scott, Adam",895,TPC Harding Park,sg_ott,-0.19251242422428994,0.6913221539478895,25,8
6430,"Scott, Adam",789,Conway Farms GC,sg_ott,-0.11211044966550496,0.6765431912571337,34,8
6430,"Scott, Adam",43,The Los Angeles Country Club (North Course),sg_ott,-1.2268018093427426,0.6561752385219565,13,8
6430,"Scott, Adam",744,Torrey Pines (South),sg_ott,-0.034876789369175744,0.6527298605945488,20,8
6430,"Scott, Adam",27,Hillcrest Country Club,sg_ott,0.18768330905874514,0.6443698871194266,35,8
6430,"Scott, Adam",939,Torrey Pines Golf Course (South Course),sg_ott,0.06025638235148995,0.6420342944454386,9,8
6430,"Scott, Adam",348,Medinah Country Club (No. 3),sg_ott,-0.10088565018272425,0.6402835614018546,18,8
6430,"Scott, Adam",528,Pinehurst Resort & Country Club (Course No. 2),sg_ott,-0.2764010247220775,0.605912040107582,13,8
6430,"Scott, Adam",704,Pete Dye Stadium Course,sg_ott,0.53740458905323,0.5925443054801743,33,8
6430,"Scott, Adam",729,Golf Club of Houston,sg_ott,-0.2577695743635459,0.5762066930736335,54,8
6430,"Scott, Adam",781,Plainfield CC,sg_ott,0.04289176396793359,0.5503579288030632,43,8
6430,"Scott, Adam",671,Valhalla Golf Club,sg_ott,0.05355672062424483,0.5447209390309542,42,8
6430,"Scott, Adam",873,Ridgewood CC,sg_ott,-0.07768243955226807,0.5404273606561777,22,8
6430,"Scott, Adam",13,Forest Oaks CC,sg_ott,0.1880003096789056,0.5395615398376821,17,8
6430,"Scott, Adam",243,Trinity Forest Golf Club,sg_ott,-0.13227314736529033,0.5300807114908475,23,8
6430,"Scott, Adam",534,Bellerive CC,sg_ott,0.00841460396226991,0.5266986928376094,42,8
6430,"Scott, Adam",21,Colonial Country Club,sg_ott,-0.24407572543608538,0.5148436857747805,50,8
6430,"Scott, Adam",745,iberostar real club de golf novo sancti petri,sg_ott,0.2679510974207695,0.512595938540274,48,8
6430,"Scott, Adam",654,The Country Club,sg_ott,-0.5061331394019252,0.4887135329746615,13,8
6430,"Scott, Adam",698,Quail Hollow Club,sg_ott,-0.6517158835658285,0.4783427498881751,52,8
6430,"Scott, Adam",883,TPC Twin Cities,sg_ott,-0.29185796296227556,0.45235980784155716,30,8
6430,"Scott, Adam",734,PGA National Resort (The Champion),sg_ott,0.09249611499284466,0.45228278937398675,56,8
6430,"Scott, Adam",770,TPC San Antonio - The Oaks Course,sg_ott,-0.005792760751177843,0.45218651003185867,50,8
6430,"Scott, Adam",241,Quail Hollow-PGA Championship,sg_ott,0.7358915152211751,0.443843453458752,34,8
6430,"Scott, Adam",14,Augusta National Golf Club,sg_ott,-0.049662637339457506,0.42768357649408206,23,8
6430,"Scott, Adam",5,Pebble Beach Golf Links,sg_ott,0.3302909035092826,0.37764395709692644,49,8
6430,"Scott, Adam",500,The Riviera Country Club,sg_ott,0.18184598947414235,0.3722795836501979,54,8
6430,"Scott, Adam",709,Royal Troon,sg_ott,0.28568227902976917,0.3555471361658512,14,8
6430,"Scott, Adam",700,TPC Boston,sg_ott,-0.17765063978167372,0.31039427326405605,52,8
6430,"Scott, Adam",8,Trump National Doral,sg_putt,0.6449811067770482,0.9467615659341958,60,8
6430,"Scott, Adam",709,Royal Troon,sg_putt,0.19854241174232462,0.8553792953613122,14,8
6430,"Scott, Adam",243,Trinity Forest Golf Club,sg_putt,-0.4736884637628069,0.7803268512585968,23,8
6430,"Scott, Adam",552,Silverado Resort and Spa (North Course),sg_putt,0.3393012883709962,0.7652038880499961,39,8
6430,"Scott, Adam",896,Olympia Fields Country Club (North Course),sg_putt,0.2975698431785732,0.7300243530921173,13,8
6430,"Scott, Adam",715,Baltusrol GC,sg_putt,0.02068710233470787,0.6977005838536325,35,8
6430,"Scott, Adam",744,Torrey Pines (South),sg_putt,0.7158669003056723,0.6493713284526129,20,8
6430,"Scott, Adam",789,Conway Farms GC,sg_putt,0.7181519293448907,0.6488976184206149,34,8
6430,"Scott, Adam",689,El Bosque CC,sg_putt,-0.9129345654430254,0.6122961641627417,42,8
6430,"Scott, Adam",697,Ocean Course at Kiawah Island,sg_putt,0.9188628720997195,0.6047937213752724,24,8
6430,"Scott, Adam",745,iberostar real club de golf novo sancti petri,sg_putt,-0.2852754901877393,0.582420842072087,48,8
6430,"Scott, Adam",505,Cherry Hills CC,sg_putt,-0.7671509886484857,0.5727829869764955,25,8
6430,"Scott, Adam",687,Prestonwood CC,sg_putt,-0.6125377076716554,0.5688931760975707,14,8
6430,"Scott, Adam",43,The Los Angeles Country Club (North Course),sg_putt,-0.20781906349239826,0.5587238547117286,13,8
6430,"Scott, Adam",706,Whistling Straits,sg_putt,0.2856400647363842,0.5413193747753923,41,8
6430,"Scott, Adam",608,Oakmont Country Club,sg_putt,0.2459330040395873,0.5378019635320631,10,8
6430,"Scott, Adam",873,Ridgewood CC,sg_putt,2.468010967975763,0.5371535915100778,22,8
6430,"Scott, Adam",898,The Concession Golf Club,sg_putt,0.540326553020695,0.5261112008538217,13,8
6430,"Scott, Adam",668,St. Andrews Links (Old Course),sg_putt,1.02439839755571,0.5243576462108127,16,8
6430,"Scott, Adam",773,Aronimink GC,sg_putt,-0.3368477256849774,0.5110050494003415,36,8
6430,"Scott, Adam",872,Quail Hollow Club,sg_putt,0.3424462753332822,0.5080732719746718,36,8
6430,"Scott, Adam",770,TPC San Antonio - The Oaks Course,sg_putt,1.2854883516132496,0.49979074287184344,50,8
6430,"Scott, Adam",977,The Renaissance Club,sg_putt,0.7080690961577417,0.49863130395531924,16,8
6430,"Scott, Adam",897,Memorial Park Golf Course,sg_putt,-0.5621379289550427,0.46100063008810405,29,8
6430,"Scott, Adam",665,Innisbrook Resort and Golf Club - Copperhead Course,sg_putt,-0.22849563708572995,0.42909909172145166,54,8
6430,"Scott, Adam",891,Winged Foot GC,sg_putt,0.6594539750019902,0.4283793448531367,23,8
6430,"Scott, Adam",883,TPC Twin Cities,sg_putt,-0.8829105310640141,0.41039090006103524,30,8
6430,"Scott, Adam",538,TPC Summerlin,sg_putt,0.3362926932431721,0.38935899749088204,47,8
6430,"Scott, Adam",514,Oak Hill Country Club,sg_putt,-0.30761666305060725,0.3788799219519931,14,8
6430,"Scott, Adam",886,Liberty National Golf Club,sg_putt,0.006671550941322796,0.30772935775047244,27,8
6430,"Scott, Adam",19,TPC Four Seasons Resort,sg_putt,0.42093958174715745,0.3013355876184594,48,8
6430,"Scott, Adam",8,Trump National Doral,sg_total,1.1598021972162162,0.9534045421133684,71,8
6430,"Scott, Adam",896,Olympia Fields Country Club (North Course),sg_total,-0.3951471501456926,0.8247619918620935,14,8
6430,"Scott, Adam",379,The Philadelphia Cricket Club (Wissahickon Course),sg_total,-0.22269347643261728,0.7585737211164316,9,8
6430,"Scott, Adam",19,TPC Four Seasons Resort,sg_total,-1.1417936764154086,0.7535983141081465,50,8
6430,"Scott, Adam",43,The Los Angeles Country Club (North Course),sg_total,-1.6551374071316556,0.7514161263884058,15,8
6430,"Scott, Adam",406,Castle Pines Golf Club,sg_total,1.8537313773985655,0.7413756204749691,8,8
6430,"Scott, Adam",552,Silverado Resort and Spa (North Course),sg_total,-0.20157035538257523,0.7376139349852081,40,8
6430,"Scott, Adam",901,Wilmington Country Club,sg_total,1.378704717745101,0.7257352782065652,8,8
6430,"Scott, Adam",891,Winged Foot GC,sg_total,-0.5726983595038927,0.716785908305173,25,8
6430,"Scott, Adam",773,Aronimink GC,sg_total,-1.0717583421811883,0.7020395410088385,37,8
6430,"Scott, Adam",933,East Lake Golf Club,sg_total,1.5673681834093975,0.6988564682519897,7,8
6430,"Scott, Adam",939,Torrey Pines Golf Course (South Course),sg_total,-0.5874983891743166,0.6930839691436437,10,8
6430,"Scott, Adam",872,Quail Hollow Club,sg_total,0.6778964597065389,0.6851889404998475,37,8
6430,"Scott, Adam",706,Whistling Straits,sg_total,-2.2678944671460974,0.6145503734924044,59,8
6430,"Scott, Adam",977,The Renaissance Club,sg_total,0.8479966121735427,0.6111814446513488,20,8
6430,"Scott, Adam",895,TPC Harding Park,sg_total,0.38590874675406034,0.6084200207744371,26,8
6430,"Scott, Adam",770,TPC San Antonio - The Oaks Course,sg_total,0.20816318005118145,0.6076650388350318,54,8
6430,"Scott, Adam",781,Plainfield CC,sg_total,-2.1141546882719826,0.6050669110305169,43,8
6430,"Scott, Adam",514,Oak Hill Country Club,sg_total,0.5588309089656667,0.6041384175417843,15,8
6430,"Scott, Adam",240,Club de Golf Chapultepec,sg_total,-0.740139902333815,0.6020028570371451,32,8
6430,"Scott, Adam",897,Memorial Park Golf Course,sg_total,-0.14070774230218086,0.5969683733902095,30,8
6430,"Scott, Adam",4,Torrey Pines Golf Course (South Course),sg_total,0.35043480265758603,0.5869275084275075,56,8
6430,"Scott, Adam",205,Spyglass Hill Golf Course,sg_total,-3.6572255844559067,0.557455820713923,53,8
6430,"Scott, Adam",818,Chambers Bay GC,sg_total,1.953681088735975,0.5439215943066038,38,8
6430,"Scott, Adam",666,Pebble Beach Golf Links,sg_total,1.5646980600029743,0.5426232759381483,49,8
6430,"Scott, Adam",14,Augusta National Golf Club,sg_total,-0.42765237081183244,0.5394044836198019,65,8
6430,"Scott, Adam",885,Royal Portrush Golf Club,sg_total,-4.118353113652397,0.52887766569415,30,8
6430,"Scott, Adam",689,El Bosque CC,sg_total,0.5976312019587042,0.5233518693058378,52,8
6430,"Scott, Adam",744,Torrey Pines (South),sg_total,-0.16177396112966627,0.5214711179618798,46,8
6430,"Scott, Adam",513,TPC Southwind,sg_total,0.24063842870967234,0.5150057683020087,55,8
6430,"Scott, Adam",610,Turnberry (Ailsa),sg_total,-0.06251939232071452,0.5137693785893293,42,8
6430,"Scott, Adam",800,The Abaco Club on Winding Bay,sg_total,0.9068176884707964,0.5085375076292757,35,8
6430,"Scott, Adam",700,TPC Boston,sg_total,-1.0386091109855289,0.507527023233339,54,8
6430,"Scott, Adam",780,Atlanta Athletic Club,sg_total,2.5759138899521243,0.5002089628986955,46,8
6430,"Scott, Adam",769,Monterey Peninsula CC,sg_total,-2.0035769219866824,0.5002066489573296,49,8
6430,"Scott, Adam",743,Oakland Hills CC (South),sg_total,-1.574286618485652,0.4723677300135347,38,8
6430,"Scott, Adam",232,Albany GC,sg_total,0.16189855707232675,0.4445505341369429,18,8
6430,"Scott, Adam",538,TPC Summerlin,sg_total,-0.5198208789219194,0.43235476111085686,50,8
6430,"Scott, Adam",100,Omni Tucson National,sg_total,0.691014422069308,0.4299162671909255,45,8
6430,"Scott, Adam",527,Saucon Valley CC,sg_total,0.9865697271897427,0.42812608891688303,43,8
6430,"Scott, Adam",505,Cherry Hills CC,sg_total,0.32144473102359933,0.42732051022224193,25,8
6430,"Scott, Adam",241,Quail Hollow-PGA Championship,sg_total,1.2338434526245448,0.4265006951284631,37,8
6430,"Scott, Adam",875,ACCORDIA GOLF Narashino Country Club,sg_total,-1.0949166529364955,0.386724896362914,20,8
6430,"Scott, Adam",778,Royal St. George's GC,sg_total,-0.5584326001196027,0.3865346771917013,50,8
6430,"Scott, Adam",776,Sea Island Golf Club (Seaside Course),sg_total,-0.8604300693762705,0.3755012307989047,47,8
6430,"Scott, Adam",608,Oakmont Country Club,sg_total,1.5380486226789856,0.3547256152850429,53,8
6430,"Scott, Adam",880,Bethpage Black,sg_total,1.6010796587204479,0.3513476172401144,30,8
6430,"Scott, Adam",883,TPC Twin Cities,sg_total,-0.8068126710721943,0.35074426673837056,32,8
6430,"Scott, Adam",876,Detroit Golf Club,sg_total,-0.7398069417955644,0.3154707070451331,31,8
18474,"Smalley, Alex",928,PGA National  - Champion Course,sg_app,-0.013359193427987887,0.7671751837159452,13,8
18474,"Smalley, Alex",902,Congaree Golf Club,sg_app,-0.8572985361368214,0.7464172844547262,20,8
18474,"Smalley, Alex",935,TPC Toronto at Osprey Valley (North Course),sg_app,1.048715574806817,0.7116924721794581,6,8
18474,"Smalley, Alex",241,Quail Hollow-PGA Championship,sg_app,0.28459017961476796,0.7056566483257517,34,8
18474,"Smalley, Alex",876,Detroit Golf Club,sg_app,-0.5862876735688635,0.6896168809184317,29,8
18474,"Smalley, Alex",4,Torrey Pines Golf Course (South Course),sg_app,-0.331624505808894,0.6702800253204808,51,8
18474,"Smalley, Alex",237,TPC Potomac at Avenel Farm,sg_app,0.7986380736237199,0.6615951373353582,23,8
18474,"Smalley, Alex",872,Quail Hollow Club,sg_app,0.7038551505535231,0.6423650899143748,36,8
18474,"Smalley, Alex",552,Silverado Resort and Spa (North Course),sg_app,-1.0025104669103564,0.6270648570577193,39,8
18474,"Smalley, Alex",665,Innisbrook Resort and Golf Club - Copperhead Course,sg_app,-0.3701828070133397,0.5909971343340352,54,8
18474,"Smalley, Alex",931,Tahoe Mountain Club (Old Greenwood),sg_app,0.5721616665528433,0.5425266516366192,6,8
18474,"Smalley, Alex",770,TPC San Antonio - The Oaks Course,sg_app,0.3759699249274855,0.524784468692467,50,8
18474,"Smalley, Alex",977,The Renaissance Club,sg_app,-0.21396376161117076,0.47281672246556705,16,8
18474,"Smalley, Alex",510,TPC Scottsdale (Stadium Course),sg_app,0.1484542047446625,0.4198044142274062,49,8
18474,"Smalley, Alex",897,Memorial Park Golf Course,sg_app,0.18179133156154784,0.40296007074916906,29,8
18474,"Smalley, Alex",884,Keene Trace Golf Club (Champion Trace),sg_app,-0.6142333906182903,0.3565055681638959,18,8
18474,"Smalley, Alex",205,Spyglass Hill Golf Course,sg_arg,0.8762709538830509,0.8931748466298375,10,8
18474,"Smalley, Alex",883,TPC Twin Cities,sg_arg,-0.07480883990219211,0.7867501524651601,30,8
18474,"Smalley, Alex",9,Arnold Palmer's Bay Hill Club & Lodge,sg_arg,0.388481313241999,0.6663502146645437,55,8
18474,"Smalley, Alex",930,Black Desert Resort,sg_arg,-0.15105331756611162,0.6659138517567389,6,8
18474,"Smalley, Alex",772,St. George's G&CC,sg_arg,0.6889216601988946,0.654429616156167,22,8
18474,"Smalley, Alex",978,Vidanta Vallarta,sg_arg,0.08837582916288479,0.5939369030173401,16,8
18474,"Smalley, Alex",977,The Renaissance Club,sg_arg,-0.04507962844431454,0.5766157384771762,16,8
18474,"Smalley, Alex",514,Oak Hill Country Club,sg_arg,0.23749998474573203,0.4528767618255562,14,8
18474,"Smalley, Alex",503,TPC River Highlands,sg_arg,0.02079221520476797,0.4014194396486374,51,8
18474,"Smalley, Alex",4,Torrey Pines Golf Course (South Course),sg_arg,-0.11084162605309449,0.3899247548025363,51,8
18474,"Smalley, Alex",669,TPC Deere Run,sg_arg,-0.2936931252918997,0.3763200181958359,38,8
18474,"Smalley, Alex",500,The Riviera Country Club,sg_arg,-0.3333322987756727,0.36910745033253783,54,8
18474,"Smalley, Alex",902,Congaree Golf Club,sg_arg,0.36123181904252155,0.31392215570295146,20,8
18474,"Smalley, Alex",552,Silverado Resort and Spa (North Course),sg_arg,0.08850940137720668,0.30969972483809577,39,8
18474,"Smalley, Alex",931,Tahoe Mountain Club (Old Greenwood),sg_arg,0.9349589725470893,0.3045308878923496,6,8
18474,"Smalley, Alex",901,Wilmington Country Club,sg_ott,-0.4681788970133801,0.8630761206823632,8,8
18474,"Smalley, Alex",931,Tahoe Mountain Club (Old Greenwood),sg_ott,-1.451566973637137,0.857762709347225,6,8
18474,"Smalley, Alex",746,The Country Club of Jackson,sg_ott,0.10269477216486395,0.8252517828177022,32,8
18474,"Smalley, Alex",514,Oak Hill Country Club,sg_ott,0.7927336419443158,0.8127203741169257,14,8
18474,"Smalley, Alex",921,TPC Craig Ranch,sg_ott,0.19582497388844705,0.8124938419538594,15,8
18474,"Smalley, Alex",897,Memorial Park Golf Course,sg_ott,-0.20965237815407,0.7975910700248214,29,8
18474,"Smalley, Alex",205,Spyglass Hill Golf Course,sg_ott,0.5955439271644479,0.7354241572242235,10,8
18474,"Smalley, Alex",665,Innisbrook Resort and Golf Club - Copperhead Course,sg_ott,-0.32556259913556257,0.7274722902336741,54,8
18474,"Smalley, Alex",930,Black Desert Resort,sg_ott,-0.033292298393349275,0.7201825483385862,6,8
18474,"Smalley, Alex",872,Quail Hollow Club,sg_ott,-0.11012692027718526,0.7095329685955294,36,8
18474,"Smalley, Alex",669,TPC Deere Run,sg_ott,-0.11212479524834543,0.6958014020825517,38,8
18474,"Smalley, Alex",237,TPC Potomac at Avenel Farm,sg_ott,-0.954114273813117,0.6685057551764296,23,8
18474,"Smalley, Alex",704,Pete Dye Stadium Course,sg_ott,0.5351935749301788,0.5925443054801743,33,8
18474,"Smalley, Alex",671,Valhalla Golf Club,sg_ott,0.2255034918728058,0.5447209390309542,42,8
18474,"Smalley, Alex",21,Colonial Country Club,sg_ott,0.33635026586861705,0.5148436857747805,50,8
18474,"Smalley, Alex",926,Silverado Resort (North Course),sg_ott,0.630496753694696,0.4695369826470083,14,8
18474,"Smalley, Alex",883,TPC Twin Cities,sg_ott,0.03955465633862034,0.45235980784155716,30,8
18474,"Smalley, Alex",734,PGA National Resort (The Champion),sg_ott,0.2118157819893541,0.45228278937398675,56,8
18474,"Smalley, Alex",770,TPC San Antonio - The Oaks Course,sg_ott,-0.08027559946358383,0.45218651003185867,50,8
18474,"Smalley, Alex",241,Quail Hollow-PGA Championship,sg_ott,0.7800614972877736,0.443843453458752,34,8
18474,"Smalley, Alex",884,Keene Trace Golf Club (Champion Trace),sg_ott,-0.34148989846125555,0.4361033501171625,18,8
18474,"Smalley, Alex",772,St. George's G&CC,sg_ott,0.4349541585435674,0.3888480133012952,22,8
18474,"Smalley, Alex",5,Pebble Beach Golf Links,sg_ott,0.30062273459068783,0.37764395709692644,49,8
18474,"Smalley, Alex",500,The Riviera Country Club,sg_ott,-0.5361737350158854,0.3722795836501979,54,8
18474,"Smalley, Alex",928,PGA National  - Champion Course,sg_putt,-0.7558370254008482,0.8319135400555944,13,8
18474,"Smalley, Alex",931,Tahoe Mountain Club (Old Greenwood),sg_putt,0.2816685456848406,0.7981479141159207,6,8
18474,"Smalley, Alex",552,Silverado Resort and Spa (North Course),sg_putt,0.4055442081561307,0.7652038880499961,39,8
18474,"Smalley, Alex",935,TPC Toronto at Osprey Valley (North Course),sg_putt,-0.18982165783974442,0.7214011843267554,6,8
18474,"Smalley, Alex",930,Black Desert Resort,sg_putt,-0.21350540766147838,0.709353178421583,6,8
18474,"Smalley, Alex",978,Vidanta Vallarta,sg_putt,-0.21100284755385834,0.6967043554693465,16,8
18474,"Smalley, Alex",884,Keene Trace Golf Club (Champion Trace),sg_putt,1.0139448182178037,0.560092074734469,18,8
18474,"Smalley, Alex",908,Oakdale Golf & Country Club,sg_putt,0.5016012720925526,0.5541251730836958,10,8
18474,"Smalley, Alex",872,Quail Hollow Club,sg_putt,0.45248283337715733,0.5080732719746718,36,8
18474,"Smalley, Alex",770,TPC San Antonio - The Oaks Course,sg_putt,-0.13371373093660338,0.49979074287184344,50,8
18474,"Smalley, Alex",977,The Renaissance Club,sg_putt,0.7914992213281165,0.49863130395531924,16,8
18474,"Smalley, Alex",902,Congaree Golf Club,sg_putt,0.29001139192151015,0.47712841747238366,20,8
18474,"Smalley, Alex",897,Memorial Park Golf Course,sg_putt,0.7025528488238008,0.46100063008810405,29,8
18474,"Smalley, Alex",665,Innisbrook Resort and Golf Club - Copperhead Course,sg_putt,-0.21618037272549462,0.42909909172145166,54,8
18474,"Smalley, Alex",883,TPC Twin Cities,sg_putt,-0.04958026914625091,0.41039090006103524,30,8
18474,"Smalley, Alex",669,TPC Deere Run,sg_putt,0.6993984612952536,0.38981961108634927,38,8
18474,"Smalley, Alex",538,TPC Summerlin,sg_putt,-0.6651560660706489,0.38935899749088204,47,8
18474,"Smalley, Alex",514,Oak Hill Country Club,sg_putt,0.1863652690664323,0.3788799219519931,14,8
18474,"Smalley, Alex",919,El Cardonal at Diamante,sg_total,0.24797734962512896,0.8241756895683453,10,8
18474,"Smalley, Alex",925,Dunes Golf and Beach Club,sg_total,1.3064794005923148,0.8210465318733497,7,8
18474,"Smalley, Alex",552,Silverado Resort and Spa (North Course),sg_total,-0.6653687646258598,0.7376139349852081,40,8
18474,"Smalley, Alex",901,Wilmington Country Club,sg_total,-0.2626983434242724,0.7257352782065652,8,8
18474,"Smalley, Alex",978,Vidanta Vallarta,sg_total,0.5310683555419043,0.7044733074594649,17,8
18474,"Smalley, Alex",872,Quail Hollow Club,sg_total,1.4094961389494198,0.6851889404998475,37,8
18474,"Smalley, Alex",746,The Country Club of Jackson,sg_total,-0.23805711852216915,0.6225740180522429,34,8
18474,"Smalley, Alex",928,PGA National  - Champion Course,sg_total,-0.1038773368019415,0.6132577956350657,13,8
18474,"Smalley, Alex",977,The Renaissance Club,sg_total,0.30118182994282516,0.6111814446513488,20,8
18474,"Smalley, Alex",770,TPC San Antonio - The Oaks Course,sg_total,-0.29285863917377875,0.6076650388350318,54,8
18474,"Smalley, Alex",514,Oak Hill Country Club,sg_total,1.522582510951421,0.6041384175417843,15,8
18474,"Smalley, Alex",897,Memorial Park Golf Course,sg_total,0.4479380025119447,0.5969683733902095,30,8
18474,"Smalley, Alex",4,Torrey Pines Golf Course (South Course),sg_total,-1.8925916775255285,0.5869275084275075,56,8
18474,"Smalley, Alex",205,Spyglass Hill Golf Course,sg_total,-0.022374638406612468,0.557455820713923,53,8
18474,"Smalley, Alex",513,TPC Southwind,sg_total,-1.7461605102916802,0.5150057683020087,55,8
18474,"Smalley, Alex",769,Monterey Peninsula CC,sg_total,-0.09899236531016564,0.5002066489573296,49,8
18474,"Smalley, Alex",538,TPC Summerlin,sg_total,-1.6074176770343547,0.43235476111085686,50,8
18474,"Smalley, Alex",241,Quail Hollow-PGA Championship,sg_total,1.6882052788747255,0.4265006951284631,37,8
18474,"Smalley, Alex",902,Congaree Golf Club,sg_total,-0.5511787449368721,0.41161328631299193,21,8
18474,"Smalley, Alex",875,ACCORDIA GOLF Narashino Country Club,sg_total,0.17458836665486654,0.386724896362914,20,8
18474,"Smalley, Alex",776,Sea Island Golf Club (Seaside Course),sg_total,-0.4385341050551553,0.3755012307989047,47,8
18474,"Smalley, Alex",883,TPC Twin Cities,sg_total,0.6748060679375268,0.35074426673837056,32,8
18474,"Smalley, Alex",876,Detroit Golf Club,sg_total,-1.904587978134943,0.3154707070451331,31,8
18586,"Smith, Jordan",928,PGA National  - Champion Course,sg_app,-0.374154794966423,0.7671751837159452,13,8
18586,"Smith, Jordan",4,Torrey Pines Golf Course (South Course),sg_app,1.3760861626672418,0.6702800253204808,51,8
18586,"Smith, Jordan",724,Royal Liverpool,sg_app,0.22415107906739606,0.6632783746768827,14,8
18586,"Smith, Jordan",43,The Los Angeles Country Club (North Course),sg_app,1.7989020652631298,0.652561798717866,13,8
18586,"Smith, Jordan",665,Innisbrook Resort and Golf Club - Copperhead Course,sg_app,0.6131719189709954,0.5909971343340352,54,8
18586,"Smith, Jordan",770,TPC San Antonio - The Oaks Course,sg_app,1.139164842160586,0.524784468692467,50,8
18586,"Smith, Jordan",977,The Renaissance Club,sg_app,-0.18382536399618665,0.47281672246556705,16,8
18586,"Smith, Jordan",885,Royal Portrush Golf Club,sg_app,-0.020815728082449303,0.4489419284589953,15,8
18586,"Smith, Jordan",510,TPC Scottsdale (Stadium Course),sg_app,0.10967965158610293,0.4198044142274062,49,8
18586,"Smith, Jordan",897,Memorial Park Golf Course,sg_app,0.3715488681955728,0.40296007074916906,29,8
18586,"Smith, Jordan",608,Oakmont Country Club,sg_arg,-0.14459276881722866,0.8244183901604997,10,8
18586,"Smith, Jordan",977,The Renaissance Club,sg_arg,0.741905711345695,0.5766157384771762,16,8
18586,"Smith, Jordan",514,Oak Hill Country Club,sg_arg,-0.7291016207274755,0.4528767618255562,14,8
18586,"Smith, Jordan",885,Royal Portrush Golf Club,sg_arg,0.703684684070609,0.39205476717281856,15,8
18586,"Smith, Jordan",4,Torrey Pines Golf Course (South Course),sg_arg,-0.3370121866075253,0.3899247548025363,51,8
18586,"Smith, Jordan",514,Oak Hill Country Club,sg_ott,-0.5356681527769247,0.8127203741169257,14,8
18586,"Smith, Jordan",897,Memorial Park Golf Course,sg_ott,0.012071552262555602,0.7975910700248214,29,8
18586,"Smith, Jordan",665,Innisbrook Resort and Golf Club - Copperhead Course,sg_ott,0.37003492554480255,0.7274722902336741,54,8
18586,"Smith, Jordan",43,The Los Angeles Country Club (North Course),sg_ott,0.02989668369628426,0.6561752385219565,13,8
18586,"Smith, Jordan",704,Pete Dye Stadium Course,sg_ott,-0.48878657090729194,0.5925443054801743,33,8
18586,"Smith, Jordan",671,Valhalla Golf Club,sg_ott,0.5021795136649544,0.5447209390309542,42,8
18586,"Smith, Jordan",770,TPC San Antonio - The Oaks Course,sg_ott,-0.8029941226291454,0.45218651003185867,50,8
18586,"Smith, Jordan",709,Royal Troon,sg_ott,-0.2657247576927354,0.3555471361658512,14,8
18586,"Smith, Jordan",709,Royal Troon,sg_putt,-0.8882640618328643,0.8553792953613122,14,8
18586,"Smith, Jordan",928,PGA National  - Champion Course,sg_putt,0.38656191162127346,0.8319135400555944,13,8
18586,"Smith, Jordan",43,The Los Angeles Country Club (North Course),sg_putt,-0.23156689100825462,0.5587238547117286,13,8
18586,"Smith, Jordan",608,Oakmont Country Club,sg_putt,0.7295355442406855,0.5378019635320631,10,8
18586,"Smith, Jordan",770,TPC San Antonio - The Oaks Course,sg_putt,-1.4094399682079628,0.49979074287184344,50,8
18586,"Smith, Jordan",977,The Renaissance Club,sg_putt,-0.7377705785305817,0.49863130395531924,16,8
18586,"Smith, Jordan",897,Memorial Park Golf Course,sg_putt,-0.02063196657738864,0.46100063008810405,29,8
18586,"Smith, Jordan",665,Innisbrook Resort and Golf Club - Copperhead Course,sg_putt,0.3835252582614045,0.42909909172145166,54,8
18586,"Smith, Jordan",514,Oak Hill Country Club,sg_putt,1.6602386772350417,0.3788799219519931,14,8
18586,"Smith, Jordan",43,The Los Angeles Country Club (North Course),sg_total,0.9411068753333899,0.7514161263884058,15,8
18586,"Smith, Jordan",928,PGA National  - Champion Course,sg_total,0.2690372517693663,0.6132577956350657,13,8
18586,"Smith, Jordan",977,The Renaissance Club,sg_total,-0.006603863605896265,0.6111814446513488,20,8
18586,"Smith, Jordan",770,TPC San Antonio - The Oaks Course,sg_total,-1.5267229193536478,0.6076650388350318,54,8
18586,"Smith, Jordan",514,Oak Hill Country Club,sg_total,-0.15651591223391045,0.6041384175417843,15,8
18586,"Smith, Jordan",897,Memorial Park Golf Course,sg_total,0.06968260299113027,0.5969683733902095,30,8
18586,"Smith, Jordan",4,Torrey Pines Golf Course (South Course),sg_total,-1.0335493842025505,0.5869275084275075,56,8
18586,"Smith, Jordan",885,Royal Portrush Golf Club,sg_total,0.0327316179395008,0.52887766569415,30,8
18586,"Smith, Jordan",608,Oakmont Country Club,sg_total,-1.1378128668637295,0.3547256152850429,53,8
18586,"Smith, Jordan L",977,The Renaissance Club,sg_total,0.8633799612451275,0.6111814446513488,20,8
18586,"Smith, Jordan L",744,Torrey Pines (South),sg_total,-0.716592366962992,0.5214711179618798,46,8
18586,"Smith, Jordan L",241,Quail Hollow-PGA Championship,sg_total,2.091500829942769,0.4265006951284631,37,8
22985,"Smotherman, Austin",928,PGA National  - Champion Course,sg_app,0.4148716298297398,0.7671751837159452,13,8
22985,"Smotherman, Austin",876,Detroit Golf Club,sg_app,-0.24639298270392268,0.6896168809184317,29,8
22985,"Smotherman, Austin",4,Torrey Pines Golf Course (South Course),sg_app,0.055305450717674925,0.6702800253204808,51,8
22985,"Smotherman, Austin",237,TPC Potomac at Avenel Farm,sg_app,0.2716535421782228,0.6615951373353582,23,8
22985,"Smotherman, Austin",872,Quail Hollow Club,sg_app,-1.3841966400040775,0.6423650899143748,36,8
22985,"Smotherman, Austin",552,Silverado Resort and Spa (North Course),sg_app,0.21216823792141418,0.6270648570577193,39,8
22985,"Smotherman, Austin",665,Innisbrook Resort and Golf Club - Copperhead Course,sg_app,-0.6035923947775186,0.5909971343340352,54,8
22985,"Smotherman, Austin",770,TPC San Antonio - The Oaks Course,sg_app,-0.6020594148591241,0.524784468692467,50,8
22985,"Smotherman, Austin",510,TPC Scottsdale (Stadium Course),sg_app,0.02984774631718609,0.4198044142274062,49,8
22985,"Smotherman, Austin",897,Memorial Park Golf Course,sg_app,-1.0689498222537315,0.40296007074916906,29,8
22985,"Smotherman, Austin",884,Keene Trace Golf Club (Champion Trace),sg_app,0.22554204454797658,0.3565055681638959,18,8
22985,"Smotherman, Austin",883,TPC Twin Cities,sg_arg,-0.38770618439349236,0.7867501524651601,30,8
22985,"Smotherman, Austin",9,Arnold Palmer's Bay Hill Club & Lodge,sg_arg,-0.3344676696130428,0.6663502146645437,55,8
22985,"Smotherman, Austin",930,Black Desert Resort,sg_arg,0.345733306653292,0.6659138517567389,6,8
22985,"Smotherman, Austin",772,St. George's G&CC,sg_arg,-0.5410642963605174,0.654429616156167,22,8
22985,"Smotherman, Austin",978,Vidanta Vallarta,sg_arg,0.2779576670181935,0.5939369030173401,16,8
22985,"Smotherman, Austin",503,TPC River Highlands,sg_arg,0.7273594049663463,0.4014194396486374,51,8
22985,"Smotherman, Austin",894,TPC Craig Ranch,sg_arg,0.6643409410106884,0.3960272487602276,24,8
22985,"Smotherman, Austin",4,Torrey Pines Golf Course (South Course),sg_arg,0.006374310144900502,0.3899247548025363,51,8
22985,"Smotherman, Austin",669,TPC Deere Run,sg_arg,0.10433489514385978,0.3763200181958359,38,8
22985,"Smotherman, Austin",500,The Riviera Country Club,sg_arg,-0.6759646590243955,0.36910745033253783,54,8
22985,"Smotherman, Austin",552,Silverado Resort and Spa (North Course),sg_arg,-0.12576100899539983,0.30969972483809577,39,8
22985,"Smotherman, Austin",746,The Country Club of Jackson,sg_ott,0.126926238392217,0.8252517828177022,32,8
22985,"Smotherman, Austin",921,TPC Craig Ranch,sg_ott,0.31986863405677446,0.8124938419538594,15,8
22985,"Smotherman, Austin",897,Memorial Park Golf Course,sg_ott,-2.48325787614267,0.7975910700248214,29,8
22985,"Smotherman, Austin",665,Innisbrook Resort and Golf Club - Copperhead Course,sg_ott,-0.1867136598580153,0.7274722902336741,54,8
22985,"Smotherman, Austin",930,Black Desert Resort,sg_ott,1.0738834964455273,0.7201825483385862,6,8
22985,"Smotherman, Austin",872,Quail Hollow Club,sg_ott,-0.9671142936929361,0.7095329685955294,36,8
22985,"Smotherman, Austin",669,TPC Deere Run,sg_ott,-0.09732024303259097,0.6958014020825517,38,8
22985,"Smotherman, Austin",237,TPC Potomac at Avenel Farm,sg_ott,0.25693988594028183,0.6685057551764296,23,8
22985,"Smotherman, Austin",704,Pete Dye Stadium Course,sg_ott,0.5312923179230566,0.5925443054801743,33,8
22985,"Smotherman, Austin",21,Colonial Country Club,sg_ott,-0.20201114339630272,0.5148436857747805,50,8
22985,"Smotherman, Austin",926,Silverado Resort (North Course),sg_ott,0.7202228808765242,0.4695369826470083,14,8
22985,"Smotherman, Austin",883,TPC Twin Cities,sg_ott,-0.01542709808663513,0.45235980784155716,30,8
22985,"Smotherman, Austin",734,PGA National Resort (The Champion),sg_ott,0.3789153126137035,0.45228278937398675,56,8
22985,"Smotherman, Austin",770,TPC San Antonio - The Oaks Course,sg_ott,0.32718777809674116,0.45218651003185867,50,8
22985,"Smotherman, Austin",884,Keene Trace Golf Club (Champion Trace),sg_ott,-0.1741615801854906,0.4361033501171625,18,8
22985,"Smotherman, Austin",772,St. George's G&CC,sg_ott,0.2877696292983485,0.3888480133012952,22,8
22985,"Smotherman, Austin",5,Pebble Beach Golf Links,sg_ott,-0.9544298750564791,0.37764395709692644,49,8
22985,"Smotherman, Austin",500,The Riviera Country Club,sg_ott,-0.31677323624874987,0.3722795836501979,54,8
22985,"Smotherman, Austin",928,PGA National  - Champion Course,sg_putt,1.0911509355658597,0.8319135400555944,13,8
22985,"Smotherman, Austin",552,Silverado Resort and Spa (North Course),sg_putt,1.1606100916496398,0.7652038880499961,39,8
22985,"Smotherman, Austin",930,Black Desert Resort,sg_putt,-3.3674235206777743,0.709353178421583,6,8
22985,"Smotherman, Austin",978,Vidanta Vallarta,sg_putt,0.31761585240050644,0.6967043554693465,16,8
22985,"Smotherman, Austin",884,Keene Trace Golf Club (Champion Trace),sg_putt,0.1376967731877648,0.560092074734469,18,8
22985,"Smotherman, Austin",908,Oakdale Golf & Country Club,sg_putt,-0.0982863037074099,0.5541251730836958,10,8
22985,"Smotherman, Austin",872,Quail Hollow Club,sg_putt,0.7961664977916704,0.5080732719746718,36,8
22985,"Smotherman, Austin",770,TPC San Antonio - The Oaks Course,sg_putt,0.12208447739371536,0.49979074287184344,50,8
22985,"Smotherman, Austin",897,Memorial Park Golf Course,sg_putt,-4.355995097522654,0.46100063008810405,29,8
22985,"Smotherman, Austin",665,Innisbrook Resort and Golf Club - Copperhead Course,sg_putt,0.11691487580052157,0.42909909172145166,54,8
22985,"Smotherman, Austin",883,TPC Twin Cities,sg_putt,-0.5100910347694798,0.41039090006103524,30,8
22985,"Smotherman, Austin",669,TPC Deere Run,sg_putt,-0.13129716158506816,0.38981961108634927,38,8
22985,"Smotherman, Austin",538,TPC Summerlin,sg_putt,-0.5411371371476236,0.38935899749088204,47,8
22985,"Smotherman, Austin",919,El Cardonal at Diamante,sg_total,0.2274374552167996,0.8241756895683453,10,8
22985,"Smotherman, Austin",925,Dunes Golf and Beach Club,sg_total,-2.2235883014539692,0.8210465318733497,7,8
22985,"Smotherman, Austin",19,TPC Four Seasons Resort,sg_total,-3.2306625301315353,0.7535983141081465,50,8
22985,"Smotherman, Austin",552,Silverado Resort and Spa (North Course),sg_total,0.33706717091068605,0.7376139349852081,40,8
22985,"Smotherman, Austin",978,Vidanta Vallarta,sg_total,0.5318377220391336,0.7044733074594649,17,8
22985,"Smotherman, Austin",890,Tahoe Mountain Club (Old Greenwood),sg_total,0.9176476199545135,0.7001988553273849,19,8
22985,"Smotherman, Austin",872,Quail Hollow Club,sg_total,-1.8373550006125483,0.6851889404998475,37,8
22985,"Smotherman, Austin",746,The Country Club of Jackson,sg_total,-0.009225224483557226,0.6225740180522429,34,8
22985,"Smotherman, Austin",928,PGA National  - Champion Course,sg_total,2.6945163482448606,0.6132577956350657,13,8
22985,"Smotherman, Austin",770,TPC San Antonio - The Oaks Course,sg_total,-0.015222409142959359,0.6076650388350318,54,8
22985,"Smotherman, Austin",897,Memorial Park Golf Course,sg_total,-9.352951519053528,0.5969683733902095,30,8
22985,"Smotherman, Austin",4,Torrey Pines Golf Course (South Course),sg_total,0.25899880572144773,0.5869275084275075,56,8
22985,"Smotherman, Austin",205,Spyglass Hill Golf Course,sg_total,-2.567159530278536,0.557455820713923,53,8
22985,"Smotherman, Austin",922,Dye's Valley Course,sg_total,2.619042944115272,0.5181238048200913,4,8
22985,"Smotherman, Austin",769,Monterey Peninsula CC,sg_total,0.002757280010034835,0.5002066489573296,49,8
22985,"Smotherman, Austin",538,TPC Summerlin,sg_total,0.589968829588153,0.43235476111085686,50,8
22985,"Smotherman, Austin",776,Sea Island Golf Club (Seaside Course),sg_total,-0.21141076612331405,0.3755012307989047,47,8
22985,"Smotherman, Austin",883,TPC Twin Cities,sg_total,-0.7166985739545533,0.35074426673837056,32,8
22985,"Smotherman, Austin",876,Detroit Golf Club,sg_total,-0.7095773992928536,0.3154707070451331,31,8
17536,"Spaun, J.J.",660,Montreux Golf & Country Club,sg_app,0.3439475497571571,0.7750434317449925,8,8
17536,"Spaun, J.J.",928,PGA National  - Champion Course,sg_app,-0.3343943932473361,0.7671751837159452,13,8
17536,"Spaun, J.J.",939,Torrey Pines Golf Course (South Course),sg_app,0.7228685365517078,0.7487285792532103,9,8
17536,"Spaun, J.J.",902,Congaree Golf Club,sg_app,-0.956027241408747,0.7464172844547262,20,8
17536,"Spaun, J.J.",241,Quail Hollow-PGA Championship,sg_app,0.016249114992620883,0.7056566483257517,34,8
17536,"Spaun, J.J.",876,Detroit Golf Club,sg_app,0.19117976623769972,0.6896168809184317,29,8
17536,"Spaun, J.J.",4,Torrey Pines Golf Course (South Course),sg_app,-0.44275803020595833,0.6702800253204808,51,8
17536,"Spaun, J.J.",237,TPC Potomac at Avenel Farm,sg_app,-0.436971750644717,0.6615951373353582,23,8
17536,"Spaun, J.J.",880,Bethpage Black,sg_app,-0.17571926017289097,0.6551865014282398,28,8
17536,"Spaun, J.J.",872,Quail Hollow Club,sg_app,0.8008792388555628,0.6423650899143748,36,8
17536,"Spaun, J.J.",552,Silverado Resort and Spa (North Course),sg_app,-0.11341800295922905,0.6270648570577193,39,8
17536,"Spaun, J.J.",232,Albany GC,sg_app,0.12144384183360651,0.6223580975544195,7,8
17536,"Spaun, J.J.",665,Innisbrook Resort and Golf Club - Copperhead Course,sg_app,0.3519015070225237,0.5909971343340352,54,8
17536,"Spaun, J.J.",700,TPC Boston,sg_app,-1.1448078170096505,0.5801062715329093,52,8
17536,"Spaun, J.J.",931,Tahoe Mountain Club (Old Greenwood),sg_app,0.6296605323191615,0.5425266516366192,6,8
17536,"Spaun, J.J.",744,Torrey Pines (South),sg_app,-1.0017432984530865,0.5291018199363902,20,8
17536,"Spaun, J.J.",14,Augusta National Golf Club,sg_app,-0.5690115958291225,0.5249097184931832,23,8
17536,"Spaun, J.J.",770,TPC San Antonio - The Oaks Course,sg_app,0.44299418503783633,0.524784468692467,50,8
17536,"Spaun, J.J.",611,Southern Hills Country Club,sg_app,1.5638337108329445,0.5183385212389265,21,8
17536,"Spaun, J.J.",882,Caves Valley Golf Club,sg_app,0.7288615167292702,0.4904074682099971,15,8
17536,"Spaun, J.J.",977,The Renaissance Club,sg_app,-0.49574319827310104,0.47281672246556705,16,8
17536,"Spaun, J.J.",771,The Old White TPC,sg_app,0.17575047770305297,0.47094988388515785,41,8
17536,"Spaun, J.J.",885,Royal Portrush Golf Club,sg_app,-0.11601076133131438,0.4489419284589953,15,8
17536,"Spaun, J.J.",893,Muirfield Village Golf Club,sg_app,-1.3561104982303696,0.42322662719000703,23,8
17536,"Spaun, J.J.",510,TPC Scottsdale (Stadium Course),sg_app,0.48505346394965415,0.4198044142274062,49,8
17536,"Spaun, J.J.",897,Memorial Park Golf Course,sg_app,0.927535190850219,0.40296007074916906,29,8
17536,"Spaun, J.J.",874,Hamilton Golf & Country Club,sg_app,0.037350781417254064,0.39319658002294006,21,8
17536,"Spaun, J.J.",884,Keene Trace Golf Club (Champion Trace),sg_app,0.5588173476583764,0.3565055681638959,18,8
17536,"Spaun, J.J.",19,TPC Four Seasons Resort,sg_app,-1.2607170504724363,0.3150439971860182,48,8
17536,"Spaun, J.J.",205,Spyglass Hill Golf Course,sg_arg,-0.9099507793221989,0.8931748466298375,10,8
17536,"Spaun, J.J.",608,Oakmont Country Club,sg_arg,0.608677492186985,0.8244183901604997,10,8
17536,"Spaun, J.J.",883,TPC Twin Cities,sg_arg,-0.3033956399158525,0.7867501524651601,30,8
17536,"Spaun, J.J.",744,Torrey Pines (South),sg_arg,-1.1425886397171379,0.7582209181562641,20,8
17536,"Spaun, J.J.",238,Glen Oaks Club,sg_arg,0.8533314735905575,0.7336871596058964,27,8
17536,"Spaun, J.J.",14,Augusta National Golf Club,sg_arg,-0.5326554211426733,0.6966083272472707,23,8
17536,"Spaun, J.J.",9,Arnold Palmer's Bay Hill Club & Lodge,sg_arg,-0.6414293534254943,0.6663502146645437,55,8
17536,"Spaun, J.J.",930,Black Desert Resort,sg_arg,0.14561126283080492,0.6659138517567389,6,8
17536,"Spaun, J.J.",772,St. George's G&CC,sg_arg,-0.07101724435835108,0.654429616156167,22,8
17536,"Spaun, J.J.",939,Torrey Pines Golf Course (South Course),sg_arg,0.1311493768357994,0.6481740336083687,9,8
17536,"Spaun, J.J.",978,Vidanta Vallarta,sg_arg,-0.31435211068047897,0.5939369030173401,16,8
17536,"Spaun, J.J.",977,The Renaissance Club,sg_arg,-0.33872589887725413,0.5766157384771762,16,8
17536,"Spaun, J.J.",773,Aronimink GC,sg_arg,-0.017317084574598546,0.5548743356281888,36,8
17536,"Spaun, J.J.",873,Ridgewood CC,sg_arg,0.1666548998659181,0.5205492472184076,22,8
17536,"Spaun, J.J.",19,TPC Four Seasons Resort,sg_arg,-0.3817205232016959,0.5175416912724531,48,8
17536,"Spaun, J.J.",611,Southern Hills Country Club,sg_arg,0.12590968198718863,0.4980626838282213,21,8
17536,"Spaun, J.J.",514,Oak Hill Country Club,sg_arg,0.28670830706354233,0.4528767618255562,14,8
17536,"Spaun, J.J.",503,TPC River Highlands,sg_arg,0.1872276070147388,0.4014194396486374,51,8
17536,"Spaun, J.J.",894,TPC Craig Ranch,sg_arg,0.1975854718606704,0.3960272487602276,24,8
17536,"Spaun, J.J.",885,Royal Portrush Golf Club,sg_arg,0.034638819922043346,0.39205476717281856,15,8
17536,"Spaun, J.J.",4,Torrey Pines Golf Course (South Course),sg_arg,-0.06988996532789965,0.3899247548025363,51,8
17536,"Spaun, J.J.",729,Golf Club of Houston,sg_arg,-0.05268061882619965,0.3790111774135132,54,8
17536,"Spaun, J.J.",669,TPC Deere Run,sg_arg,0.19073634477092336,0.3763200181958359,38,8
17536,"Spaun, J.J.",500,The Riviera Country Club,sg_arg,0.10008279131789166,0.36910745033253783,54,8
17536,"Spaun, J.J.",902,Congaree Golf Club,sg_arg,0.7531236490923644,0.31392215570295146,20,8
17536,"Spaun, J.J.",552,Silverado Resort and Spa (North Course),sg_arg,0.013036299714489191,0.30969972483809577,39,8
17536,"Spaun, J.J.",931,Tahoe Mountain Club (Old Greenwood),sg_arg,-0.20271358740689463,0.3045308878923496,6,8
17536,"Spaun, J.J.",901,Wilmington Country Club,sg_ott,0.007396564251103299,0.8630761206823632,8,8
17536,"Spaun, J.J.",931,Tahoe Mountain Club (Old Greenwood),sg_ott,0.08910712343933941,0.857762709347225,6,8
17536,"Spaun, J.J.",746,The Country Club of Jackson,sg_ott,-0.39051691619812146,0.8252517828177022,32,8
17536,"Spaun, J.J.",514,Oak Hill Country Club,sg_ott,-1.0095887733314757,0.8127203741169257,14,8
17536,"Spaun, J.J.",921,TPC Craig Ranch,sg_ott,-0.3387275876381148,0.8124938419538594,15,8
17536,"Spaun, J.J.",656,Plantation Course at Kapalua,sg_ott,0.7906633961132667,0.8079739846971773,45,8
17536,"Spaun, J.J.",897,Memorial Park Golf Course,sg_ott,-0.8276189351532328,0.7975910700248214,29,8
17536,"Spaun, J.J.",19,TPC Four Seasons Resort,sg_ott,-0.6986951417116678,0.7592243617778875,48,8
17536,"Spaun, J.J.",773,Aronimink GC,sg_ott,-0.38180770971696676,0.7357449899129523,36,8
17536,"Spaun, J.J.",205,Spyglass Hill Golf Course,sg_ott,-0.1970106676642449,0.7354241572242235,10,8
17536,"Spaun, J.J.",665,Innisbrook Resort and Golf Club - Copperhead Course,sg_ott,-0.6415623638924963,0.7274722902336741,54,8
17536,"Spaun, J.J.",930,Black Desert Resort,sg_ott,0.6069167817637731,0.7201825483385862,6,8
17536,"Spaun, J.J.",872,Quail Hollow Club,sg_ott,0.020051693204249627,0.7095329685955294,36,8
17536,"Spaun, J.J.",232,Albany GC,sg_ott,1.1951001053753973,0.6990513806604631,7,8
17536,"Spaun, J.J.",669,TPC Deere Run,sg_ott,-0.6146391854266555,0.6958014020825517,38,8
17536,"Spaun, J.J.",237,TPC Potomac at Avenel Farm,sg_ott,0.4762381267755344,0.6685057551764296,23,8
17536,"Spaun, J.J.",744,Torrey Pines (South),sg_ott,0.1232612057786372,0.6527298605945488,20,8
17536,"Spaun, J.J.",939,Torrey Pines Golf Course (South Course),sg_ott,-0.5916343016537191,0.6420342944454386,9,8
17536,"Spaun, J.J.",704,Pete Dye Stadium Course,sg_ott,0.19558157198215714,0.5925443054801743,33,8
17536,"Spaun, J.J.",729,Golf Club of Houston,sg_ott,-0.7724433973571743,0.5762066930736335,54,8
17536,"Spaun, J.J.",873,Ridgewood CC,sg_ott,-0.7041145756485092,0.5404273606561777,22,8
17536,"Spaun, J.J.",243,Trinity Forest Golf Club,sg_ott,0.3367575218275351,0.5300807114908475,23,8
17536,"Spaun, J.J.",534,Bellerive CC,sg_ott,-0.019769824185709856,0.5266986928376094,42,8
17536,"Spaun, J.J.",21,Colonial Country Club,sg_ott,-0.35694904950695117,0.5148436857747805,50,8
17536,"Spaun, J.J.",926,Silverado Resort (North Course),sg_ott,0.1857688743291025,0.4695369826470083,14,8
17536,"Spaun, J.J.",883,TPC Twin Cities,sg_ott,-0.03783016440434278,0.45235980784155716,30,8
17536,"Spaun, J.J.",734,PGA National Resort (The Champion),sg_ott,-0.09481532825719477,0.45228278937398675,56,8
17536,"Spaun, J.J.",770,TPC San Antonio - The Oaks Course,sg_ott,0.22166977891865053,0.45218651003185867,50,8
17536,"Spaun, J.J.",241,Quail Hollow-PGA Championship,sg_ott,0.8063879532156295,0.443843453458752,34,8
17536,"Spaun, J.J.",884,Keene Trace Golf Club (Champion Trace),sg_ott,-0.8320752730400462,0.4361033501171625,18,8
17536,"Spaun, J.J.",14,Augusta National Golf Club,sg_ott,0.25724494974925716,0.42768357649408206,23,8
17536,"Spaun, J.J.",772,St. George's G&CC,sg_ott,-1.0029262254739244,0.3888480133012952,22,8
17536,"Spaun, J.J.",32,Glen Abbey GC,sg_ott,0.2810932428120593,0.38804505962737723,40,8
17536,"Spaun, J.J.",5,Pebble Beach Golf Links,sg_ott,0.19699562333599563,0.37764395709692644,49,8
17536,"Spaun, J.J.",500,The Riviera Country Club,sg_ott,-0.2427807323999342,0.3722795836501979,54,8
17536,"Spaun, J.J.",700,TPC Boston,sg_ott,-0.2968334158559167,0.31039427326405605,52,8
17536,"Spaun, J.J.",928,PGA National  - Champion Course,sg_putt,1.1072827964347292,0.8319135400555944,13,8
17536,"Spaun, J.J.",931,Tahoe Mountain Club (Old Greenwood),sg_putt,-0.19396271932096482,0.7981479141159207,6,8
17536,"Spaun, J.J.",660,Montreux Golf & Country Club,sg_putt,-0.34609254035789194,0.7895447899934764,8,8
17536,"Spaun, J.J.",243,Trinity Forest Golf Club,sg_putt,0.09121361559755256,0.7803268512585968,23,8
17536,"Spaun, J.J.",552,Silverado Resort and Spa (North Course),sg_putt,-0.26941533923997085,0.7652038880499961,39,8
17536,"Spaun, J.J.",930,Black Desert Resort,sg_putt,-0.2823809137279344,0.709353178421583,6,8
17536,"Spaun, J.J.",978,Vidanta Vallarta,sg_putt,-1.707713800230731,0.6967043554693465,16,8
17536,"Spaun, J.J.",744,Torrey Pines (South),sg_putt,0.15717417889533802,0.6493713284526129,20,8
17536,"Spaun, J.J.",884,Keene Trace Golf Club (Champion Trace),sg_putt,-0.4222110440954511,0.560092074734469,18,8
17536,"Spaun, J.J.",608,Oakmont Country Club,sg_putt,2.667777884975759,0.5378019635320631,10,8
17536,"Spaun, J.J.",873,Ridgewood CC,sg_putt,1.5729341263426078,0.5371535915100778,22,8
17536,"Spaun, J.J.",773,Aronimink GC,sg_putt,0.49157071476842823,0.5110050494003415,36,8
17536,"Spaun, J.J.",872,Quail Hollow Club,sg_putt,0.3712467852431757,0.5080732719746718,36,8
17536,"Spaun, J.J.",770,TPC San Antonio - The Oaks Course,sg_putt,0.3589744952694191,0.49979074287184344,50,8
17536,"Spaun, J.J.",977,The Renaissance Club,sg_putt,-0.7823551400213264,0.49863130395531924,16,8
17536,"Spaun, J.J.",902,Congaree Golf Club,sg_putt,-1.0035655819359037,0.47712841747238366,20,8
17536,"Spaun, J.J.",897,Memorial Park Golf Course,sg_putt,0.5489569893284261,0.46100063008810405,29,8
17536,"Spaun, J.J.",665,Innisbrook Resort and Golf Club - Copperhead Course,sg_putt,-1.3374303427331036,0.42909909172145166,54,8
17536,"Spaun, J.J.",883,TPC Twin Cities,sg_putt,0.6015918215505547,0.41039090006103524,30,8
17536,"Spaun, J.J.",669,TPC Deere Run,sg_putt,0.3059613469867619,0.38981961108634927,38,8
17536,"Spaun, J.J.",538,TPC Summerlin,sg_putt,0.15783053361427468,0.38935899749088204,47,8
17536,"Spaun, J.J.",514,Oak Hill Country Club,sg_putt,-0.921503728960861,0.3788799219519931,14,8
17536,"Spaun, J.J.",882,Caves Valley Golf Club,sg_putt,-0.8204501664790322,0.36537833409543036,15,8
17536,"Spaun, J.J.",886,Liberty National Golf Club,sg_putt,0.015100235593429767,0.30772935775047244,27,8
17536,"Spaun, J.J.",19,TPC Four Seasons Resort,sg_putt,-1.2653210140862055,0.3013355876184594,48,8
17536,"Spaun, J.J.",919,El Cardonal at Diamante,sg_total,-0.1923329393931435,0.8241756895683453,10,8
17536,"Spaun, J.J.",925,Dunes Golf and Beach Club,sg_total,0.38307857092030584,0.8210465318733497,7,8
17536,"Spaun, J.J.",379,The Philadelphia Cricket Club (Wissahickon Course),sg_total,0.5588835303872087,0.7585737211164316,9,8
17536,"Spaun, J.J.",19,TPC Four Seasons Resort,sg_total,-3.4699273308818355,0.7535983141081465,50,8
17536,"Spaun, J.J.",552,Silverado Resort and Spa (North Course),sg_total,-0.07024814008742886,0.7376139349852081,40,8
17536,"Spaun, J.J.",901,Wilmington Country Club,sg_total,1.0534288746804656,0.7257352782065652,8,8
17536,"Spaun, J.J.",978,Vidanta Vallarta,sg_total,-3.1400574149205895,0.7044733074594649,17,8
17536,"Spaun, J.J.",773,Aronimink GC,sg_total,-0.32105928974001596,0.7020395410088385,37,8
17536,"Spaun, J.J.",890,Tahoe Mountain Club (Old Greenwood),sg_total,0.48572143883971475,0.7001988553273849,19,8
17536,"Spaun, J.J.",939,Torrey Pines Golf Course (South Course),sg_total,0.10465402324076456,0.6930839691436437,10,8
17536,"Spaun, J.J.",872,Quail Hollow Club,sg_total,0.966120273132305,0.6851889404998475,37,8
17536,"Spaun, J.J.",238,Glen Oaks Club,sg_total,-0.15697024233637424,0.6241288288584754,28,8
17536,"Spaun, J.J.",746,The Country Club of Jackson,sg_total,-2.318916784924201,0.6225740180522429,34,8
17536,"Spaun, J.J.",928,PGA National  - Champion Course,sg_total,1.9626656100630488,0.6132577956350657,13,8
17536,"Spaun, J.J.",977,The Renaissance Club,sg_total,-1.3559778873366093,0.6111814446513488,20,8
17536,"Spaun, J.J.",770,TPC San Antonio - The Oaks Course,sg_total,0.9821056096453963,0.6076650388350318,54,8
17536,"Spaun, J.J.",514,Oak Hill Country Club,sg_total,-1.6485303337684454,0.6041384175417843,15,8
17536,"Spaun, J.J.",897,Memorial Park Golf Course,sg_total,-0.16687784834845815,0.5969683733902095,30,8
17536,"Spaun, J.J.",4,Torrey Pines Golf Course (South Course),sg_total,-1.0584067449634742,0.5869275084275075,56,8
17536,"Spaun, J.J.",205,Spyglass Hill Golf Course,sg_total,-2.2552992722362477,0.557455820713923,53,8
17536,"Spaun, J.J.",771,The Old White TPC,sg_total,0.34888078523399924,0.5529609738461922,43,8
17536,"Spaun, J.J.",14,Augusta National Golf Club,sg_total,-0.9543227620445269,0.5394044836198019,65,8
17536,"Spaun, J.J.",885,Royal Portrush Golf Club,sg_total,0.7499876292195528,0.52887766569415,30,8
17536,"Spaun, J.J.",744,Torrey Pines (South),sg_total,-1.6702608243606694,0.5214711179618798,46,8
17536,"Spaun, J.J.",513,TPC Southwind,sg_total,1.6939631859394986,0.5150057683020087,55,8
17536,"Spaun, J.J.",800,The Abaco Club on Winding Bay,sg_total,-2.772756595544766,0.5085375076292757,35,8
17536,"Spaun, J.J.",700,TPC Boston,sg_total,-1.5345322049230687,0.507527023233339,54,8
17536,"Spaun, J.J.",769,Monterey Peninsula CC,sg_total,-1.1738170187336738,0.5002066489573296,49,8
17536,"Spaun, J.J.",232,Albany GC,sg_total,1.4205191292535413,0.4445505341369429,18,8
17536,"Spaun, J.J.",538,TPC Summerlin,sg_total,0.34427038294571033,0.43235476111085686,50,8
17536,"Spaun, J.J.",241,Quail Hollow-PGA Championship,sg_total,0.6676601669648937,0.4265006951284631,37,8
17536,"Spaun, J.J.",902,Congaree Golf Club,sg_total,-1.2693801746541724,0.41161328631299193,21,8
17536,"Spaun, J.J.",875,ACCORDIA GOLF Narashino Country Club,sg_total,1.168385625794119,0.386724896362914,20,8
17536,"Spaun, J.J.",776,Sea Island Golf Club (Seaside Course),sg_total,0.005863944811463129,0.3755012307989047,47,8
17536,"Spaun, J.J.",608,Oakmont Country Club,sg_total,3.3440258000446974,0.3547256152850429,53,8
17536,"Spaun, J.J.",880,Bethpage Black,sg_total,0.45609241829345193,0.3513476172401144,30,8
17536,"Spaun, J.J.",883,TPC Twin Cities,sg_total,0.3775218769202734,0.35074426673837056,32,8
17536,"Spaun, J.J.",876,Detroit Golf Club,sg_total,1.0782454092677574,0.3154707070451331,31,8
14636,"Spieth, Jordan",8,Trump National Doral,sg_app,-1.3122190551744946,0.9465251472181397,60,8
14636,"Spieth, Jordan",896,Olympia Fields Country Club (North Course),sg_app,-0.8297531426599705,0.8315178735937293,13,8
14636,"Spieth, Jordan",928,PGA National  - Champion Course,sg_app,-0.3450290688496527,0.7671751837159452,13,8
14636,"Spieth, Jordan",939,Torrey Pines Golf Course (South Course),sg_app,-2.0105172347519638,0.7487285792532103,9,8
14636,"Spieth, Jordan",902,Congaree Golf Club,sg_app,-1.1993652729666429,0.7464172844547262,20,8
14636,"Spieth, Jordan",891,Winged Foot GC,sg_app,-0.8042464031136466,0.7126732274142469,23,8
14636,"Spieth, Jordan",240,Club de Golf Chapultepec,sg_app,-0.6672957373963688,0.7081210840226253,29,8
14636,"Spieth, Jordan",697,Ocean Course at Kiawah Island,sg_app,0.10006710542773806,0.7069136776164395,24,8
14636,"Spieth, Jordan",241,Quail Hollow-PGA Championship,sg_app,-0.11233935682741952,0.7056566483257517,34,8
14636,"Spieth, Jordan",4,Torrey Pines Golf Course (South Course),sg_app,-0.6038046625210034,0.6702800253204808,51,8
14636,"Spieth, Jordan",724,Royal Liverpool,sg_app,0.28886280652643465,0.6632783746768827,14,8
14636,"Spieth, Jordan",880,Bethpage Black,sg_app,-0.3075463612462516,0.6551865014282398,28,8
14636,"Spieth, Jordan",43,The Los Angeles Country Club (North Course),sg_app,-1.2813076528213159,0.652561798717866,13,8
14636,"Spieth, Jordan",872,Quail Hollow Club,sg_app,-1.5413885434356072,0.6423650899143748,36,8
14636,"Spieth, Jordan",552,Silverado Resort and Spa (North Course),sg_app,-1.8163481830050205,0.6270648570577193,39,8
14636,"Spieth, Jordan",232,Albany GC,sg_app,-0.34313470528101464,0.6223580975544195,7,8
14636,"Spieth, Jordan",665,Innisbrook Resort and Golf Club - Copperhead Course,sg_app,0.7934119467922812,0.5909971343340352,54,8
14636,"Spieth, Jordan",700,TPC Boston,sg_app,0.23140546506344994,0.5801062715329093,52,8
14636,"Spieth, Jordan",2000,Sherwood Country Club,sg_app,-0.560518434997118,0.5541693573359622,12,8
14636,"Spieth, Jordan",744,Torrey Pines (South),sg_app,0.8563537721680811,0.5291018199363902,20,8
14636,"Spieth, Jordan",14,Augusta National Golf Club,sg_app,0.10840088399195028,0.5249097184931832,23,8
14636,"Spieth, Jordan",770,TPC San Antonio - The Oaks Course,sg_app,0.3394168198859931,0.524784468692467,50,8
14636,"Spieth, Jordan",611,Southern Hills Country Club,sg_app,0.595912578714916,0.5183385212389265,21,8
14636,"Spieth, Jordan",36,Le Triomphe G&CC,sg_app,-0.5640383614449025,0.511720899137967,58,8
14636,"Spieth, Jordan",527,Saucon Valley CC,sg_app,-0.10025895183590305,0.49410026897104875,35,8
14636,"Spieth, Jordan",882,Caves Valley Golf Club,sg_app,-0.12255036259545657,0.4904074682099971,15,8
14636,"Spieth, Jordan",977,The Renaissance Club,sg_app,-0.7688890223210002,0.47281672246556705,16,8
14636,"Spieth, Jordan",771,The Old White TPC,sg_app,-0.7392882117763176,0.47094988388515785,41,8
14636,"Spieth, Jordan",715,Baltusrol GC,sg_app,0.9899699385069047,0.46574115836652397,35,8
14636,"Spieth, Jordan",885,Royal Portrush Golf Club,sg_app,-0.680207037921091,0.4489419284589953,15,8
14636,"Spieth, Jordan",893,Muirfield Village Golf Club,sg_app,-1.3747326328544893,0.42322662719000703,23,8
14636,"Spieth, Jordan",510,TPC Scottsdale (Stadium Course),sg_app,0.5237850294155566,0.4198044142274062,49,8
14636,"Spieth, Jordan",897,Memorial Park Golf Course,sg_app,-0.07435304930192305,0.40296007074916906,29,8
14636,"Spieth, Jordan",745,iberostar real club de golf novo sancti petri,sg_app,-0.7529197344604732,0.35496164779815254,48,8
14636,"Spieth, Jordan",666,Pebble Beach Golf Links,sg_app,-0.20168514349849048,0.3362028317814147,27,8
14636,"Spieth, Jordan",528,Pinehurst Resort & Country Club (Course No. 2),sg_app,1.3285101978331564,0.3150926551363546,13,8
14636,"Spieth, Jordan",19,TPC Four Seasons Resort,sg_app,-0.27763786807774465,0.3150439971860182,48,8
14636,"Spieth, Jordan",8,Trump National Doral,sg_arg,0.5862234978667035,0.9530423707413531,60,8
14636,"Spieth, Jordan",205,Spyglass Hill Golf Course,sg_arg,0.2193794261474875,0.8931748466298375,10,8
14636,"Spieth, Jordan",608,Oakmont Country Club,sg_arg,0.3367955813794119,0.8244183901604997,10,8
14636,"Spieth, Jordan",744,Torrey Pines (South),sg_arg,-0.3514992393796486,0.7582209181562641,20,8
14636,"Spieth, Jordan",238,Glen Oaks Club,sg_arg,0.4234003197564199,0.7336871596058964,27,8
14636,"Spieth, Jordan",706,Whistling Straits,sg_arg,1.5960259751133128,0.6993047725504687,41,8
14636,"Spieth, Jordan",14,Augusta National Golf Club,sg_arg,0.5093921379682567,0.6966083272472707,23,8
14636,"Spieth, Jordan",9,Arnold Palmer's Bay Hill Club & Lodge,sg_arg,0.23821130844994642,0.6663502146645437,55,8
14636,"Spieth, Jordan",939,Torrey Pines Golf Course (South Course),sg_arg,0.06134245832000809,0.6481740336083687,9,8
14636,"Spieth, Jordan",896,Olympia Fields Country Club (North Course),sg_arg,0.15152984471207576,0.6081893022397992,13,8
14636,"Spieth, Jordan",977,The Renaissance Club,sg_arg,0.21356533549342993,0.5766157384771762,16,8
14636,"Spieth, Jordan",773,Aronimink GC,sg_arg,-0.5702454562188953,0.5548743356281888,36,8
14636,"Spieth, Jordan",528,Pinehurst Resort & Country Club (Course No. 2),sg_arg,0.06478496369116148,0.5246733621084892,13,8
14636,"Spieth, Jordan",873,Ridgewood CC,sg_arg,-0.16902942934150683,0.5205492472184076,22,8
14636,"Spieth, Jordan",19,TPC Four Seasons Resort,sg_arg,-0.10503550441659444,0.5175416912724531,48,8
14636,"Spieth, Jordan",611,Southern Hills Country Club,sg_arg,0.055700482251038116,0.4980626838282213,21,8
14636,"Spieth, Jordan",514,Oak Hill Country Club,sg_arg,-0.8814375936405038,0.4528767618255562,14,8
14636,"Spieth, Jordan",698,Quail Hollow Club,sg_arg,-0.9028065060957624,0.41704133255957127,52,8
14636,"Spieth, Jordan",697,Ocean Course at Kiawah Island,sg_arg,0.8996937120849872,0.4160654028125454,24,8
14636,"Spieth, Jordan",503,TPC River Highlands,sg_arg,-0.5027851057750462,0.4014194396486374,51,8
14636,"Spieth, Jordan",894,TPC Craig Ranch,sg_arg,-0.11769823383807727,0.3960272487602276,24,8
14636,"Spieth, Jordan",885,Royal Portrush Golf Club,sg_arg,-0.28315499415961065,0.39205476717281856,15,8
14636,"Spieth, Jordan",4,Torrey Pines Golf Course (South Course),sg_arg,-0.18640636266170252,0.3899247548025363,51,8
14636,"Spieth, Jordan",729,Golf Club of Houston,sg_arg,0.030897711470358198,0.3790111774135132,54,8
14636,"Spieth, Jordan",669,TPC Deere Run,sg_arg,-0.846424035257305,0.3763200181958359,38,8
14636,"Spieth, Jordan",500,The Riviera Country Club,sg_arg,0.3390516336678383,0.36910745033253783,54,8
14636,"Spieth, Jordan",902,Congaree Golf Club,sg_arg,-0.09567154338142973,0.31392215570295146,20,8
14636,"Spieth, Jordan",552,Silverado Resort and Spa (North Course),sg_arg,0.5239869968658473,0.30969972483809577,39,8
14636,"Spieth, Jordan",745,iberostar real club de golf novo sancti petri,sg_arg,0.8973519389156975,0.303356471156665,48,8
14636,"Spieth, Jordan",8,Trump National Doral,sg_ott,0.4333585882014831,0.9516191919070657,60,8
14636,"Spieth, Jordan",901,Wilmington Country Club,sg_ott,-0.06597613607436735,0.8630761206823632,8,8
14636,"Spieth, Jordan",697,Ocean Course at Kiawah Island,sg_ott,0.693339725606276,0.8177837473279898,24,8
14636,"Spieth, Jordan",514,Oak Hill Country Club,sg_ott,1.427608766047959,0.8127203741169257,14,8
14636,"Spieth, Jordan",706,Whistling Straits,sg_ott,0.2893885760610564,0.8125271659699387,41,8
14636,"Spieth, Jordan",921,TPC Craig Ranch,sg_ott,0.4821383327212414,0.8124938419538594,15,8
14636,"Spieth, Jordan",656,Plantation Course at Kapalua,sg_ott,0.07598044451656362,0.8079739846971773,45,8
14636,"Spieth, Jordan",897,Memorial Park Golf Course,sg_ott,-0.28324045040007206,0.7975910700248214,29,8
14636,"Spieth, Jordan",666,Pebble Beach Golf Links,sg_ott,-0.011960619601001506,0.7832355819650828,27,8
14636,"Spieth, Jordan",19,TPC Four Seasons Resort,sg_ott,-0.31684564117802944,0.7592243617778875,48,8
14636,"Spieth, Jordan",689,El Bosque CC,sg_ott,-0.01275432173498561,0.7580306354046243,42,8
14636,"Spieth, Jordan",505,Cherry Hills CC,sg_ott,0.046281259347288564,0.7529027101413989,25,8
14636,"Spieth, Jordan",773,Aronimink GC,sg_ott,-0.5956460715899419,0.7357449899129523,36,8
14636,"Spieth, Jordan",205,Spyglass Hill Golf Course,sg_ott,-0.13117932271107302,0.7354241572242235,10,8
14636,"Spieth, Jordan",665,Innisbrook Resort and Golf Club - Copperhead Course,sg_ott,-0.23704541802137422,0.7274722902336741,54,8
14636,"Spieth, Jordan",36,Le Triomphe G&CC,sg_ott,-0.1920287845705676,0.721117445741737,58,8
14636,"Spieth, Jordan",872,Quail Hollow Club,sg_ott,0.6981380984149513,0.7095329685955294,36,8
14636,"Spieth, Jordan",232,Albany GC,sg_ott,-0.5275491851220425,0.6990513806604631,7,8
14636,"Spieth, Jordan",669,TPC Deere Run,sg_ott,0.2061308884274671,0.6958014020825517,38,8
14636,"Spieth, Jordan",895,TPC Harding Park,sg_ott,0.08962671585758412,0.6913221539478895,25,8
14636,"Spieth, Jordan",789,Conway Farms GC,sg_ott,0.021452183697467663,0.6765431912571337,34,8
14636,"Spieth, Jordan",43,The Los Angeles Country Club (North Course),sg_ott,-0.023245027027917607,0.6561752385219565,13,8
14636,"Spieth, Jordan",744,Torrey Pines (South),sg_ott,0.1778154128383161,0.6527298605945488,20,8
14636,"Spieth, Jordan",939,Torrey Pines Golf Course (South Course),sg_ott,0.2516539464598919,0.6420342944454386,9,8
14636,"Spieth, Jordan",348,Medinah Country Club (No. 3),sg_ott,0.35990744562331023,0.6402835614018546,18,8
14636,"Spieth, Jordan",528,Pinehurst Resort & Country Club (Course No. 2),sg_ott,0.2507327401200553,0.605912040107582,13,8
14636,"Spieth, Jordan",2000,Sherwood Country Club,sg_ott,-0.33628417901167074,0.5798439179510387,12,8
14636,"Spieth, Jordan",729,Golf Club of Houston,sg_ott,-0.07476199250263132,0.5762066930736335,54,8
14636,"Spieth, Jordan",781,Plainfield CC,sg_ott,-0.1041337456980892,0.5503579288030632,43,8
14636,"Spieth, Jordan",671,Valhalla Golf Club,sg_ott,0.23868555063372238,0.5447209390309542,42,8
14636,"Spieth, Jordan",873,Ridgewood CC,sg_ott,-0.8894849922832334,0.5404273606561777,22,8
14636,"Spieth, Jordan",243,Trinity Forest Golf Club,sg_ott,-0.13067867078763348,0.5300807114908475,23,8
14636,"Spieth, Jordan",534,Bellerive CC,sg_ott,-0.2595085488973466,0.5266986928376094,42,8
14636,"Spieth, Jordan",21,Colonial Country Club,sg_ott,0.46092212650431236,0.5148436857747805,50,8
14636,"Spieth, Jordan",745,iberostar real club de golf novo sancti petri,sg_ott,-0.30316012571557976,0.512595938540274,48,8
14636,"Spieth, Jordan",654,The Country Club,sg_ott,-0.0931665092667466,0.4887135329746615,13,8
14636,"Spieth, Jordan",698,Quail Hollow Club,sg_ott,0.2865629915168836,0.4783427498881751,52,8
14636,"Spieth, Jordan",770,TPC San Antonio - The Oaks Course,sg_ott,0.22621545271303062,0.45218651003185867,50,8
14636,"Spieth, Jordan",241,Quail Hollow-PGA Championship,sg_ott,0.12614897788789098,0.443843453458752,34,8
14636,"Spieth, Jordan",14,Augusta National Golf Club,sg_ott,0.25237508097490363,0.42768357649408206,23,8
14636,"Spieth, Jordan",5,Pebble Beach Golf Links,sg_ott,-0.3937334544483509,0.37764395709692644,49,8
14636,"Spieth, Jordan",500,The Riviera Country Club,sg_ott,-0.3507818849116804,0.3722795836501979,54,8
14636,"Spieth, Jordan",709,Royal Troon,sg_ott,0.09262869330017232,0.3555471361658512,14,8
14636,"Spieth, Jordan",700,TPC Boston,sg_ott,-0.023122976764586974,0.31039427326405605,52,8
14636,"Spieth, Jordan",8,Trump National Doral,sg_putt,0.2954428129917945,0.9467615659341958,60,8
14636,"Spieth, Jordan",709,Royal Troon,sg_putt,-0.4856693639292684,0.8553792953613122,14,8
14636,"Spieth, Jordan",2000,Sherwood Country Club,sg_putt,0.9836747046688673,0.8489529445552979,12,8
14636,"Spieth, Jordan",928,PGA National  - Champion Course,sg_putt,1.289426624338346,0.8319135400555944,13,8
14636,"Spieth, Jordan",243,Trinity Forest Golf Club,sg_putt,0.17176076325523942,0.7803268512585968,23,8
14636,"Spieth, Jordan",552,Silverado Resort and Spa (North Course),sg_putt,-0.47153023456170134,0.7652038880499961,39,8
14636,"Spieth, Jordan",896,Olympia Fields Country Club (North Course),sg_putt,-0.3217813973139496,0.7300243530921173,13,8
14636,"Spieth, Jordan",715,Baltusrol GC,sg_putt,-0.23536640200993053,0.6977005838536325,35,8
14636,"Spieth, Jordan",744,Torrey Pines (South),sg_putt,-0.016104148460208773,0.6493713284526129,20,8
14636,"Spieth, Jordan",789,Conway Farms GC,sg_putt,-0.002588348898541773,0.6488976184206149,34,8
14636,"Spieth, Jordan",689,El Bosque CC,sg_putt,-0.12462712777253031,0.6122961641627417,42,8
14636,"Spieth, Jordan",697,Ocean Course at Kiawah Island,sg_putt,-0.7827017335056954,0.6047937213752724,24,8
14636,"Spieth, Jordan",745,iberostar real club de golf novo sancti petri,sg_putt,0.18642088813337238,0.582420842072087,48,8
14636,"Spieth, Jordan",505,Cherry Hills CC,sg_putt,0.8922418486266334,0.5727829869764955,25,8
14636,"Spieth, Jordan",43,The Los Angeles Country Club (North Course),sg_putt,0.15509226730306375,0.5587238547117286,13,8
14636,"Spieth, Jordan",706,Whistling Straits,sg_putt,0.5247661821511713,0.5413193747753923,41,8
14636,"Spieth, Jordan",608,Oakmont Country Club,sg_putt,-0.45038123983306316,0.5378019635320631,10,8
14636,"Spieth, Jordan",873,Ridgewood CC,sg_putt,0.34270731913630476,0.5371535915100778,22,8
14636,"Spieth, Jordan",668,St. Andrews Links (Old Course),sg_putt,0.1391198074319624,0.5243576462108127,16,8
14636,"Spieth, Jordan",773,Aronimink GC,sg_putt,-1.1590619523519574,0.5110050494003415,36,8
14636,"Spieth, Jordan",872,Quail Hollow Club,sg_putt,-0.06891416688525337,0.5080732719746718,36,8
14636,"Spieth, Jordan",770,TPC San Antonio - The Oaks Course,sg_putt,-0.4501067003771096,0.49979074287184344,50,8
14636,"Spieth, Jordan",977,The Renaissance Club,sg_putt,-0.6915143471882634,0.49863130395531924,16,8
14636,"Spieth, Jordan",902,Congaree Golf Club,sg_putt,-0.09541211949702226,0.47712841747238366,20,8
14636,"Spieth, Jordan",897,Memorial Park Golf Course,sg_putt,-0.9909124056111809,0.46100063008810405,29,8
14636,"Spieth, Jordan",665,Innisbrook Resort and Golf Club - Copperhead Course,sg_putt,0.2876422656422828,0.42909909172145166,54,8
14636,"Spieth, Jordan",891,Winged Foot GC,sg_putt,-0.7741586231860283,0.4283793448531367,23,8
14636,"Spieth, Jordan",669,TPC Deere Run,sg_putt,0.6788847558805283,0.38981961108634927,38,8
14636,"Spieth, Jordan",538,TPC Summerlin,sg_putt,0.3874740197724299,0.38935899749088204,47,8
14636,"Spieth, Jordan",514,Oak Hill Country Club,sg_putt,-0.424369444399989,0.3788799219519931,14,8
14636,"Spieth, Jordan",882,Caves Valley Golf Club,sg_putt,-0.022322217452223556,0.36537833409543036,15,8
14636,"Spieth, Jordan",886,Liberty National Golf Club,sg_putt,-0.019019254676470573,0.30772935775047244,27,8
14636,"Spieth, Jordan",19,TPC Four Seasons Resort,sg_putt,-0.4937392099309398,0.3013355876184594,48,8
14636,"Spieth, Jordan",8,Trump National Doral,sg_total,-0.11642177181292163,0.9534045421133684,71,8
14636,"Spieth, Jordan",896,Olympia Fields Country Club (North Course),sg_total,-1.0407657469963605,0.8247619918620935,14,8
14636,"Spieth, Jordan",379,The Philadelphia Cricket Club (Wissahickon Course),sg_total,-0.2800006871266646,0.7585737211164316,9,8
14636,"Spieth, Jordan",19,TPC Four Seasons Resort,sg_total,-1.075522631672092,0.7535983141081465,50,8
14636,"Spieth, Jordan",43,The Los Angeles Country Club (North Course),sg_total,-0.8073144648199437,0.7514161263884058,15,8
14636,"Spieth, Jordan",552,Silverado Resort and Spa (North Course),sg_total,-1.8863899670771738,0.7376139349852081,40,8
14636,"Spieth, Jordan",901,Wilmington Country Club,sg_total,0.36978616406583975,0.7257352782065652,8,8
14636,"Spieth, Jordan",891,Winged Foot GC,sg_total,-3.296901032393717,0.716785908305173,25,8
14636,"Spieth, Jordan",773,Aronimink GC,sg_total,-2.328799698987515,0.7020395410088385,37,8
14636,"Spieth, Jordan",939,Torrey Pines Golf Course (South Course),sg_total,-2.030180436621845,0.6930839691436437,10,8
14636,"Spieth, Jordan",872,Quail Hollow Club,sg_total,-1.1856026727779385,0.6851889404998475,37,8
14636,"Spieth, Jordan",238,Glen Oaks Club,sg_total,2.5294321061000895,0.6241288288584754,28,8
14636,"Spieth, Jordan",706,Whistling Straits,sg_total,2.75599379272853,0.6145503734924044,59,8
14636,"Spieth, Jordan",928,PGA National  - Champion Course,sg_total,1.1901581754664203,0.6132577956350657,13,8
14636,"Spieth, Jordan",977,The Renaissance Club,sg_total,-0.949938209287551,0.6111814446513488,20,8
14636,"Spieth, Jordan",895,TPC Harding Park,sg_total,-0.8402330523072078,0.6084200207744371,26,8
14636,"Spieth, Jordan",770,TPC San Antonio - The Oaks Course,sg_total,-0.11181212054500354,0.6076650388350318,54,8
14636,"Spieth, Jordan",781,Plainfield CC,sg_total,-4.409779485893146,0.6050669110305169,43,8
14636,"Spieth, Jordan",514,Oak Hill Country Club,sg_total,0.28994356388359177,0.6041384175417843,15,8
14636,"Spieth, Jordan",240,Club de Golf Chapultepec,sg_total,-1.15319609334355,0.6020028570371451,32,8
14636,"Spieth, Jordan",897,Memorial Park Golf Course,sg_total,-0.9915110322203017,0.5969683733902095,30,8
14636,"Spieth, Jordan",4,Torrey Pines Golf Course (South Course),sg_total,-2.1932265785377503,0.5869275084275075,56,8
14636,"Spieth, Jordan",205,Spyglass Hill Golf Course,sg_total,1.0989838398380205,0.557455820713923,53,8
14636,"Spieth, Jordan",771,The Old White TPC,sg_total,0.5974219677217569,0.5529609738461922,43,8
14636,"Spieth, Jordan",818,Chambers Bay GC,sg_total,1.3018528521820383,0.5439215943066038,38,8
14636,"Spieth, Jordan",666,Pebble Beach Golf Links,sg_total,-1.3808244330347264,0.5426232759381483,49,8
14636,"Spieth, Jordan",14,Augusta National Golf Club,sg_total,0.9046573607413961,0.5394044836198019,65,8
14636,"Spieth, Jordan",822,Las Colinas Country Club,sg_total,-1.2406506419403707,0.5373709005340206,27,8
14636,"Spieth, Jordan",885,Royal Portrush Golf Club,sg_total,-0.13703169259592082,0.52887766569415,30,8
14636,"Spieth, Jordan",689,El Bosque CC,sg_total,0.2931886061125968,0.5233518693058378,52,8
14636,"Spieth, Jordan",744,Torrey Pines (South),sg_total,0.6232963232001901,0.5214711179618798,46,8
14636,"Spieth, Jordan",513,TPC Southwind,sg_total,-0.8411159859259839,0.5150057683020087,55,8
14636,"Spieth, Jordan",700,TPC Boston,sg_total,-0.3413944864543491,0.507527023233339,54,8
14636,"Spieth, Jordan",769,Monterey Peninsula CC,sg_total,0.033413063067618626,0.5002066489573296,49,8
14636,"Spieth, Jordan",232,Albany GC,sg_total,-1.66837591138243,0.4445505341369429,18,8
14636,"Spieth, Jordan",538,TPC Summerlin,sg_total,-1.891954392464166,0.43235476111085686,50,8
14636,"Spieth, Jordan",100,Omni Tucson National,sg_total,4.705852852182038,0.4299162671909255,45,8
14636,"Spieth, Jordan",527,Saucon Valley CC,sg_total,0.3303299875118031,0.42812608891688303,43,8
14636,"Spieth, Jordan",505,Cherry Hills CC,sg_total,1.2383047485080567,0.42732051022224193,25,8
14636,"Spieth, Jordan",241,Quail Hollow-PGA Championship,sg_total,-0.007758909986163159,0.4265006951284631,37,8
14636,"Spieth, Jordan",902,Congaree Golf Club,sg_total,-1.1769744393822457,0.41161328631299193,21,8
14636,"Spieth, Jordan",875,ACCORDIA GOLF Narashino Country Club,sg_total,-2.389207518558221,0.386724896362914,20,8
14636,"Spieth, Jordan",778,Royal St. George's GC,sg_total,2.68703057995193,0.3865346771917013,50,8
14636,"Spieth, Jordan",608,Oakmont Country Club,sg_total,0.969253288016054,0.3547256152850429,53,8
14636,"Spieth, Jordan",880,Bethpage Black,sg_total,2.3474299860049177,0.3513476172401144,30,8
25569,"Stevens, Sam",928,PGA National  - Champion Course,sg_app,-0.25242880006890756,0.7671751837159452,13,8
25569,"Stevens, Sam",939,Torrey Pines Golf Course (South Course),sg_app,0.5074243474287649,0.7487285792532103,9,8
25569,"Stevens, Sam",241,Quail Hollow-PGA Championship,sg_app,-1.1384555286216744,0.7056566483257517,34,8
25569,"Stevens, Sam",876,Detroit Golf Club,sg_app,-0.5145808603982416,0.6896168809184317,29,8
25569,"Stevens, Sam",4,Torrey Pines Golf Course (South Course),sg_app,0.39883836416963325,0.6702800253204808,51,8
25569,"Stevens, Sam",872,Quail Hollow Club,sg_app,-0.22834170448812902,0.6423650899143748,36,8
25569,"Stevens, Sam",665,Innisbrook Resort and Golf Club - Copperhead Course,sg_app,-0.11583566245610252,0.5909971343340352,54,8
25569,"Stevens, Sam",931,Tahoe Mountain Club (Old Greenwood),sg_app,-0.561383555260321,0.5425266516366192,6,8
25569,"Stevens, Sam",14,Augusta National Golf Club,sg_app,1.0459540796094275,0.5249097184931832,23,8
25569,"Stevens, Sam",770,TPC San Antonio - The Oaks Course,sg_app,0.4105796046989322,0.524784468692467,50,8
25569,"Stevens, Sam",882,Caves Valley Golf Club,sg_app,-0.5827744453101014,0.4904074682099971,15,8
25569,"Stevens, Sam",977,The Renaissance Club,sg_app,-0.6484457325750493,0.47281672246556705,16,8
25569,"Stevens, Sam",510,TPC Scottsdale (Stadium Course),sg_app,-0.08370957002749127,0.4198044142274062,49,8
25569,"Stevens, Sam",897,Memorial Park Golf Course,sg_app,0.1449502193139814,0.40296007074916906,29,8
25569,"Stevens, Sam",874,Hamilton Golf & Country Club,sg_app,0.5023409475311603,0.39319658002294006,21,8
25569,"Stevens, Sam",205,Spyglass Hill Golf Course,sg_arg,-0.6329998801042782,0.8931748466298375,10,8
25569,"Stevens, Sam",608,Oakmont Country Club,sg_arg,0.2502868655914341,0.8244183901604997,10,8
25569,"Stevens, Sam",883,TPC Twin Cities,sg_arg,0.18979756894719674,0.7867501524651601,30,8
25569,"Stevens, Sam",14,Augusta National Golf Club,sg_arg,-0.13319160654894657,0.6966083272472707,23,8
25569,"Stevens, Sam",9,Arnold Palmer's Bay Hill Club & Lodge,sg_arg,-0.1981835217486174,0.6663502146645437,55,8
25569,"Stevens, Sam",939,Torrey Pines Golf Course (South Course),sg_arg,-0.1453529589137924,0.6481740336083687,9,8
25569,"Stevens, Sam",978,Vidanta Vallarta,sg_arg,-0.551730699545735,0.5939369030173401,16,8
25569,"Stevens, Sam",977,The Renaissance Club,sg_arg,-0.10073851205053584,0.5766157384771762,16,8
25569,"Stevens, Sam",503,TPC River Highlands,sg_arg,0.2208668051957911,0.4014194396486374,51,8
25569,"Stevens, Sam",4,Torrey Pines Golf Course (South Course),sg_arg,0.6545152648280798,0.3899247548025363,51,8
25569,"Stevens, Sam",669,TPC Deere Run,sg_arg,-0.40487542641197316,0.3763200181958359,38,8
25569,"Stevens, Sam",500,The Riviera Country Club,sg_arg,-0.22908477100422303,0.36910745033253783,54,8
25569,"Stevens, Sam",931,Tahoe Mountain Club (Old Greenwood),sg_arg,0.4119819654711554,0.3045308878923496,6,8
25569,"Stevens, Sam",931,Tahoe Mountain Club (Old Greenwood),sg_ott,0.1357435494969334,0.857762709347225,6,8
25569,"Stevens, Sam",746,The Country Club of Jackson,sg_ott,-0.3456142311870802,0.8252517828177022,32,8
25569,"Stevens, Sam",921,TPC Craig Ranch,sg_ott,0.10107018516432888,0.8124938419538594,15,8
25569,"Stevens, Sam",897,Memorial Park Golf Course,sg_ott,0.1403759812880243,0.7975910700248214,29,8
25569,"Stevens, Sam",205,Spyglass Hill Golf Course,sg_ott,0.8299958325829604,0.7354241572242235,10,8
25569,"Stevens, Sam",665,Innisbrook Resort and Golf Club - Copperhead Course,sg_ott,-0.2538317039913139,0.7274722902336741,54,8
25569,"Stevens, Sam",872,Quail Hollow Club,sg_ott,-0.07768136369406152,0.7095329685955294,36,8
25569,"Stevens, Sam",669,TPC Deere Run,sg_ott,-0.22879176747925706,0.6958014020825517,38,8
25569,"Stevens, Sam",939,Torrey Pines Golf Course (South Course),sg_ott,-0.25210554759882675,0.6420342944454386,9,8
25569,"Stevens, Sam",704,Pete Dye Stadium Course,sg_ott,-0.4521501630247943,0.5925443054801743,33,8
25569,"Stevens, Sam",21,Colonial Country Club,sg_ott,-0.20405643550989133,0.5148436857747805,50,8
25569,"Stevens, Sam",654,The Country Club,sg_ott,0.39715581979066206,0.4887135329746615,13,8
25569,"Stevens, Sam",926,Silverado Resort (North Course),sg_ott,-0.7142457391196763,0.4695369826470083,14,8
25569,"Stevens, Sam",883,TPC Twin Cities,sg_ott,-0.3329357101891942,0.45235980784155716,30,8
25569,"Stevens, Sam",734,PGA National Resort (The Champion),sg_ott,0.8290244068847401,0.45228278937398675,56,8
25569,"Stevens, Sam",770,TPC San Antonio - The Oaks Course,sg_ott,-0.4115900903851345,0.45218651003185867,50,8
25569,"Stevens, Sam",241,Quail Hollow-PGA Championship,sg_ott,-0.41217655098688716,0.443843453458752,34,8
25569,"Stevens, Sam",14,Augusta National Golf Club,sg_ott,-0.05791536690636266,0.42768357649408206,23,8
25569,"Stevens, Sam",5,Pebble Beach Golf Links,sg_ott,0.650868587302503,0.37764395709692644,49,8
25569,"Stevens, Sam",500,The Riviera Country Club,sg_ott,-0.09651669467202141,0.3722795836501979,54,8
25569,"Stevens, Sam",928,PGA National  - Champion Course,sg_putt,-0.4526086492813377,0.8319135400555944,13,8
25569,"Stevens, Sam",931,Tahoe Mountain Club (Old Greenwood),sg_putt,0.44826465386759873,0.7981479141159207,6,8
25569,"Stevens, Sam",978,Vidanta Vallarta,sg_putt,-0.8412559770235387,0.6967043554693465,16,8
25569,"Stevens, Sam",608,Oakmont Country Club,sg_putt,0.5702576134276585,0.5378019635320631,10,8
25569,"Stevens, Sam",872,Quail Hollow Club,sg_putt,-0.7032319786243052,0.5080732719746718,36,8
25569,"Stevens, Sam",770,TPC San Antonio - The Oaks Course,sg_putt,0.9531553776093677,0.49979074287184344,50,8
25569,"Stevens, Sam",977,The Renaissance Club,sg_putt,-0.5217658422969189,0.49863130395531924,16,8
25569,"Stevens, Sam",897,Memorial Park Golf Course,sg_putt,0.3929395195858266,0.46100063008810405,29,8
25569,"Stevens, Sam",665,Innisbrook Resort and Golf Club - Copperhead Course,sg_putt,0.0569826956854364,0.42909909172145166,54,8
25569,"Stevens, Sam",883,TPC Twin Cities,sg_putt,1.0686943522751104,0.41039090006103524,30,8
25569,"Stevens, Sam",669,TPC Deere Run,sg_putt,0.22948102909111204,0.38981961108634927,38,8
25569,"Stevens, Sam",538,TPC Summerlin,sg_putt,-0.16058607561493107,0.38935899749088204,47,8
25569,"Stevens, Sam",882,Caves Valley Golf Club,sg_putt,-0.8676343194215801,0.36537833409543036,15,8
25569,"Stevens, Sam",919,El Cardonal at Diamante,sg_total,1.229850876817997,0.8241756895683453,10,8
25569,"Stevens, Sam",925,Dunes Golf and Beach Club,sg_total,1.702336717462469,0.8210465318733497,7,8
25569,"Stevens, Sam",379,The Philadelphia Cricket Club (Wissahickon Course),sg_total,0.6338729442950521,0.7585737211164316,9,8
25569,"Stevens, Sam",552,Silverado Resort and Spa (North Course),sg_total,-0.03144278945411455,0.7376139349852081,40,8
25569,"Stevens, Sam",978,Vidanta Vallarta,sg_total,-2.292461005324083,0.7044733074594649,17,8
25569,"Stevens, Sam",890,Tahoe Mountain Club (Old Greenwood),sg_total,-0.20369673502508082,0.7001988553273849,19,8
25569,"Stevens, Sam",939,Torrey Pines Golf Course (South Course),sg_total,0.4730283129321104,0.6930839691436437,10,8
25569,"Stevens, Sam",872,Quail Hollow Club,sg_total,-0.12791577489485856,0.6851889404998475,37,8
25569,"Stevens, Sam",746,The Country Club of Jackson,sg_total,-1.4934354770726816,0.6225740180522429,34,8
25569,"Stevens, Sam",928,PGA National  - Champion Course,sg_total,-1.8261454830955879,0.6132577956350657,13,8
25569,"Stevens, Sam",977,The Renaissance Club,sg_total,-1.2931560566140239,0.6111814446513488,20,8
25569,"Stevens, Sam",770,TPC San Antonio - The Oaks Course,sg_total,1.0660629221062798,0.6076650388350318,54,8
25569,"Stevens, Sam",897,Memorial Park Golf Course,sg_total,0.9037711477712866,0.5969683733902095,30,8
25569,"Stevens, Sam",4,Torrey Pines Golf Course (South Course),sg_total,1.3580406099562514,0.5869275084275075,56,8
25569,"Stevens, Sam",205,Spyglass Hill Golf Course,sg_total,0.0004149605256816291,0.557455820713923,53,8
25569,"Stevens, Sam",14,Augusta National Golf Club,sg_total,0.8135920974692141,0.5394044836198019,65,8
25569,"Stevens, Sam",513,TPC Southwind,sg_total,-0.6272339306243038,0.5150057683020087,55,8
25569,"Stevens, Sam",769,Monterey Peninsula CC,sg_total,2.0947166674219755,0.5002066489573296,49,8
25569,"Stevens, Sam",538,TPC Summerlin,sg_total,0.5023964622592036,0.43235476111085686,50,8
25569,"Stevens, Sam",241,Quail Hollow-PGA Championship,sg_total,-0.2425507939334129,0.4265006951284631,37,8
25569,"Stevens, Sam",875,ACCORDIA GOLF Narashino Country Club,sg_total,-0.06841468297932335,0.386724896362914,20,8
25569,"Stevens, Sam",776,Sea Island Golf Club (Seaside Course),sg_total,0.19460319749313032,0.3755012307989047,47,8
25569,"Stevens, Sam",608,Oakmont Country Club,sg_total,1.389881906168338,0.3547256152850429,53,8
25569,"Stevens, Sam",883,TPC Twin Cities,sg_total,1.0696567297468476,0.35074426673837056,32,8
25569,"Stevens, Sam",876,Detroit Golf Club,sg_total,0.25823033185002603,0.3154707070451331,31,8
25569,"Stevens, Samuel",43,The Los Angeles Country Club (North Course),sg_app,-0.2467046225325335,0.652561798717866,13,8
25569,"Stevens, Samuel",514,Oak Hill Country Club,sg_arg,-0.3236092770571945,0.4528767618255562,14,8
25569,"Stevens, Samuel",514,Oak Hill Country Club,sg_ott,-0.4351470118897953,0.8127203741169257,14,8
25569,"Stevens, Samuel",921,TPC Craig Ranch,sg_ott,-0.5753962132827168,0.8124938419538594,15,8
25569,"Stevens, Samuel",43,The Los Angeles Country Club (North Course),sg_ott,-0.2087600017699695,0.6561752385219565,13,8
25569,"Stevens, Samuel",43,The Los Angeles Country Club (North Course),sg_putt,-0.5619182901897237,0.5587238547117286,13,8
25569,"Stevens, Samuel",514,Oak Hill Country Club,sg_putt,0.08007567452067979,0.3788799219519931,14,8
25569,"Stevens, Samuel",43,The Los Angeles Country Club (North Course),sg_total,0.34499790461129093,0.7514161263884058,15,8
25569,"Stevens, Samuel",514,Oak Hill Country Club,sg_total,-1.2131720490326474,0.6041384175417843,15,8
17511,"Straka, Sepp",896,Olympia Fields Country Club (North Course),sg_app,-0.14317053412102174,0.8315178735937293,13,8
17511,"Straka, Sepp",660,Montreux Golf & Country Club,sg_app,1.0297725591472635,0.7750434317449925,8,8
17511,"Straka, Sepp",928,PGA National  - Champion Course,sg_app,0.365046611081439,0.7671751837159452,13,8
17511,"Straka, Sepp",939,Torrey Pines Golf Course (South Course),sg_app,-2.9772061445266798,0.7487285792532103,9,8
17511,"Straka, Sepp",902,Congaree Golf Club,sg_app,-0.5108920361720323,0.7464172844547262,20,8
17511,"Straka, Sepp",241,Quail Hollow-PGA Championship,sg_app,-1.3502725033594543,0.7056566483257517,34,8
17511,"Straka, Sepp",876,Detroit Golf Club,sg_app,-0.6896396428394046,0.6896168809184317,29,8
17511,"Straka, Sepp",4,Torrey Pines Golf Course (South Course),sg_app,-1.0257334200002035,0.6702800253204808,51,8
17511,"Straka, Sepp",724,Royal Liverpool,sg_app,1.9191772473812763,0.6632783746768827,14,8
17511,"Straka, Sepp",237,TPC Potomac at Avenel Farm,sg_app,-0.5485466002709014,0.6615951373353582,23,8
17511,"Straka, Sepp",43,The Los Angeles Country Club (North Course),sg_app,-1.1040507005475582,0.652561798717866,13,8
17511,"Straka, Sepp",872,Quail Hollow Club,sg_app,0.007890620897247985,0.6423650899143748,36,8
17511,"Straka, Sepp",552,Silverado Resort and Spa (North Course),sg_app,-0.5544545102101328,0.6270648570577193,39,8
17511,"Straka, Sepp",232,Albany GC,sg_app,0.2669785904870323,0.6223580975544195,7,8
17511,"Straka, Sepp",665,Innisbrook Resort and Golf Club - Copperhead Course,sg_app,-0.13304353119060308,0.5909971343340352,54,8
17511,"Straka, Sepp",700,TPC Boston,sg_app,-1.0451278567672555,0.5801062715329093,52,8
17511,"Straka, Sepp",14,Augusta National Golf Club,sg_app,0.17235257704859422,0.5249097184931832,23,8
17511,"Straka, Sepp",770,TPC San Antonio - The Oaks Course,sg_app,-0.6276798118190671,0.524784468692467,50,8
17511,"Straka, Sepp",611,Southern Hills Country Club,sg_app,-1.0715338991257402,0.5183385212389265,21,8
17511,"Straka, Sepp",977,The Renaissance Club,sg_app,-0.37881659523927413,0.47281672246556705,16,8
17511,"Straka, Sepp",771,The Old White TPC,sg_app,-0.12201112302812736,0.47094988388515785,41,8
17511,"Straka, Sepp",885,Royal Portrush Golf Club,sg_app,-0.44093784437856215,0.4489419284589953,15,8
17511,"Straka, Sepp",893,Muirfield Village Golf Club,sg_app,0.8411448795479775,0.42322662719000703,23,8
17511,"Straka, Sepp",510,TPC Scottsdale (Stadium Course),sg_app,0.04543610927917732,0.4198044142274062,49,8
17511,"Straka, Sepp",897,Memorial Park Golf Course,sg_app,0.3680019879730664,0.40296007074916906,29,8
17511,"Straka, Sepp",874,Hamilton Golf & Country Club,sg_app,-0.18946508285713562,0.39319658002294006,21,8
17511,"Straka, Sepp",406,Castle Pines Golf Club,sg_app,-0.741052477544282,0.37629742151287615,7,8
17511,"Straka, Sepp",884,Keene Trace Golf Club (Champion Trace),sg_app,0.08845563997259207,0.3565055681638959,18,8
17511,"Straka, Sepp",666,Pebble Beach Golf Links,sg_app,0.011373668098860923,0.3362028317814147,27,8
17511,"Straka, Sepp",887,Kasumigaseki Country Club,sg_app,1.2038646751856457,0.3279484757050647,6,8
17511,"Straka, Sepp",528,Pinehurst Resort & Country Club (Course No. 2),sg_app,0.3977869861791229,0.3150926551363546,13,8
17511,"Straka, Sepp",205,Spyglass Hill Golf Course,sg_arg,0.8927832203394922,0.8931748466298375,10,8
17511,"Straka, Sepp",608,Oakmont Country Club,sg_arg,-0.0892268723300396,0.8244183901604997,10,8
17511,"Straka, Sepp",883,TPC Twin Cities,sg_arg,-1.0102647962406373,0.7867501524651601,30,8
17511,"Straka, Sepp",14,Augusta National Golf Club,sg_arg,0.023202217699100927,0.6966083272472707,23,8
17511,"Straka, Sepp",9,Arnold Palmer's Bay Hill Club & Lodge,sg_arg,-0.32225740480746584,0.6663502146645437,55,8
17511,"Straka, Sepp",939,Torrey Pines Golf Course (South Course),sg_arg,0.28608736169296917,0.6481740336083687,9,8
17511,"Straka, Sepp",896,Olympia Fields Country Club (North Course),sg_arg,-0.8318224411627635,0.6081893022397992,13,8
17511,"Straka, Sepp",977,The Renaissance Club,sg_arg,0.44020739744727394,0.5766157384771762,16,8
17511,"Straka, Sepp",528,Pinehurst Resort & Country Club (Course No. 2),sg_arg,-1.2647490150220737,0.5246733621084892,13,8
17511,"Straka, Sepp",611,Southern Hills Country Club,sg_arg,-0.044724414802749954,0.4980626838282213,21,8
17511,"Straka, Sepp",514,Oak Hill Country Club,sg_arg,0.1741105939413708,0.4528767618255562,14,8
17511,"Straka, Sepp",503,TPC River Highlands,sg_arg,0.10596315273572447,0.4014194396486374,51,8
17511,"Straka, Sepp",894,TPC Craig Ranch,sg_arg,0.05460956552766559,0.3960272487602276,24,8
17511,"Straka, Sepp",885,Royal Portrush Golf Club,sg_arg,0.09493299735389411,0.39205476717281856,15,8
17511,"Straka, Sepp",4,Torrey Pines Golf Course (South Course),sg_arg,0.6672147446224449,0.3899247548025363,51,8
17511,"Straka, Sepp",729,Golf Club of Houston,sg_arg,0.6559849899521859,0.3790111774135132,54,8
17511,"Straka, Sepp",669,TPC Deere Run,sg_arg,0.10169794054281676,0.3763200181958359,38,8
17511,"Straka, Sepp",500,The Riviera Country Club,sg_arg,-0.2705839302841685,0.36910745033253783,54,8
17511,"Straka, Sepp",902,Congaree Golf Club,sg_arg,0.03224280655011065,0.31392215570295146,20,8
17511,"Straka, Sepp",552,Silverado Resort and Spa (North Course),sg_arg,-0.06640032900178666,0.30969972483809577,39,8
17511,"Straka, Sepp",901,Wilmington Country Club,sg_ott,0.8257481786001635,0.8630761206823632,8,8
17511,"Straka, Sepp",746,The Country Club of Jackson,sg_ott,0.0915894440816517,0.8252517828177022,32,8
17511,"Straka, Sepp",514,Oak Hill Country Club,sg_ott,0.5193744138717088,0.8127203741169257,14,8
17511,"Straka, Sepp",656,Plantation Course at Kapalua,sg_ott,-0.17833389848410813,0.8079739846971773,45,8
17511,"Straka, Sepp",897,Memorial Park Golf Course,sg_ott,-0.8845019992777261,0.7975910700248214,29,8
17511,"Straka, Sepp",666,Pebble Beach Golf Links,sg_ott,0.9322948418044532,0.7832355819650828,27,8
17511,"Straka, Sepp",205,Spyglass Hill Golf Course,sg_ott,0.021413797420072225,0.7354241572242235,10,8
17511,"Straka, Sepp",665,Innisbrook Resort and Golf Club - Copperhead Course,sg_ott,-0.23525388492639504,0.7274722902336741,54,8
17511,"Straka, Sepp",872,Quail Hollow Club,sg_ott,0.44987739164168117,0.7095329685955294,36,8
17511,"Straka, Sepp",232,Albany GC,sg_ott,0.4534408217859359,0.6990513806604631,7,8
17511,"Straka, Sepp",669,TPC Deere Run,sg_ott,0.051385347745325244,0.6958014020825517,38,8
17511,"Straka, Sepp",895,TPC Harding Park,sg_ott,0.5900115938601457,0.6913221539478895,25,8
17511,"Straka, Sepp",237,TPC Potomac at Avenel Farm,sg_ott,0.6833528451845373,0.6685057551764296,23,8
17511,"Straka, Sepp",43,The Los Angeles Country Club (North Course),sg_ott,0.33370375756173354,0.6561752385219565,13,8
17511,"Straka, Sepp",939,Torrey Pines Golf Course (South Course),sg_ott,-0.762138188629649,0.6420342944454386,9,8
17511,"Straka, Sepp",528,Pinehurst Resort & Country Club (Course No. 2),sg_ott,0.23169749990583474,0.605912040107582,13,8
17511,"Straka, Sepp",704,Pete Dye Stadium Course,sg_ott,0.16579883592856456,0.5925443054801743,33,8
17511,"Straka, Sepp",729,Golf Club of Houston,sg_ott,0.26169936548490214,0.5762066930736335,54,8
17511,"Straka, Sepp",671,Valhalla Golf Club,sg_ott,-0.7397163580229655,0.5447209390309542,42,8
17511,"Straka, Sepp",243,Trinity Forest Golf Club,sg_ott,0.37368686696996134,0.5300807114908475,23,8
17511,"Straka, Sepp",21,Colonial Country Club,sg_ott,0.06704990670111305,0.5148436857747805,50,8
17511,"Straka, Sepp",654,The Country Club,sg_ott,0.28428342250937133,0.4887135329746615,13,8
17511,"Straka, Sepp",883,TPC Twin Cities,sg_ott,-0.3441548216933772,0.45235980784155716,30,8
17511,"Straka, Sepp",734,PGA National Resort (The Champion),sg_ott,0.4881957222600489,0.45228278937398675,56,8
17511,"Straka, Sepp",770,TPC San Antonio - The Oaks Course,sg_ott,-0.5207341626455668,0.45218651003185867,50,8
17511,"Straka, Sepp",241,Quail Hollow-PGA Championship,sg_ott,0.6081090063518606,0.443843453458752,34,8
17511,"Straka, Sepp",884,Keene Trace Golf Club (Champion Trace),sg_ott,0.7612429689086068,0.4361033501171625,18,8
17511,"Straka, Sepp",14,Augusta National Golf Club,sg_ott,-0.28581308710090697,0.42768357649408206,23,8
17511,"Straka, Sepp",5,Pebble Beach Golf Links,sg_ott,0.4381115632359577,0.37764395709692644,49,8
17511,"Straka, Sepp",500,The Riviera Country Club,sg_ott,-0.41399357727410613,0.3722795836501979,54,8
17511,"Straka, Sepp",709,Royal Troon,sg_ott,0.10906160263232248,0.3555471361658512,14,8
17511,"Straka, Sepp",700,TPC Boston,sg_ott,-0.6259429131473662,0.31039427326405605,52,8
17511,"Straka, Sepp",709,Royal Troon,sg_putt,0.39515868816020056,0.8553792953613122,14,8
17511,"Straka, Sepp",928,PGA National  - Champion Course,sg_putt,-0.6935906748093823,0.8319135400555944,13,8
17511,"Straka, Sepp",660,Montreux Golf & Country Club,sg_putt,-0.8787553099048333,0.7895447899934764,8,8
17511,"Straka, Sepp",243,Trinity Forest Golf Club,sg_putt,0.5325134789190554,0.7803268512585968,23,8
17511,"Straka, Sepp",552,Silverado Resort and Spa (North Course),sg_putt,-0.22156352829081533,0.7652038880499961,39,8
17511,"Straka, Sepp",896,Olympia Fields Country Club (North Course),sg_putt,0.19421448492842996,0.7300243530921173,13,8
17511,"Straka, Sepp",884,Keene Trace Golf Club (Champion Trace),sg_putt,0.6559994034521396,0.560092074734469,18,8
17511,"Straka, Sepp",43,The Los Angeles Country Club (North Course),sg_putt,-1.116877896378387,0.5587238547117286,13,8
17511,"Straka, Sepp",608,Oakmont Country Club,sg_putt,-2.1795511451227667,0.5378019635320631,10,8
17511,"Straka, Sepp",668,St. Andrews Links (Old Course),sg_putt,-1.275320302780355,0.5243576462108127,16,8
17511,"Straka, Sepp",872,Quail Hollow Club,sg_putt,0.16971444836759197,0.5080732719746718,36,8
17511,"Straka, Sepp",770,TPC San Antonio - The Oaks Course,sg_putt,0.2899577855704588,0.49979074287184344,50,8
17511,"Straka, Sepp",977,The Renaissance Club,sg_putt,0.7328743387655305,0.49863130395531924,16,8
17511,"Straka, Sepp",902,Congaree Golf Club,sg_putt,-0.5759321007531097,0.47712841747238366,20,8
17511,"Straka, Sepp",897,Memorial Park Golf Course,sg_putt,-0.010845960180864214,0.46100063008810405,29,8
17511,"Straka, Sepp",665,Innisbrook Resort and Golf Club - Copperhead Course,sg_putt,0.0740445699927806,0.42909909172145166,54,8
17511,"Straka, Sepp",883,TPC Twin Cities,sg_putt,0.061468332362780084,0.41039090006103524,30,8
17511,"Straka, Sepp",669,TPC Deere Run,sg_putt,-0.06491597159854906,0.38981961108634927,38,8
17511,"Straka, Sepp",538,TPC Summerlin,sg_putt,-0.4747039545641402,0.38935899749088204,47,8
17511,"Straka, Sepp",514,Oak Hill Country Club,sg_putt,-0.11793370884732528,0.3788799219519931,14,8
17511,"Straka, Sepp",886,Liberty National Golf Club,sg_putt,-0.5411100327400445,0.30772935775047244,27,8
17511,"Straka, Sepp",896,Olympia Fields Country Club (North Course),sg_total,-0.6599150530779232,0.8247619918620935,14,8
17511,"Straka, Sepp",379,The Philadelphia Cricket Club (Wissahickon Course),sg_total,2.3177657644545246,0.7585737211164316,9,8
17511,"Straka, Sepp",43,The Los Angeles Country Club (North Course),sg_total,-0.37471122177178695,0.7514161263884058,15,8
17511,"Straka, Sepp",406,Castle Pines Golf Club,sg_total,0.5736691607074925,0.7413756204749691,8,8
17511,"Straka, Sepp",552,Silverado Resort and Spa (North Course),sg_total,-0.6607825094501012,0.7376139349852081,40,8
17511,"Straka, Sepp",901,Wilmington Country Club,sg_total,1.0176986460544004,0.7257352782065652,8,8
17511,"Straka, Sepp",933,East Lake Golf Club,sg_total,-1.7052521246435992,0.6988564682519897,7,8
17511,"Straka, Sepp",939,Torrey Pines Golf Course (South Course),sg_total,-4.634832479071983,0.6930839691436437,10,8
17511,"Straka, Sepp",872,Quail Hollow Club,sg_total,0.5782193668730035,0.6851889404998475,37,8
17511,"Straka, Sepp",746,The Country Club of Jackson,sg_total,0.8433734798146005,0.6225740180522429,34,8
17511,"Straka, Sepp",928,PGA National  - Champion Course,sg_total,-0.017482403637751776,0.6132577956350657,13,8
17511,"Straka, Sepp",977,The Renaissance Club,sg_total,0.3030548605026733,0.6111814446513488,20,8
17511,"Straka, Sepp",895,TPC Harding Park,sg_total,-0.17721493159431645,0.6084200207744371,26,8
17511,"Straka, Sepp",770,TPC San Antonio - The Oaks Course,sg_total,-0.9275364424816062,0.6076650388350318,54,8
17511,"Straka, Sepp",514,Oak Hill Country Club,sg_total,3.314310465397907,0.6041384175417843,15,8
17511,"Straka, Sepp",897,Memorial Park Golf Course,sg_total,-0.19099783353193467,0.5969683733902095,30,8
17511,"Straka, Sepp",4,Torrey Pines Golf Course (South Course),sg_total,0.08665696180546689,0.5869275084275075,56,8
17511,"Straka, Sepp",205,Spyglass Hill Golf Course,sg_total,2.8156297899217937,0.557455820713923,53,8
17511,"Straka, Sepp",771,The Old White TPC,sg_total,0.24236539785056288,0.5529609738461922,43,8
17511,"Straka, Sepp",666,Pebble Beach Golf Links,sg_total,2.1497754996940617,0.5426232759381483,49,8
17511,"Straka, Sepp",14,Augusta National Golf Club,sg_total,-0.3166606325994351,0.5394044836198019,65,8
17511,"Straka, Sepp",885,Royal Portrush Golf Club,sg_total,-1.2115922634749619,0.52887766569415,30,8
17511,"Straka, Sepp",513,TPC Southwind,sg_total,-0.20872320357381968,0.5150057683020087,55,8
17511,"Straka, Sepp",700,TPC Boston,sg_total,-1.7992794293976822,0.507527023233339,54,8
17511,"Straka, Sepp",769,Monterey Peninsula CC,sg_total,-4.776970464494017,0.5002066489573296,49,8
17511,"Straka, Sepp",232,Albany GC,sg_total,1.3070219969574453,0.4445505341369429,18,8
17511,"Straka, Sepp",538,TPC Summerlin,sg_total,-1.5828649098687313,0.43235476111085686,50,8
17511,"Straka, Sepp",241,Quail Hollow-PGA Championship,sg_total,-0.5080912263111783,0.4265006951284631,37,8
17511,"Straka, Sepp",902,Congaree Golf Club,sg_total,-1.127878036978006,0.41161328631299193,21,8
17511,"Straka, Sepp",875,ACCORDIA GOLF Narashino Country Club,sg_total,-0.7565042443193508,0.386724896362914,20,8
17511,"Straka, Sepp",776,Sea Island Golf Club (Seaside Course),sg_total,0.01227040054591566,0.3755012307989047,47,8
17511,"Straka, Sepp",608,Oakmont Country Club,sg_total,-2.0668652500568006,0.3547256152850429,53,8
17511,"Straka, Sepp",883,TPC Twin Cities,sg_total,-0.6614964894093824,0.35074426673837056,32,8
17511,"Straka, Sepp",876,Detroit Golf Club,sg_total,-0.23423761967094614,0.3154707070451331,31,8
13126,"Taylor, Nick",896,Olympia Fields Country Club (North Course),sg_app,-0.28704601740118807,0.8315178735937293,13,8
13126,"Taylor, Nick",939,Torrey Pines Golf Course (South Course),sg_app,1.1234648292826306,0.7487285792532103,9,8
13126,"Taylor, Nick",902,Congaree Golf Club,sg_app,-0.9686718040222833,0.7464172844547262,20,8
13126,"Taylor, Nick",935,TPC Toronto at Osprey Valley (North Course),sg_app,0.6217295645454782,0.7116924721794581,6,8
13126,"Taylor, Nick",823,Keene Trace Golf Club,sg_app,0.3755855843392004,0.7070666152167913,7,8
13126,"Taylor, Nick",241,Quail Hollow-PGA Championship,sg_app,-0.1182194658473017,0.7056566483257517,34,8
13126,"Taylor, Nick",876,Detroit Golf Club,sg_app,0.15846111164036925,0.6896168809184317,29,8
13126,"Taylor, Nick",4,Torrey Pines Golf Course (South Course),sg_app,0.24444187975758863,0.6702800253204808,51,8
13126,"Taylor, Nick",724,Royal Liverpool,sg_app,-0.23760475197075293,0.6632783746768827,14,8
13126,"Taylor, Nick",237,TPC Potomac at Avenel Farm,sg_app,0.6437186169490883,0.6615951373353582,23,8
13126,"Taylor, Nick",43,The Los Angeles Country Club (North Course),sg_app,0.6965437364310761,0.652561798717866,13,8
13126,"Taylor, Nick",872,Quail Hollow Club,sg_app,-0.4546000006923596,0.6423650899143748,36,8
13126,"Taylor, Nick",552,Silverado Resort and Spa (North Course),sg_app,0.12587838483332858,0.6270648570577193,39,8
13126,"Taylor, Nick",665,Innisbrook Resort and Golf Club - Copperhead Course,sg_app,0.16779363538975256,0.5909971343340352,54,8
13126,"Taylor, Nick",700,TPC Boston,sg_app,-0.7450235082341063,0.5801062715329093,52,8
13126,"Taylor, Nick",2000,Sherwood Country Club,sg_app,-0.8547947985358267,0.5541693573359622,12,8
13126,"Taylor, Nick",14,Augusta National Golf Club,sg_app,-0.8511911690049139,0.5249097184931832,23,8
13126,"Taylor, Nick",770,TPC San Antonio - The Oaks Course,sg_app,0.33654849474846327,0.524784468692467,50,8
13126,"Taylor, Nick",882,Caves Valley Golf Club,sg_app,-0.3343346752067555,0.4904074682099971,15,8
13126,"Taylor, Nick",977,The Renaissance Club,sg_app,0.43360597183196126,0.47281672246556705,16,8
13126,"Taylor, Nick",771,The Old White TPC,sg_app,0.6642748514753363,0.47094988388515785,41,8
13126,"Taylor, Nick",885,Royal Portrush Golf Club,sg_app,-1.108941037103007,0.4489419284589953,15,8
13126,"Taylor, Nick",893,Muirfield Village Golf Club,sg_app,1.1905283614056061,0.42322662719000703,23,8
13126,"Taylor, Nick",510,TPC Scottsdale (Stadium Course),sg_app,0.30842889347240005,0.4198044142274062,49,8
13126,"Taylor, Nick",897,Memorial Park Golf Course,sg_app,-0.1664361933532441,0.40296007074916906,29,8
13126,"Taylor, Nick",874,Hamilton Golf & Country Club,sg_app,-0.7309832311475439,0.39319658002294006,21,8
13126,"Taylor, Nick",235,Eagle Point Golf Club,sg_app,1.1356965828173047,0.3860951981370469,21,8
13126,"Taylor, Nick",884,Keene Trace Golf Club (Champion Trace),sg_app,-0.12682743249357528,0.3565055681638959,18,8
13126,"Taylor, Nick",666,Pebble Beach Golf Links,sg_app,0.7319609887652272,0.3362028317814147,27,8
13126,"Taylor, Nick",528,Pinehurst Resort & Country Club (Course No. 2),sg_app,-1.005410977639082,0.3150926551363546,13,8
13126,"Taylor, Nick",19,TPC Four Seasons Resort,sg_app,-0.14595439478204186,0.3150439971860182,48,8
13126,"Taylor, Nick",694,Hamilton G&CC,sg_app,-0.8985678441400747,0.31076113032697034,17,8
13126,"Taylor, Nick",205,Spyglass Hill Golf Course,sg_arg,0.4688938630415705,0.8931748466298375,10,8
13126,"Taylor, Nick",608,Oakmont Country Club,sg_arg,-0.1700125769995986,0.8244183901604997,10,8
13126,"Taylor, Nick",823,Keene Trace Golf Club,sg_arg,0.4013170690887195,0.8086883885694868,7,8
13126,"Taylor, Nick",694,Hamilton G&CC,sg_arg,-0.36595552575312557,0.7908776679932374,17,8
13126,"Taylor, Nick",883,TPC Twin Cities,sg_arg,-0.14225876527001052,0.7867501524651601,30,8
13126,"Taylor, Nick",238,Glen Oaks Club,sg_arg,-1.1645650199628463,0.7336871596058964,27,8
13126,"Taylor, Nick",706,Whistling Straits,sg_arg,0.08905512672954678,0.6993047725504687,41,8
13126,"Taylor, Nick",14,Augusta National Golf Club,sg_arg,-0.29930831074159797,0.6966083272472707,23,8
13126,"Taylor, Nick",9,Arnold Palmer's Bay Hill Club & Lodge,sg_arg,0.2781158293861488,0.6663502146645437,55,8
13126,"Taylor, Nick",930,Black Desert Resort,sg_arg,-0.020913795477427416,0.6659138517567389,6,8
13126,"Taylor, Nick",772,St. George's G&CC,sg_arg,0.24610362829543542,0.654429616156167,22,8
13126,"Taylor, Nick",939,Torrey Pines Golf Course (South Course),sg_arg,-0.2267590135153969,0.6481740336083687,9,8
13126,"Taylor, Nick",896,Olympia Fields Country Club (North Course),sg_arg,-0.10251529464309966,0.6081893022397992,13,8
13126,"Taylor, Nick",978,Vidanta Vallarta,sg_arg,0.735348900570262,0.5939369030173401,16,8
13126,"Taylor, Nick",977,The Renaissance Club,sg_arg,-0.022425874584002886,0.5766157384771762,16,8
13126,"Taylor, Nick",528,Pinehurst Resort & Country Club (Course No. 2),sg_arg,0.9776503216944633,0.5246733621084892,13,8
13126,"Taylor, Nick",873,Ridgewood CC,sg_arg,1.2953721561692697,0.5205492472184076,22,8
13126,"Taylor, Nick",19,TPC Four Seasons Resort,sg_arg,0.7363868544465023,0.5175416912724531,48,8
13126,"Taylor, Nick",716,Shaughnessy G&CC,sg_arg,0.16090291535163137,0.47292459226589256,23,8
13126,"Taylor, Nick",514,Oak Hill Country Club,sg_arg,-1.15341515069356,0.4528767618255562,14,8
13126,"Taylor, Nick",649,Hualalai Golf Course,sg_arg,-0.3759024137499813,0.44183968801198004,36,8
13126,"Taylor, Nick",698,Quail Hollow Club,sg_arg,0.4694562568188267,0.41704133255957127,52,8
13126,"Taylor, Nick",503,TPC River Highlands,sg_arg,0.010565498084398231,0.4014194396486374,51,8
13126,"Taylor, Nick",235,Eagle Point Golf Club,sg_arg,0.11556957170422814,0.3990891778199044,21,8
13126,"Taylor, Nick",894,TPC Craig Ranch,sg_arg,-1.0800138579762808,0.3960272487602276,24,8
13126,"Taylor, Nick",885,Royal Portrush Golf Club,sg_arg,-0.8571247998554852,0.39205476717281856,15,8
13126,"Taylor, Nick",4,Torrey Pines Golf Course (South Course),sg_arg,-0.25031047806821427,0.3899247548025363,51,8
13126,"Taylor, Nick",729,Golf Club of Houston,sg_arg,-0.10302116094128623,0.3790111774135132,54,8
13126,"Taylor, Nick",669,TPC Deere Run,sg_arg,-0.06024304213982916,0.3763200181958359,38,8
13126,"Taylor, Nick",500,The Riviera Country Club,sg_arg,0.396740723598938,0.36910745033253783,54,8
13126,"Taylor, Nick",616,Robert Trent Jones GC,sg_arg,1.2160637489029877,0.32818114468011245,15,8
13126,"Taylor, Nick",902,Congaree Golf Club,sg_arg,0.8299198646675808,0.31392215570295146,20,8
13126,"Taylor, Nick",552,Silverado Resort and Spa (North Course),sg_arg,0.3019580368654394,0.30969972483809577,39,8
13126,"Taylor, Nick",746,The Country Club of Jackson,sg_ott,-0.19691091678203032,0.8252517828177022,32,8
13126,"Taylor, Nick",514,Oak Hill Country Club,sg_ott,-0.4557382111246509,0.8127203741169257,14,8
13126,"Taylor, Nick",706,Whistling Straits,sg_ott,0.0925500425186656,0.8125271659699387,41,8
13126,"Taylor, Nick",656,Plantation Course at Kapalua,sg_ott,0.07161010662631374,0.8079739846971773,45,8
13126,"Taylor, Nick",897,Memorial Park Golf Course,sg_ott,-0.11489300716311561,0.7975910700248214,29,8
13126,"Taylor, Nick",666,Pebble Beach Golf Links,sg_ott,-0.26128859697156426,0.7832355819650828,27,8
13126,"Taylor, Nick",19,TPC Four Seasons Resort,sg_ott,0.3082722455609697,0.7592243617778875,48,8
13126,"Taylor, Nick",205,Spyglass Hill Golf Course,sg_ott,-0.4728094514744669,0.7354241572242235,10,8
13126,"Taylor, Nick",665,Innisbrook Resort and Golf Club - Copperhead Course,sg_ott,-0.5946839826514,0.7274722902336741,54,8
13126,"Taylor, Nick",930,Black Desert Resort,sg_ott,0.4547300033557772,0.7201825483385862,6,8
13126,"Taylor, Nick",872,Quail Hollow Club,sg_ott,0.3187401529293363,0.7095329685955294,36,8
13126,"Taylor, Nick",669,TPC Deere Run,sg_ott,-0.45867186893614526,0.6958014020825517,38,8
13126,"Taylor, Nick",895,TPC Harding Park,sg_ott,-0.9592494200454882,0.6913221539478895,25,8
13126,"Taylor, Nick",237,TPC Potomac at Avenel Farm,sg_ott,-0.008954069873961308,0.6685057551764296,23,8
13126,"Taylor, Nick",43,The Los Angeles Country Club (North Course),sg_ott,-0.9775982424702844,0.6561752385219565,13,8
13126,"Taylor, Nick",939,Torrey Pines Golf Course (South Course),sg_ott,0.23332452539825943,0.6420342944454386,9,8
13126,"Taylor, Nick",823,Keene Trace Golf Club,sg_ott,0.23162308514058838,0.6239404330389802,7,8
13126,"Taylor, Nick",528,Pinehurst Resort & Country Club (Course No. 2),sg_ott,-0.5895614999187591,0.605912040107582,13,8
13126,"Taylor, Nick",704,Pete Dye Stadium Course,sg_ott,0.03646641272842882,0.5925443054801743,33,8
13126,"Taylor, Nick",2000,Sherwood Country Club,sg_ott,-0.049951704775019826,0.5798439179510387,12,8
13126,"Taylor, Nick",729,Golf Club of Houston,sg_ott,0.11064405960394331,0.5762066930736335,54,8
13126,"Taylor, Nick",781,Plainfield CC,sg_ott,0.2426028821979211,0.5503579288030632,43,8
13126,"Taylor, Nick",671,Valhalla Golf Club,sg_ott,0.3637704570597414,0.5447209390309542,42,8
13126,"Taylor, Nick",873,Ridgewood CC,sg_ott,-0.41720396488245126,0.5404273606561777,22,8
13126,"Taylor, Nick",243,Trinity Forest Golf Club,sg_ott,-0.4766357771397246,0.5300807114908475,23,8
13126,"Taylor, Nick",21,Colonial Country Club,sg_ott,-0.27609413996546095,0.5148436857747805,50,8
13126,"Taylor, Nick",716,Shaughnessy G&CC,sg_ott,0.039870406320514154,0.4909383551880704,23,8
13126,"Taylor, Nick",654,The Country Club,sg_ott,-0.5599673713583825,0.4887135329746615,13,8
13126,"Taylor, Nick",698,Quail Hollow Club,sg_ott,-0.2115273207285825,0.4783427498881751,52,8
13126,"Taylor, Nick",926,Silverado Resort (North Course),sg_ott,0.27719576393561984,0.4695369826470083,14,8
13126,"Taylor, Nick",883,TPC Twin Cities,sg_ott,-0.6439881830429467,0.45235980784155716,30,8
13126,"Taylor, Nick",734,PGA National Resort (The Champion),sg_ott,-0.14042768834182193,0.45228278937398675,56,8
13126,"Taylor, Nick",770,TPC San Antonio - The Oaks Course,sg_ott,0.05325284621025597,0.45218651003185867,50,8
13126,"Taylor, Nick",241,Quail Hollow-PGA Championship,sg_ott,-0.38274310886295165,0.443843453458752,34,8
13126,"Taylor, Nick",884,Keene Trace Golf Club (Champion Trace),sg_ott,-0.09962433876276046,0.4361033501171625,18,8
13126,"Taylor, Nick",14,Augusta National Golf Club,sg_ott,0.16721881945253797,0.42768357649408206,23,8
13126,"Taylor, Nick",772,St. George's G&CC,sg_ott,0.050364193273556304,0.3888480133012952,22,8
13126,"Taylor, Nick",32,Glen Abbey GC,sg_ott,0.07597587654398914,0.38804505962737723,40,8
13126,"Taylor, Nick",5,Pebble Beach Golf Links,sg_ott,0.1719413175277596,0.37764395709692644,49,8
13126,"Taylor, Nick",500,The Riviera Country Club,sg_ott,-0.1022916518680293,0.3722795836501979,54,8
13126,"Taylor, Nick",709,Royal Troon,sg_ott,-0.022388512493321265,0.3555471361658512,14,8
13126,"Taylor, Nick",700,TPC Boston,sg_ott,-0.371819152215628,0.31039427326405605,52,8
13126,"Taylor, Nick",709,Royal Troon,sg_putt,-2.0293848585245344,0.8553792953613122,14,8
13126,"Taylor, Nick",2000,Sherwood Country Club,sg_putt,0.42903716350567417,0.8489529445552979,12,8
13126,"Taylor, Nick",243,Trinity Forest Golf Club,sg_putt,0.9051220711734904,0.7803268512585968,23,8
13126,"Taylor, Nick",819,Harbor Shores Resort,sg_putt,-2.1281119168555875,0.7790085197570994,15,8
13126,"Taylor, Nick",552,Silverado Resort and Spa (North Course),sg_putt,0.44547629374814246,0.7652038880499961,39,8
13126,"Taylor, Nick",896,Olympia Fields Country Club (North Course),sg_putt,-0.9855396841229661,0.7300243530921173,13,8
13126,"Taylor, Nick",935,TPC Toronto at Osprey Valley (North Course),sg_putt,0.10191460423777281,0.7214011843267554,6,8
13126,"Taylor, Nick",930,Black Desert Resort,sg_putt,0.4407075545910476,0.709353178421583,6,8
13126,"Taylor, Nick",978,Vidanta Vallarta,sg_putt,-0.15104112861112348,0.6967043554693465,16,8
13126,"Taylor, Nick",716,Shaughnessy G&CC,sg_putt,0.5527905329100735,0.674144278098646,23,8
13126,"Taylor, Nick",616,Robert Trent Jones GC,sg_putt,0.8213777203723228,0.6145951362159888,15,8
13126,"Taylor, Nick",884,Keene Trace Golf Club (Champion Trace),sg_putt,-0.5401590797754162,0.560092074734469,18,8
13126,"Taylor, Nick",43,The Los Angeles Country Club (North Course),sg_putt,0.6817353501453185,0.5587238547117286,13,8
13126,"Taylor, Nick",908,Oakdale Golf & Country Club,sg_putt,1.054083195233423,0.5541251730836958,10,8
13126,"Taylor, Nick",706,Whistling Straits,sg_putt,-0.41259920800006744,0.5413193747753923,41,8
13126,"Taylor, Nick",608,Oakmont Country Club,sg_putt,1.1121840375259973,0.5378019635320631,10,8
13126,"Taylor, Nick",873,Ridgewood CC,sg_putt,0.051998919696012905,0.5371535915100778,22,8
13126,"Taylor, Nick",872,Quail Hollow Club,sg_putt,-0.47432853318553436,0.5080732719746718,36,8
13126,"Taylor, Nick",770,TPC San Antonio - The Oaks Course,sg_putt,0.016555363663582203,0.49979074287184344,50,8
13126,"Taylor, Nick",977,The Renaissance Club,sg_putt,-0.011912072575228742,0.49863130395531924,16,8
13126,"Taylor, Nick",902,Congaree Golf Club,sg_putt,0.3398728074079815,0.47712841747238366,20,8
13126,"Taylor, Nick",897,Memorial Park Golf Course,sg_putt,-0.7686626295406875,0.46100063008810405,29,8
13126,"Taylor, Nick",649,Hualalai Golf Course,sg_putt,1.4843290749616962,0.45688429085995663,36,8
13126,"Taylor, Nick",665,Innisbrook Resort and Golf Club - Copperhead Course,sg_putt,-0.35427430408290245,0.42909909172145166,54,8
13126,"Taylor, Nick",883,TPC Twin Cities,sg_putt,0.736851847974419,0.41039090006103524,30,8
13126,"Taylor, Nick",669,TPC Deere Run,sg_putt,0.09566045432057428,0.38981961108634927,38,8
13126,"Taylor, Nick",538,TPC Summerlin,sg_putt,-0.04312442914205312,0.38935899749088204,47,8
13126,"Taylor, Nick",694,Hamilton G&CC,sg_putt,-1.176351053911088,0.3871397736976791,17,8
13126,"Taylor, Nick",514,Oak Hill Country Club,sg_putt,1.1765329046223174,0.3788799219519931,14,8
13126,"Taylor, Nick",882,Caves Valley Golf Club,sg_putt,-0.3507788207362696,0.36537833409543036,15,8
13126,"Taylor, Nick",886,Liberty National Golf Club,sg_putt,2.1573518099876674,0.30772935775047244,27,8
13126,"Taylor, Nick",19,TPC Four Seasons Resort,sg_putt,1.138597866203792,0.3013355876184594,48,8
13126,"Taylor, Nick",896,Olympia Fields Country Club (North Course),sg_total,-2.1056360687853357,0.8247619918620935,14,8
13126,"Taylor, Nick",919,El Cardonal at Diamante,sg_total,-2.368566144495559,0.8241756895683453,10,8
13126,"Taylor, Nick",379,The Philadelphia Cricket Club (Wissahickon Course),sg_total,0.8628251679503915,0.7585737211164316,9,8
13126,"Taylor, Nick",19,TPC Four Seasons Resort,sg_total,1.9834745216730092,0.7535983141081465,50,8
13126,"Taylor, Nick",43,The Los Angeles Country Club (North Course),sg_total,-0.6616565359678572,0.7514161263884058,15,8
13126,"Taylor, Nick",552,Silverado Resort and Spa (North Course),sg_total,0.6300215070108072,0.7376139349852081,40,8
13126,"Taylor, Nick",978,Vidanta Vallarta,sg_total,-0.4305283270197563,0.7044733074594649,17,8
13126,"Taylor, Nick",890,Tahoe Mountain Club (Old Greenwood),sg_total,-1.1993016758863542,0.7001988553273849,19,8
13126,"Taylor, Nick",939,Torrey Pines Golf Course (South Course),sg_total,1.7049435737071212,0.6930839691436437,10,8
13126,"Taylor, Nick",872,Quail Hollow Club,sg_total,-0.19242745103460965,0.6851889404998475,37,8
13126,"Taylor, Nick",238,Glen Oaks Club,sg_total,-4.741939448887981,0.6241288288584754,28,8
13126,"Taylor, Nick",746,The Country Club of Jackson,sg_total,0.01677929801396133,0.6225740180522429,34,8
13126,"Taylor, Nick",706,Whistling Straits,sg_total,0.22693829392247733,0.6145503734924044,59,8
13126,"Taylor, Nick",977,The Renaissance Club,sg_total,0.23818322996766073,0.6111814446513488,20,8
13126,"Taylor, Nick",895,TPC Harding Park,sg_total,-3.5799806369669858,0.6084200207744371,26,8
13126,"Taylor, Nick",770,TPC San Antonio - The Oaks Course,sg_total,0.15583715462619585,0.6076650388350318,54,8
13126,"Taylor, Nick",781,Plainfield CC,sg_total,0.741750612417335,0.6050669110305169,43,8
13126,"Taylor, Nick",514,Oak Hill Country Club,sg_total,-0.4264796484149771,0.6041384175417843,15,8
13126,"Taylor, Nick",897,Memorial Park Golf Course,sg_total,-1.0136140461218321,0.5969683733902095,30,8
13126,"Taylor, Nick",4,Torrey Pines Golf Course (South Course),sg_total,-0.326312985300067,0.5869275084275075,56,8
13126,"Taylor, Nick",205,Spyglass Hill Golf Course,sg_total,1.4463887031171607,0.557455820713923,53,8
13126,"Taylor, Nick",771,The Old White TPC,sg_total,0.6742470454356009,0.5529609738461922,43,8
13126,"Taylor, Nick",666,Pebble Beach Golf Links,sg_total,0.8312529497586445,0.5426232759381483,49,8
13126,"Taylor, Nick",14,Augusta National Golf Club,sg_total,-0.7096974739443922,0.5394044836198019,65,8
13126,"Taylor, Nick",885,Royal Portrush Golf Club,sg_total,-0.8865772729718138,0.52887766569415,30,8
13126,"Taylor, Nick",689,El Bosque CC,sg_total,1.245988412777675,0.5233518693058378,52,8
13126,"Taylor, Nick",744,Torrey Pines (South),sg_total,-0.41105745525494025,0.5214711179618798,46,8
13126,"Taylor, Nick",513,TPC Southwind,sg_total,-0.47842807152112543,0.5150057683020087,55,8
13126,"Taylor, Nick",800,The Abaco Club on Winding Bay,sg_total,1.140877604878045,0.5085375076292757,35,8
13126,"Taylor, Nick",700,TPC Boston,sg_total,-0.8888423000081384,0.507527023233339,54,8
13126,"Taylor, Nick",769,Monterey Peninsula CC,sg_total,1.6144780229962397,0.5002066489573296,49,8
13126,"Taylor, Nick",538,TPC Summerlin,sg_total,-0.261256887243572,0.43235476111085686,50,8
13126,"Taylor, Nick",241,Quail Hollow-PGA Championship,sg_total,-1.6612945075883094,0.4265006951284631,37,8
13126,"Taylor, Nick",902,Congaree Golf Club,sg_total,-0.05685288755937379,0.41161328631299193,21,8
13126,"Taylor, Nick",694,Hamilton G&CC,sg_total,-4.81670068164,0.4106172555190136,17,8
13126,"Taylor, Nick",875,ACCORDIA GOLF Narashino Country Club,sg_total,0.1003830811372598,0.386724896362914,20,8
13126,"Taylor, Nick",776,Sea Island Golf Club (Seaside Course),sg_total,-3.075527937919384,0.3755012307989047,47,8
13126,"Taylor, Nick",608,Oakmont Country Club,sg_total,1.326049742262168,0.3547256152850429,53,8
13126,"Taylor, Nick",883,TPC Twin Cities,sg_total,-0.5722803115916648,0.35074426673837056,32,8
13126,"Taylor, Nick",876,Detroit Golf Club,sg_total,-0.19288880720245757,0.3154707070451331,31,8
23014,"Theegala, Sahith",896,Olympia Fields Country Club (North Course),sg_app,0.7323203822352745,0.8315178735937293,13,8
23014,"Theegala, Sahith",939,Torrey Pines Golf Course (South Course),sg_app,-0.601248771640411,0.7487285792532103,9,8
23014,"Theegala, Sahith",902,Congaree Golf Club,sg_app,-0.049032681149863894,0.7464172844547262,20,8
23014,"Theegala, Sahith",876,Detroit Golf Club,sg_app,0.24937067772567198,0.6896168809184317,29,8
23014,"Theegala, Sahith",4,Torrey Pines Golf Course (South Course),sg_app,0.4393379139458091,0.6702800253204808,51,8
23014,"Theegala, Sahith",724,Royal Liverpool,sg_app,-2.2309474750290366,0.6632783746768827,14,8
23014,"Theegala, Sahith",43,The Los Angeles Country Club (North Course),sg_app,1.005539876086061,0.652561798717866,13,8
23014,"Theegala, Sahith",872,Quail Hollow Club,sg_app,0.059315519768980446,0.6423650899143748,36,8
23014,"Theegala, Sahith",552,Silverado Resort and Spa (North Course),sg_app,0.22366312532882718,0.6270648570577193,39,8
23014,"Theegala, Sahith",232,Albany GC,sg_app,-0.18713949198079546,0.6223580975544195,7,8
23014,"Theegala, Sahith",665,Innisbrook Resort and Golf Club - Copperhead Course,sg_app,-0.8667640615069094,0.5909971343340352,54,8
23014,"Theegala, Sahith",744,Torrey Pines (South),sg_app,-0.25753839813198,0.5291018199363902,20,8
23014,"Theegala, Sahith",14,Augusta National Golf Club,sg_app,0.45449390841130943,0.5249097184931832,23,8
23014,"Theegala, Sahith",770,TPC San Antonio - The Oaks Course,sg_app,-0.6397628724042678,0.524784468692467,50,8
23014,"Theegala, Sahith",977,The Renaissance Club,sg_app,-0.7560511048073817,0.47281672246556705,16,8
23014,"Theegala, Sahith",885,Royal Portrush Golf Club,sg_app,-2.839873779688262,0.4489419284589953,15,8
23014,"Theegala, Sahith",510,TPC Scottsdale (Stadium Course),sg_app,0.400428352931936,0.4198044142274062,49,8
23014,"Theegala, Sahith",897,Memorial Park Golf Course,sg_app,-0.06834458060912496,0.40296007074916906,29,8
23014,"Theegala, Sahith",874,Hamilton Golf & Country Club,sg_app,-0.6749035695248201,0.39319658002294006,21,8
23014,"Theegala, Sahith",406,Castle Pines Golf Club,sg_app,-0.4913877975096623,0.37629742151287615,7,8
23014,"Theegala, Sahith",884,Keene Trace Golf Club (Champion Trace),sg_app,-0.5182884405447777,0.3565055681638959,18,8
23014,"Theegala, Sahith",528,Pinehurst Resort & Country Club (Course No. 2),sg_app,0.08206141329774766,0.3150926551363546,13,8
23014,"Theegala, Sahith",205,Spyglass Hill Golf Course,sg_arg,-0.900878188884324,0.8931748466298375,10,8
23014,"Theegala, Sahith",883,TPC Twin Cities,sg_arg,0.3999057523575087,0.7867501524651601,30,8
23014,"Theegala, Sahith",744,Torrey Pines (South),sg_arg,-0.7566974587523334,0.7582209181562641,20,8
23014,"Theegala, Sahith",14,Augusta National Golf Club,sg_arg,-0.6648781441278631,0.6966083272472707,23,8
23014,"Theegala, Sahith",9,Arnold Palmer's Bay Hill Club & Lodge,sg_arg,0.633862200754217,0.6663502146645437,55,8
23014,"Theegala, Sahith",930,Black Desert Resort,sg_arg,-0.045026479230855364,0.6659138517567389,6,8
23014,"Theegala, Sahith",772,St. George's G&CC,sg_arg,0.007450636093182847,0.654429616156167,22,8
23014,"Theegala, Sahith",939,Torrey Pines Golf Course (South Course),sg_arg,0.6671252207839781,0.6481740336083687,9,8
23014,"Theegala, Sahith",896,Olympia Fields Country Club (North Course),sg_arg,0.2244463430587681,0.6081893022397992,13,8
23014,"Theegala, Sahith",978,Vidanta Vallarta,sg_arg,-0.23370710503361858,0.5939369030173401,16,8
23014,"Theegala, Sahith",977,The Renaissance Club,sg_arg,0.10754298755862339,0.5766157384771762,16,8
23014,"Theegala, Sahith",528,Pinehurst Resort & Country Club (Course No. 2),sg_arg,0.2600242533295441,0.5246733621084892,13,8
23014,"Theegala, Sahith",514,Oak Hill Country Club,sg_arg,0.07630499278673246,0.4528767618255562,14,8
23014,"Theegala, Sahith",503,TPC River Highlands,sg_arg,-0.002659133537509059,0.4014194396486374,51,8
23014,"Theegala, Sahith",894,TPC Craig Ranch,sg_arg,0.6046404144420712,0.3960272487602276,24,8
23014,"Theegala, Sahith",885,Royal Portrush Golf Club,sg_arg,-0.3777792275442721,0.39205476717281856,15,8
23014,"Theegala, Sahith",4,Torrey Pines Golf Course (South Course),sg_arg,-0.2186532944261388,0.3899247548025363,51,8
23014,"Theegala, Sahith",669,TPC Deere Run,sg_arg,0.7955348087179931,0.3763200181958359,38,8
23014,"Theegala, Sahith",500,The Riviera Country Club,sg_arg,-0.02493429542769146,0.36910745033253783,54,8
23014,"Theegala, Sahith",902,Congaree Golf Club,sg_arg,-1.2910970035864988,0.31392215570295146,20,8
23014,"Theegala, Sahith",552,Silverado Resort and Spa (North Course),sg_arg,-0.04191366710612755,0.30969972483809577,39,8
23014,"Theegala, Sahith",901,Wilmington Country Club,sg_ott,-1.2650725821553306,0.8630761206823632,8,8
23014,"Theegala, Sahith",746,The Country Club of Jackson,sg_ott,0.1842563730294451,0.8252517828177022,32,8
23014,"Theegala, Sahith",514,Oak Hill Country Club,sg_ott,-0.2595861575988367,0.8127203741169257,14,8
23014,"Theegala, Sahith",656,Plantation Course at Kapalua,sg_ott,0.40152972416279675,0.8079739846971773,45,8
23014,"Theegala, Sahith",897,Memorial Park Golf Course,sg_ott,0.15883871763646099,0.7975910700248214,29,8
23014,"Theegala, Sahith",205,Spyglass Hill Golf Course,sg_ott,0.17180352086665363,0.7354241572242235,10,8
23014,"Theegala, Sahith",665,Innisbrook Resort and Golf Club - Copperhead Course,sg_ott,0.6841581844788285,0.7274722902336741,54,8
23014,"Theegala, Sahith",930,Black Desert Resort,sg_ott,-0.1633175004762756,0.7201825483385862,6,8
23014,"Theegala, Sahith",872,Quail Hollow Club,sg_ott,0.027963160948940607,0.7095329685955294,36,8
23014,"Theegala, Sahith",232,Albany GC,sg_ott,-1.1852543963797988,0.6990513806604631,7,8
23014,"Theegala, Sahith",669,TPC Deere Run,sg_ott,0.22390300028541135,0.6958014020825517,38,8
23014,"Theegala, Sahith",43,The Los Angeles Country Club (North Course),sg_ott,-0.2394254401797729,0.6561752385219565,13,8
23014,"Theegala, Sahith",744,Torrey Pines (South),sg_ott,-0.5937732171881013,0.6527298605945488,20,8
23014,"Theegala, Sahith",939,Torrey Pines Golf Course (South Course),sg_ott,-0.42912777886807457,0.6420342944454386,9,8
23014,"Theegala, Sahith",528,Pinehurst Resort & Country Club (Course No. 2),sg_ott,-0.12372644301787722,0.605912040107582,13,8
23014,"Theegala, Sahith",704,Pete Dye Stadium Course,sg_ott,-0.10669261561101706,0.5925443054801743,33,8
23014,"Theegala, Sahith",671,Valhalla Golf Club,sg_ott,0.060398453073502625,0.5447209390309542,42,8
23014,"Theegala, Sahith",21,Colonial Country Club,sg_ott,-0.10502321506100981,0.5148436857747805,50,8
23014,"Theegala, Sahith",926,Silverado Resort (North Course),sg_ott,0.06367117581138229,0.4695369826470083,14,8
23014,"Theegala, Sahith",883,TPC Twin Cities,sg_ott,0.29243476242344124,0.45235980784155716,30,8
23014,"Theegala, Sahith",770,TPC San Antonio - The Oaks Course,sg_ott,-0.6049941543038917,0.45218651003185867,50,8
23014,"Theegala, Sahith",884,Keene Trace Golf Club (Champion Trace),sg_ott,-0.24093785501383036,0.4361033501171625,18,8
23014,"Theegala, Sahith",14,Augusta National Golf Club,sg_ott,0.43186193029365605,0.42768357649408206,23,8
23014,"Theegala, Sahith",772,St. George's G&CC,sg_ott,0.23344287852160867,0.3888480133012952,22,8
23014,"Theegala, Sahith",5,Pebble Beach Golf Links,sg_ott,-0.30244481617773333,0.37764395709692644,49,8
23014,"Theegala, Sahith",500,The Riviera Country Club,sg_ott,0.21210739893574782,0.3722795836501979,54,8
23014,"Theegala, Sahith",709,Royal Troon,sg_ott,-0.2347067295875372,0.3555471361658512,14,8
23014,"Theegala, Sahith",709,Royal Troon,sg_putt,-1.3717482581534952,0.8553792953613122,14,8
23014,"Theegala, Sahith",552,Silverado Resort and Spa (North Course),sg_putt,0.555073451749393,0.7652038880499961,39,8
23014,"Theegala, Sahith",896,Olympia Fields Country Club (North Course),sg_putt,-0.5550925750683282,0.7300243530921173,13,8
23014,"Theegala, Sahith",930,Black Desert Resort,sg_putt,-0.003893869247191477,0.709353178421583,6,8
23014,"Theegala, Sahith",978,Vidanta Vallarta,sg_putt,0.38275690603399953,0.6967043554693465,16,8
23014,"Theegala, Sahith",744,Torrey Pines (South),sg_putt,1.1134101779252763,0.6493713284526129,20,8
23014,"Theegala, Sahith",884,Keene Trace Golf Club (Champion Trace),sg_putt,-0.24344429914430196,0.560092074734469,18,8
23014,"Theegala, Sahith",43,The Los Angeles Country Club (North Course),sg_putt,-0.11810072488080048,0.5587238547117286,13,8
23014,"Theegala, Sahith",908,Oakdale Golf & Country Club,sg_putt,1.1311281084542486,0.5541251730836958,10,8
23014,"Theegala, Sahith",668,St. Andrews Links (Old Course),sg_putt,0.7000549752166979,0.5243576462108127,16,8
23014,"Theegala, Sahith",872,Quail Hollow Club,sg_putt,-0.1894502503243453,0.5080732719746718,36,8
23014,"Theegala, Sahith",770,TPC San Antonio - The Oaks Course,sg_putt,0.07130633872560005,0.49979074287184344,50,8
23014,"Theegala, Sahith",977,The Renaissance Club,sg_putt,0.5000685299785159,0.49863130395531924,16,8
23014,"Theegala, Sahith",902,Congaree Golf Club,sg_putt,0.5385956249200587,0.47712841747238366,20,8
23014,"Theegala, Sahith",897,Memorial Park Golf Course,sg_putt,-0.01798667614068883,0.46100063008810405,29,8
23014,"Theegala, Sahith",665,Innisbrook Resort and Golf Club - Copperhead Course,sg_putt,-0.3695898699923451,0.42909909172145166,54,8
23014,"Theegala, Sahith",883,TPC Twin Cities,sg_putt,-0.1141375064021111,0.41039090006103524,30,8
23014,"Theegala, Sahith",669,TPC Deere Run,sg_putt,-0.8323006109435721,0.38981961108634927,38,8
23014,"Theegala, Sahith",538,TPC Summerlin,sg_putt,-1.8717498825828458,0.38935899749088204,47,8
23014,"Theegala, Sahith",514,Oak Hill Country Club,sg_putt,0.07944166517524226,0.3788799219519931,14,8
23014,"Theegala, Sahith",896,Olympia Fields Country Club (North Course),sg_total,0.9715029603595774,0.8247619918620935,14,8
23014,"Theegala, Sahith",919,El Cardonal at Diamante,sg_total,-2.5568582901517236,0.8241756895683453,10,8
23014,"Theegala, Sahith",379,The Philadelphia Cricket Club (Wissahickon Course),sg_total,-3.8513225696979547,0.7585737211164316,9,8
23014,"Theegala, Sahith",43,The Los Angeles Country Club (North Course),sg_total,0.5292328465509749,0.7514161263884058,15,8
23014,"Theegala, Sahith",406,Castle Pines Golf Club,sg_total,-3.5916473662366823,0.7413756204749691,8,8
23014,"Theegala, Sahith",552,Silverado Resort and Spa (North Course),sg_total,1.130858648324704,0.7376139349852081,40,8
23014,"Theegala, Sahith",901,Wilmington Country Club,sg_total,1.3424147726464262,0.7257352782065652,8,8
23014,"Theegala, Sahith",978,Vidanta Vallarta,sg_total,0.9765134426878516,0.7044733074594649,17,8
23014,"Theegala, Sahith",890,Tahoe Mountain Club (Old Greenwood),sg_total,0.47561910853065426,0.7001988553273849,19,8
23014,"Theegala, Sahith",933,East Lake Golf Club,sg_total,3.0432300771078147,0.6988564682519897,7,8
23014,"Theegala, Sahith",939,Torrey Pines Golf Course (South Course),sg_total,0.5471173207932013,0.6930839691436437,10,8
23014,"Theegala, Sahith",872,Quail Hollow Club,sg_total,-1.4713615976723686,0.6851889404998475,37,8
23014,"Theegala, Sahith",746,The Country Club of Jackson,sg_total,0.6369776438312263,0.6225740180522429,34,8
23014,"Theegala, Sahith",977,The Renaissance Club,sg_total,0.2807160463495495,0.6111814446513488,20,8
23014,"Theegala, Sahith",770,TPC San Antonio - The Oaks Course,sg_total,-1.1891539761641194,0.6076650388350318,54,8
23014,"Theegala, Sahith",514,Oak Hill Country Club,sg_total,0.39508237224252807,0.6041384175417843,15,8
23014,"Theegala, Sahith",897,Memorial Park Golf Course,sg_total,0.15175134603765514,0.5969683733902095,30,8
23014,"Theegala, Sahith",4,Torrey Pines Golf Course (South Course),sg_total,0.6332251911143746,0.5869275084275075,56,8
23014,"Theegala, Sahith",205,Spyglass Hill Golf Course,sg_total,-0.012631937965163875,0.557455820713923,53,8
23014,"Theegala, Sahith",14,Augusta National Golf Club,sg_total,0.3268164007565725,0.5394044836198019,65,8
23014,"Theegala, Sahith",885,Royal Portrush Golf Club,sg_total,-2.6652509018388253,0.52887766569415,30,8
23014,"Theegala, Sahith",744,Torrey Pines (South),sg_total,-0.6724363255646193,0.5214711179618798,46,8
23014,"Theegala, Sahith",513,TPC Southwind,sg_total,0.26472258817347316,0.5150057683020087,55,8
23014,"Theegala, Sahith",769,Monterey Peninsula CC,sg_total,0.08121067018017245,0.5002066489573296,49,8
23014,"Theegala, Sahith",232,Albany GC,sg_total,0.2960431384245378,0.4445505341369429,18,8
23014,"Theegala, Sahith",538,TPC Summerlin,sg_total,-0.31291199423743865,0.43235476111085686,50,8
23014,"Theegala, Sahith",902,Congaree Golf Club,sg_total,-2.0422223929305163,0.41161328631299193,21,8
23014,"Theegala, Sahith",875,ACCORDIA GOLF Narashino Country Club,sg_total,-0.4852074258408394,0.386724896362914,20,8
23014,"Theegala, Sahith",776,Sea Island Golf Club (Seaside Course),sg_total,-0.18313612821408998,0.3755012307989047,47,8
23014,"Theegala, Sahith",883,TPC Twin Cities,sg_total,-0.4747556426064007,0.35074426673837056,32,8
23014,"Theegala, Sahith",876,Detroit Golf Club,sg_total,-0.6741609514063608,0.3154707070451331,31,8
14139,"Thomas, Justin",8,Trump National Doral,sg_app,-0.3173838821546461,0.9465251472181397,60,8
14139,"Thomas, Justin",896,Olympia Fields Country Club (North Course),sg_app,-0.6001958005691159,0.8315178735937293,13,8
14139,"Thomas, Justin",939,Torrey Pines Golf Course (South Course),sg_app,1.6210803441705908,0.7487285792532103,9,8
14139,"Thomas, Justin",902,Congaree Golf Club,sg_app,-0.9405299604906056,0.7464172844547262,20,8
14139,"Thomas, Justin",775,CordeValle GC,sg_app,0.06418494595036112,0.7324563059618661,26,8
14139,"Thomas, Justin",891,Winged Foot GC,sg_app,-0.4111986827480025,0.7126732274142469,23,8
14139,"Thomas, Justin",240,Club de Golf Chapultepec,sg_app,-0.10267543533379636,0.7081210840226253,29,8
14139,"Thomas, Justin",697,Ocean Course at Kiawah Island,sg_app,-0.8723752158367953,0.7069136776164395,24,8
14139,"Thomas, Justin",241,Quail Hollow-PGA Championship,sg_app,-1.2070733828560414,0.7056566483257517,34,8
14139,"Thomas, Justin",876,Detroit Golf Club,sg_app,-0.8830140038714136,0.6896168809184317,29,8
14139,"Thomas, Justin",4,Torrey Pines Golf Course (South Course),sg_app,0.1528139861970675,0.6702800253204808,51,8
14139,"Thomas, Justin",724,Royal Liverpool,sg_app,-0.9444928133543794,0.6632783746768827,14,8
14139,"Thomas, Justin",237,TPC Potomac at Avenel Farm,sg_app,-0.9186450491823046,0.6615951373353582,23,8
14139,"Thomas, Justin",43,The Los Angeles Country Club (North Course),sg_app,-2.3923699533056855,0.652561798717866,13,8
14139,"Thomas, Justin",872,Quail Hollow Club,sg_app,0.07031637308149871,0.6423650899143748,36,8
14139,"Thomas, Justin",552,Silverado Resort and Spa (North Course),sg_app,0.39082838475685233,0.6270648570577193,39,8
14139,"Thomas, Justin",232,Albany GC,sg_app,1.0997929456146647,0.6223580975544195,7,8
14139,"Thomas, Justin",898,The Concession Golf Club,sg_app,1.715390919911537,0.5978760108741452,13,8
14139,"Thomas, Justin",665,Innisbrook Resort and Golf Club - Copperhead Course,sg_app,-0.09253930187697035,0.5909971343340352,54,8
14139,"Thomas, Justin",700,TPC Boston,sg_app,-0.15419473443978374,0.5801062715329093,52,8
14139,"Thomas, Justin",2000,Sherwood Country Club,sg_app,-0.13519161909455366,0.5541693573359622,12,8
14139,"Thomas, Justin",744,Torrey Pines (South),sg_app,-0.8840784312329552,0.5291018199363902,20,8
14139,"Thomas, Justin",14,Augusta National Golf Club,sg_app,-0.4301551917788578,0.5249097184931832,23,8
14139,"Thomas, Justin",770,TPC San Antonio - The Oaks Course,sg_app,-1.0702712218560329,0.524784468692467,50,8
14139,"Thomas, Justin",611,Southern Hills Country Club,sg_app,-0.32521889860682285,0.5183385212389265,21,8
14139,"Thomas, Justin",36,Le Triomphe G&CC,sg_app,1.1808592488920322,0.511720899137967,58,8
14139,"Thomas, Justin",527,Saucon Valley CC,sg_app,-0.031160498697580974,0.49410026897104875,35,8
14139,"Thomas, Justin",882,Caves Valley Golf Club,sg_app,-0.5666559277434475,0.4904074682099971,15,8
14139,"Thomas, Justin",977,The Renaissance Club,sg_app,-0.4284620438947697,0.47281672246556705,16,8
14139,"Thomas, Justin",771,The Old White TPC,sg_app,1.6268349391549166,0.47094988388515785,41,8
14139,"Thomas, Justin",715,Baltusrol GC,sg_app,0.2682114604590064,0.46574115836652397,35,8
14139,"Thomas, Justin",885,Royal Portrush Golf Club,sg_app,0.030523167350516717,0.4489419284589953,15,8
14139,"Thomas, Justin",893,Muirfield Village Golf Club,sg_app,1.3632824949345985,0.42322662719000703,23,8
14139,"Thomas, Justin",510,TPC Scottsdale (Stadium Course),sg_app,0.4489497048425039,0.4198044142274062,49,8
14139,"Thomas, Justin",874,Hamilton Golf & Country Club,sg_app,0.08878866889490367,0.39319658002294006,21,8
14139,"Thomas, Justin",406,Castle Pines Golf Club,sg_app,0.19034130213376443,0.37629742151287615,7,8
14139,"Thomas, Justin",666,Pebble Beach Golf Links,sg_app,0.27306237065202166,0.3362028317814147,27,8
14139,"Thomas, Justin",887,Kasumigaseki Country Club,sg_app,-0.25657747171569245,0.3279484757050647,6,8
14139,"Thomas, Justin",528,Pinehurst Resort & Country Club (Course No. 2),sg_app,-3.609121583205912,0.3150926551363546,13,8
14139,"Thomas, Justin",19,TPC Four Seasons Resort,sg_app,0.5265833781405347,0.3150439971860182,48,8
14139,"Thomas, Justin",8,Trump National Doral,sg_arg,-0.2975252395334949,0.9530423707413531,60,8
14139,"Thomas, Justin",205,Spyglass Hill Golf Course,sg_arg,-0.7463803236826773,0.8931748466298375,10,8
14139,"Thomas, Justin",608,Oakmont Country Club,sg_arg,-1.6894759752078767,0.8244183901604997,10,8
14139,"Thomas, Justin",883,TPC Twin Cities,sg_arg,-0.9425014362454495,0.7867501524651601,30,8
14139,"Thomas, Justin",744,Torrey Pines (South),sg_arg,0.2439238869321006,0.7582209181562641,20,8
14139,"Thomas, Justin",238,Glen Oaks Club,sg_arg,1.6295200919862507,0.7336871596058964,27,8
14139,"Thomas, Justin",706,Whistling Straits,sg_arg,0.35125261105850747,0.6993047725504687,41,8
14139,"Thomas, Justin",14,Augusta National Golf Club,sg_arg,0.2490351205837229,0.6966083272472707,23,8
14139,"Thomas, Justin",9,Arnold Palmer's Bay Hill Club & Lodge,sg_arg,0.19721800016204324,0.6663502146645437,55,8
14139,"Thomas, Justin",772,St. George's G&CC,sg_arg,-0.19753517699705908,0.654429616156167,22,8
14139,"Thomas, Justin",939,Torrey Pines Golf Course (South Course),sg_arg,-0.562136736774155,0.6481740336083687,9,8
14139,"Thomas, Justin",896,Olympia Fields Country Club (North Course),sg_arg,-0.6557254914374152,0.6081893022397992,13,8
14139,"Thomas, Justin",977,The Renaissance Club,sg_arg,-0.2134612625896007,0.5766157384771762,16,8
14139,"Thomas, Justin",775,CordeValle GC,sg_arg,0.12147680777480233,0.5749849531551847,26,8
14139,"Thomas, Justin",773,Aronimink GC,sg_arg,1.2447835689637878,0.5548743356281888,36,8
14139,"Thomas, Justin",528,Pinehurst Resort & Country Club (Course No. 2),sg_arg,1.3426121154229502,0.5246733621084892,13,8
14139,"Thomas, Justin",873,Ridgewood CC,sg_arg,0.631176461531304,0.5205492472184076,22,8
14139,"Thomas, Justin",19,TPC Four Seasons Resort,sg_arg,-1.0203762102390783,0.5175416912724531,48,8
14139,"Thomas, Justin",611,Southern Hills Country Club,sg_arg,0.48354589862595815,0.4980626838282213,21,8
14139,"Thomas, Justin",514,Oak Hill Country Club,sg_arg,-0.2842635993337696,0.4528767618255562,14,8
14139,"Thomas, Justin",649,Hualalai Golf Course,sg_arg,1.1085129439230228,0.44183968801198004,36,8
14139,"Thomas, Justin",698,Quail Hollow Club,sg_arg,0.4248053217269926,0.41704133255957127,52,8
14139,"Thomas, Justin",697,Ocean Course at Kiawah Island,sg_arg,-0.10825087564342226,0.4160654028125454,24,8
14139,"Thomas, Justin",503,TPC River Highlands,sg_arg,0.11425940259380768,0.4014194396486374,51,8
14139,"Thomas, Justin",894,TPC Craig Ranch,sg_arg,0.5054429418271426,0.3960272487602276,24,8
14139,"Thomas, Justin",885,Royal Portrush Golf Club,sg_arg,0.6119954163240097,0.39205476717281856,15,8
14139,"Thomas, Justin",4,Torrey Pines Golf Course (South Course),sg_arg,-0.14691830473228829,0.3899247548025363,51,8
14139,"Thomas, Justin",729,Golf Club of Houston,sg_arg,0.7207809144985512,0.3790111774135132,54,8
14139,"Thomas, Justin",669,TPC Deere Run,sg_arg,0.3746877412441498,0.3763200181958359,38,8
14139,"Thomas, Justin",500,The Riviera Country Club,sg_arg,-0.03961034083321338,0.36910745033253783,54,8
14139,"Thomas, Justin",616,Robert Trent Jones GC,sg_arg,0.10458287505602837,0.32818114468011245,15,8
14139,"Thomas, Justin",902,Congaree Golf Club,sg_arg,0.34537623948023455,0.31392215570295146,20,8
14139,"Thomas, Justin",552,Silverado Resort and Spa (North Course),sg_arg,-0.028044433449057438,0.30969972483809577,39,8
14139,"Thomas, Justin",8,Trump National Doral,sg_ott,-0.3594824369904187,0.9516191919070657,60,8
14139,"Thomas, Justin",901,Wilmington Country Club,sg_ott,-0.07467080109562321,0.8630761206823632,8,8
14139,"Thomas, Justin",746,The Country Club of Jackson,sg_ott,0.4013465965840276,0.8252517828177022,32,8
14139,"Thomas, Justin",697,Ocean Course at Kiawah Island,sg_ott,-0.7106634447575347,0.8177837473279898,24,8
14139,"Thomas, Justin",514,Oak Hill Country Club,sg_ott,-0.8038373436680891,0.8127203741169257,14,8
14139,"Thomas, Justin",706,Whistling Straits,sg_ott,0.4657846371372564,0.8125271659699387,41,8
14139,"Thomas, Justin",656,Plantation Course at Kapalua,sg_ott,-0.4260889475060735,0.8079739846971773,45,8
14139,"Thomas, Justin",666,Pebble Beach Golf Links,sg_ott,-0.16247410760461845,0.7832355819650828,27,8
14139,"Thomas, Justin",19,TPC Four Seasons Resort,sg_ott,-0.1375162583799675,0.7592243617778875,48,8
14139,"Thomas, Justin",689,El Bosque CC,sg_ott,0.8368381158923041,0.7580306354046243,42,8
14139,"Thomas, Justin",773,Aronimink GC,sg_ott,-0.5841216699219306,0.7357449899129523,36,8
14139,"Thomas, Justin",205,Spyglass Hill Golf Course,sg_ott,-0.18909225007457392,0.7354241572242235,10,8
14139,"Thomas, Justin",665,Innisbrook Resort and Golf Club - Copperhead Course,sg_ott,0.115826471284841,0.7274722902336741,54,8
14139,"Thomas, Justin",36,Le Triomphe G&CC,sg_ott,0.10983057610911642,0.721117445741737,58,8
14139,"Thomas, Justin",872,Quail Hollow Club,sg_ott,0.365044224541774,0.7095329685955294,36,8
14139,"Thomas, Justin",232,Albany GC,sg_ott,0.9334565474962866,0.6990513806604631,7,8
14139,"Thomas, Justin",669,TPC Deere Run,sg_ott,0.8300343598561915,0.6958014020825517,38,8
14139,"Thomas, Justin",895,TPC Harding Park,sg_ott,-0.5665786249160075,0.6913221539478895,25,8
14139,"Thomas, Justin",789,Conway Farms GC,sg_ott,0.6832359915663225,0.6765431912571337,34,8
14139,"Thomas, Justin",237,TPC Potomac at Avenel Farm,sg_ott,-0.24110943109479435,0.6685057551764296,23,8
14139,"Thomas, Justin",43,The Los Angeles Country Club (North Course),sg_ott,-2.8512045429940827,0.6561752385219565,13,8
14139,"Thomas, Justin",744,Torrey Pines (South),sg_ott,-0.5338747473538986,0.6527298605945488,20,8
14139,"Thomas, Justin",939,Torrey Pines Golf Course (South Course),sg_ott,-0.23813518881699378,0.6420342944454386,9,8
14139,"Thomas, Justin",348,Medinah Country Club (No. 3),sg_ott,0.21767978021639842,0.6402835614018546,18,8
14139,"Thomas, Justin",528,Pinehurst Resort & Country Club (Course No. 2),sg_ott,0.04579990474067472,0.605912040107582,13,8
14139,"Thomas, Justin",704,Pete Dye Stadium Course,sg_ott,0.4367582515985077,0.5925443054801743,33,8
14139,"Thomas, Justin",2000,Sherwood Country Club,sg_ott,0.4658313109663619,0.5798439179510387,12,8
14139,"Thomas, Justin",729,Golf Club of Houston,sg_ott,-1.3283998077639567,0.5762066930736335,54,8
14139,"Thomas, Justin",781,Plainfield CC,sg_ott,1.2647716801555442,0.5503579288030632,43,8
14139,"Thomas, Justin",671,Valhalla Golf Club,sg_ott,0.8928796633020454,0.5447209390309542,42,8
14139,"Thomas, Justin",873,Ridgewood CC,sg_ott,-0.04835189153913891,0.5404273606561777,22,8
14139,"Thomas, Justin",534,Bellerive CC,sg_ott,0.6412751525626706,0.5266986928376094,42,8
14139,"Thomas, Justin",21,Colonial Country Club,sg_ott,0.10578180564835833,0.5148436857747805,50,8
14139,"Thomas, Justin",654,The Country Club,sg_ott,-0.12093078065644436,0.4887135329746615,13,8
14139,"Thomas, Justin",698,Quail Hollow Club,sg_ott,0.21798874434396875,0.4783427498881751,52,8
14139,"Thomas, Justin",926,Silverado Resort (North Course),sg_ott,-0.3635997289055739,0.4695369826470083,14,8
14139,"Thomas, Justin",775,CordeValle GC,sg_ott,0.41441745301919164,0.46590564038890697,26,8
14139,"Thomas, Justin",883,TPC Twin Cities,sg_ott,0.5531310461834019,0.45235980784155716,30,8
14139,"Thomas, Justin",734,PGA National Resort (The Champion),sg_ott,0.21674331159091417,0.45228278937398675,56,8
14139,"Thomas, Justin",770,TPC San Antonio - The Oaks Course,sg_ott,-1.7327702579976962,0.45218651003185867,50,8
14139,"Thomas, Justin",241,Quail Hollow-PGA Championship,sg_ott,0.04702193956526061,0.443843453458752,34,8
14139,"Thomas, Justin",14,Augusta National Golf Club,sg_ott,-0.27261371098700105,0.42768357649408206,23,8
14139,"Thomas, Justin",772,St. George's G&CC,sg_ott,0.6791776860693307,0.3888480133012952,22,8
14139,"Thomas, Justin",5,Pebble Beach Golf Links,sg_ott,-0.2594963357101202,0.37764395709692644,49,8
14139,"Thomas, Justin",500,The Riviera Country Club,sg_ott,-0.11748802581773252,0.3722795836501979,54,8
14139,"Thomas, Justin",709,Royal Troon,sg_ott,-0.6928921617797629,0.3555471361658512,14,8
14139,"Thomas, Justin",700,TPC Boston,sg_ott,0.00029761137550350647,0.31039427326405605,52,8
14139,"Thomas, Justin",8,Trump National Doral,sg_putt,0.918314778816078,0.9467615659341958,60,8
14139,"Thomas, Justin",709,Royal Troon,sg_putt,1.0402385361953042,0.8553792953613122,14,8
14139,"Thomas, Justin",2000,Sherwood Country Club,sg_putt,1.2574449564309866,0.8489529445552979,12,8
14139,"Thomas, Justin",552,Silverado Resort and Spa (North Course),sg_putt,0.5211789094130409,0.7652038880499961,39,8
14139,"Thomas, Justin",896,Olympia Fields Country Club (North Course),sg_putt,0.2954407480630864,0.7300243530921173,13,8
14139,"Thomas, Justin",715,Baltusrol GC,sg_putt,-0.7061636203765914,0.6977005838536325,35,8
14139,"Thomas, Justin",744,Torrey Pines (South),sg_putt,1.3290506594686737,0.6493713284526129,20,8
14139,"Thomas, Justin",789,Conway Farms GC,sg_putt,-0.7027357730848471,0.6488976184206149,34,8
14139,"Thomas, Justin",616,Robert Trent Jones GC,sg_putt,0.9866299900622629,0.6145951362159888,15,8
14139,"Thomas, Justin",689,El Bosque CC,sg_putt,0.16416119991103068,0.6122961641627417,42,8
14139,"Thomas, Justin",697,Ocean Course at Kiawah Island,sg_putt,0.42949227404319307,0.6047937213752724,24,8
14139,"Thomas, Justin",43,The Los Angeles Country Club (North Course),sg_putt,-1.9442704160257651,0.5587238547117286,13,8
14139,"Thomas, Justin",706,Whistling Straits,sg_putt,0.2064232691351366,0.5413193747753923,41,8
14139,"Thomas, Justin",608,Oakmont Country Club,sg_putt,0.232564102251479,0.5378019635320631,10,8
14139,"Thomas, Justin",873,Ridgewood CC,sg_putt,0.023186016945877255,0.5371535915100778,22,8
14139,"Thomas, Justin",898,The Concession Golf Club,sg_putt,0.23248129491587255,0.5261112008538217,13,8
14139,"Thomas, Justin",668,St. Andrews Links (Old Course),sg_putt,-0.17828967528157086,0.5243576462108127,16,8
14139,"Thomas, Justin",773,Aronimink GC,sg_putt,0.40979630199380906,0.5110050494003415,36,8
14139,"Thomas, Justin",872,Quail Hollow Club,sg_putt,0.11604123019679803,0.5080732719746718,36,8
14139,"Thomas, Justin",770,TPC San Antonio - The Oaks Course,sg_putt,-0.9150691144058897,0.49979074287184344,50,8
14139,"Thomas, Justin",977,The Renaissance Club,sg_putt,-0.19031282299863317,0.49863130395531924,16,8
14139,"Thomas, Justin",902,Congaree Golf Club,sg_putt,-1.0955039723682192,0.47712841747238366,20,8
14139,"Thomas, Justin",649,Hualalai Golf Course,sg_putt,-0.9132139508098842,0.45688429085995663,36,8
14139,"Thomas, Justin",665,Innisbrook Resort and Golf Club - Copperhead Course,sg_putt,0.24353847228333153,0.42909909172145166,54,8
14139,"Thomas, Justin",891,Winged Foot GC,sg_putt,1.1870401758551612,0.4283793448531367,23,8
14139,"Thomas, Justin",883,TPC Twin Cities,sg_putt,-0.2848015076437798,0.41039090006103524,30,8
14139,"Thomas, Justin",669,TPC Deere Run,sg_putt,-0.3361677038575207,0.38981961108634927,38,8
14139,"Thomas, Justin",538,TPC Summerlin,sg_putt,0.3215500706228233,0.38935899749088204,47,8
14139,"Thomas, Justin",514,Oak Hill Country Club,sg_putt,-0.0006224650577810464,0.3788799219519931,14,8
14139,"Thomas, Justin",882,Caves Valley Golf Club,sg_putt,-0.7986493377111586,0.36537833409543036,15,8
14139,"Thomas, Justin",886,Liberty National Golf Club,sg_putt,0.7084284639811399,0.30772935775047244,27,8
14139,"Thomas, Justin",19,TPC Four Seasons Resort,sg_putt,0.37318022922984695,0.3013355876184594,48,8
14139,"Thomas, Justin",8,Trump National Doral,sg_total,-0.11663805773351936,0.9534045421133684,71,8
14139,"Thomas, Justin",896,Olympia Fields Country Club (North Course),sg_total,-0.8278354785724217,0.8247619918620935,14,8
14139,"Thomas, Justin",379,The Philadelphia Cricket Club (Wissahickon Course),sg_total,1.7634587319319244,0.7585737211164316,9,8
14139,"Thomas, Justin",19,TPC Four Seasons Resort,sg_total,-0.18570601034670747,0.7535983141081465,50,8
14139,"Thomas, Justin",43,The Los Angeles Country Club (North Course),sg_total,-6.490249739861201,0.7514161263884058,15,8
14139,"Thomas, Justin",406,Castle Pines Golf Club,sg_total,-1.1390646081388407,0.7413756204749691,8,8
14139,"Thomas, Justin",552,Silverado Resort and Spa (North Course),sg_total,0.6888300483300298,0.7376139349852081,40,8
14139,"Thomas, Justin",901,Wilmington Country Club,sg_total,-2.0166757011288303,0.7257352782065652,8,8
14139,"Thomas, Justin",891,Winged Foot GC,sg_total,0.9712468512785065,0.716785908305173,25,8
14139,"Thomas, Justin",773,Aronimink GC,sg_total,0.5545396426802988,0.7020395410088385,37,8
14139,"Thomas, Justin",933,East Lake Golf Club,sg_total,1.456027462339483,0.6988564682519897,7,8
14139,"Thomas, Justin",939,Torrey Pines Golf Course (South Course),sg_total,0.9535445583438865,0.6930839691436437,10,8
14139,"Thomas, Justin",872,Quail Hollow Club,sg_total,0.29251208544748697,0.6851889404998475,37,8
14139,"Thomas, Justin",238,Glen Oaks Club,sg_total,1.576267380235931,0.6241288288584754,28,8
14139,"Thomas, Justin",746,The Country Club of Jackson,sg_total,2.606475289254611,0.6225740180522429,34,8
14139,"Thomas, Justin",706,Whistling Straits,sg_total,2.2415474217766644,0.6145503734924044,59,8
14139,"Thomas, Justin",977,The Renaissance Club,sg_total,-1.0106259296582893,0.6111814446513488,20,8
14139,"Thomas, Justin",895,TPC Harding Park,sg_total,-0.8919410202704414,0.6084200207744371,26,8
14139,"Thomas, Justin",770,TPC San Antonio - The Oaks Course,sg_total,-3.9265254253610946,0.6076650388350318,54,8
14139,"Thomas, Justin",781,Plainfield CC,sg_total,1.5048943859406512,0.6050669110305169,43,8
14139,"Thomas, Justin",514,Oak Hill Country Club,sg_total,-1.7496497411857883,0.6041384175417843,15,8
14139,"Thomas, Justin",240,Club de Golf Chapultepec,sg_total,1.5753557538291525,0.6020028570371451,32,8
14139,"Thomas, Justin",775,CordeValle GC,sg_total,-0.8643679013830236,0.5965076257611942,27,8
14139,"Thomas, Justin",4,Torrey Pines Golf Course (South Course),sg_total,-0.5616979013373588,0.5869275084275075,56,8
14139,"Thomas, Justin",205,Spyglass Hill Golf Course,sg_total,2.5488264323386387,0.557455820713923,53,8
14139,"Thomas, Justin",771,The Old White TPC,sg_total,0.10812117689457638,0.5529609738461922,43,8
14139,"Thomas, Justin",666,Pebble Beach Golf Links,sg_total,-1.9857259679301482,0.5426232759381483,49,8
14139,"Thomas, Justin",14,Augusta National Golf Club,sg_total,-0.49190802314969245,0.5394044836198019,65,8
14139,"Thomas, Justin",822,Las Colinas Country Club,sg_total,-0.6640393436800408,0.5373709005340206,27,8
14139,"Thomas, Justin",885,Royal Portrush Golf Club,sg_total,-0.2465943408105915,0.52887766569415,30,8
14139,"Thomas, Justin",689,El Bosque CC,sg_total,1.799631687186025,0.5233518693058378,52,8
14139,"Thomas, Justin",744,Torrey Pines (South),sg_total,0.14913676082714367,0.5214711179618798,46,8
14139,"Thomas, Justin",513,TPC Southwind,sg_total,-0.021810437197447283,0.5150057683020087,55,8
14139,"Thomas, Justin",800,The Abaco Club on Winding Bay,sg_total,1.5504946168339577,0.5085375076292757,35,8
14139,"Thomas, Justin",700,TPC Boston,sg_total,-0.6052402804459805,0.507527023233339,54,8
14139,"Thomas, Justin",769,Monterey Peninsula CC,sg_total,-0.6635889077179674,0.5002066489573296,49,8
14139,"Thomas, Justin",232,Albany GC,sg_total,1.4734710421533148,0.4445505341369429,18,8
14139,"Thomas, Justin",538,TPC Summerlin,sg_total,-0.920494860301741,0.43235476111085686,50,8
14139,"Thomas, Justin",527,Saucon Valley CC,sg_total,0.37243421366700086,0.42812608891688303,43,8
14139,"Thomas, Justin",241,Quail Hollow-PGA Championship,sg_total,-0.41894650306869335,0.4265006951284631,37,8
14139,"Thomas, Justin",902,Congaree Golf Club,sg_total,-0.9700175006720251,0.41161328631299193,21,8
14139,"Thomas, Justin",875,ACCORDIA GOLF Narashino Country Club,sg_total,2.1717983200952733,0.386724896362914,20,8
14139,"Thomas, Justin",778,Royal St. George's GC,sg_total,-0.7924133104792873,0.3865346771917013,50,8
14139,"Thomas, Justin",776,Sea Island Golf Club (Seaside Course),sg_total,-1.620006867617276,0.3755012307989047,47,8
14139,"Thomas, Justin",608,Oakmont Country Club,sg_total,-2.1586399539701673,0.3547256152850429,53,8
14139,"Thomas, Justin",883,TPC Twin Cities,sg_total,-1.4625269641298904,0.35074426673837056,32,8
14139,"Thomas, Justin",876,Detroit Golf Club,sg_total,-4.01618359211367,0.3154707070451331,31,8
26649,"Thorbjornsen, Michael",928,PGA National  - Champion Course,sg_app,-0.00203174221712811,0.7671751837159452,13,8
26649,"Thorbjornsen, Michael",241,Quail Hollow-PGA Championship,sg_app,0.30540124693906445,0.7056566483257517,34,8
26649,"Thorbjornsen, Michael",876,Detroit Golf Club,sg_app,-0.07339480013862526,0.6896168809184317,29,8
26649,"Thorbjornsen, Michael",4,Torrey Pines Golf Course (South Course),sg_app,0.5300253704180212,0.6702800253204808,51,8
26649,"Thorbjornsen, Michael",43,The Los Angeles Country Club (North Course),sg_app,0.3121164897230155,0.652561798717866,13,8
26649,"Thorbjornsen, Michael",665,Innisbrook Resort and Golf Club - Copperhead Course,sg_app,-0.2742867841751521,0.5909971343340352,54,8
26649,"Thorbjornsen, Michael",931,Tahoe Mountain Club (Old Greenwood),sg_app,-0.4837230286731759,0.5425266516366192,6,8
26649,"Thorbjornsen, Michael",770,TPC San Antonio - The Oaks Course,sg_app,-0.2840226386830747,0.524784468692467,50,8
26649,"Thorbjornsen, Michael",510,TPC Scottsdale (Stadium Course),sg_app,0.12431483246420603,0.4198044142274062,49,8
26649,"Thorbjornsen, Michael",897,Memorial Park Golf Course,sg_app,-0.12199528811462941,0.40296007074916906,29,8
26649,"Thorbjornsen, Michael",884,Keene Trace Golf Club (Champion Trace),sg_app,0.5542275478275503,0.3565055681638959,18,8
26649,"Thorbjornsen, Michael",205,Spyglass Hill Golf Course,sg_arg,1.0947396012299098,0.8931748466298375,10,8
26649,"Thorbjornsen, Michael",934,Hurstbourne Country Club,sg_arg,0.09621884993416621,0.8690185188908773,6,8
26649,"Thorbjornsen, Michael",883,TPC Twin Cities,sg_arg,-0.26555205559219514,0.7867501524651601,30,8
26649,"Thorbjornsen, Michael",9,Arnold Palmer's Bay Hill Club & Lodge,sg_arg,0.13168923571970448,0.6663502146645437,55,8
26649,"Thorbjornsen, Michael",930,Black Desert Resort,sg_arg,-0.421919583030484,0.6659138517567389,6,8
26649,"Thorbjornsen, Michael",978,Vidanta Vallarta,sg_arg,-0.7660871426145817,0.5939369030173401,16,8
26649,"Thorbjornsen, Michael",503,TPC River Highlands,sg_arg,0.3927620949732025,0.4014194396486374,51,8
26649,"Thorbjornsen, Michael",4,Torrey Pines Golf Course (South Course),sg_arg,0.9167861897788978,0.3899247548025363,51,8
26649,"Thorbjornsen, Michael",669,TPC Deere Run,sg_arg,-0.04245990167804489,0.3763200181958359,38,8
26649,"Thorbjornsen, Michael",931,Tahoe Mountain Club (Old Greenwood),sg_arg,-0.8755954515699442,0.3045308878923496,6,8
26649,"Thorbjornsen, Michael",931,Tahoe Mountain Club (Old Greenwood),sg_ott,-0.11407939054936184,0.857762709347225,6,8
26649,"Thorbjornsen, Michael",746,The Country Club of Jackson,sg_ott,0.6280854323935543,0.8252517828177022,32,8
26649,"Thorbjornsen, Michael",921,TPC Craig Ranch,sg_ott,0.6099135306552479,0.8124938419538594,15,8
26649,"Thorbjornsen, Michael",897,Memorial Park Golf Course,sg_ott,0.3701825649344621,0.7975910700248214,29,8
26649,"Thorbjornsen, Michael",205,Spyglass Hill Golf Course,sg_ott,-0.04450057056806295,0.7354241572242235,10,8
26649,"Thorbjornsen, Michael",665,Innisbrook Resort and Golf Club - Copperhead Course,sg_ott,-0.1121289112969458,0.7274722902336741,54,8
26649,"Thorbjornsen, Michael",930,Black Desert Resort,sg_ott,-0.04532504906187085,0.7201825483385862,6,8
26649,"Thorbjornsen, Michael",669,TPC Deere Run,sg_ott,0.38154602711628727,0.6958014020825517,38,8
26649,"Thorbjornsen, Michael",43,The Los Angeles Country Club (North Course),sg_ott,-0.48724538760961567,0.6561752385219565,13,8
26649,"Thorbjornsen, Michael",934,Hurstbourne Country Club,sg_ott,1.04530207449123,0.6042841644373925,6,8
26649,"Thorbjornsen, Michael",704,Pete Dye Stadium Course,sg_ott,-3.572545980652114,0.5925443054801743,33,8
26649,"Thorbjornsen, Michael",926,Silverado Resort (North Course),sg_ott,0.432801758865334,0.4695369826470083,14,8
26649,"Thorbjornsen, Michael",883,TPC Twin Cities,sg_ott,-2.1598030440418863,0.45235980784155716,30,8
26649,"Thorbjornsen, Michael",770,TPC San Antonio - The Oaks Course,sg_ott,0.3115876489031085,0.45218651003185867,50,8
26649,"Thorbjornsen, Michael",241,Quail Hollow-PGA Championship,sg_ott,0.874568474549277,0.443843453458752,34,8
26649,"Thorbjornsen, Michael",884,Keene Trace Golf Club (Champion Trace),sg_ott,-3.523986496918918,0.4361033501171625,18,8
26649,"Thorbjornsen, Michael",5,Pebble Beach Golf Links,sg_ott,-1.0961672372347295,0.37764395709692644,49,8
26649,"Thorbjornsen, Michael",928,PGA National  - Champion Course,sg_putt,-0.2497027120799211,0.8319135400555944,13,8
26649,"Thorbjornsen, Michael",931,Tahoe Mountain Club (Old Greenwood),sg_putt,-0.3342451373609522,0.7981479141159207,6,8
26649,"Thorbjornsen, Michael",930,Black Desert Resort,sg_putt,0.5868664630328366,0.709353178421583,6,8
26649,"Thorbjornsen, Michael",978,Vidanta Vallarta,sg_putt,0.3008838477399436,0.6967043554693465,16,8
26649,"Thorbjornsen, Michael",934,Hurstbourne Country Club,sg_putt,0.6005347053492257,0.6488902321876103,6,8
26649,"Thorbjornsen, Michael",884,Keene Trace Golf Club (Champion Trace),sg_putt,-1.3697545204258712,0.560092074734469,18,8
26649,"Thorbjornsen, Michael",43,The Los Angeles Country Club (North Course),sg_putt,-0.96421912228355,0.5587238547117286,13,8
26649,"Thorbjornsen, Michael",908,Oakdale Golf & Country Club,sg_putt,0.6148419859199014,0.5541251730836958,10,8
26649,"Thorbjornsen, Michael",770,TPC San Antonio - The Oaks Course,sg_putt,-0.17254173235804823,0.49979074287184344,50,8
26649,"Thorbjornsen, Michael",897,Memorial Park Golf Course,sg_putt,0.19433815918364136,0.46100063008810405,29,8
26649,"Thorbjornsen, Michael",665,Innisbrook Resort and Golf Club - Copperhead Course,sg_putt,-1.1638291210054739,0.42909909172145166,54,8
26649,"Thorbjornsen, Michael",883,TPC Twin Cities,sg_putt,-0.30184246532223136,0.41039090006103524,30,8
26649,"Thorbjornsen, Michael",669,TPC Deere Run,sg_putt,0.2167621591556643,0.38981961108634927,38,8
26649,"Thorbjornsen, Michael",919,El Cardonal at Diamante,sg_total,-0.12688186335156493,0.8241756895683453,10,8
26649,"Thorbjornsen, Michael",940,Grand Reserve Golf Club,sg_total,-1.569503058161723,0.7634223042119858,8,8
26649,"Thorbjornsen, Michael",379,The Philadelphia Cricket Club (Wissahickon Course),sg_total,-0.7129212809114784,0.7585737211164316,9,8
26649,"Thorbjornsen, Michael",934,Hurstbourne Country Club,sg_total,0.2930314487042336,0.7583050486408055,6,8
26649,"Thorbjornsen, Michael",43,The Los Angeles Country Club (North Course),sg_total,-1.0660897520991222,0.7514161263884058,15,8
26649,"Thorbjornsen, Michael",978,Vidanta Vallarta,sg_total,-2.619906094868264,0.7044733074594649,17,8
26649,"Thorbjornsen, Michael",746,The Country Club of Jackson,sg_total,0.7546171566442781,0.6225740180522429,34,8
26649,"Thorbjornsen, Michael",928,PGA National  - Champion Course,sg_total,-0.2987208920686242,0.6132577956350657,13,8
26649,"Thorbjornsen, Michael",770,TPC San Antonio - The Oaks Course,sg_total,-1.1557238986164053,0.6076650388350318,54,8
26649,"Thorbjornsen, Michael",897,Memorial Park Golf Course,sg_total,0.6393300785982474,0.5969683733902095,30,8
26649,"Thorbjornsen, Michael",4,Torrey Pines Golf Course (South Course),sg_total,0.26412107192282575,0.5869275084275075,56,8
26649,"Thorbjornsen, Michael",205,Spyglass Hill Golf Course,sg_total,1.5250019636203498,0.557455820713923,53,8
26649,"Thorbjornsen, Michael",666,Pebble Beach Golf Links,sg_total,-3.691015535932183,0.5426232759381483,49,8
26649,"Thorbjornsen, Michael",241,Quail Hollow-PGA Championship,sg_total,0.9499499916882075,0.4265006951284631,37,8
26649,"Thorbjornsen, Michael",776,Sea Island Golf Club (Seaside Course),sg_total,0.3081519553912987,0.3755012307989047,47,8
26649,"Thorbjornsen, Michael",883,TPC Twin Cities,sg_total,-3.034279718095743,0.35074426673837056,32,8
26649,"Thorbjornsen, Michael",876,Detroit Golf Club,sg_total,0.9013094536304411,0.3154707070451331,31,8
13508,"Vegas, Jhonattan",8,Trump National Doral,sg_app,-0.24817837423603012,0.9465251472181397,60,8
13508,"Vegas, Jhonattan",660,Montreux Golf & Country Club,sg_app,1.8078991661436012,0.7750434317449925,8,8
13508,"Vegas, Jhonattan",928,PGA National  - Champion Course,sg_app,-1.6749693992989119,0.7671751837159452,13,8
13508,"Vegas, Jhonattan",902,Congaree Golf Club,sg_app,0.7280350755184236,0.7464172844547262,20,8
13508,"Vegas, Jhonattan",775,CordeValle GC,sg_app,-0.6153528940465609,0.7324563059618661,26,8
13508,"Vegas, Jhonattan",240,Club de Golf Chapultepec,sg_app,0.8321334746558902,0.7081210840226253,29,8
13508,"Vegas, Jhonattan",241,Quail Hollow-PGA Championship,sg_app,1.0152778101226052,0.7056566483257517,34,8
13508,"Vegas, Jhonattan",876,Detroit Golf Club,sg_app,0.4090375518293976,0.6896168809184317,29,8
13508,"Vegas, Jhonattan",4,Torrey Pines Golf Course (South Course),sg_app,-0.29524931915213415,0.6702800253204808,51,8
13508,"Vegas, Jhonattan",237,TPC Potomac at Avenel Farm,sg_app,2.1038966994935295,0.6615951373353582,23,8
13508,"Vegas, Jhonattan",880,Bethpage Black,sg_app,-0.9915321083518387,0.6551865014282398,28,8
13508,"Vegas, Jhonattan",872,Quail Hollow Club,sg_app,0.05654608023294001,0.6423650899143748,36,8
13508,"Vegas, Jhonattan",552,Silverado Resort and Spa (North Course),sg_app,-0.26739663249639,0.6270648570577193,39,8
13508,"Vegas, Jhonattan",665,Innisbrook Resort and Golf Club - Copperhead Course,sg_app,-0.10590644284567328,0.5909971343340352,54,8
13508,"Vegas, Jhonattan",700,TPC Boston,sg_app,-0.9865353185146674,0.5801062715329093,52,8
13508,"Vegas, Jhonattan",744,Torrey Pines (South),sg_app,0.7406808203658737,0.5291018199363902,20,8
13508,"Vegas, Jhonattan",14,Augusta National Golf Club,sg_app,0.2685197424146982,0.5249097184931832,23,8
13508,"Vegas, Jhonattan",770,TPC San Antonio - The Oaks Course,sg_app,0.016065215372447664,0.524784468692467,50,8
13508,"Vegas, Jhonattan",611,Southern Hills Country Club,sg_app,-1.3230203738876407,0.5183385212389265,21,8
13508,"Vegas, Jhonattan",36,Le Triomphe G&CC,sg_app,-0.6684780372163331,0.511720899137967,58,8
13508,"Vegas, Jhonattan",527,Saucon Valley CC,sg_app,1.4707515333316092,0.49410026897104875,35,8
13508,"Vegas, Jhonattan",882,Caves Valley Golf Club,sg_app,-0.9659038313393503,0.4904074682099971,15,8
13508,"Vegas, Jhonattan",977,The Renaissance Club,sg_app,0.26159338010488453,0.47281672246556705,16,8
13508,"Vegas, Jhonattan",771,The Old White TPC,sg_app,0.7696953079474036,0.47094988388515785,41,8
13508,"Vegas, Jhonattan",715,Baltusrol GC,sg_app,0.5072533131758137,0.46574115836652397,35,8
13508,"Vegas, Jhonattan",885,Royal Portrush Golf Club,sg_app,0.6285118183613398,0.4489419284589953,15,8
13508,"Vegas, Jhonattan",893,Muirfield Village Golf Club,sg_app,-1.0089696704289488,0.42322662719000703,23,8
13508,"Vegas, Jhonattan",510,TPC Scottsdale (Stadium Course),sg_app,0.29748057282136753,0.4198044142274062,49,8
13508,"Vegas, Jhonattan",897,Memorial Park Golf Course,sg_app,0.319645607825226,0.40296007074916906,29,8
13508,"Vegas, Jhonattan",874,Hamilton Golf & Country Club,sg_app,-1.547767076284595,0.39319658002294006,21,8
13508,"Vegas, Jhonattan",884,Keene Trace Golf Club (Champion Trace),sg_app,0.39001159830732657,0.3565055681638959,18,8
13508,"Vegas, Jhonattan",745,iberostar real club de golf novo sancti petri,sg_app,1.506026255185115,0.35496164779815254,48,8
13508,"Vegas, Jhonattan",666,Pebble Beach Golf Links,sg_app,0.024356820603661927,0.3362028317814147,27,8
13508,"Vegas, Jhonattan",887,Kasumigaseki Country Club,sg_app,-0.32709093284040647,0.3279484757050647,6,8
13508,"Vegas, Jhonattan",19,TPC Four Seasons Resort,sg_app,0.06527824954801872,0.3150439971860182,48,8
13508,"Vegas, Jhonattan",694,Hamilton G&CC,sg_app,0.23997678742236359,0.31076113032697034,17,8
13508,"Vegas, Jhonattan",8,Trump National Doral,sg_arg,-0.21532382657063728,0.9530423707413531,60,8
13508,"Vegas, Jhonattan",205,Spyglass Hill Golf Course,sg_arg,1.004385122929666,0.8931748466298375,10,8
13508,"Vegas, Jhonattan",608,Oakmont Country Club,sg_arg,-0.5757335416077634,0.8244183901604997,10,8
13508,"Vegas, Jhonattan",694,Hamilton G&CC,sg_arg,-0.5505868006532366,0.7908776679932374,17,8
13508,"Vegas, Jhonattan",883,TPC Twin Cities,sg_arg,0.3691505081275385,0.7867501524651601,30,8
13508,"Vegas, Jhonattan",744,Torrey Pines (South),sg_arg,0.10480235576684507,0.7582209181562641,20,8
13508,"Vegas, Jhonattan",238,Glen Oaks Club,sg_arg,0.5581690430095165,0.7336871596058964,27,8
13508,"Vegas, Jhonattan",14,Augusta National Golf Club,sg_arg,0.45408826594239815,0.6966083272472707,23,8
13508,"Vegas, Jhonattan",9,Arnold Palmer's Bay Hill Club & Lodge,sg_arg,0.3536461124233478,0.6663502146645437,55,8
13508,"Vegas, Jhonattan",772,St. George's G&CC,sg_arg,-0.5868004812214447,0.654429616156167,22,8
13508,"Vegas, Jhonattan",978,Vidanta Vallarta,sg_arg,-0.3794951051037503,0.5939369030173401,16,8
13508,"Vegas, Jhonattan",977,The Renaissance Club,sg_arg,-0.10170046174275715,0.5766157384771762,16,8
13508,"Vegas, Jhonattan",775,CordeValle GC,sg_arg,-0.6191243661499328,0.5749849531551847,26,8
13508,"Vegas, Jhonattan",773,Aronimink GC,sg_arg,0.6067318884544318,0.5548743356281888,36,8
13508,"Vegas, Jhonattan",873,Ridgewood CC,sg_arg,-0.04240890586917062,0.5205492472184076,22,8
13508,"Vegas, Jhonattan",19,TPC Four Seasons Resort,sg_arg,-0.03272175033401471,0.5175416912724531,48,8
13508,"Vegas, Jhonattan",611,Southern Hills Country Club,sg_arg,-1.3467208353434115,0.4980626838282213,21,8
13508,"Vegas, Jhonattan",649,Hualalai Golf Course,sg_arg,0.0805790487627552,0.44183968801198004,36,8
13508,"Vegas, Jhonattan",698,Quail Hollow Club,sg_arg,-0.39283752616456247,0.41704133255957127,52,8
13508,"Vegas, Jhonattan",503,TPC River Highlands,sg_arg,0.36870336860627206,0.4014194396486374,51,8
13508,"Vegas, Jhonattan",894,TPC Craig Ranch,sg_arg,0.4088987540937201,0.3960272487602276,24,8
13508,"Vegas, Jhonattan",885,Royal Portrush Golf Club,sg_arg,0.3537847061656937,0.39205476717281856,15,8
13508,"Vegas, Jhonattan",4,Torrey Pines Golf Course (South Course),sg_arg,-0.16237533238567728,0.3899247548025363,51,8
13508,"Vegas, Jhonattan",729,Golf Club of Houston,sg_arg,-0.227099472386364,0.3790111774135132,54,8
13508,"Vegas, Jhonattan",669,TPC Deere Run,sg_arg,0.4159939237994438,0.3763200181958359,38,8
13508,"Vegas, Jhonattan",500,The Riviera Country Club,sg_arg,-0.16377078958681066,0.36910745033253783,54,8
13508,"Vegas, Jhonattan",616,Robert Trent Jones GC,sg_arg,-1.1529983126457017,0.32818114468011245,15,8
13508,"Vegas, Jhonattan",902,Congaree Golf Club,sg_arg,-0.16632720334025475,0.31392215570295146,20,8
13508,"Vegas, Jhonattan",552,Silverado Resort and Spa (North Course),sg_arg,0.09826354792319927,0.30969972483809577,39,8
13508,"Vegas, Jhonattan",745,iberostar real club de golf novo sancti petri,sg_arg,-0.5463158448794034,0.303356471156665,48,8
13508,"Vegas, Jhonattan",8,Trump National Doral,sg_ott,-0.05268601277779419,0.9516191919070657,60,8
13508,"Vegas, Jhonattan",746,The Country Club of Jackson,sg_ott,0.20005495599166742,0.8252517828177022,32,8
13508,"Vegas, Jhonattan",921,TPC Craig Ranch,sg_ott,0.38201152542034966,0.8124938419538594,15,8
13508,"Vegas, Jhonattan",656,Plantation Course at Kapalua,sg_ott,-0.11910834512238266,0.8079739846971773,45,8
13508,"Vegas, Jhonattan",897,Memorial Park Golf Course,sg_ott,-0.23442043120378528,0.7975910700248214,29,8
13508,"Vegas, Jhonattan",666,Pebble Beach Golf Links,sg_ott,-0.052841730010879655,0.7832355819650828,27,8
13508,"Vegas, Jhonattan",19,TPC Four Seasons Resort,sg_ott,0.06901110085946531,0.7592243617778875,48,8
13508,"Vegas, Jhonattan",689,El Bosque CC,sg_ott,0.6013636783825344,0.7580306354046243,42,8
13508,"Vegas, Jhonattan",773,Aronimink GC,sg_ott,0.7009308492134748,0.7357449899129523,36,8
13508,"Vegas, Jhonattan",205,Spyglass Hill Golf Course,sg_ott,0.2590421000714907,0.7354241572242235,10,8
13508,"Vegas, Jhonattan",665,Innisbrook Resort and Golf Club - Copperhead Course,sg_ott,-0.2662854356504164,0.7274722902336741,54,8
13508,"Vegas, Jhonattan",36,Le Triomphe G&CC,sg_ott,0.18435845833740583,0.721117445741737,58,8
13508,"Vegas, Jhonattan",872,Quail Hollow Club,sg_ott,0.9565115453641845,0.7095329685955294,36,8
13508,"Vegas, Jhonattan",669,TPC Deere Run,sg_ott,0.15881732623923334,0.6958014020825517,38,8
13508,"Vegas, Jhonattan",789,Conway Farms GC,sg_ott,0.5064638977854257,0.6765431912571337,34,8
13508,"Vegas, Jhonattan",237,TPC Potomac at Avenel Farm,sg_ott,-1.8905038167595998,0.6685057551764296,23,8
13508,"Vegas, Jhonattan",744,Torrey Pines (South),sg_ott,-0.09837171878380788,0.6527298605945488,20,8
13508,"Vegas, Jhonattan",704,Pete Dye Stadium Course,sg_ott,0.007964403890717252,0.5925443054801743,33,8
13508,"Vegas, Jhonattan",729,Golf Club of Houston,sg_ott,-0.054486062458360025,0.5762066930736335,54,8
13508,"Vegas, Jhonattan",781,Plainfield CC,sg_ott,-0.21832520393374796,0.5503579288030632,43,8
13508,"Vegas, Jhonattan",873,Ridgewood CC,sg_ott,0.5107144706282613,0.5404273606561777,22,8
13508,"Vegas, Jhonattan",534,Bellerive CC,sg_ott,0.6736217700131597,0.5266986928376094,42,8
13508,"Vegas, Jhonattan",21,Colonial Country Club,sg_ott,0.4190944997614895,0.5148436857747805,50,8
13508,"Vegas, Jhonattan",745,iberostar real club de golf novo sancti petri,sg_ott,-0.1338008430234203,0.512595938540274,48,8
13508,"Vegas, Jhonattan",698,Quail Hollow Club,sg_ott,0.3605464970866873,0.4783427498881751,52,8
13508,"Vegas, Jhonattan",926,Silverado Resort (North Course),sg_ott,-0.052879369289227644,0.4695369826470083,14,8
13508,"Vegas, Jhonattan",775,CordeValle GC,sg_ott,-0.8588086278494599,0.46590564038890697,26,8
13508,"Vegas, Jhonattan",642,Newport Beach Country Club,sg_ott,0.022120937058147584,0.46146766059431943,22,8
13508,"Vegas, Jhonattan",883,TPC Twin Cities,sg_ott,-0.0184613161939157,0.45235980784155716,30,8
13508,"Vegas, Jhonattan",734,PGA National Resort (The Champion),sg_ott,-0.1156474715074021,0.45228278937398675,56,8
13508,"Vegas, Jhonattan",770,TPC San Antonio - The Oaks Course,sg_ott,-0.0946754368700444,0.45218651003185867,50,8
13508,"Vegas, Jhonattan",241,Quail Hollow-PGA Championship,sg_ott,0.32975216025376014,0.443843453458752,34,8
13508,"Vegas, Jhonattan",884,Keene Trace Golf Club (Champion Trace),sg_ott,-0.5200358887428136,0.4361033501171625,18,8
13508,"Vegas, Jhonattan",14,Augusta National Golf Club,sg_ott,0.40387849513404894,0.42768357649408206,23,8
13508,"Vegas, Jhonattan",772,St. George's G&CC,sg_ott,-0.3278778581020612,0.3888480133012952,22,8
13508,"Vegas, Jhonattan",32,Glen Abbey GC,sg_ott,0.2747785012714299,0.38804505962737723,40,8
13508,"Vegas, Jhonattan",5,Pebble Beach Golf Links,sg_ott,-0.3780745995088717,0.37764395709692644,49,8
13508,"Vegas, Jhonattan",500,The Riviera Country Club,sg_ott,-0.11524534706298428,0.3722795836501979,54,8
13508,"Vegas, Jhonattan",700,TPC Boston,sg_ott,0.45994592288439556,0.31039427326405605,52,8
13508,"Vegas, Jhonattan",8,Trump National Doral,sg_putt,0.4266428250063198,0.9467615659341958,60,8
13508,"Vegas, Jhonattan",928,PGA National  - Champion Course,sg_putt,-0.13929838770863662,0.8319135400555944,13,8
13508,"Vegas, Jhonattan",660,Montreux Golf & Country Club,sg_putt,-1.7304337557753648,0.7895447899934764,8,8
13508,"Vegas, Jhonattan",819,Harbor Shores Resort,sg_putt,0.7916585956567737,0.7790085197570994,15,8
13508,"Vegas, Jhonattan",552,Silverado Resort and Spa (North Course),sg_putt,0.008352831053624152,0.7652038880499961,39,8
13508,"Vegas, Jhonattan",715,Baltusrol GC,sg_putt,0.7848674185165434,0.6977005838536325,35,8
13508,"Vegas, Jhonattan",978,Vidanta Vallarta,sg_putt,-0.34308466271142496,0.6967043554693465,16,8
13508,"Vegas, Jhonattan",744,Torrey Pines (South),sg_putt,-1.2436070611961216,0.6493713284526129,20,8
13508,"Vegas, Jhonattan",789,Conway Farms GC,sg_putt,-0.5351526758034306,0.6488976184206149,34,8
13508,"Vegas, Jhonattan",616,Robert Trent Jones GC,sg_putt,0.5443002353913258,0.6145951362159888,15,8
13508,"Vegas, Jhonattan",689,El Bosque CC,sg_putt,0.5766925719508569,0.6122961641627417,42,8
13508,"Vegas, Jhonattan",745,iberostar real club de golf novo sancti petri,sg_putt,-0.8076968333830783,0.582420842072087,48,8
13508,"Vegas, Jhonattan",884,Keene Trace Golf Club (Champion Trace),sg_putt,-0.9199072124182788,0.560092074734469,18,8
13508,"Vegas, Jhonattan",608,Oakmont Country Club,sg_putt,0.041208748664524855,0.5378019635320631,10,8
13508,"Vegas, Jhonattan",873,Ridgewood CC,sg_putt,1.3509008002230547,0.5371535915100778,22,8
13508,"Vegas, Jhonattan",773,Aronimink GC,sg_putt,-1.8153864160371636,0.5110050494003415,36,8
13508,"Vegas, Jhonattan",872,Quail Hollow Club,sg_putt,0.2511683874622301,0.5080732719746718,36,8
13508,"Vegas, Jhonattan",770,TPC San Antonio - The Oaks Course,sg_putt,-0.5211553524971336,0.49979074287184344,50,8
13508,"Vegas, Jhonattan",977,The Renaissance Club,sg_putt,0.019402327149787832,0.49863130395531924,16,8
13508,"Vegas, Jhonattan",902,Congaree Golf Club,sg_putt,0.3468401317837924,0.47712841747238366,20,8
13508,"Vegas, Jhonattan",897,Memorial Park Golf Course,sg_putt,0.6292998631244384,0.46100063008810405,29,8
13508,"Vegas, Jhonattan",649,Hualalai Golf Course,sg_putt,-0.22897842376772098,0.45688429085995663,36,8
13508,"Vegas, Jhonattan",665,Innisbrook Resort and Golf Club - Copperhead Course,sg_putt,-0.21805538701888177,0.42909909172145166,54,8
13508,"Vegas, Jhonattan",883,TPC Twin Cities,sg_putt,0.605377672664951,0.41039090006103524,30,8
13508,"Vegas, Jhonattan",669,TPC Deere Run,sg_putt,0.3028178570619862,0.38981961108634927,38,8
13508,"Vegas, Jhonattan",538,TPC Summerlin,sg_putt,-0.14608798506001464,0.38935899749088204,47,8
13508,"Vegas, Jhonattan",694,Hamilton G&CC,sg_putt,1.9843158062688584,0.3871397736976791,17,8
13508,"Vegas, Jhonattan",882,Caves Valley Golf Club,sg_putt,-0.2619311012049547,0.36537833409543036,15,8
13508,"Vegas, Jhonattan",886,Liberty National Golf Club,sg_putt,-0.6783769874449648,0.30772935775047244,27,8
13508,"Vegas, Jhonattan",19,TPC Four Seasons Resort,sg_putt,0.0698466266275206,0.3013355876184594,48,8
13508,"Vegas, Jhonattan",8,Trump National Doral,sg_total,0.2631415772552267,0.9534045421133684,71,8
13508,"Vegas, Jhonattan",919,El Cardonal at Diamante,sg_total,-2.3636288666425607,0.8241756895683453,10,8
13508,"Vegas, Jhonattan",19,TPC Four Seasons Resort,sg_total,0.13558207292415136,0.7535983141081465,50,8
13508,"Vegas, Jhonattan",552,Silverado Resort and Spa (North Course),sg_total,-0.16660591877945444,0.7376139349852081,40,8
13508,"Vegas, Jhonattan",978,Vidanta Vallarta,sg_total,-1.2885022516290936,0.7044733074594649,17,8
13508,"Vegas, Jhonattan",773,Aronimink GC,sg_total,-0.4834004342643697,0.7020395410088385,37,8
13508,"Vegas, Jhonattan",890,Tahoe Mountain Club (Old Greenwood),sg_total,-2.370037169087542,0.7001988553273849,19,8
13508,"Vegas, Jhonattan",625,LaCantera GC (Resort),sg_total,0.7609198202948473,0.6868191854628509,22,8
13508,"Vegas, Jhonattan",872,Quail Hollow Club,sg_total,0.8116614244798843,0.6851889404998475,37,8
13508,"Vegas, Jhonattan",238,Glen Oaks Club,sg_total,3.5747568187370455,0.6241288288584754,28,8
13508,"Vegas, Jhonattan",746,The Country Club of Jackson,sg_total,0.5296330557117428,0.6225740180522429,34,8
13508,"Vegas, Jhonattan",928,PGA National  - Champion Course,sg_total,-0.9190095210226961,0.6132577956350657,13,8
13508,"Vegas, Jhonattan",977,The Renaissance Club,sg_total,0.30452019799884733,0.6111814446513488,20,8
13508,"Vegas, Jhonattan",770,TPC San Antonio - The Oaks Course,sg_total,-0.9001264536831517,0.6076650388350318,54,8
13508,"Vegas, Jhonattan",781,Plainfield CC,sg_total,-0.6774983403769532,0.6050669110305169,43,8
13508,"Vegas, Jhonattan",240,Club de Golf Chapultepec,sg_total,1.0207072613946921,0.6020028570371451,32,8
13508,"Vegas, Jhonattan",897,Memorial Park Golf Course,sg_total,0.5924179787776316,0.5969683733902095,30,8
13508,"Vegas, Jhonattan",775,CordeValle GC,sg_total,-0.8578503327899076,0.5965076257611942,27,8
13508,"Vegas, Jhonattan",4,Torrey Pines Golf Course (South Course),sg_total,-0.8035611363833894,0.5869275084275075,56,8
13508,"Vegas, Jhonattan",205,Spyglass Hill Golf Course,sg_total,0.7808724327096808,0.557455820713923,53,8
13508,"Vegas, Jhonattan",771,The Old White TPC,sg_total,0.16698570496264853,0.5529609738461922,43,8
13508,"Vegas, Jhonattan",666,Pebble Beach Golf Links,sg_total,-1.902492877547022,0.5426232759381483,49,8
13508,"Vegas, Jhonattan",14,Augusta National Golf Club,sg_total,-1.1010239179629946,0.5394044836198019,65,8
13508,"Vegas, Jhonattan",822,Las Colinas Country Club,sg_total,-1.3634763698889603,0.5373709005340206,27,8
13508,"Vegas, Jhonattan",885,Royal Portrush Golf Club,sg_total,-0.05892988594426368,0.52887766569415,30,8
13508,"Vegas, Jhonattan",689,El Bosque CC,sg_total,1.5772478740422686,0.5233518693058378,52,8
13508,"Vegas, Jhonattan",744,Torrey Pines (South),sg_total,-0.4679183549930892,0.5214711179618798,46,8
13508,"Vegas, Jhonattan",513,TPC Southwind,sg_total,0.8769854410467866,0.5150057683020087,55,8
13508,"Vegas, Jhonattan",800,The Abaco Club on Winding Bay,sg_total,0.36747360803867585,0.5085375076292757,35,8
13508,"Vegas, Jhonattan",700,TPC Boston,sg_total,-0.8827124171353127,0.507527023233339,54,8
13508,"Vegas, Jhonattan",780,Atlanta Athletic Club,sg_total,1.1693620664660007,0.5002089628986955,46,8
13508,"Vegas, Jhonattan",769,Monterey Peninsula CC,sg_total,-0.2775119330992719,0.5002066489573296,49,8
13508,"Vegas, Jhonattan",538,TPC Summerlin,sg_total,-0.7800998016771861,0.43235476111085686,50,8
13508,"Vegas, Jhonattan",527,Saucon Valley CC,sg_total,1.2641602173374935,0.42812608891688303,43,8
13508,"Vegas, Jhonattan",241,Quail Hollow-PGA Championship,sg_total,2.9578508407762305,0.4265006951284631,37,8
13508,"Vegas, Jhonattan",902,Congaree Golf Club,sg_total,2.0705745646665523,0.41161328631299193,21,8
13508,"Vegas, Jhonattan",694,Hamilton G&CC,sg_total,1.1008823758589457,0.4106172555190136,17,8
13508,"Vegas, Jhonattan",875,ACCORDIA GOLF Narashino Country Club,sg_total,0.9009420454632413,0.386724896362914,20,8
13508,"Vegas, Jhonattan",776,Sea Island Golf Club (Seaside Course),sg_total,0.9023782210847089,0.3755012307989047,47,8
13508,"Vegas, Jhonattan",608,Oakmont Country Club,sg_total,0.7633511909354427,0.3547256152850429,53,8
13508,"Vegas, Jhonattan",880,Bethpage Black,sg_total,-4.143831708874796,0.3513476172401144,30,8
13508,"Vegas, Jhonattan",883,TPC Twin Cities,sg_total,1.3813576660462554,0.35074426673837056,32,8
13508,"Vegas, Jhonattan",876,Detroit Golf Club,sg_total,0.37780098098252085,0.3154707070451331,31,8
20706,"Wallace, Matt",928,PGA National  - Champion Course,sg_app,-0.6217922500087117,0.7671751837159452,13,8
20706,"Wallace, Matt",891,Winged Foot GC,sg_app,1.4663306060532428,0.7126732274142469,23,8
20706,"Wallace, Matt",935,TPC Toronto at Osprey Valley (North Course),sg_app,-0.8510621544988478,0.7116924721794581,6,8
20706,"Wallace, Matt",240,Club de Golf Chapultepec,sg_app,-1.465686821614688,0.7081210840226253,29,8
20706,"Wallace, Matt",697,Ocean Course at Kiawah Island,sg_app,-0.3865745664666255,0.7069136776164395,24,8
20706,"Wallace, Matt",241,Quail Hollow-PGA Championship,sg_app,-0.5753585904630929,0.7056566483257517,34,8
20706,"Wallace, Matt",876,Detroit Golf Club,sg_app,0.04939957196520231,0.6896168809184317,29,8
20706,"Wallace, Matt",4,Torrey Pines Golf Course (South Course),sg_app,-0.8144504951825104,0.6702800253204808,51,8
20706,"Wallace, Matt",724,Royal Liverpool,sg_app,-0.16563144185565137,0.6632783746768827,14,8
20706,"Wallace, Matt",237,TPC Potomac at Avenel Farm,sg_app,0.9619264218020657,0.6615951373353582,23,8
20706,"Wallace, Matt",880,Bethpage Black,sg_app,0.3181860808146998,0.6551865014282398,28,8
20706,"Wallace, Matt",872,Quail Hollow Club,sg_app,0.37140700115495207,0.6423650899143748,36,8
20706,"Wallace, Matt",552,Silverado Resort and Spa (North Course),sg_app,-0.00010541005249908864,0.6270648570577193,39,8
20706,"Wallace, Matt",665,Innisbrook Resort and Golf Club - Copperhead Course,sg_app,0.4053386045240489,0.5909971343340352,54,8
20706,"Wallace, Matt",744,Torrey Pines (South),sg_app,-1.1831988322589546,0.5291018199363902,20,8
20706,"Wallace, Matt",14,Augusta National Golf Club,sg_app,0.3643019270665514,0.5249097184931832,23,8
20706,"Wallace, Matt",770,TPC San Antonio - The Oaks Course,sg_app,0.4723747737677432,0.524784468692467,50,8
20706,"Wallace, Matt",977,The Renaissance Club,sg_app,0.13723484987504703,0.47281672246556705,16,8
20706,"Wallace, Matt",885,Royal Portrush Golf Club,sg_app,0.6065303447218388,0.4489419284589953,15,8
20706,"Wallace, Matt",893,Muirfield Village Golf Club,sg_app,-1.1355323362774086,0.42322662719000703,23,8
20706,"Wallace, Matt",510,TPC Scottsdale (Stadium Course),sg_app,0.23226209613695448,0.4198044142274062,49,8
20706,"Wallace, Matt",897,Memorial Park Golf Course,sg_app,-0.27695371390763435,0.40296007074916906,29,8
20706,"Wallace, Matt",874,Hamilton Golf & Country Club,sg_app,1.15167565580159,0.39319658002294006,21,8
20706,"Wallace, Matt",666,Pebble Beach Golf Links,sg_app,0.24731204093722065,0.3362028317814147,27,8
20706,"Wallace, Matt",608,Oakmont Country Club,sg_arg,-0.01937079977448615,0.8244183901604997,10,8
20706,"Wallace, Matt",883,TPC Twin Cities,sg_arg,-0.1712548287836574,0.7867501524651601,30,8
20706,"Wallace, Matt",744,Torrey Pines (South),sg_arg,0.8797385110549277,0.7582209181562641,20,8
20706,"Wallace, Matt",14,Augusta National Golf Club,sg_arg,0.4845440134155116,0.6966083272472707,23,8
20706,"Wallace, Matt",9,Arnold Palmer's Bay Hill Club & Lodge,sg_arg,0.6182878284065616,0.6663502146645437,55,8
20706,"Wallace, Matt",930,Black Desert Resort,sg_arg,-0.9844026702134526,0.6659138517567389,6,8
20706,"Wallace, Matt",772,St. George's G&CC,sg_arg,0.8741775564858042,0.654429616156167,22,8
20706,"Wallace, Matt",978,Vidanta Vallarta,sg_arg,-0.2709628382340417,0.5939369030173401,16,8
20706,"Wallace, Matt",977,The Renaissance Club,sg_arg,-0.635395354551812,0.5766157384771762,16,8
20706,"Wallace, Matt",514,Oak Hill Country Club,sg_arg,0.4172218991308439,0.4528767618255562,14,8
20706,"Wallace, Matt",697,Ocean Course at Kiawah Island,sg_arg,-0.7388203448266968,0.4160654028125454,24,8
20706,"Wallace, Matt",503,TPC River Highlands,sg_arg,-0.49353238134721183,0.4014194396486374,51,8
20706,"Wallace, Matt",894,TPC Craig Ranch,sg_arg,-2.030242533494418,0.3960272487602276,24,8
20706,"Wallace, Matt",885,Royal Portrush Golf Club,sg_arg,-0.3821136982302892,0.39205476717281856,15,8
20706,"Wallace, Matt",4,Torrey Pines Golf Course (South Course),sg_arg,-1.0004266752655493,0.3899247548025363,51,8
20706,"Wallace, Matt",669,TPC Deere Run,sg_arg,0.09605655814247492,0.3763200181958359,38,8
20706,"Wallace, Matt",500,The Riviera Country Club,sg_arg,-0.5373923583629799,0.36910745033253783,54,8
20706,"Wallace, Matt",552,Silverado Resort and Spa (North Course),sg_arg,1.0511532935634533,0.30969972483809577,39,8
20706,"Wallace, Matt",746,The Country Club of Jackson,sg_ott,-1.3790109871343894,0.8252517828177022,32,8
20706,"Wallace, Matt",697,Ocean Course at Kiawah Island,sg_ott,0.46308305609488165,0.8177837473279898,24,8
20706,"Wallace, Matt",514,Oak Hill Country Club,sg_ott,0.8214342472822516,0.8127203741169257,14,8
20706,"Wallace, Matt",921,TPC Craig Ranch,sg_ott,0.6407822317734487,0.8124938419538594,15,8
20706,"Wallace, Matt",656,Plantation Course at Kapalua,sg_ott,0.6084252943622388,0.8079739846971773,45,8
20706,"Wallace, Matt",897,Memorial Park Golf Course,sg_ott,0.05043630713726638,0.7975910700248214,29,8
20706,"Wallace, Matt",666,Pebble Beach Golf Links,sg_ott,-0.25580394028875586,0.7832355819650828,27,8
20706,"Wallace, Matt",665,Innisbrook Resort and Golf Club - Copperhead Course,sg_ott,0.5421526191059135,0.7274722902336741,54,8
20706,"Wallace, Matt",930,Black Desert Resort,sg_ott,0.9487172618345896,0.7201825483385862,6,8
20706,"Wallace, Matt",872,Quail Hollow Club,sg_ott,-1.4718572972483186,0.7095329685955294,36,8
20706,"Wallace, Matt",669,TPC Deere Run,sg_ott,0.6738894715329922,0.6958014020825517,38,8
20706,"Wallace, Matt",895,TPC Harding Park,sg_ott,-0.2635283024638917,0.6913221539478895,25,8
20706,"Wallace, Matt",237,TPC Potomac at Avenel Farm,sg_ott,-1.5608721844398161,0.6685057551764296,23,8
20706,"Wallace, Matt",744,Torrey Pines (South),sg_ott,-0.12152631792349307,0.6527298605945488,20,8
20706,"Wallace, Matt",704,Pete Dye Stadium Course,sg_ott,-0.034994358263820885,0.5925443054801743,33,8
20706,"Wallace, Matt",671,Valhalla Golf Club,sg_ott,0.5592516391008242,0.5447209390309542,42,8
20706,"Wallace, Matt",21,Colonial Country Club,sg_ott,0.3712249590360083,0.5148436857747805,50,8
20706,"Wallace, Matt",883,TPC Twin Cities,sg_ott,0.4728893760139081,0.45235980784155716,30,8
20706,"Wallace, Matt",734,PGA National Resort (The Champion),sg_ott,-0.7923805243125509,0.45228278937398675,56,8
20706,"Wallace, Matt",770,TPC San Antonio - The Oaks Course,sg_ott,0.4569733701528068,0.45218651003185867,50,8
20706,"Wallace, Matt",241,Quail Hollow-PGA Championship,sg_ott,0.7460368624535049,0.443843453458752,34,8
20706,"Wallace, Matt",14,Augusta National Golf Club,sg_ott,-0.6757935607494394,0.42768357649408206,23,8
20706,"Wallace, Matt",772,St. George's G&CC,sg_ott,-0.17949301789192085,0.3888480133012952,22,8
20706,"Wallace, Matt",500,The Riviera Country Club,sg_ott,-1.6527415782444466,0.3722795836501979,54,8
20706,"Wallace, Matt",709,Royal Troon,sg_ott,0.4874741978591045,0.3555471361658512,14,8
20706,"Wallace, Matt",709,Royal Troon,sg_putt,0.27301671815816475,0.8553792953613122,14,8
20706,"Wallace, Matt",928,PGA National  - Champion Course,sg_putt,-0.3999015233692915,0.8319135400555944,13,8
20706,"Wallace, Matt",552,Silverado Resort and Spa (North Course),sg_putt,-0.30784080117726276,0.7652038880499961,39,8
20706,"Wallace, Matt",935,TPC Toronto at Osprey Valley (North Course),sg_putt,0.19555934365686845,0.7214011843267554,6,8
20706,"Wallace, Matt",930,Black Desert Resort,sg_putt,-0.8343219505627142,0.709353178421583,6,8
20706,"Wallace, Matt",978,Vidanta Vallarta,sg_putt,-0.6518058570930151,0.6967043554693465,16,8
20706,"Wallace, Matt",744,Torrey Pines (South),sg_putt,-1.0480121603072716,0.6493713284526129,20,8
20706,"Wallace, Matt",697,Ocean Course at Kiawah Island,sg_putt,0.17978221260734278,0.6047937213752724,24,8
20706,"Wallace, Matt",608,Oakmont Country Club,sg_putt,1.109731545290346,0.5378019635320631,10,8
20706,"Wallace, Matt",872,Quail Hollow Club,sg_putt,1.2525158133157632,0.5080732719746718,36,8
20706,"Wallace, Matt",770,TPC San Antonio - The Oaks Course,sg_putt,0.5379450078810224,0.49979074287184344,50,8
20706,"Wallace, Matt",977,The Renaissance Club,sg_putt,0.05040798912207292,0.49863130395531924,16,8
20706,"Wallace, Matt",897,Memorial Park Golf Course,sg_putt,-0.7358614873377911,0.46100063008810405,29,8
20706,"Wallace, Matt",665,Innisbrook Resort and Golf Club - Copperhead Course,sg_putt,-0.08252083615751928,0.42909909172145166,54,8
20706,"Wallace, Matt",891,Winged Foot GC,sg_putt,-0.5701795866908017,0.4283793448531367,23,8
20706,"Wallace, Matt",883,TPC Twin Cities,sg_putt,0.621019143960476,0.41039090006103524,30,8
20706,"Wallace, Matt",669,TPC Deere Run,sg_putt,-0.14011612570331006,0.38981961108634927,38,8
20706,"Wallace, Matt",538,TPC Summerlin,sg_putt,0.869035176042029,0.38935899749088204,47,8
20706,"Wallace, Matt",514,Oak Hill Country Club,sg_putt,-0.9032979429815711,0.3788799219519931,14,8
20706,"Wallace, Matt",886,Liberty National Golf Club,sg_putt,-0.5033595956474615,0.30772935775047244,27,8
20706,"Wallace, Matt",919,El Cardonal at Diamante,sg_total,0.12380088878293632,0.8241756895683453,10,8
20706,"Wallace, Matt",925,Dunes Golf and Beach Club,sg_total,0.8590194353523151,0.8210465318733497,7,8
20706,"Wallace, Matt",940,Grand Reserve Golf Club,sg_total,-0.9779166365823573,0.7634223042119858,8,8
20706,"Wallace, Matt",552,Silverado Resort and Spa (North Course),sg_total,1.7883297766141315,0.7376139349852081,40,8
20706,"Wallace, Matt",891,Winged Foot GC,sg_total,0.28392286953493556,0.716785908305173,25,8
20706,"Wallace, Matt",978,Vidanta Vallarta,sg_total,-1.3194639708493072,0.7044733074594649,17,8
20706,"Wallace, Matt",872,Quail Hollow Club,sg_total,0.65145308578706,0.6851889404998475,37,8
20706,"Wallace, Matt",746,The Country Club of Jackson,sg_total,-1.7846917503877193,0.6225740180522429,34,8
20706,"Wallace, Matt",928,PGA National  - Champion Course,sg_total,-0.5703817689658276,0.6132577956350657,13,8
20706,"Wallace, Matt",977,The Renaissance Club,sg_total,-0.2246361417759437,0.6111814446513488,20,8
20706,"Wallace, Matt",895,TPC Harding Park,sg_total,-1.3188780350565736,0.6084200207744371,26,8
20706,"Wallace, Matt",770,TPC San Antonio - The Oaks Course,sg_total,1.557007015785524,0.6076650388350318,54,8
20706,"Wallace, Matt",514,Oak Hill Country Club,sg_total,0.13916967790039902,0.6041384175417843,15,8
20706,"Wallace, Matt",240,Club de Golf Chapultepec,sg_total,-0.4473899183596145,0.6020028570371451,32,8
20706,"Wallace, Matt",897,Memorial Park Golf Course,sg_total,-0.7780267982397264,0.5969683733902095,30,8
20706,"Wallace, Matt",4,Torrey Pines Golf Course (South Course),sg_total,-4.730037384818803,0.5869275084275075,56,8
20706,"Wallace, Matt",666,Pebble Beach Golf Links,sg_total,1.9359665296330617,0.5426232759381483,49,8
20706,"Wallace, Matt",14,Augusta National Golf Club,sg_total,-0.5533181639878095,0.5394044836198019,65,8
20706,"Wallace, Matt",885,Royal Portrush Golf Club,sg_total,0.09689653979279872,0.52887766569415,30,8
20706,"Wallace, Matt",744,Torrey Pines (South),sg_total,-0.7096993550155111,0.5214711179618798,46,8
20706,"Wallace, Matt",513,TPC Southwind,sg_total,-0.40889053236485084,0.5150057683020087,55,8
20706,"Wallace, Matt",538,TPC Summerlin,sg_total,1.228847309368762,0.43235476111085686,50,8
20706,"Wallace, Matt",241,Quail Hollow-PGA Championship,sg_total,2.276675817996494,0.4265006951284631,37,8
20706,"Wallace, Matt",875,ACCORDIA GOLF Narashino Country Club,sg_total,-0.3035291173526879,0.386724896362914,20,8
20706,"Wallace, Matt",778,Royal St. George's GC,sg_total,0.37106076240090874,0.3865346771917013,50,8
20706,"Wallace, Matt",776,Sea Island Golf Club (Seaside Course),sg_total,-1.5855374160896973,0.3755012307989047,47,8
20706,"Wallace, Matt",608,Oakmont Country Club,sg_total,1.666115974262233,0.3547256152850429,53,8
20706,"Wallace, Matt",880,Bethpage Black,sg_total,3.0684420757964905,0.3513476172401144,30,8
20706,"Wallace, Matt",883,TPC Twin Cities,sg_total,1.3421347208849488,0.35074426673837056,32,8
20706,"Wallace, Matt",876,Detroit Golf Club,sg_total,-0.186975871221213,0.3154707070451331,31,8
12577,"Woodland, Gary",8,Trump National Doral,sg_app,-0.042709686367440006,0.9465251472181397,60,8
12577,"Woodland, Gary",896,Olympia Fields Country Club (North Course),sg_app,0.06436409571478352,0.8315178735937293,13,8
12577,"Woodland, Gary",928,PGA National  - Champion Course,sg_app,-0.15961803312063466,0.7671751837159452,13,8
12577,"Woodland, Gary",939,Torrey Pines Golf Course (South Course),sg_app,-0.8722094953071778,0.7487285792532103,9,8
12577,"Woodland, Gary",902,Congaree Golf Club,sg_app,-0.3589989675798618,0.7464172844547262,20,8
12577,"Woodland, Gary",775,CordeValle GC,sg_app,-0.5277608134220783,0.7324563059618661,26,8
12577,"Woodland, Gary",891,Winged Foot GC,sg_app,-0.9554700899288758,0.7126732274142469,23,8
12577,"Woodland, Gary",935,TPC Toronto at Osprey Valley (North Course),sg_app,-1.1914046667221143,0.7116924721794581,6,8
12577,"Woodland, Gary",240,Club de Golf Chapultepec,sg_app,-0.6262183918987861,0.7081210840226253,29,8
12577,"Woodland, Gary",697,Ocean Course at Kiawah Island,sg_app,1.1113270625227196,0.7069136776164395,24,8
12577,"Woodland, Gary",241,Quail Hollow-PGA Championship,sg_app,0.11702892610505278,0.7056566483257517,34,8
12577,"Woodland, Gary",876,Detroit Golf Club,sg_app,-0.9727946263761372,0.6896168809184317,29,8
12577,"Woodland, Gary",4,Torrey Pines Golf Course (South Course),sg_app,-0.15669576821799083,0.6702800253204808,51,8
12577,"Woodland, Gary",724,Royal Liverpool,sg_app,-0.8273752027747262,0.6632783746768827,14,8
12577,"Woodland, Gary",237,TPC Potomac at Avenel Farm,sg_app,-1.7772251565205899,0.6615951373353582,23,8
12577,"Woodland, Gary",880,Bethpage Black,sg_app,1.6032931865636306,0.6551865014282398,28,8
12577,"Woodland, Gary",43,The Los Angeles Country Club (North Course),sg_app,1.3138066517615445,0.652561798717866,13,8
12577,"Woodland, Gary",872,Quail Hollow Club,sg_app,0.15633981959926294,0.6423650899143748,36,8
12577,"Woodland, Gary",552,Silverado Resort and Spa (North Course),sg_app,0.7989294428565932,0.6270648570577193,39,8
12577,"Woodland, Gary",898,The Concession Golf Club,sg_app,-0.6793351229039755,0.5978760108741452,13,8
12577,"Woodland, Gary",665,Innisbrook Resort and Golf Club - Copperhead Course,sg_app,0.1538861223460822,0.5909971343340352,54,8
12577,"Woodland, Gary",700,TPC Boston,sg_app,0.4072123467807067,0.5801062715329093,52,8
12577,"Woodland, Gary",744,Torrey Pines (South),sg_app,-0.7328210841822561,0.5291018199363902,20,8
12577,"Woodland, Gary",14,Augusta National Golf Club,sg_app,-0.06662105717584174,0.5249097184931832,23,8
12577,"Woodland, Gary",770,TPC San Antonio - The Oaks Course,sg_app,0.09064802312576528,0.524784468692467,50,8
12577,"Woodland, Gary",611,Southern Hills Country Club,sg_app,0.31850247793739983,0.5183385212389265,21,8
12577,"Woodland, Gary",36,Le Triomphe G&CC,sg_app,-0.1386484987316555,0.511720899137967,58,8
12577,"Woodland, Gary",527,Saucon Valley CC,sg_app,0.13733912251073369,0.49410026897104875,35,8
12577,"Woodland, Gary",977,The Renaissance Club,sg_app,0.08913093073351527,0.47281672246556705,16,8
12577,"Woodland, Gary",771,The Old White TPC,sg_app,-0.18855604452738137,0.47094988388515785,41,8
12577,"Woodland, Gary",715,Baltusrol GC,sg_app,0.40711931647271216,0.46574115836652397,35,8
12577,"Woodland, Gary",625,LaCantera GC (Resort),sg_app,-0.09601814331084293,0.45683718971714415,22,8
12577,"Woodland, Gary",893,Muirfield Village Golf Club,sg_app,-0.38048051188691223,0.42322662719000703,23,8
12577,"Woodland, Gary",510,TPC Scottsdale (Stadium Course),sg_app,-0.13748030172988968,0.4198044142274062,49,8
12577,"Woodland, Gary",897,Memorial Park Golf Course,sg_app,0.9751247931372443,0.40296007074916906,29,8
12577,"Woodland, Gary",874,Hamilton Golf & Country Club,sg_app,-0.933640966055304,0.39319658002294006,21,8
12577,"Woodland, Gary",745,iberostar real club de golf novo sancti petri,sg_app,0.49415549231883793,0.35496164779815254,48,8
12577,"Woodland, Gary",666,Pebble Beach Golf Links,sg_app,1.5681581558465114,0.3362028317814147,27,8
12577,"Woodland, Gary",528,Pinehurst Resort & Country Club (Course No. 2),sg_app,-1.7758973256303876,0.3150926551363546,13,8
12577,"Woodland, Gary",19,TPC Four Seasons Resort,sg_app,-0.2285207085130172,0.3150439971860182,48,8
12577,"Woodland, Gary",8,Trump National Doral,sg_arg,-0.36398489239353804,0.9530423707413531,60,8
12577,"Woodland, Gary",205,Spyglass Hill Golf Course,sg_arg,-0.22004771099190237,0.8931748466298375,10,8
12577,"Woodland, Gary",608,Oakmont Country Club,sg_arg,-0.1435230946395648,0.8244183901604997,10,8
12577,"Woodland, Gary",883,TPC Twin Cities,sg_arg,0.23888071573547703,0.7867501524651601,30,8
12577,"Woodland, Gary",744,Torrey Pines (South),sg_arg,-0.25271050868562767,0.7582209181562641,20,8
12577,"Woodland, Gary",238,Glen Oaks Club,sg_arg,-0.0688674954190194,0.7336871596058964,27,8
12577,"Woodland, Gary",14,Augusta National Golf Club,sg_arg,-0.1668574489724771,0.6966083272472707,23,8
12577,"Woodland, Gary",9,Arnold Palmer's Bay Hill Club & Lodge,sg_arg,0.03684801354833687,0.6663502146645437,55,8
12577,"Woodland, Gary",772,St. George's G&CC,sg_arg,0.48422935021353275,0.654429616156167,22,8
12577,"Woodland, Gary",939,Torrey Pines Golf Course (South Course),sg_arg,-0.37585351222944036,0.6481740336083687,9,8
12577,"Woodland, Gary",896,Olympia Fields Country Club (North Course),sg_arg,-0.5836509446963438,0.6081893022397992,13,8
12577,"Woodland, Gary",978,Vidanta Vallarta,sg_arg,0.2544678551654081,0.5939369030173401,16,8
12577,"Woodland, Gary",977,The Renaissance Club,sg_arg,-0.21037054639024735,0.5766157384771762,16,8
12577,"Woodland, Gary",775,CordeValle GC,sg_arg,0.8603950358469655,0.5749849531551847,26,8
12577,"Woodland, Gary",773,Aronimink GC,sg_arg,0.5561925740608797,0.5548743356281888,36,8
12577,"Woodland, Gary",528,Pinehurst Resort & Country Club (Course No. 2),sg_arg,-1.0027231228690876,0.5246733621084892,13,8
12577,"Woodland, Gary",873,Ridgewood CC,sg_arg,-0.1374612380632009,0.5205492472184076,22,8
12577,"Woodland, Gary",19,TPC Four Seasons Resort,sg_arg,0.11758164700022573,0.5175416912724531,48,8
12577,"Woodland, Gary",611,Southern Hills Country Club,sg_arg,-0.43726401922618174,0.4980626838282213,21,8
12577,"Woodland, Gary",514,Oak Hill Country Club,sg_arg,0.49766564877957686,0.4528767618255562,14,8
12577,"Woodland, Gary",625,LaCantera GC (Resort),sg_arg,-0.11790177233392446,0.44378838630574374,22,8
12577,"Woodland, Gary",649,Hualalai Golf Course,sg_arg,-0.3612625317683256,0.44183968801198004,36,8
12577,"Woodland, Gary",698,Quail Hollow Club,sg_arg,-0.2568754478612991,0.41704133255957127,52,8
12577,"Woodland, Gary",697,Ocean Course at Kiawah Island,sg_arg,0.3283747424017565,0.4160654028125454,24,8
12577,"Woodland, Gary",503,TPC River Highlands,sg_arg,-0.2855418216225779,0.4014194396486374,51,8
12577,"Woodland, Gary",4,Torrey Pines Golf Course (South Course),sg_arg,-0.2968025195347766,0.3899247548025363,51,8
12577,"Woodland, Gary",729,Golf Club of Houston,sg_arg,-0.35090126703099567,0.3790111774135132,54,8
12577,"Woodland, Gary",669,TPC Deere Run,sg_arg,0.3297952062524643,0.3763200181958359,38,8
12577,"Woodland, Gary",500,The Riviera Country Club,sg_arg,-0.03346461346606702,0.36910745033253783,54,8
12577,"Woodland, Gary",616,Robert Trent Jones GC,sg_arg,-0.21042880467352854,0.32818114468011245,15,8
12577,"Woodland, Gary",902,Congaree Golf Club,sg_arg,-2.3945316968655117,0.31392215570295146,20,8
12577,"Woodland, Gary",552,Silverado Resort and Spa (North Course),sg_arg,-0.717709476254856,0.30969972483809577,39,8
12577,"Woodland, Gary",745,iberostar real club de golf novo sancti petri,sg_arg,0.20735359942972892,0.303356471156665,48,8
12577,"Woodland, Gary",8,Trump National Doral,sg_ott,0.9709369428650286,0.9516191919070657,60,8
12577,"Woodland, Gary",746,The Country Club of Jackson,sg_ott,0.49252248144845157,0.8252517828177022,32,8
12577,"Woodland, Gary",697,Ocean Course at Kiawah Island,sg_ott,-0.6554223096102096,0.8177837473279898,24,8
12577,"Woodland, Gary",514,Oak Hill Country Club,sg_ott,0.693439243275422,0.8127203741169257,14,8
12577,"Woodland, Gary",656,Plantation Course at Kapalua,sg_ott,0.15813062242413237,0.8079739846971773,45,8
12577,"Woodland, Gary",897,Memorial Park Golf Course,sg_ott,0.15534706565793363,0.7975910700248214,29,8
12577,"Woodland, Gary",666,Pebble Beach Golf Links,sg_ott,-0.39149822810398927,0.7832355819650828,27,8
12577,"Woodland, Gary",19,TPC Four Seasons Resort,sg_ott,-0.042476954459702475,0.7592243617778875,48,8
12577,"Woodland, Gary",689,El Bosque CC,sg_ott,0.17987687233400343,0.7580306354046243,42,8
12577,"Woodland, Gary",505,Cherry Hills CC,sg_ott,0.46833451257740955,0.7529027101413989,25,8
12577,"Woodland, Gary",773,Aronimink GC,sg_ott,-0.08043843811342442,0.7357449899129523,36,8
12577,"Woodland, Gary",205,Spyglass Hill Golf Course,sg_ott,0.9811228472803583,0.7354241572242235,10,8
12577,"Woodland, Gary",665,Innisbrook Resort and Golf Club - Copperhead Course,sg_ott,-0.07391719856910552,0.7274722902336741,54,8
12577,"Woodland, Gary",36,Le Triomphe G&CC,sg_ott,0.2986572663689513,0.721117445741737,58,8
12577,"Woodland, Gary",872,Quail Hollow Club,sg_ott,0.18985541052115665,0.7095329685955294,36,8
12577,"Woodland, Gary",669,TPC Deere Run,sg_ott,-0.040272896206238265,0.6958014020825517,38,8
12577,"Woodland, Gary",895,TPC Harding Park,sg_ott,0.0981737052414565,0.6913221539478895,25,8
12577,"Woodland, Gary",789,Conway Farms GC,sg_ott,-0.020979020444598512,0.6765431912571337,34,8
12577,"Woodland, Gary",237,TPC Potomac at Avenel Farm,sg_ott,-0.39213956488292,0.6685057551764296,23,8
12577,"Woodland, Gary",43,The Los Angeles Country Club (North Course),sg_ott,-0.4942429654644991,0.6561752385219565,13,8
12577,"Woodland, Gary",744,Torrey Pines (South),sg_ott,0.998966730395363,0.6527298605945488,20,8
12577,"Woodland, Gary",939,Torrey Pines Golf Course (South Course),sg_ott,0.21289964255359675,0.6420342944454386,9,8
12577,"Woodland, Gary",348,Medinah Country Club (No. 3),sg_ott,-0.48303184158526125,0.6402835614018546,18,8
12577,"Woodland, Gary",528,Pinehurst Resort & Country Club (Course No. 2),sg_ott,-0.5574245642915755,0.605912040107582,13,8
12577,"Woodland, Gary",704,Pete Dye Stadium Course,sg_ott,0.12221421594597359,0.5925443054801743,33,8
12577,"Woodland, Gary",729,Golf Club of Houston,sg_ott,-0.019196088897968894,0.5762066930736335,54,8
12577,"Woodland, Gary",781,Plainfield CC,sg_ott,-0.26188970856968863,0.5503579288030632,43,8
12577,"Woodland, Gary",671,Valhalla Golf Club,sg_ott,0.0980372530820677,0.5447209390309542,42,8
12577,"Woodland, Gary",873,Ridgewood CC,sg_ott,-0.055147406855292125,0.5404273606561777,22,8
12577,"Woodland, Gary",534,Bellerive CC,sg_ott,0.8769354676301564,0.5266986928376094,42,8
12577,"Woodland, Gary",21,Colonial Country Club,sg_ott,0.15071345895593125,0.5148436857747805,50,8
12577,"Woodland, Gary",745,iberostar real club de golf novo sancti petri,sg_ott,-0.6569034310616411,0.512595938540274,48,8
12577,"Woodland, Gary",654,The Country Club,sg_ott,1.077429468095192,0.4887135329746615,13,8
12577,"Woodland, Gary",698,Quail Hollow Club,sg_ott,-0.23458866035864426,0.4783427498881751,52,8
12577,"Woodland, Gary",926,Silverado Resort (North Course),sg_ott,0.7092984881147704,0.4695369826470083,14,8
12577,"Woodland, Gary",775,CordeValle GC,sg_ott,0.3916638513760501,0.46590564038890697,26,8
12577,"Woodland, Gary",625,LaCantera GC (Resort),sg_ott,1.0888196746066308,0.4563859774020476,22,8
12577,"Woodland, Gary",883,TPC Twin Cities,sg_ott,-0.019260576366264583,0.45235980784155716,30,8
12577,"Woodland, Gary",734,PGA National Resort (The Champion),sg_ott,0.03282321485298302,0.45228278937398675,56,8
12577,"Woodland, Gary",770,TPC San Antonio - The Oaks Course,sg_ott,0.9491796902351378,0.45218651003185867,50,8
12577,"Woodland, Gary",241,Quail Hollow-PGA Championship,sg_ott,0.07993584851788044,0.443843453458752,34,8
12577,"Woodland, Gary",14,Augusta National Golf Club,sg_ott,-0.06806104655153199,0.42768357649408206,23,8
12577,"Woodland, Gary",772,St. George's G&CC,sg_ott,0.9066690100837317,0.3888480133012952,22,8
12577,"Woodland, Gary",32,Glen Abbey GC,sg_ott,-0.14718482264945126,0.38804505962737723,40,8
12577,"Woodland, Gary",5,Pebble Beach Golf Links,sg_ott,-0.22629930675518448,0.37764395709692644,49,8
12577,"Woodland, Gary",500,The Riviera Country Club,sg_ott,0.396766813045752,0.3722795836501979,54,8
12577,"Woodland, Gary",709,Royal Troon,sg_ott,-0.5786508521043096,0.3555471361658512,14,8
12577,"Woodland, Gary",700,TPC Boston,sg_ott,-0.1416257382318995,0.31039427326405605,52,8
12577,"Woodland, Gary",8,Trump National Doral,sg_putt,-0.07285889930048894,0.9467615659341958,60,8
12577,"Woodland, Gary",709,Royal Troon,sg_putt,1.0421625560214072,0.8553792953613122,14,8
12577,"Woodland, Gary",928,PGA National  - Champion Course,sg_putt,-0.3208479755809398,0.8319135400555944,13,8
12577,"Woodland, Gary",552,Silverado Resort and Spa (North Course),sg_putt,-0.10606858902122701,0.7652038880499961,39,8
12577,"Woodland, Gary",896,Olympia Fields Country Club (North Course),sg_putt,0.06162838985303548,0.7300243530921173,13,8
12577,"Woodland, Gary",935,TPC Toronto at Osprey Valley (North Course),sg_putt,0.18076443984155072,0.7214011843267554,6,8
12577,"Woodland, Gary",625,LaCantera GC (Resort),sg_putt,0.3044722577997144,0.7194449867851495,22,8
12577,"Woodland, Gary",715,Baltusrol GC,sg_putt,-0.0002493817659150188,0.6977005838536325,35,8
12577,"Woodland, Gary",978,Vidanta Vallarta,sg_putt,-1.5378917095073705,0.6967043554693465,16,8
12577,"Woodland, Gary",744,Torrey Pines (South),sg_putt,-0.5375718311044297,0.6493713284526129,20,8
12577,"Woodland, Gary",789,Conway Farms GC,sg_putt,-0.08910347112130287,0.6488976184206149,34,8
12577,"Woodland, Gary",616,Robert Trent Jones GC,sg_putt,-0.8779123166934923,0.6145951362159888,15,8
12577,"Woodland, Gary",689,El Bosque CC,sg_putt,0.5605585703717315,0.6122961641627417,42,8
12577,"Woodland, Gary",697,Ocean Course at Kiawah Island,sg_putt,0.044290524878336957,0.6047937213752724,24,8
12577,"Woodland, Gary",745,iberostar real club de golf novo sancti petri,sg_putt,1.1223119298738458,0.582420842072087,48,8
12577,"Woodland, Gary",505,Cherry Hills CC,sg_putt,-0.8108014475102008,0.5727829869764955,25,8
12577,"Woodland, Gary",43,The Los Angeles Country Club (North Course),sg_putt,-1.1092965627576108,0.5587238547117286,13,8
12577,"Woodland, Gary",608,Oakmont Country Club,sg_putt,0.08146641343971878,0.5378019635320631,10,8
12577,"Woodland, Gary",873,Ridgewood CC,sg_putt,-0.5559471162163465,0.5371535915100778,22,8
12577,"Woodland, Gary",898,The Concession Golf Club,sg_putt,0.7104560572076384,0.5261112008538217,13,8
12577,"Woodland, Gary",668,St. Andrews Links (Old Course),sg_putt,-3.922307333854372,0.5243576462108127,16,8
12577,"Woodland, Gary",773,Aronimink GC,sg_putt,0.6067829765249364,0.5110050494003415,36,8
12577,"Woodland, Gary",872,Quail Hollow Club,sg_putt,0.7050056236477003,0.5080732719746718,36,8
12577,"Woodland, Gary",770,TPC San Antonio - The Oaks Course,sg_putt,-0.07331969228124394,0.49979074287184344,50,8
12577,"Woodland, Gary",977,The Renaissance Club,sg_putt,-0.06125879225776354,0.49863130395531924,16,8
12577,"Woodland, Gary",902,Congaree Golf Club,sg_putt,-0.22657650812221003,0.47712841747238366,20,8
12577,"Woodland, Gary",897,Memorial Park Golf Course,sg_putt,1.0832978218642457,0.46100063008810405,29,8
12577,"Woodland, Gary",649,Hualalai Golf Course,sg_putt,0.008838908564555492,0.45688429085995663,36,8
12577,"Woodland, Gary",665,Innisbrook Resort and Golf Club - Copperhead Course,sg_putt,-0.21455918422355366,0.42909909172145166,54,8
12577,"Woodland, Gary",891,Winged Foot GC,sg_putt,0.5051918371716893,0.4283793448531367,23,8
12577,"Woodland, Gary",883,TPC Twin Cities,sg_putt,-0.5750652980429013,0.41039090006103524,30,8
12577,"Woodland, Gary",669,TPC Deere Run,sg_putt,0.12741290290756963,0.38981961108634927,38,8
12577,"Woodland, Gary",538,TPC Summerlin,sg_putt,0.6875694452267236,0.38935899749088204,47,8
12577,"Woodland, Gary",514,Oak Hill Country Club,sg_putt,-0.5753319206494787,0.3788799219519931,14,8
12577,"Woodland, Gary",886,Liberty National Golf Club,sg_putt,-0.5657182987262103,0.30772935775047244,27,8
12577,"Woodland, Gary",19,TPC Four Seasons Resort,sg_putt,0.11167263827970464,0.3013355876184594,48,8
12577,"Woodland, Gary",8,Trump National Doral,sg_total,0.4613252480955334,0.9534045421133684,71,8
12577,"Woodland, Gary",896,Olympia Fields Country Club (North Course),sg_total,-0.5490639704380045,0.8247619918620935,14,8
12577,"Woodland, Gary",379,The Philadelphia Cricket Club (Wissahickon Course),sg_total,0.5374864136518445,0.7585737211164316,9,8
12577,"Woodland, Gary",19,TPC Four Seasons Resort,sg_total,0.0894921376999886,0.7535983141081465,50,8
12577,"Woodland, Gary",43,The Los Angeles Country Club (North Course),sg_total,-0.3343010175625882,0.7514161263884058,15,8
12577,"Woodland, Gary",552,Silverado Resort and Spa (North Course),sg_total,-0.9615510973596686,0.7376139349852081,40,8
12577,"Woodland, Gary",102,Bermuda Dunes CC,sg_total,-2.270535733872564,0.7258285884410856,27,8
12577,"Woodland, Gary",891,Winged Foot GC,sg_total,-1.1511164066806874,0.716785908305173,25,8
12577,"Woodland, Gary",978,Vidanta Vallarta,sg_total,-0.22727791052418866,0.7044733074594649,17,8
12577,"Woodland, Gary",773,Aronimink GC,sg_total,1.3221083736679677,0.7020395410088385,37,8
12577,"Woodland, Gary",890,Tahoe Mountain Club (Old Greenwood),sg_total,1.0042842344335678,0.7001988553273849,19,8
12577,"Woodland, Gary",939,Torrey Pines Golf Course (South Course),sg_total,-2.11340688035147,0.6930839691436437,10,8
12577,"Woodland, Gary",625,LaCantera GC (Resort),sg_total,0.7564177056283452,0.6868191854628509,22,8
12577,"Woodland, Gary",872,Quail Hollow Club,sg_total,0.8029825566039885,0.6851889404998475,37,8
12577,"Woodland, Gary",238,Glen Oaks Club,sg_total,-2.5791792616098053,0.6241288288584754,28,8
12577,"Woodland, Gary",746,The Country Club of Jackson,sg_total,0.6272877613863259,0.6225740180522429,34,8
12577,"Woodland, Gary",928,PGA National  - Champion Course,sg_total,-1.3646125555858628,0.6132577956350657,13,8
12577,"Woodland, Gary",977,The Renaissance Club,sg_total,-0.25389151097187934,0.6111814446513488,20,8
12577,"Woodland, Gary",895,TPC Harding Park,sg_total,-1.1435467852263392,0.6084200207744371,26,8
12577,"Woodland, Gary",770,TPC San Antonio - The Oaks Course,sg_total,0.6143773692774457,0.6076650388350318,54,8
12577,"Woodland, Gary",781,Plainfield CC,sg_total,-0.28039877221075515,0.6050669110305169,43,8
12577,"Woodland, Gary",514,Oak Hill Country Club,sg_total,-1.1296430748130937,0.6041384175417843,15,8
12577,"Woodland, Gary",240,Club de Golf Chapultepec,sg_total,0.15561777988813047,0.6020028570371451,32,8
12577,"Woodland, Gary",897,Memorial Park Golf Course,sg_total,2.82007206926461,0.5969683733902095,30,8
12577,"Woodland, Gary",775,CordeValle GC,sg_total,-0.2701838744695741,0.5965076257611942,27,8
12577,"Woodland, Gary",4,Torrey Pines Golf Course (South Course),sg_total,-0.4100649763949751,0.5869275084275075,56,8
12577,"Woodland, Gary",205,Spyglass Hill Golf Course,sg_total,1.668446389024849,0.557455820713923,53,8
12577,"Woodland, Gary",771,The Old White TPC,sg_total,-1.0423652077277141,0.5529609738461922,43,8
12577,"Woodland, Gary",818,Chambers Bay GC,sg_total,-2.042213120046863,0.5439215943066038,38,8
12577,"Woodland, Gary",666,Pebble Beach Golf Links,sg_total,3.2016658588010016,0.5426232759381483,49,8
12577,"Woodland, Gary",14,Augusta National Golf Club,sg_total,-0.2145049078425475,0.5394044836198019,65,8
12577,"Woodland, Gary",822,Las Colinas Country Club,sg_total,-1.0556732232726525,0.5373709005340206,27,8
12577,"Woodland, Gary",885,Royal Portrush Golf Club,sg_total,-1.557358216436953,0.52887766569415,30,8
12577,"Woodland, Gary",689,El Bosque CC,sg_total,1.9399820793823963,0.5233518693058378,52,8
12577,"Woodland, Gary",744,Torrey Pines (South),sg_total,-0.45348205835726524,0.5214711179618798,46,8
12577,"Woodland, Gary",513,TPC Southwind,sg_total,-1.051745896004888,0.5150057683020087,55,8
12577,"Woodland, Gary",800,The Abaco Club on Winding Bay,sg_total,0.2904025122595844,0.5085375076292757,35,8
12577,"Woodland, Gary",700,TPC Boston,sg_total,-0.41466233506678024,0.507527023233339,54,8
12577,"Woodland, Gary",780,Atlanta Athletic Club,sg_total,1.999276857063479,0.5002089628986955,46,8
12577,"Woodland, Gary",769,Monterey Peninsula CC,sg_total,-1.7686986654862302,0.5002066489573296,49,8
12577,"Woodland, Gary",232,Albany GC,sg_total,0.7325794502406788,0.4445505341369429,18,8
12577,"Woodland, Gary",538,TPC Summerlin,sg_total,1.2958855837005774,0.43235476111085686,50,8
12577,"Woodland, Gary",100,Omni Tucson National,sg_total,-4.308213120046863,0.4299162671909255,45,8
12577,"Woodland, Gary",527,Saucon Valley CC,sg_total,0.2150340389689414,0.42812608891688303,43,8
12577,"Woodland, Gary",505,Cherry Hills CC,sg_total,0.2568966486014039,0.42732051022224193,25,8
12577,"Woodland, Gary",241,Quail Hollow-PGA Championship,sg_total,-0.02401140605489599,0.4265006951284631,37,8
12577,"Woodland, Gary",902,Congaree Golf Club,sg_total,-2.0635950407828703,0.41161328631299193,21,8
12577,"Woodland, Gary",875,ACCORDIA GOLF Narashino Country Club,sg_total,0.6602319400228409,0.386724896362914,20,8
12577,"Woodland, Gary",778,Royal St. George's GC,sg_total,-1.2114719689535522,0.3865346771917013,50,8
12577,"Woodland, Gary",776,Sea Island Golf Club (Seaside Course),sg_total,-4.305682860741367,0.3755012307989047,47,8
12577,"Woodland, Gary",608,Oakmont Country Club,sg_total,-0.2444132549993992,0.3547256152850429,53,8
12577,"Woodland, Gary",880,Bethpage Black,sg_total,1.3687373926952136,0.3513476172401144,30,8
12577,"Woodland, Gary",883,TPC Twin Cities,sg_total,0.376287478619409,0.35074426673837056,32,8
12577,"Woodland, Gary",876,Detroit Golf Club,sg_total,-0.8715554585135439,0.3154707070451331,31,8
29925,"Yellamaraju, Sudarshan",928,PGA National  - Champion Course,sg_app,-0.19665078024959737,0.7671751837159452,13,8
29925,"Yellamaraju, Sudarshan",4,Torrey Pines Golf Course (South Course),sg_app,-0.7581177467469907,0.6702800253204808,51,8
29925,"Yellamaraju, Sudarshan",770,TPC San Antonio - The Oaks Course,sg_app,-0.34981885219226505,0.524784468692467,50,8
29925,"Yellamaraju, Sudarshan",510,TPC Scottsdale (Stadium Course),sg_app,0.3110622615996082,0.4198044142274062,49,8
29925,"Yellamaraju, Sudarshan",897,Memorial Park Golf Course,sg_app,0.16005161785728683,0.40296007074916906,29,8
29925,"Yellamaraju, Sudarshan",4,Torrey Pines Golf Course (South Course),sg_arg,-1.733988389551564,0.3899247548025363,51,8
29925,"Yellamaraju, Sudarshan",897,Memorial Park Golf Course,sg_ott,0.2515779086909091,0.7975910700248214,29,8
29925,"Yellamaraju, Sudarshan",770,TPC San Antonio - The Oaks Course,sg_ott,-0.23817888531423645,0.45218651003185867,50,8
29925,"Yellamaraju, Sudarshan",928,PGA National  - Champion Course,sg_putt,-0.09984798005463252,0.8319135400555944,13,8
29925,"Yellamaraju, Sudarshan",770,TPC San Antonio - The Oaks Course,sg_putt,0.290788330326384,0.49979074287184344,50,8
29925,"Yellamaraju, Sudarshan",897,Memorial Park Golf Course,sg_putt,-0.0473096689595775,0.46100063008810405,29,8
29925,"Yellamaraju, Sudarshan",940,Grand Reserve Golf Club,sg_total,-1.0560139638524682,0.7634223042119858,8,8
29925,"Yellamaraju, Sudarshan",928,PGA National  - Champion Course,sg_total,0.11079663191375078,0.6132577956350657,13,8
29925,"Yellamaraju, Sudarshan",770,TPC San Antonio - The Oaks Course,sg_total,0.14935978691277674,0.6076650388350318,54,8
29925,"Yellamaraju, Sudarshan",897,Memorial Park Golf Course,sg_total,1.3590689471972763,0.5969683733902095,30,8
29925,"Yellamaraju, Sudarshan",4,Torrey Pines Golf Course (South Course),sg_total,-1.526689347051584,0.5869275084275075,56,8
29925,"Yellamaraju, Sudarshan",922,Dye's Valley Course,sg_total,-0.8834781353015604,0.5181238048200913,4,8
26651,"Young, Cameron",896,Olympia Fields Country Club (North Course),sg_app,-1.3816617229357897,0.8315178735937293,13,8
26651,"Young, Cameron",928,PGA National  - Champion Course,sg_app,-0.4534875318110959,0.7671751837159452,13,8
26651,"Young, Cameron",939,Torrey Pines Golf Course (South Course),sg_app,-1.3695068800447419,0.7487285792532103,9,8
26651,"Young, Cameron",902,Congaree Golf Club,sg_app,1.3737820604917597,0.7464172844547262,20,8
26651,"Young, Cameron",935,TPC Toronto at Osprey Valley (North Course),sg_app,0.14120098631104436,0.7116924721794581,6,8
26651,"Young, Cameron",241,Quail Hollow-PGA Championship,sg_app,-0.15252747093017394,0.7056566483257517,34,8
26651,"Young, Cameron",876,Detroit Golf Club,sg_app,0.29276874208802983,0.6896168809184317,29,8
26651,"Young, Cameron",4,Torrey Pines Golf Course (South Course),sg_app,0.9334061659389363,0.6702800253204808,51,8
26651,"Young, Cameron",724,Royal Liverpool,sg_app,2.1982161086101915,0.6632783746768827,14,8
26651,"Young, Cameron",237,TPC Potomac at Avenel Farm,sg_app,1.5498778117872425,0.6615951373353582,23,8
26651,"Young, Cameron",43,The Los Angeles Country Club (North Course),sg_app,0.2730154991486168,0.652561798717866,13,8
26651,"Young, Cameron",872,Quail Hollow Club,sg_app,-0.20098182343460558,0.6423650899143748,36,8
26651,"Young, Cameron",552,Silverado Resort and Spa (North Course),sg_app,-2.437799324002071,0.6270648570577193,39,8
26651,"Young, Cameron",232,Albany GC,sg_app,-0.22503634031415248,0.6223580975544195,7,8
26651,"Young, Cameron",665,Innisbrook Resort and Golf Club - Copperhead Course,sg_app,-0.5930524139508124,0.5909971343340352,54,8
26651,"Young, Cameron",14,Augusta National Golf Club,sg_app,0.16200151592737924,0.5249097184931832,23,8
26651,"Young, Cameron",770,TPC San Antonio - The Oaks Course,sg_app,0.07189731012180753,0.524784468692467,50,8
26651,"Young, Cameron",611,Southern Hills Country Club,sg_app,0.7048292823338265,0.5183385212389265,21,8
26651,"Young, Cameron",882,Caves Valley Golf Club,sg_app,-0.19821022878263747,0.4904074682099971,15,8
26651,"Young, Cameron",977,The Renaissance Club,sg_app,-2.105647175468035,0.47281672246556705,16,8
26651,"Young, Cameron",885,Royal Portrush Golf Club,sg_app,-0.5622275353602735,0.4489419284589953,15,8
26651,"Young, Cameron",510,TPC Scottsdale (Stadium Course),sg_app,-0.43070535302125723,0.4198044142274062,49,8
26651,"Young, Cameron",874,Hamilton Golf & Country Club,sg_app,-0.9509776454119312,0.39319658002294006,21,8
26651,"Young, Cameron",406,Castle Pines Golf Club,sg_app,-1.8367587391739857,0.37629742151287615,7,8
26651,"Young, Cameron",528,Pinehurst Resort & Country Club (Course No. 2),sg_app,0.31043623880646043,0.3150926551363546,13,8
26651,"Young, Cameron",205,Spyglass Hill Golf Course,sg_arg,0.07088468925434849,0.8931748466298375,10,8
26651,"Young, Cameron",608,Oakmont Country Club,sg_arg,0.8200291953612318,0.8244183901604997,10,8
26651,"Young, Cameron",883,TPC Twin Cities,sg_arg,-0.13300605170532506,0.7867501524651601,30,8
26651,"Young, Cameron",14,Augusta National Golf Club,sg_arg,-0.12300564107318601,0.6966083272472707,23,8
26651,"Young, Cameron",9,Arnold Palmer's Bay Hill Club & Lodge,sg_arg,-0.08404537774471352,0.6663502146645437,55,8
26651,"Young, Cameron",939,Torrey Pines Golf Course (South Course),sg_arg,-0.7077180947416976,0.6481740336083687,9,8
26651,"Young, Cameron",896,Olympia Fields Country Club (North Course),sg_arg,-0.3658935119492678,0.6081893022397992,13,8
26651,"Young, Cameron",977,The Renaissance Club,sg_arg,-1.111186897397907,0.5766157384771762,16,8
26651,"Young, Cameron",528,Pinehurst Resort & Country Club (Course No. 2),sg_arg,0.5031209394721348,0.5246733621084892,13,8
26651,"Young, Cameron",611,Southern Hills Country Club,sg_arg,0.20074846792995857,0.4980626838282213,21,8
26651,"Young, Cameron",514,Oak Hill Country Club,sg_arg,-0.8205939348843754,0.4528767618255562,14,8
26651,"Young, Cameron",503,TPC River Highlands,sg_arg,-0.09064073676950136,0.4014194396486374,51,8
26651,"Young, Cameron",885,Royal Portrush Golf Club,sg_arg,0.41500110997377293,0.39205476717281856,15,8
26651,"Young, Cameron",4,Torrey Pines Golf Course (South Course),sg_arg,0.071727758620793,0.3899247548025363,51,8
26651,"Young, Cameron",669,TPC Deere Run,sg_arg,0.4078046884203693,0.3763200181958359,38,8
26651,"Young, Cameron",500,The Riviera Country Club,sg_arg,-0.36148422888362997,0.36910745033253783,54,8
26651,"Young, Cameron",902,Congaree Golf Club,sg_arg,0.10737785958638058,0.31392215570295146,20,8
26651,"Young, Cameron",552,Silverado Resort and Spa (North Course),sg_arg,-1.3815773679911065,0.30969972483809577,39,8
26651,"Young, Cameron",901,Wilmington Country Club,sg_ott,-0.29111618876726586,0.8630761206823632,8,8
26651,"Young, Cameron",746,The Country Club of Jackson,sg_ott,0.5420379461651589,0.8252517828177022,32,8
26651,"Young, Cameron",514,Oak Hill Country Club,sg_ott,0.6936677141181466,0.8127203741169257,14,8
26651,"Young, Cameron",656,Plantation Course at Kapalua,sg_ott,-0.08989772003674833,0.8079739846971773,45,8
26651,"Young, Cameron",205,Spyglass Hill Golf Course,sg_ott,0.33079613017639503,0.7354241572242235,10,8
26651,"Young, Cameron",665,Innisbrook Resort and Golf Club - Copperhead Course,sg_ott,-0.11035478908046145,0.7274722902336741,54,8
26651,"Young, Cameron",872,Quail Hollow Club,sg_ott,-0.5101702894515883,0.7095329685955294,36,8
26651,"Young, Cameron",232,Albany GC,sg_ott,0.002832710118355883,0.6990513806604631,7,8
26651,"Young, Cameron",669,TPC Deere Run,sg_ott,-0.13206504039695807,0.6958014020825517,38,8
26651,"Young, Cameron",237,TPC Potomac at Avenel Farm,sg_ott,0.7907633039571553,0.6685057551764296,23,8
26651,"Young, Cameron",43,The Los Angeles Country Club (North Course),sg_ott,-0.5188722299262541,0.6561752385219565,13,8
26651,"Young, Cameron",939,Torrey Pines Golf Course (South Course),sg_ott,-0.4540475900995487,0.6420342944454386,9,8
26651,"Young, Cameron",528,Pinehurst Resort & Country Club (Course No. 2),sg_ott,-0.8957392781016223,0.605912040107582,13,8
26651,"Young, Cameron",704,Pete Dye Stadium Course,sg_ott,-0.6753033620449965,0.5925443054801743,33,8
26651,"Young, Cameron",671,Valhalla Golf Club,sg_ott,-0.2810305380718103,0.5447209390309542,42,8
26651,"Young, Cameron",654,The Country Club,sg_ott,-0.15296392542132417,0.4887135329746615,13,8
26651,"Young, Cameron",926,Silverado Resort (North Course),sg_ott,-0.2882454438231534,0.4695369826470083,14,8
26651,"Young, Cameron",883,TPC Twin Cities,sg_ott,-0.8637245450700365,0.45235980784155716,30,8
26651,"Young, Cameron",734,PGA National Resort (The Champion),sg_ott,0.4765051804520234,0.45228278937398675,56,8
26651,"Young, Cameron",770,TPC San Antonio - The Oaks Course,sg_ott,0.31233587767664966,0.45218651003185867,50,8
26651,"Young, Cameron",241,Quail Hollow-PGA Championship,sg_ott,0.2302124381038627,0.443843453458752,34,8
26651,"Young, Cameron",14,Augusta National Golf Club,sg_ott,0.7196796979873609,0.42768357649408206,23,8
26651,"Young, Cameron",5,Pebble Beach Golf Links,sg_ott,0.13929779627197034,0.37764395709692644,49,8
26651,"Young, Cameron",500,The Riviera Country Club,sg_ott,0.34372975786263305,0.3722795836501979,54,8
26651,"Young, Cameron",709,Royal Troon,sg_ott,0.5410092986348027,0.3555471361658512,14,8
26651,"Young, Cameron",709,Royal Troon,sg_putt,-0.6140694395133349,0.8553792953613122,14,8
26651,"Young, Cameron",928,PGA National  - Champion Course,sg_putt,0.904201690150153,0.8319135400555944,13,8
26651,"Young, Cameron",552,Silverado Resort and Spa (North Course),sg_putt,-0.35854888531327,0.7652038880499961,39,8
26651,"Young, Cameron",896,Olympia Fields Country Club (North Course),sg_putt,2.0058099050448366,0.7300243530921173,13,8
26651,"Young, Cameron",935,TPC Toronto at Osprey Valley (North Course),sg_putt,1.070513065428866,0.7214011843267554,6,8
26651,"Young, Cameron",43,The Los Angeles Country Club (North Course),sg_putt,0.2821846928305982,0.5587238547117286,13,8
26651,"Young, Cameron",908,Oakdale Golf & Country Club,sg_putt,-0.2930112893767962,0.5541251730836958,10,8
26651,"Young, Cameron",608,Oakmont Country Club,sg_putt,1.8412566072508847,0.5378019635320631,10,8
26651,"Young, Cameron",668,St. Andrews Links (Old Course),sg_putt,0.7932854005794986,0.5243576462108127,16,8
26651,"Young, Cameron",872,Quail Hollow Club,sg_putt,0.02348490772118511,0.5080732719746718,36,8
26651,"Young, Cameron",770,TPC San Antonio - The Oaks Course,sg_putt,0.5052088020906736,0.49979074287184344,50,8
26651,"Young, Cameron",977,The Renaissance Club,sg_putt,-1.4819670929650117,0.49863130395531924,16,8
26651,"Young, Cameron",902,Congaree Golf Club,sg_putt,-0.6585917309114464,0.47712841747238366,20,8
26651,"Young, Cameron",665,Innisbrook Resort and Golf Club - Copperhead Course,sg_putt,-0.06187486491086053,0.42909909172145166,54,8
26651,"Young, Cameron",883,TPC Twin Cities,sg_putt,1.098155632336472,0.41039090006103524,30,8
26651,"Young, Cameron",669,TPC Deere Run,sg_putt,0.7559399565093509,0.38981961108634927,38,8
26651,"Young, Cameron",538,TPC Summerlin,sg_putt,-2.2769001079530344,0.38935899749088204,47,8
26651,"Young, Cameron",514,Oak Hill Country Club,sg_putt,-2.1947095917223556,0.3788799219519931,14,8
26651,"Young, Cameron",882,Caves Valley Golf Club,sg_putt,0.6301837457105808,0.36537833409543036,15,8
26651,"Young, Cameron",896,Olympia Fields Country Club (North Course),sg_total,0.5032933941592402,0.8247619918620935,14,8
26651,"Young, Cameron",919,El Cardonal at Diamante,sg_total,-1.831350718489975,0.8241756895683453,10,8
26651,"Young, Cameron",379,The Philadelphia Cricket Club (Wissahickon Course),sg_total,1.5399063767055647,0.7585737211164316,9,8
26651,"Young, Cameron",43,The Los Angeles Country Club (North Course),sg_total,-0.06445295908892945,0.7514161263884058,15,8
26651,"Young, Cameron",406,Castle Pines Golf Club,sg_total,-2.0864902631415645,0.7413756204749691,8,8
26651,"Young, Cameron",552,Silverado Resort and Spa (North Course),sg_total,-2.986734768257504,0.7376139349852081,40,8
26651,"Young, Cameron",901,Wilmington Country Club,sg_total,0.3869262582631554,0.7257352782065652,8,8
26651,"Young, Cameron",939,Torrey Pines Golf Course (South Course),sg_total,-2.4393829554527735,0.6930839691436437,10,8
26651,"Young, Cameron",872,Quail Hollow Club,sg_total,-1.1659612566482367,0.6851889404998475,37,8
26651,"Young, Cameron",746,The Country Club of Jackson,sg_total,2.980294488725598,0.6225740180522429,34,8
26651,"Young, Cameron",928,PGA National  - Champion Course,sg_total,-0.03207534797716638,0.6132577956350657,13,8
26651,"Young, Cameron",977,The Renaissance Club,sg_total,-4.942777794405384,0.6111814446513488,20,8
26651,"Young, Cameron",770,TPC San Antonio - The Oaks Course,sg_total,0.7233218678878487,0.6076650388350318,54,8
26651,"Young, Cameron",514,Oak Hill Country Club,sg_total,-2.3065957696391153,0.6041384175417843,15,8
26651,"Young, Cameron",4,Torrey Pines Golf Course (South Course),sg_total,0.722481688490722,0.5869275084275075,56,8
26651,"Young, Cameron",205,Spyglass Hill Golf Course,sg_total,-1.069837517122357,0.557455820713923,53,8
26651,"Young, Cameron",666,Pebble Beach Golf Links,sg_total,-2.7538536770560187,0.5426232759381483,49,8
26651,"Young, Cameron",14,Augusta National Golf Club,sg_total,0.7670211950169507,0.5394044836198019,65,8
26651,"Young, Cameron",885,Royal Portrush Golf Club,sg_total,-1.494021633094019,0.52887766569415,30,8
26651,"Young, Cameron",744,Torrey Pines (South),sg_total,-1.0091568306895118,0.5214711179618798,46,8
26651,"Young, Cameron",513,TPC Southwind,sg_total,-0.06328706712926524,0.5150057683020087,55,8
26651,"Young, Cameron",232,Albany GC,sg_total,-0.20975820022686958,0.4445505341369429,18,8
26651,"Young, Cameron",538,TPC Summerlin,sg_total,0.03366272284001248,0.43235476111085686,50,8
26651,"Young, Cameron",241,Quail Hollow-PGA Championship,sg_total,0.37128467549044564,0.4265006951284631,37,8
26651,"Young, Cameron",902,Congaree Golf Club,sg_total,0.8638519254754372,0.41161328631299193,21,8
26651,"Young, Cameron",875,ACCORDIA GOLF Narashino Country Club,sg_total,-1.4474644980536855,0.386724896362914,20,8
26651,"Young, Cameron",776,Sea Island Golf Club (Seaside Course),sg_total,-1.5281425220726366,0.3755012307989047,47,8
26651,"Young, Cameron",608,Oakmont Country Club,sg_total,2.4354036184366583,0.3547256152850429,53,8
26651,"Young, Cameron",883,TPC Twin Cities,sg_total,-1.9481561626306965,0.35074426673837056,32,8
26651,"Young, Cameron",876,Detroit Golf Club,sg_total,0.35261062971404245,0.3154707070451331,31,8
