dg_id,player_name,course_num_b,course_name_b,skill,effective_events,last_played,contribution,target_course_num,target_course_name
19846,"Bauchou, Zach",897,Memorial Park Golf Course,sg_ott,1.925425881782399,2026-03-29,-0.0007770726067314653,925,Dunes Golf and Beach Club
19846,"Bauchou, Zach",510,TPC Scottsdale (Stadium Course),sg_putt,3.666708382532609,2026-02-08,-0.000774328220865233,925,Dunes Golf and Beach Club
19846,"Bauchou, Zach",801,The Club at Indian Creek,sg_total,5.128211137221422,2025-08-10,-0.006367907834520662,925,Dunes Golf and Beach Club
19846,"Bauchou, Zach",82,Greystone Golf & Country Club,sg_total,5.108536214031923,2025-07-27,0.05016967443134093,925,Dunes Golf and Beach Club
19846,"Bauchou, Zach",86,Norwood Hills Country Club,sg_total,3.625212502616173,2024-08-18,0.005491345334362747,925,Dunes Golf and Beach Club
19846,"Bauchou, Zach",109,Holston Hills Country Club,sg_total,2.830049948426007,2025-05-25,-0.018225294488930628,925,Dunes Golf and Beach Club
19846,"Bauchou, Zach",807,Lakewood National Golf Club - Commander Course,sg_total,2.7299802128215602,2025-04-19,-0.014771028903907168,925,Dunes Golf and Beach Club
19846,"Bauchou, Zach",97,The Ocean Club Golf Course at Atlantis,sg_total,2.4850539289898466,2025-01-15,0.012297901311795662,925,Dunes Golf and Beach Club
19846,"Bauchou, Zach",94,Jimmie Austin OU Golf Club,sg_total,2.022419083758766,2024-06-23,0.006286916399863669,925,Dunes Golf and Beach Club
19846,"Bauchou, Zach",96,Spyglass Hill Golf Course,sg_total,1.6163122744329768,2025-10-05,-0.019709896175058795,925,Dunes Golf and Beach Club
19846,"Bauchou, Zach",69,The Grove,sg_total,1.5285114619146603,2023-09-17,0.009239335743795069,925,Dunes Golf and Beach Club
19846,"Bauchou, Zach",735,Fundadores Course,sg_total,1.0796301695393336,2025-02-09,-0.036608230667934,925,Dunes Golf and Beach Club
19846,"Bauchou, Zach",3866,golfclub münchen eichenried,sg_total,0.3393060354378972,2021-06-27,0.0007437725443907118,925,Dunes Golf and Beach Club
19846,"Bauchou, Zachary",807,Lakewood National Golf Club - Commander Course,sg_total,0.9494685998798248,2024-04-21,-0.01204414570854655,925,Dunes Golf and Beach Club
18103,"Bezuidenhout, Christiaan",12,Harbour Town Golf Links,sg_app,7.04300471750868,2025-04-20,-0.04302365417678056,925,Dunes Golf and Beach Club
18103,"Bezuidenhout, Christiaan",885,Royal Portrush Golf Club,sg_app,2.993054270314261,2025-07-20,0.015845987025059398,925,Dunes Golf and Beach Club
18103,"Bezuidenhout, Christiaan",734,PGA National Resort (The Champion),sg_app,2.114699893279607,2023-02-26,-0.007680492100969097,925,Dunes Golf and Beach Club
18103,"Bezuidenhout, Christiaan",6,Waialae Country Club,sg_app,1.429535393648015,2023-01-15,-0.009334042749351039,925,Dunes Golf and Beach Club
18103,"Bezuidenhout, Christiaan",709,Royal Troon,sg_app,1.0399235289145237,2024-07-21,-0.009940545730865502,925,Dunes Golf and Beach Club
18103,"Bezuidenhout, Christiaan",668,St. Andrews Links (Old Course),sg_app,0.9972980180619004,2022-07-17,0.007386455243460169,925,Dunes Golf and Beach Club
18103,"Bezuidenhout, Christiaan",744,Torrey Pines (South),sg_app,0.6738783736492048,2021-06-20,0.006435201315440092,925,Dunes Golf and Beach Club
18103,"Bezuidenhout, Christiaan",977,The Renaissance Club,sg_arg,5.196445030580755,2025-07-13,-0.008443477501340673,925,Dunes Golf and Beach Club
18103,"Bezuidenhout, Christiaan",379,The Philadelphia Cricket Club (Wissahickon Course),sg_arg,2.790705304284124,2025-05-11,0.005557169067407593,925,Dunes Golf and Beach Club
18103,"Bezuidenhout, Christiaan",939,Torrey Pines Golf Course (South Course),sg_arg,2.5658616833092793,2025-02-16,0.004282813731797337,925,Dunes Golf and Beach Club
18103,"Bezuidenhout, Christiaan",250,Le Golf National,sg_arg,2.109169696172194,2024-08-04,-0.004671907907174174,925,Dunes Golf and Beach Club
18103,"Bezuidenhout, Christiaan",528,Pinehurst Resort & Country Club (Course No. 2),sg_arg,2.008311584027092,2024-06-16,0.0062610802408201265,925,Dunes Golf and Beach Club
18103,"Bezuidenhout, Christiaan",724,Royal Liverpool,sg_arg,1.4452674068973541,2023-07-23,-0.0025831982641412424,925,Dunes Golf and Beach Club
18103,"Bezuidenhout, Christiaan",709,Royal Troon,sg_arg,1.0399235289145237,2024-07-21,-0.0026980183929019128,925,Dunes Golf and Beach Club
18103,"Bezuidenhout, Christiaan",668,St. Andrews Links (Old Course),sg_arg,0.9972980180619004,2022-07-17,-0.0021207494554894837,925,Dunes Golf and Beach Club
18103,"Bezuidenhout, Christiaan",671,Valhalla Golf Club,sg_arg,0.9764294106100646,2024-05-19,0.006895534352615026,925,Dunes Golf and Beach Club
18103,"Bezuidenhout, Christiaan",887,Kasumigaseki Country Club,sg_arg,0.7027840352282995,2021-08-01,-0.0001434881236467608,925,Dunes Golf and Beach Club
18103,"Bezuidenhout, Christiaan",891,Winged Foot GC,sg_arg,0.512883969923526,2020-09-20,0.0028974344465406755,925,Dunes Golf and Beach Club
18103,"Bezuidenhout, Christiaan",897,Memorial Park Golf Course,sg_ott,4.241146605923133,2026-03-29,-0.0062420167489229276,925,Dunes Golf and Beach Club
18103,"Bezuidenhout, Christiaan",669,TPC Deere Run,sg_ott,3.171742179782559,2025-07-06,-0.00596336493939228,925,Dunes Golf and Beach Club
18103,"Bezuidenhout, Christiaan",885,Royal Portrush Golf Club,sg_ott,2.993054270314261,2025-07-20,0.006054021303555948,925,Dunes Golf and Beach Club
18103,"Bezuidenhout, Christiaan",538,TPC Summerlin,sg_ott,2.656604731204119,2023-10-15,-0.001618366413925719,925,Dunes Golf and Beach Club
18103,"Bezuidenhout, Christiaan",734,PGA National Resort (The Champion),sg_ott,2.114699893279607,2023-02-26,0.011124570322144381,925,Dunes Golf and Beach Club
18103,"Bezuidenhout, Christiaan",250,Le Golf National,sg_ott,2.109169696172194,2024-08-04,0.02682828140256591,925,Dunes Golf and Beach Club
18103,"Bezuidenhout, Christiaan",528,Pinehurst Resort & Country Club (Course No. 2),sg_ott,2.008311584027092,2024-06-16,0.0032944152156341323,925,Dunes Golf and Beach Club
18103,"Bezuidenhout, Christiaan",876,Detroit Golf Club,sg_ott,1.6526702856228208,2023-07-02,-0.004747050915796246,925,Dunes Golf and Beach Club
18103,"Bezuidenhout, Christiaan",709,Royal Troon,sg_ott,1.0399235289145237,2024-07-21,0.006562285836169453,925,Dunes Golf and Beach Club
18103,"Bezuidenhout, Christiaan",901,Wilmington Country Club,sg_ott,1.0328214830517066,2022-08-21,-0.004482680351648868,925,Dunes Golf and Beach Club
18103,"Bezuidenhout, Christiaan",671,Valhalla Golf Club,sg_ott,0.9764294106100646,2024-05-19,-0.0027722510892937563,925,Dunes Golf and Beach Club
18103,"Bezuidenhout, Christiaan",887,Kasumigaseki Country Club,sg_ott,0.7027840352282995,2021-08-01,0.0016816093259348333,925,Dunes Golf and Beach Club
18103,"Bezuidenhout, Christiaan",510,TPC Scottsdale (Stadium Course),sg_putt,6.767047211484295,2026-02-08,-0.006173936225938277,925,Dunes Golf and Beach Club
18103,"Bezuidenhout, Christiaan",503,TPC River Highlands,sg_putt,6.123797410416017,2025-06-22,0.01375835577959318,925,Dunes Golf and Beach Club
18103,"Bezuidenhout, Christiaan",872,Quail Hollow Club,sg_putt,1.939236543069373,2024-05-12,0.0011351401987708563,925,Dunes Golf and Beach Club
18103,"Bezuidenhout, Christiaan",744,Torrey Pines (South),sg_putt,0.6738783736492048,2021-06-20,-0.003821542868948871,925,Dunes Golf and Beach Club
18103,"Bezuidenhout, Christiaan",898,The Concession Golf Club,sg_putt,0.6024770902147517,2021-02-28,0.00016118746101318385,925,Dunes Golf and Beach Club
18103,"Bezuidenhout, Christiaan",895,TPC Harding Park,sg_putt,0.245894469849858,2020-08-09,-0.0007571640665110727,925,Dunes Golf and Beach Club
18103,"Bezuidenhout, Christiaan",4585,k club,sg_total,3.143366505553382,2025-09-07,-0.023810294551305945,925,Dunes Golf and Beach Club
18103,"Bezuidenhout, Christiaan",4559,leopard creek cc,sg_total,2.4091990819322615,2024-12-15,-0.03664579984773878,925,Dunes Golf and Beach Club
18103,"Bezuidenhout, Christiaan",4558,gary player cc,sg_total,2.3923935762510453,2024-12-08,0.010364819555330721,925,Dunes Golf and Beach Club
18103,"Bezuidenhout, Christiaan",4367,leopard creek cc,sg_total,1.6624532304963535,2023-12-10,0.03978161786488584,925,Dunes Golf and Beach Club
18103,"Bezuidenhout, Christiaan",3930,wentworth golf club,sg_total,1.0475368400346075,2020-10-11,-0.004990331978652863,925,Dunes Golf and Beach Club
18103,"Bezuidenhout, Christiaan",778,Royal St. George's GC,sg_total,0.6930136112857708,2021-07-18,-0.004160615480081204,925,Dunes Golf and Beach Club
18103,"Bezuidenhout, Christiaan",4201,pgm ishioka gc,sg_total,0.65977736974137,2023-04-23,-0.017316675772840913,925,Dunes Golf and Beach Club
18103,"Bezuidenhout, Christiaan",3806,gary player cc,sg_total,0.3769262858581016,2019-11-17,3.824914963794848e-05,925,Dunes Golf and Beach Club
18103,"Bezuidenhout, Christiaan",3864,montgomerie maxx royal,sg_total,0.37429701504113466,2019-11-10,-0.006512269591464579,925,Dunes Golf and Beach Club
18103,"Bezuidenhout, Christiaan",3774,doha gc,sg_total,0.29296397232308097,2019-03-10,0.009337847310369395,925,Dunes Golf and Beach Club
18103,"Bezuidenhout, Christiaan",3764,four seasons gc mauritius at anahita,sg_total,0.2656154643461153,2018-12-02,0.0036983055937664868,925,Dunes Golf and Beach Club
18103,"Bezuidenhout, Christiaan",3923,renaissance club,sg_total,0.2600574217568518,2020-10-04,-0.00615782246609041,925,Dunes Golf and Beach Club
18103,"Bezuidenhout, Christiaan",3664,silkeborg ry gc,sg_total,0.24251162323673583,2018-09-02,0.001263324713577918,925,Dunes Golf and Beach Club
18103,"Bezuidenhout, Christiaan",3656,gullane gc,sg_total,0.23091499137857333,2018-07-15,0.001233212777927656,925,Dunes Golf and Beach Club
18103,"Bezuidenhout, Christiaan",3655,ballyliffin gc,sg_total,0.22930423067864053,2018-07-08,0.003922878310877036,925,Dunes Golf and Beach Club
18103,"Bezuidenhout, Christiaan",3653,golf club gut laerchenhof,sg_total,0.22611633876129217,2018-06-24,0.0024879280471076775,925,Dunes Golf and Beach Club
18103,"Bezuidenhout, Christiaan",3667,dom pedro victoria golf course,sg_total,0.18574366307082502,2018-09-23,-0.005205812049101345,925,Dunes Golf and Beach Club
18103,"Bezuidenhout, Christiaan",3701,gardagolf cc,sg_total,0.11070870355703485,2018-06-03,-0.0036372138248814564,925,Dunes Golf and Beach Club
18103,"Bezuidenhout, Christiaan",3961,london gc,sg_total,0.10320891954189276,2020-02-16,0.002495321212306621,925,Dunes Golf and Beach Club
18103,"Bezuidenhout, Christiaan",3797,old course st andrews,sg_total,0.0897255241703572,2019-09-29,0.0011815610848506005,925,Dunes Golf and Beach Club
18103,"Bezuidenhout, Christiaan",3537,old course st andrews,sg_total,0.08726089807115735,2017-10-08,0.003054607682912501,925,Dunes Golf and Beach Club
18103,"Bezuidenhout, Christiaan",3817,king david mowbray gc,sg_total,0.0668703238465938,2018-12-09,-0.002013451037458054,925,Dunes Golf and Beach Club
18103,"Bezuidenhout, Christiaan",3671,carnoustie,sg_total,0.06278745415923806,2018-10-07,0.0011489831738115254,925,Dunes Golf and Beach Club
18103,"Bezuidenhout, Christiaan",3633,randpark gc bushwillow course,sg_total,0.04646759923060492,2017-12-10,0.00038354258258525305,925,Dunes Golf and Beach Club
17639,"Blair, Zac",6,Waialae Country Club,sg_app,7.198487508617801,2026-01-18,0.03610948614755618,925,Dunes Golf and Beach Club
17639,"Blair, Zac",734,PGA National Resort (The Champion),sg_app,1.6425954362798025,2023-02-26,-0.023199253355106576,925,Dunes Golf and Beach Club
17639,"Blair, Zac",925,Dunes Golf and Beach Club,sg_app,1.395352652142062,2025-05-11,-0.07338676705877276,925,Dunes Golf and Beach Club
17639,"Blair, Zac",666,Pebble Beach Golf Links,sg_app,0.32312835884991714,2019-06-16,-0.006674113923417214,925,Dunes Golf and Beach Club
17639,"Blair, Zac",12,Harbour Town Golf Links,sg_app,0.3190502923445333,2017-04-16,-0.001416850048734163,925,Dunes Golf and Beach Club
17639,"Blair, Zac",24,Congressional CC (Blue),sg_app,0.1091856495286147,2016-06-26,-0.0010273526034385158,925,Dunes Golf and Beach Club
17639,"Blair, Zac",789,Conway Farms GC,sg_app,0.08252073871400997,2015-09-20,-0.001129505608378081,925,Dunes Golf and Beach Club
17639,"Blair, Zac",528,Pinehurst Resort & Country Club (Course No. 2),sg_arg,2.008311584027092,2024-06-16,0.005740329802742931,925,Dunes Golf and Beach Club
17639,"Blair, Zac",671,Valhalla Golf Club,sg_arg,1.9528588212201292,2024-05-19,0.009541861758548867,925,Dunes Golf and Beach Club
17639,"Blair, Zac",925,Dunes Golf and Beach Club,sg_arg,1.395352652142062,2025-05-11,-0.016981262718698886,925,Dunes Golf and Beach Club
17639,"Blair, Zac",977,The Renaissance Club,sg_arg,0.7175929308119032,2023-07-16,-0.004188992461173312,925,Dunes Golf and Beach Club
17639,"Blair, Zac",666,Pebble Beach Golf Links,sg_arg,0.32312835884991714,2019-06-16,-0.006630488501833781,925,Dunes Golf and Beach Club
17639,"Blair, Zac",893,Muirfield Village Golf Club,sg_arg,0.23910492194276187,2020-07-12,-0.0012230470315002418,925,Dunes Golf and Beach Club
17639,"Blair, Zac",235,Eagle Point Golf Club,sg_arg,0.1496126528894717,2017-05-07,-0.0004994630386341868,925,Dunes Golf and Beach Club
17639,"Blair, Zac",24,Congressional CC (Blue),sg_arg,0.1091856495286147,2016-06-26,-0.0005666241932833152,925,Dunes Golf and Beach Club
17639,"Blair, Zac",698,Quail Hollow Club,sg_arg,0.062366882987658474,2016-05-08,-1.2091205843614564e-05,925,Dunes Golf and Beach Club
17639,"Blair, Zac",649,Hualalai Golf Course,sg_arg,0.016260767081357142,2015-01-25,0.00017155614173984334,925,Dunes Golf and Beach Club
17639,"Blair, Zac",669,TPC Deere Run,sg_ott,6.0637906596923115,2025-07-06,0.014670170916130107,925,Dunes Golf and Beach Club
17639,"Blair, Zac",538,TPC Summerlin,sg_ott,5.029674938435609,2024-10-20,-0.02008822271923019,925,Dunes Golf and Beach Club
17639,"Blair, Zac",935,TPC Toronto at Osprey Valley (North Course),sg_ott,2.869949291417773,2025-06-08,-0.017324360372033196,925,Dunes Golf and Beach Club
17639,"Blair, Zac",876,Detroit Golf Club,sg_ott,2.2008035318987176,2024-06-30,-0.00841587163857053,925,Dunes Golf and Beach Club
17639,"Blair, Zac",528,Pinehurst Resort & Country Club (Course No. 2),sg_ott,2.008311584027092,2024-06-16,0.007451858881525565,925,Dunes Golf and Beach Club
17639,"Blair, Zac",874,Hamilton Golf & Country Club,sg_ott,1.9803911211237737,2024-06-02,0.0007401326069246021,925,Dunes Golf and Beach Club
17639,"Blair, Zac",671,Valhalla Golf Club,sg_ott,1.9528588212201292,2024-05-19,-0.004871971507880118,925,Dunes Golf and Beach Club
17639,"Blair, Zac",734,PGA National Resort (The Champion),sg_ott,1.6425954362798025,2023-02-26,0.003104620696934424,925,Dunes Golf and Beach Club
17639,"Blair, Zac",897,Memorial Park Golf Course,sg_ott,1.491400902822296,2024-03-31,-0.007892910875525155,925,Dunes Golf and Beach Club
17639,"Blair, Zac",925,Dunes Golf and Beach Club,sg_ott,1.395352652142062,2025-05-11,-0.018276337747762484,925,Dunes Golf and Beach Club
17639,"Blair, Zac",510,TPC Scottsdale (Stadium Course),sg_putt,1.9337782539818291,2024-02-11,0.004829924478662067,925,Dunes Golf and Beach Club
17639,"Blair, Zac",503,TPC River Highlands,sg_putt,1.8715103004063436,2023-06-25,0.007000724485153692,925,Dunes Golf and Beach Club
17639,"Blair, Zac",925,Dunes Golf and Beach Club,sg_putt,1.395352652142062,2025-05-11,0.015784024790030576,925,Dunes Golf and Beach Club
17639,"Blair, Zac",872,Quail Hollow Club,sg_putt,1.3381584277944305,2023-05-07,0.006109564820071919,925,Dunes Golf and Beach Club
17639,"Blair, Zac",807,Lakewood National Golf Club - Commander Course,sg_total,4.021340231121285,2026-04-05,0.021199313087746016,925,Dunes Golf and Beach Club
17639,"Blair, Zac",735,Fundadores Course,sg_total,3.8081521817543584,2026-02-08,0.007005656674636386,925,Dunes Golf and Beach Club
17639,"Blair, Zac",801,The Club at Indian Creek,sg_total,2.8885415860503483,2025-08-10,-0.016119371095979405,925,Dunes Golf and Beach Club
17639,"Blair, Zac",3671,carnoustie,sg_total,0.06278745415923806,2018-10-07,-0.008512049732879529,925,Dunes Golf and Beach Club
17639,"Blair, Zac",763,PGA West (Nicklaus),sg_total,0.016260767081357142,2015-01-25,-0.0003298815051154441,925,Dunes Golf and Beach Club
10423,"Brehm, Ryan",6,Waialae Country Club,sg_app,2.3902860398218424,2024-01-14,-0.005300612852570103,925,Dunes Golf and Beach Club
10423,"Brehm, Ryan",734,PGA National Resort (The Champion),sg_app,1.3871885610644643,2023-02-26,0.015668738360440953,925,Dunes Golf and Beach Club
10423,"Brehm, Ryan",12,Harbour Town Golf Links,sg_app,1.1104504318150046,2023-04-16,-0.0161888639518246,925,Dunes Golf and Beach Club
10423,"Brehm, Ryan",925,Dunes Golf and Beach Club,sg_app,0.9696182715346865,2024-05-12,-0.02171012144846408,925,Dunes Golf and Beach Club
10423,"Brehm, Ryan",908,Oakdale Golf & Country Club,sg_app,0.6929116206601148,2023-06-11,-0.0016863439145245785,925,Dunes Golf and Beach Club
10423,"Brehm, Ryan",925,Dunes Golf and Beach Club,sg_arg,0.9696182715346865,2024-05-12,0.0068833840872066085,925,Dunes Golf and Beach Club
10423,"Brehm, Ryan",235,Eagle Point Golf Club,sg_arg,0.07480632644473585,2017-05-07,-5.7262148475990334e-05,925,Dunes Golf and Beach Club
10423,"Brehm, Ryan",876,Detroit Golf Club,sg_ott,5.8311482820252065,2025-06-29,0.023296510223018773,925,Dunes Golf and Beach Club
10423,"Brehm, Ryan",669,TPC Deere Run,sg_ott,2.654090046478282,2024-07-07,0.0030428441008710843,925,Dunes Golf and Beach Club
10423,"Brehm, Ryan",538,TPC Summerlin,sg_ott,2.648009987167523,2024-10-20,0.00020093433788202818,925,Dunes Golf and Beach Club
10423,"Brehm, Ryan",897,Memorial Park Golf Course,sg_ott,2.4211385620878327,2024-03-31,0.011607333805366766,925,Dunes Golf and Beach Club
10423,"Brehm, Ryan",734,PGA National Resort (The Champion),sg_ott,1.3871885610644643,2023-02-26,0.0008838688405857491,925,Dunes Golf and Beach Club
10423,"Brehm, Ryan",874,Hamilton Golf & Country Club,sg_ott,0.9901955605618868,2024-06-02,0.00945808649624416,925,Dunes Golf and Beach Club
10423,"Brehm, Ryan",925,Dunes Golf and Beach Club,sg_ott,0.9696182715346865,2024-05-12,-0.003441171685981215,925,Dunes Golf and Beach Club
10423,"Brehm, Ryan",908,Oakdale Golf & Country Club,sg_ott,0.6929116206601148,2023-06-11,-0.01205184615429694,925,Dunes Golf and Beach Club
10423,"Brehm, Ryan",503,TPC River Highlands,sg_putt,1.687399461229494,2023-06-25,0.012791041240844816,925,Dunes Golf and Beach Club
10423,"Brehm, Ryan",510,TPC Scottsdale (Stadium Course),sg_putt,1.5004509967833575,2024-02-11,-0.0034407354286631834,925,Dunes Golf and Beach Club
10423,"Brehm, Ryan",925,Dunes Golf and Beach Club,sg_putt,0.9696182715346865,2024-05-12,-0.0029767749568660106,925,Dunes Golf and Beach Club
10423,"Brehm, Ryan",872,Quail Hollow Club,sg_putt,0.3230808041367779,2021-05-09,-0.0019839985472113126,925,Dunes Golf and Beach Club
10423,"Brehm, Ryan",735,Fundadores Course,sg_total,5.080126965079351,2026-02-08,0.00014829696222453187,925,Dunes Golf and Beach Club
10423,"Brehm, Ryan",807,Lakewood National Golf Club - Commander Course,sg_total,4.577738303412474,2026-04-05,0.004877988048014487,925,Dunes Golf and Beach Club
10423,"Brehm, Ryan",97,The Ocean Club Golf Course at Atlantis,sg_total,2.4850539289898466,2025-01-15,0.0003394073215499065,925,Dunes Golf and Beach Club
10423,"Brehm, Ryan",4585,k club,sg_total,1.571683252776691,2025-09-07,-0.01610686674473673,925,Dunes Golf and Beach Club
10423,"Brehm, Ryan",4582,furesø golf klub,sg_total,1.5390220474151517,2025-08-17,-0.04802845563882578,925,Dunes Golf and Beach Club
10423,"Brehm, Ryan",4602,carnoustie,sg_total,0.8081561372164884,2025-10-05,-0.005753607856219376,925,Dunes Golf and Beach Club
10423,"Brehm, Ryan",801,The Club at Indian Creek,sg_total,0.11592025056478847,2018-07-19,-0.0005307579229138192,925,Dunes Golf and Beach Club
32152,"Brown, Blades",925,Dunes Golf and Beach Club,sg_app,2.790705304284124,2025-05-11,-0.018346536864601828,925,Dunes Golf and Beach Club
32152,"Brown, Blades",925,Dunes Golf and Beach Club,sg_arg,2.790705304284124,2025-05-11,0.0011694977163439603,925,Dunes Golf and Beach Club
32152,"Brown, Blades",925,Dunes Golf and Beach Club,sg_ott,2.790705304284124,2025-05-11,0.014615478176996717,925,Dunes Golf and Beach Club
32152,"Brown, Blades",925,Dunes Golf and Beach Club,sg_putt,2.790705304284124,2025-05-11,0.010428827479379326,925,Dunes Golf and Beach Club
32152,"Brown, Blades",807,Lakewood National Golf Club - Commander Course,sg_total,4.668931358973612,2026-04-05,-0.10925966140187286,925,Dunes Golf and Beach Club
32152,"Brown, Blades",735,Fundadores Course,sg_total,3.666708382532609,2026-02-08,0.005719072376094915,925,Dunes Golf and Beach Club
32152,"Brown, Blades",96,Spyglass Hill Golf Course,sg_total,3.2326245488659535,2025-10-05,-0.0021865477903338514,925,Dunes Golf and Beach Club
32152,"Brown, Blades",801,The Club at Indian Creek,sg_total,1.528286511296398,2025-08-10,-0.027370795421874143,925,Dunes Golf and Beach Club
20766,"Brown, Dan",6,Waialae Country Club,sg_app,3.5905103857217395,2026-01-18,-0.016427287471762694,925,Dunes Golf and Beach Club
20766,"Brown, Dan",897,Memorial Park Golf Course,sg_ott,1.925425881782399,2026-03-29,-0.0148905733063879,925,Dunes Golf and Beach Club
20766,"Brown, Dan",510,TPC Scottsdale (Stadium Course),sg_putt,1.8333541912663045,2026-02-08,0.011315018689777138,925,Dunes Golf and Beach Club
20766,"Brown, Daniel",885,Royal Portrush Golf Club,sg_app,1.4965271351571305,2025-07-20,-0.004364841073563559,925,Dunes Golf and Beach Club
20766,"Brown, Daniel",977,The Renaissance Club,sg_arg,2.9721760494477594,2025-07-13,-0.008681594750383544,925,Dunes Golf and Beach Club
20766,"Brown, Daniel",885,Royal Portrush Golf Club,sg_ott,1.4965271351571305,2025-07-20,0.011182751119840966,925,Dunes Golf and Beach Club
20766,"Brown, Daniel",4586,wentworth golf club,sg_total,3.1654472635823354,2025-09-14,-0.04349164235275412,925,Dunes Golf and Beach Club
20766,"Brown, Daniel",4585,k club,sg_total,3.143366505553382,2025-09-07,0.0323409789100759,925,Dunes Golf and Beach Club
20766,"Brown, Daniel",4583,brabazon course at the belfry,sg_total,3.099665991844324,2025-08-24,0.0278631435941764,925,Dunes Golf and Beach Club
20766,"Brown, Daniel",4226,wentworth golf club,sg_total,3.0570229238293205,2023-09-17,-0.00455855281635403,925,Dunes Golf and Beach Club
20766,"Brown, Daniel",4223,albatross golf resort,sg_total,2.993494822137249,2023-08-27,0.01912871562523952,925,Dunes Golf and Beach Club
20766,"Brown, Daniel",4575,international,sg_total,2.869949291417773,2025-06-08,0.009908745538301499,925,Dunes Golf and Beach Club
20766,"Brown, Daniel",4558,gary player cc,sg_total,2.3923935762510453,2024-12-08,-0.016391579612564048,925,Dunes Golf and Beach Club
20766,"Brown, Daniel",4406,real club de golf sotogrande,sg_total,2.2779920181181663,2024-10-20,0.04528711475492602,925,Dunes Golf and Beach Club
20766,"Brown, Daniel",4372,al hamra gc,sg_total,1.7459422148207733,2024-01-28,-0.03754819130050555,925,Dunes Golf and Beach Club
20766,"Brown, Daniel",4225,k club,sg_total,1.5178492429848702,2023-09-10,-0.01522293211629693,925,Dunes Golf and Beach Club
20766,"Brown, Daniel",4565,emirates gc,sg_total,1.247507025835504,2025-01-19,-0.020361964471347863,925,Dunes Golf and Beach Club
20766,"Brown, Daniel",4189,amata spring cc,sg_total,1.2389873108128833,2023-02-19,0.006556998488385817,925,Dunes Golf and Beach Club
20766,"Brown, Daniel",4397,old course st andrews,sg_total,1.1231611674583626,2024-10-06,-0.01648350567871772,925,Dunes Golf and Beach Club
20766,"Brown, Daniel",4426,lübker golf resort,sg_total,1.0769653021883356,2024-08-25,-0.021974392145840134,925,Dunes Golf and Beach Club
20766,"Brown, Daniel",4056,frederikshavn golfklub,sg_total,1.0256169778568989,2022-08-14,0.012253987983386288,925,Dunes Golf and Beach Club
20766,"Brown, Daniel",4382,rinkven international gc,sg_total,0.9832883949219302,2024-05-26,-0.004690410290600819,925,Dunes Golf and Beach Club
20766,"Brown, Daniel",4371,emirates gc,sg_total,0.8668816476330086,2024-01-21,-0.04757867276120121,925,Dunes Golf and Beach Club
20766,"Brown, Daniel",4602,carnoustie,sg_total,0.8081561372164884,2025-10-05,-0.009449670568706608,925,Dunes Golf and Beach Club
20766,"Brown, Daniel",4230,kingsbarns golf links,sg_total,0.39023740277199187,2023-10-08,0.006908432415647799,925,Dunes Golf and Beach Club
12909,"Campos, Rafael",925,Dunes Golf and Beach Club,sg_app,3.7603235758188105,2025-05-11,0.036165377838500205,925,Dunes Golf and Beach Club
12909,"Campos, Rafael",6,Waialae Country Club,sg_app,3.5222268833250383,2026-01-18,-0.03127690363390258,925,Dunes Golf and Beach Club
12909,"Campos, Rafael",12,Harbour Town Golf Links,sg_app,0.31636685049908403,2021-04-18,0.001517038059660427,925,Dunes Golf and Beach Club
12909,"Campos, Rafael",734,PGA National Resort (The Champion),sg_app,0.3076314450668585,2021-03-21,0.0006163822484203221,925,Dunes Golf and Beach Club
12909,"Campos, Rafael",925,Dunes Golf and Beach Club,sg_arg,3.7603235758188105,2025-05-11,0.010935260288166328,925,Dunes Golf and Beach Club
12909,"Campos, Rafael",250,Le Golf National,sg_arg,2.109169696172194,2024-08-04,0.01249969714282873,925,Dunes Golf and Beach Club
12909,"Campos, Rafael",887,Kasumigaseki Country Club,sg_arg,0.7027840352282995,2021-08-01,0.00047204492848621697,925,Dunes Golf and Beach Club
12909,"Campos, Rafael",897,Memorial Park Golf Course,sg_ott,4.193125032428629,2026-03-29,-0.0069317904088109904,925,Dunes Golf and Beach Club
12909,"Campos, Rafael",925,Dunes Golf and Beach Club,sg_ott,3.7603235758188105,2025-05-11,0.017837263219961798,925,Dunes Golf and Beach Club
12909,"Campos, Rafael",669,TPC Deere Run,sg_ott,2.8452774986310643,2025-07-06,-0.006762789939019936,925,Dunes Golf and Beach Club
12909,"Campos, Rafael",876,Detroit Golf Club,sg_ott,2.8254301030685816,2025-06-29,-0.014723882724670404,925,Dunes Golf and Beach Club
12909,"Campos, Rafael",250,Le Golf National,sg_ott,2.109169696172194,2024-08-04,0.025112811485253038,925,Dunes Golf and Beach Club
12909,"Campos, Rafael",935,TPC Toronto at Osprey Valley (North Course),sg_ott,1.4349746457088866,2025-06-08,0.008550441458691594,925,Dunes Golf and Beach Club
12909,"Campos, Rafael",538,TPC Summerlin,sg_ott,1.1389960090590832,2024-10-20,0.004831225442205403,925,Dunes Golf and Beach Club
12909,"Campos, Rafael",874,Hamilton Golf & Country Club,sg_ott,0.9901955605618868,2024-06-02,-0.012802157970819296,925,Dunes Golf and Beach Club
12909,"Campos, Rafael",887,Kasumigaseki Country Club,sg_ott,0.7027840352282995,2021-08-01,-0.002218022501578555,925,Dunes Golf and Beach Club
12909,"Campos, Rafael",734,PGA National Resort (The Champion),sg_ott,0.3076314450668585,2021-03-21,0.00040257753704626503,925,Dunes Golf and Beach Club
12909,"Campos, Rafael",925,Dunes Golf and Beach Club,sg_putt,3.7603235758188105,2025-05-11,-0.0008195710432007565,925,Dunes Golf and Beach Club
12909,"Campos, Rafael",510,TPC Scottsdale (Stadium Course),sg_putt,3.1073358756222698,2026-02-08,0.013685165053491391,925,Dunes Golf and Beach Club
12909,"Campos, Rafael",503,TPC River Highlands,sg_putt,0.3393060354378972,2021-06-27,0.00340675777783626,925,Dunes Golf and Beach Club
12909,"Campos, Rafael",872,Quail Hollow Club,sg_putt,0.3230808041367779,2021-05-09,-0.0014993522568849257,925,Dunes Golf and Beach Club
12909,"Campos, Rafael",735,Fundadores Course,sg_total,2.5438265566461555,2024-02-11,0.009580764739200071,925,Dunes Golf and Beach Club
12909,"Campos, Rafael",801,The Club at Indian Creek,sg_total,2.479702772897194,2023-08-13,0.008672228379582737,925,Dunes Golf and Beach Club
12909,"Campos, Rafael",69,The Grove,sg_total,1.9934487162373435,2023-09-17,0.008060522044120692,925,Dunes Golf and Beach Club
12909,"Campos, Rafael",807,Lakewood National Golf Club - Commander Course,sg_total,1.8934733646409567,2023-04-23,-0.002973978043770133,925,Dunes Golf and Beach Club
12909,"Campos, Rafael",82,Greystone Golf & Country Club,sg_total,1.2025140620236372,2023-07-30,-0.015075345247373945,925,Dunes Golf and Beach Club
12909,"Campos, Rafael",86,Norwood Hills Country Club,sg_total,0.7431533820440914,2023-08-20,-0.0011809205089573992,925,Dunes Golf and Beach Club
30620,"Chatfield, Davis",897,Memorial Park Golf Course,sg_ott,1.925425881782399,2026-03-29,-0.00849411581663439,925,Dunes Golf and Beach Club
30620,"Chatfield, Davis",510,TPC Scottsdale (Stadium Course),sg_putt,1.8333541912663045,2026-02-08,-0.016004604478098157,925,Dunes Golf and Beach Club
30620,"Chatfield, Davis",82,Greystone Golf & Country Club,sg_total,6.563955984594937,2025-07-27,0.04927259032273989,925,Dunes Golf and Beach Club
30620,"Chatfield, Davis",807,Lakewood National Golf Club - Commander Course,sg_total,5.94847215206395,2025-04-19,-0.021795641284700146,925,Dunes Golf and Beach Club
30620,"Chatfield, Davis",735,Fundadores Course,sg_total,4.161649021708984,2025-02-09,0.036540359767266925,925,Dunes Golf and Beach Club
30620,"Chatfield, Davis",96,Spyglass Hill Golf Course,sg_total,3.2326245488659535,2025-10-05,0.017739623181227213,925,Dunes Golf and Beach Club
30620,"Chatfield, Davis",801,The Club at Indian Creek,sg_total,3.0042254577329652,2025-08-10,-0.006659923524770503,925,Dunes Golf and Beach Club
30620,"Chatfield, Davis",86,Norwood Hills Country Club,sg_total,2.8820591205720816,2024-08-18,-0.02181846530916137,925,Dunes Golf and Beach Club
30620,"Chatfield, Davis",97,The Ocean Club Golf Course at Atlantis,sg_total,2.4850539289898466,2025-01-15,0.007272352924543023,925,Dunes Golf and Beach Club
30620,"Chatfield, Davis",94,Jimmie Austin OU Golf Club,sg_total,2.022419083758766,2024-06-23,0.01779930855981705,925,Dunes Golf and Beach Club
30620,"Chatfield, Davis",109,Holston Hills Country Club,sg_total,1.4150249742130034,2025-05-25,-0.035641087649988495,925,Dunes Golf and Beach Club
30620,"Chatfield, Davis",69,The Grove,sg_total,0.7642557309573301,2023-09-17,-6.874954981989107e-05,925,Dunes Golf and Beach Club
32330,"Clanton, Luke",6,Waialae Country Club,sg_app,3.034060162246468,2026-01-18,-0.002140277712374946,925,Dunes Golf and Beach Club
32330,"Clanton, Luke",977,The Renaissance Club,sg_arg,2.9721760494477594,2025-07-13,0.014512078795646937,925,Dunes Golf and Beach Club
32330,"Clanton, Luke",897,Memorial Park Golf Course,sg_ott,3.850851763564798,2026-03-29,-0.057419038311908324,925,Dunes Golf and Beach Club
32330,"Clanton, Luke",876,Detroit Golf Club,sg_ott,2.93085550347733,2025-06-29,0.013690119888068229,925,Dunes Golf and Beach Club
32330,"Clanton, Luke",669,TPC Deere Run,sg_ott,1.4757217329011822,2025-07-06,0.012100029096376865,925,Dunes Golf and Beach Club
32330,"Clanton, Luke",935,TPC Toronto at Osprey Valley (North Course),sg_ott,1.4349746457088866,2025-06-08,-0.01862691531161263,925,Dunes Golf and Beach Club
32330,"Clanton, Luke",503,TPC River Highlands,sg_putt,2.910411153658382,2025-06-22,0.02086087381926679,925,Dunes Golf and Beach Club
32330,"Clanton, Luke",510,TPC Scottsdale (Stadium Course),sg_putt,1.273981684355965,2025-02-09,-0.013246577129319509,925,Dunes Golf and Beach Club
21756,"Cole, Eric",6,Waialae Country Club,sg_app,7.19090732008701,2026-01-18,0.04126396125815385,925,Dunes Golf and Beach Club
21756,"Cole, Eric",12,Harbour Town Golf Links,sg_app,4.6316487582392485,2025-04-20,0.01705918765851359,925,Dunes Golf and Beach Club
21756,"Cole, Eric",709,Royal Troon,sg_app,2.0798470578290473,2024-07-21,0.017020554339680284,925,Dunes Golf and Beach Club
21756,"Cole, Eric",43,The Los Angeles Country Club (North Course),sg_app,1.3955580360406135,2023-06-18,0.005417337529629252,925,Dunes Golf and Beach Club
21756,"Cole, Eric",908,Oakdale Golf & Country Club,sg_app,1.3858232413202296,2023-06-11,-0.010790286760061,925,Dunes Golf and Beach Club
21756,"Cole, Eric",734,PGA National Resort (The Champion),sg_app,1.247690648130587,2023-02-26,0.013925373642951211,925,Dunes Golf and Beach Club
21756,"Cole, Eric",977,The Renaissance Club,sg_arg,3.500524827610824,2024-07-14,-0.01231546133431771,925,Dunes Golf and Beach Club
21756,"Cole, Eric",379,The Philadelphia Cricket Club (Wissahickon Course),sg_arg,2.790705304284124,2025-05-11,-0.01759059610415892,925,Dunes Golf and Beach Club
21756,"Cole, Eric",709,Royal Troon,sg_arg,2.0798470578290473,2024-07-21,0.007520787474708844,925,Dunes Golf and Beach Club
21756,"Cole, Eric",939,Torrey Pines Golf Course (South Course),sg_arg,1.2829308416546397,2025-02-16,0.0008102627152547576,925,Dunes Golf and Beach Club
21756,"Cole, Eric",528,Pinehurst Resort & Country Club (Course No. 2),sg_arg,1.004155792013546,2024-06-16,0.008535315858717283,925,Dunes Golf and Beach Club
21756,"Cole, Eric",671,Valhalla Golf Club,sg_arg,0.9764294106100646,2024-05-19,0.002727012849731934,925,Dunes Golf and Beach Club
21756,"Cole, Eric",897,Memorial Park Golf Course,sg_ott,7.650101233439704,2026-03-29,-0.002394632856142458,925,Dunes Golf and Beach Club
21756,"Cole, Eric",669,TPC Deere Run,sg_ott,6.427550182714562,2025-07-06,-0.007396465435008512,925,Dunes Golf and Beach Club
21756,"Cole, Eric",538,TPC Summerlin,sg_ott,3.2532556701720026,2024-10-20,0.021958886150871847,925,Dunes Golf and Beach Club
21756,"Cole, Eric",709,Royal Troon,sg_ott,2.0798470578290473,2024-07-21,-0.0008805265309344379,925,Dunes Golf and Beach Club
21756,"Cole, Eric",876,Detroit Golf Club,sg_ott,2.0366256824301967,2024-06-30,0.01112157348084133,925,Dunes Golf and Beach Club
21756,"Cole, Eric",935,TPC Toronto at Osprey Valley (North Course),sg_ott,1.4349746457088866,2025-06-08,0.0016406247722998925,925,Dunes Golf and Beach Club
21756,"Cole, Eric",908,Oakdale Golf & Country Club,sg_ott,1.3858232413202296,2023-06-11,0.013095895506700827,925,Dunes Golf and Beach Club
21756,"Cole, Eric",734,PGA National Resort (The Champion),sg_ott,1.247690648130587,2023-02-26,0.010988358697184609,925,Dunes Golf and Beach Club
21756,"Cole, Eric",528,Pinehurst Resort & Country Club (Course No. 2),sg_ott,1.004155792013546,2024-06-16,0.010419779193414795,925,Dunes Golf and Beach Club
21756,"Cole, Eric",874,Hamilton Golf & Country Club,sg_ott,0.9901955605618868,2024-06-02,0.005280462030475274,925,Dunes Golf and Beach Club
21756,"Cole, Eric",671,Valhalla Golf Club,sg_ott,0.9764294106100646,2024-05-19,0.00949482818199826,925,Dunes Golf and Beach Club
21756,"Cole, Eric",503,TPC River Highlands,sg_putt,5.610588662386544,2025-06-22,0.04044605430239903,925,Dunes Golf and Beach Club
21756,"Cole, Eric",510,TPC Scottsdale (Stadium Course),sg_putt,4.877893185067674,2026-02-08,-0.04201142882704245,925,Dunes Golf and Beach Club
21756,"Cole, Eric",872,Quail Hollow Club,sg_putt,2.6083157569665882,2024-05-12,-0.017159386009690195,925,Dunes Golf and Beach Club
21756,"Cole, Eric",801,The Club at Indian Creek,sg_total,1.8703215192887326,2022-08-14,-0.022669839555978833,925,Dunes Golf and Beach Club
21756,"Cole, Eric",735,Fundadores Course,sg_total,1.2999811763700249,2022-02-13,0.02009218538736878,925,Dunes Golf and Beach Club
21756,"Cole, Eric",807,Lakewood National Golf Club - Commander Course,sg_total,1.2737970508496415,2022-02-20,0.026519058352888945,925,Dunes Golf and Beach Club
21756,"Cole, Eric",69,The Grove,sg_total,0.7880180584594612,2022-05-08,-0.0191181393340151,925,Dunes Golf and Beach Club
21756,"Cole, Eric",82,Greystone Golf & Country Club,sg_total,0.3299372416452629,2021-05-30,-0.005463335638388374,925,Dunes Golf and Beach Club
28077,"Collet, Tyler",671,Valhalla Golf Club,sg_arg,0.9764294106100646,2024-05-19,-0.0015634803453202148,925,Dunes Golf and Beach Club
28077,"Collet, Tyler",671,Valhalla Golf Club,sg_ott,0.9764294106100646,2024-05-19,0.004903130981920605,925,Dunes Golf and Beach Club
27780,"Crowe, Trace",925,Dunes Golf and Beach Club,sg_app,4.729941847353497,2025-05-11,0.031728423071450684,925,Dunes Golf and Beach Club
27780,"Crowe, Trace",925,Dunes Golf and Beach Club,sg_arg,4.729941847353497,2025-05-11,-0.003091758707433048,925,Dunes Golf and Beach Club
27780,"Crowe, Trace",925,Dunes Golf and Beach Club,sg_ott,4.729941847353497,2025-05-11,-0.006368206228443305,925,Dunes Golf and Beach Club
27780,"Crowe, Trace",669,TPC Deere Run,sg_ott,3.526653809068744,2025-07-06,0.010013407543172374,925,Dunes Golf and Beach Club
27780,"Crowe, Trace",538,TPC Summerlin,sg_ott,2.2779920181181663,2024-10-20,-0.007412005405269838,925,Dunes Golf and Beach Club
27780,"Crowe, Trace",874,Hamilton Golf & Country Club,sg_ott,1.9803911211237737,2024-06-02,-0.007676500023258163,925,Dunes Golf and Beach Club
27780,"Crowe, Trace",876,Detroit Golf Club,sg_ott,1.0183128412150984,2024-06-30,-0.00829624945575132,925,Dunes Golf and Beach Club
27780,"Crowe, Trace",897,Memorial Park Golf Course,sg_ott,0.9297376592655365,2024-03-31,0.004158253354915852,925,Dunes Golf and Beach Club
27780,"Crowe, Trace",925,Dunes Golf and Beach Club,sg_putt,4.729941847353497,2025-05-11,0.023679241502187105,925,Dunes Golf and Beach Club
27780,"Crowe, Trace",807,Lakewood National Golf Club - Commander Course,sg_total,7.927437244608404,2026-04-05,0.09380278900391455,925,Dunes Golf and Beach Club
27780,"Crowe, Trace",82,Greystone Golf & Country Club,sg_total,5.419107275486143,2025-07-27,0.03727375288857772,925,Dunes Golf and Beach Club
27780,"Crowe, Trace",801,The Club at Indian Creek,sg_total,4.307350984739529,2025-08-10,0.023621483727392496,925,Dunes Golf and Beach Club
27780,"Crowe, Trace",109,Holston Hills Country Club,sg_total,2.830049948426007,2025-05-25,0.01747737908171303,925,Dunes Golf and Beach Club
27780,"Crowe, Trace",735,Fundadores Course,sg_total,2.765928214028594,2025-02-09,0.02956751661636093,925,Dunes Golf and Beach Club
27780,"Crowe, Trace",97,The Ocean Club Golf Course at Atlantis,sg_total,2.4850539289898466,2025-01-15,0.022531847947858615,925,Dunes Golf and Beach Club
27780,"Crowe, Trace",69,The Grove,sg_total,1.9934487162373435,2023-09-17,0.019986355723927804,925,Dunes Golf and Beach Club
27780,"Crowe, Trace",86,Norwood Hills Country Club,sg_total,0.7431533820440914,2023-08-20,-0.008002385772243797,925,Dunes Golf and Beach Club
14509,"Dahmen, Joel",6,Waialae Country Club,sg_app,4.244285096606026,2025-01-12,0.003048490053110709,925,Dunes Golf and Beach Club
14509,"Dahmen, Joel",925,Dunes Golf and Beach Club,sg_app,3.334589195211435,2025-05-11,-0.09847744051382593,925,Dunes Golf and Beach Club
14509,"Dahmen, Joel",12,Harbour Town Golf Links,sg_app,2.339528465967768,2023-04-16,0.012088272692855662,925,Dunes Golf and Beach Club
14509,"Dahmen, Joel",43,The Los Angeles Country Club (North Course),sg_app,0.6977790180203067,2023-06-18,-0.00562869040567799,925,Dunes Golf and Beach Club
14509,"Dahmen, Joel",734,PGA National Resort (The Champion),sg_app,0.34620804213982453,2019-03-03,0.002155202111115078,925,Dunes Golf and Beach Club
14509,"Dahmen, Joel",666,Pebble Beach Golf Links,sg_app,0.16156417942495857,2019-06-16,-0.0015421805251784016,925,Dunes Golf and Beach Club
14509,"Dahmen, Joel",873,Ridgewood CC,sg_app,0.12040998478474708,2018-08-26,-0.0007032598066741801,925,Dunes Golf and Beach Club
14509,"Dahmen, Joel",925,Dunes Golf and Beach Club,sg_arg,3.334589195211435,2025-05-11,-0.023597003296666818,925,Dunes Golf and Beach Club
14509,"Dahmen, Joel",977,The Renaissance Club,sg_arg,1.9812586791360487,2025-07-13,-0.0009110542243744437,925,Dunes Golf and Beach Club
14509,"Dahmen, Joel",891,Winged Foot GC,sg_arg,0.256441984961763,2020-09-20,-0.0018195785683371966,925,Dunes Golf and Beach Club
14509,"Dahmen, Joel",893,Muirfield Village Golf Club,sg_arg,0.23910492194276187,2020-07-12,-0.0017090973322185126,925,Dunes Golf and Beach Club
14509,"Dahmen, Joel",666,Pebble Beach Golf Links,sg_arg,0.16156417942495857,2019-06-16,0.0007842729105043334,925,Dunes Golf and Beach Club
14509,"Dahmen, Joel",235,Eagle Point Golf Club,sg_arg,0.07480632644473585,2017-05-07,-0.00030970129916735377,925,Dunes Golf and Beach Club
14509,"Dahmen, Joel",669,TPC Deere Run,sg_ott,6.192260155720086,2025-07-06,-0.008189671597612502,925,Dunes Golf and Beach Club
14509,"Dahmen, Joel",897,Memorial Park Golf Course,sg_ott,5.509576813857112,2025-03-30,-0.00029767585711765095,925,Dunes Golf and Beach Club
14509,"Dahmen, Joel",876,Detroit Golf Club,sg_ott,5.398728272861998,2025-06-29,0.0017371270809520272,925,Dunes Golf and Beach Club
14509,"Dahmen, Joel",538,TPC Summerlin,sg_ott,5.213056126768716,2024-10-20,0.008357300263794226,925,Dunes Golf and Beach Club
14509,"Dahmen, Joel",8,Trump National Doral - Blue Monster Course,sg_ott,3.988017982013492,2026-05-03,-0.01483765749490795,925,Dunes Golf and Beach Club
14509,"Dahmen, Joel",925,Dunes Golf and Beach Club,sg_ott,3.334589195211435,2025-05-11,-0.0191739626553804,925,Dunes Golf and Beach Club
14509,"Dahmen, Joel",874,Hamilton Golf & Country Club,sg_ott,1.9803911211237737,2024-06-02,0.009271328733543206,925,Dunes Golf and Beach Club
14509,"Dahmen, Joel",935,TPC Toronto at Osprey Valley (North Course),sg_ott,1.4349746457088866,2025-06-08,-0.006845684909781304,925,Dunes Golf and Beach Club
14509,"Dahmen, Joel",654,The Country Club,sg_ott,0.9697609909973317,2022-06-19,0.002666023920817511,925,Dunes Golf and Beach Club
14509,"Dahmen, Joel",2000,Sherwood Country Club,sg_ott,0.5311527475801966,2020-10-25,-0.0014298569258482862,925,Dunes Golf and Beach Club
14509,"Dahmen, Joel",734,PGA National Resort (The Champion),sg_ott,0.34620804213982453,2019-03-03,-0.0010489108149016604,925,Dunes Golf and Beach Club
14509,"Dahmen, Joel",348,Medinah Country Club (No. 3),sg_ott,0.3441403746919263,2019-08-18,-0.00016286510015670738,925,Dunes Golf and Beach Club
14509,"Dahmen, Joel",510,TPC Scottsdale (Stadium Course),sg_putt,7.704938038452686,2026-02-08,-0.012976969753372147,925,Dunes Golf and Beach Club
14509,"Dahmen, Joel",925,Dunes Golf and Beach Club,sg_putt,3.334589195211435,2025-05-11,0.0301890699666278,925,Dunes Golf and Beach Club
14509,"Dahmen, Joel",503,TPC River Highlands,sg_putt,2.74639790668816,2023-06-25,-0.002710770996199755,925,Dunes Golf and Beach Club
14509,"Dahmen, Joel",872,Quail Hollow Club,sg_putt,1.8403825516029553,2023-05-07,0.006897615765405035,925,Dunes Golf and Beach Club
14509,"Dahmen, Joel",895,TPC Harding Park,sg_putt,0.491788939699716,2020-08-09,0.006121899929246087,925,Dunes Golf and Beach Club
14509,"Dahmen, Joel",778,Royal St. George's GC,sg_total,0.6930136112857708,2021-07-18,0.0017020207356856947,925,Dunes Golf and Beach Club
17786,"Davis, Cam",12,Harbour Town Golf Links,sg_app,6.852549621869257,2025-04-20,0.010199334258507315,925,Dunes Golf and Beach Club
17786,"Davis, Cam",6,Waialae Country Club,sg_app,6.783451315351767,2026-01-18,0.012218142314153984,925,Dunes Golf and Beach Club
17786,"Davis, Cam",899,The Summit Club,sg_app,0.7590363286635429,2021-10-17,-0.011135614275331057,925,Dunes Golf and Beach Club
17786,"Davis, Cam",734,PGA National Resort (The Champion),sg_app,0.6238453240652935,2023-02-26,0.003098801275259079,925,Dunes Golf and Beach Club
17786,"Davis, Cam",379,The Philadelphia Cricket Club (Wissahickon Course),sg_arg,2.790705304284124,2025-05-11,0.005050088356182607,925,Dunes Golf and Beach Club
17786,"Davis, Cam",977,The Renaissance Club,sg_arg,2.0653389659870176,2024-07-14,0.015383473422285519,925,Dunes Golf and Beach Club
17786,"Davis, Cam",939,Torrey Pines Golf Course (South Course),sg_arg,1.2829308416546397,2025-02-16,-0.0032956800641190218,925,Dunes Golf and Beach Club
17786,"Davis, Cam",876,Detroit Golf Club,sg_ott,6.612024091325498,2025-06-29,0.01190414976847954,925,Dunes Golf and Beach Club
17786,"Davis, Cam",538,TPC Summerlin,sg_ott,4.549342367700405,2024-10-20,0.010741812598237938,925,Dunes Golf and Beach Club
17786,"Davis, Cam",897,Memorial Park Golf Course,sg_ott,2.2497701608894083,2024-03-31,0.007461517840561894,925,Dunes Golf and Beach Club
17786,"Davis, Cam",669,TPC Deere Run,sg_ott,1.6716125818012615,2022-07-03,0.005594543926613883,925,Dunes Golf and Beach Club
17786,"Davis, Cam",901,Wilmington Country Club,sg_ott,1.0328214830517066,2022-08-21,-0.003090157331865041,925,Dunes Golf and Beach Club
17786,"Davis, Cam",899,The Summit Club,sg_ott,0.7590363286635429,2021-10-17,0.005582083175090699,925,Dunes Golf and Beach Club
17786,"Davis, Cam",734,PGA National Resort (The Champion),sg_ott,0.6238453240652935,2023-02-26,0.00120084693269238,925,Dunes Golf and Beach Club
17786,"Davis, Cam",503,TPC River Highlands,sg_putt,7.314764583414888,2025-06-22,0.004533069113371961,925,Dunes Golf and Beach Club
17786,"Davis, Cam",510,TPC Scottsdale (Stadium Course),sg_putt,4.094186226279932,2026-02-08,-0.01948077173270319,925,Dunes Golf and Beach Club
17786,"Davis, Cam",872,Quail Hollow Club,sg_putt,3.2773949708638037,2024-05-12,0.012546273458587586,925,Dunes Golf and Beach Club
17786,"Davis, Cameron",734,PGA National Resort (The Champion),sg_app,1.3248393005739134,2021-03-21,0.019185597256432825,925,Dunes Golf and Beach Club
17786,"Davis, Cameron",6,Waialae Country Club,sg_app,1.114837892775832,2021-01-17,0.0005061203613241253,925,Dunes Golf and Beach Club
17786,"Davis, Cameron",43,The Los Angeles Country Club (North Course),sg_app,0.6977790180203067,2023-06-18,-0.0006203668351687691,925,Dunes Golf and Beach Club
17786,"Davis, Cameron",12,Harbour Town Golf Links,sg_app,0.6327337009981681,2021-04-18,-0.00826482785140012,925,Dunes Golf and Beach Club
17786,"Davis, Cameron",528,Pinehurst Resort & Country Club (Course No. 2),sg_arg,1.004155792013546,2024-06-16,-0.001850854244567721,925,Dunes Golf and Beach Club
17786,"Davis, Cameron",671,Valhalla Golf Club,sg_arg,0.9764294106100646,2024-05-19,-0.01519171754803702,925,Dunes Golf and Beach Club
17786,"Davis, Cameron",977,The Renaissance Club,sg_arg,0.7175929308119032,2023-07-16,-0.0010207758970537603,925,Dunes Golf and Beach Club
17786,"Davis, Cameron",893,Muirfield Village Golf Club,sg_arg,0.23910492194276187,2020-07-12,-0.0005201126407745177,925,Dunes Golf and Beach Club
17786,"Davis, Cameron",734,PGA National Resort (The Champion),sg_ott,1.3248393005739134,2021-03-21,0.003922544571837839,925,Dunes Golf and Beach Club
17786,"Davis, Cameron",528,Pinehurst Resort & Country Club (Course No. 2),sg_ott,1.004155792013546,2024-06-16,0.0007948992671014994,925,Dunes Golf and Beach Club
17786,"Davis, Cameron",671,Valhalla Golf Club,sg_ott,0.9764294106100646,2024-05-19,-0.004943013612978723,925,Dunes Golf and Beach Club
17786,"Davis, Cameron",538,TPC Summerlin,sg_ott,0.7820498075899776,2020-10-11,3.454447078493126e-05,925,Dunes Golf and Beach Club
17786,"Davis, Cameron",897,Memorial Park Golf Course,sg_ott,0.5386411827820234,2020-11-08,0.0012976601189120466,925,Dunes Golf and Beach Club
17786,"Davis, Cameron",876,Detroit Golf Club,sg_ott,0.40127901728931825,2020-07-05,0.000564613062775443,925,Dunes Golf and Beach Club
17786,"Davis, Cameron",669,TPC Deere Run,sg_ott,0.3323038097554324,2019-07-14,0.0022789270311076183,925,Dunes Golf and Beach Club
17786,"Davis, Cameron",874,Hamilton Golf & Country Club,sg_ott,0.16043717927143472,2019-06-09,-0.0010974504686723572,925,Dunes Golf and Beach Club
17786,"Davis, Cameron",872,Quail Hollow Club,sg_putt,0.8010806175471393,2021-05-09,0.0017554015968501827,925,Dunes Golf and Beach Club
17786,"Davis, Cameron",503,TPC River Highlands,sg_putt,0.5611789688601221,2020-06-28,0.0005158081633521672,925,Dunes Golf and Beach Club
17786,"Davis, Cameron",4362,lakes gc,sg_total,0.41271417327904963,2023-12-03,0.02176278895929417,925,Dunes Golf and Beach Club
16757,"Dou, Zecheng",6,Waialae Country Club,sg_app,4.284942337887031,2026-01-18,0.0067275814045873955,925,Dunes Golf and Beach Club
16757,"Dou, Zecheng",925,Dunes Golf and Beach Club,sg_app,1.939236543069373,2024-05-12,0.009823562790285578,925,Dunes Golf and Beach Club
16757,"Dou, Zecheng",908,Oakdale Golf & Country Club,sg_app,0.6929116206601148,2023-06-11,-0.005214651729099698,925,Dunes Golf and Beach Club
16757,"Dou, Zecheng",734,PGA National Resort (The Champion),sg_app,0.6238453240652935,2023-02-26,-0.010965772706393095,925,Dunes Golf and Beach Club
16757,"Dou, Zecheng",250,Le Golf National,sg_arg,2.109169696172194,2024-08-04,0.0021012212892908455,925,Dunes Golf and Beach Club
16757,"Dou, Zecheng",925,Dunes Golf and Beach Club,sg_arg,1.939236543069373,2024-05-12,-0.025741248243695298,925,Dunes Golf and Beach Club
16757,"Dou, Zecheng",897,Memorial Park Golf Course,sg_ott,4.974178250678317,2026-03-29,0.021174535310755683,925,Dunes Golf and Beach Club
16757,"Dou, Zecheng",250,Le Golf National,sg_ott,2.109169696172194,2024-08-04,0.0012489771005191551,925,Dunes Golf and Beach Club
16757,"Dou, Zecheng",925,Dunes Golf and Beach Club,sg_ott,1.939236543069373,2024-05-12,0.007367012729035604,925,Dunes Golf and Beach Club
16757,"Dou, Zecheng",669,TPC Deere Run,sg_ott,1.8535108541453853,2024-07-07,-0.006223882227893919,925,Dunes Golf and Beach Club
16757,"Dou, Zecheng",876,Detroit Golf Club,sg_ott,1.415233253708015,2023-07-02,0.004251397196283318,925,Dunes Golf and Beach Club
16757,"Dou, Zecheng",538,TPC Summerlin,sg_ott,0.7859572955108599,2023-10-15,0.0024565896614782757,925,Dunes Golf and Beach Club
16757,"Dou, Zecheng",908,Oakdale Golf & Country Club,sg_ott,0.6929116206601148,2023-06-11,-0.006200574354269676,925,Dunes Golf and Beach Club
16757,"Dou, Zecheng",734,PGA National Resort (The Champion),sg_ott,0.6238453240652935,2023-02-26,0.003196680483300317,925,Dunes Golf and Beach Club
16757,"Dou, Zecheng",510,TPC Scottsdale (Stadium Course),sg_putt,3.666708382532609,2026-02-08,0.029716278340663736,925,Dunes Golf and Beach Club
16757,"Dou, Zecheng",925,Dunes Golf and Beach Club,sg_putt,1.939236543069373,2024-05-12,0.025119896869589948,925,Dunes Golf and Beach Club
16757,"Dou, Zecheng",503,TPC River Highlands,sg_putt,1.5184193827646373,2023-06-25,0.005390776520621445,925,Dunes Golf and Beach Club
16757,"Dou, Zecheng",801,The Club at Indian Creek,sg_total,5.638694404322549,2025-08-10,0.02518518446090281,925,Dunes Golf and Beach Club
16757,"Dou, Zecheng",96,Spyglass Hill Golf Course,sg_total,3.2326245488659535,2025-10-05,0.05079630263321102,925,Dunes Golf and Beach Club
16757,"Dou, Zecheng",735,Fundadores Course,sg_total,2.8498689723295674,2025-02-09,-0.015612440865437277,925,Dunes Golf and Beach Club
16757,"Dou, Zecheng",109,Holston Hills Country Club,sg_total,2.830049948426007,2025-05-25,-0.003931476152290693,925,Dunes Golf and Beach Club
16757,"Dou, Zecheng",97,The Ocean Club Golf Course at Atlantis,sg_total,2.4850539289898466,2025-01-15,-0.00020066693203768117,925,Dunes Golf and Beach Club
16757,"Dou, Zecheng",82,Greystone Golf & Country Club,sg_total,2.1669140590099603,2025-07-27,-0.02074608152534642,925,Dunes Golf and Beach Club
16757,"Dou, Zecheng",94,Jimmie Austin OU Golf Club,sg_total,2.022419083758766,2024-06-23,0.008508153414985275,925,Dunes Golf and Beach Club
16757,"Dou, Zecheng",69,The Grove,sg_total,1.5760361169189223,2022-05-08,0.011953140319563857,925,Dunes Golf and Beach Club
16757,"Dou, Zecheng",807,Lakewood National Golf Club - Commander Course,sg_total,1.5606729284840046,2022-02-20,0.006462465156275644,925,Dunes Golf and Beach Club
16757,"Dou, Zecheng",86,Norwood Hills Country Club,sg_total,1.069452869263995,2024-08-18,-0.0033111009031333355,925,Dunes Golf and Beach Club
22002,"Dumont de Chassart, Adrien",6,Waialae Country Club,sg_app,3.5905103857217395,2026-01-18,0.006994496922451929,925,Dunes Golf and Beach Club
22002,"Dumont de Chassart, Adrien",925,Dunes Golf and Beach Club,sg_app,3.334589195211435,2025-05-11,0.008005588422590483,925,Dunes Golf and Beach Club
22002,"Dumont de Chassart, Adrien",925,Dunes Golf and Beach Club,sg_arg,3.334589195211435,2025-05-11,0.010244389693018791,925,Dunes Golf and Beach Club
22002,"Dumont de Chassart, Adrien",250,Le Golf National,sg_arg,2.109169696172194,2024-08-04,8.661354513727239e-05,925,Dunes Golf and Beach Club
22002,"Dumont de Chassart, Adrien",897,Memorial Park Golf Course,sg_ott,5.710327082095871,2026-03-29,-0.0072543231391321425,925,Dunes Golf and Beach Club
22002,"Dumont de Chassart, Adrien",925,Dunes Golf and Beach Club,sg_ott,3.334589195211435,2025-05-11,-0.03984494507181252,925,Dunes Golf and Beach Club
22002,"Dumont de Chassart, Adrien",250,Le Golf National,sg_ott,2.109169696172194,2024-08-04,-0.004306598253799674,925,Dunes Golf and Beach Club
22002,"Dumont de Chassart, Adrien",669,TPC Deere Run,sg_ott,2.050932076167562,2024-07-07,-0.01251956426924338,925,Dunes Golf and Beach Club
22002,"Dumont de Chassart, Adrien",874,Hamilton Golf & Country Club,sg_ott,1.9803911211237737,2024-06-02,0.00927312053799407,925,Dunes Golf and Beach Club
22002,"Dumont de Chassart, Adrien",538,TPC Summerlin,sg_ott,1.1389960090590832,2024-10-20,-0.007570997257676796,925,Dunes Golf and Beach Club
22002,"Dumont de Chassart, Adrien",876,Detroit Golf Club,sg_ott,1.0183128412150984,2024-06-30,-0.011177821935907072,925,Dunes Golf and Beach Club
22002,"Dumont de Chassart, Adrien",510,TPC Scottsdale (Stadium Course),sg_putt,3.6039115007117086,2026-02-08,-0.011645285901308288,925,Dunes Golf and Beach Club
22002,"Dumont de Chassart, Adrien",925,Dunes Golf and Beach Club,sg_putt,3.334589195211435,2025-05-11,-0.006339054732625131,925,Dunes Golf and Beach Club
22002,"Dumont de Chassart, Adrien",82,Greystone Golf & Country Club,sg_total,4.469498922001883,2025-07-27,-0.02725057653011204,925,Dunes Golf and Beach Club
22002,"Dumont de Chassart, Adrien",96,Spyglass Hill Golf Course,sg_total,3.2326245488659535,2025-10-05,0.08418260763497605,925,Dunes Golf and Beach Club
22002,"Dumont de Chassart, Adrien",801,The Club at Indian Creek,sg_total,3.0042254577329652,2025-08-10,-0.03021248055247255,925,Dunes Golf and Beach Club
22002,"Dumont de Chassart, Adrien",109,Holston Hills Country Club,sg_total,2.830049948426007,2025-05-25,0.02251947504194218,925,Dunes Golf and Beach Club
22002,"Dumont de Chassart, Adrien",807,Lakewood National Golf Club - Commander Course,sg_total,2.7299802128215602,2025-04-19,-0.04298840653960631,925,Dunes Golf and Beach Club
22002,"Dumont de Chassart, Adrien",4223,albatross golf resort,sg_total,1.4967474110686245,2023-08-27,-0.03104239485274148,925,Dunes Golf and Beach Club
22002,"Dumont de Chassart, Adrien",86,Norwood Hills Country Club,sg_total,1.4863067640881829,2023-08-20,0.010172008905074716,925,Dunes Golf and Beach Club
22002,"Dumont de Chassart, Adrien",4382,rinkven international gc,sg_total,0.9832883949219302,2024-05-26,-0.012255754845693008,925,Dunes Golf and Beach Club
22002,"Dumont de Chassart, Adrien",69,The Grove,sg_total,0.7642557309573301,2023-09-17,-0.014225949619421764,925,Dunes Golf and Beach Club
18187,"Duncan, Tyler",6,Waialae Country Club,sg_app,3.3081028496189666,2024-01-14,-0.016968973547634016,925,Dunes Golf and Beach Club
18187,"Duncan, Tyler",12,Harbour Town Golf Links,sg_app,2.503130061862536,2023-04-16,0.0011815626150960931,925,Dunes Golf and Beach Club
18187,"Duncan, Tyler",734,PGA National Resort (The Champion),sg_app,2.183588244203459,2023-02-26,0.008707493448082197,925,Dunes Golf and Beach Club
18187,"Duncan, Tyler",925,Dunes Golf and Beach Club,sg_app,1.395352652142062,2025-05-11,-0.04983728312208312,925,Dunes Golf and Beach Club
18187,"Duncan, Tyler",908,Oakdale Golf & Country Club,sg_app,0.6929116206601148,2023-06-11,-0.008805804338521735,925,Dunes Golf and Beach Club
18187,"Duncan, Tyler",873,Ridgewood CC,sg_app,0.12040998478474708,2018-08-26,-0.004229494764137113,925,Dunes Golf and Beach Club
18187,"Duncan, Tyler",925,Dunes Golf and Beach Club,sg_arg,1.395352652142062,2025-05-11,0.008215297716340357,925,Dunes Golf and Beach Club
18187,"Duncan, Tyler",891,Winged Foot GC,sg_arg,0.512883969923526,2020-09-20,0.0014132498983719902,925,Dunes Golf and Beach Club
18187,"Duncan, Tyler",538,TPC Summerlin,sg_ott,5.325621653117274,2024-10-20,0.00973655271516075,925,Dunes Golf and Beach Club
18187,"Duncan, Tyler",876,Detroit Golf Club,sg_ott,4.7669995475758595,2024-06-30,-0.004777415315134299,925,Dunes Golf and Beach Club
18187,"Duncan, Tyler",669,TPC Deere Run,sg_ott,3.6038074892357876,2024-07-07,-0.0016571217403855453,925,Dunes Golf and Beach Club
18187,"Duncan, Tyler",874,Hamilton Golf & Country Club,sg_ott,2.301265479666643,2024-06-02,0.010595931887321339,925,Dunes Golf and Beach Club
18187,"Duncan, Tyler",734,PGA National Resort (The Champion),sg_ott,2.183588244203459,2023-02-26,0.00822617634647905,925,Dunes Golf and Beach Club
18187,"Duncan, Tyler",897,Memorial Park Golf Course,sg_ott,1.6115735196644412,2022-11-13,-0.0005671860254711187,925,Dunes Golf and Beach Club
18187,"Duncan, Tyler",925,Dunes Golf and Beach Club,sg_ott,1.395352652142062,2025-05-11,0.010103569747194644,925,Dunes Golf and Beach Club
18187,"Duncan, Tyler",908,Oakdale Golf & Country Club,sg_ott,0.6929116206601148,2023-06-11,-0.003109175089893799,925,Dunes Golf and Beach Club
18187,"Duncan, Tyler",2000,Sherwood Country Club,sg_ott,0.5311527475801966,2020-10-25,0.0023031097702178194,925,Dunes Golf and Beach Club
18187,"Duncan, Tyler",510,TPC Scottsdale (Stadium Course),sg_putt,3.551465965546332,2024-02-11,-0.026940603623270935,925,Dunes Golf and Beach Club
18187,"Duncan, Tyler",503,TPC River Highlands,sg_putt,3.380941894151874,2023-06-25,-0.00018759608631713765,925,Dunes Golf and Beach Club
18187,"Duncan, Tyler",925,Dunes Golf and Beach Club,sg_putt,1.395352652142062,2025-05-11,-0.013964882248469793,925,Dunes Golf and Beach Club
18187,"Duncan, Tyler",872,Quail Hollow Club,sg_putt,1.3085568104713396,2023-05-07,-0.008140663096310832,925,Dunes Golf and Beach Club
18187,"Duncan, Tyler",895,TPC Harding Park,sg_putt,0.245894469849858,2020-08-09,-0.0024500409175166877,925,Dunes Golf and Beach Club
18187,"Duncan, Tyler",807,Lakewood National Golf Club - Commander Course,sg_total,3.8779022923041038,2026-04-05,0.04339164435550787,925,Dunes Golf and Beach Club
18187,"Duncan, Tyler",96,Spyglass Hill Golf Course,sg_total,3.2326245488659535,2025-10-05,0.019304645553520024,925,Dunes Golf and Beach Club
18187,"Duncan, Tyler",801,The Club at Indian Creek,sg_total,3.218160982874146,2025-08-10,-0.01865654158340311,925,Dunes Golf and Beach Club
18187,"Duncan, Tyler",82,Greystone Golf & Country Club,sg_total,3.0140791514388687,2025-07-27,0.01307287113390916,925,Dunes Golf and Beach Club
18187,"Duncan, Tyler",97,The Ocean Club Golf Course at Atlantis,sg_total,2.4850539289898466,2025-01-15,-0.016856849791479098,925,Dunes Golf and Beach Club
18187,"Duncan, Tyler",735,Fundadores Course,sg_total,2.470345033444287,2026-02-08,-0.017210649815343988,925,Dunes Golf and Beach Club
18187,"Duncan, Tyler",109,Holston Hills Country Club,sg_total,1.4150249742130034,2025-05-25,-0.02024629612832726,925,Dunes Golf and Beach Club
28270,"Dunlap, Nick",6,Waialae Country Club,sg_app,6.068120324492936,2026-01-18,0.06339712753969712,925,Dunes Golf and Beach Club
28270,"Dunlap, Nick",12,Harbour Town Golf Links,sg_app,4.6316487582392485,2025-04-20,-0.110104718262677,925,Dunes Golf and Beach Club
28270,"Dunlap, Nick",379,The Philadelphia Cricket Club (Wissahickon Course),sg_arg,2.790705304284124,2025-05-11,0.011329124053758665,925,Dunes Golf and Beach Club
28270,"Dunlap, Nick",939,Torrey Pines Golf Course (South Course),sg_arg,2.5658616833092793,2025-02-16,0.0013446964780788873,925,Dunes Golf and Beach Club
28270,"Dunlap, Nick",528,Pinehurst Resort & Country Club (Course No. 2),sg_arg,1.004155792013546,2024-06-16,0.0030506579388270088,925,Dunes Golf and Beach Club
28270,"Dunlap, Nick",671,Valhalla Golf Club,sg_arg,0.9764294106100646,2024-05-19,-0.018054628923910316,925,Dunes Golf and Beach Club
28270,"Dunlap, Nick",897,Memorial Park Golf Course,sg_ott,5.1228626916941655,2026-03-29,-0.007310504414124168,925,Dunes Golf and Beach Club
28270,"Dunlap, Nick",669,TPC Deere Run,sg_ott,3.9769095038861453,2025-07-06,-0.0034099387414340543,925,Dunes Golf and Beach Club
28270,"Dunlap, Nick",876,Detroit Golf Club,sg_ott,3.502053434168862,2025-06-29,0.028578669329554673,925,Dunes Golf and Beach Club
28270,"Dunlap, Nick",935,TPC Toronto at Osprey Valley (North Course),sg_ott,1.4349746457088866,2025-06-08,0.016097324599691765,925,Dunes Golf and Beach Club
28270,"Dunlap, Nick",528,Pinehurst Resort & Country Club (Course No. 2),sg_ott,1.004155792013546,2024-06-16,0.010209502420332832,925,Dunes Golf and Beach Club
28270,"Dunlap, Nick",671,Valhalla Golf Club,sg_ott,0.9764294106100646,2024-05-19,0.007726599134082921,925,Dunes Golf and Beach Club
28270,"Dunlap, Nick",503,TPC River Highlands,sg_putt,4.932830237417148,2025-06-22,-0.04735010746335763,925,Dunes Golf and Beach Club
28270,"Dunlap, Nick",510,TPC Scottsdale (Stadium Course),sg_putt,2.54796336871193,2025-02-09,-0.0040694192453892275,925,Dunes Golf and Beach Club
28270,"Dunlap, Nick",872,Quail Hollow Club,sg_putt,1.939236543069373,2024-05-12,0.001362259613823104,925,Dunes Golf and Beach Club
28270,"Dunlap, Nick",69,The Grove,sg_total,0.3230808041367779,2021-05-09,-0.005282348410377553,925,Dunes Golf and Beach Club
26653,"Eckroat, Austin",6,Waialae Country Club,sg_app,5.952102350701412,2026-01-18,-0.011725271096725587,925,Dunes Golf and Beach Club
26653,"Eckroat, Austin",12,Harbour Town Golf Links,sg_app,4.6316487582392485,2025-04-20,-0.0029041581189623348,925,Dunes Golf and Beach Club
26653,"Eckroat, Austin",709,Royal Troon,sg_app,2.0798470578290473,2024-07-21,-0.03611965077754579,925,Dunes Golf and Beach Club
26653,"Eckroat, Austin",43,The Los Angeles Country Club (North Course),sg_app,1.3955580360406135,2023-06-18,0.02009705272990815,925,Dunes Golf and Beach Club
26653,"Eckroat, Austin",734,PGA National Resort (The Champion),sg_app,0.6238453240652935,2023-02-26,-0.008298802363313278,925,Dunes Golf and Beach Club
26653,"Eckroat, Austin",379,The Philadelphia Cricket Club (Wissahickon Course),sg_arg,2.790705304284124,2025-05-11,0.009449091260984673,925,Dunes Golf and Beach Club
26653,"Eckroat, Austin",977,The Renaissance Club,sg_arg,2.4678553446173153,2024-07-14,-0.010169288239992297,925,Dunes Golf and Beach Club
26653,"Eckroat, Austin",709,Royal Troon,sg_arg,2.0798470578290473,2024-07-21,-0.011909237519566265,925,Dunes Golf and Beach Club
26653,"Eckroat, Austin",528,Pinehurst Resort & Country Club (Course No. 2),sg_arg,2.008311584027092,2024-06-16,-0.0076067661717186584,925,Dunes Golf and Beach Club
26653,"Eckroat, Austin",671,Valhalla Golf Club,sg_arg,1.9528588212201292,2024-05-19,-0.0008496892247864247,925,Dunes Golf and Beach Club
26653,"Eckroat, Austin",939,Torrey Pines Golf Course (South Course),sg_arg,1.2829308416546397,2025-02-16,0.0027550502250346504,925,Dunes Golf and Beach Club
26653,"Eckroat, Austin",897,Memorial Park Golf Course,sg_ott,5.750476498502251,2026-03-29,-0.011020502093923782,925,Dunes Golf and Beach Club
26653,"Eckroat, Austin",538,TPC Summerlin,sg_ott,4.148639453811426,2024-10-20,-0.00616623720723359,925,Dunes Golf and Beach Club
26653,"Eckroat, Austin",876,Detroit Golf Club,sg_ott,3.9801616404461555,2025-06-29,-0.032881205922117004,925,Dunes Golf and Beach Club
26653,"Eckroat, Austin",669,TPC Deere Run,sg_ott,2.9514434658023645,2025-07-06,-0.0060408539351288855,925,Dunes Golf and Beach Club
26653,"Eckroat, Austin",709,Royal Troon,sg_ott,2.0798470578290473,2024-07-21,0.003734990771613181,925,Dunes Golf and Beach Club
26653,"Eckroat, Austin",528,Pinehurst Resort & Country Club (Course No. 2),sg_ott,2.008311584027092,2024-06-16,-0.002348848930619633,925,Dunes Golf and Beach Club
26653,"Eckroat, Austin",671,Valhalla Golf Club,sg_ott,1.9528588212201292,2024-05-19,0.01184411422178184,925,Dunes Golf and Beach Club
26653,"Eckroat, Austin",734,PGA National Resort (The Champion),sg_ott,0.6238453240652935,2023-02-26,-0.0025608524204932775,925,Dunes Golf and Beach Club
26653,"Eckroat, Austin",503,TPC River Highlands,sg_putt,6.338191450801139,2025-06-22,-0.01449709439393119,925,Dunes Golf and Beach Club
26653,"Eckroat, Austin",510,TPC Scottsdale (Stadium Course),sg_putt,4.8475702178396185,2026-02-08,-0.035174317767964675,925,Dunes Golf and Beach Club
26653,"Eckroat, Austin",872,Quail Hollow Club,sg_putt,3.2773949708638037,2024-05-12,-0.01613134544992176,925,Dunes Golf and Beach Club
26653,"Eckroat, Austin",801,The Club at Indian Creek,sg_total,1.0256169778568989,2022-08-14,0.010645669334739,925,Dunes Golf and Beach Club
26653,"Eckroat, Austin",82,Greystone Golf & Country Club,sg_total,0.9496083534842603,2022-05-29,0.0020677615106420755,925,Dunes Golf and Beach Club
21883,"Ewart, A.J.",897,Memorial Park Golf Course,sg_ott,1.925425881782399,2026-03-29,-0.014807884237004692,925,Dunes Golf and Beach Club
21883,"Ewart, A.J.",510,TPC Scottsdale (Stadium Course),sg_putt,3.666708382532609,2026-02-08,-0.028895907845506667,925,Dunes Golf and Beach Club
25094,"Fishburn, Patrick",925,Dunes Golf and Beach Club,sg_app,3.334589195211435,2025-05-11,0.03143175420990851,925,Dunes Golf and Beach Club
25094,"Fishburn, Patrick",6,Waialae Country Club,sg_app,2.477609938771197,2025-01-12,-0.006813770386307844,925,Dunes Golf and Beach Club
25094,"Fishburn, Patrick",925,Dunes Golf and Beach Club,sg_arg,3.334589195211435,2025-05-11,-0.006713209187364482,925,Dunes Golf and Beach Club
25094,"Fishburn, Patrick",897,Memorial Park Golf Course,sg_ott,4.193125032428629,2026-03-29,-0.008904057626649555,925,Dunes Golf and Beach Club
25094,"Fishburn, Patrick",669,TPC Deere Run,sg_ott,3.9769095038861453,2025-07-06,-0.00857968218594525,925,Dunes Golf and Beach Club
25094,"Fishburn, Patrick",876,Detroit Golf Club,sg_ott,3.502053434168862,2025-06-29,0.01329643559011591,925,Dunes Golf and Beach Club
25094,"Fishburn, Patrick",925,Dunes Golf and Beach Club,sg_ott,3.334589195211435,2025-05-11,0.024585599151541238,925,Dunes Golf and Beach Club
25094,"Fishburn, Patrick",935,TPC Toronto at Osprey Valley (North Course),sg_ott,2.869949291417773,2025-06-08,0.013118989114227129,925,Dunes Golf and Beach Club
25094,"Fishburn, Patrick",538,TPC Summerlin,sg_ott,2.2779920181181663,2024-10-20,0.0076792377436194215,925,Dunes Golf and Beach Club
25094,"Fishburn, Patrick",874,Hamilton Golf & Country Club,sg_ott,0.9901955605618868,2024-06-02,0.007713825888495717,925,Dunes Golf and Beach Club
25094,"Fishburn, Patrick",925,Dunes Golf and Beach Club,sg_putt,3.334589195211435,2025-05-11,-0.04506657558689303,925,Dunes Golf and Beach Club
25094,"Fishburn, Patrick",510,TPC Scottsdale (Stadium Course),sg_putt,1.273981684355965,2025-02-09,0.0013999778100142917,925,Dunes Golf and Beach Club
25094,"Fishburn, Patrick",801,The Club at Indian Creek,sg_total,3.305718330907436,2023-08-13,0.027237221480629844,925,Dunes Golf and Beach Club
25094,"Fishburn, Patrick",82,Greystone Golf & Country Club,sg_total,2.59009843059567,2023-07-30,0.0289338736044781,925,Dunes Golf and Beach Club
25094,"Fishburn, Patrick",69,The Grove,sg_total,2.017211043739475,2023-09-17,0.0021353959634891964,925,Dunes Golf and Beach Club
25094,"Fishburn, Patrick",807,Lakewood National Golf Club - Commander Course,sg_total,1.9564532649075606,2023-04-23,0.004287004742174837,925,Dunes Golf and Beach Club
25094,"Fishburn, Patrick",735,Fundadores Course,sg_total,1.4700087980264613,2023-02-12,-0.0017717558967495343,925,Dunes Golf and Beach Club
25094,"Fishburn, Patrick",86,Norwood Hills Country Club,sg_total,0.7431533820440914,2023-08-20,-0.002994409827012636,925,Dunes Golf and Beach Club
26657,"Fisk, Steven",12,Harbour Town Golf Links,sg_app,3.9325747385396386,2026-04-19,0.008713539065665878,925,Dunes Golf and Beach Club
26657,"Fisk, Steven",925,Dunes Golf and Beach Club,sg_app,2.790705304284124,2025-05-11,0.057522795041541896,925,Dunes Golf and Beach Club
26657,"Fisk, Steven",6,Waialae Country Club,sg_app,1.7952551928608698,2026-01-18,-0.00277272094167419,925,Dunes Golf and Beach Club
26657,"Fisk, Steven",925,Dunes Golf and Beach Club,sg_arg,2.790705304284124,2025-05-11,0.005390204942623535,925,Dunes Golf and Beach Club
26657,"Fisk, Steven",897,Memorial Park Golf Course,sg_ott,5.188813254945492,2026-03-29,0.023720131390319088,925,Dunes Golf and Beach Club
26657,"Fisk, Steven",935,TPC Toronto at Osprey Valley (North Course),sg_ott,2.869949291417773,2025-06-08,0.01656616439692002,925,Dunes Golf and Beach Club
26657,"Fisk, Steven",925,Dunes Golf and Beach Club,sg_ott,2.790705304284124,2025-05-11,-0.0336934017929125,925,Dunes Golf and Beach Club
26657,"Fisk, Steven",669,TPC Deere Run,sg_ott,1.4757217329011822,2025-07-06,-0.005005946121968177,925,Dunes Golf and Beach Club
26657,"Fisk, Steven",876,Detroit Golf Club,sg_ott,1.465427751738665,2025-06-29,0.0023071145061973075,925,Dunes Golf and Beach Club
26657,"Fisk, Steven",925,Dunes Golf and Beach Club,sg_putt,2.790705304284124,2025-05-11,0.026521664760351414,925,Dunes Golf and Beach Club
26657,"Fisk, Steven",510,TPC Scottsdale (Stadium Course),sg_putt,1.273981684355965,2025-02-09,-0.017449509482522132,925,Dunes Golf and Beach Club
26657,"Fisk, Steven",82,Greystone Golf & Country Club,sg_total,3.7717753013588218,2024-07-28,0.03223757732827516,925,Dunes Golf and Beach Club
26657,"Fisk, Steven",807,Lakewood National Golf Club - Commander Course,sg_total,3.648972625583425,2024-04-21,0.03805704281722615,925,Dunes Golf and Beach Club
26657,"Fisk, Steven",801,The Club at Indian Creek,sg_total,3.050740275109245,2024-08-11,-0.04141574420581177,925,Dunes Golf and Beach Club
26657,"Fisk, Steven",735,Fundadores Course,sg_total,2.22035352794698,2024-02-11,0.02391555248568298,925,Dunes Golf and Beach Club
26657,"Fisk, Steven",94,Jimmie Austin OU Golf Club,sg_total,2.022419083758766,2024-06-23,0.02395606179526761,925,Dunes Golf and Beach Club
26657,"Fisk, Steven",69,The Grove,sg_total,1.9934487162373435,2023-09-17,0.006537503736909952,925,Dunes Golf and Beach Club
26657,"Fisk, Steven",86,Norwood Hills Country Club,sg_total,1.8126062513080865,2024-08-18,-0.023391679996991797,925,Dunes Golf and Beach Club
11451,"Garnett, Brice",6,Waialae Country Club,sg_app,8.491627038237665,2026-01-18,0.05507552931722882,925,Dunes Golf and Beach Club
11451,"Garnett, Brice",12,Harbour Town Golf Links,sg_app,3.938714371134524,2024-04-21,0.03405792658026971,925,Dunes Golf and Beach Club
11451,"Garnett, Brice",734,PGA National Resort (The Champion),sg_app,3.0297340874576513,2023-02-26,0.010746266979268696,925,Dunes Golf and Beach Club
11451,"Garnett, Brice",925,Dunes Golf and Beach Club,sg_app,2.790705304284124,2025-05-11,0.005428417199627454,925,Dunes Golf and Beach Club
11451,"Garnett, Brice",908,Oakdale Golf & Country Club,sg_app,1.3858232413202296,2023-06-11,-0.018719443863552288,925,Dunes Golf and Beach Club
11451,"Garnett, Brice",773,Aronimink GC,sg_app,0.2442151600220386,2018-09-09,-0.001281279529918727,925,Dunes Golf and Beach Club
11451,"Garnett, Brice",534,Bellerive CC,sg_app,0.2374719806019354,2018-08-12,0.0020890442703549745,925,Dunes Golf and Beach Club
11451,"Garnett, Brice",873,Ridgewood CC,sg_app,0.12040998478474708,2018-08-26,-0.0024984391334858073,925,Dunes Golf and Beach Club
11451,"Garnett, Brice",24,Congressional CC (Blue),sg_app,0.02636144324707744,2014-06-29,-0.0005022069525709208,925,Dunes Golf and Beach Club
11451,"Garnett, Brice",925,Dunes Golf and Beach Club,sg_arg,2.790705304284124,2025-05-11,-0.0025206894039068602,925,Dunes Golf and Beach Club
11451,"Garnett, Brice",671,Valhalla Golf Club,sg_arg,1.9528588212201292,2024-05-19,0.004054499700759314,925,Dunes Golf and Beach Club
11451,"Garnett, Brice",977,The Renaissance Club,sg_arg,1.0326694829935088,2024-07-14,-0.000909841233189806,925,Dunes Golf and Beach Club
11451,"Garnett, Brice",893,Muirfield Village Golf Club,sg_arg,0.23910492194276187,2020-07-12,-2.7489045455181015e-05,925,Dunes Golf and Beach Club
11451,"Garnett, Brice",698,Quail Hollow Club,sg_arg,0.06130153047756845,2015-05-17,-8.713108993384271e-05,925,Dunes Golf and Beach Club
11451,"Garnett, Brice",649,Hualalai Golf Course,sg_arg,0.05496282178189245,2015-01-25,-6.088239142066e-05,925,Dunes Golf and Beach Club
11451,"Garnett, Brice",642,Newport Beach Country Club,sg_arg,0.027109994470414747,2014-07-27,-1.1291931311039642e-05,925,Dunes Golf and Beach Club
11451,"Garnett, Brice",24,Congressional CC (Blue),sg_arg,0.02636144324707744,2014-06-29,-0.00017972492388588148,925,Dunes Golf and Beach Club
11451,"Garnett, Brice",669,TPC Deere Run,sg_ott,5.672080332698291,2025-07-06,0.0037770730375656287,925,Dunes Golf and Beach Club
11451,"Garnett, Brice",897,Memorial Park Golf Course,sg_ott,5.170082631063492,2026-03-29,-0.008082262974715398,925,Dunes Golf and Beach Club
11451,"Garnett, Brice",876,Detroit Golf Club,sg_ott,5.074026519135114,2025-06-29,-0.003224512621065448,925,Dunes Golf and Beach Club
11451,"Garnett, Brice",734,PGA National Resort (The Champion),sg_ott,3.0297340874576513,2023-02-26,-0.0016398956701245636,925,Dunes Golf and Beach Club
11451,"Garnett, Brice",925,Dunes Golf and Beach Club,sg_ott,2.790705304284124,2025-05-11,0.00581583496954554,925,Dunes Golf and Beach Club
11451,"Garnett, Brice",538,TPC Summerlin,sg_ott,2.317485894170482,2024-10-20,0.0018926674544341594,925,Dunes Golf and Beach Club
11451,"Garnett, Brice",671,Valhalla Golf Club,sg_ott,1.9528588212201292,2024-05-19,0.007526142049817258,925,Dunes Golf and Beach Club
11451,"Garnett, Brice",935,TPC Toronto at Osprey Valley (North Course),sg_ott,1.4349746457088866,2025-06-08,-0.00220096626506735,925,Dunes Golf and Beach Club
11451,"Garnett, Brice",908,Oakdale Golf & Country Club,sg_ott,1.3858232413202296,2023-06-11,-0.002040656185227119,925,Dunes Golf and Beach Club
11451,"Garnett, Brice",874,Hamilton Golf & Country Club,sg_ott,1.1506327398333216,2024-06-02,-0.004320682877415659,925,Dunes Golf and Beach Club
11451,"Garnett, Brice",534,Bellerive CC,sg_ott,0.2374719806019354,2018-08-12,-0.00252055017654601,925,Dunes Golf and Beach Club
11451,"Garnett, Brice",510,TPC Scottsdale (Stadium Course),sg_putt,6.112541774890066,2026-02-08,-0.014687818574084854,925,Dunes Golf and Beach Club
11451,"Garnett, Brice",925,Dunes Golf and Beach Club,sg_putt,2.790705304284124,2025-05-11,0.024821544220910752,925,Dunes Golf and Beach Club
11451,"Garnett, Brice",503,TPC River Highlands,sg_putt,1.8066639406082463,2022-06-26,0.011736154293809377,925,Dunes Golf and Beach Club
11451,"Garnett, Brice",872,Quail Hollow Club,sg_putt,0.8482225335689619,2021-05-09,-0.0019057757277001707,925,Dunes Golf and Beach Club
11451,"Garnett, Brice",735,Fundadores Course,sg_total,1.465476531457944,2024-02-11,-0.010416056309225676,925,Dunes Golf and Beach Club
11451,"Garnett, Brice",801,The Club at Indian Creek,sg_total,0.1615879602813504,2017-07-23,0.0011204801367641999,925,Dunes Golf and Beach Club
11451,"Garnett, Brice",763,PGA West (Nicklaus),sg_total,0.027481410890946224,2015-01-25,0.0002730928507624623,925,Dunes Golf and Beach Club
24550,"Ghim, Doug",6,Waialae Country Club,sg_app,7.41712171080132,2026-01-18,-0.09129238463864098,925,Dunes Golf and Beach Club
24550,"Ghim, Doug",12,Harbour Town Golf Links,sg_app,2.853634564628177,2023-04-16,0.0004152431708873157,925,Dunes Golf and Beach Club
24550,"Ghim, Doug",925,Dunes Golf and Beach Club,sg_app,2.790705304284124,2025-05-11,-0.020987702967033874,925,Dunes Golf and Beach Club
24550,"Ghim, Doug",908,Oakdale Golf & Country Club,sg_app,1.3858232413202296,2023-06-11,0.01813494782802638,925,Dunes Golf and Beach Club
24550,"Ghim, Doug",734,PGA National Resort (The Champion),sg_app,0.950464080153649,2022-02-27,-0.0007042293658185663,925,Dunes Golf and Beach Club
24550,"Ghim, Doug",925,Dunes Golf and Beach Club,sg_arg,2.790705304284124,2025-05-11,-0.02467197688955535,925,Dunes Golf and Beach Club
24550,"Ghim, Doug",977,The Renaissance Club,sg_arg,2.74060372262975,2024-07-14,-0.0074734395632602415,925,Dunes Golf and Beach Club
24550,"Ghim, Doug",671,Valhalla Golf Club,sg_arg,1.9528588212201292,2024-05-19,0.01597417036652313,925,Dunes Golf and Beach Club
24550,"Ghim, Doug",669,TPC Deere Run,sg_ott,7.607446201261293,2025-07-06,0.002825331699228425,925,Dunes Golf and Beach Club
24550,"Ghim, Doug",876,Detroit Golf Club,sg_ott,6.790896842154378,2025-06-29,-0.017664090587698487,925,Dunes Golf and Beach Club
24550,"Ghim, Doug",538,TPC Summerlin,sg_ott,5.031521775034966,2024-10-20,0.006292192594441918,925,Dunes Golf and Beach Club
24550,"Ghim, Doug",897,Memorial Park Golf Course,sg_ott,4.193125032428629,2026-03-29,-0.00440491866996126,925,Dunes Golf and Beach Club
24550,"Ghim, Doug",925,Dunes Golf and Beach Club,sg_ott,2.790705304284124,2025-05-11,-0.003802727502320512,925,Dunes Golf and Beach Club
24550,"Ghim, Doug",671,Valhalla Golf Club,sg_ott,1.9528588212201292,2024-05-19,0.008302466050950013,925,Dunes Golf and Beach Club
24550,"Ghim, Doug",935,TPC Toronto at Osprey Valley (North Course),sg_ott,1.4349746457088866,2025-06-08,-0.012863240132884481,925,Dunes Golf and Beach Club
24550,"Ghim, Doug",908,Oakdale Golf & Country Club,sg_ott,1.3858232413202296,2023-06-11,0.0042442593400106605,925,Dunes Golf and Beach Club
24550,"Ghim, Doug",734,PGA National Resort (The Champion),sg_ott,0.950464080153649,2022-02-27,-0.0014326163359118468,925,Dunes Golf and Beach Club
24550,"Ghim, Doug",874,Hamilton Golf & Country Club,sg_ott,0.4950977802809434,2024-06-02,-0.00288624531540181,925,Dunes Golf and Beach Club
24550,"Ghim, Doug",510,TPC Scottsdale (Stadium Course),sg_putt,5.788648707712636,2025-02-09,0.00789946338633956,925,Dunes Golf and Beach Club
24550,"Ghim, Doug",925,Dunes Golf and Beach Club,sg_putt,2.790705304284124,2025-05-11,0.007755037407199597,925,Dunes Golf and Beach Club
24550,"Ghim, Doug",503,TPC River Highlands,sg_putt,2.57225985056666,2023-06-25,0.006657995866478292,925,Dunes Golf and Beach Club
24550,"Ghim, Doug",872,Quail Hollow Club,sg_putt,1.3381584277944305,2023-05-07,0.0035422872755650173,925,Dunes Golf and Beach Club
24550,"Ghim, Doug",735,Fundadores Course,sg_total,0.28288759844349876,2019-02-03,0.0073852447677533305,925,Dunes Golf and Beach Club
24550,"Ghim, Doug",801,The Club at Indian Creek,sg_total,0.16731904844852571,2019-07-21,-0.000854237100584021,925,Dunes Golf and Beach Club
24550,"Ghim, Doug",807,Lakewood National Golf Club - Commander Course,sg_total,0.14343793881718153,2019-02-17,-0.001093605308040211,925,Dunes Golf and Beach Club
24550,"Ghim, Doug",3664,silkeborg ry gc,sg_total,0.12125581161836792,2018-09-02,-0.0004997501616836428,925,Dunes Golf and Beach Club
24550,"Ghim, Doug",3671,carnoustie,sg_total,0.06278745415923806,2018-10-07,0.0012318822640366301,925,Dunes Golf and Beach Club
23465,"Greyserman, Max",12,Harbour Town Golf Links,sg_app,2.7327115584795987,2025-04-20,-0.0017169514843097223,925,Dunes Golf and Beach Club
23465,"Greyserman, Max",925,Dunes Golf and Beach Club,sg_app,1.939236543069373,2024-05-12,0.026800252104095056,925,Dunes Golf and Beach Club
23465,"Greyserman, Max",885,Royal Portrush Golf Club,sg_app,1.4965271351571305,2025-07-20,-0.004962598829356293,925,Dunes Golf and Beach Club
23465,"Greyserman, Max",977,The Renaissance Club,sg_arg,3.5514269907108975,2025-07-13,-0.0006035029836390744,925,Dunes Golf and Beach Club
23465,"Greyserman, Max",379,The Philadelphia Cricket Club (Wissahickon Course),sg_arg,2.790705304284124,2025-05-11,-0.0049464526454555575,925,Dunes Golf and Beach Club
23465,"Greyserman, Max",939,Torrey Pines Golf Course (South Course),sg_arg,2.5658616833092793,2025-02-16,-0.006849839173517184,925,Dunes Golf and Beach Club
23465,"Greyserman, Max",528,Pinehurst Resort & Country Club (Course No. 2),sg_arg,2.008311584027092,2024-06-16,0.008261101641547005,925,Dunes Golf and Beach Club
23465,"Greyserman, Max",925,Dunes Golf and Beach Club,sg_arg,1.939236543069373,2024-05-12,-0.017852413451984014,925,Dunes Golf and Beach Club
23465,"Greyserman, Max",897,Memorial Park Golf Course,sg_ott,5.1228626916941655,2026-03-29,0.0081590592915339,925,Dunes Golf and Beach Club
23465,"Greyserman, Max",876,Detroit Golf Club,sg_ott,4.967481185907527,2025-06-29,0.03516684913894434,925,Dunes Golf and Beach Club
23465,"Greyserman, Max",8,Trump National Doral - Blue Monster Course,sg_ott,3.988017982013492,2026-05-03,0.011656384975417721,925,Dunes Golf and Beach Club
23465,"Greyserman, Max",669,TPC Deere Run,sg_ott,2.050932076167562,2024-07-07,0.02923519289299614,925,Dunes Golf and Beach Club
23465,"Greyserman, Max",528,Pinehurst Resort & Country Club (Course No. 2),sg_ott,2.008311584027092,2024-06-16,0.00893078720592031,925,Dunes Golf and Beach Club
23465,"Greyserman, Max",925,Dunes Golf and Beach Club,sg_ott,1.939236543069373,2024-05-12,-0.00938501604520266,925,Dunes Golf and Beach Club
23465,"Greyserman, Max",885,Royal Portrush Golf Club,sg_ott,1.4965271351571305,2025-07-20,-0.03474012410333609,925,Dunes Golf and Beach Club
23465,"Greyserman, Max",874,Hamilton Golf & Country Club,sg_ott,0.9901955605618868,2024-06-02,-0.010026972486441372,925,Dunes Golf and Beach Club
23465,"Greyserman, Max",510,TPC Scottsdale (Stadium Course),sg_putt,4.381317559978235,2026-02-08,-0.018314688423130398,925,Dunes Golf and Beach Club
23465,"Greyserman, Max",503,TPC River Highlands,sg_putt,2.910411153658382,2025-06-22,-0.01727205609302244,925,Dunes Golf and Beach Club
23465,"Greyserman, Max",925,Dunes Golf and Beach Club,sg_putt,1.939236543069373,2024-05-12,0.011240616406453956,925,Dunes Golf and Beach Club
23465,"Greyserman, Max",801,The Club at Indian Creek,sg_total,3.4367193436793326,2023-08-13,0.023248176812164564,925,Dunes Golf and Beach Club
23465,"Greyserman, Max",807,Lakewood National Golf Club - Commander Course,sg_total,2.4673919897991734,2023-04-23,0.017829838213832862,925,Dunes Golf and Beach Club
23465,"Greyserman, Max",69,The Grove,sg_total,2.174673070188216,2023-09-17,-0.000860671395549156,925,Dunes Golf and Beach Club
23465,"Greyserman, Max",735,Fundadores Course,sg_total,2.163090778862957,2023-02-12,-0.0015203623961195412,925,Dunes Golf and Beach Club
23465,"Greyserman, Max",82,Greystone Golf & Country Club,sg_total,1.6203883913856456,2023-07-30,-0.014141110611533093,925,Dunes Golf and Beach Club
23465,"Greyserman, Max",86,Norwood Hills Country Club,sg_total,0.7431533820440914,2023-08-20,-0.012959304889531752,925,Dunes Golf and Beach Club
15330,"Griffin, Lanto",6,Waialae Country Club,sg_app,4.129298788337632,2025-01-12,-0.02841139210474027,925,Dunes Golf and Beach Club
15330,"Griffin, Lanto",925,Dunes Golf and Beach Club,sg_app,3.334589195211435,2025-05-11,-0.017359139379560073,925,Dunes Golf and Beach Club
15330,"Griffin, Lanto",12,Harbour Town Golf Links,sg_app,1.3445865059032573,2023-04-16,-0.01305650701648712,925,Dunes Golf and Beach Club
15330,"Griffin, Lanto",908,Oakdale Golf & Country Club,sg_app,0.6929116206601148,2023-06-11,-0.008783265696300531,925,Dunes Golf and Beach Club
15330,"Griffin, Lanto",744,Torrey Pines (South),sg_app,0.6738783736492048,2021-06-20,0.005677769227499584,925,Dunes Golf and Beach Club
15330,"Griffin, Lanto",734,PGA National Resort (The Champion),sg_app,0.10037392471600347,2018-02-25,-0.00026139584524553577,925,Dunes Golf and Beach Club
15330,"Griffin, Lanto",925,Dunes Golf and Beach Club,sg_arg,3.334589195211435,2025-05-11,0.018630353818947343,925,Dunes Golf and Beach Club
15330,"Griffin, Lanto",891,Winged Foot GC,sg_arg,0.512883969923526,2020-09-20,-2.4028845080294396e-05,925,Dunes Golf and Beach Club
15330,"Griffin, Lanto",893,Muirfield Village Golf Club,sg_arg,0.23910492194276187,2020-07-12,-0.0003864444037733354,925,Dunes Golf and Beach Club
15330,"Griffin, Lanto",876,Detroit Golf Club,sg_ott,5.815038055605683,2025-06-29,0.004453557843976617,925,Dunes Golf and Beach Club
15330,"Griffin, Lanto",538,TPC Summerlin,sg_ott,5.226955671598501,2024-10-20,-0.010493766307377734,925,Dunes Golf and Beach Club
15330,"Griffin, Lanto",669,TPC Deere Run,sg_ott,4.648993966362702,2025-07-06,-0.001709171279719031,925,Dunes Golf and Beach Club
15330,"Griffin, Lanto",897,Memorial Park Golf Course,sg_ott,4.51666767741046,2025-03-30,0.01069515459756644,925,Dunes Golf and Beach Club
15330,"Griffin, Lanto",925,Dunes Golf and Beach Club,sg_ott,3.334589195211435,2025-05-11,-0.0005059762399530453,925,Dunes Golf and Beach Club
15330,"Griffin, Lanto",935,TPC Toronto at Osprey Valley (North Course),sg_ott,2.869949291417773,2025-06-08,-0.011322776105493346,925,Dunes Golf and Beach Club
15330,"Griffin, Lanto",874,Hamilton Golf & Country Club,sg_ott,1.9803911211237737,2024-06-02,0.0023784156805698215,925,Dunes Golf and Beach Club
15330,"Griffin, Lanto",908,Oakdale Golf & Country Club,sg_ott,0.6929116206601148,2023-06-11,0.0006947462318839153,925,Dunes Golf and Beach Club
15330,"Griffin, Lanto",2000,Sherwood Country Club,sg_ott,0.5311527475801966,2020-10-25,-0.0011322656828691572,925,Dunes Golf and Beach Club
15330,"Griffin, Lanto",688,East Lake Golf Club,sg_ott,0.5062596298177346,2020-09-07,0.004556463024041048,925,Dunes Golf and Beach Club
15330,"Griffin, Lanto",654,The Country Club,sg_ott,0.48488049549866585,2022-06-19,0.004283554176679351,925,Dunes Golf and Beach Club
15330,"Griffin, Lanto",240,Club de Golf Chapultepec,sg_ott,0.41573566603065726,2020-02-23,0.0021710655915234784,925,Dunes Golf and Beach Club
15330,"Griffin, Lanto",734,PGA National Resort (The Champion),sg_ott,0.10037392471600347,2018-02-25,0.00015361370401256646,925,Dunes Golf and Beach Club
15330,"Griffin, Lanto",925,Dunes Golf and Beach Club,sg_putt,3.334589195211435,2025-05-11,-0.06654637311321852,925,Dunes Golf and Beach Club
15330,"Griffin, Lanto",503,TPC River Highlands,sg_putt,2.567257135333798,2023-06-25,-0.0020053393626768908,925,Dunes Golf and Beach Club
15330,"Griffin, Lanto",510,TPC Scottsdale (Stadium Course),sg_putt,2.362808463291235,2025-02-09,0.002477992681342576,925,Dunes Golf and Beach Club
15330,"Griffin, Lanto",872,Quail Hollow Club,sg_putt,1.4228926776132798,2023-05-07,-0.0026288648543123607,925,Dunes Golf and Beach Club
15330,"Griffin, Lanto",744,Torrey Pines (South),sg_putt,0.6738783736492048,2021-06-20,-0.0023245884374556015,925,Dunes Golf and Beach Club
15330,"Griffin, Lanto",898,The Concession Golf Club,sg_putt,0.6024770902147517,2021-02-28,-0.0032834796751985387,925,Dunes Golf and Beach Club
15330,"Griffin, Lanto",895,TPC Harding Park,sg_putt,0.491788939699716,2020-08-09,-0.00010683882834292332,925,Dunes Golf and Beach Club
15330,"Griffin, Lanto",240,Club de Golf Chapultepec,sg_putt,0.41573566603065726,2020-02-23,-0.004498688692972532,925,Dunes Golf and Beach Club
15330,"Griffin, Lanto",801,The Club at Indian Creek,sg_total,1.972165003614969,2023-08-13,0.0175377639530175,925,Dunes Golf and Beach Club
15330,"Griffin, Lanto",86,Norwood Hills Country Club,sg_total,0.7431533820440914,2023-08-20,-0.013787602527990122,925,Dunes Golf and Beach Club
15330,"Griffin, Lanto",778,Royal St. George's GC,sg_total,0.6930136112857708,2021-07-18,0.0033680892832458832,925,Dunes Golf and Beach Club
15330,"Griffin, Lanto",735,Fundadores Course,sg_total,0.4204461478173896,2019-02-03,-0.006855816727730653,925,Dunes Golf and Beach Club
15330,"Griffin, Lanto",807,Lakewood National Golf Club - Commander Course,sg_total,0.28687587763436306,2019-02-17,0.002218259240986548,925,Dunes Golf and Beach Club
12808,"Grillo, Emiliano",6,Waialae Country Club,sg_app,7.3083726714811155,2026-01-18,-0.00948816926464731,925,Dunes Golf and Beach Club
12808,"Grillo, Emiliano",12,Harbour Town Golf Links,sg_app,5.047792447757875,2024-04-21,0.0028618431087057256,925,Dunes Golf and Beach Club
12808,"Grillo, Emiliano",925,Dunes Golf and Beach Club,sg_app,2.790705304284124,2025-05-11,0.153573518106405,925,Dunes Golf and Beach Club
12808,"Grillo, Emiliano",709,Royal Troon,sg_app,2.0798470578290473,2024-07-21,0.009625251776108242,925,Dunes Golf and Beach Club
12808,"Grillo, Emiliano",734,PGA National Resort (The Champion),sg_app,0.7919698389687468,2020-03-01,-0.003427506889911921,925,Dunes Golf and Beach Club
12808,"Grillo, Emiliano",899,The Summit Club,sg_app,0.7590363286635429,2021-10-17,0.0006182935333002073,925,Dunes Golf and Beach Club
12808,"Grillo, Emiliano",43,The Los Angeles Country Club (North Course),sg_app,0.6977790180203067,2023-06-18,-0.0020044510337172126,925,Dunes Golf and Beach Club
12808,"Grillo, Emiliano",668,St. Andrews Links (Old Course),sg_app,0.4986490090309502,2022-07-17,0.0026846768032183304,925,Dunes Golf and Beach Club
12808,"Grillo, Emiliano",666,Pebble Beach Golf Links,sg_app,0.32312835884991714,2019-06-16,0.006208510815804557,925,Dunes Golf and Beach Club
12808,"Grillo, Emiliano",773,Aronimink GC,sg_app,0.2442151600220386,2018-09-09,-0.0025776699833664823,925,Dunes Golf and Beach Club
12808,"Grillo, Emiliano",873,Ridgewood CC,sg_app,0.24081996956949417,2018-08-26,3.3051887343155928e-06,925,Dunes Golf and Beach Club
12808,"Grillo, Emiliano",534,Bellerive CC,sg_app,0.2374719806019354,2018-08-12,0.0004084449966753799,925,Dunes Golf and Beach Club
12808,"Grillo, Emiliano",789,Conway Farms GC,sg_app,0.17089505251327972,2017-09-17,-0.0011709471332515947,925,Dunes Golf and Beach Club
12808,"Grillo, Emiliano",238,Glen Oaks Club,sg_app,0.1673436763720972,2017-08-27,0.0023265998182774032,925,Dunes Golf and Beach Club
12808,"Grillo, Emiliano",527,Saucon Valley CC,sg_app,0.11792509562915976,2016-09-11,0.0028655163710032015,925,Dunes Golf and Beach Club
12808,"Grillo, Emiliano",706,Whistling Straits,sg_app,0.0796824722558235,2015-08-16,0.0006836699883369955,925,Dunes Golf and Beach Club
12808,"Grillo, Emiliano",925,Dunes Golf and Beach Club,sg_arg,2.790705304284124,2025-05-11,-0.009803470207714663,925,Dunes Golf and Beach Club
12808,"Grillo, Emiliano",250,Le Golf National,sg_arg,2.109169696172194,2024-08-04,0.0004305802583319514,925,Dunes Golf and Beach Club
12808,"Grillo, Emiliano",709,Royal Troon,sg_arg,2.0798470578290473,2024-07-21,0.008834839395170832,925,Dunes Golf and Beach Club
12808,"Grillo, Emiliano",528,Pinehurst Resort & Country Club (Course No. 2),sg_arg,2.008311584027092,2024-06-16,0.003771141457877375,925,Dunes Golf and Beach Club
12808,"Grillo, Emiliano",724,Royal Liverpool,sg_arg,1.4452674068973541,2023-07-23,-0.00014352778290021553,925,Dunes Golf and Beach Club
12808,"Grillo, Emiliano",977,The Renaissance Club,sg_arg,1.0326694829935088,2024-07-14,0.0009797116429776339,925,Dunes Golf and Beach Club
12808,"Grillo, Emiliano",671,Valhalla Golf Club,sg_arg,0.9764294106100646,2024-05-19,0.0026268621319305847,925,Dunes Golf and Beach Club
12808,"Grillo, Emiliano",668,St. Andrews Links (Old Course),sg_arg,0.4986490090309502,2022-07-17,-0.0035839666984702275,925,Dunes Golf and Beach Club
12808,"Grillo, Emiliano",666,Pebble Beach Golf Links,sg_arg,0.32312835884991714,2019-06-16,-0.0008690136378633792,925,Dunes Golf and Beach Club
12808,"Grillo, Emiliano",893,Muirfield Village Golf Club,sg_arg,0.23910492194276187,2020-07-12,-0.0004218072748784071,925,Dunes Golf and Beach Club
12808,"Grillo, Emiliano",238,Glen Oaks Club,sg_arg,0.1673436763720972,2017-08-27,-0.00016042808533254914,925,Dunes Golf and Beach Club
12808,"Grillo, Emiliano",235,Eagle Point Golf Club,sg_arg,0.1496126528894717,2017-05-07,-0.0009172146625937957,925,Dunes Golf and Beach Club
12808,"Grillo, Emiliano",698,Quail Hollow Club,sg_arg,0.10396451511502139,2016-05-08,6.0873863470060215e-05,925,Dunes Golf and Beach Club
12808,"Grillo, Emiliano",897,Memorial Park Golf Course,sg_ott,6.796095337717197,2026-03-29,0.021465313616568674,925,Dunes Golf and Beach Club
12808,"Grillo, Emiliano",669,TPC Deere Run,sg_ott,4.647463912683741,2025-07-06,0.017179070311874396,925,Dunes Golf and Beach Club
12808,"Grillo, Emiliano",876,Detroit Golf Club,sg_ott,3.7474190774217595,2025-06-29,0.011981516852838468,925,Dunes Golf and Beach Club
12808,"Grillo, Emiliano",538,TPC Summerlin,sg_ott,3.371599147352612,2023-10-15,-0.009742583269044704,925,Dunes Golf and Beach Club
12808,"Grillo, Emiliano",935,TPC Toronto at Osprey Valley (North Course),sg_ott,2.869949291417773,2025-06-08,0.009024090812581195,925,Dunes Golf and Beach Club
12808,"Grillo, Emiliano",925,Dunes Golf and Beach Club,sg_ott,2.790705304284124,2025-05-11,-0.016881116538859323,925,Dunes Golf and Beach Club
12808,"Grillo, Emiliano",250,Le Golf National,sg_ott,2.109169696172194,2024-08-04,0.002399510795225344,925,Dunes Golf and Beach Club
12808,"Grillo, Emiliano",709,Royal Troon,sg_ott,2.0798470578290473,2024-07-21,-0.009560153979333413,925,Dunes Golf and Beach Club
12808,"Grillo, Emiliano",528,Pinehurst Resort & Country Club (Course No. 2),sg_ott,2.008311584027092,2024-06-16,-0.003955468522060296,925,Dunes Golf and Beach Club
12808,"Grillo, Emiliano",688,East Lake Golf Club,sg_ott,1.6163350688163298,2023-08-27,0.010151429104170233,925,Dunes Golf and Beach Club
12808,"Grillo, Emiliano",901,Wilmington Country Club,sg_ott,1.0328214830517066,2022-08-21,-0.0026395790803464578,925,Dunes Golf and Beach Club
12808,"Grillo, Emiliano",671,Valhalla Golf Club,sg_ott,0.9764294106100646,2024-05-19,-0.004259858346274256,925,Dunes Golf and Beach Club
12808,"Grillo, Emiliano",734,PGA National Resort (The Champion),sg_ott,0.7919698389687468,2020-03-01,-0.0031580299672168987,925,Dunes Golf and Beach Club
12808,"Grillo, Emiliano",899,The Summit Club,sg_ott,0.7590363286635429,2021-10-17,0.0013817145207680067,925,Dunes Golf and Beach Club
12808,"Grillo, Emiliano",240,Club de Golf Chapultepec,sg_ott,0.4293688776771702,2019-02-24,-0.0001902230396895016,925,Dunes Golf and Beach Club
12808,"Grillo, Emiliano",348,Medinah Country Club (No. 3),sg_ott,0.3441403746919263,2019-08-18,0.0011140930744248762,925,Dunes Golf and Beach Club
12808,"Grillo, Emiliano",534,Bellerive CC,sg_ott,0.2374719806019354,2018-08-12,-0.002155071436916101,925,Dunes Golf and Beach Club
12808,"Grillo, Emiliano",8,Trump National Doral - Blue Monster Course,sg_ott,0.09761680296250456,2016-03-06,-0.00015023306276844872,925,Dunes Golf and Beach Club
12808,"Grillo, Emiliano",510,TPC Scottsdale (Stadium Course),sg_putt,8.699014317072729,2026-02-08,-0.023392924204688553,925,Dunes Golf and Beach Club
12808,"Grillo, Emiliano",503,TPC River Highlands,sg_putt,5.435575235650591,2024-06-23,-0.0029284752632041137,925,Dunes Golf and Beach Club
12808,"Grillo, Emiliano",872,Quail Hollow Club,sg_putt,4.138860290022376,2024-05-12,-0.012076294553675052,925,Dunes Golf and Beach Club
12808,"Grillo, Emiliano",925,Dunes Golf and Beach Club,sg_putt,2.790705304284124,2025-05-11,-0.009099336818427553,925,Dunes Golf and Beach Club
12808,"Grillo, Emiliano",895,TPC Harding Park,sg_putt,0.491788939699716,2020-08-09,0.00013876529282252461,925,Dunes Golf and Beach Club
12808,"Grillo, Emiliano",240,Club de Golf Chapultepec,sg_putt,0.4293688776771702,2019-02-24,-0.0027744072265383406,925,Dunes Golf and Beach Club
12808,"Grillo, Emiliano",778,Royal St. George's GC,sg_total,0.6930136112857708,2021-07-18,0.010863040074737769,925,Dunes Golf and Beach Club
12808,"Grillo, Emiliano",3509,dundonald links,sg_total,0.08023039712155283,2017-07-16,-0.002038854669972312,925,Dunes Golf and Beach Club
13965,"Hadwin, Adam",12,Harbour Town Golf Links,sg_app,7.571223006824275,2025-04-20,-0.026491532241569762,925,Dunes Golf and Beach Club
13965,"Hadwin, Adam",6,Waialae Country Club,sg_app,3.7406970613060517,2025-01-12,0.00813914979569718,925,Dunes Golf and Beach Club
13965,"Hadwin, Adam",43,The Los Angeles Country Club (North Course),sg_app,1.3955580360406135,2023-06-18,0.00699374330297123,925,Dunes Golf and Beach Club
13965,"Hadwin, Adam",908,Oakdale Golf & Country Club,sg_app,1.3858232413202296,2023-06-11,0.030253497880636707,925,Dunes Golf and Beach Club
13965,"Hadwin, Adam",709,Royal Troon,sg_app,1.0399235289145237,2024-07-21,0.003188424527361895,925,Dunes Golf and Beach Club
13965,"Hadwin, Adam",734,PGA National Resort (The Champion),sg_app,0.7310907093037136,2021-03-21,-6.454827252810436e-05,925,Dunes Golf and Beach Club
13965,"Hadwin, Adam",744,Torrey Pines (South),sg_app,0.6738783736492048,2021-06-20,-0.005252401049873474,925,Dunes Golf and Beach Club
13965,"Hadwin, Adam",773,Aronimink GC,sg_app,0.2442151600220386,2018-09-09,-0.00027066514235349847,925,Dunes Golf and Beach Club
13965,"Hadwin, Adam",873,Ridgewood CC,sg_app,0.24081996956949417,2018-08-26,-0.003971285973278434,925,Dunes Golf and Beach Club
13965,"Hadwin, Adam",789,Conway Farms GC,sg_app,0.17089505251327972,2017-09-17,-2.7851198401683467e-05,925,Dunes Golf and Beach Club
13965,"Hadwin, Adam",534,Bellerive CC,sg_app,0.1187359903009677,2018-08-12,-0.0009616931955193437,925,Dunes Golf and Beach Club
13965,"Hadwin, Adam",238,Glen Oaks Club,sg_app,0.0836718381860486,2017-08-27,0.0013914732463693868,925,Dunes Golf and Beach Club
13965,"Hadwin, Adam",24,Congressional CC (Blue),sg_app,0.05459282476430735,2016-06-26,-3.559470173736133e-05,925,Dunes Golf and Beach Club
13965,"Hadwin, Adam",379,The Philadelphia Cricket Club (Wissahickon Course),sg_arg,2.790705304284124,2025-05-11,0.003342651862994887,925,Dunes Golf and Beach Club
13965,"Hadwin, Adam",977,The Renaissance Club,sg_arg,2.0653389659870176,2024-07-14,-0.014176504139123325,925,Dunes Golf and Beach Club
13965,"Hadwin, Adam",671,Valhalla Golf Club,sg_arg,1.9528588212201292,2024-05-19,0.011203370770549658,925,Dunes Golf and Beach Club
13965,"Hadwin, Adam",939,Torrey Pines Golf Course (South Course),sg_arg,1.2829308416546397,2025-02-16,-0.004414003895351583,925,Dunes Golf and Beach Club
13965,"Hadwin, Adam",709,Royal Troon,sg_arg,1.0399235289145237,2024-07-21,-0.0025390224837232157,925,Dunes Golf and Beach Club
13965,"Hadwin, Adam",528,Pinehurst Resort & Country Club (Course No. 2),sg_arg,1.004155792013546,2024-06-16,-0.0038859491873933965,925,Dunes Golf and Beach Club
13965,"Hadwin, Adam",891,Winged Foot GC,sg_arg,0.512883969923526,2020-09-20,0.003325078664907549,925,Dunes Golf and Beach Club
13965,"Hadwin, Adam",893,Muirfield Village Golf Club,sg_arg,0.47820984388552373,2020-07-12,0.0008183267117792217,925,Dunes Golf and Beach Club
13965,"Hadwin, Adam",698,Quail Hollow Club,sg_arg,0.14034026932392452,2016-05-08,-0.0007241196104583006,925,Dunes Golf and Beach Club
13965,"Hadwin, Adam",238,Glen Oaks Club,sg_arg,0.0836718381860486,2017-08-27,-0.0001269863431953696,925,Dunes Golf and Beach Club
13965,"Hadwin, Adam",24,Congressional CC (Blue),sg_arg,0.05459282476430735,2016-06-26,5.357095117421487e-06,925,Dunes Golf and Beach Club
13965,"Hadwin, Adam",642,Newport Beach Country Club,sg_arg,0.054219988940829494,2014-07-27,-3.160525163771835e-05,925,Dunes Golf and Beach Club
13965,"Hadwin, Adam",649,Hualalai Golf Course,sg_arg,0.032521534162714284,2015-01-25,5.347487763751723e-05,925,Dunes Golf and Beach Club
13965,"Hadwin, Adam",876,Detroit Golf Club,sg_ott,6.17401071434876,2025-06-29,-0.022305332108812668,925,Dunes Golf and Beach Club
13965,"Hadwin, Adam",538,TPC Summerlin,sg_ott,5.660952599014795,2024-10-20,0.008935828280936588,925,Dunes Golf and Beach Club
13965,"Hadwin, Adam",897,Memorial Park Golf Course,sg_ott,3.7992494698749057,2025-03-30,0.006127133025794519,925,Dunes Golf and Beach Club
13965,"Hadwin, Adam",669,TPC Deere Run,sg_ott,2.8716364344627654,2025-07-06,0.00021274930862369797,925,Dunes Golf and Beach Club
13965,"Hadwin, Adam",935,TPC Toronto at Osprey Valley (North Course),sg_ott,2.869949291417773,2025-06-08,-0.004543557504486928,925,Dunes Golf and Beach Club
13965,"Hadwin, Adam",671,Valhalla Golf Club,sg_ott,1.9528588212201292,2024-05-19,0.0028486088795992757,925,Dunes Golf and Beach Club
13965,"Hadwin, Adam",908,Oakdale Golf & Country Club,sg_ott,1.3858232413202296,2023-06-11,0.000567148659787814,925,Dunes Golf and Beach Club
13965,"Hadwin, Adam",874,Hamilton Golf & Country Club,sg_ott,1.3110699191047563,2024-06-02,-0.0008026027457690536,925,Dunes Golf and Beach Club
13965,"Hadwin, Adam",709,Royal Troon,sg_ott,1.0399235289145237,2024-07-21,0.003942456733426874,925,Dunes Golf and Beach Club
13965,"Hadwin, Adam",901,Wilmington Country Club,sg_ott,1.0328214830517066,2022-08-21,0.002122202873031639,925,Dunes Golf and Beach Club
13965,"Hadwin, Adam",528,Pinehurst Resort & Country Club (Course No. 2),sg_ott,1.004155792013546,2024-06-16,0.0038916464021486897,925,Dunes Golf and Beach Club
13965,"Hadwin, Adam",654,The Country Club,sg_ott,0.9697609909973317,2022-06-19,0.003303480728851682,925,Dunes Golf and Beach Club
13965,"Hadwin, Adam",734,PGA National Resort (The Champion),sg_ott,0.7310907093037136,2021-03-21,0.0018548187402018374,925,Dunes Golf and Beach Club
13965,"Hadwin, Adam",2000,Sherwood Country Club,sg_ott,0.5311527475801966,2020-10-25,-0.0019546173505396226,925,Dunes Golf and Beach Club
13965,"Hadwin, Adam",348,Medinah Country Club (No. 3),sg_ott,0.3441403746919263,2019-08-18,-0.001976075964110644,925,Dunes Golf and Beach Club
13965,"Hadwin, Adam",240,Club de Golf Chapultepec,sg_ott,0.20215801419653878,2018-03-04,-0.0006554393495865372,925,Dunes Golf and Beach Club
13965,"Hadwin, Adam",688,East Lake Golf Club,sg_ott,0.17209551459628036,2017-09-24,-0.0013113995336195294,925,Dunes Golf and Beach Club
13965,"Hadwin, Adam",534,Bellerive CC,sg_ott,0.1187359903009677,2018-08-12,0.0004871158113809276,925,Dunes Golf and Beach Club
13965,"Hadwin, Adam",510,TPC Scottsdale (Stadium Course),sg_putt,7.259329764646115,2025-02-09,0.004747679636597613,925,Dunes Golf and Beach Club
13965,"Hadwin, Adam",503,TPC River Highlands,sg_putt,5.912948589415629,2025-06-22,-0.01087269316470696,925,Dunes Golf and Beach Club
13965,"Hadwin, Adam",872,Quail Hollow Club,sg_putt,3.4565382905355504,2024-05-12,-0.008334782876812368,925,Dunes Golf and Beach Club
13965,"Hadwin, Adam",744,Torrey Pines (South),sg_putt,0.6738783736492048,2021-06-20,0.011605590579504024,925,Dunes Golf and Beach Club
13965,"Hadwin, Adam",895,TPC Harding Park,sg_putt,0.491788939699716,2020-08-09,-0.0001850021359608454,925,Dunes Golf and Beach Club
13965,"Hadwin, Adam",240,Club de Golf Chapultepec,sg_putt,0.20215801419653878,2018-03-04,0.00011831600963128134,925,Dunes Golf and Beach Club
13965,"Hadwin, Adam",807,Lakewood National Golf Club - Commander Course,sg_total,3.8779022923041038,2026-04-05,-0.019441613281445603,925,Dunes Golf and Beach Club
13965,"Hadwin, Adam",735,Fundadores Course,sg_total,3.666708382532609,2026-02-08,-0.00826250909812598,925,Dunes Golf and Beach Club
13965,"Hadwin, Adam",778,Royal St. George's GC,sg_total,0.3465068056428854,2021-07-18,-0.004394576307308711,925,Dunes Golf and Beach Club
13965,"Hadwin, Adam",763,PGA West (Nicklaus),sg_total,0.016260767081357142,2015-01-25,-0.00018118726319324603,925,Dunes Golf and Beach Club
19865,"Hardy, Nick",6,Waialae Country Club,sg_app,5.150218715459888,2025-01-12,-0.00597973277051856,925,Dunes Golf and Beach Club
19865,"Hardy, Nick",43,The Los Angeles Country Club (North Course),sg_app,1.3955580360406135,2023-06-18,0.0010800296193532344,925,Dunes Golf and Beach Club
19865,"Hardy, Nick",925,Dunes Golf and Beach Club,sg_app,1.395352652142062,2025-05-11,-0.07730369439257417,925,Dunes Golf and Beach Club
19865,"Hardy, Nick",734,PGA National Resort (The Champion),sg_app,1.0573499466398035,2023-02-26,-0.018928411505709883,925,Dunes Golf and Beach Club
19865,"Hardy, Nick",12,Harbour Town Golf Links,sg_app,0.655175055047379,2023-04-16,0.0001352648542434172,925,Dunes Golf and Beach Club
19865,"Hardy, Nick",666,Pebble Beach Golf Links,sg_app,0.32312835884991714,2019-06-16,-0.000653389146504995,925,Dunes Golf and Beach Club
19865,"Hardy, Nick",925,Dunes Golf and Beach Club,sg_arg,1.395352652142062,2025-05-11,0.0064419306855983734,925,Dunes Golf and Beach Club
19865,"Hardy, Nick",666,Pebble Beach Golf Links,sg_arg,0.32312835884991714,2019-06-16,-0.000267068398765428,925,Dunes Golf and Beach Club
19865,"Hardy, Nick",876,Detroit Golf Club,sg_ott,6.180777004371027,2025-06-29,-0.0038265519687901623,925,Dunes Golf and Beach Club
19865,"Hardy, Nick",669,TPC Deere Run,sg_ott,4.909795538238658,2025-07-06,-0.01431356927024492,925,Dunes Golf and Beach Club
19865,"Hardy, Nick",538,TPC Summerlin,sg_ott,3.9247414340495395,2024-10-20,-0.015595649313985887,925,Dunes Golf and Beach Club
19865,"Hardy, Nick",897,Memorial Park Golf Course,sg_ott,3.1974368099117667,2025-03-30,-0.004715239998838584,925,Dunes Golf and Beach Club
19865,"Hardy, Nick",874,Hamilton Golf & Country Club,sg_ott,1.9803911211237737,2024-06-02,-0.0005042569460464642,925,Dunes Golf and Beach Club
19865,"Hardy, Nick",935,TPC Toronto at Osprey Valley (North Course),sg_ott,1.4349746457088866,2025-06-08,-0.004685085844727675,925,Dunes Golf and Beach Club
19865,"Hardy, Nick",925,Dunes Golf and Beach Club,sg_ott,1.395352652142062,2025-05-11,-0.022124012131914398,925,Dunes Golf and Beach Club
19865,"Hardy, Nick",734,PGA National Resort (The Champion),sg_ott,1.0573499466398035,2023-02-26,0.004563662771701077,925,Dunes Golf and Beach Club
19865,"Hardy, Nick",654,The Country Club,sg_ott,0.9697609909973317,2022-06-19,-0.0037605086410730645,925,Dunes Golf and Beach Club
19865,"Hardy, Nick",510,TPC Scottsdale (Stadium Course),sg_putt,3.6344959862582793,2025-02-09,-0.00927206251265378,925,Dunes Golf and Beach Club
19865,"Hardy, Nick",503,TPC River Highlands,sg_putt,2.3819343459977396,2023-06-25,0.015523239678438537,925,Dunes Golf and Beach Club
19865,"Hardy, Nick",925,Dunes Golf and Beach Club,sg_putt,1.395352652142062,2025-05-11,-0.02922064880969788,925,Dunes Golf and Beach Club
19865,"Hardy, Nick",872,Quail Hollow Club,sg_putt,1.3381584277944305,2023-05-07,-0.0032277349026057426,925,Dunes Golf and Beach Club
19865,"Hardy, Nick",735,Fundadores Course,sg_total,1.9358431711001336,2026-02-08,-0.029643748542412647,925,Dunes Golf and Beach Club
19865,"Hardy, Nick",82,Greystone Golf & Country Club,sg_total,1.6094828367747862,2022-05-29,0.029138326318324883,925,Dunes Golf and Beach Club
19865,"Hardy, Nick",801,The Club at Indian Creek,sg_total,0.8447045414318336,2021-08-15,-0.001520006829283744,925,Dunes Golf and Beach Club
19865,"Hardy, Nick",69,The Grove,sg_total,0.6461616082735558,2021-05-09,0.0021551445334131035,925,Dunes Golf and Beach Club
19865,"Hardy, Nick",807,Lakewood National Golf Club - Commander Course,sg_total,0.41283567816757105,2020-02-16,0.0050639738229207995,925,Dunes Golf and Beach Club
19865,"Hardy, Nick",4362,lakes gc,sg_total,0.41271417327904963,2023-12-03,-0.0005751589289148784,925,Dunes Golf and Beach Club
16909,"Harmeling, Evan",801,The Club at Indian Creek,sg_total,2.913296124379777,2024-08-11,-0.018738821097819595,925,Dunes Golf and Beach Club
16909,"Harmeling, Evan",86,Norwood Hills Country Club,sg_total,2.555759633352178,2024-08-18,0.003743424957854297,925,Dunes Golf and Beach Club
16909,"Harmeling, Evan",807,Lakewood National Golf Club - Commander Course,sg_total,2.0397266559622302,2024-04-21,-0.03794595620296838,925,Dunes Golf and Beach Club
16909,"Harmeling, Evan",94,Jimmie Austin OU Golf Club,sg_total,2.022419083758766,2024-06-23,0.010022839367491891,925,Dunes Golf and Beach Club
16909,"Harmeling, Evan",69,The Grove,sg_total,1.8515922660514381,2023-09-17,-0.012464587320877225,925,Dunes Golf and Beach Club
16909,"Harmeling, Evan",82,Greystone Golf & Country Club,sg_total,1.047228531296527,2024-07-28,0.0003114123132561391,925,Dunes Golf and Beach Club
16909,"Harmeling, Evan",735,Fundadores Course,sg_total,0.8375529946114799,2023-02-12,0.006428917076057874,925,Dunes Golf and Beach Club
24342,"Higgo, Garrick",12,Harbour Town Golf Links,sg_app,5.698200225402022,2026-04-19,0.041880627819306425,925,Dunes Golf and Beach Club
24342,"Higgo, Garrick",734,PGA National Resort (The Champion),sg_app,2.114699893279607,2023-02-26,0.008390235482575635,925,Dunes Golf and Beach Club
24342,"Higgo, Garrick",6,Waialae Country Club,sg_app,1.7216693304596267,2024-01-14,-0.012912491447312095,925,Dunes Golf and Beach Club
24342,"Higgo, Garrick",908,Oakdale Golf & Country Club,sg_app,1.3858232413202296,2023-06-11,-0.004457282768764415,925,Dunes Golf and Beach Club
24342,"Higgo, Garrick",668,St. Andrews Links (Old Course),sg_app,0.9972980180619004,2022-07-17,-0.003997744017717941,925,Dunes Golf and Beach Club
24342,"Higgo, Garrick",925,Dunes Golf and Beach Club,sg_app,0.9696182715346865,2024-05-12,-0.0020370112294096727,925,Dunes Golf and Beach Club
24342,"Higgo, Garrick",379,The Philadelphia Cricket Club (Wissahickon Course),sg_arg,2.790705304284124,2025-05-11,-0.003227673982773692,925,Dunes Golf and Beach Club
24342,"Higgo, Garrick",977,The Renaissance Club,sg_arg,1.9303565160359755,2023-07-16,-0.0022311514868768,925,Dunes Golf and Beach Club
24342,"Higgo, Garrick",668,St. Andrews Links (Old Course),sg_arg,0.9972980180619004,2022-07-17,0.006288647255692795,925,Dunes Golf and Beach Club
24342,"Higgo, Garrick",925,Dunes Golf and Beach Club,sg_arg,0.9696182715346865,2024-05-12,-0.003461120236925308,925,Dunes Golf and Beach Club
24342,"Higgo, Garrick",887,Kasumigaseki Country Club,sg_arg,0.7027840352282995,2021-08-01,-0.006095720412618892,925,Dunes Golf and Beach Club
24342,"Higgo, Garrick",897,Memorial Park Golf Course,sg_ott,6.271990325652631,2026-03-29,0.0028199756946580066,925,Dunes Golf and Beach Club
24342,"Higgo, Garrick",669,TPC Deere Run,sg_ott,5.402084144630781,2025-07-06,0.00014568132593221122,925,Dunes Golf and Beach Club
24342,"Higgo, Garrick",876,Detroit Golf Club,sg_ott,5.088032058500907,2025-06-29,0.015818879362724227,925,Dunes Golf and Beach Club
24342,"Higgo, Garrick",538,TPC Summerlin,sg_ott,4.769122492949687,2024-10-20,-0.010164378426807842,925,Dunes Golf and Beach Club
24342,"Higgo, Garrick",734,PGA National Resort (The Champion),sg_ott,2.114699893279607,2023-02-26,-0.010177952279950992,925,Dunes Golf and Beach Club
24342,"Higgo, Garrick",874,Hamilton Golf & Country Club,sg_ott,1.9803911211237737,2024-06-02,-0.005083830312804916,925,Dunes Golf and Beach Club
24342,"Higgo, Garrick",908,Oakdale Golf & Country Club,sg_ott,1.3858232413202296,2023-06-11,0.006304509387902353,925,Dunes Golf and Beach Club
24342,"Higgo, Garrick",925,Dunes Golf and Beach Club,sg_ott,0.9696182715346865,2024-05-12,-0.018146696230756668,925,Dunes Golf and Beach Club
24342,"Higgo, Garrick",887,Kasumigaseki Country Club,sg_ott,0.7027840352282995,2021-08-01,-0.008782981569802232,925,Dunes Golf and Beach Club
24342,"Higgo, Garrick",510,TPC Scottsdale (Stadium Course),sg_putt,5.074039530267011,2026-02-08,-0.003353114187663386,925,Dunes Golf and Beach Club
24342,"Higgo, Garrick",503,TPC River Highlands,sg_putt,1.5302732084367672,2023-06-25,-0.00514575955881402,925,Dunes Golf and Beach Club
24342,"Higgo, Garrick",925,Dunes Golf and Beach Club,sg_putt,0.9696182715346865,2024-05-12,0.0012898303951798774,925,Dunes Golf and Beach Club
24342,"Higgo, Garrick",872,Quail Hollow Club,sg_putt,0.6690792138972153,2023-05-07,-0.0019257564962870176,925,Dunes Golf and Beach Club
24342,"Higgo, Garrick",97,The Ocean Club Golf Course at Atlantis,sg_total,2.4850539289898466,2025-01-15,-0.014819685960124819,925,Dunes Golf and Beach Club
24342,"Higgo, Garrick",735,Fundadores Course,sg_total,1.9109725265339477,2025-02-09,0.008819804367768054,925,Dunes Golf and Beach Club
24342,"Higgo, Garrick",3930,wentworth golf club,sg_total,1.0475368400346075,2020-10-11,0.004502417172191616,925,Dunes Golf and Beach Club
24342,"Higgo, Garrick",3981,emirates gc,sg_total,0.8430697038920376,2022-01-30,-0.0019868661602357525,925,Dunes Golf and Beach Club
24342,"Higgo, Garrick",3907,education city gc,sg_total,0.6109710887325267,2021-03-14,0.005481111370593312,925,Dunes Golf and Beach Club
24342,"Higgo, Garrick",4094,outeniqua,sg_total,0.5348838604730176,2020-11-01,0.0074999308088382075,925,Dunes Golf and Beach Club
24342,"Higgo, Garrick",3923,renaissance club,sg_total,0.5201148435137036,2020-10-04,0.002425019655540725,925,Dunes Golf and Beach Club
24342,"Higgo, Garrick",3974,carnoustie,sg_total,0.512883969923526,2020-09-20,0.01296108221740599,925,Dunes Golf and Beach Club
24342,"Higgo, Garrick",4056,frederikshavn golfklub,sg_total,0.5022257099727888,2020-08-30,-0.003168949886466027,925,Dunes Golf and Beach Club
24342,"Higgo, Garrick",3978,yas links,sg_total,0.41859441153063903,2022-01-23,-0.00416773344947288,925,Dunes Golf and Beach Club
24342,"Higgo, Garrick",778,Royal St. George's GC,sg_total,0.3465068056428854,2021-07-18,-0.012768508878944132,925,Dunes Golf and Beach Club
24342,"Higgo, Garrick",4074,pga national cyprus course,sg_total,0.2693205913910117,2020-11-08,-0.019146975253980035,925,Dunes Golf and Beach Club
24342,"Higgo, Garrick",3961,london gc,sg_total,0.10320891954189276,2020-02-16,-0.004729125443947209,925,Dunes Golf and Beach Club
24342,"Higgo, Garrick",3817,king david mowbray gc,sg_total,0.10248897983382912,2020-02-09,0.005969264814436973,925,Dunes Golf and Beach Club
28469,"Highsmith, Joe",12,Harbour Town Golf Links,sg_app,6.665286297019238,2026-04-19,-0.004388364812092869,925,Dunes Golf and Beach Club
28469,"Highsmith, Joe",6,Waialae Country Club,sg_app,4.8293153551073384,2026-01-18,0.0019947423177179204,925,Dunes Golf and Beach Club
28469,"Highsmith, Joe",925,Dunes Golf and Beach Club,sg_app,0.9696182715346865,2024-05-12,0.03531465119454905,925,Dunes Golf and Beach Club
28469,"Highsmith, Joe",379,The Philadelphia Cricket Club (Wissahickon Course),sg_arg,2.790705304284124,2025-05-11,-0.0009468225989092201,925,Dunes Golf and Beach Club
28469,"Highsmith, Joe",977,The Renaissance Club,sg_arg,1.4860880247238797,2025-07-13,0.0049928440956740735,925,Dunes Golf and Beach Club
28469,"Highsmith, Joe",925,Dunes Golf and Beach Club,sg_arg,0.9696182715346865,2024-05-12,-0.015507940629130372,925,Dunes Golf and Beach Club
28469,"Highsmith, Joe",897,Memorial Park Golf Course,sg_ott,5.1228626916941655,2026-03-29,0.01592412862179141,925,Dunes Golf and Beach Club
28469,"Highsmith, Joe",876,Detroit Golf Club,sg_ott,4.967481185907527,2025-06-29,0.009984679379760285,925,Dunes Golf and Beach Club
28469,"Highsmith, Joe",669,TPC Deere Run,sg_ott,2.5011877709849633,2025-07-06,0.01643837054675085,925,Dunes Golf and Beach Club
28469,"Highsmith, Joe",538,TPC Summerlin,sg_ott,2.2779920181181663,2024-10-20,0.013691832174508119,925,Dunes Golf and Beach Club
28469,"Highsmith, Joe",874,Hamilton Golf & Country Club,sg_ott,0.9901955605618868,2024-06-02,0.021316439828550696,925,Dunes Golf and Beach Club
28469,"Highsmith, Joe",925,Dunes Golf and Beach Club,sg_ott,0.9696182715346865,2024-05-12,0.01699581630753463,925,Dunes Golf and Beach Club
28469,"Highsmith, Joe",510,TPC Scottsdale (Stadium Course),sg_putt,4.940690066888574,2026-02-08,-0.006703197311255137,925,Dunes Golf and Beach Club
28469,"Highsmith, Joe",503,TPC River Highlands,sg_putt,2.910411153658382,2025-06-22,0.0096830855733193,925,Dunes Golf and Beach Club
28469,"Highsmith, Joe",925,Dunes Golf and Beach Club,sg_putt,0.9696182715346865,2024-05-12,-0.012525954203381017,925,Dunes Golf and Beach Club
28469,"Highsmith, Joe",69,The Grove,sg_total,1.5285114619146603,2023-09-17,4.514653515500504e-05,925,Dunes Golf and Beach Club
28469,"Highsmith, Joe",86,Norwood Hills Country Club,sg_total,1.4863067640881829,2023-08-20,0.02083573767277948,925,Dunes Golf and Beach Club
28469,"Highsmith, Joe",801,The Club at Indian Creek,sg_total,1.475938946436567,2023-08-13,0.023041143157814116,925,Dunes Golf and Beach Club
28469,"Highsmith, Joe",82,Greystone Golf & Country Club,sg_total,1.455419770563014,2023-07-30,-0.0034184445171557515,925,Dunes Golf and Beach Club
28469,"Highsmith, Joe",807,Lakewood National Golf Club - Commander Course,sg_total,1.31955473948274,2023-04-23,-0.0047645372387386436,925,Dunes Golf and Beach Club
28469,"Highsmith, Joe",94,Jimmie Austin OU Golf Club,sg_total,1.011209541879383,2024-06-23,-0.03994755267967125,925,Dunes Golf and Beach Club
28469,"Highsmith, Joe",735,Fundadores Course,sg_total,0.9227585130909828,2023-02-12,-0.01117945921350761,925,Dunes Golf and Beach Club
20954,"Hirata, Kensei",6,Waialae Country Club,sg_app,6.068120324492936,2026-01-18,0.09218871827451872,925,Dunes Golf and Beach Club
20954,"Hirata, Kensei",897,Memorial Park Golf Course,sg_ott,1.925425881782399,2026-03-29,-0.024030494500389087,925,Dunes Golf and Beach Club
20954,"Hirata, Kensei",510,TPC Scottsdale (Stadium Course),sg_putt,3.666708382532609,2026-02-08,-0.01892287146909977,925,Dunes Golf and Beach Club
20954,"Hirata, Kensei",82,Greystone Golf & Country Club,sg_total,3.0140791514388687,2025-07-27,0.04433970795994179,925,Dunes Golf and Beach Club
20954,"Hirata, Kensei",807,Lakewood National Golf Club - Commander Course,sg_total,2.7299802128215602,2025-04-19,-0.035024268432683185,925,Dunes Golf and Beach Club
20954,"Hirata, Kensei",96,Spyglass Hill Golf Course,sg_total,1.6163122744329768,2025-10-05,-0.04755578288656472,925,Dunes Golf and Beach Club
20954,"Hirata, Kensei",801,The Club at Indian Creek,sg_total,1.528286511296398,2025-08-10,-0.02570497838179669,925,Dunes Golf and Beach Club
20954,"Hirata, Kensei",109,Holston Hills Country Club,sg_total,1.4150249742130034,2025-05-25,-0.009883021880987768,925,Dunes Golf and Beach Club
20954,"Hirata, Kensei",735,Fundadores Course,sg_total,0.6369908421779825,2025-02-09,0.005197506994421801,925,Dunes Golf and Beach Club
25157,"Hodges, Lee",6,Waialae Country Club,sg_app,6.483794806818114,2026-01-18,-0.03746113695654549,925,Dunes Golf and Beach Club
25157,"Hodges, Lee",12,Harbour Town Golf Links,sg_app,3.2092873098544077,2024-04-21,-0.009623724702948394,925,Dunes Golf and Beach Club
25157,"Hodges, Lee",734,PGA National Resort (The Champion),sg_app,2.114699893279607,2023-02-26,0.003556485667127395,925,Dunes Golf and Beach Club
25157,"Hodges, Lee",925,Dunes Golf and Beach Club,sg_app,1.395352652142062,2025-05-11,-0.03610072960074238,925,Dunes Golf and Beach Club
25157,"Hodges, Lee",908,Oakdale Golf & Country Club,sg_app,1.3858232413202296,2023-06-11,-0.001178781632187054,925,Dunes Golf and Beach Club
25157,"Hodges, Lee",977,The Renaissance Club,sg_arg,4.986612852334704,2025-07-13,0.00042621837594544943,925,Dunes Golf and Beach Club
25157,"Hodges, Lee",671,Valhalla Golf Club,sg_arg,1.9528588212201292,2024-05-19,-0.0033728017810297165,925,Dunes Golf and Beach Club
25157,"Hodges, Lee",925,Dunes Golf and Beach Club,sg_arg,1.395352652142062,2025-05-11,-0.0005653897377592465,925,Dunes Golf and Beach Club
25157,"Hodges, Lee",724,Royal Liverpool,sg_arg,0.7226337034486771,2023-07-23,-0.009431100509025403,925,Dunes Golf and Beach Club
25157,"Hodges, Lee",897,Memorial Park Golf Course,sg_ott,7.869027674599614,2026-03-29,0.013373662888607337,925,Dunes Golf and Beach Club
25157,"Hodges, Lee",669,TPC Deere Run,sg_ott,5.985808668478986,2025-07-06,-0.02849123733607609,925,Dunes Golf and Beach Club
25157,"Hodges, Lee",876,Detroit Golf Club,sg_ott,5.668143354765422,2025-06-29,0.0045405478419899324,925,Dunes Golf and Beach Club
25157,"Hodges, Lee",935,TPC Toronto at Osprey Valley (North Course),sg_ott,2.869949291417773,2025-06-08,0.009397483618626608,925,Dunes Golf and Beach Club
25157,"Hodges, Lee",538,TPC Summerlin,sg_ott,2.435082706587486,2024-10-20,0.006048216218597726,925,Dunes Golf and Beach Club
25157,"Hodges, Lee",734,PGA National Resort (The Champion),sg_ott,2.114699893279607,2023-02-26,-0.0016019694981406598,925,Dunes Golf and Beach Club
25157,"Hodges, Lee",671,Valhalla Golf Club,sg_ott,1.9528588212201292,2024-05-19,-0.001310654620053969,925,Dunes Golf and Beach Club
25157,"Hodges, Lee",925,Dunes Golf and Beach Club,sg_ott,1.395352652142062,2025-05-11,0.002164057502524978,925,Dunes Golf and Beach Club
25157,"Hodges, Lee",908,Oakdale Golf & Country Club,sg_ott,1.3858232413202296,2023-06-11,-3.2721653546763135e-05,925,Dunes Golf and Beach Club
25157,"Hodges, Lee",510,TPC Scottsdale (Stadium Course),sg_putt,4.0484143654952875,2025-02-09,-0.006790813112674808,925,Dunes Golf and Beach Club
25157,"Hodges, Lee",503,TPC River Highlands,sg_putt,3.70167282306451,2024-06-23,0.010370967989683743,925,Dunes Golf and Beach Club
25157,"Hodges, Lee",872,Quail Hollow Club,sg_putt,2.6083157569665882,2024-05-12,0.014493970768246964,925,Dunes Golf and Beach Club
25157,"Hodges, Lee",925,Dunes Golf and Beach Club,sg_putt,1.395352652142062,2025-05-11,-0.01633822828611012,925,Dunes Golf and Beach Club
25157,"Hodges, Lee",801,The Club at Indian Creek,sg_total,1.0120235898803593,2021-08-15,-0.009383024574668051,925,Dunes Golf and Beach Club
25157,"Hodges, Lee",69,The Grove,sg_total,0.6461616082735558,2021-05-09,0.00013977069881232859,925,Dunes Golf and Beach Club
25157,"Hodges, Lee",735,Fundadores Course,sg_total,0.4489107387232368,2020-02-09,0.003052533139297167,925,Dunes Golf and Beach Club
25157,"Hodges, Lee",807,Lakewood National Golf Club - Commander Course,sg_total,0.41283567816757105,2020-02-16,0.009096921484520244,925,Dunes Golf and Beach Club
25157,"Hodges, Lee",82,Greystone Golf & Country Club,sg_total,0.3299372416452629,2021-05-30,-0.004761852423033945,925,Dunes Golf and Beach Club
23504,"Hoey, Richard",735,Fundadores Course,sg_total,0.19795696134095275,2018-02-11,-0.0007406283874904268,925,Dunes Golf and Beach Club
23504,"Hoey, Rico",6,Waialae Country Club,sg_app,6.068120324492936,2026-01-18,-0.019917132170739305,925,Dunes Golf and Beach Club
23504,"Hoey, Rico",925,Dunes Golf and Beach Club,sg_app,3.7603235758188105,2025-05-11,-0.016117771715437348,925,Dunes Golf and Beach Club
23504,"Hoey, Rico",925,Dunes Golf and Beach Club,sg_arg,3.7603235758188105,2025-05-11,0.0144825892640903,925,Dunes Golf and Beach Club
23504,"Hoey, Rico",528,Pinehurst Resort & Country Club (Course No. 2),sg_arg,1.004155792013546,2024-06-16,-0.0032923701293664813,925,Dunes Golf and Beach Club
23504,"Hoey, Rico",897,Memorial Park Golf Course,sg_ott,7.456512405591721,2026-03-29,0.012675873934353921,925,Dunes Golf and Beach Club
23504,"Hoey, Rico",669,TPC Deere Run,sg_ott,5.0023755419699265,2025-07-06,0.023126574028635837,925,Dunes Golf and Beach Club
23504,"Hoey, Rico",925,Dunes Golf and Beach Club,sg_ott,3.7603235758188105,2025-05-11,0.00019187332157354124,925,Dunes Golf and Beach Club
23504,"Hoey, Rico",876,Detroit Golf Club,sg_ott,3.502053434168862,2025-06-29,-0.006762993011275218,925,Dunes Golf and Beach Club
23504,"Hoey, Rico",935,TPC Toronto at Osprey Valley (North Course),sg_ott,2.869949291417773,2025-06-08,0.006213495611589596,925,Dunes Golf and Beach Club
23504,"Hoey, Rico",538,TPC Summerlin,sg_ott,2.2779920181181663,2024-10-20,-0.000857358890800308,925,Dunes Golf and Beach Club
23504,"Hoey, Rico",528,Pinehurst Resort & Country Club (Course No. 2),sg_ott,1.004155792013546,2024-06-16,0.006857617163148405,925,Dunes Golf and Beach Club
23504,"Hoey, Rico",874,Hamilton Golf & Country Club,sg_ott,0.9901955605618868,2024-06-02,0.009290008944546938,925,Dunes Golf and Beach Club
23504,"Hoey, Rico",510,TPC Scottsdale (Stadium Course),sg_putt,4.940690066888574,2026-02-08,-0.017394934486216963,925,Dunes Golf and Beach Club
23504,"Hoey, Rico",925,Dunes Golf and Beach Club,sg_putt,3.7603235758188105,2025-05-11,-0.020476604052790948,925,Dunes Golf and Beach Club
23504,"Hoey, Rico",69,The Grove,sg_total,2.174673070188216,2023-09-17,-0.005038570455609416,925,Dunes Golf and Beach Club
23504,"Hoey, Rico",82,Greystone Golf & Country Club,sg_total,2.11529425385354,2023-07-30,0.007571315688993561,925,Dunes Golf and Beach Club
23504,"Hoey, Rico",801,The Club at Indian Creek,sg_total,1.8036605124553216,2023-08-13,-0.015027971576828182,925,Dunes Golf and Beach Club
23504,"Hoey, Rico",86,Norwood Hills Country Club,sg_total,1.4863067640881829,2023-08-20,0.004599275205348754,925,Dunes Golf and Beach Club
23504,"Hoey, Rico",735,Fundadores Course,sg_total,1.0642023123127322,2023-02-12,0.013508589281657738,925,Dunes Golf and Beach Club
23504,"Hoey, Rico",807,Lakewood National Golf Club - Commander Course,sg_total,0.8032153085585516,2023-04-23,-0.014483820879942695,925,Dunes Golf and Beach Club
23504,"Hoey, Rico",4362,lakes gc,sg_total,0.41271417327904963,2023-12-03,-0.01470992436545946,925,Dunes Golf and Beach Club
23838,"Hojgaard, Rasmus",885,Royal Portrush Golf Club,sg_app,2.993054270314261,2025-07-20,0.033821671264407265,925,Dunes Golf and Beach Club
23838,"Hojgaard, Rasmus",709,Royal Troon,sg_app,2.0798470578290473,2024-07-21,0.009746306485455915,925,Dunes Golf and Beach Club
23838,"Hojgaard, Rasmus",899,The Summit Club,sg_app,0.7590363286635429,2021-10-17,-0.0032524986469664417,925,Dunes Golf and Beach Club
23838,"Hojgaard, Rasmus",977,The Renaissance Club,sg_arg,5.259361230347139,2025-07-13,0.013879449478940384,925,Dunes Golf and Beach Club
23838,"Hojgaard, Rasmus",379,The Philadelphia Cricket Club (Wissahickon Course),sg_arg,2.790705304284124,2025-05-11,0.017723571331886283,925,Dunes Golf and Beach Club
23838,"Hojgaard, Rasmus",709,Royal Troon,sg_arg,2.0798470578290473,2024-07-21,0.004864002174115433,925,Dunes Golf and Beach Club
23838,"Hojgaard, Rasmus",671,Valhalla Golf Club,sg_arg,1.9528588212201292,2024-05-19,-0.0049113720047195735,925,Dunes Golf and Beach Club
23838,"Hojgaard, Rasmus",939,Torrey Pines Golf Course (South Course),sg_arg,1.2829308416546397,2025-02-16,0.0035213516412087465,925,Dunes Golf and Beach Club
23838,"Hojgaard, Rasmus",724,Royal Liverpool,sg_arg,0.7226337034486771,2023-07-23,-0.0033147334115533164,925,Dunes Golf and Beach Club
23838,"Hojgaard, Rasmus",887,Kasumigaseki Country Club,sg_arg,0.7027840352282995,2021-08-01,-0.0053246024478029235,925,Dunes Golf and Beach Club
23838,"Hojgaard, Rasmus",897,Memorial Park Golf Course,sg_ott,6.5267747463261845,2026-03-29,0.005589296061462407,925,Dunes Golf and Beach Club
23838,"Hojgaard, Rasmus",885,Royal Portrush Golf Club,sg_ott,2.993054270314261,2025-07-20,-0.009279029068272734,925,Dunes Golf and Beach Club
23838,"Hojgaard, Rasmus",935,TPC Toronto at Osprey Valley (North Course),sg_ott,2.869949291417773,2025-06-08,0.0221341786580733,925,Dunes Golf and Beach Club
23838,"Hojgaard, Rasmus",709,Royal Troon,sg_ott,2.0798470578290473,2024-07-21,-0.021038084745958387,925,Dunes Golf and Beach Club
23838,"Hojgaard, Rasmus",671,Valhalla Golf Club,sg_ott,1.9528588212201292,2024-05-19,-0.002623910213284114,925,Dunes Golf and Beach Club
23838,"Hojgaard, Rasmus",876,Detroit Golf Club,sg_ott,1.465427751738665,2025-06-29,0.0023583579836574894,925,Dunes Golf and Beach Club
23838,"Hojgaard, Rasmus",899,The Summit Club,sg_ott,0.7590363286635429,2021-10-17,-0.0007676282940925992,925,Dunes Golf and Beach Club
23838,"Hojgaard, Rasmus",887,Kasumigaseki Country Club,sg_ott,0.7027840352282995,2021-08-01,0.0008339078747703313,925,Dunes Golf and Beach Club
23838,"Hojgaard, Rasmus",538,TPC Summerlin,sg_ott,0.37687081371860137,2021-10-10,-0.0021216325220239727,925,Dunes Golf and Beach Club
23838,"Hojgaard, Rasmus",510,TPC Scottsdale (Stadium Course),sg_putt,6.2146717512445395,2026-02-08,0.029854558253604564,925,Dunes Golf and Beach Club
23838,"Hojgaard, Rasmus",4586,wentworth golf club,sg_total,3.1654472635823354,2025-09-14,-0.08139687878971964,925,Dunes Golf and Beach Club
23838,"Hojgaard, Rasmus",4584,crans-sur-sierre gc,sg_total,3.121439773112137,2025-08-31,0.05614700598233299,925,Dunes Golf and Beach Club
23838,"Hojgaard, Rasmus",4583,brabazon course at the belfry,sg_total,3.099665991844324,2025-08-24,0.006266358801394689,925,Dunes Golf and Beach Club
23838,"Hojgaard, Rasmus",4582,furesø golf klub,sg_total,3.0780440948303034,2025-08-17,0.06353199098133522,925,Dunes Golf and Beach Club
23838,"Hojgaard, Rasmus",4226,wentworth golf club,sg_total,3.0570229238293205,2023-09-17,-0.00563731165987246,925,Dunes Golf and Beach Club
23838,"Hojgaard, Rasmus",4223,albatross golf resort,sg_total,2.993494822137249,2023-08-27,-0.011541285981238283,925,Dunes Golf and Beach Club
23838,"Hojgaard, Rasmus",4565,emirates gc,sg_total,2.495014051671008,2025-01-19,0.018083934626303273,925,Dunes Golf and Beach Club
23838,"Hojgaard, Rasmus",4406,real club de golf sotogrande,sg_total,2.2779920181181663,2024-10-20,0.021029773290322292,925,Dunes Golf and Beach Club
23838,"Hojgaard, Rasmus",4402,le golf national,sg_total,2.2621017547981483,2024-10-13,0.005219141788112861,925,Dunes Golf and Beach Club
23838,"Hojgaard, Rasmus",4426,lübker golf resort,sg_total,2.1539306043766713,2024-08-25,-0.03433301897519294,925,Dunes Golf and Beach Club
23838,"Hojgaard, Rasmus",4372,al hamra gc,sg_total,1.7459422148207733,2024-01-28,0.025541249925300734,925,Dunes Golf and Beach Club
23838,"Hojgaard, Rasmus",4371,emirates gc,sg_total,1.7337632952660171,2024-01-21,0.017719556354224016,925,Dunes Golf and Beach Club
23838,"Hojgaard, Rasmus",4415,doha gc,sg_total,1.5940761643380565,2023-10-29,0.004397776682838135,925,Dunes Golf and Beach Club
23838,"Hojgaard, Rasmus",4013,marco simone gc,sg_total,1.550507593834148,2022-09-18,0.006401682357499365,925,Dunes Golf and Beach Club
23838,"Hojgaard, Rasmus",4201,pgm ishioka gc,sg_total,1.31955473948274,2023-04-23,6.792386385719653e-05,925,Dunes Golf and Beach Club
23838,"Hojgaard, Rasmus",4186,emirates gc,sg_total,1.2132398716088906,2023-01-29,0.0005036172018484563,925,Dunes Golf and Beach Club
23838,"Hojgaard, Rasmus",4383,green eagle golf courses,sg_total,0.9901955605618868,2024-06-02,-0.010551701180420677,925,Dunes Golf and Beach Club
23838,"Hojgaard, Rasmus",3993,bernardus golf,sg_total,0.9496083534842603,2022-05-29,0.00438308221711367,925,Dunes Golf and Beach Club
23838,"Hojgaard, Rasmus",3990,brabazon course at the belfry,sg_total,0.9298745086453666,2022-05-08,0.004578292405345693,925,Dunes Golf and Beach Club
23838,"Hojgaard, Rasmus",4111,pga catalunya resort,sg_total,0.923388115945381,2022-05-01,-0.003105593318689676,925,Dunes Golf and Beach Club
23838,"Hojgaard, Rasmus",4108,infinitum golf lakes course,sg_total,0.9169469694478314,2022-04-24,-0.015417087177578283,925,Dunes Golf and Beach Club
23838,"Hojgaard, Rasmus",4102,al hamra gc,sg_total,0.8549556874946465,2022-02-13,0.0009037865368527703,925,Dunes Golf and Beach Club
23838,"Hojgaard, Rasmus",3981,emirates gc,sg_total,0.8430697038920376,2022-01-30,-0.0009376672316992882,925,Dunes Golf and Beach Club
23838,"Hojgaard, Rasmus",3978,yas links,sg_total,0.8371888230612781,2022-01-23,0.003956111518491214,925,Dunes Golf and Beach Club
23838,"Hojgaard, Rasmus",4225,k club,sg_total,0.7589246214924351,2023-09-10,-0.004418889625983237,925,Dunes Golf and Beach Club
23838,"Hojgaard, Rasmus",3961,london gc,sg_total,0.7126922070915936,2021-08-15,0.010083439653851528,925,Dunes Golf and Beach Club
23838,"Hojgaard, Rasmus",3866,golfclub münchen eichenried,sg_total,0.6786120708757944,2021-06-27,0.002887553298853112,925,Dunes Golf and Beach Club
23838,"Hojgaard, Rasmus",4397,old course st andrews,sg_total,0.5615805837291813,2024-10-06,-0.040313344555951175,925,Dunes Golf and Beach Club
23838,"Hojgaard, Rasmus",3930,wentworth golf club,sg_total,0.5237684200173037,2020-10-11,-0.0023068749383931783,925,Dunes Golf and Beach Club
23838,"Hojgaard, Rasmus",3923,renaissance club,sg_total,0.5201148435137036,2020-10-04,-0.0010502694021080209,925,Dunes Golf and Beach Club
23838,"Hojgaard, Rasmus",3907,education city gc,sg_total,0.516283993489992,2021-03-14,-0.0026333174514021874,925,Dunes Golf and Beach Club
23838,"Hojgaard, Rasmus",3937,real club valderrama,sg_total,0.5057536232333764,2020-09-06,-0.00037900209491821595,925,Dunes Golf and Beach Club
23838,"Hojgaard, Rasmus",4056,frederikshavn golfklub,sg_total,0.5022257099727888,2020-08-30,0.008222663109403066,925,Dunes Golf and Beach Club
23838,"Hojgaard, Rasmus",3863,green eagle golf courses,sg_total,0.4983823570404992,2021-06-06,-0.0006432131653291264,925,Dunes Golf and Beach Club
23838,"Hojgaard, Rasmus",4000,mount juliet estate,sg_total,0.4917165632545296,2022-07-03,-0.014581425469669292,925,Dunes Golf and Beach Club
23838,"Hojgaard, Rasmus",4230,kingsbarns golf links,sg_total,0.39023740277199187,2023-10-08,0.0014503264195540578,925,Dunes Golf and Beach Club
23838,"Hojgaard, Rasmus",4074,pga national cyprus course,sg_total,0.2693205913910117,2020-11-08,-0.002268422680338105,925,Dunes Golf and Beach Club
23838,"Hojgaard, Rasmus",4193,kingsbarns golf links,sg_total,0.26928095555244996,2022-10-02,0.001647581352998413,925,Dunes Golf and Beach Club
23838,"Hojgaard, Rasmus",4192,carnoustie,sg_total,0.26928095555244996,2022-10-02,0.005634470200494274,925,Dunes Golf and Beach Club
23838,"Hojgaard, Rasmus",3664,silkeborg ry gc,sg_total,0.12125581161836792,2018-09-02,-0.0008258217050039728,925,Dunes Golf and Beach Club
11276,"Horschel, Billy",12,Harbour Town Golf Links,sg_app,9.943358683396662,2026-04-19,-0.035893217077128295,925,Dunes Golf and Beach Club
11276,"Horschel, Billy",6,Waialae Country Club,sg_app,8.722948436799157,2026-01-18,-0.0338429607011707,925,Dunes Golf and Beach Club
11276,"Horschel, Billy",734,PGA National Resort (The Champion),sg_app,3.258547224175048,2023-02-26,-0.005495374482663442,925,Dunes Golf and Beach Club
11276,"Horschel, Billy",709,Royal Troon,sg_app,2.0798470578290473,2024-07-21,0.05389320344217127,925,Dunes Golf and Beach Club
11276,"Horschel, Billy",43,The Los Angeles Country Club (North Course),sg_app,1.3955580360406135,2023-06-18,0.008879128281527843,925,Dunes Golf and Beach Club
11276,"Horschel, Billy",668,St. Andrews Links (Old Course),sg_app,0.9972980180619004,2022-07-17,0.002164407821608536,925,Dunes Golf and Beach Club
11276,"Horschel, Billy",744,Torrey Pines (South),sg_app,0.3369391868246024,2021-06-20,0.005606306945886657,925,Dunes Golf and Beach Club
11276,"Horschel, Billy",666,Pebble Beach Golf Links,sg_app,0.32312835884991714,2019-06-16,0.0006995103278981254,925,Dunes Golf and Beach Club
11276,"Horschel, Billy",789,Conway Farms GC,sg_app,0.29298493591929836,2017-09-17,-0.0015962271837723129,925,Dunes Golf and Beach Club
11276,"Horschel, Billy",773,Aronimink GC,sg_app,0.25306060345007725,2018-09-09,0.004078740658338495,925,Dunes Golf and Beach Club
11276,"Horschel, Billy",873,Ridgewood CC,sg_app,0.24081996956949417,2018-08-26,0.0031077382521518216,925,Dunes Golf and Beach Club
11276,"Horschel, Billy",534,Bellerive CC,sg_app,0.2374719806019354,2018-08-12,0.005007694982451602,925,Dunes Golf and Beach Club
11276,"Horschel, Billy",527,Saucon Valley CC,sg_app,0.11792509562915976,2016-09-11,0.003035495897326161,925,Dunes Golf and Beach Club
11276,"Horschel, Billy",24,Congressional CC (Blue),sg_app,0.089359556080373,2014-06-29,-0.00021006261462331918,925,Dunes Golf and Beach Club
11276,"Horschel, Billy",238,Glen Oaks Club,sg_app,0.0836718381860486,2017-08-27,-0.0020321032225978034,925,Dunes Golf and Beach Club
11276,"Horschel, Billy",706,Whistling Straits,sg_app,0.0796824722558235,2015-08-16,-0.0008191035439733427,925,Dunes Golf and Beach Club
11276,"Horschel, Billy",505,Cherry Hills CC,sg_app,0.05654572710431851,2014-09-07,0.0001340603125137658,925,Dunes Golf and Beach Club
11276,"Horschel, Billy",762,Liberty National GC,sg_app,0.01937342844710392,2013-08-25,-0.0010410499109302835,925,Dunes Golf and Beach Club
11276,"Horschel, Billy",977,The Renaissance Club,sg_arg,2.963025999029484,2024-07-14,-0.002978264499569442,925,Dunes Golf and Beach Club
11276,"Horschel, Billy",709,Royal Troon,sg_arg,2.0798470578290473,2024-07-21,0.02718883537009845,925,Dunes Golf and Beach Club
11276,"Horschel, Billy",528,Pinehurst Resort & Country Club (Course No. 2),sg_arg,2.008311584027092,2024-06-16,0.002558647146287066,925,Dunes Golf and Beach Club
11276,"Horschel, Billy",671,Valhalla Golf Club,sg_arg,2.0078432284486865,2024-05-19,0.0025250673260601027,925,Dunes Golf and Beach Club
11276,"Horschel, Billy",939,Torrey Pines Golf Course (South Course),sg_arg,1.2829308416546397,2025-02-16,-0.007159985354721348,925,Dunes Golf and Beach Club
11276,"Horschel, Billy",668,St. Andrews Links (Old Course),sg_arg,0.9972980180619004,2022-07-17,0.006550390045307274,925,Dunes Golf and Beach Club
11276,"Horschel, Billy",724,Royal Liverpool,sg_arg,0.7226337034486771,2023-07-23,0.001302625224335476,925,Dunes Golf and Beach Club
11276,"Horschel, Billy",891,Winged Foot GC,sg_arg,0.512883969923526,2020-09-20,5.0623395524981514e-05,925,Dunes Golf and Beach Club
11276,"Horschel, Billy",893,Muirfield Village Golf Club,sg_arg,0.47820984388552373,2020-07-12,-5.435111978926601e-05,925,Dunes Golf and Beach Club
11276,"Horschel, Billy",666,Pebble Beach Golf Links,sg_arg,0.32312835884991714,2019-06-16,0.00116972222617649,925,Dunes Golf and Beach Club
11276,"Horschel, Billy",24,Congressional CC (Blue),sg_arg,0.089359556080373,2014-06-29,0.00047229397229648143,925,Dunes Golf and Beach Club
11276,"Horschel, Billy",238,Glen Oaks Club,sg_arg,0.0836718381860486,2017-08-27,0.0002904803076690407,925,Dunes Golf and Beach Club
11276,"Horschel, Billy",649,Hualalai Golf Course,sg_arg,0.07693838763004027,2015-01-25,-0.0007311614888085204,925,Dunes Golf and Beach Club
11276,"Horschel, Billy",609,Annandale GC,sg_arg,0.043939081780689365,2012-07-22,0.00021938115393449475,925,Dunes Golf and Beach Club
11276,"Horschel, Billy",698,Quail Hollow Club,sg_arg,0.016727425871030117,2011-05-08,0.00013289951779330613,925,Dunes Golf and Beach Club
11276,"Horschel, Billy",716,Shaughnessy G&CC,sg_arg,0.009033161885225332,2011-07-24,1.6057233935228494e-05,925,Dunes Golf and Beach Club
11276,"Horschel, Billy",897,Memorial Park Golf Course,sg_ott,3.784901200313472,2026-03-29,0.006529764290637615,925,Dunes Golf and Beach Club
11276,"Horschel, Billy",734,PGA National Resort (The Champion),sg_ott,3.258547224175048,2023-02-26,-0.002408924305687634,925,Dunes Golf and Beach Club
11276,"Horschel, Billy",688,East Lake Golf Club,sg_ott,2.618601478080948,2022-08-28,0.0067976701446595175,925,Dunes Golf and Beach Club
11276,"Horschel, Billy",709,Royal Troon,sg_ott,2.0798470578290473,2024-07-21,0.020662415704885615,925,Dunes Golf and Beach Club
11276,"Horschel, Billy",528,Pinehurst Resort & Country Club (Course No. 2),sg_ott,2.008311584027092,2024-06-16,0.0057632920777215485,925,Dunes Golf and Beach Club
11276,"Horschel, Billy",671,Valhalla Golf Club,sg_ott,2.0078432284486865,2024-05-19,-0.0051935470931214625,925,Dunes Golf and Beach Club
11276,"Horschel, Billy",901,Wilmington Country Club,sg_ott,1.0328214830517066,2022-08-21,-0.005234374010112866,925,Dunes Golf and Beach Club
11276,"Horschel, Billy",240,Club de Golf Chapultepec,sg_ott,0.7046267196959404,2020-02-23,0.004466513848732261,925,Dunes Golf and Beach Club
11276,"Horschel, Billy",2000,Sherwood Country Club,sg_ott,0.5311527475801966,2020-10-25,-0.0015286080704727428,925,Dunes Golf and Beach Club
11276,"Horschel, Billy",654,The Country Club,sg_ott,0.48488049549866585,2022-06-19,-0.00020852147942984197,925,Dunes Golf and Beach Club
11276,"Horschel, Billy",348,Medinah Country Club (No. 3),sg_ott,0.3441403746919263,2019-08-18,-0.0002904566962697469,925,Dunes Golf and Beach Club
11276,"Horschel, Billy",876,Detroit Golf Club,sg_ott,0.32768397074902506,2019-06-30,-0.0010956689001577194,925,Dunes Golf and Beach Club
11276,"Horschel, Billy",534,Bellerive CC,sg_ott,0.2374719806019354,2018-08-12,0.0006278922158621169,925,Dunes Golf and Beach Club
11276,"Horschel, Billy",538,TPC Summerlin,sg_ott,0.21844856683539224,2017-11-05,0.00021281704411775157,925,Dunes Golf and Beach Club
11276,"Horschel, Billy",8,Trump National Doral - Blue Monster Course,sg_ott,0.212586453709045,2016-03-06,0.0008978454973194716,925,Dunes Golf and Beach Club
11276,"Horschel, Billy",505,Cherry Hills CC,sg_ott,0.05654572710431851,2014-09-07,0.0003043817635205342,925,Dunes Golf and Beach Club
11276,"Horschel, Billy",669,TPC Deere Run,sg_ott,0.034725003456317335,2012-07-15,0.00013794937886924146,925,Dunes Golf and Beach Club
11276,"Horschel, Billy",510,TPC Scottsdale (Stadium Course),sg_putt,8.79111680121858,2026-02-08,-0.0028114192053297067,925,Dunes Golf and Beach Club
11276,"Horschel, Billy",503,TPC River Highlands,sg_putt,3.1838754360495347,2024-06-23,-0.015997493974846476,925,Dunes Golf and Beach Club
11276,"Horschel, Billy",872,Quail Hollow Club,sg_putt,1.939236543069373,2024-05-12,-0.001759867116977044,925,Dunes Golf and Beach Club
11276,"Horschel, Billy",240,Club de Golf Chapultepec,sg_putt,0.7046267196959404,2020-02-23,0.001311740516341386,925,Dunes Golf and Beach Club
11276,"Horschel, Billy",898,The Concession Golf Club,sg_putt,0.6024770902147517,2021-02-28,0.005800573333418446,925,Dunes Golf and Beach Club
11276,"Horschel, Billy",895,TPC Harding Park,sg_putt,0.491788939699716,2020-08-09,0.0005174598847799094,925,Dunes Golf and Beach Club
11276,"Horschel, Billy",744,Torrey Pines (South),sg_putt,0.3369391868246024,2021-06-20,-0.008583935513606053,925,Dunes Golf and Beach Club
11276,"Horschel, Billy",505,Cherry Hills CC,sg_putt,0.05654572710431851,2014-09-07,0.0022438444335315237,925,Dunes Golf and Beach Club
11276,"Horschel, Billy",4586,wentworth golf club,sg_total,3.1654472635823354,2025-09-14,-0.037513116820437176,925,Dunes Golf and Beach Club
11276,"Horschel, Billy",4226,wentworth golf club,sg_total,3.0570229238293205,2023-09-17,0.025890149779828227,925,Dunes Golf and Beach Club
11276,"Horschel, Billy",4225,k club,sg_total,1.5178492429848702,2023-09-10,-0.005417766830562865,925,Dunes Golf and Beach Club
11276,"Horschel, Billy",4402,le golf national,sg_total,1.1310508773990742,2024-10-13,-0.04184237147320118,925,Dunes Golf and Beach Club
11276,"Horschel, Billy",778,Royal St. George's GC,sg_total,0.6930136112857708,2021-07-18,-0.00274543785963633,925,Dunes Golf and Beach Club
11276,"Horschel, Billy",4397,old course st andrews,sg_total,0.5615805837291813,2024-10-06,-0.025908054307980634,925,Dunes Golf and Beach Club
11276,"Horschel, Billy",4230,kingsbarns golf links,sg_total,0.39023740277199187,2023-10-08,-0.0011654635358774462,925,Dunes Golf and Beach Club
11276,"Horschel, Billy",4193,kingsbarns golf links,sg_total,0.26928095555244996,2022-10-02,0.010599558624545148,925,Dunes Golf and Beach Club
11276,"Horschel, Billy",4192,carnoustie,sg_total,0.26928095555244996,2022-10-02,-0.005727311288456297,925,Dunes Golf and Beach Club
11276,"Horschel, Billy",3974,carnoustie,sg_total,0.1871209649253546,2021-10-03,0.00031959890458300907,925,Dunes Golf and Beach Club
11276,"Horschel, Billy",763,PGA West (Nicklaus),sg_total,0.04165985015646405,2015-01-25,3.292557832192459e-05,925,Dunes Golf and Beach Club
11276,"Horschel, Billy",558,Oak Hill CC,sg_total,0.01910409021564146,2013-08-11,-0.0001830980206017077,925,Dunes Golf and Beach Club
15470,"Hossler, Beau",925,Dunes Golf and Beach Club,sg_app,3.334589195211435,2025-05-11,-0.039671009783428426,925,Dunes Golf and Beach Club
15470,"Hossler, Beau",12,Harbour Town Golf Links,sg_app,2.4455870688065726,2023-04-16,0.0036722259786406827,925,Dunes Golf and Beach Club
15470,"Hossler, Beau",6,Waialae Country Club,sg_app,2.3071751983536815,2026-01-18,-0.009960910716624298,925,Dunes Golf and Beach Club
15470,"Hossler, Beau",734,PGA National Resort (The Champion),sg_app,1.900928160307298,2022-02-27,0.015823136836528723,925,Dunes Golf and Beach Club
15470,"Hossler, Beau",773,Aronimink GC,sg_app,0.2442151600220386,2018-09-09,-0.0012023182554863243,925,Dunes Golf and Beach Club
15470,"Hossler, Beau",873,Ridgewood CC,sg_app,0.24081996956949417,2018-08-26,0.0015536169245525956,925,Dunes Golf and Beach Club
15470,"Hossler, Beau",534,Bellerive CC,sg_app,0.1187359903009677,2018-08-12,-0.0029520923235818244,925,Dunes Golf and Beach Club
15470,"Hossler, Beau",925,Dunes Golf and Beach Club,sg_arg,3.334589195211435,2025-05-11,0.016529351075021556,925,Dunes Golf and Beach Club
15470,"Hossler, Beau",528,Pinehurst Resort & Country Club (Course No. 2),sg_arg,1.004155792013546,2024-06-16,-0.0001863484006867968,925,Dunes Golf and Beach Club
15470,"Hossler, Beau",671,Valhalla Golf Club,sg_arg,0.9764294106100646,2024-05-19,0.006187506581311468,925,Dunes Golf and Beach Club
15470,"Hossler, Beau",893,Muirfield Village Golf Club,sg_arg,0.23910492194276187,2020-07-12,0.00011630902742155766,925,Dunes Golf and Beach Club
15470,"Hossler, Beau",897,Memorial Park Golf Course,sg_ott,7.879272408424336,2026-03-29,-0.026510523797915898,925,Dunes Golf and Beach Club
15470,"Hossler, Beau",876,Detroit Golf Club,sg_ott,7.771114233499475,2025-06-29,0.00025520774603441325,925,Dunes Golf and Beach Club
15470,"Hossler, Beau",669,TPC Deere Run,sg_ott,7.103943720116095,2025-07-06,0.004567721116018185,925,Dunes Golf and Beach Club
15470,"Hossler, Beau",538,TPC Summerlin,sg_ott,6.257547243915255,2024-10-20,-0.002697413158627228,925,Dunes Golf and Beach Club
15470,"Hossler, Beau",925,Dunes Golf and Beach Club,sg_ott,3.334589195211435,2025-05-11,-0.0031323192397387373,925,Dunes Golf and Beach Club
15470,"Hossler, Beau",935,TPC Toronto at Osprey Valley (North Course),sg_ott,2.869949291417773,2025-06-08,-0.010263291991238483,925,Dunes Golf and Beach Club
15470,"Hossler, Beau",874,Hamilton Golf & Country Club,sg_ott,1.9803911211237737,2024-06-02,0.0018308708323469794,925,Dunes Golf and Beach Club
15470,"Hossler, Beau",734,PGA National Resort (The Champion),sg_ott,1.900928160307298,2022-02-27,-0.00042993317935569465,925,Dunes Golf and Beach Club
15470,"Hossler, Beau",528,Pinehurst Resort & Country Club (Course No. 2),sg_ott,1.004155792013546,2024-06-16,-0.025636968461581776,925,Dunes Golf and Beach Club
15470,"Hossler, Beau",671,Valhalla Golf Club,sg_ott,0.9764294106100646,2024-05-19,-0.007219326211148026,925,Dunes Golf and Beach Club
15470,"Hossler, Beau",654,The Country Club,sg_ott,0.9697609909973317,2022-06-19,0.0010356287677115888,925,Dunes Golf and Beach Club
15470,"Hossler, Beau",534,Bellerive CC,sg_ott,0.1187359903009677,2018-08-12,-0.0007942393317720222,925,Dunes Golf and Beach Club
15470,"Hossler, Beau",510,TPC Scottsdale (Stadium Course),sg_putt,7.157881650383413,2025-02-09,0.013672933435868916,925,Dunes Golf and Beach Club
15470,"Hossler, Beau",925,Dunes Golf and Beach Club,sg_putt,3.334589195211435,2025-05-11,-0.01784697096468153,925,Dunes Golf and Beach Club
15470,"Hossler, Beau",503,TPC River Highlands,sg_putt,2.732651256161005,2023-06-25,0.009401609433910385,925,Dunes Golf and Beach Club
15470,"Hossler, Beau",872,Quail Hollow Club,sg_putt,2.5094617655001703,2023-05-07,-0.00716952836726014,925,Dunes Golf and Beach Club
15470,"Hossler, Beau",801,The Club at Indian Creek,sg_total,0.1615879602813504,2017-07-23,0.00015429414085072816,925,Dunes Golf and Beach Club
16333,"Hubbard, Mark",6,Waialae Country Club,sg_app,9.805084225996588,2026-01-18,-0.013382349507882458,925,Dunes Golf and Beach Club
16333,"Hubbard, Mark",734,PGA National Resort (The Champion),sg_app,3.3153036362875885,2023-02-26,0.010461360669278469,925,Dunes Golf and Beach Club
16333,"Hubbard, Mark",925,Dunes Golf and Beach Club,sg_app,2.790705304284124,2025-05-11,0.02845693928511546,925,Dunes Golf and Beach Club
16333,"Hubbard, Mark",12,Harbour Town Golf Links,sg_app,2.2923946682407146,2023-04-16,0.004310892416715092,925,Dunes Golf and Beach Club
16333,"Hubbard, Mark",908,Oakdale Golf & Country Club,sg_app,1.3858232413202296,2023-06-11,0.03616339913843647,925,Dunes Golf and Beach Club
16333,"Hubbard, Mark",24,Congressional CC (Blue),sg_app,0.1091856495286147,2016-06-26,0.0006217296851649663,925,Dunes Golf and Beach Club
16333,"Hubbard, Mark",925,Dunes Golf and Beach Club,sg_arg,2.790705304284124,2025-05-11,0.002998865680317628,925,Dunes Golf and Beach Club
16333,"Hubbard, Mark",528,Pinehurst Resort & Country Club (Course No. 2),sg_arg,2.008311584027092,2024-06-16,0.002054590161370813,925,Dunes Golf and Beach Club
16333,"Hubbard, Mark",671,Valhalla Golf Club,sg_arg,1.9528588212201292,2024-05-19,0.000842783548824039,925,Dunes Golf and Beach Club
16333,"Hubbard, Mark",939,Torrey Pines Golf Course (South Course),sg_arg,1.2829308416546397,2025-02-16,0.002804007492202781,925,Dunes Golf and Beach Club
16333,"Hubbard, Mark",977,The Renaissance Club,sg_arg,1.0326694829935088,2024-07-14,0.0041004438753009746,925,Dunes Golf and Beach Club
16333,"Hubbard, Mark",891,Winged Foot GC,sg_arg,0.256441984961763,2020-09-20,-0.0013922819988706368,925,Dunes Golf and Beach Club
16333,"Hubbard, Mark",698,Quail Hollow Club,sg_arg,0.14034026932392452,2016-05-08,0.00026465888607761067,925,Dunes Golf and Beach Club
16333,"Hubbard, Mark",893,Muirfield Village Golf Club,sg_arg,0.11955246097138093,2020-07-12,-0.0012889449482529755,925,Dunes Golf and Beach Club
16333,"Hubbard, Mark",24,Congressional CC (Blue),sg_arg,0.1091856495286147,2016-06-26,-0.0004464806861257398,925,Dunes Golf and Beach Club
16333,"Hubbard, Mark",235,Eagle Point Golf Club,sg_arg,0.07480632644473585,2017-05-07,0.00012824626766204343,925,Dunes Golf and Beach Club
16333,"Hubbard, Mark",649,Hualalai Golf Course,sg_arg,0.032521534162714284,2015-01-25,4.99283291140577e-05,925,Dunes Golf and Beach Club
16333,"Hubbard, Mark",669,TPC Deere Run,sg_ott,8.31366948400025,2025-07-06,-0.0008471396667796572,925,Dunes Golf and Beach Club
16333,"Hubbard, Mark",876,Detroit Golf Club,sg_ott,6.997340578315457,2025-06-29,0.0019121795520313785,925,Dunes Golf and Beach Club
16333,"Hubbard, Mark",897,Memorial Park Golf Course,sg_ott,6.223167118032948,2026-03-29,-0.010461368571511274,925,Dunes Golf and Beach Club
16333,"Hubbard, Mark",538,TPC Summerlin,sg_ott,5.6735072736628815,2024-10-20,0.025318162201844758,925,Dunes Golf and Beach Club
16333,"Hubbard, Mark",734,PGA National Resort (The Champion),sg_ott,3.3153036362875885,2023-02-26,0.004468212793418992,925,Dunes Golf and Beach Club
16333,"Hubbard, Mark",935,TPC Toronto at Osprey Valley (North Course),sg_ott,2.869949291417773,2025-06-08,0.010184926025602243,925,Dunes Golf and Beach Club
16333,"Hubbard, Mark",925,Dunes Golf and Beach Club,sg_ott,2.790705304284124,2025-05-11,0.02450707409908818,925,Dunes Golf and Beach Club
16333,"Hubbard, Mark",528,Pinehurst Resort & Country Club (Course No. 2),sg_ott,2.008311584027092,2024-06-16,0.0042187988413264375,925,Dunes Golf and Beach Club
16333,"Hubbard, Mark",874,Hamilton Golf & Country Club,sg_ott,1.9803911211237737,2024-06-02,-0.0009910241799844725,925,Dunes Golf and Beach Club
16333,"Hubbard, Mark",671,Valhalla Golf Club,sg_ott,1.9528588212201292,2024-05-19,0.008799449254266227,925,Dunes Golf and Beach Club
16333,"Hubbard, Mark",908,Oakdale Golf & Country Club,sg_ott,1.3858232413202296,2023-06-11,-0.0042726829637761915,925,Dunes Golf and Beach Club
16333,"Hubbard, Mark",2000,Sherwood Country Club,sg_ott,0.5311527475801966,2020-10-25,-0.0001377115697050512,925,Dunes Golf and Beach Club
16333,"Hubbard, Mark",510,TPC Scottsdale (Stadium Course),sg_putt,6.721639213478155,2026-02-08,-0.027418853649821,925,Dunes Golf and Beach Club
16333,"Hubbard, Mark",503,TPC River Highlands,sg_putt,3.0624257621218267,2023-06-25,0.008733984561847019,925,Dunes Golf and Beach Club
16333,"Hubbard, Mark",925,Dunes Golf and Beach Club,sg_putt,2.790705304284124,2025-05-11,0.03268268462700583,925,Dunes Golf and Beach Club
16333,"Hubbard, Mark",872,Quail Hollow Club,sg_putt,1.6612392319312084,2023-05-07,-0.0002222135510193443,925,Dunes Golf and Beach Club
16333,"Hubbard, Mark",895,TPC Harding Park,sg_putt,0.491788939699716,2020-08-09,-0.0005386733234659071,925,Dunes Golf and Beach Club
16333,"Hubbard, Mark",807,Lakewood National Golf Club - Commander Course,sg_total,1.1478372503164334,2022-02-20,0.02339571185554541,925,Dunes Golf and Beach Club
16333,"Hubbard, Mark",801,The Club at Indian Creek,sg_total,0.5664785980266284,2019-07-21,0.005453408709003996,925,Dunes Golf and Beach Club
16333,"Hubbard, Mark",735,Fundadores Course,sg_total,0.24042227989222575,2019-02-03,-0.004642548167664648,925,Dunes Golf and Beach Club
16333,"Hubbard, Mark",763,PGA West (Nicklaus),sg_total,0.016260767081357142,2015-01-25,0.0004264798867770777,925,Dunes Golf and Beach Club
16394,"Jaeger, Stephan",6,Waialae Country Club,sg_app,6.280826557123969,2025-01-12,0.015038523317680394,925,Dunes Golf and Beach Club
16394,"Jaeger, Stephan",12,Harbour Town Golf Links,sg_app,5.742099190054253,2025-04-20,0.01522524212723287,925,Dunes Golf and Beach Club
16394,"Jaeger, Stephan",734,PGA National Resort (The Champion),sg_app,2.4332641070573366,2023-02-26,0.01194421557724609,925,Dunes Golf and Beach Club
16394,"Jaeger, Stephan",885,Royal Portrush Golf Club,sg_app,1.4965271351571305,2025-07-20,-0.0052354536763665966,925,Dunes Golf and Beach Club
16394,"Jaeger, Stephan",709,Royal Troon,sg_app,1.0399235289145237,2024-07-21,-0.003976980979597896,925,Dunes Golf and Beach Club
16394,"Jaeger, Stephan",379,The Philadelphia Cricket Club (Wissahickon Course),sg_arg,2.790705304284124,2025-05-11,0.009483321078578825,925,Dunes Golf and Beach Club
16394,"Jaeger, Stephan",939,Torrey Pines Golf Course (South Course),sg_arg,2.5658616833092793,2025-02-16,0.00018782615831377557,925,Dunes Golf and Beach Club
16394,"Jaeger, Stephan",250,Le Golf National,sg_arg,2.109169696172194,2024-08-04,-0.00711580933172782,925,Dunes Golf and Beach Club
16394,"Jaeger, Stephan",528,Pinehurst Resort & Country Club (Course No. 2),sg_arg,2.008311584027092,2024-06-16,0.012550359158548782,925,Dunes Golf and Beach Club
16394,"Jaeger, Stephan",671,Valhalla Golf Club,sg_arg,1.9528588212201292,2024-05-19,-0.028001078325210652,925,Dunes Golf and Beach Club
16394,"Jaeger, Stephan",709,Royal Troon,sg_arg,1.0399235289145237,2024-07-21,-0.0015822346058062067,925,Dunes Golf and Beach Club
16394,"Jaeger, Stephan",891,Winged Foot GC,sg_arg,1.025767939847052,2020-09-20,0.005763226134194184,925,Dunes Golf and Beach Club
16394,"Jaeger, Stephan",977,The Renaissance Club,sg_arg,0.495170654412169,2022-07-10,-0.0003130924871343759,925,Dunes Golf and Beach Club
16394,"Jaeger, Stephan",897,Memorial Park Golf Course,sg_ott,10.290166236687448,2026-03-29,0.008739283585720634,925,Dunes Golf and Beach Club
16394,"Jaeger, Stephan",876,Detroit Golf Club,sg_ott,5.074174215255277,2025-06-29,-0.016025807816753928,925,Dunes Golf and Beach Club
16394,"Jaeger, Stephan",669,TPC Deere Run,sg_ott,3.2619261293935726,2025-07-06,0.01490661734923354,925,Dunes Golf and Beach Club
16394,"Jaeger, Stephan",538,TPC Summerlin,sg_ott,2.9091751187366532,2024-10-20,-6.601755456453175e-05,925,Dunes Golf and Beach Club
16394,"Jaeger, Stephan",734,PGA National Resort (The Champion),sg_ott,2.4332641070573366,2023-02-26,0.009161543028949533,925,Dunes Golf and Beach Club
16394,"Jaeger, Stephan",250,Le Golf National,sg_ott,2.109169696172194,2024-08-04,0.0032217145997488687,925,Dunes Golf and Beach Club
16394,"Jaeger, Stephan",528,Pinehurst Resort & Country Club (Course No. 2),sg_ott,2.008311584027092,2024-06-16,0.0014554389254653412,925,Dunes Golf and Beach Club
16394,"Jaeger, Stephan",671,Valhalla Golf Club,sg_ott,1.9528588212201292,2024-05-19,-0.006960726574208654,925,Dunes Golf and Beach Club
16394,"Jaeger, Stephan",885,Royal Portrush Golf Club,sg_ott,1.4965271351571305,2025-07-20,-0.06488370296908985,925,Dunes Golf and Beach Club
16394,"Jaeger, Stephan",709,Royal Troon,sg_ott,1.0399235289145237,2024-07-21,-0.00360508256223013,925,Dunes Golf and Beach Club
16394,"Jaeger, Stephan",874,Hamilton Golf & Country Club,sg_ott,0.32087435854286944,2019-06-09,0.001217822468614694,925,Dunes Golf and Beach Club
16394,"Jaeger, Stephan",503,TPC River Highlands,sg_putt,7.151876209619214,2025-06-22,-0.027672492888557863,925,Dunes Golf and Beach Club
16394,"Jaeger, Stephan",510,TPC Scottsdale (Stadium Course),sg_putt,5.27828021130966,2026-02-08,0.019135374473553787,925,Dunes Golf and Beach Club
16394,"Jaeger, Stephan",872,Quail Hollow Club,sg_putt,3.5399658355798955,2024-05-12,0.001777408020693885,925,Dunes Golf and Beach Club
16394,"Jaeger, Stephan",801,The Club at Indian Creek,sg_total,1.1184593863159624,2021-08-15,0.011288534604538027,925,Dunes Golf and Beach Club
16394,"Jaeger, Stephan",82,Greystone Golf & Country Club,sg_total,0.6598744832905258,2021-05-30,-0.007052557947453192,925,Dunes Golf and Beach Club
16394,"Jaeger, Stephan",69,The Grove,sg_total,0.6461616082735558,2021-05-09,0.013634210537826362,925,Dunes Golf and Beach Club
16394,"Jaeger, Stephan",807,Lakewood National Golf Club - Commander Course,sg_total,0.41283567816757105,2020-02-16,-0.0019806499066864535,925,Dunes Golf and Beach Club
16394,"Jaeger, Stephan",3866,golfclub münchen eichenried,sg_total,0.3393060354378972,2021-06-27,-0.014451585599780912,925,Dunes Golf and Beach Club
16394,"Jaeger, Stephan",735,Fundadores Course,sg_total,0.3074669395014874,2020-02-09,-0.014159644241711865,925,Dunes Golf and Beach Club
16394,"Jaeger, Stephan",3653,golf club gut laerchenhof,sg_total,0.11305816938064608,2018-06-24,-0.0014816397118247553,925,Dunes Golf and Beach Club
26947,"Jarvis, Casey",4586,wentworth golf club,sg_total,6.330894527164671,2025-09-14,0.01880476800791316,925,Dunes Golf and Beach Club
26947,"Jarvis, Casey",4727,emirates gc,sg_total,3.6157321315434565,2026-01-25,-0.017709907231314923,925,Dunes Golf and Beach Club
26947,"Jarvis, Casey",4693,delhi gc,sg_total,3.2781995733317024,2025-10-19,0.02181280541046209,925,Dunes Golf and Beach Club
26947,"Jarvis, Casey",4585,k club,sg_total,3.143366505553382,2025-09-07,0.015434453828588044,925,Dunes Golf and Beach Club
26947,"Jarvis, Casey",4584,crans-sur-sierre gc,sg_total,3.121439773112137,2025-08-31,-0.011566637747674663,925,Dunes Golf and Beach Club
26947,"Jarvis, Casey",4568,muthaiga gc,sg_total,2.583885725642498,2025-02-23,0.010695862440968996,925,Dunes Golf and Beach Club
26947,"Jarvis, Casey",4565,emirates gc,sg_total,2.495014051671008,2025-01-19,0.007011602248021207,925,Dunes Golf and Beach Club
26947,"Jarvis, Casey",4559,leopard creek cc,sg_total,2.4091990819322615,2024-12-15,0.034234394378280346,925,Dunes Golf and Beach Club
26947,"Jarvis, Casey",4183,mont choisy le golf,sg_total,2.3266780989428124,2022-12-18,-0.002524484113751237,925,Dunes Golf and Beach Club
26947,"Jarvis, Casey",4406,real club de golf sotogrande,sg_total,2.2779920181181663,2024-10-20,0.004937549703533539,925,Dunes Golf and Beach Club
26947,"Jarvis, Casey",4402,le golf national,sg_total,2.2621017547981483,2024-10-13,0.01693961608134487,925,Dunes Golf and Beach Club
26947,"Jarvis, Casey",4383,green eagle golf courses,sg_total,1.9803911211237737,2024-06-02,-0.013024773940146278,925,Dunes Golf and Beach Club
26947,"Jarvis, Casey",4371,emirates gc,sg_total,1.7337632952660171,2024-01-21,0.00816737826294769,925,Dunes Golf and Beach Club
26947,"Jarvis, Casey",4367,leopard creek cc,sg_total,1.6624532304963535,2023-12-10,0.03019865332908722,925,Dunes Golf and Beach Club
26947,"Jarvis, Casey",4583,brabazon course at the belfry,sg_total,1.549832995922162,2025-08-24,-0.002257065486889425,925,Dunes Golf and Beach Club
26947,"Jarvis, Casey",4582,furesø golf klub,sg_total,1.5390220474151517,2025-08-17,-0.00680312599041772,925,Dunes Golf and Beach Club
26947,"Jarvis, Casey",4575,international,sg_total,1.4349746457088866,2025-06-08,-0.023369967201783807,925,Dunes Golf and Beach Club
26947,"Jarvis, Casey",4569,durban country club,sg_total,1.301018189446633,2025-03-02,-0.005385700177586112,925,Dunes Golf and Beach Club
26947,"Jarvis, Casey",4426,lübker golf resort,sg_total,1.0769653021883356,2024-08-25,-0.01263792041618994,925,Dunes Golf and Beach Club
26947,"Jarvis, Casey",4382,rinkven international gc,sg_total,0.9832883949219302,2024-05-26,-0.01037270386121756,925,Dunes Golf and Beach Club
26947,"Jarvis, Casey",4372,al hamra gc,sg_total,0.8729711074103866,2024-01-28,-0.01673809419932676,925,Dunes Golf and Beach Club
26947,"Jarvis, Casey",4602,carnoustie,sg_total,0.8081561372164884,2025-10-05,-0.025142871157528033,925,Dunes Golf and Beach Club
26947,"Jarvis, Casey",4397,old course st andrews,sg_total,0.5615805837291813,2024-10-06,0.009618939596231,925,Dunes Golf and Beach Club
26947,"Jarvis, Casey",4230,kingsbarns golf links,sg_total,0.39023740277199187,2023-10-08,0.0040749180060046086,925,Dunes Golf and Beach Club
26947,"Jarvis, Casey",3907,education city gc,sg_total,0.3208271355503455,2021-05-02,-0.000497927160470877,925,Dunes Golf and Beach Club
26947,"Jarvis, Casey",4193,kingsbarns golf links,sg_total,0.26928095555244996,2022-10-02,0.004926953514052928,925,Dunes Golf and Beach Club
26947,"Jarvis, Casey",4192,carnoustie,sg_total,0.26928095555244996,2022-10-02,0.0009413905960356137,925,Dunes Golf and Beach Club
19729,"Kanaya, Takumi",6,Waialae Country Club,sg_app,6.394673040309414,2026-01-18,0.022976431936933196,925,Dunes Golf and Beach Club
19729,"Kanaya, Takumi",885,Royal Portrush Golf Club,sg_app,2.993054270314261,2025-07-20,-0.028127540853818078,925,Dunes Golf and Beach Club
19729,"Kanaya, Takumi",925,Dunes Golf and Beach Club,sg_app,2.790705304284124,2025-05-11,0.01892668524935945,925,Dunes Golf and Beach Club
19729,"Kanaya, Takumi",668,St. Andrews Links (Old Course),sg_app,0.4986490090309502,2022-07-17,-0.0021135130824297475,925,Dunes Golf and Beach Club
19729,"Kanaya, Takumi",12,Harbour Town Golf Links,sg_app,0.4552753767676255,2022-04-17,-0.003747622468260895,925,Dunes Golf and Beach Club
19729,"Kanaya, Takumi",925,Dunes Golf and Beach Club,sg_arg,2.790705304284124,2025-05-11,-0.004768044403689552,925,Dunes Golf and Beach Club
19729,"Kanaya, Takumi",528,Pinehurst Resort & Country Club (Course No. 2),sg_arg,1.004155792013546,2024-06-16,-0.007477346554556302,925,Dunes Golf and Beach Club
19729,"Kanaya, Takumi",671,Valhalla Golf Club,sg_arg,0.9764294106100646,2024-05-19,0.006084970784545306,925,Dunes Golf and Beach Club
19729,"Kanaya, Takumi",724,Royal Liverpool,sg_arg,0.7226337034486771,2023-07-23,-0.004908601465505804,925,Dunes Golf and Beach Club
19729,"Kanaya, Takumi",668,St. Andrews Links (Old Course),sg_arg,0.4986490090309502,2022-07-17,-0.0005265164058696234,925,Dunes Golf and Beach Club
19729,"Kanaya, Takumi",897,Memorial Park Golf Course,sg_ott,5.188813254945492,2026-03-29,-0.011830600575061067,925,Dunes Golf and Beach Club
19729,"Kanaya, Takumi",885,Royal Portrush Golf Club,sg_ott,2.993054270314261,2025-07-20,0.049426840832662584,925,Dunes Golf and Beach Club
19729,"Kanaya, Takumi",876,Detroit Golf Club,sg_ott,2.93085550347733,2025-06-29,-0.002406929668037771,925,Dunes Golf and Beach Club
19729,"Kanaya, Takumi",925,Dunes Golf and Beach Club,sg_ott,2.790705304284124,2025-05-11,-0.033119282058140534,925,Dunes Golf and Beach Club
19729,"Kanaya, Takumi",669,TPC Deere Run,sg_ott,1.4757217329011822,2025-07-06,-0.0015103569076939344,925,Dunes Golf and Beach Club
19729,"Kanaya, Takumi",935,TPC Toronto at Osprey Valley (North Course),sg_ott,1.4349746457088866,2025-06-08,-0.00044408332133258745,925,Dunes Golf and Beach Club
19729,"Kanaya, Takumi",528,Pinehurst Resort & Country Club (Course No. 2),sg_ott,1.004155792013546,2024-06-16,0.007960814424301172,925,Dunes Golf and Beach Club
19729,"Kanaya, Takumi",671,Valhalla Golf Club,sg_ott,0.9764294106100646,2024-05-19,-0.00023737769689916526,925,Dunes Golf and Beach Club
19729,"Kanaya, Takumi",510,TPC Scottsdale (Stadium Course),sg_putt,3.666708382532609,2026-02-08,0.012755026169154826,925,Dunes Golf and Beach Club
19729,"Kanaya, Takumi",925,Dunes Golf and Beach Club,sg_putt,2.790705304284124,2025-05-11,0.0018963712954536216,925,Dunes Golf and Beach Club
19729,"Kanaya, Takumi",4201,pgm ishioka gc,sg_total,1.31955473948274,2023-04-23,0.0196578729686807,925,Dunes Golf and Beach Club
19729,"Kanaya, Takumi",4189,amata spring cc,sg_total,1.2389873108128833,2023-02-19,0.013967357655455051,925,Dunes Golf and Beach Club
19729,"Kanaya, Takumi",3978,yas links,sg_total,0.8371888230612781,2022-01-23,0.0040307134597789215,925,Dunes Golf and Beach Club
19729,"Kanaya, Takumi",3866,golfclub münchen eichenried,sg_total,0.6786120708757944,2021-06-27,0.004211793069514835,925,Dunes Golf and Beach Club
19729,"Kanaya, Takumi",3981,emirates gc,sg_total,0.4215348519460188,2022-01-30,-0.01628793155958635,925,Dunes Golf and Beach Club
19729,"Kanaya, Takumi",778,Royal St. George's GC,sg_total,0.3465068056428854,2021-07-18,-0.0006279698200482705,925,Dunes Golf and Beach Club
19729,"Kanaya, Takumi",4193,kingsbarns golf links,sg_total,0.26928095555244996,2022-10-02,-0.011932221978498404,925,Dunes Golf and Beach Club
19729,"Kanaya, Takumi",4192,carnoustie,sg_total,0.26928095555244996,2022-10-02,-0.0009047666085785671,925,Dunes Golf and Beach Club
21889,"Kang, Jeffrey",897,Memorial Park Golf Course,sg_ott,3.850851763564798,2026-03-29,0.01049964732285943,925,Dunes Golf and Beach Club
21889,"Kang, Jeffrey",510,TPC Scottsdale (Stadium Course),sg_putt,1.8333541912663045,2026-02-08,-0.008669699508846312,925,Dunes Golf and Beach Club
21889,"Kang, Jeffrey",801,The Club at Indian Creek,sg_total,5.180558702081253,2025-08-10,0.003454030363148612,925,Dunes Golf and Beach Club
21889,"Kang, Jeffrey",82,Greystone Golf & Country Club,sg_total,4.0613076827353956,2025-07-27,0.05880562074349124,925,Dunes Golf and Beach Club
21889,"Kang, Jeffrey",96,Spyglass Hill Golf Course,sg_total,3.2326245488659535,2025-10-05,-0.0019126268922183471,925,Dunes Golf and Beach Club
21889,"Kang, Jeffrey",109,Holston Hills Country Club,sg_total,2.830049948426007,2025-05-25,0.060479172657449225,925,Dunes Golf and Beach Club
21889,"Kang, Jeffrey",735,Fundadores Course,sg_total,2.353611853895299,2025-02-09,-0.012865072045458668,925,Dunes Golf and Beach Club
21889,"Kang, Jeffrey",807,Lakewood National Golf Club - Commander Course,sg_total,2.314458706290605,2025-04-19,-0.014081131129198165,925,Dunes Golf and Beach Club
21889,"Kang, Jeffrey",86,Norwood Hills Country Club,sg_total,2.13890573852799,2024-08-18,0.020940056397715887,925,Dunes Golf and Beach Club
21889,"Kang, Jeffrey",97,The Ocean Club Golf Course at Atlantis,sg_total,1.2425269644949233,2025-01-15,-0.022263239508115713,925,Dunes Golf and Beach Club
21889,"Kang, Jeffrey",94,Jimmie Austin OU Golf Club,sg_total,1.011209541879383,2024-06-23,0.0008335019568962203,925,Dunes Golf and Beach Club
32457,"Keefer, Johnny",12,Harbour Town Golf Links,sg_app,3.9325747385396386,2026-04-19,-0.04354587018628254,925,Dunes Golf and Beach Club
32457,"Keefer, Johnny",6,Waialae Country Club,sg_app,3.5905103857217395,2026-01-18,0.025663326612385653,925,Dunes Golf and Beach Club
32457,"Keefer, Johnny",897,Memorial Park Golf Course,sg_ott,3.850851763564798,2026-03-29,0.021181351021546377,925,Dunes Golf and Beach Club
32457,"Keefer, Johnny",510,TPC Scottsdale (Stadium Course),sg_putt,3.666708382532609,2026-02-08,-0.0058186125129184064,925,Dunes Golf and Beach Club
32457,"Keefer, Johnny",96,Spyglass Hill Golf Course,sg_total,3.2326245488659535,2025-10-05,0.02023848013841487,925,Dunes Golf and Beach Club
32457,"Keefer, Johnny",82,Greystone Golf & Country Club,sg_total,3.0140791514388687,2025-07-27,0.050933076306603244,925,Dunes Golf and Beach Club
32457,"Keefer, Johnny",109,Holston Hills Country Club,sg_total,2.830049948426007,2025-05-25,0.04473604351431185,925,Dunes Golf and Beach Club
32457,"Keefer, Johnny",807,Lakewood National Golf Club - Commander Course,sg_total,2.7299802128215602,2025-04-19,0.012695181003529612,925,Dunes Golf and Beach Club
32457,"Keefer, Johnny",735,Fundadores Course,sg_total,1.9109725265339477,2025-02-09,0.03087588340736567,925,Dunes Golf and Beach Club
32457,"Keefer, Johnny",801,The Club at Indian Creek,sg_total,1.528286511296398,2025-08-10,-0.03096208608115985,925,Dunes Golf and Beach Club
32457,"Keefer, Johnny",97,The Ocean Club Golf Course at Atlantis,sg_total,1.2425269644949233,2025-01-15,-0.015260530963767414,925,Dunes Golf and Beach Club
15004,"Kim, Chan",6,Waialae Country Club,sg_app,3.754119086326188,2025-01-12,0.009599939606632019,925,Dunes Golf and Beach Club
15004,"Kim, Chan",925,Dunes Golf and Beach Club,sg_app,3.334589195211435,2025-05-11,-0.013899157847969431,925,Dunes Golf and Beach Club
15004,"Kim, Chan",668,St. Andrews Links (Old Course),sg_app,0.4986490090309502,2022-07-17,-0.000799705064337098,925,Dunes Golf and Beach Club
15004,"Kim, Chan",744,Torrey Pines (South),sg_app,0.3369391868246024,2021-06-20,0.0012908580084378012,925,Dunes Golf and Beach Club
15004,"Kim, Chan",925,Dunes Golf and Beach Club,sg_arg,3.334589195211435,2025-05-11,0.002286603719228818,925,Dunes Golf and Beach Club
15004,"Kim, Chan",668,St. Andrews Links (Old Course),sg_arg,0.4986490090309502,2022-07-17,-0.0029759024426532408,925,Dunes Golf and Beach Club
15004,"Kim, Chan",897,Memorial Park Golf Course,sg_ott,4.53539830129246,2025-03-30,0.002952805491236595,925,Dunes Golf and Beach Club
15004,"Kim, Chan",876,Detroit Golf Club,sg_ott,3.949168344692428,2025-06-29,0.025095612666206687,925,Dunes Golf and Beach Club
15004,"Kim, Chan",669,TPC Deere Run,sg_ott,3.526653809068744,2025-07-06,0.009149952195977445,925,Dunes Golf and Beach Club
15004,"Kim, Chan",925,Dunes Golf and Beach Club,sg_ott,3.334589195211435,2025-05-11,0.002773234099747401,925,Dunes Golf and Beach Club
15004,"Kim, Chan",935,TPC Toronto at Osprey Valley (North Course),sg_ott,1.4349746457088866,2025-06-08,-0.0027378183022484146,925,Dunes Golf and Beach Club
15004,"Kim, Chan",538,TPC Summerlin,sg_ott,1.1389960090590832,2024-10-20,-0.007136416178671114,925,Dunes Golf and Beach Club
15004,"Kim, Chan",874,Hamilton Golf & Country Club,sg_ott,0.9901955605618868,2024-06-02,0.0022179088107700706,925,Dunes Golf and Beach Club
15004,"Kim, Chan",2000,Sherwood Country Club,sg_ott,0.5311527475801966,2020-10-25,0.0017826454610618157,925,Dunes Golf and Beach Club
15004,"Kim, Chan",654,The Country Club,sg_ott,0.48488049549866585,2022-06-19,0.0023604763759761,925,Dunes Golf and Beach Club
15004,"Kim, Chan",925,Dunes Golf and Beach Club,sg_putt,3.334589195211435,2025-05-11,-0.0329525855063434,925,Dunes Golf and Beach Club
15004,"Kim, Chan",510,TPC Scottsdale (Stadium Course),sg_putt,1.273981684355965,2025-02-09,-0.007261775912520136,925,Dunes Golf and Beach Club
15004,"Kim, Chan",898,The Concession Golf Club,sg_putt,0.6024770902147517,2021-02-28,0.002426898386400033,925,Dunes Golf and Beach Club
15004,"Kim, Chan",744,Torrey Pines (South),sg_putt,0.3369391868246024,2021-06-20,-0.004938369890105804,925,Dunes Golf and Beach Club
15004,"Kim, Chan",735,Fundadores Course,sg_total,2.756112704357287,2026-02-08,-0.015566264519432809,925,Dunes Golf and Beach Club
15004,"Kim, Chan",69,The Grove,sg_total,1.5285114619146603,2023-09-17,-0.0026248581118338285,925,Dunes Golf and Beach Club
15004,"Kim, Chan",86,Norwood Hills Country Club,sg_total,1.4863067640881829,2023-08-20,0.05246265672382037,925,Dunes Golf and Beach Club
15004,"Kim, Chan",801,The Club at Indian Creek,sg_total,1.475938946436567,2023-08-13,-0.0213213033839896,925,Dunes Golf and Beach Club
15004,"Kim, Chan",82,Greystone Golf & Country Club,sg_total,0.727709885281507,2023-07-30,-0.03122843362323443,925,Dunes Golf and Beach Club
15004,"Kim, Chan",778,Royal St. George's GC,sg_total,0.6930136112857708,2021-07-18,0.004632047660468753,925,Dunes Golf and Beach Club
15004,"Kim, Chan",4201,pgm ishioka gc,sg_total,0.65977736974137,2023-04-23,-0.00964558882900979,925,Dunes Golf and Beach Club
24766,"Kim, Joohyung",668,St. Andrews Links (Old Course),sg_app,0.9972980180619004,2022-07-17,0.0026615639164874064,925,Dunes Golf and Beach Club
24766,"Kim, Joohyung",899,The Summit Club,sg_app,0.7590363286635429,2021-10-17,0.00274057900510444,925,Dunes Golf and Beach Club
24766,"Kim, Joohyung",668,St. Andrews Links (Old Course),sg_arg,0.9972980180619004,2022-07-17,-0.0019290041585547752,925,Dunes Golf and Beach Club
24766,"Kim, Joohyung",977,The Renaissance Club,sg_arg,0.990341308824338,2022-07-10,0.0005506899125053759,925,Dunes Golf and Beach Club
24766,"Kim, Joohyung",901,Wilmington Country Club,sg_ott,1.0328214830517066,2022-08-21,-0.002228442384014879,925,Dunes Golf and Beach Club
24766,"Kim, Joohyung",876,Detroit Golf Club,sg_ott,1.0113583832189859,2022-07-31,0.0017051232129883158,925,Dunes Golf and Beach Club
24766,"Kim, Joohyung",654,The Country Club,sg_ott,0.9697609909973317,2022-06-19,0.002806061054333715,925,Dunes Golf and Beach Club
24766,"Kim, Joohyung",899,The Summit Club,sg_ott,0.7590363286635429,2021-10-17,0.0007981373664661652,925,Dunes Golf and Beach Club
24766,"Kim, Joohyung",4226,wentworth golf club,sg_total,3.0570229238293205,2023-09-17,0.01691700242094108,925,Dunes Golf and Beach Club
24766,"Kim, Tom",6,Waialae Country Club,sg_app,6.666306753490595,2026-01-18,-0.011418937200517173,925,Dunes Golf and Beach Club
24766,"Kim, Tom",925,Dunes Golf and Beach Club,sg_app,2.790705304284124,2025-05-11,-0.11881007398725787,925,Dunes Golf and Beach Club
24766,"Kim, Tom",12,Harbour Town Golf Links,sg_app,2.5541122548070287,2024-04-21,0.0071927113992800475,925,Dunes Golf and Beach Club
24766,"Kim, Tom",885,Royal Portrush Golf Club,sg_app,1.4965271351571305,2025-07-20,-0.021635419640800593,925,Dunes Golf and Beach Club
24766,"Kim, Tom",43,The Los Angeles Country Club (North Course),sg_app,1.3955580360406135,2023-06-18,0.017818062850619897,925,Dunes Golf and Beach Club
24766,"Kim, Tom",709,Royal Troon,sg_app,1.0399235289145237,2024-07-21,-0.007210109663707667,925,Dunes Golf and Beach Club
24766,"Kim, Tom",977,The Renaissance Club,sg_arg,6.472700877058584,2025-07-13,0.0029672254076485395,925,Dunes Golf and Beach Club
24766,"Kim, Tom",925,Dunes Golf and Beach Club,sg_arg,2.790705304284124,2025-05-11,0.026311810356253337,925,Dunes Golf and Beach Club
24766,"Kim, Tom",939,Torrey Pines Golf Course (South Course),sg_arg,2.5658616833092793,2025-02-16,-0.005794315570734305,925,Dunes Golf and Beach Club
24766,"Kim, Tom",250,Le Golf National,sg_arg,2.109169696172194,2024-08-04,0.0006219503855644488,925,Dunes Golf and Beach Club
24766,"Kim, Tom",528,Pinehurst Resort & Country Club (Course No. 2),sg_arg,2.008311584027092,2024-06-16,-0.0009578863628408725,925,Dunes Golf and Beach Club
24766,"Kim, Tom",671,Valhalla Golf Club,sg_arg,1.9528588212201292,2024-05-19,-0.003778455926245391,925,Dunes Golf and Beach Club
24766,"Kim, Tom",724,Royal Liverpool,sg_arg,1.4452674068973541,2023-07-23,0.0025550586314493657,925,Dunes Golf and Beach Club
24766,"Kim, Tom",709,Royal Troon,sg_arg,1.0399235289145237,2024-07-21,-0.008055573319158117,925,Dunes Golf and Beach Club
24766,"Kim, Tom",897,Memorial Park Golf Course,sg_ott,3.850851763564798,2026-03-29,-0.015188436723116256,925,Dunes Golf and Beach Club
24766,"Kim, Tom",538,TPC Summerlin,sg_ott,3.795600740263203,2024-10-20,0.0012289154035836597,925,Dunes Golf and Beach Club
24766,"Kim, Tom",876,Detroit Golf Club,sg_ott,3.191357219807771,2025-06-29,-0.006065597329247487,925,Dunes Golf and Beach Club
24766,"Kim, Tom",925,Dunes Golf and Beach Club,sg_ott,2.790705304284124,2025-05-11,-0.022727768485337668,925,Dunes Golf and Beach Club
24766,"Kim, Tom",250,Le Golf National,sg_ott,2.109169696172194,2024-08-04,0.007376154547761654,925,Dunes Golf and Beach Club
24766,"Kim, Tom",528,Pinehurst Resort & Country Club (Course No. 2),sg_ott,2.008311584027092,2024-06-16,-0.0012678045151189902,925,Dunes Golf and Beach Club
24766,"Kim, Tom",874,Hamilton Golf & Country Club,sg_ott,1.9803911211237737,2024-06-02,0.007252072852351272,925,Dunes Golf and Beach Club
24766,"Kim, Tom",671,Valhalla Golf Club,sg_ott,1.9528588212201292,2024-05-19,0.012204050485198483,925,Dunes Golf and Beach Club
24766,"Kim, Tom",688,East Lake Golf Club,sg_ott,1.4967474110686245,2023-08-27,-0.0024889680435858682,925,Dunes Golf and Beach Club
24766,"Kim, Tom",885,Royal Portrush Golf Club,sg_ott,1.4965271351571305,2025-07-20,-0.006485200286826619,925,Dunes Golf and Beach Club
24766,"Kim, Tom",669,TPC Deere Run,sg_ott,1.4757217329011822,2025-07-06,-0.022386934915685396,925,Dunes Golf and Beach Club
24766,"Kim, Tom",935,TPC Toronto at Osprey Valley (North Course),sg_ott,1.4349746457088866,2025-06-08,-0.003442894376553048,925,Dunes Golf and Beach Club
24766,"Kim, Tom",709,Royal Troon,sg_ott,1.0399235289145237,2024-07-21,-0.009332811825052575,925,Dunes Golf and Beach Club
24766,"Kim, Tom",510,TPC Scottsdale (Stadium Course),sg_putt,9.215573744811255,2026-02-08,0.019975506930763994,925,Dunes Golf and Beach Club
24766,"Kim, Tom",503,TPC River Highlands,sg_putt,6.33819145080114,2025-06-22,0.0011148238412007512,925,Dunes Golf and Beach Club
24766,"Kim, Tom",872,Quail Hollow Club,sg_putt,3.2773949708638037,2024-05-12,-0.012005249095119023,925,Dunes Golf and Beach Club
24766,"Kim, Tom",925,Dunes Golf and Beach Club,sg_putt,2.790705304284124,2025-05-11,0.006202331958900824,925,Dunes Golf and Beach Club
13470,"Kizzire, Patton",6,Waialae Country Club,sg_app,9.871696153372138,2026-01-18,0.004474750082959137,925,Dunes Golf and Beach Club
13470,"Kizzire, Patton",925,Dunes Golf and Beach Club,sg_app,4.729941847353497,2025-05-11,0.1493370057440345,925,Dunes Golf and Beach Club
13470,"Kizzire, Patton",12,Harbour Town Golf Links,sg_app,3.4306566077381886,2023-04-16,0.01126336053539691,925,Dunes Golf and Beach Club
13470,"Kizzire, Patton",908,Oakdale Golf & Country Club,sg_app,1.3858232413202296,2023-06-11,0.019539351210474575,925,Dunes Golf and Beach Club
13470,"Kizzire, Patton",734,PGA National Resort (The Champion),sg_app,1.2085553718318822,2021-03-21,-0.008087743454077458,925,Dunes Golf and Beach Club
13470,"Kizzire, Patton",899,The Summit Club,sg_app,0.7590363286635429,2021-10-17,0.0008165991304677859,925,Dunes Golf and Beach Club
13470,"Kizzire, Patton",773,Aronimink GC,sg_app,0.2442151600220386,2018-09-09,-0.0016243099829264815,925,Dunes Golf and Beach Club
13470,"Kizzire, Patton",873,Ridgewood CC,sg_app,0.24081996956949417,2018-08-26,0.0036996889206296455,925,Dunes Golf and Beach Club
13470,"Kizzire, Patton",666,Pebble Beach Golf Links,sg_app,0.16156417942495857,2019-06-16,0.00017302776109730955,925,Dunes Golf and Beach Club
13470,"Kizzire, Patton",534,Bellerive CC,sg_app,0.1187359903009677,2018-08-12,0.0027226941799588407,925,Dunes Golf and Beach Club
13470,"Kizzire, Patton",24,Congressional CC (Blue),sg_app,0.1091856495286147,2016-06-26,0.0013271328441309244,925,Dunes Golf and Beach Club
13470,"Kizzire, Patton",238,Glen Oaks Club,sg_app,0.0836718381860486,2017-08-27,0.0006028804181917241,925,Dunes Golf and Beach Club
13470,"Kizzire, Patton",925,Dunes Golf and Beach Club,sg_arg,4.729941847353497,2025-05-11,-0.020912614217120075,925,Dunes Golf and Beach Club
13470,"Kizzire, Patton",893,Muirfield Village Golf Club,sg_arg,0.23910492194276187,2020-07-12,0.000333808190181427,925,Dunes Golf and Beach Club
13470,"Kizzire, Patton",666,Pebble Beach Golf Links,sg_arg,0.16156417942495857,2019-06-16,-0.00048489661105234155,925,Dunes Golf and Beach Club
13470,"Kizzire, Patton",235,Eagle Point Golf Club,sg_arg,0.1496126528894717,2017-05-07,-0.00022085208191100321,925,Dunes Golf and Beach Club
13470,"Kizzire, Patton",24,Congressional CC (Blue),sg_arg,0.1091856495286147,2016-06-26,-0.0009797583273933887,925,Dunes Golf and Beach Club
13470,"Kizzire, Patton",698,Quail Hollow Club,sg_arg,0.10396451511502139,2016-05-08,-0.0004293689666792634,925,Dunes Golf and Beach Club
13470,"Kizzire, Patton",238,Glen Oaks Club,sg_arg,0.0836718381860486,2017-08-27,-0.00017379788390139623,925,Dunes Golf and Beach Club
13470,"Kizzire, Patton",669,TPC Deere Run,sg_ott,6.752485191681403,2025-07-06,0.0001432666738401941,925,Dunes Golf and Beach Club
13470,"Kizzire, Patton",876,Detroit Golf Club,sg_ott,6.30568648176081,2025-06-29,0.0023757326009844174,925,Dunes Golf and Beach Club
13470,"Kizzire, Patton",538,TPC Summerlin,sg_ott,5.299499314998009,2024-10-20,0.012185003454447476,925,Dunes Golf and Beach Club
13470,"Kizzire, Patton",897,Memorial Park Golf Course,sg_ott,4.731766215210652,2026-03-29,0.005389038124200273,925,Dunes Golf and Beach Club
13470,"Kizzire, Patton",925,Dunes Golf and Beach Club,sg_ott,4.729941847353497,2025-05-11,0.02422296829385217,925,Dunes Golf and Beach Club
13470,"Kizzire, Patton",908,Oakdale Golf & Country Club,sg_ott,1.3858232413202296,2023-06-11,0.00025160642643607886,925,Dunes Golf and Beach Club
13470,"Kizzire, Patton",734,PGA National Resort (The Champion),sg_ott,1.2085553718318822,2021-03-21,-0.002068417834605702,925,Dunes Golf and Beach Club
13470,"Kizzire, Patton",874,Hamilton Golf & Country Club,sg_ott,0.9901955605618868,2024-06-02,0.004857550828216282,925,Dunes Golf and Beach Club
13470,"Kizzire, Patton",899,The Summit Club,sg_ott,0.7590363286635429,2021-10-17,0.0028569028533828823,925,Dunes Golf and Beach Club
13470,"Kizzire, Patton",240,Club de Golf Chapultepec,sg_ott,0.4910490678618219,2019-02-24,0.004042740680090415,925,Dunes Golf and Beach Club
13470,"Kizzire, Patton",654,The Country Club,sg_ott,0.48488049549866585,2022-06-19,0.0022014533789871957,925,Dunes Golf and Beach Club
13470,"Kizzire, Patton",688,East Lake Golf Club,sg_ott,0.2476582174277667,2018-09-23,0.0015190922563978056,925,Dunes Golf and Beach Club
13470,"Kizzire, Patton",534,Bellerive CC,sg_ott,0.1187359903009677,2018-08-12,0.0009194283193766784,925,Dunes Golf and Beach Club
13470,"Kizzire, Patton",510,TPC Scottsdale (Stadium Course),sg_putt,8.862690337998508,2026-02-08,0.004040139128131763,925,Dunes Golf and Beach Club
13470,"Kizzire, Patton",925,Dunes Golf and Beach Club,sg_putt,4.729941847353497,2025-05-11,0.05431929622402389,925,Dunes Golf and Beach Club
13470,"Kizzire, Patton",503,TPC River Highlands,sg_putt,2.9230048458704565,2023-06-25,-0.005442319393621097,925,Dunes Golf and Beach Club
13470,"Kizzire, Patton",872,Quail Hollow Club,sg_putt,1.4228926776132798,2023-05-07,0.0014562826977192439,925,Dunes Golf and Beach Club
13470,"Kizzire, Patton",240,Club de Golf Chapultepec,sg_putt,0.4910490678618219,2019-02-24,0.003689747578610311,925,Dunes Golf and Beach Club
16243,"Koepka, Brooks",709,Royal Troon,sg_app,2.0798470578290473,2024-07-21,-0.024171493967439117,925,Dunes Golf and Beach Club
16243,"Koepka, Brooks",734,PGA National Resort (The Champion),sg_app,1.601302354405253,2022-02-27,0.0024696550976193725,925,Dunes Golf and Beach Club
16243,"Koepka, Brooks",885,Royal Portrush Golf Club,sg_app,1.4965271351571305,2025-07-20,-0.01118188447522427,925,Dunes Golf and Beach Club
16243,"Koepka, Brooks",43,The Los Angeles Country Club (North Course),sg_app,1.3955580360406135,2023-06-18,0.00274655615475658,925,Dunes Golf and Beach Club
16243,"Koepka, Brooks",899,The Summit Club,sg_app,0.7590363286635429,2021-10-17,-0.0051849775799025855,925,Dunes Golf and Beach Club
16243,"Koepka, Brooks",744,Torrey Pines (South),sg_app,0.6738783736492048,2021-06-20,0.005520867969279555,925,Dunes Golf and Beach Club
16243,"Koepka, Brooks",668,St. Andrews Links (Old Course),sg_app,0.4986490090309502,2022-07-17,0.004374542873843616,925,Dunes Golf and Beach Club
16243,"Koepka, Brooks",12,Harbour Town Golf Links,sg_app,0.4682721481765055,2020-06-21,-0.0018543284879681589,925,Dunes Golf and Beach Club
16243,"Koepka, Brooks",666,Pebble Beach Golf Links,sg_app,0.32312835884991714,2019-06-16,0.007314546427529902,925,Dunes Golf and Beach Club
16243,"Koepka, Brooks",789,Conway Farms GC,sg_app,0.2534157912272897,2017-09-17,-0.0003555152767539523,925,Dunes Golf and Beach Club
16243,"Koepka, Brooks",773,Aronimink GC,sg_app,0.2442151600220386,2018-09-09,0.0025146974883145223,925,Dunes Golf and Beach Club
16243,"Koepka, Brooks",873,Ridgewood CC,sg_app,0.24081996956949417,2018-08-26,0.0035422756765512266,925,Dunes Golf and Beach Club
16243,"Koepka, Brooks",534,Bellerive CC,sg_app,0.2374719806019354,2018-08-12,0.004429738817258322,925,Dunes Golf and Beach Club
16243,"Koepka, Brooks",238,Glen Oaks Club,sg_app,0.1673436763720972,2017-08-27,0.0009627241918043838,925,Dunes Golf and Beach Club
16243,"Koepka, Brooks",527,Saucon Valley CC,sg_app,0.11792509562915976,2016-09-11,-0.0006682403660616057,925,Dunes Golf and Beach Club
16243,"Koepka, Brooks",706,Whistling Straits,sg_app,0.0796824722558235,2015-08-16,-3.651092800109756e-05,925,Dunes Golf and Beach Club
16243,"Koepka, Brooks",528,Pinehurst Resort & Country Club (Course No. 2),sg_arg,4.016623168054184,2024-06-16,0.0175246133402914,925,Dunes Golf and Beach Club
16243,"Koepka, Brooks",671,Valhalla Golf Club,sg_arg,3.9607020496688157,2024-05-19,0.015039387153727882,925,Dunes Golf and Beach Club
16243,"Koepka, Brooks",709,Royal Troon,sg_arg,2.0798470578290473,2024-07-21,0.0006995528576602831,925,Dunes Golf and Beach Club
16243,"Koepka, Brooks",724,Royal Liverpool,sg_arg,1.4452674068973541,2023-07-23,-0.003980632769020834,925,Dunes Golf and Beach Club
16243,"Koepka, Brooks",668,St. Andrews Links (Old Course),sg_arg,0.4986490090309502,2022-07-17,0.0018169699644112038,925,Dunes Golf and Beach Club
16243,"Koepka, Brooks",666,Pebble Beach Golf Links,sg_arg,0.32312835884991714,2019-06-16,0.0020719495589831337,925,Dunes Golf and Beach Club
16243,"Koepka, Brooks",893,Muirfield Village Golf Club,sg_arg,0.23910492194276187,2020-07-12,0.0004796599976135157,925,Dunes Golf and Beach Club
16243,"Koepka, Brooks",238,Glen Oaks Club,sg_arg,0.1673436763720972,2017-08-27,-0.0013544627753088927,925,Dunes Golf and Beach Club
16243,"Koepka, Brooks",528,Pinehurst Resort & Country Club (Course No. 2),sg_ott,4.016623168054184,2024-06-16,-0.0007239972595820045,925,Dunes Golf and Beach Club
16243,"Koepka, Brooks",671,Valhalla Golf Club,sg_ott,3.9607020496688157,2024-05-19,0.014232309300314983,925,Dunes Golf and Beach Club
16243,"Koepka, Brooks",897,Memorial Park Golf Course,sg_ott,2.8543619069227573,2026-03-29,-0.010267717003118612,925,Dunes Golf and Beach Club
16243,"Koepka, Brooks",709,Royal Troon,sg_ott,2.0798470578290473,2024-07-21,-0.00264731886004826,925,Dunes Golf and Beach Club
16243,"Koepka, Brooks",734,PGA National Resort (The Champion),sg_ott,1.601302354405253,2022-02-27,-0.003338418427898565,925,Dunes Golf and Beach Club
16243,"Koepka, Brooks",885,Royal Portrush Golf Club,sg_ott,1.4965271351571305,2025-07-20,-0.02844115377055963,925,Dunes Golf and Beach Club
16243,"Koepka, Brooks",688,East Lake Golf Club,sg_ott,1.2133204498107186,2021-09-05,-0.0011787480997448641,925,Dunes Golf and Beach Club
16243,"Koepka, Brooks",538,TPC Summerlin,sg_ott,1.1608718262279079,2021-10-10,-0.001183501366873302,925,Dunes Golf and Beach Club
16243,"Koepka, Brooks",654,The Country Club,sg_ott,0.9697609909973317,2022-06-19,0.0050120313942854135,925,Dunes Golf and Beach Club
16243,"Koepka, Brooks",899,The Summit Club,sg_ott,0.7590363286635429,2021-10-17,0.0001254449600004435,925,Dunes Golf and Beach Club
16243,"Koepka, Brooks",240,Club de Golf Chapultepec,sg_ott,0.4293688776771702,2019-02-24,0.0043877204121274445,925,Dunes Golf and Beach Club
16243,"Koepka, Brooks",348,Medinah Country Club (No. 3),sg_ott,0.3441403746919263,2019-08-18,-0.0007137794909475064,925,Dunes Golf and Beach Club
16243,"Koepka, Brooks",874,Hamilton Golf & Country Club,sg_ott,0.32087435854286944,2019-06-09,-0.0030978261791741765,925,Dunes Golf and Beach Club
16243,"Koepka, Brooks",534,Bellerive CC,sg_ott,0.2374719806019354,2018-08-12,0.0026777815604430324,925,Dunes Golf and Beach Club
16243,"Koepka, Brooks",8,Trump National Doral - Blue Monster Course,sg_ott,0.16544985980010268,2016-03-06,-0.000690677968012343,925,Dunes Golf and Beach Club
16243,"Koepka, Brooks",510,TPC Scottsdale (Stadium Course),sg_putt,4.43024297126398,2026-02-08,0.006708121641222879,925,Dunes Golf and Beach Club
16243,"Koepka, Brooks",503,TPC River Highlands,sg_putt,1.3963508281911863,2021-06-27,0.001035340013845446,925,Dunes Golf and Beach Club
16243,"Koepka, Brooks",744,Torrey Pines (South),sg_putt,0.6738783736492048,2021-06-20,0.005212135958676151,925,Dunes Golf and Beach Club
16243,"Koepka, Brooks",898,The Concession Golf Club,sg_putt,0.6024770902147517,2021-02-28,0.008935094731985973,925,Dunes Golf and Beach Club
16243,"Koepka, Brooks",895,TPC Harding Park,sg_putt,0.491788939699716,2020-08-09,0.0011337446345054693,925,Dunes Golf and Beach Club
16243,"Koepka, Brooks",240,Club de Golf Chapultepec,sg_putt,0.4293688776771702,2019-02-24,-0.002565000064741458,925,Dunes Golf and Beach Club
16243,"Koepka, Brooks",872,Quail Hollow Club,sg_putt,0.215303710885017,2018-05-06,0.00016543502715199042,925,Dunes Golf and Beach Club
16243,"Koepka, Brooks",4586,wentworth golf club,sg_total,3.1654472635823354,2025-09-14,-0.024984356302046137,925,Dunes Golf and Beach Club
16243,"Koepka, Brooks",4585,k club,sg_total,1.571683252776691,2025-09-07,-0.038082999282427046,925,Dunes Golf and Beach Club
16243,"Koepka, Brooks",4397,old course st andrews,sg_total,1.1231611674583626,2024-10-06,-0.001706894732666706,925,Dunes Golf and Beach Club
16243,"Koepka, Brooks",4602,carnoustie,sg_total,0.8081561372164884,2025-10-05,0.01675943520837311,925,Dunes Golf and Beach Club
16243,"Koepka, Brooks",778,Royal St. George's GC,sg_total,0.6930136112857708,2021-07-18,0.010694008787129668,925,Dunes Golf and Beach Club
16243,"Koepka, Brooks",3671,carnoustie,sg_total,0.06278745415923806,2018-10-07,-0.0019868623776614566,925,Dunes Golf and Beach Club
16243,"Koepka, Brooks",558,Oak Hill CC,sg_total,0.03820818043128292,2013-08-11,4.838135245360087e-05,925,Dunes Golf and Beach Club
16395,"Kohles, Ben",6,Waialae Country Club,sg_app,5.030628233881179,2025-01-12,-8.511348209546501e-05,925,Dunes Golf and Beach Club
16395,"Kohles, Ben",925,Dunes Golf and Beach Club,sg_app,2.790705304284124,2025-05-11,-0.005637011932960385,925,Dunes Golf and Beach Club
16395,"Kohles, Ben",734,PGA National Resort (The Champion),sg_app,0.4660309436270925,2022-02-27,0.003935413169654402,925,Dunes Golf and Beach Club
16395,"Kohles, Ben",24,Congressional CC (Blue),sg_app,0.036636669586218126,2013-06-30,0.0001710035389815406,925,Dunes Golf and Beach Club
16395,"Kohles, Ben",12,Harbour Town Golf Links,sg_app,0.017079902152063006,2013-04-21,7.003474762725199e-05,925,Dunes Golf and Beach Club
16395,"Kohles, Ben",925,Dunes Golf and Beach Club,sg_arg,2.790705304284124,2025-05-11,-0.014461448688735924,925,Dunes Golf and Beach Club
16395,"Kohles, Ben",977,The Renaissance Club,sg_arg,2.0653389659870176,2024-07-14,0.0008772408038519495,925,Dunes Golf and Beach Club
16395,"Kohles, Ben",528,Pinehurst Resort & Country Club (Course No. 2),sg_arg,2.008311584027092,2024-06-16,-0.0027259870520203668,925,Dunes Golf and Beach Club
16395,"Kohles, Ben",671,Valhalla Golf Club,sg_arg,1.9528588212201292,2024-05-19,-0.006743844667345943,925,Dunes Golf and Beach Club
16395,"Kohles, Ben",698,Quail Hollow Club,sg_arg,0.04224647871989266,2014-05-04,-0.00026791944280786105,925,Dunes Golf and Beach Club
16395,"Kohles, Ben",609,Annandale GC,sg_arg,0.03741417488000395,2013-07-21,-2.4419892650903865e-05,925,Dunes Golf and Beach Club
16395,"Kohles, Ben",24,Congressional CC (Blue),sg_arg,0.036636669586218126,2013-06-30,-0.0002097453935355652,925,Dunes Golf and Beach Club
16395,"Kohles, Ben",669,TPC Deere Run,sg_ott,5.512668700308467,2025-07-06,-0.00867970667782505,925,Dunes Golf and Beach Club
16395,"Kohles, Ben",876,Detroit Golf Club,sg_ott,5.47316037751702,2025-06-29,-0.009148079143074292,925,Dunes Golf and Beach Club
16395,"Kohles, Ben",925,Dunes Golf and Beach Club,sg_ott,2.790705304284124,2025-05-11,-0.0046728820829272585,925,Dunes Golf and Beach Club
16395,"Kohles, Ben",528,Pinehurst Resort & Country Club (Course No. 2),sg_ott,2.008311584027092,2024-06-16,-0.0008691664137095304,925,Dunes Golf and Beach Club
16395,"Kohles, Ben",671,Valhalla Golf Club,sg_ott,1.9528588212201292,2024-05-19,0.011817565008798114,925,Dunes Golf and Beach Club
16395,"Kohles, Ben",935,TPC Toronto at Osprey Valley (North Course),sg_ott,1.4349746457088866,2025-06-08,0.003268939950574412,925,Dunes Golf and Beach Club
16395,"Kohles, Ben",897,Memorial Park Golf Course,sg_ott,1.3379614913806934,2025-03-30,-0.0033767150201131735,925,Dunes Golf and Beach Club
16395,"Kohles, Ben",538,TPC Summerlin,sg_ott,1.1389960090590832,2024-10-20,0.0028311881025203122,925,Dunes Golf and Beach Club
16395,"Kohles, Ben",734,PGA National Resort (The Champion),sg_ott,0.4660309436270925,2022-02-27,-0.00217444028061764,925,Dunes Golf and Beach Club
16395,"Kohles, Ben",925,Dunes Golf and Beach Club,sg_putt,2.790705304284124,2025-05-11,0.018903790055829203,925,Dunes Golf and Beach Club
16395,"Kohles, Ben",510,TPC Scottsdale (Stadium Course),sg_putt,2.159260339078667,2025-02-09,0.018504977239349702,925,Dunes Golf and Beach Club
16395,"Kohles, Ben",872,Quail Hollow Club,sg_putt,1.939236543069373,2024-05-12,0.0039026325589408438,925,Dunes Golf and Beach Club
16395,"Kohles, Ben",503,TPC River Highlands,sg_putt,0.5064771205102658,2022-06-26,0.0023086124553932867,925,Dunes Golf and Beach Club
16395,"Kohles, Ben",807,Lakewood National Golf Club - Commander Course,sg_total,3.1550021328781743,2026-04-05,-0.04932945476329642,925,Dunes Golf and Beach Club
16395,"Kohles, Ben",735,Fundadores Course,sg_total,2.6965263826970194,2026-02-08,-0.0019201775300807231,925,Dunes Golf and Beach Club
16395,"Kohles, Ben",69,The Grove,sg_total,2.174673070188216,2023-09-17,0.011602683167347501,925,Dunes Golf and Beach Club
16395,"Kohles, Ben",801,The Club at Indian Creek,sg_total,1.7064618845072708,2023-08-13,-0.011055976240685099,925,Dunes Golf and Beach Club
16395,"Kohles, Ben",86,Norwood Hills Country Club,sg_total,1.4863067640881829,2023-08-20,0.015339981871691893,925,Dunes Golf and Beach Club
16395,"Kohles, Ben",82,Greystone Golf & Country Club,sg_total,1.455419770563014,2023-07-30,0.0028503791230838917,925,Dunes Golf and Beach Club
16395,"Kohles, Ben",763,PGA West (Nicklaus),sg_total,0.007797126582630004,2013-01-20,0.0001543467325068573,925,Dunes Golf and Beach Club
6169,"Kuchar, Matt",12,Harbour Town Golf Links,sg_app,7.045097735578309,2025-04-20,-0.019683602441089566,925,Dunes Golf and Beach Club
6169,"Kuchar, Matt",6,Waialae Country Club,sg_app,6.39489699718165,2025-01-12,0.012206227813541016,925,Dunes Golf and Beach Club
6169,"Kuchar, Matt",908,Oakdale Golf & Country Club,sg_app,1.3858232413202296,2023-06-11,0.004371663577553362,925,Dunes Golf and Beach Club
6169,"Kuchar, Matt",43,The Los Angeles Country Club (North Course),sg_app,0.6977790180203067,2023-06-18,-0.0007865627564012915,925,Dunes Golf and Beach Club
6169,"Kuchar, Matt",734,PGA National Resort (The Champion),sg_app,0.6560054401032993,2023-02-26,-0.007663464627568792,925,Dunes Golf and Beach Club
6169,"Kuchar, Matt",744,Torrey Pines (South),sg_app,0.3369391868246024,2021-06-20,-0.0033101177376477714,925,Dunes Golf and Beach Club
6169,"Kuchar, Matt",666,Pebble Beach Golf Links,sg_app,0.32312835884991714,2019-06-16,-0.0006640128098452192,925,Dunes Golf and Beach Club
6169,"Kuchar, Matt",789,Conway Farms GC,sg_app,0.29298493591929836,2017-09-17,0.0009705775228373508,925,Dunes Golf and Beach Club
6169,"Kuchar, Matt",873,Ridgewood CC,sg_app,0.24081996956949417,2018-08-26,-0.0027700992574854846,925,Dunes Golf and Beach Club
6169,"Kuchar, Matt",238,Glen Oaks Club,sg_app,0.1673436763720972,2017-08-27,0.0008796400321505608,925,Dunes Golf and Beach Club
6169,"Kuchar, Matt",527,Saucon Valley CC,sg_app,0.14522954419654346,2016-09-11,0.0008363849553025176,925,Dunes Golf and Beach Club
6169,"Kuchar, Matt",534,Bellerive CC,sg_app,0.1187359903009677,2018-08-12,-0.0014824919270626225,925,Dunes Golf and Beach Club
6169,"Kuchar, Matt",706,Whistling Straits,sg_app,0.0796824722558235,2015-08-16,0.0012101460035981748,925,Dunes Golf and Beach Club
6169,"Kuchar, Matt",505,Cherry Hills CC,sg_app,0.05654572710431851,2014-09-07,-0.0007185063297511734,925,Dunes Golf and Beach Club
6169,"Kuchar, Matt",762,Liberty National GC,sg_app,0.04778134838310103,2013-08-25,0.00016750873180076066,925,Dunes Golf and Beach Club
6169,"Kuchar, Matt",24,Congressional CC (Blue),sg_app,0.005030508167888888,2008-07-06,-6.347263336109556e-05,925,Dunes Golf and Beach Club
6169,"Kuchar, Matt",699,Redstone GC (Fall Creek),sg_app,0.0015628655174237905,2005-04-24,-1.8933216817122227e-06,925,Dunes Golf and Beach Club
6169,"Kuchar, Matt",528,Pinehurst Resort & Country Club (Course No. 2),sg_arg,2.008311584027092,2024-06-16,-0.006234265526905244,925,Dunes Golf and Beach Club
6169,"Kuchar, Matt",977,The Renaissance Club,sg_arg,0.990341308824338,2022-07-10,-0.005444335721653329,925,Dunes Golf and Beach Club
6169,"Kuchar, Matt",893,Muirfield Village Golf Club,sg_arg,0.47820984388552373,2020-07-12,0.0011210371407538158,925,Dunes Golf and Beach Club
6169,"Kuchar, Matt",666,Pebble Beach Golf Links,sg_arg,0.32312835884991714,2019-06-16,0.002211531234701322,925,Dunes Golf and Beach Club
6169,"Kuchar, Matt",891,Winged Foot GC,sg_arg,0.256441984961763,2020-09-20,-0.0013090259857269973,925,Dunes Golf and Beach Club
6169,"Kuchar, Matt",238,Glen Oaks Club,sg_arg,0.1673436763720972,2017-08-27,0.000100332992368098,925,Dunes Golf and Beach Club
6169,"Kuchar, Matt",649,Hualalai Golf Course,sg_arg,0.06715144246320333,2015-01-25,0.00010631517092300513,925,Dunes Golf and Beach Club
6169,"Kuchar, Matt",642,Newport Beach Country Club,sg_arg,0.054219988940829494,2014-07-27,-0.00019968975953583743,925,Dunes Golf and Beach Club
6169,"Kuchar, Matt",698,Quail Hollow Club,sg_arg,0.01759011772755805,2010-05-02,3.2489983605966926e-05,925,Dunes Golf and Beach Club
6169,"Kuchar, Matt",716,Shaughnessy G&CC,sg_arg,0.011154505439792229,2011-07-24,-2.873749800661699e-05,925,Dunes Golf and Beach Club
6169,"Kuchar, Matt",24,Congressional CC (Blue),sg_arg,0.005030508167888888,2008-07-06,-5.3052635322488716e-05,925,Dunes Golf and Beach Club
6169,"Kuchar, Matt",609,Annandale GC,sg_arg,0.004117655088250047,2007-09-30,6.33294393941468e-06,925,Dunes Golf and Beach Club
6169,"Kuchar, Matt",669,TPC Deere Run,sg_ott,5.41275019295534,2025-07-06,-0.013947986752908531,925,Dunes Golf and Beach Club
6169,"Kuchar, Matt",876,Detroit Golf Club,sg_ott,4.007732625778354,2025-06-29,-0.00871483368680425,925,Dunes Golf and Beach Club
6169,"Kuchar, Matt",897,Memorial Park Golf Course,sg_ott,3.850851763564798,2026-03-29,-0.029543428278673692,925,Dunes Golf and Beach Club
6169,"Kuchar, Matt",538,TPC Summerlin,sg_ott,3.8302439216187096,2024-10-20,0.006274245597603464,925,Dunes Golf and Beach Club
6169,"Kuchar, Matt",528,Pinehurst Resort & Country Club (Course No. 2),sg_ott,2.008311584027092,2024-06-16,-0.00647399394493878,925,Dunes Golf and Beach Club
6169,"Kuchar, Matt",908,Oakdale Golf & Country Club,sg_ott,1.3858232413202296,2023-06-11,-0.00012151210682695768,925,Dunes Golf and Beach Club
6169,"Kuchar, Matt",874,Hamilton Golf & Country Club,sg_ott,1.3110699191047563,2024-06-02,-0.017901506376520455,925,Dunes Golf and Beach Club
6169,"Kuchar, Matt",240,Club de Golf Chapultepec,sg_ott,1.0472625579043662,2020-02-23,-0.002199349537020605,925,Dunes Golf and Beach Club
6169,"Kuchar, Matt",901,Wilmington Country Club,sg_ott,1.0328214830517066,2022-08-21,0.0007466039632607468,925,Dunes Golf and Beach Club
6169,"Kuchar, Matt",688,East Lake Golf Club,sg_ott,0.8784324309659132,2019-08-25,0.0010894864433054702,925,Dunes Golf and Beach Club
6169,"Kuchar, Matt",734,PGA National Resort (The Champion),sg_ott,0.6560054401032993,2023-02-26,0.0018725960319754353,925,Dunes Golf and Beach Club
6169,"Kuchar, Matt",2000,Sherwood Country Club,sg_ott,0.5311527475801966,2020-10-25,0.0005119282683044001,925,Dunes Golf and Beach Club
6169,"Kuchar, Matt",348,Medinah Country Club (No. 3),sg_ott,0.3441403746919263,2019-08-18,-0.003061753574190969,925,Dunes Golf and Beach Club
6169,"Kuchar, Matt",8,Trump National Doral - Blue Monster Course,sg_ott,0.2949094204676418,2016-03-06,0.00026061260055736357,925,Dunes Golf and Beach Club
6169,"Kuchar, Matt",534,Bellerive CC,sg_ott,0.1187359903009677,2018-08-12,0.00011900497189647133,925,Dunes Golf and Beach Club
6169,"Kuchar, Matt",505,Cherry Hills CC,sg_ott,0.05654572710431851,2014-09-07,7.0513892932895e-05,925,Dunes Golf and Beach Club
6169,"Kuchar, Matt",625,LaCantera GC (Resort),sg_ott,0.008092678630857903,2008-10-12,-3.042152512119435e-05,925,Dunes Golf and Beach Club
6169,"Kuchar, Matt",27,Hillcrest Country Club,sg_ott,0.005005029041744019,2007-08-26,-2.853837229666188e-06,925,Dunes Golf and Beach Club
6169,"Kuchar, Matt",723,The Classic Club,sg_ott,0.002126279685068684,2008-01-20,-7.175378327328161e-06,925,Dunes Golf and Beach Club
6169,"Kuchar, Matt",13,Forest Oaks CC,sg_ott,0.0010831814085114268,2005-10-02,-4.613690960955038e-07,925,Dunes Golf and Beach Club
6169,"Kuchar, Matt",510,TPC Scottsdale (Stadium Course),sg_putt,4.261856381766684,2024-02-11,0.009243027816808644,925,Dunes Golf and Beach Club
6169,"Kuchar, Matt",872,Quail Hollow Club,sg_putt,3.2773949708638037,2024-05-12,0.02268621180302105,925,Dunes Golf and Beach Club
6169,"Kuchar, Matt",240,Club de Golf Chapultepec,sg_putt,1.0472625579043662,2020-02-23,-0.0028114171572411898,925,Dunes Golf and Beach Club
6169,"Kuchar, Matt",503,TPC River Highlands,sg_putt,0.9028579587021734,2023-06-25,-0.012807991209604824,925,Dunes Golf and Beach Club
6169,"Kuchar, Matt",898,The Concession Golf Club,sg_putt,0.6024770902147517,2021-02-28,-0.008119920510573952,925,Dunes Golf and Beach Club
6169,"Kuchar, Matt",744,Torrey Pines (South),sg_putt,0.3369391868246024,2021-06-20,-0.003987126687090339,925,Dunes Golf and Beach Club
6169,"Kuchar, Matt",895,TPC Harding Park,sg_putt,0.245894469849858,2020-08-09,-0.0013873126177073067,925,Dunes Golf and Beach Club
6169,"Kuchar, Matt",505,Cherry Hills CC,sg_putt,0.05654572710431851,2014-09-07,-0.0009428065476298245,925,Dunes Golf and Beach Club
6169,"Kuchar, Matt",526,Cog Hill G&CC,sg_putt,0.041453368156061314,2011-09-18,0.00016427386126204063,925,Dunes Golf and Beach Club
6169,"Kuchar, Matt",27,Hillcrest Country Club,sg_putt,0.005005029041744019,2007-08-26,1.021961566243779e-05,925,Dunes Golf and Beach Club
6169,"Kuchar, Matt",723,The Classic Club,sg_putt,0.002126279685068684,2008-01-20,-2.4796994047558125e-05,925,Dunes Golf and Beach Club
6169,"Kuchar, Matt",699,Redstone GC (Fall Creek),sg_putt,0.0015628655174237905,2005-04-24,-1.1447887408805026e-05,925,Dunes Golf and Beach Club
6169,"Kuchar, Matt",4230,kingsbarns golf links,sg_total,0.39023740277199187,2023-10-08,0.0015823319400227703,925,Dunes Golf and Beach Club
6169,"Kuchar, Matt",778,Royal St. George's GC,sg_total,0.355476956191887,2021-07-18,-0.009449856852027682,925,Dunes Golf and Beach Club
6169,"Kuchar, Matt",3636,abu dhabi gc,sg_total,0.1938432107136043,2018-01-21,-0.0029046941372062136,925,Dunes Golf and Beach Club
6169,"Kuchar, Matt",3509,dundonald links,sg_total,0.16046079424310566,2017-07-16,-0.00022011461603147256,925,Dunes Golf and Beach Club
6169,"Kuchar, Matt",3656,gullane gc,sg_total,0.11545749568928666,2018-07-15,-0.0023199098444190522,925,Dunes Golf and Beach Club
6169,"Kuchar, Matt",3671,carnoustie,sg_total,0.06278745415923806,2018-10-07,0.001716583351606183,925,Dunes Golf and Beach Club
6169,"Kuchar, Matt",558,Oak Hill CC,sg_total,0.03820818043128292,2013-08-11,0.00012307210088455167,925,Dunes Golf and Beach Club
6169,"Kuchar, Matt",763,PGA West (Nicklaus),sg_total,0.0376753941926507,2015-01-25,0.00038762634422859785,925,Dunes Golf and Beach Club
6169,"Kuchar, Matt",610,Turnberry (Ailsa),sg_total,0.004331450435769495,2009-07-19,-2.8081695941075626e-05,925,Dunes Golf and Beach Club
9586,"Laird, Martin",12,Harbour Town Golf Links,sg_app,1.287718062301692,2023-04-16,-0.009859867892793531,925,Dunes Golf and Beach Club
9586,"Laird, Martin",925,Dunes Golf and Beach Club,sg_app,0.9696182715346865,2024-05-12,-0.02683466498748103,925,Dunes Golf and Beach Club
9586,"Laird, Martin",6,Waialae Country Club,sg_app,0.8644453681190151,2024-01-14,-0.010124610813928046,925,Dunes Golf and Beach Club
9586,"Laird, Martin",908,Oakdale Golf & Country Club,sg_app,0.6929116206601148,2023-06-11,-0.0082048383754508,925,Dunes Golf and Beach Club
9586,"Laird, Martin",744,Torrey Pines (South),sg_app,0.3369391868246024,2021-06-20,-0.0010443243186794595,925,Dunes Golf and Beach Club
9586,"Laird, Martin",873,Ridgewood CC,sg_app,0.24081996956949417,2018-08-26,-1.3029579182390241e-05,925,Dunes Golf and Beach Club
9586,"Laird, Martin",24,Congressional CC (Blue),sg_app,0.20618472673769583,2016-06-26,0.000866914490208124,925,Dunes Golf and Beach Club
9586,"Laird, Martin",789,Conway Farms GC,sg_app,0.17089505251327972,2017-09-17,-0.000971949540675291,925,Dunes Golf and Beach Club
9586,"Laird, Martin",238,Glen Oaks Club,sg_app,0.1673436763720972,2017-08-27,-2.641693706966029e-05,925,Dunes Golf and Beach Club
9586,"Laird, Martin",734,PGA National Resort (The Champion),sg_app,0.0711397997220125,2016-02-28,-0.0006245600009796087,925,Dunes Golf and Beach Club
9586,"Laird, Martin",706,Whistling Straits,sg_app,0.03984123612791175,2015-08-16,8.901640226947519e-05,925,Dunes Golf and Beach Club
9586,"Laird, Martin",762,Liberty National GC,sg_app,0.03874685689420784,2013-08-25,-0.00047402419375081734,925,Dunes Golf and Beach Club
9586,"Laird, Martin",527,Saucon Valley CC,sg_app,0.027304448567383694,2012-09-09,-0.0007087277496626068,925,Dunes Golf and Beach Club
9586,"Laird, Martin",713,Grayhawk GC (Raptor),sg_app,0.016194443458001723,2009-10-25,0.00010490708984292339,925,Dunes Golf and Beach Club
9586,"Laird, Martin",534,Bellerive CC,sg_app,0.006322088674944868,2008-09-07,-3.9222176047260305e-05,925,Dunes Golf and Beach Club
9586,"Laird, Martin",925,Dunes Golf and Beach Club,sg_arg,0.9696182715346865,2024-05-12,0.003894710179778598,925,Dunes Golf and Beach Club
9586,"Laird, Martin",698,Quail Hollow Club,sg_arg,0.2901162201569862,2016-05-08,0.0014854924318729573,925,Dunes Golf and Beach Club
9586,"Laird, Martin",24,Congressional CC (Blue),sg_arg,0.20618472673769583,2016-06-26,0.00016530804243409863,925,Dunes Golf and Beach Club
9586,"Laird, Martin",238,Glen Oaks Club,sg_arg,0.1673436763720972,2017-08-27,0.00021632573624409196,925,Dunes Golf and Beach Club
9586,"Laird, Martin",235,Eagle Point Golf Club,sg_arg,0.1496126528894717,2017-05-07,0.0005620585371267932,925,Dunes Golf and Beach Club
9586,"Laird, Martin",649,Hualalai Golf Course,sg_arg,0.08959273008238149,2015-01-25,-9.961250311436085e-05,925,Dunes Golf and Beach Club
9586,"Laird, Martin",642,Newport Beach Country Club,sg_arg,0.054219988940829494,2014-07-27,-1.5332844944358212e-05,925,Dunes Golf and Beach Club
9586,"Laird, Martin",713,Grayhawk GC (Raptor),sg_arg,0.016194443458001723,2009-10-25,2.6225546005650995e-06,925,Dunes Golf and Beach Club
9586,"Laird, Martin",609,Annandale GC,sg_arg,0.006411220382534087,2008-09-21,-2.2150904689028505e-05,925,Dunes Golf and Beach Club
9586,"Laird, Martin",538,TPC Summerlin,sg_ott,5.335442673785036,2024-10-20,-0.004261010467081745,925,Dunes Golf and Beach Club
9586,"Laird, Martin",669,TPC Deere Run,sg_ott,5.223669265176704,2025-07-06,0.012687446942888933,925,Dunes Golf and Beach Club
9586,"Laird, Martin",897,Memorial Park Golf Course,sg_ott,3.642417239393939,2024-03-31,0.001668557965456418,925,Dunes Golf and Beach Club
9586,"Laird, Martin",876,Detroit Golf Club,sg_ott,2.939077590412444,2024-06-30,0.0014129653703976754,925,Dunes Golf and Beach Club
9586,"Laird, Martin",874,Hamilton Golf & Country Club,sg_ott,1.3110699191047563,2024-06-02,0.0023653958510516638,925,Dunes Golf and Beach Club
9586,"Laird, Martin",925,Dunes Golf and Beach Club,sg_ott,0.9696182715346865,2024-05-12,-0.01109751641889934,925,Dunes Golf and Beach Club
9586,"Laird, Martin",908,Oakdale Golf & Country Club,sg_ott,0.6929116206601148,2023-06-11,0.00026990883753759436,925,Dunes Golf and Beach Club
9586,"Laird, Martin",734,PGA National Resort (The Champion),sg_ott,0.0711397997220125,2016-02-28,-0.00035504603177298526,925,Dunes Golf and Beach Club
9586,"Laird, Martin",8,Trump National Doral - Blue Monster Course,sg_ott,0.03857746072884802,2012-03-11,0.00017610377378424137,925,Dunes Golf and Beach Club
9586,"Laird, Martin",713,Grayhawk GC (Raptor),sg_ott,0.016194443458001723,2009-10-25,1.2723247335553583e-05,925,Dunes Golf and Beach Club
9586,"Laird, Martin",688,East Lake Golf Club,sg_ott,0.013370484657756029,2010-09-26,-0.00019780801072358673,925,Dunes Golf and Beach Club
9586,"Laird, Martin",625,LaCantera GC (Resort),sg_ott,0.006547279632551801,2008-10-12,2.1337487827515558e-05,925,Dunes Golf and Beach Club
9586,"Laird, Martin",534,Bellerive CC,sg_ott,0.006322088674944868,2008-09-07,3.377050049519489e-05,925,Dunes Golf and Beach Club
9586,"Laird, Martin",510,TPC Scottsdale (Stadium Course),sg_putt,4.826904819768363,2024-02-11,0.010681117780646144,925,Dunes Golf and Beach Club
9586,"Laird, Martin",503,TPC River Highlands,sg_putt,2.5256706610685646,2023-06-25,-0.011233102375709575,925,Dunes Golf and Beach Club
9586,"Laird, Martin",872,Quail Hollow Club,sg_putt,0.9789172324443822,2023-05-07,0.0008151909927878499,925,Dunes Golf and Beach Club
9586,"Laird, Martin",925,Dunes Golf and Beach Club,sg_putt,0.9696182715346865,2024-05-12,0.008474613660880379,925,Dunes Golf and Beach Club
9586,"Laird, Martin",744,Torrey Pines (South),sg_putt,0.3369391868246024,2021-06-20,-0.0042950197689313315,925,Dunes Golf and Beach Club
9586,"Laird, Martin",526,Cog Hill G&CC,sg_putt,0.03229150425988181,2011-09-18,6.733177998887771e-05,925,Dunes Golf and Beach Club
9586,"Laird, Martin",735,Fundadores Course,sg_total,3.666708382532609,2026-02-08,-0.009545491458450479,925,Dunes Golf and Beach Club
9586,"Laird, Martin",4585,k club,sg_total,3.143366505553382,2025-09-07,-0.018518838077144495,925,Dunes Golf and Beach Club
9586,"Laird, Martin",4584,crans-sur-sierre gc,sg_total,1.5607198865560685,2025-08-31,-0.034759769543442676,925,Dunes Golf and Beach Club
9586,"Laird, Martin",807,Lakewood National Golf Club - Commander Course,sg_total,0.9694755730760259,2026-04-05,0.0034062171554123705,925,Dunes Golf and Beach Club
9586,"Laird, Martin",3656,gullane gc,sg_total,0.11545749568928666,2018-07-15,-0.0018029127958826968,925,Dunes Golf and Beach Club
9586,"Laird, Martin",3509,dundonald links,sg_total,0.08023039712155283,2017-07-16,-0.005356889186673508,925,Dunes Golf and Beach Club
9586,"Laird, Martin",763,PGA West (Nicklaus),sg_total,0.048896038002239794,2015-01-25,0.00026621626688012293,925,Dunes Golf and Beach Club
9586,"Laird, Martin",558,Oak Hill CC,sg_total,0.01910409021564146,2013-08-11,1.4255046062614836e-05,925,Dunes Golf and Beach Club
9586,"Laird, Martin",778,Royal St. George's GC,sg_total,0.008970150549001622,2011-07-17,-0.00011908646674274756,925,Dunes Golf and Beach Club
9586,"Laird, Martin",610,Turnberry (Ailsa),sg_total,0.004331450435769495,2009-07-19,3.7888099451658775e-05,925,Dunes Golf and Beach Club
24343,"Lamprecht, Christo",6,Waialae Country Club,sg_app,1.7952551928608698,2026-01-18,0.007223657392382587,925,Dunes Golf and Beach Club
24343,"Lamprecht, Christo",897,Memorial Park Golf Course,sg_ott,1.925425881782399,2026-03-29,0.03964912704364835,925,Dunes Golf and Beach Club
24343,"Lamprecht, Christo",510,TPC Scottsdale (Stadium Course),sg_putt,3.666708382532609,2026-02-08,0.0625491865786126,925,Dunes Golf and Beach Club
24343,"Lamprecht, Christo",801,The Club at Indian Creek,sg_total,5.180558702081253,2025-08-10,0.0952632176848566,925,Dunes Golf and Beach Club
24343,"Lamprecht, Christo",82,Greystone Golf & Country Club,sg_total,4.0613076827353956,2025-07-27,-0.03615849201032434,925,Dunes Golf and Beach Club
24343,"Lamprecht, Christo",96,Spyglass Hill Golf Course,sg_total,3.2326245488659535,2025-10-05,0.019982197970472244,925,Dunes Golf and Beach Club
24343,"Lamprecht, Christo",97,The Ocean Club Golf Course at Atlantis,sg_total,2.4850539289898466,2025-01-15,-0.0005283218461090576,925,Dunes Golf and Beach Club
24343,"Lamprecht, Christo",735,Fundadores Course,sg_total,1.9109725265339477,2025-02-09,0.039004408282933785,925,Dunes Golf and Beach Club
24343,"Lamprecht, Christo",4367,leopard creek cc,sg_total,1.6624532304963535,2023-12-10,0.014563990070725197,925,Dunes Golf and Beach Club
24343,"Lamprecht, Christo",807,Lakewood National Golf Club - Commander Course,sg_total,1.3649901064107801,2025-04-19,-0.013755898853649823,925,Dunes Golf and Beach Club
24343,"Lamprecht, Christo",86,Norwood Hills Country Club,sg_total,1.069452869263995,2024-08-18,-0.016523110432866635,925,Dunes Golf and Beach Club
24343,"Lamprecht, Christo",94,Jimmie Austin OU Golf Club,sg_total,1.011209541879383,2024-06-23,-0.0003252517833565444,925,Dunes Golf and Beach Club
24343,"Lamprecht, Christo",3817,king david mowbray gc,sg_total,0.0668703238465938,2018-12-09,-0.002995680737172526,925,Dunes Golf and Beach Club
18105,"Lawrence, Thriston",925,Dunes Golf and Beach Club,sg_app,3.334589195211435,2025-05-11,0.026738765644517687,925,Dunes Golf and Beach Club
18105,"Lawrence, Thriston",885,Royal Portrush Golf Club,sg_app,2.993054270314261,2025-07-20,-0.009892014845058486,925,Dunes Golf and Beach Club
18105,"Lawrence, Thriston",709,Royal Troon,sg_app,2.0798470578290473,2024-07-21,0.03296757080928191,925,Dunes Golf and Beach Club
18105,"Lawrence, Thriston",43,The Los Angeles Country Club (North Course),sg_app,0.6977790180203067,2023-06-18,0.0009412555187020574,925,Dunes Golf and Beach Club
18105,"Lawrence, Thriston",925,Dunes Golf and Beach Club,sg_arg,3.334589195211435,2025-05-11,-0.0017720459927945778,925,Dunes Golf and Beach Club
18105,"Lawrence, Thriston",977,The Renaissance Club,sg_arg,3.236350438529292,2025-07-13,0.002078274533860917,925,Dunes Golf and Beach Club
18105,"Lawrence, Thriston",709,Royal Troon,sg_arg,2.0798470578290473,2024-07-21,0.008562123149982028,925,Dunes Golf and Beach Club
18105,"Lawrence, Thriston",724,Royal Liverpool,sg_arg,1.4452674068973541,2023-07-23,0.0009576979103592699,925,Dunes Golf and Beach Club
18105,"Lawrence, Thriston",671,Valhalla Golf Club,sg_arg,0.9764294106100646,2024-05-19,-0.012801631576169217,925,Dunes Golf and Beach Club
18105,"Lawrence, Thriston",925,Dunes Golf and Beach Club,sg_ott,3.334589195211435,2025-05-11,0.0032287467439918137,925,Dunes Golf and Beach Club
18105,"Lawrence, Thriston",885,Royal Portrush Golf Club,sg_ott,2.993054270314261,2025-07-20,0.007061843776946989,925,Dunes Golf and Beach Club
18105,"Lawrence, Thriston",669,TPC Deere Run,sg_ott,2.9514434658023645,2025-07-06,-0.00011955492175499683,925,Dunes Golf and Beach Club
18105,"Lawrence, Thriston",876,Detroit Golf Club,sg_ott,2.93085550347733,2025-06-29,0.009836706235763049,925,Dunes Golf and Beach Club
18105,"Lawrence, Thriston",709,Royal Troon,sg_ott,2.0798470578290473,2024-07-21,0.023730800195530446,925,Dunes Golf and Beach Club
18105,"Lawrence, Thriston",897,Memorial Park Golf Course,sg_ott,1.3379614913806934,2025-03-30,-0.005014643385555576,925,Dunes Golf and Beach Club
18105,"Lawrence, Thriston",671,Valhalla Golf Club,sg_ott,0.9764294106100646,2024-05-19,0.0035993693366402294,925,Dunes Golf and Beach Club
18105,"Lawrence, Thriston",925,Dunes Golf and Beach Club,sg_putt,3.334589195211435,2025-05-11,-0.004074672144426385,925,Dunes Golf and Beach Club
18105,"Lawrence, Thriston",510,TPC Scottsdale (Stadium Course),sg_putt,1.273981684355965,2025-02-09,-0.007557894829668158,925,Dunes Golf and Beach Club
18105,"Lawrence, Thriston",4817,national gc,sg_total,3.988017982013492,2026-05-03,-0.007392620740014994,925,Dunes Golf and Beach Club
18105,"Lawrence, Thriston",4693,delhi gc,sg_total,3.2781995733317024,2025-10-19,0.0462988785725416,925,Dunes Golf and Beach Club
18105,"Lawrence, Thriston",4586,wentworth golf club,sg_total,3.1654472635823354,2025-09-14,-0.04090289972917635,925,Dunes Golf and Beach Club
18105,"Lawrence, Thriston",4584,crans-sur-sierre gc,sg_total,3.121439773112137,2025-08-31,0.10408691001172359,925,Dunes Golf and Beach Club
18105,"Lawrence, Thriston",4558,gary player cc,sg_total,2.3923935762510453,2024-12-08,0.006831170899684484,925,Dunes Golf and Beach Club
18105,"Lawrence, Thriston",4406,real club de golf sotogrande,sg_total,2.2779920181181663,2024-10-20,-0.006494205203699023,925,Dunes Golf and Beach Club
18105,"Lawrence, Thriston",4383,green eagle golf courses,sg_total,1.9803911211237737,2024-06-02,0.03760714143739817,925,Dunes Golf and Beach Club
18105,"Lawrence, Thriston",4382,rinkven international gc,sg_total,1.9665767898438604,2024-05-26,-0.006571016326714234,925,Dunes Golf and Beach Club
18105,"Lawrence, Thriston",4727,emirates gc,sg_total,1.8078660657717283,2026-01-25,-0.048987875076107114,925,Dunes Golf and Beach Club
18105,"Lawrence, Thriston",4367,leopard creek cc,sg_total,1.6624532304963535,2023-12-10,0.01197743357221677,925,Dunes Golf and Beach Club
18105,"Lawrence, Thriston",4415,doha gc,sg_total,1.5940761643380565,2023-10-29,-0.0012714412175421842,925,Dunes Golf and Beach Club
18105,"Lawrence, Thriston",4585,k club,sg_total,1.571683252776691,2025-09-07,-0.03188670268711987,925,Dunes Golf and Beach Club
18105,"Lawrence, Thriston",4583,brabazon course at the belfry,sg_total,1.549832995922162,2025-08-24,-0.012100909697164054,925,Dunes Golf and Beach Club
18105,"Lawrence, Thriston",4226,wentworth golf club,sg_total,1.5285114619146603,2023-09-17,-0.014834870560670609,925,Dunes Golf and Beach Club
18105,"Lawrence, Thriston",4225,k club,sg_total,1.5178492429848702,2023-09-10,0.012944934870124948,925,Dunes Golf and Beach Club
18105,"Lawrence, Thriston",4223,albatross golf resort,sg_total,1.4967474110686245,2023-08-27,-0.016147782615105858,925,Dunes Golf and Beach Club
18105,"Lawrence, Thriston",4575,international,sg_total,1.4349746457088866,2025-06-08,-0.00837410634670984,925,Dunes Golf and Beach Club
18105,"Lawrence, Thriston",4565,emirates gc,sg_total,1.247507025835504,2025-01-19,-0.03621868714024144,925,Dunes Golf and Beach Club
18105,"Lawrence, Thriston",4189,amata spring cc,sg_total,1.2389873108128833,2023-02-19,-0.0014061516539876316,925,Dunes Golf and Beach Club
18105,"Lawrence, Thriston",4559,leopard creek cc,sg_total,1.2045995409661308,2024-12-15,-0.03291918909822939,925,Dunes Golf and Beach Club
18105,"Lawrence, Thriston",4402,le golf national,sg_total,1.1310508773990742,2024-10-13,-0.027052502885592335,925,Dunes Golf and Beach Club
18105,"Lawrence, Thriston",4397,old course st andrews,sg_total,1.1231611674583626,2024-10-06,-0.016025020841770824,925,Dunes Golf and Beach Club
18105,"Lawrence, Thriston",4000,mount juliet estate,sg_total,0.9834331265090592,2022-07-03,0.02304319253074561,925,Dunes Golf and Beach Club
18105,"Lawrence, Thriston",3991,rinkven international gc,sg_total,0.9364064653823287,2022-05-15,-0.00900605669542992,925,Dunes Golf and Beach Club
18105,"Lawrence, Thriston",3990,brabazon course at the belfry,sg_total,0.9298745086453666,2022-05-08,0.003950788952619744,925,Dunes Golf and Beach Club
18105,"Lawrence, Thriston",4111,pga catalunya resort,sg_total,0.923388115945381,2022-05-01,0.008473603135276083,925,Dunes Golf and Beach Club
18105,"Lawrence, Thriston",4108,infinitum golf lakes course,sg_total,0.9169469694478314,2022-04-24,0.0014561876401731739,925,Dunes Golf and Beach Club
18105,"Lawrence, Thriston",4032,club at steyn city,sg_total,0.8854089601197873,2022-03-20,0.007386120413440299,925,Dunes Golf and Beach Club
18105,"Lawrence, Thriston",4372,al hamra gc,sg_total,0.8729711074103866,2024-01-28,-0.012336482132546723,925,Dunes Golf and Beach Club
18105,"Lawrence, Thriston",4371,emirates gc,sg_total,0.8668816476330086,2024-01-21,-0.012802898771260481,925,Dunes Golf and Beach Club
18105,"Lawrence, Thriston",4102,al hamra gc,sg_total,0.8549556874946465,2022-02-13,0.008248495426801635,925,Dunes Golf and Beach Club
18105,"Lawrence, Thriston",4186,emirates gc,sg_total,0.6066199358044453,2023-01-29,-0.006896859214782294,925,Dunes Golf and Beach Club
18105,"Lawrence, Thriston",3993,bernardus golf,sg_total,0.47480417674213016,2022-05-29,-0.005057370720352788,925,Dunes Golf and Beach Club
18105,"Lawrence, Thriston",3981,emirates gc,sg_total,0.4215348519460188,2022-01-30,-0.008693786226180049,925,Dunes Golf and Beach Club
18105,"Lawrence, Thriston",4230,kingsbarns golf links,sg_total,0.39023740277199187,2023-10-08,-0.010390918028829289,925,Dunes Golf and Beach Club
18105,"Lawrence, Thriston",3907,education city gc,sg_total,0.3208271355503455,2021-05-02,-0.003912866995586108,925,Dunes Golf and Beach Club
18105,"Lawrence, Thriston",4193,kingsbarns golf links,sg_total,0.26928095555244996,2022-10-02,-0.012203457515471347,925,Dunes Golf and Beach Club
18105,"Lawrence, Thriston",4192,carnoustie,sg_total,0.26928095555244996,2022-10-02,0.007020478561870834,925,Dunes Golf and Beach Club
18105,"Lawrence, Thriston",3974,carnoustie,sg_total,0.1871209649253546,2021-10-03,0.002384580909036436,925,Dunes Golf and Beach Club
18105,"Lawrence, Thriston",3817,king david mowbray gc,sg_total,0.16935930368042293,2020-02-09,0.0036894598297752676,925,Dunes Golf and Beach Club
18105,"Lawrence, Thriston",3961,london gc,sg_total,0.10320891954189276,2020-02-16,0.001783312490519955,925,Dunes Golf and Beach Club
18105,"Lawrence, Thriston",3797,old course st andrews,sg_total,0.0897255241703572,2019-09-29,0.002596746651428472,925,Dunes Golf and Beach Club
21943,"Lebioda, Hank",6,Waialae Country Club,sg_app,2.9761052975020013,2026-01-18,-0.011053016862064178,925,Dunes Golf and Beach Club
21943,"Lebioda, Hank",734,PGA National Resort (The Champion),sg_app,1.8652297896345778,2023-02-26,-0.005112605801196323,925,Dunes Golf and Beach Club
21943,"Lebioda, Hank",43,The Los Angeles Country Club (North Course),sg_app,0.6977790180203067,2023-06-18,-0.036129442863831504,925,Dunes Golf and Beach Club
21943,"Lebioda, Hank",908,Oakdale Golf & Country Club,sg_app,0.6929116206601148,2023-06-11,-0.0046172969632353195,925,Dunes Golf and Beach Club
21943,"Lebioda, Hank",12,Harbour Town Golf Links,sg_app,0.4552753767676255,2022-04-17,6.35941673124027e-05,925,Dunes Golf and Beach Club
21943,"Lebioda, Hank",893,Muirfield Village Golf Club,sg_arg,0.23910492194276187,2020-07-12,0.0002478181688107954,925,Dunes Golf and Beach Club
21943,"Lebioda, Hank",876,Detroit Golf Club,sg_ott,3.005570482836462,2023-07-02,-0.016775150319916787,925,Dunes Golf and Beach Club
21943,"Lebioda, Hank",897,Memorial Park Golf Course,sg_ott,2.706015566499069,2026-03-29,1.37548854546397e-05,925,Dunes Golf and Beach Club
21943,"Lebioda, Hank",669,TPC Deere Run,sg_ott,2.550351807051295,2023-07-09,0.0012991278823743888,925,Dunes Golf and Beach Club
21943,"Lebioda, Hank",734,PGA National Resort (The Champion),sg_ott,1.8652297896345778,2023-02-26,-0.013274250389751852,925,Dunes Golf and Beach Club
21943,"Lebioda, Hank",908,Oakdale Golf & Country Club,sg_ott,0.6929116206601148,2023-06-11,0.0012821783080966826,925,Dunes Golf and Beach Club
21943,"Lebioda, Hank",538,TPC Summerlin,sg_ott,0.37687081371860137,2021-10-10,-0.004674793268152639,925,Dunes Golf and Beach Club
21943,"Lebioda, Hank",874,Hamilton Golf & Country Club,sg_ott,0.32087435854286944,2019-06-09,-0.0017181288319540557,925,Dunes Golf and Beach Club
21943,"Lebioda, Hank",510,TPC Scottsdale (Stadium Course),sg_putt,4.094186226279932,2026-02-08,-0.03154278021613839,925,Dunes Golf and Beach Club
21943,"Lebioda, Hank",503,TPC River Highlands,sg_putt,2.4521449486985856,2022-06-26,0.0022301868755923286,925,Dunes Golf and Beach Club
21943,"Lebioda, Hank",872,Quail Hollow Club,sg_putt,0.9559996268207229,2021-05-09,-0.005238949468475633,925,Dunes Golf and Beach Club
21943,"Lebioda, Hank",801,The Club at Indian Creek,sg_total,6.150368676429114,2025-08-10,0.012122695835415843,925,Dunes Golf and Beach Club
21943,"Lebioda, Hank",82,Greystone Golf & Country Club,sg_total,5.108536214031923,2025-07-27,-0.00583835016502754,925,Dunes Golf and Beach Club
21943,"Lebioda, Hank",807,Lakewood National Golf Club - Commander Course,sg_total,4.62891741258121,2025-04-19,0.06654154989621233,925,Dunes Golf and Beach Club
21943,"Lebioda, Hank",86,Norwood Hills Country Club,sg_total,2.8820591205720816,2024-08-18,0.02573232104138181,925,Dunes Golf and Beach Club
21943,"Lebioda, Hank",109,Holston Hills Country Club,sg_total,2.830049948426007,2025-05-25,-0.02725614815115085,925,Dunes Golf and Beach Club
21943,"Lebioda, Hank",97,The Ocean Club Golf Course at Atlantis,sg_total,2.4850539289898466,2025-01-15,0.06423645072477396,925,Dunes Golf and Beach Club
21943,"Lebioda, Hank",735,Fundadores Course,sg_total,2.4525903345657754,2025-02-09,-0.0014002963368501538,925,Dunes Golf and Beach Club
21943,"Lebioda, Hank",96,Spyglass Hill Golf Course,sg_total,1.6163122744329768,2025-10-05,-0.02837466453125639,925,Dunes Golf and Beach Club
21943,"Lebioda, Hank",94,Jimmie Austin OU Golf Club,sg_total,1.011209541879383,2024-06-23,-0.005605292486221471,925,Dunes Golf and Beach Club
15310,"Li, HaoTong",534,Bellerive CC,sg_app,0.05936799515048385,2018-08-12,0.000726171260427819,925,Dunes Golf and Beach Club
15310,"Li, HaoTong",240,Club de Golf Chapultepec,sg_ott,0.4910490678618219,2019-02-24,0.0006501630239373823,925,Dunes Golf and Beach Club
15310,"Li, HaoTong",534,Bellerive CC,sg_ott,0.05936799515048385,2018-08-12,-0.0008791796234527456,925,Dunes Golf and Beach Club
15310,"Li, HaoTong",240,Club de Golf Chapultepec,sg_putt,0.4910490678618219,2019-02-24,0.002210950133576965,925,Dunes Golf and Beach Club
15310,"Li, Haotong",6,Waialae Country Club,sg_app,4.421859350372096,2026-01-18,0.03476967476056105,925,Dunes Golf and Beach Club
15310,"Li, Haotong",885,Royal Portrush Golf Club,sg_app,2.993054270314261,2025-07-20,0.1309164270210838,925,Dunes Golf and Beach Club
15310,"Li, Haotong",668,St. Andrews Links (Old Course),sg_app,0.4986490090309502,2022-07-17,-0.00753584821518505,925,Dunes Golf and Beach Club
15310,"Li, Haotong",666,Pebble Beach Golf Links,sg_app,0.32312835884991714,2019-06-16,0.00027285266090143186,925,Dunes Golf and Beach Club
15310,"Li, Haotong",977,The Renaissance Club,sg_arg,5.259361230347139,2025-07-13,-0.00554939673978491,925,Dunes Golf and Beach Club
15310,"Li, Haotong",668,St. Andrews Links (Old Course),sg_arg,0.4986490090309502,2022-07-17,-0.003348119932720241,925,Dunes Golf and Beach Club
15310,"Li, Haotong",666,Pebble Beach Golf Links,sg_arg,0.32312835884991714,2019-06-16,-0.001529496630225956,925,Dunes Golf and Beach Club
15310,"Li, Haotong",885,Royal Portrush Golf Club,sg_ott,2.993054270314261,2025-07-20,-0.0007195214917677745,925,Dunes Golf and Beach Club
15310,"Li, Haotong",897,Memorial Park Golf Course,sg_ott,1.925425881782399,2026-03-29,-0.0004763130819219474,925,Dunes Golf and Beach Club
15310,"Li, Haotong",510,TPC Scottsdale (Stadium Course),sg_putt,1.8333541912663045,2026-02-08,-0.01812368594209625,925,Dunes Golf and Beach Club
15310,"Li, Haotong",895,TPC Harding Park,sg_putt,0.491788939699716,2020-08-09,0.003474878135856016,925,Dunes Golf and Beach Club
15310,"Li, Haotong",4586,wentworth golf club,sg_total,6.330894527164671,2025-09-14,-0.06241184366469266,925,Dunes Golf and Beach Club
15310,"Li, Haotong",4584,crans-sur-sierre gc,sg_total,3.121439773112137,2025-08-31,-0.004654510709458665,925,Dunes Golf and Beach Club
15310,"Li, Haotong",4583,brabazon course at the belfry,sg_total,3.099665991844324,2025-08-24,0.01558992583665141,925,Dunes Golf and Beach Club
15310,"Li, Haotong",4575,international,sg_total,2.869949291417773,2025-06-08,-0.013731832462894443,925,Dunes Golf and Beach Club
15310,"Li, Haotong",4568,muthaiga gc,sg_total,2.583885725642498,2025-02-23,0.004879684122443821,925,Dunes Golf and Beach Club
15310,"Li, Haotong",4565,emirates gc,sg_total,2.495014051671008,2025-01-19,0.013442259664360147,925,Dunes Golf and Beach Club
15310,"Li, Haotong",4402,le golf national,sg_total,2.2621017547981483,2024-10-13,0.013157660934352748,925,Dunes Golf and Beach Club
15310,"Li, Haotong",4569,durban country club,sg_total,1.9515272841699496,2025-03-02,0.02268564451093471,925,Dunes Golf and Beach Club
15310,"Li, Haotong",4372,al hamra gc,sg_total,1.7459422148207733,2024-01-28,0.008873358501054605,925,Dunes Golf and Beach Club
15310,"Li, Haotong",4371,emirates gc,sg_total,1.7337632952660171,2024-01-21,0.06948078225766229,925,Dunes Golf and Beach Club
15310,"Li, Haotong",4585,k club,sg_total,1.571683252776691,2025-09-07,-0.014595792454233265,925,Dunes Golf and Beach Club
15310,"Li, Haotong",4226,wentworth golf club,sg_total,1.5285114619146603,2023-09-17,-0.013170822399432994,925,Dunes Golf and Beach Club
15310,"Li, Haotong",4223,albatross golf resort,sg_total,1.4967474110686245,2023-08-27,-0.02958042993006301,925,Dunes Golf and Beach Club
15310,"Li, Haotong",4201,pgm ishioka gc,sg_total,1.31955473948274,2023-04-23,0.014496760007660129,925,Dunes Golf and Beach Club
15310,"Li, Haotong",4397,old course st andrews,sg_total,1.1231611674583626,2024-10-06,0.024075726914691026,925,Dunes Golf and Beach Club
15310,"Li, Haotong",4383,green eagle golf courses,sg_total,0.9901955605618868,2024-06-02,0.0023562470114466723,925,Dunes Golf and Beach Club
15310,"Li, Haotong",3993,bernardus golf,sg_total,0.9496083534842603,2022-05-29,0.004350992562154982,925,Dunes Golf and Beach Club
15310,"Li, Haotong",4111,pga catalunya resort,sg_total,0.923388115945381,2022-05-01,0.008306708865958757,925,Dunes Golf and Beach Club
15310,"Li, Haotong",4108,infinitum golf lakes course,sg_total,0.9169469694478314,2022-04-24,0.01957235651493382,925,Dunes Golf and Beach Club
15310,"Li, Haotong",4102,al hamra gc,sg_total,0.8549556874946465,2022-02-13,0.004184807619153369,925,Dunes Golf and Beach Club
15310,"Li, Haotong",3981,emirates gc,sg_total,0.8430697038920376,2022-01-30,0.010830118397007751,925,Dunes Golf and Beach Club
15310,"Li, Haotong",4602,carnoustie,sg_total,0.8081561372164884,2025-10-05,-0.007674996200355339,925,Dunes Golf and Beach Club
15310,"Li, Haotong",4225,k club,sg_total,0.7589246214924351,2023-09-10,-0.003446199603933534,925,Dunes Golf and Beach Club
15310,"Li, Haotong",3948,club de campo villa de madrid,sg_total,0.7537416274372027,2021-10-10,-0.0005720651228715173,925,Dunes Golf and Beach Club
15310,"Li, Haotong",4189,amata spring cc,sg_total,0.6194936554064416,2023-02-19,0.0039030916755300894,925,Dunes Golf and Beach Club
15310,"Li, Haotong",3930,wentworth golf club,sg_total,0.5237684200173037,2020-10-11,-0.015374800923908197,925,Dunes Golf and Beach Club
15310,"Li, Haotong",3923,renaissance club,sg_total,0.5201148435137036,2020-10-04,0.0013490528714577338,925,Dunes Golf and Beach Club
15310,"Li, Haotong",3907,education city gc,sg_total,0.516283993489992,2021-03-14,-0.008706557386176258,925,Dunes Golf and Beach Club
15310,"Li, Haotong",4056,frederikshavn golfklub,sg_total,0.5022257099727888,2020-08-30,-0.003395981980355297,925,Dunes Golf and Beach Club
15310,"Li, Haotong",3990,brabazon course at the belfry,sg_total,0.4649372543226833,2022-05-08,-0.00550409106960114,925,Dunes Golf and Beach Club
15310,"Li, Haotong",3978,yas links,sg_total,0.41859441153063903,2022-01-23,0.0004757128788301245,925,Dunes Golf and Beach Club
15310,"Li, Haotong",4230,kingsbarns golf links,sg_total,0.39023740277199187,2023-10-08,-0.0012195836618860117,925,Dunes Golf and Beach Club
15310,"Li, Haotong",3806,gary player cc,sg_total,0.3769262858581016,2019-11-17,-0.005602365257167698,925,Dunes Golf and Beach Club
15310,"Li, Haotong",3864,montgomerie maxx royal,sg_total,0.37429701504113466,2019-11-10,-0.004798879577557077,925,Dunes Golf and Beach Club
15310,"Li, Haotong",3961,london gc,sg_total,0.3563461035457968,2021-08-15,-0.019967994117726172,925,Dunes Golf and Beach Club
15310,"Li, Haotong",778,Royal St. George's GC,sg_total,0.3465068056428854,2021-07-18,-5.0350159141978876e-05,925,Dunes Golf and Beach Club
15310,"Li, Haotong",4074,pga national cyprus course,sg_total,0.2693205913910117,2020-11-08,-0.0013844110881705604,925,Dunes Golf and Beach Club
15310,"Li, Haotong",4094,outeniqua,sg_total,0.2674419302365088,2020-11-01,-0.00781895305694107,925,Dunes Golf and Beach Club
15310,"Li, Haotong",3667,dom pedro victoria golf course,sg_total,0.2476582174277667,2018-09-23,-0.0007204714061376464,925,Dunes Golf and Beach Club
15310,"Li, Haotong",3656,gullane gc,sg_total,0.23091499137857333,2018-07-15,0.0006796536384847678,925,Dunes Golf and Beach Club
15310,"Li, Haotong",3701,gardagolf cc,sg_total,0.2214174071140697,2018-06-03,0.0024055248658347347,925,Dunes Golf and Beach Club
15310,"Li, Haotong",3974,carnoustie,sg_total,0.1871209649253546,2021-10-03,0.002142396065468025,925,Dunes Golf and Beach Club
15310,"Li, Haotong",3801,olgiata gc,sg_total,0.18198103157721535,2019-10-13,-0.0025500136368130926,925,Dunes Golf and Beach Club
15310,"Li, Haotong",3797,old course st andrews,sg_total,0.1794510483407144,2019-09-29,0.0012272171840547964,925,Dunes Golf and Beach Club
15310,"Li, Haotong",3509,dundonald links,sg_total,0.16046079424310566,2017-07-16,-0.0020475382960105995,925,Dunes Golf and Beach Club
15310,"Li, Haotong",3512,portstewart gc,sg_total,0.15934149081588453,2017-07-09,-0.0007855855214316037,925,Dunes Golf and Beach Club
15310,"Li, Haotong",3524,le golf national,sg_total,0.1582299951535949,2017-07-02,0.002671638986551123,925,Dunes Golf and Beach Club
15310,"Li, Haotong",3519,barsebäck g&cc,sg_total,0.15386100656637336,2017-06-04,3.513649938734878e-05,925,Dunes Golf and Beach Club
15310,"Li, Haotong",3541,topwin golf & cc,sg_total,0.1485690212913311,2017-04-30,0.0015052080853503798,925,Dunes Golf and Beach Club
15310,"Li, Haotong",3655,ballyliffin gc,sg_total,0.11465211533932027,2018-07-08,-0.003734799027903975,925,Dunes Golf and Beach Club
15310,"Li, Haotong",3636,abu dhabi gc,sg_total,0.09692160535680215,2018-01-21,-0.001737882486518697,925,Dunes Golf and Beach Club
15310,"Li, Haotong",3671,carnoustie,sg_total,0.06278745415923806,2018-10-07,0.000925834900364709,925,Dunes Golf and Beach Club
17723,"Lower, Justin",6,Waialae Country Club,sg_app,4.199279269230823,2025-01-12,0.028272569797761122,925,Dunes Golf and Beach Club
17723,"Lower, Justin",925,Dunes Golf and Beach Club,sg_app,2.3649709236767484,2025-05-11,0.07808892507334655,925,Dunes Golf and Beach Club
17723,"Lower, Justin",908,Oakdale Golf & Country Club,sg_app,1.3858232413202296,2023-06-11,0.005955262915578459,925,Dunes Golf and Beach Club
17723,"Lower, Justin",12,Harbour Town Golf Links,sg_app,1.310350110094758,2023-04-16,0.013460469342872008,925,Dunes Golf and Beach Club
17723,"Lower, Justin",734,PGA National Resort (The Champion),sg_app,0.86700924514902,2022-02-27,0.023795865931548817,925,Dunes Golf and Beach Club
17723,"Lower, Justin",925,Dunes Golf and Beach Club,sg_arg,2.3649709236767484,2025-05-11,-0.017102114586681264,925,Dunes Golf and Beach Club
17723,"Lower, Justin",977,The Renaissance Club,sg_arg,2.0653389659870176,2024-07-14,-0.010235668642079247,925,Dunes Golf and Beach Club
17723,"Lower, Justin",528,Pinehurst Resort & Country Club (Course No. 2),sg_arg,2.008311584027092,2024-06-16,0.007162382159374182,925,Dunes Golf and Beach Club
17723,"Lower, Justin",876,Detroit Golf Club,sg_ott,7.394072822834527,2025-06-29,0.002559855647117053,925,Dunes Golf and Beach Club
17723,"Lower, Justin",669,TPC Deere Run,sg_ott,5.985808668478986,2025-07-06,0.0003201702189456621,925,Dunes Golf and Beach Club
17723,"Lower, Justin",897,Memorial Park Golf Course,sg_ott,5.684525935250925,2026-03-29,0.005732880351446441,925,Dunes Golf and Beach Club
17723,"Lower, Justin",538,TPC Summerlin,sg_ott,3.0096434447523426,2024-10-20,0.0007224627726350157,925,Dunes Golf and Beach Club
17723,"Lower, Justin",935,TPC Toronto at Osprey Valley (North Course),sg_ott,2.869949291417773,2025-06-08,-0.024241784523375977,925,Dunes Golf and Beach Club
17723,"Lower, Justin",925,Dunes Golf and Beach Club,sg_ott,2.3649709236767484,2025-05-11,-0.019135066009743493,925,Dunes Golf and Beach Club
17723,"Lower, Justin",528,Pinehurst Resort & Country Club (Course No. 2),sg_ott,2.008311584027092,2024-06-16,-0.012740336363647617,925,Dunes Golf and Beach Club
17723,"Lower, Justin",908,Oakdale Golf & Country Club,sg_ott,1.3858232413202296,2023-06-11,-0.001854148594320878,925,Dunes Golf and Beach Club
17723,"Lower, Justin",874,Hamilton Golf & Country Club,sg_ott,0.9901955605618868,2024-06-02,0.01238919910996535,925,Dunes Golf and Beach Club
17723,"Lower, Justin",734,PGA National Resort (The Champion),sg_ott,0.86700924514902,2022-02-27,-0.0039156505132038,925,Dunes Golf and Beach Club
17723,"Lower, Justin",510,TPC Scottsdale (Stadium Course),sg_putt,3.000901993566715,2024-02-11,-0.007362708823334225,925,Dunes Golf and Beach Club
17723,"Lower, Justin",925,Dunes Golf and Beach Club,sg_putt,2.3649709236767484,2025-05-11,-0.028358188036354412,925,Dunes Golf and Beach Club
17723,"Lower, Justin",503,TPC River Highlands,sg_putt,1.1909671729988698,2023-06-25,-0.01281465913460243,925,Dunes Golf and Beach Club
17723,"Lower, Justin",872,Quail Hollow Club,sg_putt,0.6690792138972153,2023-05-07,0.003760313510721983,925,Dunes Golf and Beach Club
17723,"Lower, Justin",807,Lakewood National Golf Club - Commander Course,sg_total,1.354255089400219,2022-02-20,0.008763335849263573,925,Dunes Golf and Beach Club
17723,"Lower, Justin",69,The Grove,sg_total,0.6461616082735558,2021-05-09,0.008418225776787285,925,Dunes Golf and Beach Club
17723,"Lower, Justin",801,The Club at Indian Creek,sg_total,0.6044591321349977,2021-08-15,-0.002315779564404344,925,Dunes Golf and Beach Club
17723,"Lower, Justin",735,Fundadores Course,sg_total,0.34291125972605485,2020-02-09,-0.006787451401694736,925,Dunes Golf and Beach Club
17723,"Lower, Justin",82,Greystone Golf & Country Club,sg_total,0.3299372416452629,2021-05-30,-0.01397972956724476,925,Dunes Golf and Beach Club
14926,"Malnati, Peter",6,Waialae Country Club,sg_app,6.323311146199606,2026-01-18,-0.05336210215434231,925,Dunes Golf and Beach Club
14926,"Malnati, Peter",12,Harbour Town Golf Links,sg_app,4.963067552537657,2024-04-21,-0.020233983214181066,925,Dunes Golf and Beach Club
14926,"Malnati, Peter",734,PGA National Resort (The Champion),sg_app,1.7506899086503953,2023-02-26,-0.012167157599741336,925,Dunes Golf and Beach Club
14926,"Malnati, Peter",925,Dunes Golf and Beach Club,sg_app,1.395352652142062,2025-05-11,-0.01529539745711987,925,Dunes Golf and Beach Club
14926,"Malnati, Peter",908,Oakdale Golf & Country Club,sg_app,1.3858232413202296,2023-06-11,-0.011976029065997405,925,Dunes Golf and Beach Club
14926,"Malnati, Peter",744,Torrey Pines (South),sg_app,0.3369391868246024,2021-06-20,-0.0011647518926560937,925,Dunes Golf and Beach Club
14926,"Malnati, Peter",24,Congressional CC (Blue),sg_app,0.05459282476430735,2016-06-26,-0.0005544944874842885,925,Dunes Golf and Beach Club
14926,"Malnati, Peter",925,Dunes Golf and Beach Club,sg_arg,1.395352652142062,2025-05-11,-0.0009406386061489345,925,Dunes Golf and Beach Club
14926,"Malnati, Peter",528,Pinehurst Resort & Country Club (Course No. 2),sg_arg,1.004155792013546,2024-06-16,0.0013576060784959607,925,Dunes Golf and Beach Club
14926,"Malnati, Peter",671,Valhalla Golf Club,sg_arg,0.9764294106100646,2024-05-19,-0.0005789357592035644,925,Dunes Golf and Beach Club
14926,"Malnati, Peter",893,Muirfield Village Golf Club,sg_arg,0.47820984388552373,2020-07-12,0.0002514818299438167,925,Dunes Golf and Beach Club
14926,"Malnati, Peter",698,Quail Hollow Club,sg_arg,0.07690803382617602,2016-05-08,-0.0004911703053417333,925,Dunes Golf and Beach Club
14926,"Malnati, Peter",235,Eagle Point Golf Club,sg_arg,0.07480632644473585,2017-05-07,0.0002329966639752443,925,Dunes Golf and Beach Club
14926,"Malnati, Peter",24,Congressional CC (Blue),sg_arg,0.05459282476430735,2016-06-26,-0.0005756015010436096,925,Dunes Golf and Beach Club
14926,"Malnati, Peter",642,Newport Beach Country Club,sg_arg,0.027109994470414747,2014-07-27,-1.72142103496998e-05,925,Dunes Golf and Beach Club
14926,"Malnati, Peter",876,Detroit Golf Club,sg_ott,8.300883335613175,2025-06-29,0.021190056576751964,925,Dunes Golf and Beach Club
14926,"Malnati, Peter",897,Memorial Park Golf Course,sg_ott,8.00024665939166,2026-03-29,0.007898822378827533,925,Dunes Golf and Beach Club
14926,"Malnati, Peter",669,TPC Deere Run,sg_ott,5.635011862962342,2025-07-06,0.009890602292468308,925,Dunes Golf and Beach Club
14926,"Malnati, Peter",538,TPC Summerlin,sg_ott,3.591881757767976,2024-10-20,0.00916948368410457,925,Dunes Golf and Beach Club
14926,"Malnati, Peter",935,TPC Toronto at Osprey Valley (North Course),sg_ott,2.869949291417773,2025-06-08,-0.004547366694398974,925,Dunes Golf and Beach Club
14926,"Malnati, Peter",734,PGA National Resort (The Champion),sg_ott,1.7506899086503953,2023-02-26,-0.0004844871684581313,925,Dunes Golf and Beach Club
14926,"Malnati, Peter",925,Dunes Golf and Beach Club,sg_ott,1.395352652142062,2025-05-11,0.01405982570764241,925,Dunes Golf and Beach Club
14926,"Malnati, Peter",908,Oakdale Golf & Country Club,sg_ott,1.3858232413202296,2023-06-11,-0.0005285961409374403,925,Dunes Golf and Beach Club
14926,"Malnati, Peter",528,Pinehurst Resort & Country Club (Course No. 2),sg_ott,1.004155792013546,2024-06-16,-0.0014826384026379296,925,Dunes Golf and Beach Club
14926,"Malnati, Peter",671,Valhalla Golf Club,sg_ott,0.9764294106100646,2024-05-19,-0.003584989537808959,925,Dunes Golf and Beach Club
14926,"Malnati, Peter",874,Hamilton Golf & Country Club,sg_ott,0.32087435854286944,2019-06-09,-0.00020884260791949194,925,Dunes Golf and Beach Club
14926,"Malnati, Peter",510,TPC Scottsdale (Stadium Course),sg_putt,7.086021140901519,2026-02-08,0.0010571685057966483,925,Dunes Golf and Beach Club
14926,"Malnati, Peter",503,TPC River Highlands,sg_putt,5.368537004177713,2024-06-23,-0.006303651249591248,925,Dunes Golf and Beach Club
14926,"Malnati, Peter",872,Quail Hollow Club,sg_putt,2.9556208715015293,2024-05-12,-0.004495512519319753,925,Dunes Golf and Beach Club
14926,"Malnati, Peter",925,Dunes Golf and Beach Club,sg_putt,1.395352652142062,2025-05-11,-0.0024559931382547714,925,Dunes Golf and Beach Club
14926,"Malnati, Peter",744,Torrey Pines (South),sg_putt,0.3369391868246024,2021-06-20,-0.004581214043945916,925,Dunes Golf and Beach Club
14926,"Malnati, Peter",763,PGA West (Nicklaus),sg_total,0.011220643809589084,2014-01-19,0.0002916071410396809,925,Dunes Golf and Beach Club
14007,"Martin, Ben",6,Waialae Country Club,sg_app,5.600317387664883,2025-01-12,0.009300067974352328,925,Dunes Golf and Beach Club
14007,"Martin, Ben",12,Harbour Town Golf Links,sg_app,3.0595490768979707,2023-04-16,-0.008073022291603678,925,Dunes Golf and Beach Club
14007,"Martin, Ben",734,PGA National Resort (The Champion),sg_app,1.6127342524239725,2023-02-26,0.005535338177292973,925,Dunes Golf and Beach Club
14007,"Martin, Ben",925,Dunes Golf and Beach Club,sg_app,0.9696182715346865,2024-05-12,-0.02318446519710504,925,Dunes Golf and Beach Club
14007,"Martin, Ben",908,Oakdale Golf & Country Club,sg_app,0.6929116206601148,2023-06-11,0.011028404760011358,925,Dunes Golf and Beach Club
14007,"Martin, Ben",24,Congressional CC (Blue),sg_app,0.16190853602276958,2016-06-26,0.0015486369968849391,925,Dunes Golf and Beach Club
14007,"Martin, Ben",527,Saucon Valley CC,sg_app,0.11792509562915976,2016-09-11,-0.002619822234237701,925,Dunes Golf and Beach Club
14007,"Martin, Ben",238,Glen Oaks Club,sg_app,0.0836718381860486,2017-08-27,-0.0006164037912238193,925,Dunes Golf and Beach Club
14007,"Martin, Ben",789,Conway Farms GC,sg_app,0.08252073871400997,2015-09-20,-0.0022320296354019797,925,Dunes Golf and Beach Club
14007,"Martin, Ben",706,Whistling Straits,sg_app,0.03984123612791175,2015-08-16,-0.0010143632473833422,925,Dunes Golf and Beach Club
14007,"Martin, Ben",977,The Renaissance Club,sg_arg,1.4351858616238065,2023-07-16,0.006123442854550382,925,Dunes Golf and Beach Club
14007,"Martin, Ben",925,Dunes Golf and Beach Club,sg_arg,0.9696182715346865,2024-05-12,-0.006977075566345685,925,Dunes Golf and Beach Club
14007,"Martin, Ben",698,Quail Hollow Club,sg_arg,0.18294903144816266,2016-05-08,-0.0003130423650329993,925,Dunes Golf and Beach Club
14007,"Martin, Ben",24,Congressional CC (Blue),sg_arg,0.16190853602276958,2016-06-26,0.0002130211797067205,925,Dunes Golf and Beach Club
14007,"Martin, Ben",235,Eagle Point Golf Club,sg_arg,0.1496126528894717,2017-05-07,5.628156701079712e-05,925,Dunes Golf and Beach Club
14007,"Martin, Ben",238,Glen Oaks Club,sg_arg,0.0836718381860486,2017-08-27,0.00011812768500194539,925,Dunes Golf and Beach Club
14007,"Martin, Ben",671,Valhalla Golf Club,sg_arg,0.027492203614278652,2014-08-10,-0.00012239269275445333,925,Dunes Golf and Beach Club
14007,"Martin, Ben",716,Shaughnessy G&CC,sg_arg,0.018066323770450664,2011-07-24,8.280215405987625e-06,925,Dunes Golf and Beach Club
14007,"Martin, Ben",649,Hualalai Golf Course,sg_arg,0.011220643809589084,2014-01-19,0.00023289071821173902,925,Dunes Golf and Beach Club
14007,"Martin, Ben",609,Annandale GC,sg_arg,0.008970150549001622,2011-07-17,2.9679844661101808e-06,925,Dunes Golf and Beach Club
14007,"Martin, Ben",876,Detroit Golf Club,sg_ott,3.7635293038412825,2025-06-29,-0.014054840457219744,925,Dunes Golf and Beach Club
14007,"Martin, Ben",669,TPC Deere Run,sg_ott,3.3437933860371105,2025-07-06,-0.022222505106579356,925,Dunes Golf and Beach Club
14007,"Martin, Ben",538,TPC Summerlin,sg_ott,2.1973535837514504,2023-10-15,-0.015329037705002855,925,Dunes Golf and Beach Club
14007,"Martin, Ben",897,Memorial Park Golf Course,sg_ott,1.8996247349374529,2025-03-30,-0.012745044818836348,925,Dunes Golf and Beach Club
14007,"Martin, Ben",734,PGA National Resort (The Champion),sg_ott,1.6127342524239725,2023-02-26,0.0020884609933664866,925,Dunes Golf and Beach Club
14007,"Martin, Ben",874,Hamilton Golf & Country Club,sg_ott,0.9901955605618868,2024-06-02,-0.006826814593492653,925,Dunes Golf and Beach Club
14007,"Martin, Ben",925,Dunes Golf and Beach Club,sg_ott,0.9696182715346865,2024-05-12,-0.005373099138917611,925,Dunes Golf and Beach Club
14007,"Martin, Ben",908,Oakdale Golf & Country Club,sg_ott,0.6929116206601148,2023-06-11,-0.00020957692052265574,925,Dunes Golf and Beach Club
14007,"Martin, Ben",671,Valhalla Golf Club,sg_ott,0.027492203614278652,2014-08-10,-0.0003877635772629194,925,Dunes Golf and Beach Club
14007,"Martin, Ben",510,TPC Scottsdale (Stadium Course),sg_putt,2.5447328481956077,2025-02-09,-0.0036235279745502383,925,Dunes Golf and Beach Club
14007,"Martin, Ben",503,TPC River Highlands,sg_putt,1.5841376798233668,2023-06-25,-0.0013648013520573573,925,Dunes Golf and Beach Club
14007,"Martin, Ben",872,Quail Hollow Club,sg_putt,1.4228926776132798,2023-05-07,0.005865090422877186,925,Dunes Golf and Beach Club
14007,"Martin, Ben",925,Dunes Golf and Beach Club,sg_putt,0.9696182715346865,2024-05-12,-0.0022621630166144557,925,Dunes Golf and Beach Club
14007,"Martin, Ben",735,Fundadores Course,sg_total,4.094186226279932,2026-02-08,-0.07135041282557418,925,Dunes Golf and Beach Club
14007,"Martin, Ben",807,Lakewood National Golf Club - Commander Course,sg_total,3.8779022923041038,2026-04-05,-0.055668400770341915,925,Dunes Golf and Beach Club
14007,"Martin, Ben",801,The Club at Indian Creek,sg_total,3.391211119489847,2025-08-10,0.0013357024692024352,925,Dunes Golf and Beach Club
14007,"Martin, Ben",109,Holston Hills Country Club,sg_total,1.4150249742130034,2025-05-25,-0.012660933004448323,925,Dunes Golf and Beach Club
14007,"Martin, Ben",82,Greystone Golf & Country Club,sg_total,0.9496083534842603,2022-05-29,0.01316209642200686,925,Dunes Golf and Beach Club
14007,"Martin, Ben",763,PGA West (Nicklaus),sg_total,0.01498567173744717,2014-01-19,-0.0002883935185795297,925,Dunes Golf and Beach Club
23505,"McGreevy, Max",6,Waialae Country Club,sg_app,4.047921073569305,2026-01-18,0.010215135147933032,925,Dunes Golf and Beach Club
23505,"McGreevy, Max",925,Dunes Golf and Beach Club,sg_app,2.790705304284124,2025-05-11,-0.039158786878921416,925,Dunes Golf and Beach Club
23505,"McGreevy, Max",12,Harbour Town Golf Links,sg_app,1.310350110094758,2023-04-16,-0.010426400647782412,925,Dunes Golf and Beach Club
23505,"McGreevy, Max",734,PGA National Resort (The Champion),sg_app,1.0573499466398035,2023-02-26,-0.02372964337687478,925,Dunes Golf and Beach Club
23505,"McGreevy, Max",908,Oakdale Golf & Country Club,sg_app,0.6929116206601148,2023-06-11,8.869673274627435e-05,925,Dunes Golf and Beach Club
23505,"McGreevy, Max",925,Dunes Golf and Beach Club,sg_arg,2.790705304284124,2025-05-11,0.005903401091463176,925,Dunes Golf and Beach Club
23505,"McGreevy, Max",977,The Renaissance Club,sg_arg,1.4860880247238797,2025-07-13,0.004050079855045066,925,Dunes Golf and Beach Club
23505,"McGreevy, Max",897,Memorial Park Golf Course,sg_ott,6.312139742059011,2026-03-29,-0.027012003050581594,925,Dunes Golf and Beach Club
23505,"McGreevy, Max",935,TPC Toronto at Osprey Valley (North Course),sg_ott,2.869949291417773,2025-06-08,0.008968723056363646,925,Dunes Golf and Beach Club
23505,"McGreevy, Max",925,Dunes Golf and Beach Club,sg_ott,2.790705304284124,2025-05-11,-0.002251331352414893,925,Dunes Golf and Beach Club
23505,"McGreevy, Max",669,TPC Deere Run,sg_ott,2.680025616528029,2025-07-06,0.005715284515136166,925,Dunes Golf and Beach Club
23505,"McGreevy, Max",876,Detroit Golf Club,sg_ott,2.6787235702021652,2025-06-29,-0.0066945903994931845,925,Dunes Golf and Beach Club
23505,"McGreevy, Max",538,TPC Summerlin,sg_ott,1.3283023656020596,2023-10-15,-0.0068228602536600695,925,Dunes Golf and Beach Club
23505,"McGreevy, Max",734,PGA National Resort (The Champion),sg_ott,1.0573499466398035,2023-02-26,-0.003323655097895701,925,Dunes Golf and Beach Club
23505,"McGreevy, Max",908,Oakdale Golf & Country Club,sg_ott,0.6929116206601148,2023-06-11,-0.00988970368153474,925,Dunes Golf and Beach Club
23505,"McGreevy, Max",510,TPC Scottsdale (Stadium Course),sg_putt,5.5558624089492294,2026-02-08,-0.0013206646326988994,925,Dunes Golf and Beach Club
23505,"McGreevy, Max",925,Dunes Golf and Beach Club,sg_putt,2.790705304284124,2025-05-11,0.0047286637464523,925,Dunes Golf and Beach Club
23505,"McGreevy, Max",503,TPC River Highlands,sg_putt,1.1909671729988698,2023-06-25,0.0044465970340573195,925,Dunes Golf and Beach Club
23505,"McGreevy, Max",872,Quail Hollow Club,sg_putt,0.6690792138972153,2023-05-07,-0.0020798114872651145,925,Dunes Golf and Beach Club
23505,"McGreevy, Max",801,The Club at Indian Creek,sg_total,2.744495021183683,2024-08-11,-0.017568971682606484,925,Dunes Golf and Beach Club
23505,"McGreevy, Max",86,Norwood Hills Country Club,sg_total,2.13890573852799,2024-08-18,0.051015504281549426,925,Dunes Golf and Beach Club
23505,"McGreevy, Max",94,Jimmie Austin OU Golf Club,sg_total,2.022419083758766,2024-06-23,-0.0019288409022167124,925,Dunes Golf and Beach Club
23505,"McGreevy, Max",735,Fundadores Course,sg_total,1.4304069619178823,2024-02-11,0.004101944988066093,925,Dunes Golf and Beach Club
23505,"McGreevy, Max",82,Greystone Golf & Country Club,sg_total,1.3771657729417899,2024-07-28,-0.019744482577527186,925,Dunes Golf and Beach Club
23505,"McGreevy, Max",807,Lakewood National Golf Club - Commander Course,sg_total,1.1558864389636103,2024-04-21,-0.03041752630681255,925,Dunes Golf and Beach Club
23505,"McGreevy, Max",69,The Grove,sg_total,0.6461616082735558,2021-05-09,0.005353377078741232,925,Dunes Golf and Beach Club
28159,"Meissner, Mac",6,Waialae Country Club,sg_app,6.068120324492936,2026-01-18,0.02383241688642961,925,Dunes Golf and Beach Club
28159,"Meissner, Mac",925,Dunes Golf and Beach Club,sg_app,3.334589195211435,2025-05-11,0.06757336550421018,925,Dunes Golf and Beach Club
28159,"Meissner, Mac",43,The Los Angeles Country Club (North Course),sg_app,0.6977790180203067,2023-06-18,0.006564633271193219,925,Dunes Golf and Beach Club
28159,"Meissner, Mac",925,Dunes Golf and Beach Club,sg_arg,3.334589195211435,2025-05-11,-0.01969841553961067,925,Dunes Golf and Beach Club
28159,"Meissner, Mac",528,Pinehurst Resort & Country Club (Course No. 2),sg_arg,1.004155792013546,2024-06-16,0.0003021782651837771,925,Dunes Golf and Beach Club
28159,"Meissner, Mac",897,Memorial Park Golf Course,sg_ott,7.456512405591722,2026-03-29,-0.008379679906231823,925,Dunes Golf and Beach Club
28159,"Meissner, Mac",669,TPC Deere Run,sg_ott,3.526653809068744,2025-07-06,-0.005633247346925018,925,Dunes Golf and Beach Club
28159,"Meissner, Mac",925,Dunes Golf and Beach Club,sg_ott,3.334589195211435,2025-05-11,-0.0292798954884376,925,Dunes Golf and Beach Club
28159,"Meissner, Mac",876,Detroit Golf Club,sg_ott,2.4837405929537635,2025-06-29,-0.010607251261274887,925,Dunes Golf and Beach Club
28159,"Meissner, Mac",874,Hamilton Golf & Country Club,sg_ott,1.9803911211237737,2024-06-02,0.0243998297070236,925,Dunes Golf and Beach Club
28159,"Meissner, Mac",935,TPC Toronto at Osprey Valley (North Course),sg_ott,1.4349746457088866,2025-06-08,0.0055734361029502735,925,Dunes Golf and Beach Club
28159,"Meissner, Mac",528,Pinehurst Resort & Country Club (Course No. 2),sg_ott,1.004155792013546,2024-06-16,0.0008028346310116453,925,Dunes Golf and Beach Club
28159,"Meissner, Mac",510,TPC Scottsdale (Stadium Course),sg_putt,4.940690066888574,2026-02-08,0.03122417412781245,925,Dunes Golf and Beach Club
28159,"Meissner, Mac",925,Dunes Golf and Beach Club,sg_putt,3.334589195211435,2025-05-11,0.0007094788069561047,925,Dunes Golf and Beach Club
28159,"Meissner, Mac",69,The Grove,sg_total,2.458385970560027,2023-09-17,0.015542203101695375,925,Dunes Golf and Beach Club
28159,"Meissner, Mac",807,Lakewood National Golf Club - Commander Course,sg_total,2.1805161121648102,2023-04-23,0.02696785150044678,925,Dunes Golf and Beach Club
28159,"Meissner, Mac",801,The Club at Indian Creek,sg_total,1.7635864510751824,2023-08-13,0.004049189067447777,925,Dunes Golf and Beach Club
28159,"Meissner, Mac",82,Greystone Golf & Country Club,sg_total,1.6773182387657672,2023-07-30,0.0038455313965910583,925,Dunes Golf and Beach Club
28159,"Meissner, Mac",86,Norwood Hills Country Club,sg_total,1.4863067640881829,2023-08-20,0.03750690593970664,925,Dunes Golf and Beach Club
28159,"Meissner, Mac",735,Fundadores Course,sg_total,1.350236356838306,2023-02-12,0.017768587674417132,925,Dunes Golf and Beach Club
28159,"Meissner, Mac",3974,carnoustie,sg_total,0.1871209649253546,2021-10-03,0.007269524052096855,925,Dunes Golf and Beach Club
21944,"Moore, Taylor",12,Harbour Town Golf Links,sg_app,3.2092873098544077,2024-04-21,-0.01766144006493759,925,Dunes Golf and Beach Club
21944,"Moore, Taylor",925,Dunes Golf and Beach Club,sg_app,2.790705304284124,2025-05-11,0.08268047699285112,925,Dunes Golf and Beach Club
21944,"Moore, Taylor",6,Waialae Country Club,sg_app,1.2388049693855985,2025-01-12,-0.012509693535704226,925,Dunes Golf and Beach Club
21944,"Moore, Taylor",709,Royal Troon,sg_app,1.0399235289145237,2024-07-21,0.003074240516077054,925,Dunes Golf and Beach Club
21944,"Moore, Taylor",43,The Los Angeles Country Club (North Course),sg_app,0.6977790180203067,2023-06-18,0.005079059990616751,925,Dunes Golf and Beach Club
21944,"Moore, Taylor",734,PGA National Resort (The Champion),sg_app,0.43350462257451,2022-02-27,-0.0021835758747581376,925,Dunes Golf and Beach Club
21944,"Moore, Taylor",925,Dunes Golf and Beach Club,sg_arg,2.790705304284124,2025-05-11,-0.00985842721866806,925,Dunes Golf and Beach Club
21944,"Moore, Taylor",977,The Renaissance Club,sg_arg,2.5187575077173885,2025-07-13,-0.001309323035682974,925,Dunes Golf and Beach Club
21944,"Moore, Taylor",671,Valhalla Golf Club,sg_arg,1.9528588212201292,2024-05-19,0.0014476029506350421,925,Dunes Golf and Beach Club
21944,"Moore, Taylor",709,Royal Troon,sg_arg,1.0399235289145237,2024-07-21,-0.0024398449732795906,925,Dunes Golf and Beach Club
21944,"Moore, Taylor",528,Pinehurst Resort & Country Club (Course No. 2),sg_arg,1.004155792013546,2024-06-16,-0.0028866746746706124,925,Dunes Golf and Beach Club
21944,"Moore, Taylor",724,Royal Liverpool,sg_arg,0.7226337034486771,2023-07-23,0.0056321345644494295,925,Dunes Golf and Beach Club
21944,"Moore, Taylor",876,Detroit Golf Club,sg_ott,5.928645071095863,2025-06-29,-0.0057216021186457175,925,Dunes Golf and Beach Club
21944,"Moore, Taylor",897,Memorial Park Golf Course,sg_ott,4.736859286228567,2026-03-29,-0.0010428733666532437,925,Dunes Golf and Beach Club
21944,"Moore, Taylor",669,TPC Deere Run,sg_ott,4.647463912683741,2025-07-06,0.0009156940919362472,925,Dunes Golf and Beach Club
21944,"Moore, Taylor",538,TPC Summerlin,sg_ott,2.8203370882093663,2024-10-20,0.009565743726536211,925,Dunes Golf and Beach Club
21944,"Moore, Taylor",925,Dunes Golf and Beach Club,sg_ott,2.790705304284124,2025-05-11,-0.0028822577175925436,925,Dunes Golf and Beach Club
21944,"Moore, Taylor",671,Valhalla Golf Club,sg_ott,1.9528588212201292,2024-05-19,0.007760532325224063,925,Dunes Golf and Beach Club
21944,"Moore, Taylor",688,East Lake Golf Club,sg_ott,1.4967474110686245,2023-08-27,-0.012120764287776893,925,Dunes Golf and Beach Club
21944,"Moore, Taylor",935,TPC Toronto at Osprey Valley (North Course),sg_ott,1.4349746457088866,2025-06-08,0.004867917820463195,925,Dunes Golf and Beach Club
21944,"Moore, Taylor",709,Royal Troon,sg_ott,1.0399235289145237,2024-07-21,-0.024488899769133685,925,Dunes Golf and Beach Club
21944,"Moore, Taylor",901,Wilmington Country Club,sg_ott,1.0328214830517066,2022-08-21,-0.0015711877806564667,925,Dunes Golf and Beach Club
21944,"Moore, Taylor",528,Pinehurst Resort & Country Club (Course No. 2),sg_ott,1.004155792013546,2024-06-16,0.007374867071014777,925,Dunes Golf and Beach Club
21944,"Moore, Taylor",734,PGA National Resort (The Champion),sg_ott,0.43350462257451,2022-02-27,0.0008945826932364267,925,Dunes Golf and Beach Club
21944,"Moore, Taylor",510,TPC Scottsdale (Stadium Course),sg_putt,5.548865362278645,2025-02-09,0.0009522457042910471,925,Dunes Golf and Beach Club
21944,"Moore, Taylor",503,TPC River Highlands,sg_putt,3.70167282306451,2024-06-23,-0.0061335500340917405,925,Dunes Golf and Beach Club
21944,"Moore, Taylor",872,Quail Hollow Club,sg_putt,3.2773949708638037,2024-05-12,0.00417451089997224,925,Dunes Golf and Beach Club
21944,"Moore, Taylor",925,Dunes Golf and Beach Club,sg_putt,2.790705304284124,2025-05-11,-0.016847127500161513,925,Dunes Golf and Beach Club
21944,"Moore, Taylor",801,The Club at Indian Creek,sg_total,1.3409305986102356,2021-08-15,-0.00571248596903458,925,Dunes Golf and Beach Club
21944,"Moore, Taylor",807,Lakewood National Golf Club - Commander Course,sg_total,0.6997115558019341,2020-02-16,0.01366015016709559,925,Dunes Golf and Beach Club
21944,"Moore, Taylor",82,Greystone Golf & Country Club,sg_total,0.6598744832905258,2021-05-30,0.0014512704563982206,925,Dunes Golf and Beach Club
21944,"Moore, Taylor",69,The Grove,sg_total,0.6461616082735558,2021-05-09,0.010803141798097904,925,Dunes Golf and Beach Club
21944,"Moore, Taylor",735,Fundadores Course,sg_total,0.6219136083216952,2020-02-09,-0.00268945857689124,925,Dunes Golf and Beach Club
21074,"Nakajima, Keita",6,Waialae Country Club,sg_app,2.9916280508561868,2026-01-18,-0.0083873194546955,925,Dunes Golf and Beach Club
21074,"Nakajima, Keita",709,Royal Troon,sg_app,1.0399235289145237,2024-07-21,-0.031020083905979597,925,Dunes Golf and Beach Club
21074,"Nakajima, Keita",668,St. Andrews Links (Old Course),sg_app,0.4986490090309502,2022-07-17,-0.006893308342112549,925,Dunes Golf and Beach Club
21074,"Nakajima, Keita",977,The Renaissance Club,sg_arg,4.004845532441268,2025-07-13,0.0006591695533061493,925,Dunes Golf and Beach Club
21074,"Nakajima, Keita",250,Le Golf National,sg_arg,2.109169696172194,2024-08-04,0.014331951982138227,925,Dunes Golf and Beach Club
21074,"Nakajima, Keita",709,Royal Troon,sg_arg,1.0399235289145237,2024-07-21,-0.0027042161569036894,925,Dunes Golf and Beach Club
21074,"Nakajima, Keita",671,Valhalla Golf Club,sg_arg,0.9764294106100646,2024-05-19,-0.0004435537765796537,925,Dunes Golf and Beach Club
21074,"Nakajima, Keita",724,Royal Liverpool,sg_arg,0.7226337034486771,2023-07-23,0.011904345644471723,925,Dunes Golf and Beach Club
21074,"Nakajima, Keita",668,St. Andrews Links (Old Course),sg_arg,0.4986490090309502,2022-07-17,0.0020745047016564205,925,Dunes Golf and Beach Club
21074,"Nakajima, Keita",250,Le Golf National,sg_ott,2.109169696172194,2024-08-04,-0.004288221894506162,925,Dunes Golf and Beach Club
21074,"Nakajima, Keita",709,Royal Troon,sg_ott,1.0399235289145237,2024-07-21,-0.02805774763929356,925,Dunes Golf and Beach Club
21074,"Nakajima, Keita",671,Valhalla Golf Club,sg_ott,0.9764294106100646,2024-05-19,-0.009286486060408385,925,Dunes Golf and Beach Club
21074,"Nakajima, Keita",510,TPC Scottsdale (Stadium Course),sg_putt,3.666708382532609,2026-02-08,-0.0009006724012807078,925,Dunes Golf and Beach Club
21074,"Nakajima, Keita",4693,delhi gc,sg_total,3.2781995733317024,2025-10-19,0.06271942811296495,925,Dunes Golf and Beach Club
21074,"Nakajima, Keita",4586,wentworth golf club,sg_total,3.1654472635823354,2025-09-14,-0.10635640383495801,925,Dunes Golf and Beach Club
21074,"Nakajima, Keita",4584,crans-sur-sierre gc,sg_total,3.121439773112137,2025-08-31,0.02792339422875926,925,Dunes Golf and Beach Club
21074,"Nakajima, Keita",4583,brabazon course at the belfry,sg_total,3.099665991844324,2025-08-24,0.04283998082396519,925,Dunes Golf and Beach Club
21074,"Nakajima, Keita",4565,emirates gc,sg_total,2.495014051671008,2025-01-19,0.0271701714056872,925,Dunes Golf and Beach Club
21074,"Nakajima, Keita",4383,green eagle golf courses,sg_total,1.9803911211237737,2024-06-02,0.041049113179202804,925,Dunes Golf and Beach Club
21074,"Nakajima, Keita",4372,al hamra gc,sg_total,1.7459422148207733,2024-01-28,0.03290366526358852,925,Dunes Golf and Beach Club
21074,"Nakajima, Keita",4585,k club,sg_total,1.571683252776691,2025-09-07,-0.006338429809014648,925,Dunes Golf and Beach Club
21074,"Nakajima, Keita",4575,international,sg_total,1.4349746457088866,2025-06-08,-0.011470509329456558,925,Dunes Golf and Beach Club
21074,"Nakajima, Keita",4201,pgm ishioka gc,sg_total,1.31955473948274,2023-04-23,0.019065025833997423,925,Dunes Golf and Beach Club
23841,"Neergaard-Petersen, Rasmus",977,The Renaissance Club,sg_arg,1.4860880247238797,2025-07-13,-0.0010866125213337288,925,Dunes Golf and Beach Club
23841,"Neergaard-Petersen, Rasmus",897,Memorial Park Golf Course,sg_ott,1.925425881782399,2026-03-29,0.003850817595276919,925,Dunes Golf and Beach Club
23841,"Neergaard-Petersen, Rasmus",510,TPC Scottsdale (Stadium Course),sg_putt,3.666708382532609,2026-02-08,0.0336549906012459,925,Dunes Golf and Beach Club
23841,"Neergaard-Petersen, Rasmus",4586,wentworth golf club,sg_total,6.330894527164671,2025-09-14,0.0068246935169694115,925,Dunes Golf and Beach Club
23841,"Neergaard-Petersen, Rasmus",4727,emirates gc,sg_total,3.6157321315434565,2026-01-25,-0.04295793772914903,925,Dunes Golf and Beach Club
23841,"Neergaard-Petersen, Rasmus",4584,crans-sur-sierre gc,sg_total,3.121439773112137,2025-08-31,0.015740442274313367,925,Dunes Golf and Beach Club
23841,"Neergaard-Petersen, Rasmus",4583,brabazon course at the belfry,sg_total,3.099665991844324,2025-08-24,0.005802246653903451,925,Dunes Golf and Beach Club
23841,"Neergaard-Petersen, Rasmus",4582,furesø golf klub,sg_total,3.0780440948303034,2025-08-17,-0.013494062938880546,925,Dunes Golf and Beach Club
23841,"Neergaard-Petersen, Rasmus",4565,emirates gc,sg_total,2.495014051671008,2025-01-19,0.04812244544221426,925,Dunes Golf and Beach Club
23841,"Neergaard-Petersen, Rasmus",4406,real club de golf sotogrande,sg_total,2.2779920181181663,2024-10-20,-0.008242974161243404,925,Dunes Golf and Beach Club
23841,"Neergaard-Petersen, Rasmus",4402,le golf national,sg_total,2.2621017547981483,2024-10-13,0.01245328918371254,925,Dunes Golf and Beach Club
23841,"Neergaard-Petersen, Rasmus",4426,lübker golf resort,sg_total,2.1539306043766713,2024-08-25,0.012650996366226587,925,Dunes Golf and Beach Club
23841,"Neergaard-Petersen, Rasmus",4383,green eagle golf courses,sg_total,1.9803911211237737,2024-06-02,-0.013074835095879998,925,Dunes Golf and Beach Club
23841,"Neergaard-Petersen, Rasmus",4585,k club,sg_total,1.571683252776691,2025-09-07,-0.010481897399000361,925,Dunes Golf and Beach Club
23841,"Neergaard-Petersen, Rasmus",4575,international,sg_total,1.4349746457088866,2025-06-08,-0.010010333628097636,925,Dunes Golf and Beach Club
23841,"Neergaard-Petersen, Rasmus",4397,old course st andrews,sg_total,1.1231611674583626,2024-10-06,-0.00213936655995624,925,Dunes Golf and Beach Club
23841,"Neergaard-Petersen, Rasmus",4602,carnoustie,sg_total,0.8081561372164884,2025-10-05,-0.015776706305494846,925,Dunes Golf and Beach Club
23841,"Neergaard-Petersen, Rasmus",82,Greystone Golf & Country Club,sg_total,0.6598744832905258,2021-05-30,-0.0007945043043926277,925,Dunes Golf and Beach Club
23841,"Neergaard-Petersen, Rasmus",4230,kingsbarns golf links,sg_total,0.39023740277199187,2023-10-08,0.004964924769729255,925,Dunes Golf and Beach Club
11657,"Norlander, Henrik",6,Waialae Country Club,sg_app,4.1766785799580335,2025-01-12,-0.01654699180623276,925,Dunes Golf and Beach Club
11657,"Norlander, Henrik",925,Dunes Golf and Beach Club,sg_app,3.334589195211435,2025-05-11,0.02337106877074667,925,Dunes Golf and Beach Club
11657,"Norlander, Henrik",908,Oakdale Golf & Country Club,sg_app,1.3858232413202296,2023-06-11,0.004846198162088924,925,Dunes Golf and Beach Club
11657,"Norlander, Henrik",734,PGA National Resort (The Champion),sg_app,1.1408047816444324,2023-02-26,-0.004657682924505297,925,Dunes Golf and Beach Club
11657,"Norlander, Henrik",12,Harbour Town Golf Links,sg_app,0.7972620804948041,2022-04-17,-0.008939968441628192,925,Dunes Golf and Beach Club
11657,"Norlander, Henrik",24,Congressional CC (Blue),sg_app,0.036636669586218126,2013-06-30,-0.00031508069745587504,925,Dunes Golf and Beach Club
11657,"Norlander, Henrik",925,Dunes Golf and Beach Club,sg_arg,3.334589195211435,2025-05-11,0.00033208122348536066,925,Dunes Golf and Beach Club
11657,"Norlander, Henrik",977,The Renaissance Club,sg_arg,2.9721760494477594,2025-07-13,-0.007956380725802136,925,Dunes Golf and Beach Club
11657,"Norlander, Henrik",887,Kasumigaseki Country Club,sg_arg,0.7027840352282995,2021-08-01,-0.010018378963011342,925,Dunes Golf and Beach Club
11657,"Norlander, Henrik",893,Muirfield Village Golf Club,sg_arg,0.47820984388552373,2020-07-12,0.0006316324672133813,925,Dunes Golf and Beach Club
11657,"Norlander, Henrik",698,Quail Hollow Club,sg_arg,0.13860592001747607,2016-05-08,-7.190761390663057e-05,925,Dunes Golf and Beach Club
11657,"Norlander, Henrik",609,Annandale GC,sg_arg,0.03741417488000395,2013-07-21,-0.00011616033078632356,925,Dunes Golf and Beach Club
11657,"Norlander, Henrik",24,Congressional CC (Blue),sg_arg,0.036636669586218126,2013-06-30,6.366539809709733e-05,925,Dunes Golf and Beach Club
11657,"Norlander, Henrik",876,Detroit Golf Club,sg_ott,7.534013065678677,2025-06-29,-0.0071647529527644905,925,Dunes Golf and Beach Club
11657,"Norlander, Henrik",669,TPC Deere Run,sg_ott,7.028104467116706,2025-07-06,-0.010205405700003575,925,Dunes Golf and Beach Club
11657,"Norlander, Henrik",538,TPC Summerlin,sg_ott,4.754207381831355,2024-10-20,-0.019033490524904682,925,Dunes Golf and Beach Club
11657,"Norlander, Henrik",897,Memorial Park Golf Course,sg_ott,3.8792726703106712,2025-03-30,0.001230393987501122,925,Dunes Golf and Beach Club
11657,"Norlander, Henrik",925,Dunes Golf and Beach Club,sg_ott,3.334589195211435,2025-05-11,0.024714624545624876,925,Dunes Golf and Beach Club
11657,"Norlander, Henrik",935,TPC Toronto at Osprey Valley (North Course),sg_ott,2.869949291417773,2025-06-08,-0.0041182469713248945,925,Dunes Golf and Beach Club
11657,"Norlander, Henrik",908,Oakdale Golf & Country Club,sg_ott,1.3858232413202296,2023-06-11,0.0028053482269534934,925,Dunes Golf and Beach Club
11657,"Norlander, Henrik",734,PGA National Resort (The Champion),sg_ott,1.1408047816444324,2023-02-26,-2.546419681270475e-05,925,Dunes Golf and Beach Club
11657,"Norlander, Henrik",874,Hamilton Golf & Country Club,sg_ott,0.9901955605618868,2024-06-02,-0.002153538752758215,925,Dunes Golf and Beach Club
11657,"Norlander, Henrik",887,Kasumigaseki Country Club,sg_ott,0.7027840352282995,2021-08-01,-0.00022435882586641613,925,Dunes Golf and Beach Club
11657,"Norlander, Henrik",925,Dunes Golf and Beach Club,sg_putt,3.334589195211435,2025-05-11,-0.022625392411432996,925,Dunes Golf and Beach Club
11657,"Norlander, Henrik",510,TPC Scottsdale (Stadium Course),sg_putt,2.2914165205601984,2025-02-09,-0.015051435255781374,925,Dunes Golf and Beach Club
11657,"Norlander, Henrik",503,TPC River Highlands,sg_putt,1.7796151322378058,2022-06-26,-0.003468113165404501,925,Dunes Golf and Beach Club
11657,"Norlander, Henrik",872,Quail Hollow Club,sg_putt,1.6612392319312084,2023-05-07,-0.005246144570401684,925,Dunes Golf and Beach Club
11657,"Norlander, Henrik",735,Fundadores Course,sg_total,1.6673187426467555,2024-02-11,0.005706996477895893,925,Dunes Golf and Beach Club
11657,"Norlander, Henrik",801,The Club at Indian Creek,sg_total,0.39342846141092735,2018-07-19,-0.0011576126810369748,925,Dunes Golf and Beach Club
11657,"Norlander, Henrik",807,Lakewood National Golf Club - Commander Course,sg_total,0.14343793881718153,2019-02-17,-0.0005632582654096333,925,Dunes Golf and Beach Club
11657,"Norlander, Henrik",763,PGA West (Nicklaus),sg_total,0.007797126582630004,2013-01-20,0.00015644977743563038,925,Dunes Golf and Beach Club
25475,"Nyholm, Pontus",897,Memorial Park Golf Course,sg_ott,3.850851763564798,2026-03-29,0.004638403509758753,925,Dunes Golf and Beach Club
25475,"Nyholm, Pontus",510,TPC Scottsdale (Stadium Course),sg_putt,1.8333541912663045,2026-02-08,-0.01595140492892771,925,Dunes Golf and Beach Club
25475,"Nyholm, Pontus",801,The Club at Indian Creek,sg_total,7.16930613744627,2025-08-10,0.05878121334950248,925,Dunes Golf and Beach Club
25475,"Nyholm, Pontus",807,Lakewood National Golf Club - Commander Course,sg_total,5.44444341833524,2025-04-19,-0.0219502544321646,925,Dunes Golf and Beach Club
25475,"Nyholm, Pontus",82,Greystone Golf & Country Club,sg_total,4.804010700336125,2025-07-27,-0.04494404743731442,925,Dunes Golf and Beach Club
25475,"Nyholm, Pontus",735,Fundadores Course,sg_total,3.973954523395652,2025-02-09,-0.02560571707190832,925,Dunes Golf and Beach Club
25475,"Nyholm, Pontus",96,Spyglass Hill Golf Course,sg_total,3.2326245488659535,2025-10-05,-0.00644296773880562,925,Dunes Golf and Beach Club
25475,"Nyholm, Pontus",109,Holston Hills Country Club,sg_total,2.830049948426007,2025-05-25,0.04669211671444765,925,Dunes Golf and Beach Club
25475,"Nyholm, Pontus",86,Norwood Hills Country Club,sg_total,2.555759633352178,2024-08-18,-0.01762527783739713,925,Dunes Golf and Beach Club
25475,"Nyholm, Pontus",97,The Ocean Club Golf Course at Atlantis,sg_total,2.4850539289898466,2025-01-15,0.013603820497060158,925,Dunes Golf and Beach Club
25475,"Nyholm, Pontus",94,Jimmie Austin OU Golf Club,sg_total,2.022419083758766,2024-06-23,0.016589768817787436,925,Dunes Golf and Beach Club
25475,"Nyholm, Pontus",69,The Grove,sg_total,1.9934487162373435,2023-09-17,0.02909137982037892,925,Dunes Golf and Beach Club
25475,"Nyholm, Pontus",3961,london gc,sg_total,0.3563461035457968,2021-08-15,-0.008278660588242679,925,Dunes Golf and Beach Club
13764,"Parry, John",6,Waialae Country Club,sg_app,3.5905103857217395,2026-01-18,-0.02313756818059815,925,Dunes Golf and Beach Club
13764,"Parry, John",885,Royal Portrush Golf Club,sg_app,2.993054270314261,2025-07-20,0.05925930893059356,925,Dunes Golf and Beach Club
13764,"Parry, John",977,The Renaissance Club,sg_arg,2.9721760494477594,2025-07-13,0.0033288546746694687,925,Dunes Golf and Beach Club
13764,"Parry, John",897,Memorial Park Golf Course,sg_ott,3.850851763564798,2026-03-29,-0.013770562309302183,925,Dunes Golf and Beach Club
13764,"Parry, John",885,Royal Portrush Golf Club,sg_ott,2.993054270314261,2025-07-20,0.04011180198583987,925,Dunes Golf and Beach Club
13764,"Parry, John",510,TPC Scottsdale (Stadium Course),sg_putt,3.666708382532609,2026-02-08,0.02636123238082209,925,Dunes Golf and Beach Club
13764,"Parry, John",4586,wentworth golf club,sg_total,3.1654472635823354,2025-09-14,-0.036821182228652355,925,Dunes Golf and Beach Club
13764,"Parry, John",4585,k club,sg_total,3.143366505553382,2025-09-07,-0.000719611938004162,925,Dunes Golf and Beach Club
13764,"Parry, John",4584,crans-sur-sierre gc,sg_total,3.121439773112137,2025-08-31,0.023673282630831353,925,Dunes Golf and Beach Club
13764,"Parry, John",4583,brabazon course at the belfry,sg_total,3.099665991844324,2025-08-24,-0.011840858152309428,925,Dunes Golf and Beach Club
13764,"Parry, John",4575,international,sg_total,2.869949291417773,2025-06-08,-0.011650877632194759,925,Dunes Golf and Beach Club
13764,"Parry, John",4568,muthaiga gc,sg_total,2.583885725642498,2025-02-23,0.04495255077474388,925,Dunes Golf and Beach Club
13764,"Parry, John",4559,leopard creek cc,sg_total,2.4091990819322615,2024-12-15,0.05035370704913028,925,Dunes Golf and Beach Club
13764,"Parry, John",4406,real club de golf sotogrande,sg_total,2.2779920181181663,2024-10-20,0.008374425642139255,925,Dunes Golf and Beach Club
13764,"Parry, John",4426,lübker golf resort,sg_total,2.1539306043766713,2024-08-25,0.004561611494766219,925,Dunes Golf and Beach Club
13764,"Parry, John",4569,durban country club,sg_total,1.9515272841699496,2025-03-02,0.009742531574892313,925,Dunes Golf and Beach Club
13764,"Parry, John",4693,delhi gc,sg_total,1.6390997866658512,2025-10-19,-0.03303973194002367,925,Dunes Golf and Beach Club
13764,"Parry, John",4225,k club,sg_total,1.5178492429848702,2023-09-10,0.011207424374362146,925,Dunes Golf and Beach Club
13764,"Parry, John",4223,albatross golf resort,sg_total,1.4967474110686245,2023-08-27,-0.023132464452675135,925,Dunes Golf and Beach Club
13764,"Parry, John",4201,pgm ishioka gc,sg_total,1.31955473948274,2023-04-23,-0.004183978485444471,925,Dunes Golf and Beach Club
13764,"Parry, John",4565,emirates gc,sg_total,1.247507025835504,2025-01-19,-0.024129340024837596,925,Dunes Golf and Beach Club
13764,"Parry, John",4189,amata spring cc,sg_total,1.2389873108128833,2023-02-19,0.0006781252649924588,925,Dunes Golf and Beach Club
13764,"Parry, John",4397,old course st andrews,sg_total,1.1231611674583626,2024-10-06,0.01961214595652166,925,Dunes Golf and Beach Club
13764,"Parry, John",4056,frederikshavn golfklub,sg_total,1.0256169778568989,2022-08-14,0.004827268165303953,925,Dunes Golf and Beach Club
13764,"Parry, John",4602,carnoustie,sg_total,0.8081561372164884,2025-10-05,0.010693256779292573,925,Dunes Golf and Beach Club
13764,"Parry, John",4230,kingsbarns golf links,sg_total,0.39023740277199187,2023-10-08,-0.0029860763363587788,925,Dunes Golf and Beach Club
13764,"Parry, John",3522,golfclub münchen eichenried,sg_total,0.07856312639636352,2017-06-25,-0.0006344645031853403,925,Dunes Golf and Beach Club
13764,"Parry, John",3519,barsebäck g&cc,sg_total,0.07693050328318668,2017-06-04,0.0005789576797600234,925,Dunes Golf and Beach Club
13764,"Parry, John",3545,green eagle golf courses,sg_total,0.040680761040495,2017-07-30,0.000415788296798252,925,Dunes Golf and Beach Club
22087,"Paul, Jeremy",925,Dunes Golf and Beach Club,sg_app,1.395352652142062,2025-05-11,-0.03172008548559889,925,Dunes Golf and Beach Club
22087,"Paul, Jeremy",925,Dunes Golf and Beach Club,sg_arg,1.395352652142062,2025-05-11,-0.007260704877506745,925,Dunes Golf and Beach Club
22087,"Paul, Jeremy",669,TPC Deere Run,sg_ott,2.9514434658023645,2025-07-06,0.00031554690010274596,925,Dunes Golf and Beach Club
22087,"Paul, Jeremy",935,TPC Toronto at Osprey Valley (North Course),sg_ott,2.869949291417773,2025-06-08,0.020506221887754913,925,Dunes Golf and Beach Club
22087,"Paul, Jeremy",876,Detroit Golf Club,sg_ott,1.465427751738665,2025-06-29,-0.00799357306965586,925,Dunes Golf and Beach Club
22087,"Paul, Jeremy",925,Dunes Golf and Beach Club,sg_ott,1.395352652142062,2025-05-11,0.0026850492199792745,925,Dunes Golf and Beach Club
22087,"Paul, Jeremy",897,Memorial Park Golf Course,sg_ott,1.3379614913806934,2025-03-30,0.002709042769530042,925,Dunes Golf and Beach Club
22087,"Paul, Jeremy",925,Dunes Golf and Beach Club,sg_putt,1.395352652142062,2025-05-11,-0.025874480545892115,925,Dunes Golf and Beach Club
22087,"Paul, Jeremy",807,Lakewood National Golf Club - Commander Course,sg_total,5.917628948266334,2026-04-05,-0.05103927067938488,925,Dunes Golf and Beach Club
22087,"Paul, Jeremy",735,Fundadores Course,sg_total,5.729690379394313,2026-02-08,-0.004958638739578962,925,Dunes Golf and Beach Club
22087,"Paul, Jeremy",82,Greystone Golf & Country Club,sg_total,4.499485186640328,2024-07-28,0.016301922318591212,925,Dunes Golf and Beach Club
22087,"Paul, Jeremy",801,The Club at Indian Creek,sg_total,3.13153425524992,2024-08-11,0.0017933662857011555,925,Dunes Golf and Beach Club
22087,"Paul, Jeremy",4582,furesø golf klub,sg_total,3.0780440948303034,2025-08-17,-0.02426697401523642,925,Dunes Golf and Beach Club
22087,"Paul, Jeremy",86,Norwood Hills Country Club,sg_total,2.8820591205720816,2024-08-18,-0.0008208656960708955,925,Dunes Golf and Beach Club
22087,"Paul, Jeremy",69,The Grove,sg_total,2.458385970560027,2023-09-17,0.017701574307962997,925,Dunes Golf and Beach Club
22087,"Paul, Jeremy",94,Jimmie Austin OU Golf Club,sg_total,2.022419083758766,2024-06-23,0.01174518197397647,925,Dunes Golf and Beach Club
19960,"Pavon, Matthieu",6,Waialae Country Club,sg_app,5.312179716181366,2026-01-18,0.01640038718748543,925,Dunes Golf and Beach Club
19960,"Pavon, Matthieu",12,Harbour Town Golf Links,sg_app,4.6316487582392485,2025-04-20,0.025770998656761985,925,Dunes Golf and Beach Club
19960,"Pavon, Matthieu",709,Royal Troon,sg_app,2.0798470578290473,2024-07-21,-0.022160519135548416,925,Dunes Golf and Beach Club
19960,"Pavon, Matthieu",885,Royal Portrush Golf Club,sg_app,1.4965271351571305,2025-07-20,0.020466897132331442,925,Dunes Golf and Beach Club
19960,"Pavon, Matthieu",379,The Philadelphia Cricket Club (Wissahickon Course),sg_arg,2.790705304284124,2025-05-11,0.014128608042208982,925,Dunes Golf and Beach Club
19960,"Pavon, Matthieu",939,Torrey Pines Golf Course (South Course),sg_arg,2.5658616833092793,2025-02-16,0.014500834187294141,925,Dunes Golf and Beach Club
19960,"Pavon, Matthieu",977,The Renaissance Club,sg_arg,2.5187575077173885,2025-07-13,-0.0006815784055204494,925,Dunes Golf and Beach Club
19960,"Pavon, Matthieu",250,Le Golf National,sg_arg,2.109169696172194,2024-08-04,-0.004570090478763364,925,Dunes Golf and Beach Club
19960,"Pavon, Matthieu",709,Royal Troon,sg_arg,2.0798470578290473,2024-07-21,-0.002022609449625811,925,Dunes Golf and Beach Club
19960,"Pavon, Matthieu",528,Pinehurst Resort & Country Club (Course No. 2),sg_arg,2.008311584027092,2024-06-16,0.00861383661302873,925,Dunes Golf and Beach Club
19960,"Pavon, Matthieu",671,Valhalla Golf Club,sg_arg,0.9764294106100646,2024-05-19,0.004552641172583983,925,Dunes Golf and Beach Club
19960,"Pavon, Matthieu",897,Memorial Park Golf Course,sg_ott,3.850851763564798,2026-03-29,-0.015208105333680997,925,Dunes Golf and Beach Club
19960,"Pavon, Matthieu",250,Le Golf National,sg_ott,2.109169696172194,2024-08-04,-0.011641822796650079,925,Dunes Golf and Beach Club
19960,"Pavon, Matthieu",709,Royal Troon,sg_ott,2.0798470578290473,2024-07-21,0.008899369300090283,925,Dunes Golf and Beach Club
19960,"Pavon, Matthieu",528,Pinehurst Resort & Country Club (Course No. 2),sg_ott,2.008311584027092,2024-06-16,0.005166899767172124,925,Dunes Golf and Beach Club
19960,"Pavon, Matthieu",885,Royal Portrush Golf Club,sg_ott,1.4965271351571305,2025-07-20,-0.02033667382600803,925,Dunes Golf and Beach Club
19960,"Pavon, Matthieu",935,TPC Toronto at Osprey Valley (North Course),sg_ott,1.4349746457088866,2025-06-08,-0.0213045380700888,925,Dunes Golf and Beach Club
19960,"Pavon, Matthieu",671,Valhalla Golf Club,sg_ott,0.9764294106100646,2024-05-19,-0.010623212358583557,925,Dunes Golf and Beach Club
19960,"Pavon, Matthieu",503,TPC River Highlands,sg_putt,4.932830237417148,2025-06-22,0.010267814570359073,925,Dunes Golf and Beach Club
19960,"Pavon, Matthieu",510,TPC Scottsdale (Stadium Course),sg_putt,4.381317559978235,2026-02-08,0.01465525076160469,925,Dunes Golf and Beach Club
19960,"Pavon, Matthieu",872,Quail Hollow Club,sg_putt,1.939236543069373,2024-05-12,-0.013677289568264868,925,Dunes Golf and Beach Club
19960,"Pavon, Matthieu",4586,wentworth golf club,sg_total,3.1654472635823354,2025-09-14,-0.04042327441263614,925,Dunes Golf and Beach Club
19960,"Pavon, Matthieu",4183,mont choisy le golf,sg_total,2.3266780989428124,2022-12-18,-0.00595247581931636,925,Dunes Golf and Beach Club
19960,"Pavon, Matthieu",4402,le golf national,sg_total,2.2621017547981483,2024-10-13,-0.022115307462886643,925,Dunes Golf and Beach Club
19960,"Pavon, Matthieu",4415,doha gc,sg_total,1.5940761643380565,2023-10-29,-0.005512716509956724,925,Dunes Golf and Beach Club
19960,"Pavon, Matthieu",4226,wentworth golf club,sg_total,1.5285114619146603,2023-09-17,-0.02028220919387903,925,Dunes Golf and Beach Club
19960,"Pavon, Matthieu",4225,k club,sg_total,1.5178492429848702,2023-09-10,-0.012449523149946283,925,Dunes Golf and Beach Club
19960,"Pavon, Matthieu",4201,pgm ishioka gc,sg_total,1.31955473948274,2023-04-23,0.0005112033723417253,925,Dunes Golf and Beach Club
19960,"Pavon, Matthieu",4189,amata spring cc,sg_total,1.2389873108128833,2023-02-19,0.005724304372052498,925,Dunes Golf and Beach Club
19960,"Pavon, Matthieu",4397,old course st andrews,sg_total,1.1231611674583626,2024-10-06,-0.023126800342222434,925,Dunes Golf and Beach Club
19960,"Pavon, Matthieu",3930,wentworth golf club,sg_total,1.0475368400346075,2020-10-11,0.007896799904116361,925,Dunes Golf and Beach Club
19960,"Pavon, Matthieu",3907,education city gc,sg_total,1.032567986979984,2021-03-14,0.006835917762361524,925,Dunes Golf and Beach Club
19960,"Pavon, Matthieu",4000,mount juliet estate,sg_total,0.9834331265090592,2022-07-03,-0.004438109216160336,925,Dunes Golf and Beach Club
19960,"Pavon, Matthieu",4032,club at steyn city,sg_total,0.8854089601197873,2022-03-20,-0.0038140948601377025,925,Dunes Golf and Beach Club
19960,"Pavon, Matthieu",4102,al hamra gc,sg_total,0.8549556874946465,2022-02-13,0.0025777251359606263,925,Dunes Golf and Beach Club
19960,"Pavon, Matthieu",4186,emirates gc,sg_total,0.6066199358044453,2023-01-29,-0.007471928592979936,925,Dunes Golf and Beach Club
19960,"Pavon, Matthieu",4094,outeniqua,sg_total,0.5348838604730176,2020-11-01,-0.00039095796843561495,925,Dunes Golf and Beach Club
19960,"Pavon, Matthieu",3923,renaissance club,sg_total,0.5201148435137036,2020-10-04,0.0004161135632625092,925,Dunes Golf and Beach Club
19960,"Pavon, Matthieu",4056,frederikshavn golfklub,sg_total,0.5022257099727888,2020-08-30,-0.008704527131884729,925,Dunes Golf and Beach Club
19960,"Pavon, Matthieu",4013,marco simone gc,sg_total,0.4883584378860368,2020-08-02,0.009740937681875936,925,Dunes Golf and Beach Club
19960,"Pavon, Matthieu",3990,brabazon course at the belfry,sg_total,0.4649372543226833,2022-05-08,-0.002656337729754441,925,Dunes Golf and Beach Club
19960,"Pavon, Matthieu",4111,pga catalunya resort,sg_total,0.4616940579726905,2022-05-01,-0.019096127528796008,925,Dunes Golf and Beach Club
19960,"Pavon, Matthieu",4108,infinitum golf lakes course,sg_total,0.4584734847239157,2022-04-24,-0.008403452676752828,925,Dunes Golf and Beach Club
19960,"Pavon, Matthieu",4230,kingsbarns golf links,sg_total,0.39023740277199187,2023-10-08,0.000193964056838247,925,Dunes Golf and Beach Club
19960,"Pavon, Matthieu",3948,club de campo villa de madrid,sg_total,0.37687081371860137,2021-10-10,-0.0020501843654156518,925,Dunes Golf and Beach Club
19960,"Pavon, Matthieu",3961,london gc,sg_total,0.3563461035457968,2021-08-15,-0.011398497670697767,925,Dunes Golf and Beach Club
19960,"Pavon, Matthieu",3866,golfclub münchen eichenried,sg_total,0.3393060354378972,2021-06-27,-0.0011134338436800423,925,Dunes Golf and Beach Club
19960,"Pavon, Matthieu",4074,pga national cyprus course,sg_total,0.2693205913910117,2020-11-08,0.0019096188235126592,925,Dunes Golf and Beach Club
19960,"Pavon, Matthieu",4193,kingsbarns golf links,sg_total,0.26928095555244996,2022-10-02,-0.010251122487343613,925,Dunes Golf and Beach Club
19960,"Pavon, Matthieu",4192,carnoustie,sg_total,0.26928095555244996,2022-10-02,-0.006002120857587741,925,Dunes Golf and Beach Club
19960,"Pavon, Matthieu",3764,four seasons gc mauritius at anahita,sg_total,0.2656154643461153,2018-12-02,0.009351510295167788,925,Dunes Golf and Beach Club
19960,"Pavon, Matthieu",3937,real club valderrama,sg_total,0.2528768116166882,2020-09-06,-0.003009683085217803,925,Dunes Golf and Beach Club
19960,"Pavon, Matthieu",3667,dom pedro victoria golf course,sg_total,0.2476582174277667,2018-09-23,0.0008697080139907739,925,Dunes Golf and Beach Club
19960,"Pavon, Matthieu",3656,gullane gc,sg_total,0.23091499137857333,2018-07-15,0.001642698120546489,925,Dunes Golf and Beach Club
19960,"Pavon, Matthieu",3655,ballyliffin gc,sg_total,0.22930423067864053,2018-07-08,0.006325405340122164,925,Dunes Golf and Beach Club
19960,"Pavon, Matthieu",3974,carnoustie,sg_total,0.1871209649253546,2021-10-03,0.006909804941708224,925,Dunes Golf and Beach Club
19960,"Pavon, Matthieu",3801,olgiata gc,sg_total,0.18198103157721535,2019-10-13,0.0013399816784900888,925,Dunes Golf and Beach Club
19960,"Pavon, Matthieu",3797,old course st andrews,sg_total,0.1794510483407144,2019-09-29,0.0023747237026726033,925,Dunes Golf and Beach Club
19960,"Pavon, Matthieu",3509,dundonald links,sg_total,0.16046079424310566,2017-07-16,0.0049748516641920275,925,Dunes Golf and Beach Club
19960,"Pavon, Matthieu",3512,portstewart gc,sg_total,0.15934149081588453,2017-07-09,0.0005709578005529314,925,Dunes Golf and Beach Club
19960,"Pavon, Matthieu",3519,barsebäck g&cc,sg_total,0.15386100656637336,2017-06-04,0.003464100701788272,925,Dunes Golf and Beach Club
19960,"Pavon, Matthieu",3774,doha gc,sg_total,0.14648198616154048,2019-03-10,-0.012999428069216215,925,Dunes Golf and Beach Club
19960,"Pavon, Matthieu",3701,gardagolf cc,sg_total,0.11070870355703485,2018-06-03,-0.002151105166274788,925,Dunes Golf and Beach Club
19960,"Pavon, Matthieu",3636,abu dhabi gc,sg_total,0.09692160535680215,2018-01-21,-0.0016842642099280762,925,Dunes Golf and Beach Club
19960,"Pavon, Matthieu",3524,le golf national,sg_total,0.07911499757679745,2017-07-02,2.7748085839379668e-05,925,Dunes Golf and Beach Club
19960,"Pavon, Matthieu",3522,golfclub münchen eichenried,sg_total,0.07856312639636352,2017-06-25,-1.3234923496339962e-05,925,Dunes Golf and Beach Club
19960,"Pavon, Matthieu",3496,abu dhabi gc,sg_total,0.06734997014278914,2017-01-22,-0.0015124419362662163,925,Dunes Golf and Beach Club
19960,"Pavon, Matthieu",3817,king david mowbray gc,sg_total,0.0668703238465938,2018-12-09,-0.001042575669739286,925,Dunes Golf and Beach Club
19960,"Pavon, Matthieu",3671,carnoustie,sg_total,0.06278745415923806,2018-10-07,0.001092099197088752,925,Dunes Golf and Beach Club
19960,"Pavon, Matthieu",3537,old course st andrews,sg_total,0.043630449035578674,2017-10-08,-0.00018268003178826406,925,Dunes Golf and Beach Club
22465,"Penge, Marco",12,Harbour Town Golf Links,sg_app,3.9325747385396386,2026-04-19,-0.006073016633823735,925,Dunes Golf and Beach Club
22465,"Penge, Marco",885,Royal Portrush Golf Club,sg_app,1.4965271351571305,2025-07-20,0.04469289926340864,925,Dunes Golf and Beach Club
22465,"Penge, Marco",977,The Renaissance Club,sg_arg,2.9721760494477594,2025-07-13,0.026741382392761734,925,Dunes Golf and Beach Club
22465,"Penge, Marco",897,Memorial Park Golf Course,sg_ott,1.925425881782399,2026-03-29,-0.0010785602741154867,925,Dunes Golf and Beach Club
22465,"Penge, Marco",885,Royal Portrush Golf Club,sg_ott,1.4965271351571305,2025-07-20,-0.012610966341527264,925,Dunes Golf and Beach Club
22465,"Penge, Marco",510,TPC Scottsdale (Stadium Course),sg_putt,1.8333541912663045,2026-02-08,0.002323933719485753,925,Dunes Golf and Beach Club
22465,"Penge, Marco",4586,wentworth golf club,sg_total,6.330894527164671,2025-09-14,0.024404768021746705,925,Dunes Golf and Beach Club
22465,"Penge, Marco",4585,k club,sg_total,3.143366505553382,2025-09-07,-0.01942566665937232,925,Dunes Golf and Beach Club
22465,"Penge, Marco",4584,crans-sur-sierre gc,sg_total,3.121439773112137,2025-08-31,0.02394823062426409,925,Dunes Golf and Beach Club
22465,"Penge, Marco",4583,brabazon course at the belfry,sg_total,3.099665991844324,2025-08-24,0.01809895471848005,925,Dunes Golf and Beach Club
22465,"Penge, Marco",4582,furesø golf klub,sg_total,3.0780440948303034,2025-08-17,0.0879387096295841,925,Dunes Golf and Beach Club
22465,"Penge, Marco",4568,muthaiga gc,sg_total,2.583885725642498,2025-02-23,0.019300960789720024,925,Dunes Golf and Beach Club
22465,"Penge, Marco",4183,mont choisy le golf,sg_total,2.3266780989428124,2022-12-18,0.023011735133459887,925,Dunes Golf and Beach Club
22465,"Penge, Marco",4406,real club de golf sotogrande,sg_total,2.2779920181181663,2024-10-20,0.013883079479846168,925,Dunes Golf and Beach Club
22465,"Penge, Marco",4569,durban country club,sg_total,1.9515272841699496,2025-03-02,0.05338076552303601,925,Dunes Golf and Beach Club
22465,"Penge, Marco",4367,leopard creek cc,sg_total,1.6624532304963535,2023-12-10,0.0383795172986865,925,Dunes Golf and Beach Club
22465,"Penge, Marco",4402,le golf national,sg_total,1.1310508773990742,2024-10-13,-0.01839372919562476,925,Dunes Golf and Beach Club
22465,"Penge, Marco",4426,lübker golf resort,sg_total,1.0769653021883356,2024-08-25,-0.023670570555236522,925,Dunes Golf and Beach Club
22465,"Penge, Marco",4383,green eagle golf courses,sg_total,0.9901955605618868,2024-06-02,-0.002475147669309085,925,Dunes Golf and Beach Club
22465,"Penge, Marco",4382,rinkven international gc,sg_total,0.9832883949219302,2024-05-26,-0.005863071641066433,925,Dunes Golf and Beach Club
22465,"Penge, Marco",4372,al hamra gc,sg_total,0.8729711074103866,2024-01-28,-0.0046792772757303005,925,Dunes Golf and Beach Club
22465,"Penge, Marco",4371,emirates gc,sg_total,0.8668816476330086,2024-01-21,-0.0022073901792951075,925,Dunes Golf and Beach Club
22465,"Penge, Marco",4602,carnoustie,sg_total,0.8081561372164884,2025-10-05,-0.01651135712154472,925,Dunes Golf and Beach Club
22465,"Penge, Marco",4397,old course st andrews,sg_total,0.5615805837291813,2024-10-06,-0.008349907536109,925,Dunes Golf and Beach Club
22465,"Penge, Marco",3974,carnoustie,sg_total,0.512883969923526,2020-09-20,-0.0031381038642633676,925,Dunes Golf and Beach Club
22465,"Penge, Marco",4013,marco simone gc,sg_total,0.2441792189430184,2020-08-02,-0.004342965896021275,925,Dunes Golf and Beach Club
16341,"Peterson, Paul",925,Dunes Golf and Beach Club,sg_app,1.395352652142062,2025-05-11,-0.005725813321404397,925,Dunes Golf and Beach Club
16341,"Peterson, Paul",925,Dunes Golf and Beach Club,sg_arg,1.395352652142062,2025-05-11,-0.013847239578124122,925,Dunes Golf and Beach Club
16341,"Peterson, Paul",876,Detroit Golf Club,sg_ott,2.93085550347733,2025-06-29,-0.004295190634946362,925,Dunes Golf and Beach Club
16341,"Peterson, Paul",935,TPC Toronto at Osprey Valley (North Course),sg_ott,2.869949291417773,2025-06-08,-0.0009134466970688629,925,Dunes Golf and Beach Club
16341,"Peterson, Paul",669,TPC Deere Run,sg_ott,1.4757217329011822,2025-07-06,0.0034005492680318048,925,Dunes Golf and Beach Club
16341,"Peterson, Paul",925,Dunes Golf and Beach Club,sg_ott,1.395352652142062,2025-05-11,0.01857471943506903,925,Dunes Golf and Beach Club
16341,"Peterson, Paul",897,Memorial Park Golf Course,sg_ott,1.3379614913806934,2025-03-30,-0.0029049215342826823,925,Dunes Golf and Beach Club
16341,"Peterson, Paul",925,Dunes Golf and Beach Club,sg_putt,1.395352652142062,2025-05-11,-0.0016036921015009976,925,Dunes Golf and Beach Club
16341,"Peterson, Paul",735,Fundadores Course,sg_total,4.4169338809242875,2026-02-08,-0.0912497972871522,925,Dunes Golf and Beach Club
16341,"Peterson, Paul",86,Norwood Hills Country Club,sg_total,3.625212502616173,2024-08-18,0.02717063980739888,925,Dunes Golf and Beach Club
16341,"Peterson, Paul",82,Greystone Golf & Country Club,sg_total,2.8221669478745612,2024-07-28,0.020381908528044196,925,Dunes Golf and Beach Club
16341,"Peterson, Paul",807,Lakewood National Golf Club - Commander Course,sg_total,2.269023339362565,2024-04-21,-0.02443223981125027,925,Dunes Golf and Beach Club
16341,"Peterson, Paul",94,Jimmie Austin OU Golf Club,sg_total,2.022419083758766,2024-06-23,0.027563024152039976,925,Dunes Golf and Beach Club
16341,"Peterson, Paul",801,The Club at Indian Creek,sg_total,2.0069353663086815,2024-08-11,-0.02453197662379748,925,Dunes Golf and Beach Club
16341,"Peterson, Paul",69,The Grove,sg_total,1.5285114619146603,2023-09-17,0.014608345327893924,925,Dunes Golf and Beach Club
16341,"Peterson, Paul",3961,london gc,sg_total,0.7126922070915936,2021-08-15,-0.007042024460512758,925,Dunes Golf and Beach Club
16341,"Peterson, Paul",3863,green eagle golf courses,sg_total,0.4983823570404992,2021-06-06,0.002821077389258994,925,Dunes Golf and Beach Club
16341,"Peterson, Paul",4193,kingsbarns golf links,sg_total,0.26928095555244996,2022-10-02,0.0053055020883620374,925,Dunes Golf and Beach Club
16341,"Peterson, Paul",4192,carnoustie,sg_total,0.26928095555244996,2022-10-02,-0.00015745069207403686,925,Dunes Golf and Beach Club
16341,"Peterson, Paul",3764,four seasons gc mauritius at anahita,sg_total,0.2656154643461153,2018-12-02,-0.004395294197283149,925,Dunes Golf and Beach Club
16341,"Peterson, Paul",3664,silkeborg ry gc,sg_total,0.24251162323673583,2018-09-02,-0.0008433428450942017,925,Dunes Golf and Beach Club
16341,"Peterson, Paul",3509,dundonald links,sg_total,0.16046079424310566,2017-07-16,0.00291390887689126,925,Dunes Golf and Beach Club
16341,"Peterson, Paul",3512,portstewart gc,sg_total,0.15934149081588453,2017-07-09,4.918317937053761e-05,925,Dunes Golf and Beach Club
16341,"Peterson, Paul",3541,topwin golf & cc,sg_total,0.1485690212913311,2017-04-30,0.00013589753398379935,925,Dunes Golf and Beach Club
16341,"Peterson, Paul",3667,dom pedro victoria golf course,sg_total,0.12382910871388335,2018-09-23,-0.0036107062786004318,925,Dunes Golf and Beach Club
16341,"Peterson, Paul",3653,golf club gut laerchenhof,sg_total,0.11305816938064608,2018-06-24,-0.0037578209262290824,925,Dunes Golf and Beach Club
16341,"Peterson, Paul",3545,green eagle golf courses,sg_total,0.08136152208099,2017-07-30,-0.003383732070301428,925,Dunes Golf and Beach Club
16341,"Peterson, Paul",3524,le golf national,sg_total,0.07911499757679745,2017-07-02,-0.006399089612301289,925,Dunes Golf and Beach Club
16341,"Peterson, Paul",3522,golfclub münchen eichenried,sg_total,0.07856312639636352,2017-06-25,-0.0010557347132392155,925,Dunes Golf and Beach Club
16341,"Peterson, Paul",3519,barsebäck g&cc,sg_total,0.07693050328318668,2017-06-04,-0.0002673059778665001,925,Dunes Golf and Beach Club
16341,"Peterson, Paul",3496,abu dhabi gc,sg_total,0.06734997014278914,2017-01-22,-0.00017128754217855406,925,Dunes Golf and Beach Club
16341,"Peterson, Paul",3817,king david mowbray gc,sg_total,0.0668703238465938,2018-12-09,-0.0008344431572070807,925,Dunes Golf and Beach Club
16341,"Peterson, Paul",3671,carnoustie,sg_total,0.06278745415923806,2018-10-07,-0.0002761816073510801,925,Dunes Golf and Beach Club
16341,"Peterson, Paul",3633,randpark gc bushwillow course,sg_total,0.04646759923060492,2017-12-10,0.0008910902939960808,925,Dunes Golf and Beach Club
16341,"Peterson, Paul",3537,old course st andrews,sg_total,0.043630449035578674,2017-10-08,-0.003311891128890742,925,Dunes Golf and Beach Club
27164,"Phillips, Chandler",6,Waialae Country Club,sg_app,4.8293153551073384,2026-01-18,-0.010189711018493499,925,Dunes Golf and Beach Club
27164,"Phillips, Chandler",925,Dunes Golf and Beach Club,sg_app,3.334589195211435,2025-05-11,0.010762031842196915,925,Dunes Golf and Beach Club
27164,"Phillips, Chandler",12,Harbour Town Golf Links,sg_app,1.8989371997596496,2024-04-21,-0.011556217904800204,925,Dunes Golf and Beach Club
27164,"Phillips, Chandler",925,Dunes Golf and Beach Club,sg_arg,3.334589195211435,2025-05-11,0.008347558620282346,925,Dunes Golf and Beach Club
27164,"Phillips, Chandler",977,The Renaissance Club,sg_arg,1.0326694829935088,2024-07-14,-0.005596990396858799,925,Dunes Golf and Beach Club
27164,"Phillips, Chandler",897,Memorial Park Golf Course,sg_ott,6.460824183074859,2026-03-29,-0.0103863976986777,925,Dunes Golf and Beach Club
27164,"Phillips, Chandler",876,Detroit Golf Club,sg_ott,4.967481185907527,2025-06-29,0.014236466955175317,925,Dunes Golf and Beach Club
27164,"Phillips, Chandler",669,TPC Deere Run,sg_ott,3.526653809068744,2025-07-06,-0.013009185099563026,925,Dunes Golf and Beach Club
27164,"Phillips, Chandler",925,Dunes Golf and Beach Club,sg_ott,3.334589195211435,2025-05-11,-0.016063067320261405,925,Dunes Golf and Beach Club
27164,"Phillips, Chandler",935,TPC Toronto at Osprey Valley (North Course),sg_ott,2.869949291417773,2025-06-08,-0.017181427040739678,925,Dunes Golf and Beach Club
27164,"Phillips, Chandler",874,Hamilton Golf & Country Club,sg_ott,1.9803911211237737,2024-06-02,-0.0024661680810734777,925,Dunes Golf and Beach Club
27164,"Phillips, Chandler",538,TPC Summerlin,sg_ott,1.1389960090590832,2024-10-20,-0.008306027185883757,925,Dunes Golf and Beach Club
27164,"Phillips, Chandler",510,TPC Scottsdale (Stadium Course),sg_putt,6.2146717512445395,2026-02-08,0.03866387588190789,925,Dunes Golf and Beach Club
27164,"Phillips, Chandler",925,Dunes Golf and Beach Club,sg_putt,3.334589195211435,2025-05-11,-0.039863581928623756,925,Dunes Golf and Beach Club
27164,"Phillips, Chandler",801,The Club at Indian Creek,sg_total,1.5727512897813862,2023-08-13,-0.010528016172588035,925,Dunes Golf and Beach Club
27164,"Phillips, Chandler",86,Norwood Hills Country Club,sg_total,1.4863067640881829,2023-08-20,0.03164780587682962,925,Dunes Golf and Beach Club
27164,"Phillips, Chandler",807,Lakewood National Golf Club - Commander Course,sg_total,1.31955473948274,2023-04-23,0.027622449805805083,925,Dunes Golf and Beach Club
27164,"Phillips, Chandler",82,Greystone Golf & Country Club,sg_total,1.05764712692677,2023-07-30,-0.01475587742344441,925,Dunes Golf and Beach Club
27164,"Phillips, Chandler",69,The Grove,sg_total,0.7642557309573301,2023-09-17,-0.004985077977126859,925,Dunes Golf and Beach Club
27164,"Phillips, Chandler",735,Fundadores Course,sg_total,0.3075861710303276,2023-02-12,-0.0002517958074740714,925,Dunes Golf and Beach Club
26913,"Phillips, Trent",807,Lakewood National Golf Club - Commander Course,sg_total,9.826374444368053,2026-04-05,0.06045034420862434,925,Dunes Golf and Beach Club
26913,"Phillips, Trent",82,Greystone Golf & Country Club,sg_total,6.563955984594937,2025-07-27,0.037891070710514445,925,Dunes Golf and Beach Club
26913,"Phillips, Trent",735,Fundadores Course,sg_total,5.631617206794645,2026-02-08,0.017794305458599804,925,Dunes Golf and Beach Club
26913,"Phillips, Trent",801,The Club at Indian Creek,sg_total,4.390241664003138,2025-08-10,-0.04674164231715692,925,Dunes Golf and Beach Club
26913,"Phillips, Trent",86,Norwood Hills Country Club,sg_total,3.625212502616173,2024-08-18,-0.00036528185165273695,925,Dunes Golf and Beach Club
26913,"Phillips, Trent",96,Spyglass Hill Golf Course,sg_total,3.2326245488659535,2025-10-05,-0.01233380165262179,925,Dunes Golf and Beach Club
26913,"Phillips, Trent",109,Holston Hills Country Club,sg_total,2.830049948426007,2025-05-25,0.003013177520891141,925,Dunes Golf and Beach Club
26913,"Phillips, Trent",97,The Ocean Club Golf Course at Atlantis,sg_total,2.4850539289898466,2025-01-15,0.01028430456743804,925,Dunes Golf and Beach Club
26913,"Phillips, Trent",94,Jimmie Austin OU Golf Club,sg_total,2.022419083758766,2024-06-23,-0.011118123162928721,925,Dunes Golf and Beach Club
26913,"Phillips, Trent",69,The Grove,sg_total,0.7642557309573301,2023-09-17,-0.0010704986986049868,925,Dunes Golf and Beach Club
26913,"Phillips, Trent",4193,kingsbarns golf links,sg_total,0.26928095555244996,2022-10-02,5.927357780575123e-05,925,Dunes Golf and Beach Club
26913,"Phillips, Trent",4192,carnoustie,sg_total,0.26928095555244996,2022-10-02,0.001148912643848898,925,Dunes Golf and Beach Club
10104,"Power, Seamus",6,Waialae Country Club,sg_app,8.135938017983591,2026-01-18,0.02286309173732716,925,Dunes Golf and Beach Club
10104,"Power, Seamus",12,Harbour Town Golf Links,sg_app,2.859642764015661,2024-04-21,0.024836088088170418,925,Dunes Golf and Beach Club
10104,"Power, Seamus",925,Dunes Golf and Beach Club,sg_app,2.790705304284124,2025-05-11,0.005886507971441194,925,Dunes Golf and Beach Club
10104,"Power, Seamus",43,The Los Angeles Country Club (North Course),sg_app,0.6977790180203067,2023-06-18,-0.008506453827896204,925,Dunes Golf and Beach Club
10104,"Power, Seamus",668,St. Andrews Links (Old Course),sg_app,0.4986490090309502,2022-07-17,-0.0013068103590947284,925,Dunes Golf and Beach Club
10104,"Power, Seamus",734,PGA National Resort (The Champion),sg_app,0.3155830738907597,2019-03-03,-0.006902932203075532,925,Dunes Golf and Beach Club
10104,"Power, Seamus",873,Ridgewood CC,sg_app,0.24081996956949417,2018-08-26,0.0014977473679296058,925,Dunes Golf and Beach Club
10104,"Power, Seamus",925,Dunes Golf and Beach Club,sg_arg,2.790705304284124,2025-05-11,-0.00738590794637048,925,Dunes Golf and Beach Club
10104,"Power, Seamus",939,Torrey Pines Golf Course (South Course),sg_arg,2.5658616833092793,2025-02-16,0.0002819283918936627,925,Dunes Golf and Beach Club
10104,"Power, Seamus",977,The Renaissance Club,sg_arg,2.0653389659870176,2024-07-14,-0.009837517201720615,925,Dunes Golf and Beach Club
10104,"Power, Seamus",528,Pinehurst Resort & Country Club (Course No. 2),sg_arg,1.004155792013546,2024-06-16,-0.004526876678312143,925,Dunes Golf and Beach Club
10104,"Power, Seamus",724,Royal Liverpool,sg_arg,0.7226337034486771,2023-07-23,-0.00292913672055766,925,Dunes Golf and Beach Club
10104,"Power, Seamus",668,St. Andrews Links (Old Course),sg_arg,0.4986490090309502,2022-07-17,-0.0014181553446998034,925,Dunes Golf and Beach Club
10104,"Power, Seamus",235,Eagle Point Golf Club,sg_arg,0.1496126528894717,2017-05-07,-0.0005276815461140179,925,Dunes Golf and Beach Club
10104,"Power, Seamus",669,TPC Deere Run,sg_ott,7.839409233383875,2025-07-06,-0.017547442232133538,925,Dunes Golf and Beach Club
10104,"Power, Seamus",897,Memorial Park Golf Course,sg_ott,3.6536822155214272,2026-03-29,0.011894162234254333,925,Dunes Golf and Beach Club
10104,"Power, Seamus",925,Dunes Golf and Beach Club,sg_ott,2.790705304284124,2025-05-11,-0.02922348556628093,925,Dunes Golf and Beach Club
10104,"Power, Seamus",876,Detroit Golf Club,sg_ott,2.787522821172425,2025-06-29,-0.0033802577427089423,925,Dunes Golf and Beach Club
10104,"Power, Seamus",538,TPC Summerlin,sg_ott,2.743700862364055,2024-10-20,0.00025318266752963494,925,Dunes Golf and Beach Club
10104,"Power, Seamus",874,Hamilton Golf & Country Club,sg_ott,1.1506327398333216,2024-06-02,-0.004217029654556828,925,Dunes Golf and Beach Club
10104,"Power, Seamus",901,Wilmington Country Club,sg_ott,1.0328214830517066,2022-08-21,-0.004343384596554653,925,Dunes Golf and Beach Club
10104,"Power, Seamus",528,Pinehurst Resort & Country Club (Course No. 2),sg_ott,1.004155792013546,2024-06-16,-0.009016802215471855,925,Dunes Golf and Beach Club
10104,"Power, Seamus",654,The Country Club,sg_ott,0.9697609909973317,2022-06-19,-0.0035858467942727714,925,Dunes Golf and Beach Club
10104,"Power, Seamus",734,PGA National Resort (The Champion),sg_ott,0.3155830738907597,2019-03-03,-0.0010055804540682449,925,Dunes Golf and Beach Club
10104,"Power, Seamus",510,TPC Scottsdale (Stadium Course),sg_putt,6.117787005247718,2025-02-09,-0.03579773030191239,925,Dunes Golf and Beach Club
10104,"Power, Seamus",503,TPC River Highlands,sg_putt,5.010362551609161,2024-06-23,0.002214393942866642,925,Dunes Golf and Beach Club
10104,"Power, Seamus",872,Quail Hollow Club,sg_putt,4.4486983085695435,2024-05-12,-0.0030428761776597475,925,Dunes Golf and Beach Club
10104,"Power, Seamus",925,Dunes Golf and Beach Club,sg_putt,2.790705304284124,2025-05-11,0.023402505931005294,925,Dunes Golf and Beach Club
10104,"Power, Seamus",4585,k club,sg_total,1.571683252776691,2025-09-07,-0.014752905191791425,925,Dunes Golf and Beach Club
10104,"Power, Seamus",4000,mount juliet estate,sg_total,0.9834331265090592,2022-07-03,-0.011281880574000768,925,Dunes Golf and Beach Club
18554,"Rai, Aaron",6,Waialae Country Club,sg_app,6.924227056501861,2026-01-18,-0.004307666545902174,925,Dunes Golf and Beach Club
18554,"Rai, Aaron",12,Harbour Town Golf Links,sg_app,4.043061668574357,2025-04-20,0.0037749914998302216,925,Dunes Golf and Beach Club
18554,"Rai, Aaron",885,Royal Portrush Golf Club,sg_app,2.993054270314261,2025-07-20,0.045979617637819346,925,Dunes Golf and Beach Club
18554,"Rai, Aaron",709,Royal Troon,sg_app,2.0798470578290473,2024-07-21,-0.010643246892990614,925,Dunes Golf and Beach Club
18554,"Rai, Aaron",734,PGA National Resort (The Champion),sg_app,1.4908545692143136,2023-02-26,-0.007253808389078999,925,Dunes Golf and Beach Club
18554,"Rai, Aaron",908,Oakdale Golf & Country Club,sg_app,1.3858232413202296,2023-06-11,0.03330313620288819,925,Dunes Golf and Beach Club
18554,"Rai, Aaron",668,St. Andrews Links (Old Course),sg_app,0.4986490090309502,2022-07-17,-0.005576730759793002,925,Dunes Golf and Beach Club
18554,"Rai, Aaron",977,The Renaissance Club,sg_arg,6.250278600658849,2025-07-13,0.014981700424905483,925,Dunes Golf and Beach Club
18554,"Rai, Aaron",379,The Philadelphia Cricket Club (Wissahickon Course),sg_arg,2.790705304284124,2025-05-11,-0.013551776104039234,925,Dunes Golf and Beach Club
18554,"Rai, Aaron",939,Torrey Pines Golf Course (South Course),sg_arg,2.5658616833092793,2025-02-16,-0.005546909676331472,925,Dunes Golf and Beach Club
18554,"Rai, Aaron",709,Royal Troon,sg_arg,2.0798470578290473,2024-07-21,-0.007389862505474554,925,Dunes Golf and Beach Club
18554,"Rai, Aaron",528,Pinehurst Resort & Country Club (Course No. 2),sg_arg,2.008311584027092,2024-06-16,0.006290706222617676,925,Dunes Golf and Beach Club
18554,"Rai, Aaron",671,Valhalla Golf Club,sg_arg,1.9528588212201292,2024-05-19,0.012337140427679746,925,Dunes Golf and Beach Club
18554,"Rai, Aaron",668,St. Andrews Links (Old Course),sg_arg,0.4986490090309502,2022-07-17,-0.005835658036316785,925,Dunes Golf and Beach Club
18554,"Rai, Aaron",897,Memorial Park Golf Course,sg_ott,5.101352981741956,2025-03-30,0.002130871567690569,925,Dunes Golf and Beach Club
18554,"Rai, Aaron",876,Detroit Golf Club,sg_ott,3.451858936138212,2024-06-30,-0.008623192472380376,925,Dunes Golf and Beach Club
18554,"Rai, Aaron",538,TPC Summerlin,sg_ott,3.0334755449227204,2023-10-15,0.0006860982277147946,925,Dunes Golf and Beach Club
18554,"Rai, Aaron",885,Royal Portrush Golf Club,sg_ott,2.993054270314261,2025-07-20,0.013530947976369586,925,Dunes Golf and Beach Club
18554,"Rai, Aaron",709,Royal Troon,sg_ott,2.0798470578290473,2024-07-21,-0.016485993555838224,925,Dunes Golf and Beach Club
18554,"Rai, Aaron",669,TPC Deere Run,sg_ott,2.050932076167562,2024-07-07,-0.005849107317928212,925,Dunes Golf and Beach Club
18554,"Rai, Aaron",528,Pinehurst Resort & Country Club (Course No. 2),sg_ott,2.008311584027092,2024-06-16,-0.006033496364346329,925,Dunes Golf and Beach Club
18554,"Rai, Aaron",874,Hamilton Golf & Country Club,sg_ott,1.9803911211237737,2024-06-02,0.01889798729872305,925,Dunes Golf and Beach Club
18554,"Rai, Aaron",671,Valhalla Golf Club,sg_ott,1.9528588212201292,2024-05-19,-0.0015918071003047487,925,Dunes Golf and Beach Club
18554,"Rai, Aaron",734,PGA National Resort (The Champion),sg_ott,1.4908545692143136,2023-02-26,-0.005574942965925784,925,Dunes Golf and Beach Club
18554,"Rai, Aaron",908,Oakdale Golf & Country Club,sg_ott,1.3858232413202296,2023-06-11,0.0008375749683928506,925,Dunes Golf and Beach Club
18554,"Rai, Aaron",503,TPC River Highlands,sg_putt,5.292345499656122,2025-06-22,0.025985911964310424,925,Dunes Golf and Beach Club
18554,"Rai, Aaron",510,TPC Scottsdale (Stadium Course),sg_putt,2.1156233388440127,2024-02-11,0.004962181921681363,925,Dunes Golf and Beach Club
18554,"Rai, Aaron",872,Quail Hollow Club,sg_putt,0.6690792138972153,2023-05-07,0.0016957370100373465,925,Dunes Golf and Beach Club
18554,"Rai, Aaron",4586,wentworth golf club,sg_total,6.330894527164671,2025-09-14,0.04347551211029934,925,Dunes Golf and Beach Club
18554,"Rai, Aaron",4583,brabazon course at the belfry,sg_total,3.099665991844324,2025-08-24,-0.01946561946078924,925,Dunes Golf and Beach Club
18554,"Rai, Aaron",4226,wentworth golf club,sg_total,3.0570229238293205,2023-09-17,0.06174911333241429,925,Dunes Golf and Beach Club
18554,"Rai, Aaron",4415,doha gc,sg_total,1.5940761643380565,2023-10-29,0.00938990406910517,925,Dunes Golf and Beach Club
18554,"Rai, Aaron",4584,crans-sur-sierre gc,sg_total,1.5607198865560685,2025-08-31,-0.04122447381138065,925,Dunes Golf and Beach Club
18554,"Rai, Aaron",4013,marco simone gc,sg_total,1.550507593834148,2022-09-18,0.028912041855114246,925,Dunes Golf and Beach Club
18554,"Rai, Aaron",4225,k club,sg_total,1.5178492429848702,2023-09-10,-0.0038573365722128668,925,Dunes Golf and Beach Club
18554,"Rai, Aaron",4000,mount juliet estate,sg_total,0.9834331265090592,2022-07-03,0.00898531681092638,925,Dunes Golf and Beach Club
18554,"Rai, Aaron",778,Royal St. George's GC,sg_total,0.6930136112857708,2021-07-18,0.010377643281444218,925,Dunes Golf and Beach Club
18554,"Rai, Aaron",3930,wentworth golf club,sg_total,0.5237684200173037,2020-10-11,-0.0035099167914225933,925,Dunes Golf and Beach Club
18554,"Rai, Aaron",3923,renaissance club,sg_total,0.5201148435137036,2020-10-04,0.0067997905835689,925,Dunes Golf and Beach Club
18554,"Rai, Aaron",3907,education city gc,sg_total,0.516283993489992,2021-03-14,-0.003562072425602854,925,Dunes Golf and Beach Club
18554,"Rai, Aaron",4056,frederikshavn golfklub,sg_total,0.5022257099727888,2020-08-30,0.00437624996506283,925,Dunes Golf and Beach Club
18554,"Rai, Aaron",3806,gary player cc,sg_total,0.3769262858581016,2019-11-17,0.003722148282611884,925,Dunes Golf and Beach Club
18554,"Rai, Aaron",3864,montgomerie maxx royal,sg_total,0.37429701504113466,2019-11-10,-0.0010329100080630823,925,Dunes Golf and Beach Club
18554,"Rai, Aaron",3801,olgiata gc,sg_total,0.3639620631544307,2019-10-13,0.005392625863679352,925,Dunes Golf and Beach Club
18554,"Rai, Aaron",3863,green eagle golf courses,sg_total,0.33225490469366614,2021-06-06,-0.00112441602191292,925,Dunes Golf and Beach Club
18554,"Rai, Aaron",3656,gullane gc,sg_total,0.23091499137857333,2018-07-15,0.0049836627197568225,925,Dunes Golf and Beach Club
18554,"Rai, Aaron",3655,ballyliffin gc,sg_total,0.22930423067864053,2018-07-08,5.5792818122879146e-05,925,Dunes Golf and Beach Club
18554,"Rai, Aaron",3653,golf club gut laerchenhof,sg_total,0.22611633876129217,2018-06-24,0.006916433818151756,925,Dunes Golf and Beach Club
18554,"Rai, Aaron",3701,gardagolf cc,sg_total,0.2214174071140697,2018-06-03,0.0007836236708270258,925,Dunes Golf and Beach Club
18554,"Rai, Aaron",3797,old course st andrews,sg_total,0.1794510483407144,2019-09-29,-0.003455359550425903,925,Dunes Golf and Beach Club
18554,"Rai, Aaron",3774,doha gc,sg_total,0.14648198616154048,2019-03-10,-0.005109571187798492,925,Dunes Golf and Beach Club
18554,"Rai, Aaron",3667,dom pedro victoria golf course,sg_total,0.12382910871388335,2018-09-23,-0.0018608949567674924,925,Dunes Golf and Beach Club
18554,"Rai, Aaron",3537,old course st andrews,sg_total,0.08726089807115735,2017-10-08,0.0022991501792956033,925,Dunes Golf and Beach Club
18554,"Rai, Aaron",3671,carnoustie,sg_total,0.06278745415923806,2018-10-07,-0.0019041836158207692,925,Dunes Golf and Beach Club
18554,"Rai, Aaron",3633,randpark gc bushwillow course,sg_total,0.04646759923060492,2017-12-10,0.0008780789674567726,925,Dunes Golf and Beach Club
19840,"Ramey, Chad",6,Waialae Country Club,sg_app,7.3021973606576465,2026-01-18,-0.019434241218076694,925,Dunes Golf and Beach Club
19840,"Ramey, Chad",925,Dunes Golf and Beach Club,sg_app,3.7603235758188105,2025-05-11,-0.0027999168963779193,925,Dunes Golf and Beach Club
19840,"Ramey, Chad",12,Harbour Town Golf Links,sg_app,1.56572580858263,2023-04-16,-0.03387625439859541,925,Dunes Golf and Beach Club
19840,"Ramey, Chad",734,PGA National Resort (The Champion),sg_app,1.0573499466398035,2023-02-26,-0.007190911663002914,925,Dunes Golf and Beach Club
19840,"Ramey, Chad",908,Oakdale Golf & Country Club,sg_app,0.6929116206601148,2023-06-11,-0.0029301077832751435,925,Dunes Golf and Beach Club
19840,"Ramey, Chad",925,Dunes Golf and Beach Club,sg_arg,3.7603235758188105,2025-05-11,-0.011745675953550708,925,Dunes Golf and Beach Club
19840,"Ramey, Chad",897,Memorial Park Golf Course,sg_ott,9.338208150772353,2026-03-29,-0.011015172968683522,925,Dunes Golf and Beach Club
19840,"Ramey, Chad",876,Detroit Golf Club,sg_ott,5.870080790009936,2025-06-29,0.0052001626740099316,925,Dunes Golf and Beach Club
19840,"Ramey, Chad",538,TPC Summerlin,sg_ott,5.688338376759488,2024-10-20,0.018318009044390793,925,Dunes Golf and Beach Club
19840,"Ramey, Chad",669,TPC Deere Run,sg_ott,4.4180789749841285,2025-07-06,-0.019485968476891904,925,Dunes Golf and Beach Club
19840,"Ramey, Chad",925,Dunes Golf and Beach Club,sg_ott,3.7603235758188105,2025-05-11,-0.006794079089143166,925,Dunes Golf and Beach Club
19840,"Ramey, Chad",874,Hamilton Golf & Country Club,sg_ott,1.9803911211237737,2024-06-02,-0.011525361657732882,925,Dunes Golf and Beach Club
19840,"Ramey, Chad",935,TPC Toronto at Osprey Valley (North Course),sg_ott,1.4349746457088866,2025-06-08,-0.010324270968248776,925,Dunes Golf and Beach Club
19840,"Ramey, Chad",734,PGA National Resort (The Champion),sg_ott,1.0573499466398035,2023-02-26,-0.0026872440283683607,925,Dunes Golf and Beach Club
19840,"Ramey, Chad",908,Oakdale Golf & Country Club,sg_ott,0.6929116206601148,2023-06-11,-0.005227251972699632,925,Dunes Golf and Beach Club
19840,"Ramey, Chad",510,TPC Scottsdale (Stadium Course),sg_putt,6.441141063671932,2026-02-08,0.027263694518174945,925,Dunes Golf and Beach Club
19840,"Ramey, Chad",925,Dunes Golf and Beach Club,sg_putt,3.7603235758188105,2025-05-11,-0.024222319653631235,925,Dunes Golf and Beach Club
19840,"Ramey, Chad",503,TPC River Highlands,sg_putt,1.8936477796908655,2023-06-25,-0.0023779516621501443,925,Dunes Golf and Beach Club
19840,"Ramey, Chad",872,Quail Hollow Club,sg_putt,1.3381584277944305,2023-05-07,-0.0015127024602862049,925,Dunes Golf and Beach Club
19840,"Ramey, Chad",801,The Club at Indian Creek,sg_total,1.7675292430042588,2021-08-15,0.019491857625746886,925,Dunes Golf and Beach Club
19840,"Ramey, Chad",807,Lakewood National Golf Club - Commander Course,sg_total,1.417234989666823,2022-02-20,-0.004005925278482482,925,Dunes Golf and Beach Club
19840,"Ramey, Chad",69,The Grove,sg_total,0.6461616082735558,2021-05-09,-0.0031585172825575416,925,Dunes Golf and Beach Club
19840,"Ramey, Chad",735,Fundadores Course,sg_total,0.5833335396182806,2020-02-09,-0.005171682582531756,925,Dunes Golf and Beach Club
19872,"Riley, Davis",6,Waialae Country Club,sg_app,5.282694015601909,2026-01-18,0.01078332646336972,925,Dunes Golf and Beach Club
19872,"Riley, Davis",925,Dunes Golf and Beach Club,sg_app,3.334589195211435,2025-05-11,-0.0869877899673286,925,Dunes Golf and Beach Club
19872,"Riley, Davis",734,PGA National Resort (The Champion),sg_app,2.114699893279607,2023-02-26,0.012841613275930346,925,Dunes Golf and Beach Club
19872,"Riley, Davis",885,Royal Portrush Golf Club,sg_app,1.4965271351571305,2025-07-20,-0.019107404890664616,925,Dunes Golf and Beach Club
19872,"Riley, Davis",12,Harbour Town Golf Links,sg_app,1.1104504318150046,2023-04-16,0.0031869645715671604,925,Dunes Golf and Beach Club
19872,"Riley, Davis",977,The Renaissance Club,sg_arg,3.9539433693411947,2025-07-13,0.01158868955655796,925,Dunes Golf and Beach Club
19872,"Riley, Davis",925,Dunes Golf and Beach Club,sg_arg,3.334589195211435,2025-05-11,0.005533636000145189,925,Dunes Golf and Beach Club
19872,"Riley, Davis",724,Royal Liverpool,sg_arg,0.7226337034486771,2023-07-23,-0.0032842629917297183,925,Dunes Golf and Beach Club
19872,"Riley, Davis",891,Winged Foot GC,sg_arg,0.512883969923526,2020-09-20,-0.004758553503758878,925,Dunes Golf and Beach Club
19872,"Riley, Davis",897,Memorial Park Golf Course,sg_ott,10.290166236687448,2026-03-29,0.034164019110194614,925,Dunes Golf and Beach Club
19872,"Riley, Davis",876,Detroit Golf Club,sg_ott,6.888393631225035,2025-06-29,0.004660798282378632,925,Dunes Golf and Beach Club
19872,"Riley, Davis",538,TPC Summerlin,sg_ott,4.603648236577089,2024-10-20,0.0023991248497938935,925,Dunes Golf and Beach Club
19872,"Riley, Davis",925,Dunes Golf and Beach Club,sg_ott,3.334589195211435,2025-05-11,-0.002462790309972205,925,Dunes Golf and Beach Club
19872,"Riley, Davis",935,TPC Toronto at Osprey Valley (North Course),sg_ott,2.869949291417773,2025-06-08,0.016485469577788143,925,Dunes Golf and Beach Club
19872,"Riley, Davis",734,PGA National Resort (The Champion),sg_ott,2.114699893279607,2023-02-26,0.0057206924916130214,925,Dunes Golf and Beach Club
19872,"Riley, Davis",885,Royal Portrush Golf Club,sg_ott,1.4965271351571305,2025-07-20,0.004035070820450662,925,Dunes Golf and Beach Club
19872,"Riley, Davis",901,Wilmington Country Club,sg_ott,1.0328214830517066,2022-08-21,0.00042119587658521714,925,Dunes Golf and Beach Club
19872,"Riley, Davis",669,TPC Deere Run,sg_ott,1.025466038083781,2024-07-07,0.001132756175770439,925,Dunes Golf and Beach Club
19872,"Riley, Davis",654,The Country Club,sg_ott,0.9697609909973317,2022-06-19,-0.0023298651464172273,925,Dunes Golf and Beach Club
19872,"Riley, Davis",503,TPC River Highlands,sg_putt,7.314764583414887,2025-06-22,-0.0027135069427491765,925,Dunes Golf and Beach Club
19872,"Riley, Davis",510,TPC Scottsdale (Stadium Course),sg_putt,4.312465210139835,2026-02-08,-0.001168329091191656,925,Dunes Golf and Beach Club
19872,"Riley, Davis",925,Dunes Golf and Beach Club,sg_putt,3.334589195211435,2025-05-11,-0.0020212629461496432,925,Dunes Golf and Beach Club
19872,"Riley, Davis",872,Quail Hollow Club,sg_putt,0.6690792138972153,2023-05-07,-0.013564641375984305,925,Dunes Golf and Beach Club
19872,"Riley, Davis",801,The Club at Indian Creek,sg_total,1.2915095229316635,2021-08-15,0.00591281961662656,925,Dunes Golf and Beach Club
19872,"Riley, Davis",82,Greystone Golf & Country Club,sg_total,0.6598744832905258,2021-05-30,0.003487900650643318,925,Dunes Golf and Beach Club
19872,"Riley, Davis",735,Fundadores Course,sg_total,0.5903545379449862,2020-02-09,0.009795842860640721,925,Dunes Golf and Beach Club
19872,"Riley, Davis",807,Lakewood National Golf Club - Commander Course,sg_total,0.34985577790096706,2020-02-16,-0.0018228024256160941,925,Dunes Golf and Beach Club
19872,"Riley, Davis",69,The Grove,sg_total,0.16154040206838896,2021-05-09,-0.013256428769149937,925,Dunes Golf and Beach Club
18424,"Roy, Kevin",6,Waialae Country Club,sg_app,6.666306753490595,2026-01-18,-0.022904386123031393,925,Dunes Golf and Beach Club
18424,"Roy, Kevin",925,Dunes Golf and Beach Club,sg_app,2.790705304284124,2025-05-11,-0.08986787472940301,925,Dunes Golf and Beach Club
18424,"Roy, Kevin",734,PGA National Resort (The Champion),sg_app,1.247690648130587,2023-02-26,0.014123139506167432,925,Dunes Golf and Beach Club
18424,"Roy, Kevin",908,Oakdale Golf & Country Club,sg_app,0.6929116206601148,2023-06-11,-0.01143408571784813,925,Dunes Golf and Beach Club
18424,"Roy, Kevin",925,Dunes Golf and Beach Club,sg_arg,2.790705304284124,2025-05-11,0.006584109909640815,925,Dunes Golf and Beach Club
18424,"Roy, Kevin",897,Memorial Park Golf Course,sg_ott,5.750476498502251,2026-03-29,0.013099427808005657,925,Dunes Golf and Beach Club
18424,"Roy, Kevin",669,TPC Deere Run,sg_ott,4.376618106546999,2025-07-06,0.0036949366293310987,925,Dunes Golf and Beach Club
18424,"Roy, Kevin",876,Detroit Golf Club,sg_ott,3.6384721303313374,2025-06-29,0.002927711655647187,925,Dunes Golf and Beach Club
18424,"Roy, Kevin",935,TPC Toronto at Osprey Valley (North Course),sg_ott,2.869949291417773,2025-06-08,0.01483729391990188,925,Dunes Golf and Beach Club
18424,"Roy, Kevin",925,Dunes Golf and Beach Club,sg_ott,2.790705304284124,2025-05-11,-0.017799882706039674,925,Dunes Golf and Beach Club
18424,"Roy, Kevin",734,PGA National Resort (The Champion),sg_ott,1.247690648130587,2023-02-26,0.007762904353204657,925,Dunes Golf and Beach Club
18424,"Roy, Kevin",538,TPC Summerlin,sg_ott,0.7859572955108599,2023-10-15,0.003999295172238532,925,Dunes Golf and Beach Club
18424,"Roy, Kevin",908,Oakdale Golf & Country Club,sg_ott,0.6929116206601148,2023-06-11,-0.000611021866087531,925,Dunes Golf and Beach Club
18424,"Roy, Kevin",510,TPC Scottsdale (Stadium Course),sg_putt,3.666708382532609,2026-02-08,0.009680819547559836,925,Dunes Golf and Beach Club
18424,"Roy, Kevin",925,Dunes Golf and Beach Club,sg_putt,2.790705304284124,2025-05-11,0.015140927535156992,925,Dunes Golf and Beach Club
18424,"Roy, Kevin",801,The Club at Indian Creek,sg_total,4.106474083379968,2024-08-11,0.008782173459347863,925,Dunes Golf and Beach Club
18424,"Roy, Kevin",82,Greystone Golf & Country Club,sg_total,3.70393989936784,2024-07-28,-0.001101431310224554,925,Dunes Golf and Beach Club
18424,"Roy, Kevin",86,Norwood Hills Country Club,sg_total,1.8126062513080865,2024-08-18,-0.04235674470599884,925,Dunes Golf and Beach Club
18424,"Roy, Kevin",735,Fundadores Course,sg_total,1.6353849215855405,2024-02-11,-0.014069906761368614,925,Dunes Golf and Beach Club
18424,"Roy, Kevin",807,Lakewood National Golf Club - Commander Course,sg_total,1.5863671253046454,2024-04-21,-0.022937331268213793,925,Dunes Golf and Beach Club
18424,"Roy, Kevin",69,The Grove,sg_total,1.111098862596239,2022-05-08,-0.01932299290709518,925,Dunes Golf and Beach Club
18424,"Roy, Kevin",94,Jimmie Austin OU Golf Club,sg_total,1.011209541879383,2024-06-23,-0.0036229976028536613,925,Dunes Golf and Beach Club
16591,"Rozo, Marcelo",510,TPC Scottsdale (Stadium Course),sg_putt,1.8333541912663045,2026-02-08,-0.041158795026291786,925,Dunes Golf and Beach Club
16591,"Rozo, Marcelo",807,Lakewood National Golf Club - Commander Course,sg_total,5.696296624347066,2025-04-19,0.05498039769082786,925,Dunes Golf and Beach Club
16591,"Rozo, Marcelo",82,Greystone Golf & Country Club,sg_total,5.340853277864919,2025-07-27,-0.006019787172000973,925,Dunes Golf and Beach Club
16591,"Rozo, Marcelo",801,The Club at Indian Creek,sg_total,4.39459736290074,2025-08-10,-0.021862025038063358,925,Dunes Golf and Beach Club
16591,"Rozo, Marcelo",96,Spyglass Hill Golf Course,sg_total,3.2326245488659535,2025-10-05,0.04375019465087554,925,Dunes Golf and Beach Club
16591,"Rozo, Marcelo",735,Fundadores Course,sg_total,3.025022476698201,2025-02-09,0.02623948639333074,925,Dunes Golf and Beach Club
16591,"Rozo, Marcelo",97,The Ocean Club Golf Course at Atlantis,sg_total,2.4850539289898466,2025-01-15,-0.0007790116331364942,925,Dunes Golf and Beach Club
16591,"Rozo, Marcelo",86,Norwood Hills Country Club,sg_total,2.13890573852799,2024-08-18,0.01886848967644218,925,Dunes Golf and Beach Club
16591,"Rozo, Marcelo",69,The Grove,sg_total,1.5760361169189223,2022-05-08,0.018428225472888356,925,Dunes Golf and Beach Club
16591,"Rozo, Marcelo",109,Holston Hills Country Club,sg_total,1.4150249742130034,2025-05-25,-0.0020083960726998743,925,Dunes Golf and Beach Club
16591,"Rozo, Marcelo",94,Jimmie Austin OU Golf Club,sg_total,1.011209541879383,2024-06-23,-0.01091708335972016,925,Dunes Golf and Beach Club
17169,"Ruffels, Ryan",12,Harbour Town Golf Links,sg_app,0.05090201242144857,2016-04-17,0.0004033846547350312,925,Dunes Golf and Beach Club
17169,"Ruffels, Ryan",872,Quail Hollow Club,sg_putt,0.1076518554425085,2018-05-06,-0.001817046057537929,925,Dunes Golf and Beach Club
17169,"Ruffels, Ryan",503,TPC River Highlands,sg_putt,0.07856312639636352,2017-06-25,-0.0003254959193440246,925,Dunes Golf and Beach Club
17169,"Ruffels, Ryan",801,The Club at Indian Creek,sg_total,1.3575130303602831,2022-08-14,0.0003377644705733038,925,Dunes Golf and Beach Club
17169,"Ruffels, Ryan",82,Greystone Golf & Country Club,sg_total,0.8047414183873931,2022-05-29,-0.003102267340868463,925,Dunes Golf and Beach Club
17169,"Ruffels, Ryan",69,The Grove,sg_total,0.7880180584594612,2022-05-08,-0.011364744860922094,925,Dunes Golf and Beach Club
17169,"Ruffels, Ryan",735,Fundadores Course,sg_total,0.5299668235811523,2022-02-13,0.0085972025707085,925,Dunes Golf and Beach Club
17169,"Ruffels, Ryan",807,Lakewood National Golf Club - Commander Course,sg_total,0.41283567816757105,2020-02-16,-0.0007792022835655233,925,Dunes Golf and Beach Club
16715,"Ryder, Sam",6,Waialae Country Club,sg_app,4.925625733883227,2025-01-12,0.009226195624633933,925,Dunes Golf and Beach Club
16715,"Ryder, Sam",925,Dunes Golf and Beach Club,sg_app,4.729941847353497,2025-05-11,0.0842188338050409,925,Dunes Golf and Beach Club
16715,"Ryder, Sam",734,PGA National Resort (The Champion),sg_app,1.900928160307298,2022-02-27,0.01325853462391488,925,Dunes Golf and Beach Club
16715,"Ryder, Sam",12,Harbour Town Golf Links,sg_app,1.6841373184119044,2023-04-16,-0.003937239629859125,925,Dunes Golf and Beach Club
16715,"Ryder, Sam",744,Torrey Pines (South),sg_app,0.3369391868246024,2021-06-20,-0.0033351202164539923,925,Dunes Golf and Beach Club
16715,"Ryder, Sam",873,Ridgewood CC,sg_app,0.24081996956949417,2018-08-26,0.0014239133966366245,925,Dunes Golf and Beach Club
16715,"Ryder, Sam",925,Dunes Golf and Beach Club,sg_arg,4.729941847353497,2025-05-11,0.004835554414668039,925,Dunes Golf and Beach Club
16715,"Ryder, Sam",977,The Renaissance Club,sg_arg,0.7175929308119032,2023-07-16,-0.001048454644472417,925,Dunes Golf and Beach Club
16715,"Ryder, Sam",893,Muirfield Village Golf Club,sg_arg,0.47820984388552373,2020-07-12,-0.0017706945878173414,925,Dunes Golf and Beach Club
16715,"Ryder, Sam",897,Memorial Park Golf Course,sg_ott,9.045865498606604,2026-03-29,-0.015123250982955945,925,Dunes Golf and Beach Club
16715,"Ryder, Sam",669,TPC Deere Run,sg_ott,6.4740725123763285,2025-07-06,-0.009133374293828968,925,Dunes Golf and Beach Club
16715,"Ryder, Sam",876,Detroit Golf Club,sg_ott,5.6533007572849,2025-06-29,-0.00042619651703172765,925,Dunes Golf and Beach Club
16715,"Ryder, Sam",538,TPC Summerlin,sg_ott,5.054060376575889,2024-10-20,0.004971281159262336,925,Dunes Golf and Beach Club
16715,"Ryder, Sam",925,Dunes Golf and Beach Club,sg_ott,4.729941847353497,2025-05-11,0.037259796760070005,925,Dunes Golf and Beach Club
16715,"Ryder, Sam",734,PGA National Resort (The Champion),sg_ott,1.900928160307298,2022-02-27,0.00189383539206797,925,Dunes Golf and Beach Club
16715,"Ryder, Sam",935,TPC Toronto at Osprey Valley (North Course),sg_ott,1.4349746457088866,2025-06-08,0.019049245375459194,925,Dunes Golf and Beach Club
16715,"Ryder, Sam",874,Hamilton Golf & Country Club,sg_ott,0.9901955605618868,2024-06-02,0.0021643826548097566,925,Dunes Golf and Beach Club
16715,"Ryder, Sam",510,TPC Scottsdale (Stadium Course),sg_putt,6.798483234376134,2025-02-09,0.006777951242256632,925,Dunes Golf and Beach Club
16715,"Ryder, Sam",925,Dunes Golf and Beach Club,sg_putt,4.729941847353497,2025-05-11,-0.013578987370476045,925,Dunes Golf and Beach Club
16715,"Ryder, Sam",503,TPC River Highlands,sg_putt,3.1451611178029526,2023-06-25,0.007344969836574191,925,Dunes Golf and Beach Club
16715,"Ryder, Sam",872,Quail Hollow Club,sg_putt,1.0998118734765017,2023-05-07,-0.0006064520709420498,925,Dunes Golf and Beach Club
16715,"Ryder, Sam",744,Torrey Pines (South),sg_putt,0.3369391868246024,2021-06-20,0.003459423912526508,925,Dunes Golf and Beach Club
16715,"Ryder, Sam",801,The Club at Indian Creek,sg_total,0.1615879602813504,2017-07-23,0.005386690674265561,925,Dunes Golf and Beach Club
16715,"Ryder, Sam",735,Fundadores Course,sg_total,0.06877927468694542,2017-02-12,-0.002325406740981373,925,Dunes Golf and Beach Club
14792,"Saddier, Adrien",885,Royal Portrush Golf Club,sg_app,2.993054270314261,2025-07-20,-0.028454487621845565,925,Dunes Golf and Beach Club
14792,"Saddier, Adrien",6,Waialae Country Club,sg_app,1.7952551928608698,2026-01-18,-0.017393541832819073,925,Dunes Golf and Beach Club
14792,"Saddier, Adrien",977,The Renaissance Club,sg_arg,1.4860880247238797,2025-07-13,-0.0073810690186323765,925,Dunes Golf and Beach Club
14792,"Saddier, Adrien",897,Memorial Park Golf Course,sg_ott,3.850851763564798,2026-03-29,-0.006398874987950627,925,Dunes Golf and Beach Club
14792,"Saddier, Adrien",885,Royal Portrush Golf Club,sg_ott,2.993054270314261,2025-07-20,0.025329989454748042,925,Dunes Golf and Beach Club
14792,"Saddier, Adrien",510,TPC Scottsdale (Stadium Course),sg_putt,3.666708382532609,2026-02-08,-0.018390370898467744,925,Dunes Golf and Beach Club
14792,"Saddier, Adrien",4586,wentworth golf club,sg_total,6.330894527164671,2025-09-14,0.09360759869685516,925,Dunes Golf and Beach Club
14792,"Saddier, Adrien",4585,k club,sg_total,3.143366505553382,2025-09-07,0.034254826147064425,925,Dunes Golf and Beach Club
14792,"Saddier, Adrien",4584,crans-sur-sierre gc,sg_total,3.121439773112137,2025-08-31,-0.006216963710601025,925,Dunes Golf and Beach Club
14792,"Saddier, Adrien",4582,furesø golf klub,sg_total,3.0780440948303034,2025-08-17,0.0006362671711712922,925,Dunes Golf and Beach Club
14792,"Saddier, Adrien",4568,muthaiga gc,sg_total,2.583885725642498,2025-02-23,0.01921771619476777,925,Dunes Golf and Beach Club
14792,"Saddier, Adrien",4402,le golf national,sg_total,2.2621017547981483,2024-10-13,0.014156683403244039,925,Dunes Golf and Beach Club
14792,"Saddier, Adrien",4426,lübker golf resort,sg_total,2.1539306043766713,2024-08-25,0.028758604943828866,925,Dunes Golf and Beach Club
14792,"Saddier, Adrien",4382,rinkven international gc,sg_total,1.9665767898438604,2024-05-26,0.013264164694646257,925,Dunes Golf and Beach Club
14792,"Saddier, Adrien",4367,leopard creek cc,sg_total,1.6624532304963535,2023-12-10,-0.008041643118248497,925,Dunes Golf and Beach Club
14792,"Saddier, Adrien",4693,delhi gc,sg_total,1.6390997866658512,2025-10-19,-0.04128257059603143,925,Dunes Golf and Beach Club
14792,"Saddier, Adrien",4415,doha gc,sg_total,1.5940761643380565,2023-10-29,0.007169222300218774,925,Dunes Golf and Beach Club
14792,"Saddier, Adrien",4223,albatross golf resort,sg_total,1.4967474110686245,2023-08-27,-0.010971313329210534,925,Dunes Golf and Beach Club
14792,"Saddier, Adrien",4565,emirates gc,sg_total,1.247507025835504,2025-01-19,-0.05000711747608852,925,Dunes Golf and Beach Club
14792,"Saddier, Adrien",4189,amata spring cc,sg_total,1.2389873108128833,2023-02-19,0.023874916217009726,925,Dunes Golf and Beach Club
14792,"Saddier, Adrien",4406,real club de golf sotogrande,sg_total,1.1389960090590832,2024-10-20,-0.009881401792456961,925,Dunes Golf and Beach Club
14792,"Saddier, Adrien",4397,old course st andrews,sg_total,1.1231611674583626,2024-10-06,0.01756050598745743,925,Dunes Golf and Beach Club
14792,"Saddier, Adrien",4383,green eagle golf courses,sg_total,0.9901955605618868,2024-06-02,-0.011774808642023439,925,Dunes Golf and Beach Club
14792,"Saddier, Adrien",4111,pga catalunya resort,sg_total,0.923388115945381,2022-05-01,0.009493085797629235,925,Dunes Golf and Beach Club
14792,"Saddier, Adrien",4108,infinitum golf lakes course,sg_total,0.9169469694478314,2022-04-24,0.014844427936968163,925,Dunes Golf and Beach Club
14792,"Saddier, Adrien",4372,al hamra gc,sg_total,0.8729711074103866,2024-01-28,-0.016321192500089315,925,Dunes Golf and Beach Club
14792,"Saddier, Adrien",4371,emirates gc,sg_total,0.8668816476330086,2024-01-21,-0.01862705351659533,925,Dunes Golf and Beach Club
14792,"Saddier, Adrien",4602,carnoustie,sg_total,0.8081561372164884,2025-10-05,0.004725590709576174,925,Dunes Golf and Beach Club
14792,"Saddier, Adrien",4225,k club,sg_total,0.7589246214924351,2023-09-10,-0.007751561464609546,925,Dunes Golf and Beach Club
14792,"Saddier, Adrien",4094,outeniqua,sg_total,0.7486227823466792,2022-02-13,0.010482543359971848,925,Dunes Golf and Beach Club
14792,"Saddier, Adrien",3907,education city gc,sg_total,0.7270824426137207,2021-03-14,-0.0026827469959613075,925,Dunes Golf and Beach Club
14792,"Saddier, Adrien",3866,golfclub münchen eichenried,sg_total,0.6786120708757944,2021-06-27,0.007691114393670463,925,Dunes Golf and Beach Club
14792,"Saddier, Adrien",4569,durban country club,sg_total,0.6505090947233165,2025-03-02,-0.031295991010860384,925,Dunes Golf and Beach Club
14792,"Saddier, Adrien",3937,real club valderrama,sg_total,0.5057536232333764,2020-09-06,-0.003112626707741406,925,Dunes Golf and Beach Club
14792,"Saddier, Adrien",3990,brabazon course at the belfry,sg_total,0.4649372543226833,2022-05-08,0.0005757569836013556,925,Dunes Golf and Beach Club
14792,"Saddier, Adrien",4230,kingsbarns golf links,sg_total,0.39023740277199187,2023-10-08,-0.0035329385061131646,925,Dunes Golf and Beach Club
14792,"Saddier, Adrien",3961,london gc,sg_total,0.3563461035457968,2021-08-15,-0.009367407353400213,925,Dunes Golf and Beach Club
14792,"Saddier, Adrien",3863,green eagle golf courses,sg_total,0.33225490469366614,2021-06-06,-0.007899779228709571,925,Dunes Golf and Beach Club
14792,"Saddier, Adrien",3774,doha gc,sg_total,0.29296397232308097,2019-03-10,0.003528487464087629,925,Dunes Golf and Beach Club
14792,"Saddier, Adrien",4074,pga national cyprus course,sg_total,0.2693205913910117,2020-11-08,-0.006993809591659861,925,Dunes Golf and Beach Club
14792,"Saddier, Adrien",4056,frederikshavn golfklub,sg_total,0.2511128549863944,2020-08-30,-0.0032990152965899767,925,Dunes Golf and Beach Club
14792,"Saddier, Adrien",3667,dom pedro victoria golf course,sg_total,0.2476582174277667,2018-09-23,0.0050154084591376435,925,Dunes Golf and Beach Club
14792,"Saddier, Adrien",4013,marco simone gc,sg_total,0.2441792189430184,2020-08-02,-0.004200815576854243,925,Dunes Golf and Beach Club
14792,"Saddier, Adrien",3664,silkeborg ry gc,sg_total,0.24251162323673583,2018-09-02,-0.0002650306912228405,925,Dunes Golf and Beach Club
14792,"Saddier, Adrien",3655,ballyliffin gc,sg_total,0.22930423067864053,2018-07-08,0.0035666692459374776,925,Dunes Golf and Beach Club
14792,"Saddier, Adrien",3653,golf club gut laerchenhof,sg_total,0.22611633876129217,2018-06-24,-0.005303404336506803,925,Dunes Golf and Beach Club
14792,"Saddier, Adrien",3701,gardagolf cc,sg_total,0.2214174071140697,2018-06-03,0.0012114073678400378,925,Dunes Golf and Beach Club
14792,"Saddier, Adrien",3524,le golf national,sg_total,0.1582299951535949,2017-07-02,0.00264486328295849,925,Dunes Golf and Beach Club
14792,"Saddier, Adrien",3764,four seasons gc mauritius at anahita,sg_total,0.13280773217305766,2018-12-02,-0.0008066839704658527,925,Dunes Golf and Beach Club
14792,"Saddier, Adrien",3656,gullane gc,sg_total,0.11545749568928666,2018-07-15,-0.0011309236813158451,925,Dunes Golf and Beach Club
14792,"Saddier, Adrien",3817,king david mowbray gc,sg_total,0.0668703238465938,2018-12-09,-0.0005134700887255254,925,Dunes Golf and Beach Club
14792,"Saddier, Adrien",3671,carnoustie,sg_total,0.06278745415923806,2018-10-07,0.0005036351032489777,925,Dunes Golf and Beach Club
14792,"Saddier, Adrien",3633,randpark gc bushwillow course,sg_total,0.04646759923060492,2017-12-10,0.0014795804546449216,925,Dunes Golf and Beach Club
30814,"Sargent, Gordon",6,Waialae Country Club,sg_app,1.7952551928608698,2026-01-18,0.007944895720711997,925,Dunes Golf and Beach Club
30814,"Sargent, Gordon",709,Royal Troon,sg_app,1.0399235289145237,2024-07-21,-0.00853825691932181,925,Dunes Golf and Beach Club
30814,"Sargent, Gordon",709,Royal Troon,sg_arg,1.0399235289145237,2024-07-21,0.01081055412794138,925,Dunes Golf and Beach Club
30814,"Sargent, Gordon",528,Pinehurst Resort & Country Club (Course No. 2),sg_arg,1.004155792013546,2024-06-16,0.0049147893698326724,925,Dunes Golf and Beach Club
30814,"Sargent, Gordon",669,TPC Deere Run,sg_ott,4.376618106546999,2025-07-06,-0.01170923154849115,925,Dunes Golf and Beach Club
30814,"Sargent, Gordon",876,Detroit Golf Club,sg_ott,2.93085550347733,2025-06-29,-0.02733092365611343,925,Dunes Golf and Beach Club
30814,"Sargent, Gordon",897,Memorial Park Golf Course,sg_ott,1.925425881782399,2026-03-29,0.02439813660061434,925,Dunes Golf and Beach Club
30814,"Sargent, Gordon",935,TPC Toronto at Osprey Valley (North Course),sg_ott,1.4349746457088866,2025-06-08,-0.014735729731957066,925,Dunes Golf and Beach Club
30814,"Sargent, Gordon",709,Royal Troon,sg_ott,1.0399235289145237,2024-07-21,-0.011691170524909523,925,Dunes Golf and Beach Club
30814,"Sargent, Gordon",528,Pinehurst Resort & Country Club (Course No. 2),sg_ott,1.004155792013546,2024-06-16,-0.003565105067623529,925,Dunes Golf and Beach Club
19477,"Schenk, Adam",12,Harbour Town Golf Links,sg_app,8.616772454852407,2026-04-19,0.042637486076301474,925,Dunes Golf and Beach Club
19477,"Schenk, Adam",6,Waialae Country Club,sg_app,6.70407468998509,2026-01-18,-0.030228984553087746,925,Dunes Golf and Beach Club
19477,"Schenk, Adam",734,PGA National Resort (The Champion),sg_app,2.9974544081987364,2023-02-26,0.014713721712589715,925,Dunes Golf and Beach Club
19477,"Schenk, Adam",925,Dunes Golf and Beach Club,sg_app,1.395352652142062,2025-05-11,3.775615951749122e-05,925,Dunes Golf and Beach Club
19477,"Schenk, Adam",709,Royal Troon,sg_app,1.0399235289145237,2024-07-21,0.03418044949124579,925,Dunes Golf and Beach Club
19477,"Schenk, Adam",43,The Los Angeles Country Club (North Course),sg_app,0.6977790180203067,2023-06-18,0.005336610962732586,925,Dunes Golf and Beach Club
19477,"Schenk, Adam",925,Dunes Golf and Beach Club,sg_arg,1.395352652142062,2025-05-11,-0.015122239194642074,925,Dunes Golf and Beach Club
19477,"Schenk, Adam",709,Royal Troon,sg_arg,1.0399235289145237,2024-07-21,-0.019709565355704246,925,Dunes Golf and Beach Club
19477,"Schenk, Adam",528,Pinehurst Resort & Country Club (Course No. 2),sg_arg,1.004155792013546,2024-06-16,-0.0038880687602495406,925,Dunes Golf and Beach Club
19477,"Schenk, Adam",671,Valhalla Golf Club,sg_arg,0.9764294106100646,2024-05-19,-0.012989668131125945,925,Dunes Golf and Beach Club
19477,"Schenk, Adam",724,Royal Liverpool,sg_arg,0.7226337034486771,2023-07-23,0.0029465351152916483,925,Dunes Golf and Beach Club
19477,"Schenk, Adam",893,Muirfield Village Golf Club,sg_arg,0.47820984388552373,2020-07-12,-0.00012254765757112868,925,Dunes Golf and Beach Club
19477,"Schenk, Adam",538,TPC Summerlin,sg_ott,5.916713420065029,2024-10-20,-0.00518684708165888,925,Dunes Golf and Beach Club
19477,"Schenk, Adam",876,Detroit Golf Club,sg_ott,5.890590093079544,2025-06-29,0.01647707529387927,925,Dunes Golf and Beach Club
19477,"Schenk, Adam",669,TPC Deere Run,sg_ott,5.308161454093784,2025-07-06,-0.005996800542467103,925,Dunes Golf and Beach Club
19477,"Schenk, Adam",897,Memorial Park Golf Course,sg_ott,4.874960892827534,2026-03-29,-0.0027926656689667437,925,Dunes Golf and Beach Club
19477,"Schenk, Adam",734,PGA National Resort (The Champion),sg_ott,2.9974544081987364,2023-02-26,-0.0030155580004989045,925,Dunes Golf and Beach Club
19477,"Schenk, Adam",935,TPC Toronto at Osprey Valley (North Course),sg_ott,2.869949291417773,2025-06-08,-0.028464821833699853,925,Dunes Golf and Beach Club
19477,"Schenk, Adam",688,East Lake Golf Club,sg_ott,1.4967474110686245,2023-08-27,0.004483264784029563,925,Dunes Golf and Beach Club
19477,"Schenk, Adam",925,Dunes Golf and Beach Club,sg_ott,1.395352652142062,2025-05-11,-0.012410852165577465,925,Dunes Golf and Beach Club
19477,"Schenk, Adam",709,Royal Troon,sg_ott,1.0399235289145237,2024-07-21,-0.002049417203955173,925,Dunes Golf and Beach Club
19477,"Schenk, Adam",528,Pinehurst Resort & Country Club (Course No. 2),sg_ott,1.004155792013546,2024-06-16,-0.007432972634531946,925,Dunes Golf and Beach Club
19477,"Schenk, Adam",671,Valhalla Golf Club,sg_ott,0.9764294106100646,2024-05-19,0.0015756767838720344,925,Dunes Golf and Beach Club
19477,"Schenk, Adam",654,The Country Club,sg_ott,0.9697609909973317,2022-06-19,0.001533103521279425,925,Dunes Golf and Beach Club
19477,"Schenk, Adam",874,Hamilton Golf & Country Club,sg_ott,0.32087435854286944,2019-06-09,0.0006463473913928464,925,Dunes Golf and Beach Club
19477,"Schenk, Adam",510,TPC Scottsdale (Stadium Course),sg_putt,8.591111616176793,2026-02-08,-0.022559975730209972,925,Dunes Golf and Beach Club
19477,"Schenk, Adam",503,TPC River Highlands,sg_putt,4.064230334180701,2024-06-23,-0.019270657246483934,925,Dunes Golf and Beach Club
19477,"Schenk, Adam",872,Quail Hollow Club,sg_putt,3.3488864350930414,2024-05-12,0.008049935000227909,925,Dunes Golf and Beach Club
19477,"Schenk, Adam",925,Dunes Golf and Beach Club,sg_putt,1.395352652142062,2025-05-11,-0.024251981807604857,925,Dunes Golf and Beach Club
19477,"Schenk, Adam",801,The Club at Indian Creek,sg_total,0.1615879602813504,2017-07-23,-0.0007512205346902253,925,Dunes Golf and Beach Club
19477,"Schenk, Adam",735,Fundadores Course,sg_total,0.13755854937389084,2017-02-12,0.0012130837127693518,925,Dunes Golf and Beach Club
20722,"Schmid, Matthias",250,Le Golf National,sg_arg,2.109169696172194,2024-08-04,4.1017036766932825e-05,925,Dunes Golf and Beach Club
20722,"Schmid, Matthias",250,Le Golf National,sg_ott,2.109169696172194,2024-08-04,0.005008882415060522,925,Dunes Golf and Beach Club
20722,"Schmid, Matthias",4586,wentworth golf club,sg_total,3.1654472635823354,2025-09-14,-0.040332682177939595,925,Dunes Golf and Beach Club
20722,"Schmid, Matthias",4559,leopard creek cc,sg_total,2.4091990819322615,2024-12-15,-0.05860676774990754,925,Dunes Golf and Beach Club
20722,"Schmid, Matthias",4367,leopard creek cc,sg_total,1.6624532304963535,2023-12-10,0.031742584029636825,925,Dunes Golf and Beach Club
20722,"Schmid, Matthias",4585,k club,sg_total,1.571683252776691,2025-09-07,-0.009365303069886555,925,Dunes Golf and Beach Club
20722,"Schmid, Matthias",4225,k club,sg_total,1.5178492429848702,2023-09-10,-0.00716683293221751,925,Dunes Golf and Beach Club
20722,"Schmid, Matthias",4223,albatross golf resort,sg_total,1.4967474110686245,2023-08-27,-0.0009040627629204094,925,Dunes Golf and Beach Club
20722,"Schmid, Matthias",4000,mount juliet estate,sg_total,0.9834331265090592,2022-07-03,0.0075764290078929805,925,Dunes Golf and Beach Club
20722,"Schmid, Matthias",3991,rinkven international gc,sg_total,0.9364064653823287,2022-05-15,0.004677715103834714,925,Dunes Golf and Beach Club
20722,"Schmid, Matthias",4111,pga catalunya resort,sg_total,0.923388115945381,2022-05-01,-0.005650155442466078,925,Dunes Golf and Beach Club
20722,"Schmid, Matthias",4108,infinitum golf lakes course,sg_total,0.9169469694478314,2022-04-24,0.0056147237276532105,925,Dunes Golf and Beach Club
20722,"Schmid, Matthias",4032,club at steyn city,sg_total,0.8854089601197873,2022-03-20,0.011919805956948491,925,Dunes Golf and Beach Club
20722,"Schmid, Matthias",3981,emirates gc,sg_total,0.8430697038920376,2022-01-30,0.008438713269142977,925,Dunes Golf and Beach Club
20722,"Schmid, Matthias",3919,dutch,sg_total,0.722740068909058,2021-08-29,0.013934779484079793,925,Dunes Golf and Beach Club
20722,"Schmid, Matthias",778,Royal St. George's GC,sg_total,0.6930136112857708,2021-07-18,0.006925682266813628,925,Dunes Golf and Beach Club
20722,"Schmid, Matthias",3866,golfclub münchen eichenried,sg_total,0.6786120708757944,2021-06-27,0.011486466336124546,925,Dunes Golf and Beach Club
20722,"Schmid, Matthias",3993,bernardus golf,sg_total,0.47480417674213016,2022-05-29,-0.010967587728544701,925,Dunes Golf and Beach Club
20722,"Schmid, Matthias",3990,brabazon course at the belfry,sg_total,0.4649372543226833,2022-05-08,-0.0061330343314602515,925,Dunes Golf and Beach Club
20722,"Schmid, Matthias",4102,al hamra gc,sg_total,0.4274778437473232,2022-02-13,-0.0051824766633886046,925,Dunes Golf and Beach Club
20722,"Schmid, Matthias",3978,yas links,sg_total,0.41859441153063903,2022-01-23,-0.008238556489258525,925,Dunes Golf and Beach Club
20722,"Schmid, Matthias",3948,club de campo villa de madrid,sg_total,0.37687081371860137,2021-10-10,-0.005850090429831838,925,Dunes Golf and Beach Club
20722,"Schmid, Matthias",3863,green eagle golf courses,sg_total,0.33225490469366614,2021-06-06,-0.014028752816124949,925,Dunes Golf and Beach Club
20722,"Schmid, Matthias",3974,carnoustie,sg_total,0.1871209649253546,2021-10-03,0.010045371775687604,925,Dunes Golf and Beach Club
20722,"Schmid, Matti",6,Waialae Country Club,sg_app,4.49308125647394,2026-01-18,-0.026938705640821767,925,Dunes Golf and Beach Club
20722,"Schmid, Matti",925,Dunes Golf and Beach Club,sg_app,3.7603235758188105,2025-05-11,0.033107850175653084,925,Dunes Golf and Beach Club
20722,"Schmid, Matti",885,Royal Portrush Golf Club,sg_app,2.993054270314261,2025-07-20,0.02197641832860824,925,Dunes Golf and Beach Club
20722,"Schmid, Matti",908,Oakdale Golf & Country Club,sg_app,0.6929116206601148,2023-06-11,0.006960406278246452,925,Dunes Golf and Beach Club
20722,"Schmid, Matti",734,PGA National Resort (The Champion),sg_app,0.6238453240652935,2023-02-26,-0.003710762223263393,925,Dunes Golf and Beach Club
20722,"Schmid, Matti",977,The Renaissance Club,sg_arg,4.004845532441268,2025-07-13,0.009089626928112307,925,Dunes Golf and Beach Club
20722,"Schmid, Matti",925,Dunes Golf and Beach Club,sg_arg,3.7603235758188105,2025-05-11,0.030416477058257247,925,Dunes Golf and Beach Club
20722,"Schmid, Matti",897,Memorial Park Golf Course,sg_ott,7.048288573476565,2026-03-29,-0.0005390371024341058,925,Dunes Golf and Beach Club
20722,"Schmid, Matti",538,TPC Summerlin,sg_ott,3.849906609139886,2024-10-20,0.02840658674621155,925,Dunes Golf and Beach Club
20722,"Schmid, Matti",925,Dunes Golf and Beach Club,sg_ott,3.7603235758188105,2025-05-11,0.00480116160862659,925,Dunes Golf and Beach Club
20722,"Schmid, Matti",885,Royal Portrush Golf Club,sg_ott,2.993054270314261,2025-07-20,0.02050729255128994,925,Dunes Golf and Beach Club
20722,"Schmid, Matti",876,Detroit Golf Club,sg_ott,2.7442423092842043,2024-06-30,-0.0090698460782608,925,Dunes Golf and Beach Club
20722,"Schmid, Matti",935,TPC Toronto at Osprey Valley (North Course),sg_ott,1.4349746457088866,2025-06-08,0.013840019433251654,925,Dunes Golf and Beach Club
20722,"Schmid, Matti",874,Hamilton Golf & Country Club,sg_ott,0.9901955605618868,2024-06-02,0.0042320828926134995,925,Dunes Golf and Beach Club
20722,"Schmid, Matti",669,TPC Deere Run,sg_ott,0.7125873203723176,2023-07-09,-0.003094375657758766,925,Dunes Golf and Beach Club
20722,"Schmid, Matti",908,Oakdale Golf & Country Club,sg_ott,0.6929116206601148,2023-06-11,0.0009025579132723031,925,Dunes Golf and Beach Club
20722,"Schmid, Matti",734,PGA National Resort (The Champion),sg_ott,0.6238453240652935,2023-02-26,-0.0017467394978749615,925,Dunes Golf and Beach Club
20722,"Schmid, Matti",510,TPC Scottsdale (Stadium Course),sg_putt,3.992614530344972,2026-02-08,-0.03292242720372461,925,Dunes Golf and Beach Club
20722,"Schmid, Matti",925,Dunes Golf and Beach Club,sg_putt,3.7603235758188105,2025-05-11,-0.0040420147728252994,925,Dunes Golf and Beach Club
20722,"Schmid, Matti",503,TPC River Highlands,sg_putt,2.1828083652437864,2025-06-22,-0.012476866489381969,925,Dunes Golf and Beach Club
32055,"Shipley, Neal",6,Waialae Country Club,sg_app,1.7952551928608698,2026-01-18,-0.04360672448529845,925,Dunes Golf and Beach Club
32055,"Shipley, Neal",538,TPC Summerlin,sg_ott,2.2779920181181663,2024-10-20,-0.008143144225432813,925,Dunes Golf and Beach Club
32055,"Shipley, Neal",897,Memorial Park Golf Course,sg_ott,1.925425881782399,2026-03-29,-0.0018159774235169312,925,Dunes Golf and Beach Club
32055,"Shipley, Neal",669,TPC Deere Run,sg_ott,1.025466038083781,2024-07-07,-0.0030199296370642652,925,Dunes Golf and Beach Club
32055,"Shipley, Neal",510,TPC Scottsdale (Stadium Course),sg_putt,3.666708382532609,2026-02-08,-0.02241613451520289,925,Dunes Golf and Beach Club
32055,"Shipley, Neal",801,The Club at Indian Creek,sg_total,3.056573022592796,2025-08-10,0.037480788853153604,925,Dunes Golf and Beach Club
32055,"Shipley, Neal",82,Greystone Golf & Country Club,sg_total,3.0140791514388687,2025-07-27,0.04581443324100272,925,Dunes Golf and Beach Club
32055,"Shipley, Neal",807,Lakewood National Golf Club - Commander Course,sg_total,2.7299802128215602,2025-04-19,0.07069897153473129,925,Dunes Golf and Beach Club
32055,"Shipley, Neal",96,Spyglass Hill Golf Course,sg_total,1.6163122744329768,2025-10-05,-0.018634575311204854,925,Dunes Golf and Beach Club
32055,"Shipley, Neal",97,The Ocean Club Golf Course at Atlantis,sg_total,1.2425269644949233,2025-01-15,-0.015273841121271106,925,Dunes Golf and Beach Club
32055,"Shipley, Neal",735,Fundadores Course,sg_total,0.6369908421779825,2025-02-09,-0.010933617224104223,925,Dunes Golf and Beach Club
17381,"Silverman, Ben",925,Dunes Golf and Beach Club,sg_app,4.729941847353497,2025-05-11,0.0062840191495547775,925,Dunes Golf and Beach Club
17381,"Silverman, Ben",6,Waialae Country Club,sg_app,4.434029243017148,2025-01-12,-0.020391706227507266,925,Dunes Golf and Beach Club
17381,"Silverman, Ben",734,PGA National Resort (The Champion),sg_app,1.015139634196932,2023-02-26,-0.0025045246895502235,925,Dunes Golf and Beach Club
17381,"Silverman, Ben",908,Oakdale Golf & Country Club,sg_app,0.6929116206601148,2023-06-11,0.0050880973860308095,925,Dunes Golf and Beach Club
17381,"Silverman, Ben",12,Harbour Town Golf Links,sg_app,0.3055305092086325,2019-04-21,0.0016794091670860256,925,Dunes Golf and Beach Club
17381,"Silverman, Ben",925,Dunes Golf and Beach Club,sg_arg,4.729941847353497,2025-05-11,0.0010311722222237421,925,Dunes Golf and Beach Club
17381,"Silverman, Ben",876,Detroit Golf Club,sg_ott,5.131323171282039,2025-06-29,-0.01301065284799503,925,Dunes Golf and Beach Club
17381,"Silverman, Ben",925,Dunes Golf and Beach Club,sg_ott,4.729941847353497,2025-05-11,0.010186236221697644,925,Dunes Golf and Beach Club
17381,"Silverman, Ben",669,TPC Deere Run,sg_ott,3.9237207053250334,2025-07-06,0.002027873236547368,925,Dunes Golf and Beach Club
17381,"Silverman, Ben",897,Memorial Park Golf Course,sg_ott,3.5877316522701017,2025-03-30,-0.006977422626185701,925,Dunes Golf and Beach Club
17381,"Silverman, Ben",935,TPC Toronto at Osprey Valley (North Course),sg_ott,2.869949291417773,2025-06-08,-0.006349004766838706,925,Dunes Golf and Beach Club
17381,"Silverman, Ben",874,Hamilton Golf & Country Club,sg_ott,2.301265479666643,2024-06-02,-0.02598151942593946,925,Dunes Golf and Beach Club
17381,"Silverman, Ben",538,TPC Summerlin,sg_ott,2.2779920181181663,2024-10-20,4.170168047145796e-05,925,Dunes Golf and Beach Club
17381,"Silverman, Ben",734,PGA National Resort (The Champion),sg_ott,1.015139634196932,2023-02-26,0.0008833640579533488,925,Dunes Golf and Beach Club
17381,"Silverman, Ben",654,The Country Club,sg_ott,0.9697609909973317,2022-06-19,-0.004175374790938713,925,Dunes Golf and Beach Club
17381,"Silverman, Ben",908,Oakdale Golf & Country Club,sg_ott,0.6929116206601148,2023-06-11,0.002433733898924087,925,Dunes Golf and Beach Club
17381,"Silverman, Ben",925,Dunes Golf and Beach Club,sg_putt,4.729941847353497,2025-05-11,0.06907448723523955,925,Dunes Golf and Beach Club
17381,"Silverman, Ben",510,TPC Scottsdale (Stadium Course),sg_putt,3.172017313719609,2025-02-09,0.0022361955884268483,925,Dunes Golf and Beach Club
17381,"Silverman, Ben",503,TPC River Highlands,sg_putt,1.2523303982499951,2022-06-26,-0.0013245182332436197,925,Dunes Golf and Beach Club
17381,"Silverman, Ben",872,Quail Hollow Club,sg_putt,0.26257086471609203,2019-05-05,-7.668407890707968e-05,925,Dunes Golf and Beach Club
17381,"Silverman, Ben",807,Lakewood National Golf Club - Commander Course,sg_total,5.610292709954415,2026-04-05,0.05034444325480827,925,Dunes Golf and Beach Club
17381,"Silverman, Ben",735,Fundadores Course,sg_total,4.419320042438314,2026-02-08,-0.07698586440073948,925,Dunes Golf and Beach Club
17381,"Silverman, Ben",801,The Club at Indian Creek,sg_total,2.7014396424566103,2023-08-13,0.019118523780553547,925,Dunes Golf and Beach Club
17381,"Silverman, Ben",69,The Grove,sg_total,1.8515922660514381,2023-09-17,-0.014572950289525204,925,Dunes Golf and Beach Club
17381,"Silverman, Ben",82,Greystone Golf & Country Club,sg_total,1.134678660032656,2022-05-29,0.0008022031375732407,925,Dunes Golf and Beach Club
10873,"Skinns, David",925,Dunes Golf and Beach Club,sg_app,3.334589195211435,2025-05-11,0.01916686613847635,925,Dunes Golf and Beach Club
10873,"Skinns, David",6,Waialae Country Club,sg_app,2.51531411694059,2025-01-12,0.0005388525051936944,925,Dunes Golf and Beach Club
10873,"Skinns, David",734,PGA National Resort (The Champion),sg_app,0.43350462257451,2022-02-27,-0.0024934655670726174,925,Dunes Golf and Beach Club
10873,"Skinns, David",925,Dunes Golf and Beach Club,sg_arg,3.334589195211435,2025-05-11,-0.004867973785475717,925,Dunes Golf and Beach Club
10873,"Skinns, David",876,Detroit Golf Club,sg_ott,5.4731603775170194,2025-06-29,0.0033961056885087205,925,Dunes Golf and Beach Club
10873,"Skinns, David",897,Memorial Park Golf Course,sg_ott,4.53539830129246,2025-03-30,0.003117862928669353,925,Dunes Golf and Beach Club
10873,"Skinns, David",925,Dunes Golf and Beach Club,sg_ott,3.334589195211435,2025-05-11,0.008248606586378512,925,Dunes Golf and Beach Club
10873,"Skinns, David",669,TPC Deere Run,sg_ott,2.992904334239493,2025-07-06,-0.020707285404621356,925,Dunes Golf and Beach Club
10873,"Skinns, David",935,TPC Toronto at Osprey Valley (North Course),sg_ott,2.869949291417773,2025-06-08,0.03323255800618796,925,Dunes Golf and Beach Club
10873,"Skinns, David",538,TPC Summerlin,sg_ott,2.2779920181181663,2024-10-20,-0.01750586754859119,925,Dunes Golf and Beach Club
10873,"Skinns, David",874,Hamilton Golf & Country Club,sg_ott,1.9803911211237737,2024-06-02,0.019749690998911485,925,Dunes Golf and Beach Club
10873,"Skinns, David",734,PGA National Resort (The Champion),sg_ott,0.43350462257451,2022-02-27,-0.0011237093616472066,925,Dunes Golf and Beach Club
10873,"Skinns, David",925,Dunes Golf and Beach Club,sg_putt,3.334589195211435,2025-05-11,0.016174827252589414,925,Dunes Golf and Beach Club
10873,"Skinns, David",510,TPC Scottsdale (Stadium Course),sg_putt,2.54796336871193,2025-02-09,0.0038542760725642617,925,Dunes Golf and Beach Club
10873,"Skinns, David",503,TPC River Highlands,sg_putt,0.4882865663068742,2022-06-26,-0.00020749873124772375,925,Dunes Golf and Beach Club
10873,"Skinns, David",735,Fundadores Course,sg_total,5.142601229258341,2026-02-08,0.032906026002585666,925,Dunes Golf and Beach Club
10873,"Skinns, David",807,Lakewood National Golf Club - Commander Course,sg_total,2.4324682513759477,2026-04-05,-0.015896671659219375,925,Dunes Golf and Beach Club
10873,"Skinns, David",801,The Club at Indian Creek,sg_total,1.9266814003824724,2023-08-13,0.017694721185085447,925,Dunes Golf and Beach Club
10873,"Skinns, David",69,The Grove,sg_total,1.4104173392308859,2023-09-17,0.004727557466033853,925,Dunes Golf and Beach Club
10873,"Skinns, David",86,Norwood Hills Country Club,sg_total,0.7431533820440914,2023-08-20,-0.023216942013850682,925,Dunes Golf and Beach Club
8820,"Snedeker, Brandt",6,Waialae Country Club,sg_app,5.2983393141033845,2025-01-12,-0.005799641374034366,925,Dunes Golf and Beach Club
8820,"Snedeker, Brandt",925,Dunes Golf and Beach Club,sg_app,2.3649709236767484,2025-05-11,-0.09143255879770676,925,Dunes Golf and Beach Club
8820,"Snedeker, Brandt",12,Harbour Town Golf Links,sg_app,2.2508042347719317,2022-04-17,-0.015022440727092875,925,Dunes Golf and Beach Club
8820,"Snedeker, Brandt",908,Oakdale Golf & Country Club,sg_app,0.6929116206601148,2023-06-11,-0.03542727181855814,925,Dunes Golf and Beach Club
8820,"Snedeker, Brandt",666,Pebble Beach Golf Links,sg_app,0.32312835884991714,2019-06-16,-0.0069064266276033575,925,Dunes Golf and Beach Club
8820,"Snedeker, Brandt",773,Aronimink GC,sg_app,0.25650840152551985,2018-09-09,-0.003061311627450134,925,Dunes Golf and Beach Club
8820,"Snedeker, Brandt",534,Bellerive CC,sg_app,0.24379406927688027,2018-08-12,-0.00270392038918553,925,Dunes Golf and Beach Club
8820,"Snedeker, Brandt",527,Saucon Valley CC,sg_app,0.14522954419654346,2016-09-11,0.0008434298265612169,925,Dunes Golf and Beach Club
8820,"Snedeker, Brandt",734,PGA National Resort (The Champion),sg_app,0.12264312258857102,2018-02-25,0.0008723016016151576,925,Dunes Golf and Beach Club
8820,"Snedeker, Brandt",789,Conway Farms GC,sg_app,0.12208988340601866,2015-09-20,-3.956061968849442e-05,925,Dunes Golf and Beach Club
8820,"Snedeker, Brandt",24,Congressional CC (Blue),sg_app,0.10499499574105625,2014-06-29,-0.0001662969215776776,925,Dunes Golf and Beach Club
8820,"Snedeker, Brandt",706,Whistling Straits,sg_app,0.0796824722558235,2015-08-16,0.00031528289417345415,925,Dunes Golf and Beach Club
8820,"Snedeker, Brandt",762,Liberty National GC,sg_app,0.02840791993599711,2013-08-25,-0.00039185450438066816,925,Dunes Golf and Beach Club
8820,"Snedeker, Brandt",925,Dunes Golf and Beach Club,sg_arg,2.3649709236767484,2025-05-11,-0.01872755946008514,925,Dunes Golf and Beach Club
8820,"Snedeker, Brandt",977,The Renaissance Club,sg_arg,1.4860880247238797,2025-07-13,-0.00593855100042655,925,Dunes Golf and Beach Club
8820,"Snedeker, Brandt",666,Pebble Beach Golf Links,sg_arg,0.32312835884991714,2019-06-16,-0.0009268696650210507,925,Dunes Golf and Beach Club
8820,"Snedeker, Brandt",891,Winged Foot GC,sg_arg,0.256441984961763,2020-09-20,-0.0007750112913859561,925,Dunes Golf and Beach Club
8820,"Snedeker, Brandt",893,Muirfield Village Golf Club,sg_arg,0.23910492194276187,2020-07-12,-0.00033907697504307845,925,Dunes Golf and Beach Club
8820,"Snedeker, Brandt",24,Congressional CC (Blue),sg_arg,0.10499499574105625,2014-06-29,7.334163318458558e-05,925,Dunes Golf and Beach Club
8820,"Snedeker, Brandt",649,Hualalai Golf Course,sg_arg,0.07151392976181407,2015-01-25,0.0001426850711695755,925,Dunes Golf and Beach Club
8820,"Snedeker, Brandt",671,Valhalla Golf Club,sg_arg,0.054984407228557304,2014-08-10,9.947960388196997e-05,925,Dunes Golf and Beach Club
8820,"Snedeker, Brandt",642,Newport Beach Country Club,sg_arg,0.054219988940829494,2014-07-27,-0.00020617470812238337,925,Dunes Golf and Beach Club
8820,"Snedeker, Brandt",698,Quail Hollow Club,sg_arg,0.019052845313013576,2010-05-02,-6.508165731021737e-05,925,Dunes Golf and Beach Club
8820,"Snedeker, Brandt",669,TPC Deere Run,sg_ott,5.1939697680835994,2025-07-06,0.010735489924795581,925,Dunes Golf and Beach Club
8820,"Snedeker, Brandt",876,Detroit Golf Club,sg_ott,4.439857242701238,2025-06-29,-0.015123137828562897,925,Dunes Golf and Beach Club
8820,"Snedeker, Brandt",897,Memorial Park Golf Course,sg_ott,3.1966351757865885,2025-03-30,-0.01305063212366249,925,Dunes Golf and Beach Club
8820,"Snedeker, Brandt",538,TPC Summerlin,sg_ott,2.945166534883115,2023-10-15,0.008368571014167667,925,Dunes Golf and Beach Club
8820,"Snedeker, Brandt",925,Dunes Golf and Beach Club,sg_ott,2.3649709236767484,2025-05-11,-0.005590838122899582,925,Dunes Golf and Beach Club
8820,"Snedeker, Brandt",935,TPC Toronto at Osprey Valley (North Course),sg_ott,1.4349746457088866,2025-06-08,0.004194928582512434,925,Dunes Golf and Beach Club
8820,"Snedeker, Brandt",874,Hamilton Golf & Country Club,sg_ott,1.3110699191047563,2024-06-02,-0.005535543719465543,925,Dunes Golf and Beach Club
8820,"Snedeker, Brandt",908,Oakdale Golf & Country Club,sg_ott,0.6929116206601148,2023-06-11,-0.005547787368243358,925,Dunes Golf and Beach Club
8820,"Snedeker, Brandt",688,East Lake Golf Club,sg_ott,0.6404475196922843,2019-08-25,0.0006613498273923415,925,Dunes Golf and Beach Club
8820,"Snedeker, Brandt",240,Club de Golf Chapultepec,sg_ott,0.5562134900425444,2020-02-23,0.0031920374192809086,925,Dunes Golf and Beach Club
8820,"Snedeker, Brandt",348,Medinah Country Club (No. 3),sg_ott,0.3441403746919263,2019-08-18,0.0010262484568808032,925,Dunes Golf and Beach Club
8820,"Snedeker, Brandt",534,Bellerive CC,sg_ott,0.24379406927688027,2018-08-12,-5.779924359713086e-05,925,Dunes Golf and Beach Club
8820,"Snedeker, Brandt",8,Trump National Doral - Blue Monster Course,sg_ott,0.1674792783168312,2016-03-06,0.00028313785274267404,925,Dunes Golf and Beach Club
8820,"Snedeker, Brandt",734,PGA National Resort (The Champion),sg_ott,0.12264312258857102,2018-02-25,0.0004918785536768202,925,Dunes Golf and Beach Club
8820,"Snedeker, Brandt",671,Valhalla Golf Club,sg_ott,0.054984407228557304,2014-08-10,0.0002912898825739052,925,Dunes Golf and Beach Club
8820,"Snedeker, Brandt",13,Forest Oaks CC,sg_ott,0.004301869261008055,2007-08-19,1.5465818724819377e-05,925,Dunes Golf and Beach Club
8820,"Snedeker, Brandt",736,Angus Glen GC (North),sg_ott,0.004212471963477495,2007-07-29,5.761832992364632e-06,925,Dunes Golf and Beach Club
8820,"Snedeker, Brandt",27,Hillcrest Country Club,sg_ott,0.0025025145208720095,2007-08-26,-8.862041317562047e-06,925,Dunes Golf and Beach Club
8820,"Snedeker, Brandt",723,The Classic Club,sg_ott,0.0008717568627991351,2007-01-21,-4.173478881321291e-06,925,Dunes Golf and Beach Club
8820,"Snedeker, Brandt",510,TPC Scottsdale (Stadium Course),sg_putt,4.841671813668949,2025-02-09,0.0016189311962493409,925,Dunes Golf and Beach Club
8820,"Snedeker, Brandt",925,Dunes Golf and Beach Club,sg_putt,2.3649709236767484,2025-05-11,-0.01117027599078074,925,Dunes Golf and Beach Club
8820,"Snedeker, Brandt",503,TPC River Highlands,sg_putt,2.0551181351023637,2022-06-26,-0.008686517428111634,925,Dunes Golf and Beach Club
8820,"Snedeker, Brandt",240,Club de Golf Chapultepec,sg_putt,0.5562134900425444,2020-02-23,-0.0005888025257229832,925,Dunes Golf and Beach Club
8820,"Snedeker, Brandt",895,TPC Harding Park,sg_putt,0.491788939699716,2020-08-09,0.0016034867010233445,925,Dunes Golf and Beach Club
8820,"Snedeker, Brandt",526,Cog Hill G&CC,sg_putt,0.04653375415221375,2011-09-18,-0.00014262295704760777,925,Dunes Golf and Beach Club
8820,"Snedeker, Brandt",27,Hillcrest Country Club,sg_putt,0.0025025145208720095,2007-08-26,-1.5709944062497923e-05,925,Dunes Golf and Beach Club
8820,"Snedeker, Brandt",723,The Classic Club,sg_putt,0.0008717568627991351,2007-01-21,1.0655212319844212e-05,925,Dunes Golf and Beach Club
8820,"Snedeker, Brandt",4583,brabazon course at the belfry,sg_total,3.099665991844324,2025-08-24,-0.008544646897282163,925,Dunes Golf and Beach Club
8820,"Snedeker, Brandt",778,Royal St. George's GC,sg_total,0.7019837618347724,2021-07-18,0.011979144941559716,925,Dunes Golf and Beach Club
8820,"Snedeker, Brandt",763,PGA West (Nicklaus),sg_total,0.04707800476302952,2015-01-25,-0.0004595565774222362,925,Dunes Golf and Beach Club
8820,"Snedeker, Brandt",558,Oak Hill CC,sg_total,0.03820818043128292,2013-08-11,-0.0006226664189736051,925,Dunes Golf and Beach Club
8820,"Snedeker, Brandt",610,Turnberry (Ailsa),sg_total,0.004331450435769495,2009-07-19,-0.000153239244653885,925,Dunes Golf and Beach Club
21995,"Springer, Hayden",925,Dunes Golf and Beach Club,sg_app,3.7603235758188105,2025-05-11,-0.0811489611767487,925,Dunes Golf and Beach Club
21995,"Springer, Hayden",925,Dunes Golf and Beach Club,sg_arg,3.7603235758188105,2025-05-11,-0.02608764993725234,925,Dunes Golf and Beach Club
21995,"Springer, Hayden",669,TPC Deere Run,sg_ott,5.0023755419699265,2025-07-06,0.026549613418513873,925,Dunes Golf and Beach Club
21995,"Springer, Hayden",876,Detroit Golf Club,sg_ott,4.967481185907527,2025-06-29,0.01903967600800626,925,Dunes Golf and Beach Club
21995,"Springer, Hayden",925,Dunes Golf and Beach Club,sg_ott,3.7603235758188105,2025-05-11,0.02890241728958435,925,Dunes Golf and Beach Club
21995,"Springer, Hayden",897,Memorial Park Golf Course,sg_ott,3.6056606420269235,2025-03-30,0.008728805263277684,925,Dunes Golf and Beach Club
21995,"Springer, Hayden",935,TPC Toronto at Osprey Valley (North Course),sg_ott,2.869949291417773,2025-06-08,-0.014059256009462848,925,Dunes Golf and Beach Club
21995,"Springer, Hayden",538,TPC Summerlin,sg_ott,1.1389960090590832,2024-10-20,-0.003988904143477306,925,Dunes Golf and Beach Club
21995,"Springer, Hayden",874,Hamilton Golf & Country Club,sg_ott,0.9901955605618868,2024-06-02,0.007394213679489539,925,Dunes Golf and Beach Club
21995,"Springer, Hayden",925,Dunes Golf and Beach Club,sg_putt,3.7603235758188105,2025-05-11,-0.03618211529419747,925,Dunes Golf and Beach Club
21995,"Springer, Hayden",510,TPC Scottsdale (Stadium Course),sg_putt,1.273981684355965,2025-02-09,-0.009196499569782536,925,Dunes Golf and Beach Club
21995,"Springer, Hayden",807,Lakewood National Golf Club - Commander Course,sg_total,3.8779022923041038,2026-04-05,0.029397978869788833,925,Dunes Golf and Beach Club
21995,"Springer, Hayden",801,The Club at Indian Creek,sg_total,3.4129191261385925,2025-08-10,0.0008574350391966932,925,Dunes Golf and Beach Club
21995,"Springer, Hayden",735,Fundadores Course,sg_total,1.8333541912663045,2026-02-08,-0.07900093163267756,925,Dunes Golf and Beach Club
23048,"Stanger, Jimmy",925,Dunes Golf and Beach Club,sg_app,0.9696182715346865,2024-05-12,-0.015675772169680104,925,Dunes Golf and Beach Club
23048,"Stanger, Jimmy",925,Dunes Golf and Beach Club,sg_arg,0.9696182715346865,2024-05-12,-0.008702877288704673,925,Dunes Golf and Beach Club
23048,"Stanger, Jimmy",897,Memorial Park Golf Course,sg_ott,3.850851763564798,2026-03-29,-0.012209096661930778,925,Dunes Golf and Beach Club
23048,"Stanger, Jimmy",925,Dunes Golf and Beach Club,sg_ott,0.9696182715346865,2024-05-12,0.010603322460225238,925,Dunes Golf and Beach Club
23048,"Stanger, Jimmy",669,TPC Deere Run,sg_ott,0.5127330190418905,2024-07-07,-0.013266263443805732,925,Dunes Golf and Beach Club
23048,"Stanger, Jimmy",925,Dunes Golf and Beach Club,sg_putt,0.9696182715346865,2024-05-12,-0.024667254969904802,925,Dunes Golf and Beach Club
23048,"Stanger, Jimmy",807,Lakewood National Golf Club - Commander Course,sg_total,3.81473708803649,2025-04-19,-0.002572397742264986,925,Dunes Golf and Beach Club
23048,"Stanger, Jimmy",735,Fundadores Course,sg_total,2.9292518615825713,2026-02-08,0.0006117318786710662,925,Dunes Golf and Beach Club
23048,"Stanger, Jimmy",82,Greystone Golf & Country Club,sg_total,2.7349653656925375,2023-07-30,0.019718587560814828,925,Dunes Golf and Beach Club
23048,"Stanger, Jimmy",801,The Club at Indian Creek,sg_total,2.262801552027092,2023-08-13,-0.010858351609408698,925,Dunes Golf and Beach Club
23048,"Stanger, Jimmy",69,The Grove,sg_total,2.017211043739475,2023-09-17,-0.03999274894476231,925,Dunes Golf and Beach Club
14852,"Streb, Robert",6,Waialae Country Club,sg_app,3.1293799931938606,2024-01-14,-0.022114858535473046,925,Dunes Golf and Beach Club
14852,"Streb, Robert",734,PGA National Resort (The Champion),sg_app,2.827850621665032,2023-02-26,0.008454050340135176,925,Dunes Golf and Beach Club
14852,"Streb, Robert",12,Harbour Town Golf Links,sg_app,2.515850656551881,2023-04-16,0.010456923425087156,925,Dunes Golf and Beach Club
14852,"Streb, Robert",899,The Summit Club,sg_app,0.7590363286635429,2021-10-17,0.002529267377991727,925,Dunes Golf and Beach Club
14852,"Streb, Robert",908,Oakdale Golf & Country Club,sg_app,0.6929116206601148,2023-06-11,-0.02551365833827122,925,Dunes Golf and Beach Club
14852,"Streb, Robert",789,Conway Farms GC,sg_app,0.2534157912272897,2017-09-17,0.0006636750746061454,925,Dunes Golf and Beach Club
14852,"Streb, Robert",24,Congressional CC (Blue),sg_app,0.18022687081587865,2016-06-26,-0.0008004362658940991,925,Dunes Golf and Beach Club
14852,"Streb, Robert",238,Glen Oaks Club,sg_app,0.1673436763720972,2017-08-27,0.0012381988796923294,925,Dunes Golf and Beach Club
14852,"Streb, Robert",706,Whistling Straits,sg_app,0.0796824722558235,2015-08-16,0.0010660971475602206,925,Dunes Golf and Beach Club
14852,"Streb, Robert",977,The Renaissance Club,sg_arg,0.495170654412169,2022-07-10,0.002702703130917443,925,Dunes Golf and Beach Club
14852,"Streb, Robert",698,Quail Hollow Club,sg_arg,0.24388827852138562,2016-05-08,0.0015160006714300786,925,Dunes Golf and Beach Club
14852,"Streb, Robert",893,Muirfield Village Golf Club,sg_arg,0.23910492194276187,2020-07-12,0.00047980692787525124,925,Dunes Golf and Beach Club
14852,"Streb, Robert",24,Congressional CC (Blue),sg_arg,0.18022687081587865,2016-06-26,-0.0005230860869347968,925,Dunes Golf and Beach Club
14852,"Streb, Robert",238,Glen Oaks Club,sg_arg,0.1673436763720972,2017-08-27,9.332731064979388e-05,925,Dunes Golf and Beach Club
14852,"Streb, Robert",235,Eagle Point Golf Club,sg_arg,0.1496126528894717,2017-05-07,0.00022828177654857609,925,Dunes Golf and Beach Club
14852,"Streb, Robert",642,Newport Beach Country Club,sg_arg,0.027109994470414747,2014-07-27,9.868254266167879e-05,925,Dunes Golf and Beach Club
14852,"Streb, Robert",609,Annandale GC,sg_arg,0.018707087440001977,2013-07-21,-0.00012194923690609634,925,Dunes Golf and Beach Club
14852,"Streb, Robert",876,Detroit Golf Club,sg_ott,3.005570482836462,2023-07-02,0.010181495923800027,925,Dunes Golf and Beach Club
14852,"Streb, Robert",669,TPC Deere Run,sg_ott,2.8878316383700082,2023-07-09,-0.007327406264539571,925,Dunes Golf and Beach Club
14852,"Streb, Robert",734,PGA National Resort (The Champion),sg_ott,2.827850621665032,2023-02-26,-0.01278960443801416,925,Dunes Golf and Beach Club
14852,"Streb, Robert",538,TPC Summerlin,sg_ott,2.613752646192911,2023-10-15,-0.005603210581223254,925,Dunes Golf and Beach Club
14852,"Streb, Robert",897,Memorial Park Golf Course,sg_ott,1.3422529282734295,2022-11-13,0.0052940547306001675,925,Dunes Golf and Beach Club
14852,"Streb, Robert",899,The Summit Club,sg_ott,0.7590363286635429,2021-10-17,0.010912595408644747,925,Dunes Golf and Beach Club
14852,"Streb, Robert",908,Oakdale Golf & Country Club,sg_ott,0.6929116206601148,2023-06-11,-0.00023783623630606324,925,Dunes Golf and Beach Club
14852,"Streb, Robert",874,Hamilton Golf & Country Club,sg_ott,0.32087435854286944,2019-06-09,0.0010127663330759544,925,Dunes Golf and Beach Club
14852,"Streb, Robert",8,Trump National Doral - Blue Monster Course,sg_ott,0.16544985980010268,2016-03-06,8.028244460374728e-05,925,Dunes Golf and Beach Club
14852,"Streb, Robert",688,East Lake Golf Club,sg_ott,0.08310041036880919,2015-09-27,-0.00048790677109047644,925,Dunes Golf and Beach Club
14852,"Streb, Robert",503,TPC River Highlands,sg_putt,3.251787867117162,2023-06-25,0.001637291696276945,925,Dunes Golf and Beach Club
14852,"Streb, Robert",510,TPC Scottsdale (Stadium Course),sg_putt,1.8060814435084775,2023-02-12,-0.01388615878542392,925,Dunes Golf and Beach Club
14852,"Streb, Robert",872,Quail Hollow Club,sg_putt,1.3623827381925937,2023-05-07,-0.0025933024293579637,925,Dunes Golf and Beach Club
14852,"Streb, Robert",801,The Club at Indian Creek,sg_total,3.6522721907848554,2025-08-10,0.030533668720898594,925,Dunes Golf and Beach Club
14852,"Streb, Robert",109,Holston Hills Country Club,sg_total,2.830049948426007,2025-05-25,0.021455747554983032,925,Dunes Golf and Beach Club
14852,"Streb, Robert",97,The Ocean Club Golf Course at Atlantis,sg_total,2.4850539289898466,2025-01-15,0.0061180398741892475,925,Dunes Golf and Beach Club
14852,"Streb, Robert",735,Fundadores Course,sg_total,2.353611853895299,2025-02-09,-0.03749706305827323,925,Dunes Golf and Beach Club
14852,"Streb, Robert",86,Norwood Hills Country Club,sg_total,2.13890573852799,2024-08-18,0.009730455976372874,925,Dunes Golf and Beach Club
14852,"Streb, Robert",94,Jimmie Austin OU Golf Club,sg_total,1.011209541879383,2024-06-23,-0.028183882467776842,925,Dunes Golf and Beach Club
14852,"Streb, Robert",763,PGA West (Nicklaus),sg_total,0.007797126582630004,2013-01-20,0.00013257076467832388,925,Dunes Golf and Beach Club
8480,"Streelman, Kevin",6,Waialae Country Club,sg_app,4.039412744592385,2025-01-12,0.0030792999987897763,925,Dunes Golf and Beach Club
8480,"Streelman, Kevin",12,Harbour Town Golf Links,sg_app,3.3496856767569625,2023-04-16,0.03548040299982535,925,Dunes Golf and Beach Club
8480,"Streelman, Kevin",734,PGA National Resort (The Champion),sg_app,2.1969264296836384,2022-02-27,-0.008022778462896002,925,Dunes Golf and Beach Club
8480,"Streelman, Kevin",925,Dunes Golf and Beach Club,sg_app,1.939236543069373,2024-05-12,0.0382777809293009,925,Dunes Golf and Beach Club
8480,"Streelman, Kevin",43,The Los Angeles Country Club (North Course),sg_app,1.3955580360406135,2023-06-18,0.016956627162958957,925,Dunes Golf and Beach Club
8480,"Streelman, Kevin",899,The Summit Club,sg_app,0.7590363286635429,2021-10-17,0.0028848400732598765,925,Dunes Golf and Beach Club
8480,"Streelman, Kevin",744,Torrey Pines (South),sg_app,0.6738783736492048,2021-06-20,0.002594709191194296,925,Dunes Golf and Beach Club
8480,"Streelman, Kevin",873,Ridgewood CC,sg_app,0.24081996956949417,2018-08-26,-0.0032234832551974717,925,Dunes Golf and Beach Club
8480,"Streelman, Kevin",24,Congressional CC (Blue),sg_app,0.13639344825573957,2016-06-26,0.0008664975614109299,925,Dunes Golf and Beach Club
8480,"Streelman, Kevin",534,Bellerive CC,sg_app,0.12505807897591256,2018-08-12,-0.0012548878369370282,925,Dunes Golf and Beach Club
8480,"Streelman, Kevin",527,Saucon Valley CC,sg_app,0.11792509562915976,2016-09-11,0.0028296102415228575,925,Dunes Golf and Beach Club
8480,"Streelman, Kevin",238,Glen Oaks Club,sg_app,0.0836718381860486,2017-08-27,-0.0006673148854119809,925,Dunes Golf and Beach Club
8480,"Streelman, Kevin",706,Whistling Straits,sg_app,0.0796824722558235,2015-08-16,0.0014136663270290734,925,Dunes Golf and Beach Club
8480,"Streelman, Kevin",505,Cherry Hills CC,sg_app,0.05654572710431851,2014-09-07,-0.0010510146969958825,925,Dunes Golf and Beach Club
8480,"Streelman, Kevin",762,Liberty National GC,sg_app,0.04778134838310103,2013-08-25,0.0004932227630904806,925,Dunes Golf and Beach Club
8480,"Streelman, Kevin",789,Conway Farms GC,sg_app,0.03956914469200869,2013-09-15,-0.000348983311843291,925,Dunes Golf and Beach Club
8480,"Streelman, Kevin",773,Aronimink GC,sg_app,0.020764197231947622,2011-07-03,-0.00018942069151171552,925,Dunes Golf and Beach Club
8480,"Streelman, Kevin",713,Grayhawk GC (Raptor),sg_app,0.011417014821805942,2009-10-25,6.911677804510777e-05,925,Dunes Golf and Beach Club
8480,"Streelman, Kevin",925,Dunes Golf and Beach Club,sg_arg,1.939236543069373,2024-05-12,-0.0023607575494412497,925,Dunes Golf and Beach Club
8480,"Streelman, Kevin",893,Muirfield Village Golf Club,sg_arg,0.47820984388552373,2020-07-12,-0.0011021283632496697,925,Dunes Golf and Beach Club
8480,"Streelman, Kevin",891,Winged Foot GC,sg_arg,0.256441984961763,2020-09-20,0.00017155783893274405,925,Dunes Golf and Beach Club
8480,"Streelman, Kevin",698,Quail Hollow Club,sg_arg,0.22179532248432607,2016-05-08,0.00019469606560773678,925,Dunes Golf and Beach Club
8480,"Streelman, Kevin",24,Congressional CC (Blue),sg_arg,0.13639344825573957,2016-06-26,0.000552886584677284,925,Dunes Golf and Beach Club
8480,"Streelman, Kevin",238,Glen Oaks Club,sg_arg,0.0836718381860486,2017-08-27,-0.001219031194017489,925,Dunes Golf and Beach Club
8480,"Streelman, Kevin",235,Eagle Point Golf Club,sg_arg,0.07480632644473585,2017-05-07,-0.00015399347001205478,925,Dunes Golf and Beach Club
8480,"Streelman, Kevin",649,Hualalai Golf Course,sg_arg,0.05991525461742758,2015-01-25,0.0001288244227904018,925,Dunes Golf and Beach Club
8480,"Streelman, Kevin",671,Valhalla Golf Club,sg_arg,0.027492203614278652,2014-08-10,3.685662440948104e-05,925,Dunes Golf and Beach Club
8480,"Streelman, Kevin",716,Shaughnessy G&CC,sg_arg,0.018066323770450664,2011-07-24,-3.84377999607439e-05,925,Dunes Golf and Beach Club
8480,"Streelman, Kevin",713,Grayhawk GC (Raptor),sg_arg,0.011417014821805942,2009-10-25,-7.989423309583998e-05,925,Dunes Golf and Beach Club
8480,"Streelman, Kevin",669,TPC Deere Run,sg_ott,5.337972254282545,2024-07-07,-0.012306992258572248,925,Dunes Golf and Beach Club
8480,"Streelman, Kevin",538,TPC Summerlin,sg_ott,4.9764259175649705,2024-10-20,0.009729985140897117,925,Dunes Golf and Beach Club
8480,"Streelman, Kevin",876,Detroit Golf Club,sg_ott,3.3756680363982077,2024-06-30,-0.0035709821330598196,925,Dunes Golf and Beach Club
8480,"Streelman, Kevin",734,PGA National Resort (The Champion),sg_ott,2.1969264296836384,2022-02-27,0.005470561423512945,925,Dunes Golf and Beach Club
8480,"Streelman, Kevin",874,Hamilton Golf & Country Club,sg_ott,1.9803911211237737,2024-06-02,-0.00876422108227684,925,Dunes Golf and Beach Club
8480,"Streelman, Kevin",925,Dunes Golf and Beach Club,sg_ott,1.939236543069373,2024-05-12,0.0012422336517538342,925,Dunes Golf and Beach Club
8480,"Streelman, Kevin",897,Memorial Park Golf Course,sg_ott,1.6115735196644412,2022-11-13,-0.0043794559842859765,925,Dunes Golf and Beach Club
8480,"Streelman, Kevin",899,The Summit Club,sg_ott,0.7590363286635429,2021-10-17,-0.005160680280695706,925,Dunes Golf and Beach Club
8480,"Streelman, Kevin",2000,Sherwood Country Club,sg_ott,0.5311527475801966,2020-10-25,0.0024508986560845217,925,Dunes Golf and Beach Club
8480,"Streelman, Kevin",534,Bellerive CC,sg_ott,0.12505807897591256,2018-08-12,7.284174817497942e-05,925,Dunes Golf and Beach Club
8480,"Streelman, Kevin",8,Trump National Doral - Blue Monster Course,sg_ott,0.06295302971270678,2014-03-09,4.609042863577925e-05,925,Dunes Golf and Beach Club
8480,"Streelman, Kevin",505,Cherry Hills CC,sg_ott,0.05654572710431851,2014-09-07,0.0003014754094410086,925,Dunes Golf and Beach Club
8480,"Streelman, Kevin",688,East Lake Golf Club,sg_ott,0.053217585072653936,2013-09-22,0.00027970314271153526,925,Dunes Golf and Beach Club
8480,"Streelman, Kevin",671,Valhalla Golf Club,sg_ott,0.027492203614278652,2014-08-10,0.0001383789684037155,925,Dunes Golf and Beach Club
8480,"Streelman, Kevin",713,Grayhawk GC (Raptor),sg_ott,0.011417014821805942,2009-10-25,-4.7908632737463125e-06,925,Dunes Golf and Beach Club
8480,"Streelman, Kevin",625,LaCantera GC (Resort),sg_ott,0.006547279632551801,2008-10-12,-8.355293909201463e-06,925,Dunes Golf and Beach Club
8480,"Streelman, Kevin",510,TPC Scottsdale (Stadium Course),sg_putt,5.153947526878467,2025-02-09,-0.011148366849165392,925,Dunes Golf and Beach Club
8480,"Streelman, Kevin",503,TPC River Highlands,sg_putt,3.4335707282790278,2023-06-25,0.006896595443764324,925,Dunes Golf and Beach Club
8480,"Streelman, Kevin",872,Quail Hollow Club,sg_putt,2.4018099100576618,2023-05-07,0.0007622273387411631,925,Dunes Golf and Beach Club
8480,"Streelman, Kevin",925,Dunes Golf and Beach Club,sg_putt,1.939236543069373,2024-05-12,-0.0003872859542714426,925,Dunes Golf and Beach Club
8480,"Streelman, Kevin",744,Torrey Pines (South),sg_putt,0.6738783736492048,2021-06-20,0.004520764122737527,925,Dunes Golf and Beach Club
8480,"Streelman, Kevin",895,TPC Harding Park,sg_putt,0.491788939699716,2020-08-09,0.001515159711350379,925,Dunes Golf and Beach Club
8480,"Streelman, Kevin",505,Cherry Hills CC,sg_putt,0.05654572710431851,2014-09-07,-5.1199931531664647e-05,925,Dunes Golf and Beach Club
8480,"Streelman, Kevin",526,Cog Hill G&CC,sg_putt,0.0131846020866175,2010-09-12,1.0939589388152463e-06,925,Dunes Golf and Beach Club
8480,"Streelman, Kevin",801,The Club at Indian Creek,sg_total,1.528286511296398,2025-08-10,-0.02480278895999651,925,Dunes Golf and Beach Club
8480,"Streelman, Kevin",82,Greystone Golf & Country Club,sg_total,1.5070395757194344,2025-07-27,-0.014412061453689283,925,Dunes Golf and Beach Club
8480,"Streelman, Kevin",778,Royal St. George's GC,sg_total,0.7019837618347724,2021-07-18,0.008843698349264113,925,Dunes Golf and Beach Club
8480,"Streelman, Kevin",558,Oak Hill CC,sg_total,0.03820818043128292,2013-08-11,0.0008118740735627726,925,Dunes Golf and Beach Club
8480,"Streelman, Kevin",763,PGA West (Nicklaus),sg_total,0.035857360953440436,2015-01-25,-0.00027097233487772437,925,Dunes Golf and Beach Club
29279,"Suber, Jackson",6,Waialae Country Club,sg_app,2.477609938771197,2025-01-12,0.03917427354079644,925,Dunes Golf and Beach Club
29279,"Suber, Jackson",925,Dunes Golf and Beach Club,sg_app,1.395352652142062,2025-05-11,-0.009704310828772407,925,Dunes Golf and Beach Club
29279,"Suber, Jackson",925,Dunes Golf and Beach Club,sg_arg,1.395352652142062,2025-05-11,-0.00698511391108835,925,Dunes Golf and Beach Club
29279,"Suber, Jackson",897,Memorial Park Golf Course,sg_ott,6.5267747463261845,2026-03-29,0.0032306023310083648,925,Dunes Golf and Beach Club
29279,"Suber, Jackson",876,Detroit Golf Club,sg_ott,2.93085550347733,2025-06-29,0.008395682991449382,925,Dunes Golf and Beach Club
29279,"Suber, Jackson",935,TPC Toronto at Osprey Valley (North Course),sg_ott,2.869949291417773,2025-06-08,-0.003979301827613732,925,Dunes Golf and Beach Club
29279,"Suber, Jackson",669,TPC Deere Run,sg_ott,1.4757217329011822,2025-07-06,0.0023064057758486393,925,Dunes Golf and Beach Club
29279,"Suber, Jackson",925,Dunes Golf and Beach Club,sg_ott,1.395352652142062,2025-05-11,-0.03349593802849758,925,Dunes Golf and Beach Club
29279,"Suber, Jackson",925,Dunes Golf and Beach Club,sg_putt,1.395352652142062,2025-05-11,-0.013880137075397078,925,Dunes Golf and Beach Club
29279,"Suber, Jackson",735,Fundadores Course,sg_total,4.994626364616662,2026-02-08,0.06730766968672537,925,Dunes Golf and Beach Club
29279,"Suber, Jackson",86,Norwood Hills Country Club,sg_total,3.625212502616173,2024-08-18,0.00496917095676573,925,Dunes Golf and Beach Club
29279,"Suber, Jackson",82,Greystone Golf & Country Club,sg_total,3.549876833156068,2024-07-28,0.026861631243960654,925,Dunes Golf and Beach Club
29279,"Suber, Jackson",807,Lakewood National Golf Club - Commander Course,sg_total,3.21849193924239,2024-04-21,0.03540170265541517,925,Dunes Golf and Beach Club
29279,"Suber, Jackson",94,Jimmie Austin OU Golf Club,sg_total,2.022419083758766,2024-06-23,0.04209417118399519,925,Dunes Golf and Beach Club
29279,"Suber, Jackson",801,The Club at Indian Creek,sg_total,1.7999623129625122,2024-08-11,-0.012382716661064226,925,Dunes Golf and Beach Club
29279,"Suber, Jackson",69,The Grove,sg_total,0.7642557309573301,2023-09-17,-0.03240032812266566,925,Dunes Golf and Beach Club
13997,"Svensson, Adam",6,Waialae Country Club,sg_app,10.09452037883562,2026-01-18,0.030417886846161285,925,Dunes Golf and Beach Club
13997,"Svensson, Adam",12,Harbour Town Golf Links,sg_app,4.1198380633896585,2024-04-21,0.021695834865408693,925,Dunes Golf and Beach Club
13997,"Svensson, Adam",925,Dunes Golf and Beach Club,sg_app,2.790705304284124,2025-05-11,-0.060806864552818425,925,Dunes Golf and Beach Club
13997,"Svensson, Adam",734,PGA National Resort (The Champion),sg_app,2.4056202786952423,2023-02-26,0.006665610588196671,925,Dunes Golf and Beach Club
13997,"Svensson, Adam",43,The Los Angeles Country Club (North Course),sg_app,1.3955580360406135,2023-06-18,-0.014396849981848646,925,Dunes Golf and Beach Club
13997,"Svensson, Adam",908,Oakdale Golf & Country Club,sg_app,0.6929116206601148,2023-06-11,-0.014431067450430813,925,Dunes Golf and Beach Club
13997,"Svensson, Adam",925,Dunes Golf and Beach Club,sg_arg,2.790705304284124,2025-05-11,-0.0024859200269556837,925,Dunes Golf and Beach Club
13997,"Svensson, Adam",528,Pinehurst Resort & Country Club (Course No. 2),sg_arg,2.008311584027092,2024-06-16,0.0038414258015244747,925,Dunes Golf and Beach Club
13997,"Svensson, Adam",671,Valhalla Golf Club,sg_arg,1.9528588212201292,2024-05-19,0.0008805871672017818,925,Dunes Golf and Beach Club
13997,"Svensson, Adam",897,Memorial Park Golf Course,sg_ott,7.974445512546713,2026-03-29,-0.0265048473003261,925,Dunes Golf and Beach Club
13997,"Svensson, Adam",669,TPC Deere Run,sg_ott,7.743287118979053,2025-07-06,-0.005940429432660598,925,Dunes Golf and Beach Club
13997,"Svensson, Adam",876,Detroit Golf Club,sg_ott,5.074174215255277,2025-06-29,0.0018593934298856173,925,Dunes Golf and Beach Club
13997,"Svensson, Adam",538,TPC Summerlin,sg_ott,4.3016122477681416,2024-10-20,-0.0033804500431999767,925,Dunes Golf and Beach Club
13997,"Svensson, Adam",925,Dunes Golf and Beach Club,sg_ott,2.790705304284124,2025-05-11,0.018162699727942114,925,Dunes Golf and Beach Club
13997,"Svensson, Adam",734,PGA National Resort (The Champion),sg_ott,2.4056202786952423,2023-02-26,-0.0010422194907290336,925,Dunes Golf and Beach Club
13997,"Svensson, Adam",874,Hamilton Golf & Country Club,sg_ott,2.140828300395208,2024-06-02,0.014629062714513547,925,Dunes Golf and Beach Club
13997,"Svensson, Adam",528,Pinehurst Resort & Country Club (Course No. 2),sg_ott,2.008311584027092,2024-06-16,0.004682155972297414,925,Dunes Golf and Beach Club
13997,"Svensson, Adam",671,Valhalla Golf Club,sg_ott,1.9528588212201292,2024-05-19,0.006326934385668948,925,Dunes Golf and Beach Club
13997,"Svensson, Adam",935,TPC Toronto at Osprey Valley (North Course),sg_ott,1.4349746457088866,2025-06-08,-0.0164035190773602,925,Dunes Golf and Beach Club
13997,"Svensson, Adam",908,Oakdale Golf & Country Club,sg_ott,0.6929116206601148,2023-06-11,0.00024629044507695644,925,Dunes Golf and Beach Club
13997,"Svensson, Adam",510,TPC Scottsdale (Stadium Course),sg_putt,4.0484143654952875,2025-02-09,-0.005267723652178798,925,Dunes Golf and Beach Club
13997,"Svensson, Adam",503,TPC River Highlands,sg_putt,3.864371919320111,2024-06-23,0.01348605156208216,925,Dunes Golf and Beach Club
13997,"Svensson, Adam",872,Quail Hollow Club,sg_putt,3.432313980137387,2024-05-12,-0.01087696238578007,925,Dunes Golf and Beach Club
13997,"Svensson, Adam",925,Dunes Golf and Beach Club,sg_putt,2.790705304284124,2025-05-11,-0.018822092486076476,925,Dunes Golf and Beach Club
13997,"Svensson, Adam",801,The Club at Indian Creek,sg_total,0.7497745649567242,2021-08-15,-0.0020003429753074624,925,Dunes Golf and Beach Club
13997,"Svensson, Adam",82,Greystone Golf & Country Club,sg_total,0.6598744832905258,2021-05-30,0.014882374910022072,925,Dunes Golf and Beach Club
13997,"Svensson, Adam",69,The Grove,sg_total,0.6461616082735558,2021-05-09,-0.004360211893148114,925,Dunes Golf and Beach Club
13997,"Svensson, Adam",807,Lakewood National Golf Club - Commander Course,sg_total,0.41283567816757105,2020-02-16,0.0028218049131907563,925,Dunes Golf and Beach Club
13997,"Svensson, Adam",735,Fundadores Course,sg_total,0.22075749485601273,2020-02-09,-0.009874097938500548,925,Dunes Golf and Beach Club
26850,"Svensson, Jesper",885,Royal Portrush Golf Club,sg_app,2.993054270314261,2025-07-20,0.02396557250871293,925,Dunes Golf and Beach Club
26850,"Svensson, Jesper",925,Dunes Golf and Beach Club,sg_app,2.790705304284124,2025-05-11,0.028158013159128685,925,Dunes Golf and Beach Club
26850,"Svensson, Jesper",6,Waialae Country Club,sg_app,2.477609938771197,2025-01-12,-0.014943539019236845,925,Dunes Golf and Beach Club
26850,"Svensson, Jesper",977,The Renaissance Club,sg_arg,2.9721760494477594,2025-07-13,-0.0022622053543029847,925,Dunes Golf and Beach Club
26850,"Svensson, Jesper",925,Dunes Golf and Beach Club,sg_arg,2.790705304284124,2025-05-11,-0.009438123127736175,925,Dunes Golf and Beach Club
26850,"Svensson, Jesper",897,Memorial Park Golf Course,sg_ott,6.5267747463261845,2026-03-29,-0.013889815105615492,925,Dunes Golf and Beach Club
26850,"Svensson, Jesper",885,Royal Portrush Golf Club,sg_ott,2.993054270314261,2025-07-20,0.03861764270298291,925,Dunes Golf and Beach Club
26850,"Svensson, Jesper",669,TPC Deere Run,sg_ott,2.9514434658023645,2025-07-06,-0.004317533413590968,925,Dunes Golf and Beach Club
26850,"Svensson, Jesper",935,TPC Toronto at Osprey Valley (North Course),sg_ott,2.869949291417773,2025-06-08,-0.007675856687622231,925,Dunes Golf and Beach Club
26850,"Svensson, Jesper",925,Dunes Golf and Beach Club,sg_ott,2.790705304284124,2025-05-11,0.016309532474779724,925,Dunes Golf and Beach Club
26850,"Svensson, Jesper",876,Detroit Golf Club,sg_ott,1.465427751738665,2025-06-29,0.0015985665151081467,925,Dunes Golf and Beach Club
26850,"Svensson, Jesper",925,Dunes Golf and Beach Club,sg_putt,2.790705304284124,2025-05-11,-0.05989845771206291,925,Dunes Golf and Beach Club
26850,"Svensson, Jesper",510,TPC Scottsdale (Stadium Course),sg_putt,2.54796336871193,2025-02-09,-0.023481603576972977,925,Dunes Golf and Beach Club
26850,"Svensson, Jesper",4817,national gc,sg_total,3.988017982013492,2026-05-03,-0.034448792036862456,925,Dunes Golf and Beach Club
26850,"Svensson, Jesper",4585,k club,sg_total,3.143366505553382,2025-09-07,-0.05197906245950731,925,Dunes Golf and Beach Club
26850,"Svensson, Jesper",4582,furesø golf klub,sg_total,3.0780440948303034,2025-08-17,-0.023600065025943744,925,Dunes Golf and Beach Club
26850,"Svensson, Jesper",4558,gary player cc,sg_total,2.3923935762510453,2024-12-08,-0.0037193416440268402,925,Dunes Golf and Beach Club
26850,"Svensson, Jesper",4406,real club de golf sotogrande,sg_total,2.2779920181181663,2024-10-20,-0.00938787109848816,925,Dunes Golf and Beach Club
26850,"Svensson, Jesper",4402,le golf national,sg_total,2.2621017547981483,2024-10-13,0.01213988643217151,925,Dunes Golf and Beach Club
26850,"Svensson, Jesper",4372,al hamra gc,sg_total,1.7459422148207733,2024-01-28,0.008981835772118254,925,Dunes Golf and Beach Club
26850,"Svensson, Jesper",4371,emirates gc,sg_total,1.7337632952660171,2024-01-21,0.022942746174563284,925,Dunes Golf and Beach Club
26850,"Svensson, Jesper",4583,brabazon course at the belfry,sg_total,1.549832995922162,2025-08-24,-0.01063668357426391,925,Dunes Golf and Beach Club
26850,"Svensson, Jesper",4397,old course st andrews,sg_total,1.1231611674583626,2024-10-06,-0.010748466251089318,925,Dunes Golf and Beach Club
26850,"Svensson, Jesper",4383,green eagle golf courses,sg_total,0.9901955605618868,2024-06-02,-0.030095203968391306,925,Dunes Golf and Beach Club
26850,"Svensson, Jesper",4367,leopard creek cc,sg_total,0.8312266152481768,2023-12-10,-0.0018251116651298099,925,Dunes Golf and Beach Club
26850,"Svensson, Jesper",3919,dutch,sg_total,0.722740068909058,2021-08-29,0.009206635601598422,925,Dunes Golf and Beach Club
26850,"Svensson, Jesper",4094,outeniqua,sg_total,0.2137389218736616,2022-02-13,-0.0032867473157811803,925,Dunes Golf and Beach Club
27364,"Thompson, Davis",6,Waialae Country Club,sg_app,4.1568471578405415,2025-01-12,-0.010706558532504754,925,Dunes Golf and Beach Club
27364,"Thompson, Davis",12,Harbour Town Golf Links,sg_app,4.043061668574357,2025-04-20,-0.02402021799218502,925,Dunes Golf and Beach Club
27364,"Thompson, Davis",709,Royal Troon,sg_app,2.0798470578290473,2024-07-21,-0.03800020925403602,925,Dunes Golf and Beach Club
27364,"Thompson, Davis",925,Dunes Golf and Beach Club,sg_app,1.939236543069373,2024-05-12,0.05393748294704414,925,Dunes Golf and Beach Club
27364,"Thompson, Davis",885,Royal Portrush Golf Club,sg_app,1.4965271351571305,2025-07-20,-0.04391920445773725,925,Dunes Golf and Beach Club
27364,"Thompson, Davis",43,The Los Angeles Country Club (North Course),sg_app,0.6977790180203067,2023-06-18,-0.007526600748175465,925,Dunes Golf and Beach Club
27364,"Thompson, Davis",379,The Philadelphia Cricket Club (Wissahickon Course),sg_arg,2.790705304284124,2025-05-11,0.004217649020869777,925,Dunes Golf and Beach Club
27364,"Thompson, Davis",939,Torrey Pines Golf Course (South Course),sg_arg,2.5658616833092793,2025-02-16,0.0035790195860730158,925,Dunes Golf and Beach Club
27364,"Thompson, Davis",709,Royal Troon,sg_arg,2.0798470578290473,2024-07-21,-0.0203031604396213,925,Dunes Golf and Beach Club
27364,"Thompson, Davis",977,The Renaissance Club,sg_arg,2.0653389659870176,2024-07-14,0.009387601381256465,925,Dunes Golf and Beach Club
27364,"Thompson, Davis",528,Pinehurst Resort & Country Club (Course No. 2),sg_arg,2.008311584027092,2024-06-16,0.01945650033558047,925,Dunes Golf and Beach Club
27364,"Thompson, Davis",925,Dunes Golf and Beach Club,sg_arg,1.939236543069373,2024-05-12,0.006455780073319388,925,Dunes Golf and Beach Club
27364,"Thompson, Davis",897,Memorial Park Golf Course,sg_ott,7.584150670188378,2026-03-29,-0.0032647603099908258,925,Dunes Golf and Beach Club
27364,"Thompson, Davis",876,Detroit Golf Club,sg_ott,7.066093459845178,2025-06-29,0.024160884904095944,925,Dunes Golf and Beach Club
27364,"Thompson, Davis",669,TPC Deere Run,sg_ott,6.427550182714562,2025-07-06,0.008197471702203816,925,Dunes Golf and Beach Club
27364,"Thompson, Davis",538,TPC Summerlin,sg_ott,4.934596749322286,2024-10-20,0.007344058993611317,925,Dunes Golf and Beach Club
27364,"Thompson, Davis",709,Royal Troon,sg_ott,2.0798470578290473,2024-07-21,0.006889536169820435,925,Dunes Golf and Beach Club
27364,"Thompson, Davis",528,Pinehurst Resort & Country Club (Course No. 2),sg_ott,2.008311584027092,2024-06-16,-0.0008445618392903565,925,Dunes Golf and Beach Club
27364,"Thompson, Davis",925,Dunes Golf and Beach Club,sg_ott,1.939236543069373,2024-05-12,0.01167062665013692,925,Dunes Golf and Beach Club
27364,"Thompson, Davis",885,Royal Portrush Golf Club,sg_ott,1.4965271351571305,2025-07-20,-0.025246595631012256,925,Dunes Golf and Beach Club
27364,"Thompson, Davis",874,Hamilton Golf & Country Club,sg_ott,0.9901955605618868,2024-06-02,0.007522544774809952,925,Dunes Golf and Beach Club
27364,"Thompson, Davis",510,TPC Scottsdale (Stadium Course),sg_putt,8.600401402750599,2026-02-08,-0.023448049099404532,925,Dunes Golf and Beach Club
27364,"Thompson, Davis",503,TPC River Highlands,sg_putt,3.9523977957882748,2025-06-22,-0.02529304935995927,925,Dunes Golf and Beach Club
27364,"Thompson, Davis",925,Dunes Golf and Beach Club,sg_putt,1.939236543069373,2024-05-12,0.011405726282763375,925,Dunes Golf and Beach Club
27364,"Thompson, Davis",872,Quail Hollow Club,sg_putt,0.6690792138972153,2023-05-07,-0.0007513914232690526,925,Dunes Golf and Beach Club
27364,"Thompson, Davis",82,Greystone Golf & Country Club,sg_total,0.9496083534842603,2022-05-29,0.018832565848879535,925,Dunes Golf and Beach Club
27364,"Thompson, Davis",807,Lakewood National Golf Club - Commander Course,sg_total,0.8609613726820703,2022-02-20,-0.007773185824503638,925,Dunes Golf and Beach Club
27364,"Thompson, Davis",801,The Club at Indian Creek,sg_total,0.5128084889284494,2022-08-14,-0.00629791344845044,925,Dunes Golf and Beach Club
27364,"Thompson, Davis",69,The Grove,sg_total,0.4649372543226833,2022-05-08,-0.007881304632658908,925,Dunes Golf and Beach Club
12425,"Todd, Brendon",6,Waialae Country Club,sg_app,6.141684294312883,2025-01-12,0.013768458267788043,925,Dunes Golf and Beach Club
12425,"Todd, Brendon",12,Harbour Town Golf Links,sg_app,5.169296947887446,2024-04-21,0.016781589727790296,925,Dunes Golf and Beach Club
12425,"Todd, Brendon",709,Royal Troon,sg_app,2.0798470578290473,2024-07-21,0.060877148797162606,925,Dunes Golf and Beach Club
12425,"Todd, Brendon",908,Oakdale Golf & Country Club,sg_app,1.3858232413202296,2023-06-11,0.015922198096345413,925,Dunes Golf and Beach Club
12425,"Todd, Brendon",734,PGA National Resort (The Champion),sg_app,0.9577662701523423,2022-02-27,-0.01091404325944316,925,Dunes Golf and Beach Club
12425,"Todd, Brendon",744,Torrey Pines (South),sg_app,0.3369391868246024,2021-06-20,-4.8939617955852694e-05,925,Dunes Golf and Beach Club
12425,"Todd, Brendon",666,Pebble Beach Golf Links,sg_app,0.16156417942495857,2019-06-16,0.002564833547232685,925,Dunes Golf and Beach Club
12425,"Todd, Brendon",24,Congressional CC (Blue),sg_app,0.11481805518054138,2014-06-29,0.0011875717296534857,925,Dunes Golf and Beach Club
12425,"Todd, Brendon",789,Conway Farms GC,sg_app,0.08252073871400997,2015-09-20,0.0005200139717720465,925,Dunes Golf and Beach Club
12425,"Todd, Brendon",505,Cherry Hills CC,sg_app,0.05654572710431851,2014-09-07,0.0007605976940427855,925,Dunes Golf and Beach Club
12425,"Todd, Brendon",706,Whistling Straits,sg_app,0.03984123612791175,2015-08-16,-0.00020301322885671902,925,Dunes Golf and Beach Club
12425,"Todd, Brendon",713,Grayhawk GC (Raptor),sg_app,0.004777428636195781,2009-10-25,-0.00020047904546788764,925,Dunes Golf and Beach Club
12425,"Todd, Brendon",709,Royal Troon,sg_arg,2.0798470578290473,2024-07-21,-0.005409401231643516,925,Dunes Golf and Beach Club
12425,"Todd, Brendon",977,The Renaissance Club,sg_arg,2.0653389659870176,2024-07-14,-0.0006388872884242579,925,Dunes Golf and Beach Club
12425,"Todd, Brendon",528,Pinehurst Resort & Country Club (Course No. 2),sg_arg,2.008311584027092,2024-06-16,0.010045741762613292,925,Dunes Golf and Beach Club
12425,"Todd, Brendon",671,Valhalla Golf Club,sg_arg,2.0078432284486865,2024-05-19,0.001660332506225891,925,Dunes Golf and Beach Club
12425,"Todd, Brendon",724,Royal Liverpool,sg_arg,1.4452674068973541,2023-07-23,-0.006780024368786158,925,Dunes Golf and Beach Club
12425,"Todd, Brendon",891,Winged Foot GC,sg_arg,0.512883969923526,2020-09-20,-0.0005307446669554342,925,Dunes Golf and Beach Club
12425,"Todd, Brendon",666,Pebble Beach Golf Links,sg_arg,0.16156417942495857,2019-06-16,0.0007328802869089316,925,Dunes Golf and Beach Club
12425,"Todd, Brendon",24,Congressional CC (Blue),sg_arg,0.11481805518054138,2014-06-29,0.00039511980516344013,925,Dunes Golf and Beach Club
12425,"Todd, Brendon",698,Quail Hollow Club,sg_arg,0.09696492946605265,2016-05-08,0.0006820566850931697,925,Dunes Golf and Beach Club
12425,"Todd, Brendon",235,Eagle Point Golf Club,sg_arg,0.07480632644473585,2017-05-07,-2.8707653889848556e-05,925,Dunes Golf and Beach Club
12425,"Todd, Brendon",609,Annandale GC,sg_arg,0.06341295556269007,2013-07-21,-8.265682565269364e-05,925,Dunes Golf and Beach Club
12425,"Todd, Brendon",649,Hualalai Golf Course,sg_arg,0.049538363913666256,2015-01-25,-7.816906543356898e-06,925,Dunes Golf and Beach Club
12425,"Todd, Brendon",713,Grayhawk GC (Raptor),sg_arg,0.004777428636195781,2009-10-25,-6.608819435914959e-05,925,Dunes Golf and Beach Club
12425,"Todd, Brendon",669,TPC Deere Run,sg_ott,5.080652585151657,2024-07-07,0.006463258882626452,925,Dunes Golf and Beach Club
12425,"Todd, Brendon",876,Detroit Golf Club,sg_ott,3.250109668867543,2024-06-30,-0.00457609992047049,925,Dunes Golf and Beach Club
12425,"Todd, Brendon",538,TPC Summerlin,sg_ott,2.5021462880858194,2024-10-20,0.009722060277669132,925,Dunes Golf and Beach Club
12425,"Todd, Brendon",709,Royal Troon,sg_ott,2.0798470578290473,2024-07-21,-0.003857357395688836,925,Dunes Golf and Beach Club
12425,"Todd, Brendon",528,Pinehurst Resort & Country Club (Course No. 2),sg_ott,2.008311584027092,2024-06-16,-0.006086428859829167,925,Dunes Golf and Beach Club
12425,"Todd, Brendon",671,Valhalla Golf Club,sg_ott,2.0078432284486865,2024-05-19,-0.007377263033859052,925,Dunes Golf and Beach Club
12425,"Todd, Brendon",908,Oakdale Golf & Country Club,sg_ott,1.3858232413202296,2023-06-11,0.0012776649865920144,925,Dunes Golf and Beach Club
12425,"Todd, Brendon",734,PGA National Resort (The Champion),sg_ott,0.9577662701523423,2022-02-27,0.00021006191552358828,925,Dunes Golf and Beach Club
12425,"Todd, Brendon",688,East Lake Golf Club,sg_ott,0.563202565620293,2020-09-07,0.0038368143510805505,925,Dunes Golf and Beach Club
12425,"Todd, Brendon",2000,Sherwood Country Club,sg_ott,0.5311527475801966,2020-10-25,-0.0008167141975679777,925,Dunes Golf and Beach Club
12425,"Todd, Brendon",240,Club de Golf Chapultepec,sg_ott,0.41573566603065726,2020-02-23,-0.00022791695694000325,925,Dunes Golf and Beach Club
12425,"Todd, Brendon",874,Hamilton Golf & Country Club,sg_ott,0.16043717927143472,2019-06-09,0.0005930752805109542,925,Dunes Golf and Beach Club
12425,"Todd, Brendon",8,Trump National Doral - Blue Monster Course,sg_ott,0.0678330568375981,2015-03-08,-0.0002250742520706128,925,Dunes Golf and Beach Club
12425,"Todd, Brendon",505,Cherry Hills CC,sg_ott,0.05654572710431851,2014-09-07,-0.0003404733898046279,925,Dunes Golf and Beach Club
12425,"Todd, Brendon",713,Grayhawk GC (Raptor),sg_ott,0.004777428636195781,2009-10-25,2.3804922534500558e-05,925,Dunes Golf and Beach Club
12425,"Todd, Brendon",625,LaCantera GC (Resort),sg_ott,0.004066987118273717,2009-05-17,-1.2131783026171534e-06,925,Dunes Golf and Beach Club
12425,"Todd, Brendon",510,TPC Scottsdale (Stadium Course),sg_putt,5.210534543892267,2025-02-09,0.016524135622415264,925,Dunes Golf and Beach Club
12425,"Todd, Brendon",503,TPC River Highlands,sg_putt,4.513248476661325,2024-06-23,-0.006449234476489408,925,Dunes Golf and Beach Club
12425,"Todd, Brendon",872,Quail Hollow Club,sg_putt,3.5872329894109707,2024-05-12,0.019016332510251765,925,Dunes Golf and Beach Club
12425,"Todd, Brendon",898,The Concession Golf Club,sg_putt,0.6024770902147517,2021-02-28,0.003098364923887223,925,Dunes Golf and Beach Club
12425,"Todd, Brendon",895,TPC Harding Park,sg_putt,0.491788939699716,2020-08-09,0.005786211368550596,925,Dunes Golf and Beach Club
12425,"Todd, Brendon",240,Club de Golf Chapultepec,sg_putt,0.41573566603065726,2020-02-23,-0.003373582185484131,925,Dunes Golf and Beach Club
12425,"Todd, Brendon",744,Torrey Pines (South),sg_putt,0.3369391868246024,2021-06-20,-0.0024577570885313863,925,Dunes Golf and Beach Club
12425,"Todd, Brendon",505,Cherry Hills CC,sg_putt,0.05654572710431851,2014-09-07,-0.000848081748935968,925,Dunes Golf and Beach Club
12425,"Todd, Brendon",778,Royal St. George's GC,sg_total,0.3465068056428854,2021-07-18,-0.003632549457278046,925,Dunes Golf and Beach Club
12425,"Todd, Brendon",763,PGA West (Nicklaus),sg_total,0.0328995654975117,2015-01-25,-0.00019153481189752844,925,Dunes Golf and Beach Club
17032,"Tosti, Alejandro",6,Waialae Country Club,sg_app,4.755729492706095,2026-01-18,-0.0233340430824414,925,Dunes Golf and Beach Club
17032,"Tosti, Alejandro",925,Dunes Golf and Beach Club,sg_app,4.729941847353497,2025-05-11,-0.005385248624727291,925,Dunes Golf and Beach Club
17032,"Tosti, Alejandro",12,Harbour Town Golf Links,sg_app,1.8989371997596496,2024-04-21,0.00620002039039639,925,Dunes Golf and Beach Club
17032,"Tosti, Alejandro",925,Dunes Golf and Beach Club,sg_arg,4.729941847353497,2025-05-11,-0.017721793729439023,925,Dunes Golf and Beach Club
17032,"Tosti, Alejandro",250,Le Golf National,sg_arg,2.109169696172194,2024-08-04,-0.009059409064846995,925,Dunes Golf and Beach Club
17032,"Tosti, Alejandro",671,Valhalla Golf Club,sg_arg,1.9528588212201292,2024-05-19,-0.006380862267601315,925,Dunes Golf and Beach Club
17032,"Tosti, Alejandro",977,The Renaissance Club,sg_arg,1.4860880247238797,2025-07-13,-0.011811164516609728,925,Dunes Golf and Beach Club
17032,"Tosti, Alejandro",897,Memorial Park Golf Course,sg_ott,6.460824183074859,2026-03-29,0.015973073057717408,925,Dunes Golf and Beach Club
17032,"Tosti, Alejandro",925,Dunes Golf and Beach Club,sg_ott,4.729941847353497,2025-05-11,-0.023196536149757186,925,Dunes Golf and Beach Club
17032,"Tosti, Alejandro",669,TPC Deere Run,sg_ott,2.5011877709849633,2025-07-06,-0.0006535724589507888,925,Dunes Golf and Beach Club
17032,"Tosti, Alejandro",538,TPC Summerlin,sg_ott,2.2779920181181663,2024-10-20,0.018650180482638588,925,Dunes Golf and Beach Club
17032,"Tosti, Alejandro",250,Le Golf National,sg_ott,2.109169696172194,2024-08-04,0.006287402968436903,925,Dunes Golf and Beach Club
17032,"Tosti, Alejandro",876,Detroit Golf Club,sg_ott,1.974584172346214,2025-06-29,-0.00014300230255224466,925,Dunes Golf and Beach Club
17032,"Tosti, Alejandro",671,Valhalla Golf Club,sg_ott,1.9528588212201292,2024-05-19,0.0026140699813077123,925,Dunes Golf and Beach Club
17032,"Tosti, Alejandro",935,TPC Toronto at Osprey Valley (North Course),sg_ott,1.4349746457088866,2025-06-08,0.0010120171238349406,925,Dunes Golf and Beach Club
17032,"Tosti, Alejandro",925,Dunes Golf and Beach Club,sg_putt,4.729941847353497,2025-05-11,0.011005640243107193,925,Dunes Golf and Beach Club
17032,"Tosti, Alejandro",510,TPC Scottsdale (Stadium Course),sg_putt,1.8333541912663045,2026-02-08,-0.021427677123267253,925,Dunes Golf and Beach Club
17032,"Tosti, Alejandro",86,Norwood Hills Country Club,sg_total,1.4863067640881829,2023-08-20,-0.017447433051063218,925,Dunes Golf and Beach Club
17032,"Tosti, Alejandro",801,The Club at Indian Creek,sg_total,1.475938946436567,2023-08-13,0.038491404778163915,925,Dunes Golf and Beach Club
17032,"Tosti, Alejandro",82,Greystone Golf & Country Club,sg_total,1.455419770563014,2023-07-30,0.00723071627947243,925,Dunes Golf and Beach Club
17032,"Tosti, Alejandro",807,Lakewood National Golf Club - Commander Course,sg_total,1.31955473948274,2023-04-23,0.011080251921574958,925,Dunes Golf and Beach Club
17032,"Tosti, Alejandro",735,Fundadores Course,sg_total,0.3075861710303276,2023-02-12,0.007240778658528943,925,Dunes Golf and Beach Club
23816,"Valimaki, Sami",12,Harbour Town Golf Links,sg_app,6.665286297019238,2026-04-19,0.03459821168485124,925,Dunes Golf and Beach Club
23816,"Valimaki, Sami",925,Dunes Golf and Beach Club,sg_app,3.7603235758188105,2025-05-11,0.012798878257661102,925,Dunes Golf and Beach Club
23816,"Valimaki, Sami",709,Royal Troon,sg_app,1.0399235289145237,2024-07-21,-0.011713004288779392,925,Dunes Golf and Beach Club
23816,"Valimaki, Sami",6,Waialae Country Club,sg_app,0.8608346652298133,2024-01-14,-0.006003980686387085,925,Dunes Golf and Beach Club
23816,"Valimaki, Sami",977,The Renaissance Club,sg_arg,6.430372702889413,2025-07-13,0.0037889388105853124,925,Dunes Golf and Beach Club
23816,"Valimaki, Sami",925,Dunes Golf and Beach Club,sg_arg,3.7603235758188105,2025-05-11,0.025188838715251308,925,Dunes Golf and Beach Club
23816,"Valimaki, Sami",250,Le Golf National,sg_arg,2.109169696172194,2024-08-04,0.0045496913837450295,925,Dunes Golf and Beach Club
23816,"Valimaki, Sami",724,Royal Liverpool,sg_arg,1.4452674068973541,2023-07-23,0.003969600086939033,925,Dunes Golf and Beach Club
23816,"Valimaki, Sami",709,Royal Troon,sg_arg,1.0399235289145237,2024-07-21,0.006727388845425918,925,Dunes Golf and Beach Club
23816,"Valimaki, Sami",671,Valhalla Golf Club,sg_arg,0.9764294106100646,2024-05-19,0.008980297470382736,925,Dunes Golf and Beach Club
23816,"Valimaki, Sami",887,Kasumigaseki Country Club,sg_arg,0.7027840352282995,2021-08-01,0.004658697092121692,925,Dunes Golf and Beach Club
23816,"Valimaki, Sami",876,Detroit Golf Club,sg_ott,3.949168344692428,2025-06-29,-0.009129844364882232,925,Dunes Golf and Beach Club
23816,"Valimaki, Sami",925,Dunes Golf and Beach Club,sg_ott,3.7603235758188105,2025-05-11,-0.002430811223005734,925,Dunes Golf and Beach Club
23816,"Valimaki, Sami",669,TPC Deere Run,sg_ott,3.526653809068744,2025-07-06,-0.0002854212662180071,925,Dunes Golf and Beach Club
23816,"Valimaki, Sami",897,Memorial Park Golf Course,sg_ott,2.675922982761387,2025-03-30,0.011290085591666322,925,Dunes Golf and Beach Club
23816,"Valimaki, Sami",250,Le Golf National,sg_ott,2.109169696172194,2024-08-04,-0.018190135212896186,925,Dunes Golf and Beach Club
23816,"Valimaki, Sami",874,Hamilton Golf & Country Club,sg_ott,1.9803911211237737,2024-06-02,0.004891309136219729,925,Dunes Golf and Beach Club
23816,"Valimaki, Sami",538,TPC Summerlin,sg_ott,1.1389960090590832,2024-10-20,-0.01045005444014077,925,Dunes Golf and Beach Club
23816,"Valimaki, Sami",709,Royal Troon,sg_ott,1.0399235289145237,2024-07-21,-0.01383056430358807,925,Dunes Golf and Beach Club
23816,"Valimaki, Sami",671,Valhalla Golf Club,sg_ott,0.9764294106100646,2024-05-19,-0.004888157671830373,925,Dunes Golf and Beach Club
23816,"Valimaki, Sami",887,Kasumigaseki Country Club,sg_ott,0.7027840352282995,2021-08-01,-0.0031846759215233434,925,Dunes Golf and Beach Club
23816,"Valimaki, Sami",510,TPC Scottsdale (Stadium Course),sg_putt,6.711247376333978,2026-02-08,-0.005046574388201991,925,Dunes Golf and Beach Club
23816,"Valimaki, Sami",925,Dunes Golf and Beach Club,sg_putt,3.7603235758188105,2025-05-11,0.007674176717564179,925,Dunes Golf and Beach Club
23816,"Valimaki, Sami",4584,crans-sur-sierre gc,sg_total,3.121439773112137,2025-08-31,0.0831691462527923,925,Dunes Golf and Beach Club
23816,"Valimaki, Sami",4582,furesø golf klub,sg_total,3.0780440948303034,2025-08-17,0.032725741406039566,925,Dunes Golf and Beach Club
23816,"Valimaki, Sami",4226,wentworth golf club,sg_total,3.0570229238293205,2023-09-17,-0.04211731966691049,925,Dunes Golf and Beach Club
23816,"Valimaki, Sami",4223,albatross golf resort,sg_total,2.993494822137249,2023-08-27,0.035426744889145705,925,Dunes Golf and Beach Club
23816,"Valimaki, Sami",4558,gary player cc,sg_total,2.3923935762510453,2024-12-08,-0.04264078988180938,925,Dunes Golf and Beach Club
23816,"Valimaki, Sami",4183,mont choisy le golf,sg_total,2.3266780989428124,2022-12-18,0.026671255029147068,925,Dunes Golf and Beach Club
23816,"Valimaki, Sami",4415,doha gc,sg_total,1.5940761643380565,2023-10-29,0.027435232745112365,925,Dunes Golf and Beach Club
23816,"Valimaki, Sami",4225,k club,sg_total,1.5178492429848702,2023-09-10,0.007584357352529511,925,Dunes Golf and Beach Club
23816,"Valimaki, Sami",4189,amata spring cc,sg_total,1.2389873108128833,2023-02-19,0.01192165270667001,925,Dunes Golf and Beach Club
23816,"Valimaki, Sami",3930,wentworth golf club,sg_total,1.0475368400346075,2020-10-11,0.012460040952863394,925,Dunes Golf and Beach Club
23816,"Valimaki, Sami",4000,mount juliet estate,sg_total,0.9834331265090592,2022-07-03,0.008997692245212498,925,Dunes Golf and Beach Club
23816,"Valimaki, Sami",4111,pga catalunya resort,sg_total,0.923388115945381,2022-05-01,0.012479803498407957,925,Dunes Golf and Beach Club
23816,"Valimaki, Sami",4032,club at steyn city,sg_total,0.8854089601197873,2022-03-20,0.007243270237609673,925,Dunes Golf and Beach Club
23816,"Valimaki, Sami",4102,al hamra gc,sg_total,0.8549556874946465,2022-02-13,0.002055313126378551,925,Dunes Golf and Beach Club
23816,"Valimaki, Sami",3978,yas links,sg_total,0.8371888230612781,2022-01-23,-0.005047829912021833,925,Dunes Golf and Beach Club
23816,"Valimaki, Sami",3961,london gc,sg_total,0.7126922070915936,2021-08-15,-0.000535754634242431,925,Dunes Golf and Beach Club
23816,"Valimaki, Sami",4186,emirates gc,sg_total,0.6066199358044453,2023-01-29,-0.0074776908022179,925,Dunes Golf and Beach Club
23816,"Valimaki, Sami",4074,pga national cyprus course,sg_total,0.5386411827820234,2020-11-08,0.0022604055757184096,925,Dunes Golf and Beach Club
23816,"Valimaki, Sami",4094,outeniqua,sg_total,0.5348838604730176,2020-11-01,0.006538138221204822,925,Dunes Golf and Beach Club
23816,"Valimaki, Sami",4013,marco simone gc,sg_total,0.5310745779740556,2022-09-18,-0.004111234625306693,925,Dunes Golf and Beach Club
23816,"Valimaki, Sami",3923,renaissance club,sg_total,0.5201148435137036,2020-10-04,-0.0026103134909950584,925,Dunes Golf and Beach Club
23816,"Valimaki, Sami",3937,real club valderrama,sg_total,0.5057536232333764,2020-09-06,0.004135784390304316,925,Dunes Golf and Beach Club
23816,"Valimaki, Sami",3993,bernardus golf,sg_total,0.47480417674213016,2022-05-29,-0.0005187590134277422,925,Dunes Golf and Beach Club
23816,"Valimaki, Sami",3990,brabazon course at the belfry,sg_total,0.4649372543226833,2022-05-08,-0.012160822026448304,925,Dunes Golf and Beach Club
23816,"Valimaki, Sami",4108,infinitum golf lakes course,sg_total,0.4584734847239157,2022-04-24,-0.0029563299520938523,925,Dunes Golf and Beach Club
23816,"Valimaki, Sami",3907,education city gc,sg_total,0.42159689824745733,2020-03-08,0.00237437191909387,925,Dunes Golf and Beach Club
23816,"Valimaki, Sami",3981,emirates gc,sg_total,0.4215348519460188,2022-01-30,-0.01364919402761473,925,Dunes Golf and Beach Club
23816,"Valimaki, Sami",4230,kingsbarns golf links,sg_total,0.39023740277199187,2023-10-08,0.0021196251169358585,925,Dunes Golf and Beach Club
23816,"Valimaki, Sami",3948,club de campo villa de madrid,sg_total,0.37687081371860137,2021-10-10,-0.00351636519027321,925,Dunes Golf and Beach Club
23816,"Valimaki, Sami",3863,green eagle golf courses,sg_total,0.33225490469366614,2021-06-06,-0.0054883338511344405,925,Dunes Golf and Beach Club
23816,"Valimaki, Sami",4193,kingsbarns golf links,sg_total,0.26928095555244996,2022-10-02,0.007505045039073264,925,Dunes Golf and Beach Club
23816,"Valimaki, Sami",4192,carnoustie,sg_total,0.26928095555244996,2022-10-02,0.001919227012176746,925,Dunes Golf and Beach Club
23816,"Valimaki, Sami",3974,carnoustie,sg_total,0.1871209649253546,2021-10-03,-7.924496776549794e-05,925,Dunes Golf and Beach Club
17550,"Van Rooyen, Erik",250,Le Golf National,sg_arg,2.109169696172194,2024-08-04,0.005347162542101631,925,Dunes Golf and Beach Club
17550,"Van Rooyen, Erik",671,Valhalla Golf Club,sg_arg,1.9528588212201292,2024-05-19,-0.0029206704142919694,925,Dunes Golf and Beach Club
17550,"Van Rooyen, Erik",977,The Renaissance Club,sg_arg,1.4351858616238065,2023-07-16,0.0010693757967422605,925,Dunes Golf and Beach Club
17550,"Van Rooyen, Erik",528,Pinehurst Resort & Country Club (Course No. 2),sg_arg,1.004155792013546,2024-06-16,-0.0035774917971828765,925,Dunes Golf and Beach Club
17550,"Van Rooyen, Erik",250,Le Golf National,sg_ott,2.109169696172194,2024-08-04,-0.018954008336656808,925,Dunes Golf and Beach Club
17550,"Van Rooyen, Erik",671,Valhalla Golf Club,sg_ott,1.9528588212201292,2024-05-19,0.004382906592143918,925,Dunes Golf and Beach Club
17550,"Van Rooyen, Erik",528,Pinehurst Resort & Country Club (Course No. 2),sg_ott,1.004155792013546,2024-06-16,0.006238016876423323,925,Dunes Golf and Beach Club
17550,"Van Rooyen, Erik",4586,wentworth golf club,sg_total,6.330894527164671,2025-09-14,0.03787826254140509,925,Dunes Golf and Beach Club
17550,"Van Rooyen, Erik",4585,k club,sg_total,3.143366505553382,2025-09-07,-0.015380931100201499,925,Dunes Golf and Beach Club
17550,"Van Rooyen, Erik",4559,leopard creek cc,sg_total,2.4091990819322615,2024-12-15,-0.020580898465876088,925,Dunes Golf and Beach Club
17550,"Van Rooyen, Erik",4558,gary player cc,sg_total,2.3923935762510453,2024-12-08,0.0026597127843004044,925,Dunes Golf and Beach Club
17550,"Van Rooyen, Erik",4367,leopard creek cc,sg_total,1.6624532304963535,2023-12-10,0.0040978409133102705,925,Dunes Golf and Beach Club
17550,"Van Rooyen, Erik",4584,crans-sur-sierre gc,sg_total,1.5607198865560685,2025-08-31,-0.029882661128130195,925,Dunes Golf and Beach Club
17550,"Van Rooyen, Erik",4225,k club,sg_total,1.5178492429848702,2023-09-10,0.016341443608674396,925,Dunes Golf and Beach Club
17550,"Van Rooyen, Erik",3930,wentworth golf club,sg_total,1.0475368400346075,2020-10-11,-0.000698904445298749,925,Dunes Golf and Beach Club
17550,"Van Rooyen, Erik",3981,emirates gc,sg_total,0.8430697038920376,2022-01-30,0.013746405950028238,925,Dunes Golf and Beach Club
17550,"Van Rooyen, Erik",3978,yas links,sg_total,0.8371888230612781,2022-01-23,0.004010301662608436,925,Dunes Golf and Beach Club
17550,"Van Rooyen, Erik",3923,renaissance club,sg_total,0.5201148435137036,2020-10-04,0.00273362090677374,925,Dunes Golf and Beach Club
17550,"Van Rooyen, Erik",3806,gary player cc,sg_total,0.3769262858581016,2019-11-17,-0.002378967627253292,925,Dunes Golf and Beach Club
17550,"Van Rooyen, Erik",3864,montgomerie maxx royal,sg_total,0.37429701504113466,2019-11-10,0.007703949586388899,925,Dunes Golf and Beach Club
17550,"Van Rooyen, Erik",3801,olgiata gc,sg_total,0.3639620631544307,2019-10-13,0.0043414149646216395,925,Dunes Golf and Beach Club
17550,"Van Rooyen, Erik",3774,doha gc,sg_total,0.29296397232308097,2019-03-10,0.007308032677456707,925,Dunes Golf and Beach Club
17550,"Van Rooyen, Erik",3664,silkeborg ry gc,sg_total,0.24251162323673583,2018-09-02,0.00303668885904537,925,Dunes Golf and Beach Club
17550,"Van Rooyen, Erik",3655,ballyliffin gc,sg_total,0.22930423067864053,2018-07-08,0.008427860108781346,925,Dunes Golf and Beach Club
17550,"Van Rooyen, Erik",3701,gardagolf cc,sg_total,0.2214174071140697,2018-06-03,0.0005512675126595451,925,Dunes Golf and Beach Club
17550,"Van Rooyen, Erik",3656,gullane gc,sg_total,0.11545749568928666,2018-07-15,-0.000343644478592549,925,Dunes Golf and Beach Club
17550,"Van Rooyen, Erik",3797,old course st andrews,sg_total,0.0897255241703572,2019-09-29,0.0032294125636985888,925,Dunes Golf and Beach Club
17550,"Van Rooyen, Erik",3671,carnoustie,sg_total,0.06278745415923806,2018-10-07,4.849674287326226e-05,925,Dunes Golf and Beach Club
17550,"Van Rooyen, Erik",3633,randpark gc bushwillow course,sg_total,0.04646759923060492,2017-12-10,0.003292002458411261,925,Dunes Golf and Beach Club
25319,"VanDerLaan, John",897,Memorial Park Golf Course,sg_ott,1.925425881782399,2026-03-29,0.011036753889394147,925,Dunes Golf and Beach Club
25319,"VanDerLaan, John",510,TPC Scottsdale (Stadium Course),sg_putt,3.666708382532609,2026-02-08,0.00953007422041596,925,Dunes Golf and Beach Club
25319,"VanDerLaan, John",801,The Club at Indian Creek,sg_total,8.806305100857855,2025-08-10,0.031922063353519874,925,Dunes Golf and Beach Club
25319,"VanDerLaan, John",82,Greystone Golf & Country Club,sg_total,6.176601936588936,2025-07-27,0.005377520553064266,925,Dunes Golf and Beach Club
25319,"VanDerLaan, John",807,Lakewood National Golf Club - Commander Course,sg_total,4.907810496622986,2025-04-19,0.0034982148329996726,925,Dunes Golf and Beach Club
25319,"VanDerLaan, John",735,Fundadores Course,sg_total,3.3961428081744374,2025-02-09,-0.018281689997045235,925,Dunes Golf and Beach Club
25319,"VanDerLaan, John",96,Spyglass Hill Golf Course,sg_total,3.2326245488659535,2025-10-05,-0.009960337710853598,925,Dunes Golf and Beach Club
25319,"VanDerLaan, John",97,The Ocean Club Golf Course at Atlantis,sg_total,2.4850539289898466,2025-01-15,0.028876286231984082,925,Dunes Golf and Beach Club
25319,"VanDerLaan, John",69,The Grove,sg_total,2.3402918478762524,2023-09-17,-0.009814314962444486,925,Dunes Golf and Beach Club
25319,"VanDerLaan, John",86,Norwood Hills Country Club,sg_total,2.13890573852799,2024-08-18,-0.005226173834637351,925,Dunes Golf and Beach Club
25319,"VanDerLaan, John",94,Jimmie Austin OU Golf Club,sg_total,2.022419083758766,2024-06-23,0.01182521701485537,925,Dunes Golf and Beach Club
25319,"VanDerLaan, John",109,Holston Hills Country Club,sg_total,1.4150249742130034,2025-05-25,-0.012590147477825601,925,Dunes Golf and Beach Club
15651,"Ventura, Kris",925,Dunes Golf and Beach Club,sg_app,1.395352652142062,2025-05-11,-0.053349870242706196,925,Dunes Golf and Beach Club
15651,"Ventura, Kris",734,PGA National Resort (The Champion),sg_app,0.3076314450668585,2021-03-21,-0.0021770474073661487,925,Dunes Golf and Beach Club
15651,"Ventura, Kris",925,Dunes Golf and Beach Club,sg_arg,1.395352652142062,2025-05-11,0.0018733213706560005,925,Dunes Golf and Beach Club
15651,"Ventura, Kris",897,Memorial Park Golf Course,sg_ott,4.193125032428629,2026-03-29,-0.006500986593836146,925,Dunes Golf and Beach Club
15651,"Ventura, Kris",669,TPC Deere Run,sg_ott,3.2955331934484655,2025-07-06,-0.01072369324072867,925,Dunes Golf and Beach Club
15651,"Ventura, Kris",876,Detroit Golf Club,sg_ott,3.272545013592148,2025-06-29,0.012664358557975805,925,Dunes Golf and Beach Club
15651,"Ventura, Kris",935,TPC Toronto at Osprey Valley (North Course),sg_ott,1.4349746457088866,2025-06-08,-0.006519464241061962,925,Dunes Golf and Beach Club
15651,"Ventura, Kris",925,Dunes Golf and Beach Club,sg_ott,1.395352652142062,2025-05-11,-0.019925126591348558,925,Dunes Golf and Beach Club
15651,"Ventura, Kris",734,PGA National Resort (The Champion),sg_ott,0.3076314450668585,2021-03-21,-0.0015419039363710686,925,Dunes Golf and Beach Club
15651,"Ventura, Kris",510,TPC Scottsdale (Stadium Course),sg_putt,2.54796336871193,2025-02-09,-0.00023508750754273967,925,Dunes Golf and Beach Club
15651,"Ventura, Kris",925,Dunes Golf and Beach Club,sg_putt,1.395352652142062,2025-05-11,-0.01538506417810085,925,Dunes Golf and Beach Club
15651,"Ventura, Kris",503,TPC River Highlands,sg_putt,0.6786120708757944,2021-06-27,-0.0010608979975280837,925,Dunes Golf and Beach Club
15651,"Ventura, Kris",872,Quail Hollow Club,sg_putt,0.3230808041367779,2021-05-09,-0.0022698733297746333,925,Dunes Golf and Beach Club
15651,"Ventura, Kris",86,Norwood Hills Country Club,sg_total,2.8820591205720816,2024-08-18,0.015344601427679695,925,Dunes Golf and Beach Club
15651,"Ventura, Kris",735,Fundadores Course,sg_total,2.678154338922359,2024-02-11,-0.049957742368825275,925,Dunes Golf and Beach Club
15651,"Ventura, Kris",82,Greystone Golf & Country Club,sg_total,2.569261239335184,2024-07-28,0.010311414411556951,925,Dunes Golf and Beach Club
15651,"Ventura, Kris",801,The Club at Indian Creek,sg_total,2.3127708018909616,2024-08-11,-0.012342275088406919,925,Dunes Golf and Beach Club
15651,"Ventura, Kris",69,The Grove,sg_total,1.9934487162373435,2023-09-17,-0.020577637002011703,925,Dunes Golf and Beach Club
15651,"Ventura, Kris",807,Lakewood National Golf Club - Commander Course,sg_total,1.5207387424234402,2023-04-23,-0.010025009471648041,925,Dunes Golf and Beach Club
15651,"Ventura, Kris",94,Jimmie Austin OU Golf Club,sg_total,1.011209541879383,2024-06-23,-0.009041437040386324,925,Dunes Golf and Beach Club
15651,"Ventura, Kristoffer",6,Waialae Country Club,sg_app,0.19931818343148605,2020-01-12,-0.0017678878956847454,925,Dunes Golf and Beach Club
15651,"Ventura, Kristoffer",250,Le Golf National,sg_arg,2.109169696172194,2024-08-04,0.0032691655443108894,925,Dunes Golf and Beach Club
15651,"Ventura, Kristoffer",250,Le Golf National,sg_ott,2.109169696172194,2024-08-04,0.006401307024455065,925,Dunes Golf and Beach Club
15651,"Ventura, Kristoffer",538,TPC Summerlin,sg_ott,0.6233074350214114,2020-10-11,-0.0009368889876936155,925,Dunes Golf and Beach Club
15651,"Ventura, Kristoffer",897,Memorial Park Golf Course,sg_ott,0.5386411827820234,2020-11-08,-0.0008706415543372056,925,Dunes Golf and Beach Club
15651,"Ventura, Kristoffer",876,Detroit Golf Club,sg_ott,0.47487406382961145,2020-07-05,0.0041334273594033685,925,Dunes Golf and Beach Club
15651,"Ventura, Kristoffer",807,Lakewood National Golf Club - Commander Course,sg_total,1.8989371997596496,2024-04-21,0.04158100068844149,925,Dunes Golf and Beach Club
15651,"Ventura, Kristoffer",801,The Club at Indian Creek,sg_total,0.33463809689705143,2019-07-21,0.009783827735996333,925,Dunes Golf and Beach Club
24304,"Vilips, Karl",12,Harbour Town Golf Links,sg_app,6.665286297019238,2026-04-19,0.033876757057348744,925,Dunes Golf and Beach Club
24304,"Vilips, Karl",977,The Renaissance Club,sg_arg,1.4860880247238797,2025-07-13,-0.003384340744224156,925,Dunes Golf and Beach Club
24304,"Vilips, Karl",897,Memorial Park Golf Course,sg_ott,5.188813254945492,2026-03-29,0.0336897463145149,925,Dunes Golf and Beach Club
24304,"Vilips, Karl",669,TPC Deere Run,sg_ott,1.4757217329011822,2025-07-06,-0.0033134201542196853,925,Dunes Golf and Beach Club
24304,"Vilips, Karl",876,Detroit Golf Club,sg_ott,1.465427751738665,2025-06-29,0.00923346382432073,925,Dunes Golf and Beach Club
24304,"Vilips, Karl",935,TPC Toronto at Osprey Valley (North Course),sg_ott,1.4349746457088866,2025-06-08,0.0038824667619114578,925,Dunes Golf and Beach Club
24304,"Vilips, Karl",510,TPC Scottsdale (Stadium Course),sg_putt,1.8333541912663045,2026-02-08,0.006608883253901526,925,Dunes Golf and Beach Club
24304,"Vilips, Karl",86,Norwood Hills Country Club,sg_total,2.13890573852799,2024-08-18,-0.010385855893029473,925,Dunes Golf and Beach Club
24304,"Vilips, Karl",801,The Club at Indian Creek,sg_total,2.1239856794884573,2024-08-11,0.008719353908792795,925,Dunes Golf and Beach Club
24304,"Vilips, Karl",82,Greystone Golf & Country Club,sg_total,2.094457062593054,2024-07-28,0.04737530307594106,925,Dunes Golf and Beach Club
25003,"Walker, Danny",925,Dunes Golf and Beach Club,sg_app,2.790705304284124,2025-05-11,0.02896833940205686,925,Dunes Golf and Beach Club
25003,"Walker, Danny",6,Waialae Country Club,sg_app,1.7952551928608698,2026-01-18,-0.002142639174697226,925,Dunes Golf and Beach Club
25003,"Walker, Danny",925,Dunes Golf and Beach Club,sg_arg,2.790705304284124,2025-05-11,-0.006665303773179017,925,Dunes Golf and Beach Club
25003,"Walker, Danny",977,The Renaissance Club,sg_arg,1.4860880247238797,2025-07-13,-0.0010656955829073085,925,Dunes Golf and Beach Club
25003,"Walker, Danny",897,Memorial Park Golf Course,sg_ott,5.188813254945492,2026-03-29,0.0074032183030635695,925,Dunes Golf and Beach Club
25003,"Walker, Danny",925,Dunes Golf and Beach Club,sg_ott,2.790705304284124,2025-05-11,0.01034094275213102,925,Dunes Golf and Beach Club
25003,"Walker, Danny",876,Detroit Golf Club,sg_ott,1.465427751738665,2025-06-29,-0.009872023245724384,925,Dunes Golf and Beach Club
25003,"Walker, Danny",935,TPC Toronto at Osprey Valley (North Course),sg_ott,1.4349746457088866,2025-06-08,0.007125982511757737,925,Dunes Golf and Beach Club
25003,"Walker, Danny",925,Dunes Golf and Beach Club,sg_putt,2.790705304284124,2025-05-11,-0.00953105135674498,925,Dunes Golf and Beach Club
25003,"Walker, Danny",510,TPC Scottsdale (Stadium Course),sg_putt,1.8333541912663045,2026-02-08,-0.02255246083457449,925,Dunes Golf and Beach Club
25003,"Walker, Danny",86,Norwood Hills Country Club,sg_total,3.625212502616173,2024-08-18,0.024208548561036207,925,Dunes Golf and Beach Club
25003,"Walker, Danny",82,Greystone Golf & Country Club,sg_total,3.549876833156068,2024-07-28,0.012744060620221669,925,Dunes Golf and Beach Club
25003,"Walker, Danny",801,The Club at Indian Creek,sg_total,3.5176326390413033,2024-08-11,0.03669719720568374,925,Dunes Golf and Beach Club
25003,"Walker, Danny",807,Lakewood National Golf Club - Commander Course,sg_total,2.042375138576831,2024-04-21,0.026455581844852607,925,Dunes Golf and Beach Club
25003,"Walker, Danny",735,Fundadores Course,sg_total,1.7769479523361302,2024-02-11,-0.008295671779262959,925,Dunes Golf and Beach Club
25003,"Walker, Danny",69,The Grove,sg_total,1.5285114619146603,2023-09-17,-0.0014271325093415926,925,Dunes Golf and Beach Club
25003,"Walker, Danny",94,Jimmie Austin OU Golf Club,sg_total,1.011209541879383,2024-06-23,-0.012094570943795811,925,Dunes Golf and Beach Club
25908,"Whaley, Vince",6,Waialae Country Club,sg_app,7.760303954373105,2026-01-18,-0.03169235932926041,925,Dunes Golf and Beach Club
25908,"Whaley, Vince",925,Dunes Golf and Beach Club,sg_app,2.790705304284124,2025-05-11,0.10449675458086816,925,Dunes Golf and Beach Club
25908,"Whaley, Vince",908,Oakdale Golf & Country Club,sg_app,1.3858232413202296,2023-06-11,-0.01000091407629433,925,Dunes Golf and Beach Club
25908,"Whaley, Vince",734,PGA National Resort (The Champion),sg_app,0.43350462257451,2022-02-27,0.0023095688660889103,925,Dunes Golf and Beach Club
25908,"Whaley, Vince",925,Dunes Golf and Beach Club,sg_arg,2.790705304284124,2025-05-11,-0.007837828235116698,925,Dunes Golf and Beach Club
25908,"Whaley, Vince",876,Detroit Golf Club,sg_ott,7.394072822834528,2025-06-29,0.021071587686507177,925,Dunes Golf and Beach Club
25908,"Whaley, Vince",897,Memorial Park Golf Course,sg_ott,6.118550914211028,2026-03-29,0.0038554257082187345,925,Dunes Golf and Beach Club
25908,"Whaley, Vince",669,TPC Deere Run,sg_ott,5.6729299507675215,2025-07-06,0.006070177585488469,925,Dunes Golf and Beach Club
25908,"Whaley, Vince",538,TPC Summerlin,sg_ott,4.3922516792310855,2024-10-20,-0.01132673523809569,925,Dunes Golf and Beach Club
25908,"Whaley, Vince",935,TPC Toronto at Osprey Valley (North Course),sg_ott,2.869949291417773,2025-06-08,-0.0010170600697810078,925,Dunes Golf and Beach Club
25908,"Whaley, Vince",925,Dunes Golf and Beach Club,sg_ott,2.790705304284124,2025-05-11,0.013820305548954729,925,Dunes Golf and Beach Club
25908,"Whaley, Vince",874,Hamilton Golf & Country Club,sg_ott,1.9803911211237737,2024-06-02,-0.0015361196680028699,925,Dunes Golf and Beach Club
25908,"Whaley, Vince",908,Oakdale Golf & Country Club,sg_ott,1.3858232413202296,2023-06-11,0.006759633996785284,925,Dunes Golf and Beach Club
25908,"Whaley, Vince",734,PGA National Resort (The Champion),sg_ott,0.43350462257451,2022-02-27,2.4000807624581517e-05,925,Dunes Golf and Beach Club
25908,"Whaley, Vince",510,TPC Scottsdale (Stadium Course),sg_putt,3.992614530344972,2026-02-08,-0.0041945363678247884,925,Dunes Golf and Beach Club
25908,"Whaley, Vince",925,Dunes Golf and Beach Club,sg_putt,2.790705304284124,2025-05-11,-0.052841641089337484,925,Dunes Golf and Beach Club
25908,"Whaley, Vince",503,TPC River Highlands,sg_putt,0.4882865663068742,2022-06-26,0.005728344370783776,925,Dunes Golf and Beach Club
25908,"Whaley, Vince",94,Jimmie Austin OU Golf Club,sg_total,2.022419083758766,2024-06-23,0.003880807390853651,925,Dunes Golf and Beach Club
25908,"Whaley, Vince",86,Norwood Hills Country Club,sg_total,0.7431533820440914,2023-08-20,-0.007135268539009153,925,Dunes Golf and Beach Club
25908,"Whaley, Vincent",734,PGA National Resort (The Champion),sg_app,0.8245909026459975,2021-03-21,0.008327700723309206,925,Dunes Golf and Beach Club
25908,"Whaley, Vincent",6,Waialae Country Club,sg_app,0.19931818343148605,2020-01-12,-0.004032799717797141,925,Dunes Golf and Beach Club
25908,"Whaley, Vincent",876,Detroit Golf Club,sg_ott,0.9208160521444417,2021-07-04,0.002583915955110311,925,Dunes Golf and Beach Club
25908,"Whaley, Vincent",734,PGA National Resort (The Champion),sg_ott,0.8245909026459975,2021-03-21,0.0010485510136274776,925,Dunes Golf and Beach Club
25908,"Whaley, Vincent",897,Memorial Park Golf Course,sg_ott,0.78058968471667,2021-11-14,0.003083656032450052,925,Dunes Golf and Beach Club
25908,"Whaley, Vincent",669,TPC Deere Run,sg_ott,0.3440897276461011,2021-07-11,-0.003538784438397726,925,Dunes Golf and Beach Club
25908,"Whaley, Vincent",872,Quail Hollow Club,sg_putt,0.6461616082735558,2021-05-09,0.00013801732506654954,925,Dunes Golf and Beach Club
25908,"Whaley, Vincent",503,TPC River Highlands,sg_putt,0.3393060354378972,2021-06-27,6.798297284528664e-05,925,Dunes Golf and Beach Club
25908,"Whaley, Vincent",510,TPC Scottsdale (Stadium Course),sg_putt,0.29497849622845496,2021-02-07,-0.0035427894066875727,925,Dunes Golf and Beach Club
25908,"Whaley, Vincent",807,Lakewood National Golf Club - Commander Course,sg_total,0.28687587763436306,2019-02-17,0.006967239908681421,925,Dunes Golf and Beach Club
25908,"Whaley, Vincent",735,Fundadores Course,sg_total,0.28288759844349876,2019-02-03,0.0016386062846481472,925,Dunes Golf and Beach Club
25908,"Whaley, Vincent",801,The Club at Indian Creek,sg_total,0.16731904844852571,2019-07-21,-0.002790133144096785,925,Dunes Golf and Beach Club
12920,"Willett, Danny",12,Harbour Town Golf Links,sg_app,3.3137876668452053,2023-04-16,0.024360092595428776,925,Dunes Golf and Beach Club
12920,"Willett, Danny",734,PGA National Resort (The Champion),sg_app,2.1844488497465457,2023-02-26,0.026556941553951004,925,Dunes Golf and Beach Club
12920,"Willett, Danny",668,St. Andrews Links (Old Course),sg_app,0.9972980180619004,2022-07-17,0.010542394181162637,925,Dunes Golf and Beach Club
12920,"Willett, Danny",666,Pebble Beach Golf Links,sg_app,0.32312835884991714,2019-06-16,-0.00012691295543022454,925,Dunes Golf and Beach Club
12920,"Willett, Danny",534,Bellerive CC,sg_app,0.1187359903009677,2018-08-12,-0.00033307187503186153,925,Dunes Golf and Beach Club
12920,"Willett, Danny",706,Whistling Straits,sg_app,0.0796824722558235,2015-08-16,0.0014117631881915295,925,Dunes Golf and Beach Club
12920,"Willett, Danny",977,The Renaissance Club,sg_arg,2.698851609947952,2025-07-13,-0.008068464992152765,925,Dunes Golf and Beach Club
12920,"Willett, Danny",724,Royal Liverpool,sg_arg,1.4452674068973541,2023-07-23,0.007809761004891037,925,Dunes Golf and Beach Club
12920,"Willett, Danny",668,St. Andrews Links (Old Course),sg_arg,0.9972980180619004,2022-07-17,-0.0009528506524986653,925,Dunes Golf and Beach Club
12920,"Willett, Danny",666,Pebble Beach Golf Links,sg_arg,0.32312835884991714,2019-06-16,0.002390467967156935,925,Dunes Golf and Beach Club
12920,"Willett, Danny",891,Winged Foot GC,sg_arg,0.256441984961763,2020-09-20,0.00017384382065714277,925,Dunes Golf and Beach Club
12920,"Willett, Danny",897,Memorial Park Golf Course,sg_ott,5.994600014777712,2026-03-29,-0.012636527326145433,925,Dunes Golf and Beach Club
12920,"Willett, Danny",876,Detroit Golf Club,sg_ott,5.050272472724913,2025-06-29,-0.004118557988127155,925,Dunes Golf and Beach Club
12920,"Willett, Danny",935,TPC Toronto at Osprey Valley (North Course),sg_ott,2.869949291417773,2025-06-08,0.0070771839260249415,925,Dunes Golf and Beach Club
12920,"Willett, Danny",734,PGA National Resort (The Champion),sg_ott,2.1844488497465457,2023-02-26,-0.0023747346895941234,925,Dunes Golf and Beach Club
12920,"Willett, Danny",538,TPC Summerlin,sg_ott,1.8927376364962858,2024-10-20,0.012910463311033864,925,Dunes Golf and Beach Club
12920,"Willett, Danny",669,TPC Deere Run,sg_ott,1.4757217329011822,2025-07-06,-0.0042359382251925875,925,Dunes Golf and Beach Club
12920,"Willett, Danny",240,Club de Golf Chapultepec,sg_ott,0.8451045437078275,2020-02-23,0.003677114497436051,925,Dunes Golf and Beach Club
12920,"Willett, Danny",874,Hamilton Golf & Country Club,sg_ott,0.32087435854286944,2019-06-09,0.00384066499870482,925,Dunes Golf and Beach Club
12920,"Willett, Danny",534,Bellerive CC,sg_ott,0.1187359903009677,2018-08-12,0.0010531235348157648,925,Dunes Golf and Beach Club
12920,"Willett, Danny",8,Trump National Doral - Blue Monster Course,sg_ott,0.09761680296250456,2016-03-06,0.0005483536621767208,925,Dunes Golf and Beach Club
12920,"Willett, Danny",503,TPC River Highlands,sg_putt,1.4267479493477906,2023-06-25,-0.014639529609441588,925,Dunes Golf and Beach Club
12920,"Willett, Danny",240,Club de Golf Chapultepec,sg_putt,0.8451045437078275,2020-02-23,-0.00023533214153563593,925,Dunes Golf and Beach Club
12920,"Willett, Danny",872,Quail Hollow Club,sg_putt,0.8239982231707987,2023-05-07,-0.002040622709634817,925,Dunes Golf and Beach Club
12920,"Willett, Danny",895,TPC Harding Park,sg_putt,0.245894469849858,2020-08-09,-0.0039436991339554545,925,Dunes Golf and Beach Club
12920,"Willett, Danny",4586,wentworth golf club,sg_total,6.330894527164671,2025-09-14,-0.007122358696103376,925,Dunes Golf and Beach Club
12920,"Willett, Danny",4584,crans-sur-sierre gc,sg_total,3.121439773112137,2025-08-31,-0.0041622601449358785,925,Dunes Golf and Beach Club
12920,"Willett, Danny",4583,brabazon course at the belfry,sg_total,3.099665991844324,2025-08-24,0.03290174188480752,925,Dunes Golf and Beach Club
12920,"Willett, Danny",4226,wentworth golf club,sg_total,3.0570229238293205,2023-09-17,-0.011194640853345797,925,Dunes Golf and Beach Club
12920,"Willett, Danny",4558,gary player cc,sg_total,2.3923935762510453,2024-12-08,0.02401824099714292,925,Dunes Golf and Beach Club
12920,"Willett, Danny",4585,k club,sg_total,1.571683252776691,2025-09-07,-0.0029342338006441973,925,Dunes Golf and Beach Club
12920,"Willett, Danny",4402,le golf national,sg_total,1.1310508773990742,2024-10-13,-0.021684003040791783,925,Dunes Golf and Beach Club
12920,"Willett, Danny",3930,wentworth golf club,sg_total,1.0475368400346075,2020-10-11,0.0005117972454263606,925,Dunes Golf and Beach Club
12920,"Willett, Danny",4383,green eagle golf courses,sg_total,0.9901955605618868,2024-06-02,-0.004484271109213829,925,Dunes Golf and Beach Club
12920,"Willett, Danny",3990,brabazon course at the belfry,sg_total,0.9298745086453666,2022-05-08,0.008074559585496396,925,Dunes Golf and Beach Club
12920,"Willett, Danny",4727,emirates gc,sg_total,0.9039330328858641,2026-01-25,-0.025307214983018207,925,Dunes Golf and Beach Club
12920,"Willett, Danny",4602,carnoustie,sg_total,0.8081561372164884,2025-10-05,-0.02032765657163867,925,Dunes Golf and Beach Club
12920,"Willett, Danny",778,Royal St. George's GC,sg_total,0.7019837618347724,2021-07-18,0.0065208132980890815,925,Dunes Golf and Beach Club
12920,"Willett, Danny",4397,old course st andrews,sg_total,0.5615805837291813,2024-10-06,0.008363657091885525,925,Dunes Golf and Beach Club
12920,"Willett, Danny",3981,emirates gc,sg_total,0.4215348519460188,2022-01-30,-0.004089969157050069,925,Dunes Golf and Beach Club
12920,"Willett, Danny",3978,yas links,sg_total,0.41859441153063903,2022-01-23,-0.005873038741947548,925,Dunes Golf and Beach Club
12920,"Willett, Danny",4225,k club,sg_total,0.37946231074621756,2023-09-10,-0.011273184694180004,925,Dunes Golf and Beach Club
12920,"Willett, Danny",3864,montgomerie maxx royal,sg_total,0.37429701504113466,2019-11-10,-0.001660281907559121,925,Dunes Golf and Beach Club
12920,"Willett, Danny",3801,olgiata gc,sg_total,0.3639620631544307,2019-10-13,0.0031853770946160967,925,Dunes Golf and Beach Club
12920,"Willett, Danny",4193,kingsbarns golf links,sg_total,0.26928095555244996,2022-10-02,-0.0028570291683200576,925,Dunes Golf and Beach Club
12920,"Willett, Danny",4192,carnoustie,sg_total,0.26928095555244996,2022-10-02,-0.00452526635854367,925,Dunes Golf and Beach Club
12920,"Willett, Danny",3923,renaissance club,sg_total,0.2600574217568518,2020-10-04,-0.0020652242669385048,925,Dunes Golf and Beach Club
12920,"Willett, Danny",4056,frederikshavn golfklub,sg_total,0.2511128549863944,2020-08-30,-0.003982486480426974,925,Dunes Golf and Beach Club
12920,"Willett, Danny",3667,dom pedro victoria golf course,sg_total,0.2476582174277667,2018-09-23,0.0011164714160308783,925,Dunes Golf and Beach Club
12920,"Willett, Danny",3656,gullane gc,sg_total,0.23091499137857333,2018-07-15,0.004824438020464378,925,Dunes Golf and Beach Club
12920,"Willett, Danny",3655,ballyliffin gc,sg_total,0.22930423067864053,2018-07-08,0.007991163822141538,925,Dunes Golf and Beach Club
12920,"Willett, Danny",3701,gardagolf cc,sg_total,0.2214174071140697,2018-06-03,0.00831330061867017,925,Dunes Golf and Beach Club
12920,"Willett, Danny",3974,carnoustie,sg_total,0.1871209649253546,2021-10-03,0.004598026611975662,925,Dunes Golf and Beach Club
12920,"Willett, Danny",3797,old course st andrews,sg_total,0.1794510483407144,2019-09-29,0.0012292815257187678,925,Dunes Golf and Beach Club
12920,"Willett, Danny",3664,silkeborg ry gc,sg_total,0.12125581161836792,2018-09-02,-0.0007228461893896125,925,Dunes Golf and Beach Club
12920,"Willett, Danny",3524,le golf national,sg_total,0.07911499757679745,2017-07-02,-0.0005356611553691806,925,Dunes Golf and Beach Club
12920,"Willett, Danny",3496,abu dhabi gc,sg_total,0.06734997014278914,2017-01-22,-0.004278852622408499,925,Dunes Golf and Beach Club
12920,"Willett, Danny",3512,portstewart gc,sg_total,0.03983537270397113,2017-07-09,-0.00036445480830363513,925,Dunes Golf and Beach Club
12920,"Willett, Danny",558,Oak Hill CC,sg_total,0.03820818043128292,2013-08-11,0.00021898325950078353,925,Dunes Golf and Beach Club
22051,"Wise, Aaron",734,PGA National Resort (The Champion),sg_app,2.915862035295382,2023-02-26,-0.0032621991527791204,925,Dunes Golf and Beach Club
22051,"Wise, Aaron",12,Harbour Town Golf Links,sg_app,1.4610536781225876,2022-04-17,-0.010943077119170565,925,Dunes Golf and Beach Club
22051,"Wise, Aaron",925,Dunes Golf and Beach Club,sg_app,1.395352652142062,2025-05-11,-0.00578014241044293,925,Dunes Golf and Beach Club
22051,"Wise, Aaron",668,St. Andrews Links (Old Course),sg_app,0.9972980180619004,2022-07-17,0.0018175877926339598,925,Dunes Golf and Beach Club
22051,"Wise, Aaron",899,The Summit Club,sg_app,0.7590363286635429,2021-10-17,0.008506247057866895,925,Dunes Golf and Beach Club
22051,"Wise, Aaron",43,The Los Angeles Country Club (North Course),sg_app,0.6977790180203067,2023-06-18,-0.008995913875814098,925,Dunes Golf and Beach Club
22051,"Wise, Aaron",908,Oakdale Golf & Country Club,sg_app,0.6929116206601148,2023-06-11,-0.0024294897188813173,925,Dunes Golf and Beach Club
22051,"Wise, Aaron",666,Pebble Beach Golf Links,sg_app,0.32312835884991714,2019-06-16,0.005395691024144252,925,Dunes Golf and Beach Club
22051,"Wise, Aaron",6,Waialae Country Club,sg_app,0.29556370659911935,2020-01-12,0.0008790527752721586,925,Dunes Golf and Beach Club
22051,"Wise, Aaron",773,Aronimink GC,sg_app,0.2442151600220386,2018-09-09,0.0012578398320271028,925,Dunes Golf and Beach Club
22051,"Wise, Aaron",873,Ridgewood CC,sg_app,0.24081996956949417,2018-08-26,0.0023009854463655953,925,Dunes Golf and Beach Club
22051,"Wise, Aaron",534,Bellerive CC,sg_app,0.1187359903009677,2018-08-12,-0.0007097534489336014,925,Dunes Golf and Beach Club
22051,"Wise, Aaron",925,Dunes Golf and Beach Club,sg_arg,1.395352652142062,2025-05-11,0.015307640176931541,925,Dunes Golf and Beach Club
22051,"Wise, Aaron",668,St. Andrews Links (Old Course),sg_arg,0.9972980180619004,2022-07-17,0.003177105768500778,925,Dunes Golf and Beach Club
22051,"Wise, Aaron",666,Pebble Beach Golf Links,sg_arg,0.32312835884991714,2019-06-16,-0.0006542047350013505,925,Dunes Golf and Beach Club
22051,"Wise, Aaron",893,Muirfield Village Golf Club,sg_arg,0.23910492194276187,2020-07-12,0.0003135424902067964,925,Dunes Golf and Beach Club
22051,"Wise, Aaron",897,Memorial Park Golf Course,sg_ott,4.367983236394611,2026-03-29,0.00712198353947768,925,Dunes Golf and Beach Club
22051,"Wise, Aaron",876,Detroit Golf Club,sg_ott,3.4959765061411607,2025-06-29,-0.001758508648247776,925,Dunes Golf and Beach Club
22051,"Wise, Aaron",734,PGA National Resort (The Champion),sg_ott,2.915862035295382,2023-02-26,-0.002220065475883652,925,Dunes Golf and Beach Club
22051,"Wise, Aaron",538,TPC Summerlin,sg_ott,2.8435037476893577,2022-10-09,-0.0004565799851940217,925,Dunes Golf and Beach Club
22051,"Wise, Aaron",669,TPC Deere Run,sg_ott,2.279358683882671,2025-07-06,-0.00695625664810008,925,Dunes Golf and Beach Club
22051,"Wise, Aaron",935,TPC Toronto at Osprey Valley (North Course),sg_ott,1.4349746457088866,2025-06-08,0.001085334625680821,925,Dunes Golf and Beach Club
22051,"Wise, Aaron",925,Dunes Golf and Beach Club,sg_ott,1.395352652142062,2025-05-11,-0.014666540836292236,925,Dunes Golf and Beach Club
22051,"Wise, Aaron",688,East Lake Golf Club,sg_ott,1.2877348141336016,2022-08-28,0.0016746190374825034,925,Dunes Golf and Beach Club
22051,"Wise, Aaron",901,Wilmington Country Club,sg_ott,1.0328214830517066,2022-08-21,0.0055167355937233145,925,Dunes Golf and Beach Club
22051,"Wise, Aaron",654,The Country Club,sg_ott,0.9697609909973317,2022-06-19,0.003710144998938128,925,Dunes Golf and Beach Club
22051,"Wise, Aaron",899,The Summit Club,sg_ott,0.7590363286635429,2021-10-17,0.0007467318336109199,925,Dunes Golf and Beach Club
22051,"Wise, Aaron",908,Oakdale Golf & Country Club,sg_ott,0.6929116206601148,2023-06-11,0.00025962666071059105,925,Dunes Golf and Beach Club
22051,"Wise, Aaron",240,Club de Golf Chapultepec,sg_ott,0.2888910536652831,2019-02-24,0.003153318933737005,925,Dunes Golf and Beach Club
22051,"Wise, Aaron",874,Hamilton Golf & Country Club,sg_ott,0.16043717927143472,2019-06-09,0.00020308591099371545,925,Dunes Golf and Beach Club
22051,"Wise, Aaron",534,Bellerive CC,sg_ott,0.1187359903009677,2018-08-12,0.0015825295965627786,925,Dunes Golf and Beach Club
22051,"Wise, Aaron",510,TPC Scottsdale (Stadium Course),sg_putt,1.8361553024774557,2023-02-12,-0.008040462087569684,925,Dunes Golf and Beach Club
22051,"Wise, Aaron",503,TPC River Highlands,sg_putt,1.6384601898805102,2022-06-26,-0.003093074580810129,925,Dunes Golf and Beach Club
22051,"Wise, Aaron",925,Dunes Golf and Beach Club,sg_putt,1.395352652142062,2025-05-11,-0.0417662634655436,925,Dunes Golf and Beach Club
22051,"Wise, Aaron",872,Quail Hollow Club,sg_putt,1.1713033377057398,2021-05-09,0.0018747182566807752,925,Dunes Golf and Beach Club
22051,"Wise, Aaron",240,Club de Golf Chapultepec,sg_putt,0.2888910536652831,2019-02-24,-0.0021572494529181964,925,Dunes Golf and Beach Club
22051,"Wise, Aaron",109,Holston Hills Country Club,sg_total,2.830049948426007,2025-05-25,-0.003284857112503584,925,Dunes Golf and Beach Club
22051,"Wise, Aaron",735,Fundadores Course,sg_total,0.13755854937389084,2017-02-12,0.004154628102753101,925,Dunes Golf and Beach Club
25002,"Wu, Dylan",6,Waialae Country Club,sg_app,6.741715109829381,2026-01-18,0.028490114168750257,925,Dunes Golf and Beach Club
25002,"Wu, Dylan",925,Dunes Golf and Beach Club,sg_app,4.729941847353497,2025-05-11,-0.023798220169753415,925,Dunes Golf and Beach Club
25002,"Wu, Dylan",734,PGA National Resort (The Champion),sg_app,2.114699893279607,2023-02-26,0.011753513674223686,925,Dunes Golf and Beach Club
25002,"Wu, Dylan",43,The Los Angeles Country Club (North Course),sg_app,1.3955580360406135,2023-06-18,0.006473660452226386,925,Dunes Golf and Beach Club
25002,"Wu, Dylan",908,Oakdale Golf & Country Club,sg_app,1.3858232413202296,2023-06-11,0.011469152753397499,925,Dunes Golf and Beach Club
25002,"Wu, Dylan",925,Dunes Golf and Beach Club,sg_arg,4.729941847353497,2025-05-11,0.022726495033095512,925,Dunes Golf and Beach Club
25002,"Wu, Dylan",977,The Renaissance Club,sg_arg,0.7175929308119032,2023-07-16,3.164465359990052e-05,925,Dunes Golf and Beach Club
25002,"Wu, Dylan",669,TPC Deere Run,sg_ott,5.672929950767522,2025-07-06,-0.005430943816333579,925,Dunes Golf and Beach Club
25002,"Wu, Dylan",925,Dunes Golf and Beach Club,sg_ott,4.729941847353497,2025-05-11,-0.011189995118633425,925,Dunes Golf and Beach Club
25002,"Wu, Dylan",876,Detroit Golf Club,sg_ott,3.9575381277477044,2024-06-30,-0.014612401990705987,925,Dunes Golf and Beach Club
25002,"Wu, Dylan",897,Memorial Park Golf Course,sg_ott,3.784901200313472,2026-03-29,-0.007530504083825425,925,Dunes Golf and Beach Club
25002,"Wu, Dylan",935,TPC Toronto at Osprey Valley (North Course),sg_ott,2.869949291417773,2025-06-08,-0.006904340914715975,925,Dunes Golf and Beach Club
25002,"Wu, Dylan",734,PGA National Resort (The Champion),sg_ott,2.114699893279607,2023-02-26,0.006442670368786401,925,Dunes Golf and Beach Club
25002,"Wu, Dylan",538,TPC Summerlin,sg_ott,1.924953304569943,2024-10-20,-0.0040563669430099545,925,Dunes Golf and Beach Club
25002,"Wu, Dylan",908,Oakdale Golf & Country Club,sg_ott,1.3858232413202296,2023-06-11,0.009181776751504877,925,Dunes Golf and Beach Club
25002,"Wu, Dylan",874,Hamilton Golf & Country Club,sg_ott,0.9901955605618868,2024-06-02,6.441028469474417e-05,925,Dunes Golf and Beach Club
25002,"Wu, Dylan",925,Dunes Golf and Beach Club,sg_putt,4.729941847353497,2025-05-11,0.023759181762853986,925,Dunes Golf and Beach Club
25002,"Wu, Dylan",872,Quail Hollow Club,sg_putt,1.3381584277944305,2023-05-07,0.00912108806170445,925,Dunes Golf and Beach Club
25002,"Wu, Dylan",503,TPC River Highlands,sg_putt,1.1909671729988698,2023-06-25,0.00016160000680414085,925,Dunes Golf and Beach Club
25002,"Wu, Dylan",510,TPC Scottsdale (Stadium Course),sg_putt,0.8852786547227022,2024-02-11,-0.002233572200666003,925,Dunes Golf and Beach Club
25002,"Wu, Dylan",801,The Club at Indian Creek,sg_total,4.068596612473155,2025-08-10,0.0010226830154092409,925,Dunes Golf and Beach Club
25002,"Wu, Dylan",96,Spyglass Hill Golf Course,sg_total,3.2326245488659535,2025-10-05,0.02672340099901433,925,Dunes Golf and Beach Club
25002,"Wu, Dylan",97,The Ocean Club Golf Course at Atlantis,sg_total,2.4850539289898466,2025-01-15,0.014828514237361805,925,Dunes Golf and Beach Club
25002,"Wu, Dylan",735,Fundadores Course,sg_total,0.9444577816794699,2025-02-09,-0.016609316035943164,925,Dunes Golf and Beach Club
25002,"Wu, Dylan",69,The Grove,sg_total,0.6461616082735558,2021-05-09,-0.0009292123552721834,925,Dunes Golf and Beach Club
25002,"Wu, Dylan",807,Lakewood National Golf Club - Commander Course,sg_total,0.41283567816757105,2020-02-16,0.007384223547669666,925,Dunes Golf and Beach Club
25002,"Wu, Dylan",82,Greystone Golf & Country Club,sg_total,0.3299372416452629,2021-05-30,-0.013419606490924827,925,Dunes Golf and Beach Club
23656,"Young, Carson",925,Dunes Golf and Beach Club,sg_app,4.729941847353497,2025-05-11,-0.034436251629562896,925,Dunes Golf and Beach Club
23656,"Young, Carson",6,Waialae Country Club,sg_app,2.6978260636130704,2025-01-12,0.0017361021650711174,925,Dunes Golf and Beach Club
23656,"Young, Carson",908,Oakdale Golf & Country Club,sg_app,1.3858232413202296,2023-06-11,0.0062206769953920375,925,Dunes Golf and Beach Club
23656,"Young, Carson",12,Harbour Town Golf Links,sg_app,1.310350110094758,2023-04-16,0.015208961475383535,925,Dunes Golf and Beach Club
23656,"Young, Carson",734,PGA National Resort (The Champion),sg_app,1.247690648130587,2023-02-26,-0.010456702339443414,925,Dunes Golf and Beach Club
23656,"Young, Carson",43,The Los Angeles Country Club (North Course),sg_app,0.6977790180203067,2023-06-18,-0.020009501461588513,925,Dunes Golf and Beach Club
23656,"Young, Carson",925,Dunes Golf and Beach Club,sg_arg,4.729941847353497,2025-05-11,0.008395785502439258,925,Dunes Golf and Beach Club
23656,"Young, Carson",669,TPC Deere Run,sg_ott,5.714962862342244,2025-07-06,-0.0008306944550389027,925,Dunes Golf and Beach Club
23656,"Young, Carson",925,Dunes Golf and Beach Club,sg_ott,4.729941847353497,2025-05-11,0.019801311657653073,925,Dunes Golf and Beach Club
23656,"Young, Carson",876,Detroit Golf Club,sg_ott,3.8989738466617787,2025-06-29,-0.0035528034133333625,925,Dunes Golf and Beach Club
23656,"Young, Carson",935,TPC Toronto at Osprey Valley (North Course),sg_ott,2.869949291417773,2025-06-08,-0.0014308283227530596,925,Dunes Golf and Beach Club
23656,"Young, Carson",874,Hamilton Golf & Country Club,sg_ott,1.9803911211237737,2024-06-02,0.01491443208192046,925,Dunes Golf and Beach Club
23656,"Young, Carson",538,TPC Summerlin,sg_ott,1.924953304569943,2024-10-20,0.008510307801564882,925,Dunes Golf and Beach Club
23656,"Young, Carson",897,Memorial Park Golf Course,sg_ott,1.491400902822296,2024-03-31,-0.006872845687739753,925,Dunes Golf and Beach Club
23656,"Young, Carson",908,Oakdale Golf & Country Club,sg_ott,1.3858232413202296,2023-06-11,-0.0004509029806781264,925,Dunes Golf and Beach Club
23656,"Young, Carson",734,PGA National Resort (The Champion),sg_ott,1.247690648130587,2023-02-26,0.007850570207183355,925,Dunes Golf and Beach Club
23656,"Young, Carson",925,Dunes Golf and Beach Club,sg_putt,4.729941847353497,2025-05-11,0.05990708291807245,925,Dunes Golf and Beach Club
23656,"Young, Carson",510,TPC Scottsdale (Stadium Course),sg_putt,4.318520678157334,2025-02-09,0.014732642037815716,925,Dunes Golf and Beach Club
23656,"Young, Carson",503,TPC River Highlands,sg_putt,1.4053612133839912,2023-06-25,0.004755856567857281,925,Dunes Golf and Beach Club
23656,"Young, Carson",872,Quail Hollow Club,sg_putt,0.6690792138972153,2023-05-07,0.005072465347250895,925,Dunes Golf and Beach Club
23656,"Young, Carson",735,Fundadores Course,sg_total,4.5216640700272555,2026-02-08,0.08556603691695584,925,Dunes Golf and Beach Club
23656,"Young, Carson",801,The Club at Indian Creek,sg_total,1.0256169778568989,2022-08-14,0.01171274402473922,925,Dunes Golf and Beach Club
23656,"Young, Carson",69,The Grove,sg_total,0.9298745086453666,2022-05-08,0.009027258491409156,925,Dunes Golf and Beach Club
23656,"Young, Carson",807,Lakewood National Golf Club - Commander Course,sg_total,0.8609613726820703,2022-02-20,0.008915647620656506,925,Dunes Golf and Beach Club
17881,"Yu, Kevin",925,Dunes Golf and Beach Club,sg_app,4.729941847353497,2025-05-11,0.027545618297600348,925,Dunes Golf and Beach Club
17881,"Yu, Kevin",6,Waialae Country Club,sg_app,2.0572075232251303,2024-01-14,-0.008556321810725267,925,Dunes Golf and Beach Club
17881,"Yu, Kevin",885,Royal Portrush Golf Club,sg_app,1.4965271351571305,2025-07-20,-0.011458300418629745,925,Dunes Golf and Beach Club
17881,"Yu, Kevin",925,Dunes Golf and Beach Club,sg_arg,4.729941847353497,2025-05-11,0.018098749636441824,925,Dunes Golf and Beach Club
17881,"Yu, Kevin",977,The Renaissance Club,sg_arg,4.722438463253171,2025-07-13,0.0025560083417336243,925,Dunes Golf and Beach Club
17881,"Yu, Kevin",939,Torrey Pines Golf Course (South Course),sg_arg,2.5658616833092793,2025-02-16,0.011657482596345789,925,Dunes Golf and Beach Club
17881,"Yu, Kevin",250,Le Golf National,sg_arg,2.109169696172194,2024-08-04,0.002954760735002629,925,Dunes Golf and Beach Club
17881,"Yu, Kevin",669,TPC Deere Run,sg_ott,6.427550182714562,2025-07-06,-0.003721304359299869,925,Dunes Golf and Beach Club
17881,"Yu, Kevin",925,Dunes Golf and Beach Club,sg_ott,4.729941847353497,2025-05-11,0.014662663087823125,925,Dunes Golf and Beach Club
17881,"Yu, Kevin",897,Memorial Park Golf Course,sg_ott,4.601348864543786,2026-03-29,-0.01656888845458422,925,Dunes Golf and Beach Club
17881,"Yu, Kevin",538,TPC Summerlin,sg_ott,3.763385072189546,2024-10-20,0.013356740369875534,925,Dunes Golf and Beach Club
17881,"Yu, Kevin",935,TPC Toronto at Osprey Valley (North Course),sg_ott,2.869949291417773,2025-06-08,0.02300460971091202,925,Dunes Golf and Beach Club
17881,"Yu, Kevin",876,Detroit Golf Club,sg_ott,2.7442423092842043,2024-06-30,-0.009391766499985204,925,Dunes Golf and Beach Club
17881,"Yu, Kevin",250,Le Golf National,sg_ott,2.109169696172194,2024-08-04,-0.012081312097951881,925,Dunes Golf and Beach Club
17881,"Yu, Kevin",874,Hamilton Golf & Country Club,sg_ott,1.9803911211237737,2024-06-02,-0.005951070765405048,925,Dunes Golf and Beach Club
17881,"Yu, Kevin",885,Royal Portrush Golf Club,sg_ott,1.4965271351571305,2025-07-20,-0.003304441264299902,925,Dunes Golf and Beach Club
17881,"Yu, Kevin",925,Dunes Golf and Beach Club,sg_putt,4.729941847353497,2025-05-11,0.061014226761755545,925,Dunes Golf and Beach Club
17881,"Yu, Kevin",503,TPC River Highlands,sg_putt,4.315772367042373,2025-06-22,9.20430354895565e-06,925,Dunes Golf and Beach Club
17881,"Yu, Kevin",510,TPC Scottsdale (Stadium Course),sg_putt,3.4332420234346324,2025-02-09,0.01738714195459939,925,Dunes Golf and Beach Club
17881,"Yu, Kevin",801,The Club at Indian Creek,sg_total,1.2255006960200432,2022-08-14,0.004357491348524917,925,Dunes Golf and Beach Club
17881,"Yu, Kevin",82,Greystone Golf & Country Club,sg_total,0.9496083534842603,2022-05-29,0.010504187159447039,925,Dunes Golf and Beach Club
17881,"Yu, Kevin",69,The Grove,sg_total,0.9298745086453666,2022-05-08,0.024949907718028477,925,Dunes Golf and Beach Club
17881,"Yu, Kevin",807,Lakewood National Golf Club - Commander Course,sg_total,0.8609613726820703,2022-02-20,-0.010840353474524113,925,Dunes Golf and Beach Club
17881,"Yu, Kevin",735,Fundadores Course,sg_total,0.8549556874946465,2022-02-13,0.005373581028068102,925,Dunes Golf and Beach Club
17550,"van Rooyen, Erik",6,Waialae Country Club,sg_app,7.114731964389133,2026-01-18,0.025359239589872608,925,Dunes Golf and Beach Club
17550,"van Rooyen, Erik",12,Harbour Town Golf Links,sg_app,3.932935156518785,2024-04-21,0.03113408841572216,925,Dunes Golf and Beach Club
17550,"van Rooyen, Erik",925,Dunes Golf and Beach Club,sg_app,1.939236543069373,2024-05-12,0.01587605290223258,925,Dunes Golf and Beach Club
17550,"van Rooyen, Erik",734,PGA National Resort (The Champion),sg_app,1.4484362267112911,2023-02-26,-0.017380625575141646,925,Dunes Golf and Beach Club
17550,"van Rooyen, Erik",899,The Summit Club,sg_app,0.7590363286635429,2021-10-17,0.006965012470028771,925,Dunes Golf and Beach Club
17550,"van Rooyen, Erik",908,Oakdale Golf & Country Club,sg_app,0.6929116206601148,2023-06-11,-0.019115661773668264,925,Dunes Golf and Beach Club
17550,"van Rooyen, Erik",744,Torrey Pines (South),sg_app,0.3369391868246024,2021-06-20,0.0008301531404191891,925,Dunes Golf and Beach Club
17550,"van Rooyen, Erik",666,Pebble Beach Golf Links,sg_app,0.32312835884991714,2019-06-16,0.006666680997949842,925,Dunes Golf and Beach Club
17550,"van Rooyen, Erik",977,The Renaissance Club,sg_arg,4.046597645123066,2025-07-13,-0.000884169565886046,925,Dunes Golf and Beach Club
17550,"van Rooyen, Erik",379,The Philadelphia Cricket Club (Wissahickon Course),sg_arg,2.790705304284124,2025-05-11,-0.004117334281997362,925,Dunes Golf and Beach Club
17550,"van Rooyen, Erik",925,Dunes Golf and Beach Club,sg_arg,1.939236543069373,2024-05-12,0.004316168096050459,925,Dunes Golf and Beach Club
17550,"van Rooyen, Erik",891,Winged Foot GC,sg_arg,0.512883969923526,2020-09-20,0.0014405918368607703,925,Dunes Golf and Beach Club
17550,"van Rooyen, Erik",666,Pebble Beach Golf Links,sg_arg,0.32312835884991714,2019-06-16,-0.0010959036876139752,925,Dunes Golf and Beach Club
17550,"van Rooyen, Erik",876,Detroit Golf Club,sg_ott,5.91253484467634,2025-06-29,-0.008566535810145345,925,Dunes Golf and Beach Club
17550,"van Rooyen, Erik",897,Memorial Park Golf Course,sg_ott,5.450914252841871,2026-03-29,-0.008979063412198326,925,Dunes Golf and Beach Club
17550,"van Rooyen, Erik",538,TPC Summerlin,sg_ott,4.226777422858487,2024-10-20,-0.01781364416826564,925,Dunes Golf and Beach Club
17550,"van Rooyen, Erik",874,Hamilton Golf & Country Club,sg_ott,1.9803911211237737,2024-06-02,0.0145175205348626,925,Dunes Golf and Beach Club
17550,"van Rooyen, Erik",925,Dunes Golf and Beach Club,sg_ott,1.939236543069373,2024-05-12,0.002928839973547082,925,Dunes Golf and Beach Club
17550,"van Rooyen, Erik",734,PGA National Resort (The Champion),sg_ott,1.4484362267112911,2023-02-26,-0.007102588853231662,925,Dunes Golf and Beach Club
17550,"van Rooyen, Erik",935,TPC Toronto at Osprey Valley (North Course),sg_ott,1.4349746457088866,2025-06-08,0.0008166442488640939,925,Dunes Golf and Beach Club
17550,"van Rooyen, Erik",899,The Summit Club,sg_ott,0.7590363286635429,2021-10-17,0.0002637852392745472,925,Dunes Golf and Beach Club
17550,"van Rooyen, Erik",688,East Lake Golf Club,sg_ott,0.7278169979121558,2021-09-05,-0.004507147235634159,925,Dunes Golf and Beach Club
17550,"van Rooyen, Erik",669,TPC Deere Run,sg_ott,0.7125873203723176,2023-07-09,0.003587661349665858,925,Dunes Golf and Beach Club
17550,"van Rooyen, Erik",908,Oakdale Golf & Country Club,sg_ott,0.6929116206601148,2023-06-11,-0.005896834683186433,925,Dunes Golf and Beach Club
17550,"van Rooyen, Erik",654,The Country Club,sg_ott,0.48488049549866585,2022-06-19,0.00047587976273444224,925,Dunes Golf and Beach Club
17550,"van Rooyen, Erik",240,Club de Golf Chapultepec,sg_ott,0.41573566603065726,2020-02-23,-0.00018721492479887057,925,Dunes Golf and Beach Club
17550,"van Rooyen, Erik",510,TPC Scottsdale (Stadium Course),sg_putt,5.517937710694738,2026-02-08,-0.033205291020705824,925,Dunes Golf and Beach Club
17550,"van Rooyen, Erik",925,Dunes Golf and Beach Club,sg_putt,1.939236543069373,2024-05-12,0.03947084116553367,925,Dunes Golf and Beach Club
17550,"van Rooyen, Erik",872,Quail Hollow Club,sg_putt,0.9921600180339931,2023-05-07,0.0012159334973271406,925,Dunes Golf and Beach Club
17550,"van Rooyen, Erik",503,TPC River Highlands,sg_putt,0.7026806066919956,2023-06-25,-0.00014313916914950072,925,Dunes Golf and Beach Club
17550,"van Rooyen, Erik",898,The Concession Golf Club,sg_putt,0.6024770902147517,2021-02-28,0.0012638673548760779,925,Dunes Golf and Beach Club
17550,"van Rooyen, Erik",895,TPC Harding Park,sg_putt,0.491788939699716,2020-08-09,-0.0009143413867420678,925,Dunes Golf and Beach Club
17550,"van Rooyen, Erik",240,Club de Golf Chapultepec,sg_putt,0.41573566603065726,2020-02-23,0.0036387374027334212,925,Dunes Golf and Beach Club
17550,"van Rooyen, Erik",744,Torrey Pines (South),sg_putt,0.3369391868246024,2021-06-20,0.0038548893711934195,925,Dunes Golf and Beach Club
17550,"van Rooyen, Erik",778,Royal St. George's GC,sg_total,0.3465068056428854,2021-07-18,-0.0030026559142725894,925,Dunes Golf and Beach Club
