dg_id,player_name,course_num_b,course_name_b,skill,effective_events,last_played,contribution,target_course_num,target_course_name
19846,"Bauchou, Zach",714,TPC Louisiana,sg_ott,3.952286851447722,2026-04-26,0.025828588313329813,921,TPC Craig Ranch
19846,"Bauchou, Zach",770,TPC San Antonio - The Oaks Course,sg_ott,3.9110049487733454,2026-04-05,0.02499313600733422,921,TPC Craig Ranch
19846,"Bauchou, Zach",897,Memorial Park Golf Course,sg_ott,1.9486701792174987,2026-03-29,-0.0006893656418649125,921,TPC Craig Ranch
19846,"Bauchou, Zach",928,PGA National  - Champion Course,sg_ott,3.8431577566092927,2026-03-01,-0.008563813214914662,921,TPC Craig Ranch
19846,"Bauchou, Zach",4,Torrey Pines Golf Course (South Course),sg_ott,2.8422963195053947,2026-02-01,-0.02628888979916423,921,TPC Craig Ranch
19846,"Bauchou, Zach",510,TPC Scottsdale (Stadium Course),sg_putt,3.8030157146893075,2026-02-08,0.0024563166441360904,921,TPC Craig Ranch
19846,"Bauchou, Zach",665,Innisbrook Resort and Golf Club - Copperhead Course,sg_putt,1.9418617552823885,2026-03-22,-0.008509453461736363,921,TPC Craig Ranch
19846,"Bauchou, Zach",98,PGA Riviera Maya,sg_total,3.306183030916225,2025-05-04,0.016993892078586703,921,TPC Craig Ranch
19846,"Bauchou, Zach",809,Country Club de Bogota-Pacos,sg_total,1.4532202827484073,2025-02-09,-0.03402322342063851,921,TPC Craig Ranch
18103,"Bezuidenhout, Christiaan",921,TPC Craig Ranch,sg_app,4.227354313969197,2023-05-14,0.056221927755860115,921,TPC Craig Ranch
18103,"Bezuidenhout, Christiaan",514,Oak Hill Country Club,sg_app,1.1567879787560167,2023-05-21,0.01873854108036771,921,TPC Craig Ranch
18103,"Bezuidenhout, Christiaan",379,The Philadelphia Cricket Club (Wissahickon Course),sg_app,3.3177749455416157,2025-05-11,0.01660716556245755,921,TPC Craig Ranch
18103,"Bezuidenhout, Christiaan",5,Pebble Beach Golf Links,sg_app,4.601046709615529,2025-02-02,0.01341183769723072,921,TPC Craig Ranch
18103,"Bezuidenhout, Christiaan",887,Kasumigaseki Country Club,sg_app,1.664948781537463,2021-08-01,0.008586613606935132,921,TPC Craig Ranch
18103,"Bezuidenhout, Christiaan",656,Plantation Course at Kapalua,sg_app,3.1152031322856195,2025-01-05,-0.007299939707551374,921,TPC Craig Ranch
18103,"Bezuidenhout, Christiaan",406,Castle Pines Golf Club,sg_app,2.914780046239138,2024-08-25,-0.01134418132887614,921,TPC Craig Ranch
18103,"Bezuidenhout, Christiaan",709,Royal Troon,sg_app,1.432107564454417,2024-07-21,-0.013195189350808793,921,TPC Craig Ranch
18103,"Bezuidenhout, Christiaan",891,Winged Foot GC,sg_app,1.4223271399131445,2020-09-20,-0.015371462764122523,921,TPC Craig Ranch
18103,"Bezuidenhout, Christiaan",671,Valhalla Golf Club,sg_arg,1.3876992786253213,2024-05-19,0.004665740051479765,921,TPC Craig Ranch
18103,"Bezuidenhout, Christiaan",930,Black Desert Resort,sg_arg,3.608507893926066,2025-10-26,0.002661829485109811,921,TPC Craig Ranch
18103,"Bezuidenhout, Christiaan",744,Torrey Pines (South),sg_arg,1.6303494219182981,2021-06-20,-0.0008840827324488739,921,TPC Craig Ranch
18103,"Bezuidenhout, Christiaan",933,East Lake Golf Club,sg_arg,2.924999650275528,2024-09-01,-0.007298954005224133,921,TPC Craig Ranch
18103,"Bezuidenhout, Christiaan",6,Waialae Country Club,sg_arg,2.8970049246069496,2023-01-15,-0.008116403088628195,921,TPC Craig Ranch
18103,"Bezuidenhout, Christiaan",21,Colonial Country Club,sg_arg,11.060416454888777,2025-05-25,-0.0123151951506059,921,TPC Craig Ranch
18103,"Bezuidenhout, Christiaan",406,Castle Pines Golf Club,sg_arg,2.914780046239138,2024-08-25,-0.016039402981250696,921,TPC Craig Ranch
18103,"Bezuidenhout, Christiaan",921,TPC Craig Ranch,sg_arg,4.227354313969197,2023-05-14,-0.028614692924503252,921,TPC Craig Ranch
18103,"Bezuidenhout, Christiaan",250,Le Golf National,sg_ott,2.884334972106428,2024-08-04,0.021474909692814816,921,TPC Craig Ranch
18103,"Bezuidenhout, Christiaan",770,TPC San Antonio - The Oaks Course,sg_ott,8.886309922749323,2026-04-05,0.01874924732105976,921,TPC Craig Ranch
18103,"Bezuidenhout, Christiaan",21,Colonial Country Club,sg_ott,11.060416454888777,2025-05-25,0.017822627487831963,921,TPC Craig Ranch
18103,"Bezuidenhout, Christiaan",379,The Philadelphia Cricket Club (Wissahickon Course),sg_ott,3.3177749455416157,2025-05-11,0.0097124413048896,921,TPC Craig Ranch
18103,"Bezuidenhout, Christiaan",12,Harbour Town Golf Links,sg_ott,11.232230160352135,2025-04-20,0.00766607187724499,921,TPC Craig Ranch
18103,"Bezuidenhout, Christiaan",205,Spyglass Hill Golf Course,sg_ott,0.7897806739328027,2025-02-02,0.007649198025158198,921,TPC Craig Ranch
18103,"Bezuidenhout, Christiaan",746,The Country Club of Jackson,sg_ott,8.11335834401002,2025-10-05,0.007019749466724605,921,TPC Craig Ranch
18103,"Bezuidenhout, Christiaan",977,The Renaissance Club,sg_ott,7.303570344590057,2025-07-13,0.006831007636457463,921,TPC Craig Ranch
18103,"Bezuidenhout, Christiaan",5,Pebble Beach Golf Links,sg_ott,4.601046709615529,2025-02-02,0.004576676169304895,921,TPC Craig Ranch
18103,"Bezuidenhout, Christiaan",887,Kasumigaseki Country Club,sg_ott,1.664948781537463,2021-08-01,0.004138744697329606,921,TPC Craig Ranch
18103,"Bezuidenhout, Christiaan",528,Pinehurst Resort & Country Club (Course No. 2),sg_ott,2.814527399847991,2024-06-16,0.003478864946249767,921,TPC Craig Ranch
18103,"Bezuidenhout, Christiaan",4,Torrey Pines Golf Course (South Course),sg_ott,4.865021789101947,2026-02-01,0.003142202484271557,921,TPC Craig Ranch
18103,"Bezuidenhout, Christiaan",241,Quail Hollow-PGA Championship,sg_ott,3.329407502951579,2025-05-18,0.0013502830502458076,921,TPC Craig Ranch
18103,"Bezuidenhout, Christiaan",928,PGA National  - Champion Course,sg_ott,8.382107456485787,2026-03-01,0.0011034996447286422,921,TPC Craig Ranch
18103,"Bezuidenhout, Christiaan",514,Oak Hill Country Club,sg_ott,1.1567879787560167,2023-05-21,0.0010875864176301182,921,TPC Craig Ranch
18103,"Bezuidenhout, Christiaan",872,Quail Hollow Club,sg_ott,2.765701641801234,2024-05-12,-0.0007529896658602203,921,TPC Craig Ranch
18103,"Bezuidenhout, Christiaan",744,Torrey Pines (South),sg_ott,1.6303494219182981,2021-06-20,-0.001552702754185297,921,TPC Craig Ranch
18103,"Bezuidenhout, Christiaan",895,TPC Harding Park,sg_ott,0.6963848546123952,2020-08-09,-0.0015562805861688274,921,TPC Craig Ranch
18103,"Bezuidenhout, Christiaan",671,Valhalla Golf Club,sg_ott,1.3876992786253213,2024-05-19,-0.00215403481005183,921,TPC Craig Ranch
18103,"Bezuidenhout, Christiaan",697,Ocean Course at Kiawah Island,sg_ott,1.6076835612440104,2021-05-23,-0.002735437418399999,921,TPC Craig Ranch
18103,"Bezuidenhout, Christiaan",897,Memorial Park Golf Course,sg_ott,4.774687251730933,2026-03-29,-0.006091644647273674,921,TPC Craig Ranch
18103,"Bezuidenhout, Christiaan",14,Augusta National Golf Club,sg_ott,5.098620809306914,2025-04-13,-0.00628000363477231,921,TPC Craig Ranch
18103,"Bezuidenhout, Christiaan",926,Silverado Resort (North Course),sg_ott,0.6138528730428171,2023-09-17,-0.006433035363960724,921,TPC Craig Ranch
18103,"Bezuidenhout, Christiaan",876,Detroit Golf Club,sg_ott,3.046978920217865,2023-07-02,-0.0067841745660831634,921,TPC Craig Ranch
18103,"Bezuidenhout, Christiaan",891,Winged Foot GC,sg_ott,1.4223271399131445,2020-09-20,-0.006949509072176851,921,TPC Craig Ranch
18103,"Bezuidenhout, Christiaan",901,Wilmington Country Club,sg_ott,2.0183782877342047,2022-08-21,-0.007891520771395238,921,TPC Craig Ranch
18103,"Bezuidenhout, Christiaan",933,East Lake Golf Club,sg_ott,2.924999650275528,2024-09-01,-0.018120338175256136,921,TPC Craig Ranch
18103,"Bezuidenhout, Christiaan",714,TPC Louisiana,sg_ott,5.599602659984876,2026-04-26,-0.019258285560456286,921,TPC Craig Ranch
18103,"Bezuidenhout, Christiaan",921,TPC Craig Ranch,sg_ott,4.227354313969197,2023-05-14,-0.027433064283131477,921,TPC Craig Ranch
18103,"Bezuidenhout, Christiaan",921,TPC Craig Ranch,sg_putt,4.227354313969197,2023-05-14,0.07062502967604284,921,TPC Craig Ranch
18103,"Bezuidenhout, Christiaan",656,Plantation Course at Kapalua,sg_putt,3.1152031322856195,2025-01-05,0.009133339558278795,921,TPC Craig Ranch
18103,"Bezuidenhout, Christiaan",898,The Concession Golf Club,sg_putt,1.5415591836000346,2021-02-28,0.00025883250881731333,921,TPC Craig Ranch
18103,"Bezuidenhout, Christiaan",724,Royal Liverpool,sg_putt,2.387613570697432,2023-07-23,-8.5145339170788e-07,921,TPC Craig Ranch
18103,"Bezuidenhout, Christiaan",406,Castle Pines Golf Club,sg_putt,2.914780046239138,2024-08-25,-0.004276003531044501,921,TPC Craig Ranch
18103,"Bezuidenhout, Christiaan",709,Royal Troon,sg_putt,1.432107564454417,2024-07-21,-0.006872410240470396,921,TPC Craig Ranch
18103,"Bezuidenhout, Christiaan",510,TPC Scottsdale (Stadium Course),sg_putt,8.815860672771837,2026-02-08,-0.009112555665031651,921,TPC Craig Ranch
18103,"Bezuidenhout, Christiaan",668,St. Andrews Links (Old Course),sg_putt,1.9833639368598586,2022-07-17,-0.011760408475394796,921,TPC Craig Ranch
18103,"Bezuidenhout, Christiaan",665,Innisbrook Resort and Golf Club - Copperhead Course,sg_putt,10.07002332033047,2026-03-22,-0.018235984441475114,921,TPC Craig Ranch
18103,"Bezuidenhout, Christiaan",3796,wentworth golf club,sg_total,2.3713076206825527,2019-09-22,0.027669103633300843,921,TPC Craig Ranch
18103,"Bezuidenhout, Christiaan",3900,emirates gc,sg_total,1.2627531300503232,2020-01-26,0.012692119819141754,921,TPC Craig Ranch
18103,"Bezuidenhout, Christiaan",3774,doha gc,sg_total,1.0749717273775774,2019-03-10,0.009576317966747678,921,TPC Craig Ranch
18103,"Bezuidenhout, Christiaan",3878,wentworth golf club,sg_total,1.7002824105530916,2021-09-12,0.008922846674781748,921,TPC Craig Ranch
18103,"Bezuidenhout, Christiaan",3793,crans-sur-sierre gc,sg_total,1.1732695763411345,2019-09-01,0.007923331260704311,921,TPC Craig Ranch
18103,"Bezuidenhout, Christiaan",4177,houghton gc,sg_total,3.6398696785541302,2022-11-27,0.005054113363935655,921,TPC Craig Ranch
18103,"Bezuidenhout, Christiaan",3779,royal golf dar es salam red course,sg_total,1.1016338115835225,2019-04-28,0.0042101044929784,921,TPC Craig Ranch
18103,"Bezuidenhout, Christiaan",3890,leopard creek cc,sg_total,2.08693324535605,2020-11-29,0.003949364901988316,921,TPC Craig Ranch
18103,"Bezuidenhout, Christiaan",3731,centro nacional de golf,sg_total,0.9119176045475286,2018-04-15,0.002907356130198552,921,TPC Craig Ranch
18103,"Bezuidenhout, Christiaan",3648,royal golf dar es salam red course,sg_total,0.9151149081808897,2018-04-22,0.002636187319461843,921,TPC Craig Ranch
18103,"Bezuidenhout, Christiaan",3798,kingsbarns golf links,sg_total,0.2974527173217405,2019-09-29,0.0018382821994593196,921,TPC Craig Ranch
18103,"Bezuidenhout, Christiaan",3670,kingsbarns golf links,sg_total,0.24882635382318666,2018-10-07,0.0018364957449074815,921,TPC Craig Ranch
18103,"Bezuidenhout, Christiaan",3495,glendower gc,sg_total,0.7263628185803896,2017-01-15,0.001485494618670824,921,TPC Craig Ranch
18103,"Bezuidenhout, Christiaan",3671,carnoustie,sg_total,0.24882635382318666,2018-10-07,0.001479716457230442,921,TPC Craig Ranch
18103,"Bezuidenhout, Christiaan",3649,rinkven international gc,sg_total,0.4640083090689401,2018-05-20,0.0009043583306179742,921,TPC Craig Ranch
18103,"Bezuidenhout, Christiaan",3797,old course st andrews,sg_total,0.2974527173217405,2019-09-29,0.000648533625968437,921,TPC Craig Ranch
18103,"Bezuidenhout, Christiaan",3638,saujana g&cc,sg_total,1.0825229278367845,2019-03-24,0.0005741634266073802,921,TPC Craig Ranch
18103,"Bezuidenhout, Christiaan",3538,kingsbarns golf links,sg_total,0.20742198207776844,2017-10-08,0.0005190998367232552,921,TPC Craig Ranch
18103,"Bezuidenhout, Christiaan",3898,randpark gc firethorn course,sg_total,1.7813297458199913,2020-11-22,0.00020133448238216352,921,TPC Craig Ranch
18103,"Bezuidenhout, Christiaan",3806,gary player cc,sg_total,1.2193212617727873,2019-11-17,-0.0002048037865506235,921,TPC Craig Ranch
18103,"Bezuidenhout, Christiaan",3765,randpark gc firethorn course,sg_total,0.25678913942997755,2018-12-09,-0.00043029943905018963,921,TPC Craig Ranch
18103,"Bezuidenhout, Christiaan",3662,hills golf & sports club,sg_total,0.9712167240106379,2018-08-19,-0.000603163491243325,921,TPC Craig Ranch
18103,"Bezuidenhout, Christiaan",3500,royal johannesburg east course,sg_total,0.18544443195597088,2017-02-26,-0.0008434808252461079,921,TPC Craig Ranch
18103,"Bezuidenhout, Christiaan",3666,dutch,sg_total,0.4924546915572394,2018-09-16,-0.0009592768631023596,921,TPC Craig Ranch
18103,"Bezuidenhout, Christiaan",3899,abu dhabi gc,sg_total,1.2583412194425352,2020-01-19,-0.0019159804513131122,921,TPC Craig Ranch
18103,"Bezuidenhout, Christiaan",3658,green eagle golf courses,sg_total,0.4805361499185814,2018-07-29,-0.0028785745170041375,921,TPC Craig Ranch
18103,"Bezuidenhout, Christiaan",3867,mount juliet estate,sg_total,1.6418019047975365,2021-07-04,-0.00371553243044449,921,TPC Craig Ranch
18103,"Bezuidenhout, Christiaan",3773,al mouj golf,sg_total,1.0712159028587338,2019-03-03,-0.007466174465169761,921,TPC Craig Ranch
18103,"Bezuidenhout, Christiaan",4585,k club,sg_total,3.5211736633368846,2025-09-07,-0.012051966499389756,921,TPC Craig Ranch
18103,"Bezuidenhout, Christiaan",4201,pgm ishioka gc,sg_total,1.1407057850841078,2023-04-23,-0.012985344467469956,921,TPC Craig Ranch
17639,"Blair, Zac",934,Hurstbourne Country Club,sg_app,3.4239483077157167,2025-07-13,0.043212957866530684,921,TPC Craig Ranch
17639,"Blair, Zac",875,ACCORDIA GOLF Narashino Country Club,sg_app,3.0080570172775305,2024-10-27,0.013324724219654187,921,TPC Craig Ranch
17639,"Blair, Zac",781,Plainfield CC,sg_app,0.5645616786705364,2015-08-30,0.008131989481768846,921,TPC Craig Ranch
17639,"Blair, Zac",715,Baltusrol GC,sg_app,0.3339203393340814,2016-07-31,-0.0030464462821091906,921,TPC Craig Ranch
17639,"Blair, Zac",649,Hualalai Golf Course,sg_app,0.12662820573141143,2015-01-25,-0.005433296200099068,921,TPC Craig Ranch
17639,"Blair, Zac",616,Robert Trent Jones GC,sg_app,0.27835644246096747,2015-08-02,-0.010142168093782655,921,TPC Craig Ranch
17639,"Blair, Zac",5,Pebble Beach Golf Links,sg_app,2.2088166311895012,2023-02-05,-0.03698741704267906,921,TPC Craig Ranch
17639,"Blair, Zac",921,TPC Craig Ranch,sg_app,3.0311108185738744,2025-05-04,-0.0605441740716262,921,TPC Craig Ranch
17639,"Blair, Zac",6,Waialae Country Club,sg_arg,11.632100055638507,2026-01-18,0.020635179284284006,921,TPC Craig Ranch
17639,"Blair, Zac",671,Valhalla Golf Club,sg_arg,2.7753985572506426,2024-05-19,0.006996472966648483,921,TPC Craig Ranch
17639,"Blair, Zac",243,Trinity Forest Golf Club,sg_arg,0.9280166181378802,2018-05-20,0.002565614110799425,921,TPC Craig Ranch
17639,"Blair, Zac",21,Colonial Country Club,sg_arg,6.827546930769765,2025-05-25,0.002264338710508146,921,TPC Craig Ranch
17639,"Blair, Zac",789,Conway Farms GC,sg_arg,0.5705208069707626,2015-09-20,0.000950223840176446,921,TPC Craig Ranch
17639,"Blair, Zac",689,El Bosque CC,sg_arg,0.6772562030538207,2016-08-28,-0.0006914687559454949,921,TPC Craig Ranch
17639,"Blair, Zac",930,Black Desert Resort,sg_arg,6.5955820378194945,2025-10-26,-0.0059305860697668545,921,TPC Craig Ranch
17639,"Blair, Zac",874,Hamilton Golf & Country Club,sg_arg,2.7948945033543784,2024-06-02,-0.012806240425024885,921,TPC Craig Ranch
17639,"Blair, Zac",921,TPC Craig Ranch,sg_arg,3.0311108185738744,2025-05-04,-0.024456980521714845,921,TPC Craig Ranch
17639,"Blair, Zac",926,Silverado Resort (North Course),sg_ott,8.934477333526672,2025-09-14,0.04912809314307663,921,TPC Craig Ranch
17639,"Blair, Zac",21,Colonial Country Club,sg_ott,6.827546930769765,2025-05-25,0.013016267389490058,921,TPC Craig Ranch
17639,"Blair, Zac",5,Pebble Beach Golf Links,sg_ott,2.2088166311895012,2023-02-05,0.010556236215975555,921,TPC Craig Ranch
17639,"Blair, Zac",528,Pinehurst Resort & Country Club (Course No. 2),sg_ott,2.814527399847991,2024-06-16,0.009354659985532142,921,TPC Craig Ranch
17639,"Blair, Zac",714,TPC Louisiana,sg_ott,4.764165019345122,2026-04-26,0.008632316088524427,921,TPC Craig Ranch
17639,"Blair, Zac",781,Plainfield CC,sg_ott,0.5645616786705364,2015-08-30,0.0037774818617728285,921,TPC Craig Ranch
17639,"Blair, Zac",893,Muirfield Village Golf Club,sg_ott,0.686703394995133,2020-07-12,0.000786325962967787,921,TPC Craig Ranch
17639,"Blair, Zac",715,Baltusrol GC,sg_ott,0.3339203393340814,2016-07-31,0.0003668104312875768,921,TPC Craig Ranch
17639,"Blair, Zac",12,Harbour Town Golf Links,sg_ott,1.9220986776762703,2017-04-16,0.0001884499745842952,921,TPC Craig Ranch
17639,"Blair, Zac",823,Keene Trace Golf Club,sg_ott,0.9577144264939117,2018-07-22,-5.8650576981986334e-05,921,TPC Craig Ranch
17639,"Blair, Zac",616,Robert Trent Jones GC,sg_ott,0.27835644246096747,2015-08-02,-0.0007012868975817655,921,TPC Craig Ranch
17639,"Blair, Zac",928,PGA National  - Champion Course,sg_ott,1.3352882425378578,2024-03-03,-0.0012892536440194545,921,TPC Craig Ranch
17639,"Blair, Zac",770,TPC San Antonio - The Oaks Course,sg_ott,4.550773676592778,2024-04-07,-0.0023384962131050673,921,TPC Craig Ranch
17639,"Blair, Zac",698,Quail Hollow Club,sg_ott,0.4279364554075077,2016-05-08,-0.003633610894638078,921,TPC Craig Ranch
17639,"Blair, Zac",243,Trinity Forest Golf Club,sg_ott,0.9280166181378802,2018-05-20,-0.00429855342580402,921,TPC Craig Ranch
17639,"Blair, Zac",671,Valhalla Golf Club,sg_ott,2.7753985572506426,2024-05-19,-0.004416870889872793,921,TPC Craig Ranch
17639,"Blair, Zac",689,El Bosque CC,sg_ott,0.6772562030538207,2016-08-28,-0.005533081589509087,921,TPC Craig Ranch
17639,"Blair, Zac",235,Eagle Point Golf Club,sg_ott,0.7681996344830163,2017-05-07,-0.006135666194079151,921,TPC Craig Ranch
17639,"Blair, Zac",746,The Country Club of Jackson,sg_ott,7.93612098294426,2025-10-05,-0.007049021302173078,921,TPC Craig Ranch
17639,"Blair, Zac",819,Harbor Shores Resort,sg_ott,1.848568120511125,2017-07-23,-0.007309603898657101,921,TPC Craig Ranch
17639,"Blair, Zac",32,Glen Abbey GC,sg_ott,2.249169335268376,2018-07-29,-0.008465195978416093,921,TPC Craig Ranch
17639,"Blair, Zac",897,Memorial Park Golf Course,sg_ott,2.40659153515054,2024-03-31,-0.010471402997260201,921,TPC Craig Ranch
17639,"Blair, Zac",4,Torrey Pines Golf Course (South Course),sg_ott,7.123729958124108,2025-01-25,-0.010829490979142504,921,TPC Craig Ranch
17639,"Blair, Zac",921,TPC Craig Ranch,sg_ott,3.0311108185738744,2025-05-04,-0.011203290694841803,921,TPC Craig Ranch
17639,"Blair, Zac",977,The Renaissance Club,sg_ott,1.1896357651432707,2023-07-16,-0.012182345163933317,921,TPC Craig Ranch
17639,"Blair, Zac",872,Quail Hollow Club,sg_ott,2.297437476392113,2023-05-07,-0.01349813959929143,921,TPC Craig Ranch
17639,"Blair, Zac",876,Detroit Golf Club,sg_ott,3.967094765884852,2024-06-30,-0.01838374689823854,921,TPC Craig Ranch
17639,"Blair, Zac",665,Innisbrook Resort and Golf Club - Copperhead Course,sg_putt,6.47745585172783,2026-03-22,0.02578565456583856,921,TPC Craig Ranch
17639,"Blair, Zac",510,TPC Scottsdale (Stadium Course),sg_putt,3.621585271376984,2024-02-11,0.009218302867063006,921,TPC Craig Ranch
17639,"Blair, Zac",893,Muirfield Village Golf Club,sg_putt,0.686703394995133,2020-07-12,-0.0013549557061101642,921,TPC Craig Ranch
17639,"Blair, Zac",715,Baltusrol GC,sg_putt,0.3339203393340814,2016-07-31,-0.001432509836251471,921,TPC Craig Ranch
17639,"Blair, Zac",649,Hualalai Golf Course,sg_putt,0.12662820573141143,2015-01-25,-0.0014644849344073072,921,TPC Craig Ranch
17639,"Blair, Zac",666,Pebble Beach Golf Links,sg_putt,1.1289571845620932,2019-06-16,-0.007898540662560348,921,TPC Craig Ranch
17639,"Blair, Zac",921,TPC Craig Ranch,sg_putt,3.0311108185738744,2025-05-04,-0.020989131666069076,921,TPC Craig Ranch
17639,"Blair, Zac",98,PGA Riviera Maya,sg_total,3.9384780270069317,2026-04-19,0.015252572075105797,921,TPC Craig Ranch
17639,"Blair, Zac",244,Puntacana Resort (Corales Golf Course),sg_total,5.161630851177838,2025-04-20,0.00776470936003108,921,TPC Craig Ranch
17639,"Blair, Zac",655,The Glen Club,sg_total,1.1171651506413875,2019-05-26,0.0021782819730679385,921,TPC Craig Ranch
17639,"Blair, Zac",3670,kingsbarns golf links,sg_total,0.24882635382318666,2018-10-07,5.5919501651423395e-05,921,TPC Craig Ranch
17639,"Blair, Zac",56,Atlantic Beach Country Club,sg_total,0.9068351347451309,2018-09-20,-0.002077421906421145,921,TPC Craig Ranch
17639,"Blair, Zac",630,Fox Den CC,sg_total,1.4814051910878274,2019-05-19,-0.0024883555922125427,921,TPC Craig Ranch
17639,"Blair, Zac",742,Grand Reserve Golf Club,sg_total,2.9772489172199323,2020-02-23,-0.011481659601426965,921,TPC Craig Ranch
17639,"Blair, Zac",3671,carnoustie,sg_total,0.24882635382318666,2018-10-07,-0.013843334994713633,921,TPC Craig Ranch
24956,"Blanchet, Chandler",714,TPC Louisiana,sg_ott,1.976143425723861,2026-04-26,0.011371865561099495,921,TPC Craig Ranch
24956,"Blanchet, Chandler",928,PGA National  - Champion Course,sg_ott,1.9215788783046464,2026-03-01,0.0057247557844002225,921,TPC Craig Ranch
24956,"Blanchet, Chandler",872,Quail Hollow Club,sg_ott,3.9800499167707293,2026-05-10,0.005118728998830245,921,TPC Craig Ranch
24956,"Blanchet, Chandler",770,TPC San Antonio - The Oaks Course,sg_ott,1.9555024743866727,2026-04-05,0.004228792216132245,921,TPC Craig Ranch
24956,"Blanchet, Chandler",4,Torrey Pines Golf Course (South Course),sg_ott,0.9474321065017983,2026-02-01,0.0028822576176030608,921,TPC Craig Ranch
24956,"Blanchet, Chandler",8,Trump National Doral - Blue Monster Course,sg_ott,3.966144091451867,2026-05-03,-0.005988309107373696,921,TPC Craig Ranch
24956,"Blanchet, Chandler",897,Memorial Park Golf Course,sg_ott,1.9486701792174987,2026-03-29,-0.007073608979632691,921,TPC Craig Ranch
24956,"Blanchet, Chandler",12,Harbour Town Golf Links,sg_ott,3.9384780270069317,2026-04-19,-0.013277881720985617,921,TPC Craig Ranch
24956,"Blanchet, Chandler",665,Innisbrook Resort and Golf Club - Copperhead Course,sg_putt,3.883723510564777,2026-03-22,0.04759469019382647,921,TPC Craig Ranch
24956,"Blanchet, Chandler",510,TPC Scottsdale (Stadium Course),sg_putt,1.9015078573446538,2026-02-08,-0.0031940589701975343,921,TPC Craig Ranch
24956,"Blanchet, Chandler",108,Prince of Wales Country Club,sg_total,3.214893917778624,2025-03-09,0.014965549225954545,921,TPC Craig Ranch
24956,"Blanchet, Chandler",98,PGA Riviera Maya,sg_total,3.306183030916225,2025-05-04,0.013860821046072455,921,TPC Craig Ranch
24956,"Blanchet, Chandler",65,TPC San Antonio-AT&T Oaks,sg_total,1.37753319687576,2020-07-18,0.008756449027136074,921,TPC Craig Ranch
24956,"Blanchet, Chandler",809,Country Club de Bogota-Pacos,sg_total,0.7925497493467781,2025-02-09,0.002552435763873288,921,TPC Craig Ranch
24956,"Blanchet, Chandler",811,Paiute Golf Resort - Sun Mt GC,sg_total,0.7898969228492065,2021-04-18,0.0005760398578993629,921,TPC Craig Ranch
24956,"Blanchet, Chandler",62,The Ledges,sg_total,1.749673430060737,2022-05-01,-0.001487042795478047,921,TPC Craig Ranch
24956,"Blanchet, Chandler",61,Country Club at Golden Nugget,sg_total,0.9376741115073225,2022-03-27,-0.0065179520017993415,921,TPC Craig Ranch
24956,"Blanchet, Chandler",67,The King & Bear Course at WGV,sg_total,0.6791910512898782,2020-06-20,-0.008538046438866383,921,TPC Craig Ranch
10423,"Brehm, Ryan",921,TPC Craig Ranch,sg_app,5.445476010179752,2024-05-05,0.055024934435937214,921,TPC Craig Ranch
10423,"Brehm, Ryan",934,Hurstbourne Country Club,sg_app,1.7119741538578583,2025-07-13,0.01471973917378248,921,TPC Craig Ranch
10423,"Brehm, Ryan",656,Plantation Course at Kapalua,sg_app,2.1647272264608115,2023-01-08,-0.00024110464672356458,921,TPC Craig Ranch
10423,"Brehm, Ryan",5,Pebble Beach Golf Links,sg_app,1.7514756830810607,2023-02-05,-0.012063543845566146,921,TPC Craig Ranch
10423,"Brehm, Ryan",874,Hamilton Golf & Country Club,sg_arg,1.3974472516771892,2024-06-02,0.0019624647471370503,921,TPC Craig Ranch
10423,"Brehm, Ryan",930,Black Desert Resort,sg_arg,1.4935370719467143,2024-10-13,7.954823835863019e-06,921,TPC Craig Ranch
10423,"Brehm, Ryan",21,Colonial Country Club,sg_arg,0.967680972935982,2022-05-29,-0.0003248963266578591,921,TPC Craig Ranch
10423,"Brehm, Ryan",6,Waialae Country Club,sg_arg,4.828623407643975,2024-01-14,-0.014012197297709477,921,TPC Craig Ranch
10423,"Brehm, Ryan",921,TPC Craig Ranch,sg_arg,5.445476010179752,2024-05-05,-0.02079349343820661,921,TPC Craig Ranch
10423,"Brehm, Ryan",876,Detroit Golf Club,sg_ott,9.803258300255198,2025-06-29,0.05061375045992466,921,TPC Craig Ranch
10423,"Brehm, Ryan",4,Torrey Pines Golf Course (South Course),sg_ott,4.389518568080643,2024-01-27,0.017746134860408873,921,TPC Craig Ranch
10423,"Brehm, Ryan",897,Memorial Park Golf Course,sg_ott,3.7607052841468693,2024-03-31,0.014151995050957347,921,TPC Craig Ranch
10423,"Brehm, Ryan",714,TPC Louisiana,sg_ott,3.6234592342610146,2026-04-26,0.013958689737754456,921,TPC Craig Ranch
10423,"Brehm, Ryan",746,The Country Club of Jackson,sg_ott,4.3524165137995094,2024-10-06,0.011386962893497605,921,TPC Craig Ranch
10423,"Brehm, Ryan",921,TPC Craig Ranch,sg_ott,5.445476010179752,2024-05-05,0.009580901481600396,921,TPC Craig Ranch
10423,"Brehm, Ryan",928,PGA National  - Champion Course,sg_ott,1.3352882425378578,2024-03-03,0.008116706346421164,921,TPC Craig Ranch
10423,"Brehm, Ryan",770,TPC San Antonio - The Oaks Course,sg_ott,3.847051137488156,2024-04-07,0.007463209360192141,921,TPC Craig Ranch
10423,"Brehm, Ryan",872,Quail Hollow Club,sg_ott,0.7982345364086264,2021-05-09,0.007389275657808193,921,TPC Craig Ranch
10423,"Brehm, Ryan",819,Harbor Shores Resort,sg_ott,0.399176014830406,2017-07-23,0.004023047699807631,921,TPC Craig Ranch
10423,"Brehm, Ryan",32,Glen Abbey GC,sg_ott,0.4005755786903461,2017-07-30,0.003005353319296655,921,TPC Craig Ranch
10423,"Brehm, Ryan",926,Silverado Resort (North Course),sg_ott,1.4727732389122001,2024-09-15,0.0015869520707520218,921,TPC Craig Ranch
10423,"Brehm, Ryan",235,Eagle Point Golf Club,sg_ott,0.38409981724150816,2017-05-07,0.0012552313140036294,921,TPC Craig Ranch
10423,"Brehm, Ryan",21,Colonial Country Club,sg_ott,0.967680972935982,2022-05-29,-0.00015774031886546741,921,TPC Craig Ranch
10423,"Brehm, Ryan",12,Harbour Town Golf Links,sg_ott,2.0842918538670205,2023-04-16,-0.006997871636284474,921,TPC Craig Ranch
10423,"Brehm, Ryan",5,Pebble Beach Golf Links,sg_ott,1.7514756830810607,2023-02-05,-0.00983912562083858,921,TPC Craig Ranch
10423,"Brehm, Ryan",665,Innisbrook Resort and Golf Club - Copperhead Course,sg_putt,7.604841026576871,2024-03-24,0.020456548553385225,921,TPC Craig Ranch
10423,"Brehm, Ryan",921,TPC Craig Ranch,sg_putt,5.445476010179752,2024-05-05,0.007799397104111862,921,TPC Craig Ranch
10423,"Brehm, Ryan",656,Plantation Course at Kapalua,sg_putt,2.1647272264608115,2023-01-08,-0.003099494684054503,921,TPC Craig Ranch
10423,"Brehm, Ryan",510,TPC Scottsdale (Stadium Course),sg_putt,2.4228127512368127,2024-02-11,-0.0038616007932850576,921,TPC Craig Ranch
10423,"Brehm, Ryan",742,Grand Reserve Golf Club,sg_total,7.733932975655617,2024-03-10,0.04014929984810029,921,TPC Craig Ranch
10423,"Brehm, Ryan",4603,kingsbarns golf links,sg_total,0.892704196411185,2025-10-05,0.015994185209815832,921,TPC Craig Ranch
10423,"Brehm, Ryan",4601,old course st andrews,sg_total,0.892704196411185,2025-10-05,0.005044263010348161,921,TPC Craig Ranch
10423,"Brehm, Ryan",630,Fox Den CC,sg_total,2.0380361447251247,2019-05-19,0.004172953945273966,921,TPC Craig Ranch
10423,"Brehm, Ryan",56,Atlantic Beach Country Club,sg_total,0.8267890964769182,2017-10-01,0.0031291449043862603,921,TPC Craig Ranch
10423,"Brehm, Ryan",809,Country Club de Bogota-Pacos,sg_total,0.7925497493467781,2025-02-09,0.0016143397884779748,921,TPC Craig Ranch
10423,"Brehm, Ryan",244,Puntacana Resort (Corales Golf Course),sg_total,6.386253387181624,2024-04-21,0.0005556113298650549,921,TPC Craig Ranch
10423,"Brehm, Ryan",236,Erin Hills,sg_total,0.7845024067939457,2017-06-18,0.00028008606706744744,921,TPC Craig Ranch
10423,"Brehm, Ryan",806,Furman University Golf Club,sg_total,0.23200415453447004,2018-05-20,-0.0010175673126174654,921,TPC Craig Ranch
10423,"Brehm, Ryan",655,The Glen Club,sg_total,0.5585825753206938,2019-05-26,-0.0021833649987213146,921,TPC Craig Ranch
10423,"Brehm, Ryan",67,The King & Bear Course at WGV,sg_total,0.6791910512898782,2020-06-20,-0.004448016093536618,921,TPC Craig Ranch
10423,"Brehm, Ryan",98,PGA Riviera Maya,sg_total,3.6223305289615784,2026-04-19,-0.0059984851622630325,921,TPC Craig Ranch
10423,"Brehm, Ryan",4585,k club,sg_total,1.7605868316684423,2025-09-07,-0.008791918363801443,921,TPC Craig Ranch
10423,"Brehm, Ryan",804,The Country Club of Virginia,sg_total,0.45755745409044485,2018-04-22,-0.013439317190041928,921,TPC Craig Ranch
10423,"Brehm, Ryan",4582,furesø golf klub,sg_total,1.7421973834915967,2025-08-17,-0.02296395769455963,921,TPC Craig Ranch
29197,"Brennan, Michael",6,Waialae Country Club,sg_arg,1.8816464795520194,2026-01-18,-0.004820946644103748,921,TPC Craig Ranch
29197,"Brennan, Michael",928,PGA National  - Champion Course,sg_ott,3.8431577566092927,2026-03-01,0.026858602059330758,921,TPC Craig Ranch
29197,"Brennan, Michael",14,Augusta National Golf Club,sg_ott,3.924717448971224,2026-04-12,0.024861722386198735,921,TPC Craig Ranch
29197,"Brennan, Michael",12,Harbour Town Golf Links,sg_ott,3.9384780270069317,2026-04-19,0.0030281439776439927,921,TPC Craig Ranch
29197,"Brennan, Michael",897,Memorial Park Golf Course,sg_ott,3.8973403584349975,2026-03-29,-0.008379294439758928,921,TPC Craig Ranch
29197,"Brennan, Michael",714,TPC Louisiana,sg_ott,1.976143425723861,2026-04-26,-0.011006190426812818,921,TPC Craig Ranch
29197,"Brennan, Michael",665,Innisbrook Resort and Golf Club - Copperhead Course,sg_putt,1.9418617552823885,2026-03-22,0.006574316488740556,921,TPC Craig Ranch
29197,"Brennan, Michael",510,TPC Scottsdale (Stadium Course),sg_putt,3.8030157146893075,2026-02-08,-0.004050891306689337,921,TPC Craig Ranch
32152,"Brown, Blades",21,Colonial Country Club,sg_arg,1.670540422822544,2025-05-25,0.002427299228873307,921,TPC Craig Ranch
32152,"Brown, Blades",714,TPC Louisiana,sg_ott,3.952286851447722,2026-04-26,0.0062372831290172775,921,TPC Craig Ranch
32152,"Brown, Blades",21,Colonial Country Club,sg_ott,1.670540422822544,2025-05-25,-0.004136809514661449,921,TPC Craig Ranch
32152,"Brown, Blades",928,PGA National  - Champion Course,sg_ott,1.9215788783046464,2026-03-01,-0.017287589494417627,921,TPC Craig Ranch
32152,"Brown, Blades",665,Innisbrook Resort and Golf Club - Copperhead Course,sg_putt,5.5024620726702285,2026-03-22,-0.018553328958121767,921,TPC Craig Ranch
32152,"Brown, Blades",98,PGA Riviera Maya,sg_total,5.591569542465044,2026-04-19,0.01707017167455462,921,TPC Craig Ranch
20766,"Brown, Dan",6,Waialae Country Club,sg_arg,3.7632929591040387,2026-01-18,0.017097173637581238,921,TPC Craig Ranch
20766,"Brown, Dan",714,TPC Louisiana,sg_ott,3.952286851447722,2026-04-26,0.026412884740348308,921,TPC Craig Ranch
20766,"Brown, Dan",928,PGA National  - Champion Course,sg_ott,3.8431577566092927,2026-03-01,0.011877488153497647,921,TPC Craig Ranch
20766,"Brown, Dan",770,TPC San Antonio - The Oaks Course,sg_ott,1.9555024743866727,2026-04-05,0.00703627123761908,921,TPC Craig Ranch
20766,"Brown, Dan",897,Memorial Park Golf Course,sg_ott,1.9486701792174987,2026-03-29,-0.0171493885592009,921,TPC Craig Ranch
20766,"Brown, Dan",4,Torrey Pines Golf Course (South Course),sg_ott,2.8422963195053947,2026-02-01,-0.017745012314827453,921,TPC Craig Ranch
20766,"Brown, Dan",510,TPC Scottsdale (Stadium Course),sg_putt,1.9015078573446538,2026-02-08,0.012455312619169183,921,TPC Craig Ranch
20766,"Brown, Dan",665,Innisbrook Resort and Golf Club - Copperhead Course,sg_putt,1.9418617552823885,2026-03-22,-0.031189147100306597,921,TPC Craig Ranch
20766,"Brown, Daniel",977,The Renaissance Club,sg_ott,3.4239483077157167,2025-07-13,-0.001096271353571186,921,TPC Craig Ranch
20766,"Brown, Daniel",4567,royal golf club,sg_total,3.159122695731211,2025-02-02,0.03235295668534059,921,TPC Craig Ranch
20766,"Brown, Daniel",4585,k club,sg_total,3.5211736633368846,2025-09-07,0.015610099019483913,921,TPC Craig Ranch
20766,"Brown, Daniel",4592,yas links,sg_total,3.6338560642748248,2025-11-09,0.007257691735019802,921,TPC Craig Ranch
20766,"Brown, Daniel",4575,international,sg_total,3.364550459378493,2025-06-08,0.006617814874862356,921,TPC Craig Ranch
20766,"Brown, Daniel",4056,frederikshavn golfklub,sg_total,2.0113263118837637,2022-08-14,0.006343500878549597,921,TPC Craig Ranch
20766,"Brown, Daniel",4401,carnoustie,sg_total,0.7441594147231158,2024-10-06,0.0006161432456892496,921,TPC Craig Ranch
20766,"Brown, Daniel",4177,houghton gc,sg_total,2.119741953270274,2022-11-27,-0.002388844676380123,921,TPC Craig Ranch
20766,"Brown, Daniel",4458,adriatic golf club cervia,sg_total,1.417149104373669,2024-06-30,-0.0027015081653062514,921,TPC Craig Ranch
20766,"Brown, Daniel",4382,rinkven international gc,sg_total,1.392564735683542,2024-05-26,-0.003131392643617183,921,TPC Craig Ranch
20766,"Brown, Daniel",4493,pga national oaks prague,sg_total,1.4522980741473819,2024-08-18,-0.004177345441158388,921,TPC Craig Ranch
20766,"Brown, Daniel",4392,brabazon course at the belfry,sg_total,2.924999650275528,2024-09-01,-0.00860750969649246,921,TPC Craig Ranch
20766,"Brown, Daniel",4490,doha gc,sg_total,2.642682133606517,2024-02-11,-0.009078902914760876,921,TPC Craig Ranch
20766,"Brown, Daniel",4601,old course st andrews,sg_total,0.892704196411185,2025-10-05,-0.014645828322878958,921,TPC Craig Ranch
20766,"Brown, Daniel",4204,bernardus golf,sg_total,2.3216876605629695,2023-05-28,-0.01963912441030506,921,TPC Craig Ranch
20766,"Brown, Daniel",4586,wentworth golf club,sg_total,3.5335193635310036,2025-09-14,-0.022395025060477407,921,TPC Craig Ranch
32333,"Buchanan, Jackson",108,Prince of Wales Country Club,sg_total,3.856632375585296,2026-03-08,0.021816028370270208,921,TPC Craig Ranch
32333,"Buchanan, Jackson",98,PGA Riviera Maya,sg_total,1.9692390135034659,2026-04-19,-0.036005308536705666,921,TPC Craig Ranch
6931,"Byrd, Jonathan",921,TPC Craig Ranch,sg_app,3.1065258479771463,2023-05-14,0.03538696263762789,921,TPC Craig Ranch
6931,"Byrd, Jonathan",656,Plantation Course at Kapalua,sg_app,0.7531459055462075,2012-01-09,0.006379981641930319,921,TPC Craig Ranch
6931,"Byrd, Jonathan",5,Pebble Beach Golf Links,sg_app,3.834367443830999,2023-02-05,0.005346619887358639,921,TPC Craig Ranch
6931,"Byrd, Jonathan",772,St. George's G&CC,sg_app,1.0857421365893423,2022-06-12,0.0043736804516429145,921,TPC Craig Ranch
6931,"Byrd, Jonathan",27,Hillcrest Country Club,sg_app,0.13822019527651302,2007-08-26,0.001164352732392167,921,TPC Craig Ranch
6931,"Byrd, Jonathan",781,Plainfield CC,sg_app,0.20374466498393723,2011-08-28,0.0007862576009684629,921,TPC Craig Ranch
6931,"Byrd, Jonathan",534,Bellerive CC,sg_app,0.1579138514124101,2008-09-07,0.00029527656859219006,921,TPC Craig Ranch
6931,"Byrd, Jonathan",775,CordeValle GC,sg_app,0.23207245758960682,2010-10-17,-0.0005671637815481513,921,TPC Craig Ranch
6931,"Byrd, Jonathan",616,Robert Trent Jones GC,sg_app,0.5567128849219349,2015-08-02,-0.001491336317598803,921,TPC Craig Ranch
6931,"Byrd, Jonathan",745,iberostar real club de golf novo sancti petri,sg_app,0.3832680821078036,2010-08-29,-0.0020578054678404255,921,TPC Craig Ranch
6931,"Byrd, Jonathan",642,Newport Beach Country Club,sg_app,0.23122758906434907,2014-07-27,-0.0021228543389296486,921,TPC Craig Ranch
6931,"Byrd, Jonathan",649,Hualalai Golf Course,sg_app,0.25271824793474845,2014-01-19,-0.005135424227418387,921,TPC Craig Ranch
6931,"Byrd, Jonathan",688,East Lake Golf Club,sg_app,0.4075882699901767,2011-09-25,-0.00881951784884857,921,TPC Craig Ranch
6931,"Byrd, Jonathan",934,Hurstbourne Country Club,sg_app,3.4239483077157167,2025-07-13,-0.07720744175697206,921,TPC Craig Ranch
6931,"Byrd, Jonathan",921,TPC Craig Ranch,sg_arg,3.1065258479771463,2023-05-14,0.007725084878303194,921,TPC Craig Ranch
6931,"Byrd, Jonathan",874,Hamilton Golf & Country Club,sg_arg,1.1250127412185955,2019-06-09,0.006172537381790748,921,TPC Craig Ranch
6931,"Byrd, Jonathan",660,Montreux Golf & Country Club,sg_arg,1.152915972229429,2019-07-28,0.00443969622760861,921,TPC Craig Ranch
6931,"Byrd, Jonathan",775,CordeValle GC,sg_arg,0.23207245758960682,2010-10-17,0.0019617861456196683,921,TPC Craig Ranch
6931,"Byrd, Jonathan",773,Aronimink GC,sg_arg,0.22020295418193755,2010-07-04,0.0017080098599541818,921,TPC Craig Ranch
6931,"Byrd, Jonathan",13,Forest Oaks CC,sg_arg,0.2227013009685866,2007-08-19,0.0003329121580049081,921,TPC Craig Ranch
6931,"Byrd, Jonathan",762,Liberty National GC,sg_arg,0.188773831564243,2009-08-30,7.268750825548678e-06,921,TPC Craig Ranch
6931,"Byrd, Jonathan",609,Annandale GC,sg_arg,0.4015819324761566,2010-10-03,-5.99169564208083e-05,921,TPC Craig Ranch
6931,"Byrd, Jonathan",723,The Classic Club,sg_arg,0.02931957198869935,2007-01-21,-0.00016774563480575992,921,TPC Craig Ranch
6931,"Byrd, Jonathan",689,El Bosque CC,sg_arg,0.1629433280280199,2012-08-26,-0.00038696860181511913,921,TPC Craig Ranch
6931,"Byrd, Jonathan",6,Waialae Country Club,sg_arg,2.8588657177438304,2023-01-15,-0.0019504776755317396,921,TPC Craig Ranch
6931,"Byrd, Jonathan",21,Colonial Country Club,sg_arg,1.7328373960740193,2018-05-27,-0.0022861727905773136,921,TPC Craig Ranch
6931,"Byrd, Jonathan",243,Trinity Forest Golf Club,sg_arg,1.482702768827924,2019-05-12,-0.002447053295480372,921,TPC Craig Ranch
6931,"Byrd, Jonathan",926,Silverado Resort (North Course),sg_ott,4.761225109616638,2025-09-14,0.012663443108162682,921,TPC Craig Ranch
6931,"Byrd, Jonathan",5,Pebble Beach Golf Links,sg_ott,3.834367443830999,2023-02-05,0.012044879215380225,921,TPC Craig Ranch
6931,"Byrd, Jonathan",772,St. George's G&CC,sg_ott,1.0857421365893423,2022-06-12,0.010409775809854787,921,TPC Craig Ranch
6931,"Byrd, Jonathan",714,TPC Louisiana,sg_ott,4.764165019345122,2026-04-26,0.006000486407620787,921,TPC Craig Ranch
6931,"Byrd, Jonathan",243,Trinity Forest Golf Club,sg_ott,1.482702768827924,2019-05-12,0.005519787951651715,921,TPC Craig Ranch
6931,"Byrd, Jonathan",921,TPC Craig Ranch,sg_ott,3.1065258479771463,2023-05-14,0.004902848371858952,921,TPC Craig Ranch
6931,"Byrd, Jonathan",823,Keene Trace Golf Club,sg_ott,0.9577144264939117,2018-07-22,0.0037323643689666196,921,TPC Craig Ranch
6931,"Byrd, Jonathan",616,Robert Trent Jones GC,sg_ott,0.5567128849219349,2015-08-02,0.002824306552386253,921,TPC Craig Ranch
6931,"Byrd, Jonathan",762,Liberty National GC,sg_ott,0.188773831564243,2009-08-30,0.0023221182613284387,921,TPC Craig Ranch
6931,"Byrd, Jonathan",893,Muirfield Village Golf Club,sg_ott,0.686703394995133,2020-07-12,0.0021850442123124247,921,TPC Craig Ranch
6931,"Byrd, Jonathan",534,Bellerive CC,sg_ott,0.1579138514124101,2008-09-07,0.001380303838091806,921,TPC Craig Ranch
6931,"Byrd, Jonathan",713,Grayhawk GC (Raptor),sg_ott,0.3559647178115195,2009-10-25,0.001155926474596242,921,TPC Craig Ranch
6931,"Byrd, Jonathan",689,El Bosque CC,sg_ott,0.1629433280280199,2012-08-26,0.0010362244909966245,921,TPC Craig Ranch
6931,"Byrd, Jonathan",781,Plainfield CC,sg_ott,0.20374466498393723,2011-08-28,0.000967484837479763,921,TPC Craig Ranch
6931,"Byrd, Jonathan",642,Newport Beach Country Club,sg_ott,0.23122758906434907,2014-07-27,0.0005081995570847216,921,TPC Craig Ranch
6931,"Byrd, Jonathan",746,The Country Club of Jackson,sg_ott,6.338494747439634,2023-10-08,-8.358350082277781e-05,921,TPC Craig Ranch
6931,"Byrd, Jonathan",723,The Classic Club,sg_ott,0.02931957198869935,2007-01-21,-0.00031366961896886047,921,TPC Craig Ranch
6931,"Byrd, Jonathan",770,TPC San Antonio - The Oaks Course,sg_ott,1.1848752481141145,2019-04-07,-0.0010942138943070287,921,TPC Craig Ranch
6931,"Byrd, Jonathan",21,Colonial Country Club,sg_ott,1.7328373960740193,2018-05-27,-0.002640432368963886,921,TPC Craig Ranch
6931,"Byrd, Jonathan",12,Harbour Town Golf Links,sg_ott,5.769374953257407,2022-04-17,-0.0036604836533788835,921,TPC Craig Ranch
6931,"Byrd, Jonathan",698,Quail Hollow Club,sg_ott,2.3729380975861734,2016-05-08,-0.004205631796737958,921,TPC Craig Ranch
6931,"Byrd, Jonathan",8,Trump National Doral - Blue Monster Course,sg_ott,0.6945935926129914,2012-03-11,-0.004679194987287967,921,TPC Craig Ranch
6931,"Byrd, Jonathan",819,Harbor Shores Resort,sg_ott,1.3511815320841705,2017-07-23,-0.0061818820005929585,921,TPC Craig Ranch
6931,"Byrd, Jonathan",876,Detroit Golf Club,sg_ott,3.5485937567188492,2023-07-02,-0.006528064752034561,921,TPC Craig Ranch
6931,"Byrd, Jonathan",872,Quail Hollow Club,sg_ott,1.0135197352846492,2019-05-05,-0.007228167987598103,921,TPC Craig Ranch
6931,"Byrd, Jonathan",4,Torrey Pines Golf Course (South Course),sg_ott,1.9093004992413007,2023-01-28,-0.009157051322626496,921,TPC Craig Ranch
6931,"Byrd, Jonathan",32,Glen Abbey GC,sg_ott,0.6495381208958606,2018-07-29,-0.009231195277159298,921,TPC Craig Ranch
6931,"Byrd, Jonathan",921,TPC Craig Ranch,sg_putt,3.1065258479771463,2023-05-14,0.012897331148743932,921,TPC Craig Ranch
6931,"Byrd, Jonathan",656,Plantation Course at Kapalua,sg_putt,0.7531459055462075,2012-01-09,0.0051367902959103835,921,TPC Craig Ranch
6931,"Byrd, Jonathan",665,Innisbrook Resort and Golf Club - Copperhead Course,sg_putt,3.1838509058786078,2023-03-19,0.0028375074426235567,921,TPC Craig Ranch
6931,"Byrd, Jonathan",660,Montreux Golf & Country Club,sg_putt,1.152915972229429,2019-07-28,0.0024569628469636434,921,TPC Craig Ranch
6931,"Byrd, Jonathan",745,iberostar real club de golf novo sancti petri,sg_putt,0.3832680821078036,2010-08-29,0.0021068024749721554,921,TPC Craig Ranch
6931,"Byrd, Jonathan",526,Cog Hill G&CC,sg_putt,0.7582212103602884,2011-09-18,0.0012003064949070723,921,TPC Craig Ranch
6931,"Byrd, Jonathan",893,Muirfield Village Golf Club,sg_putt,0.686703394995133,2020-07-12,0.0006462950430929585,921,TPC Craig Ranch
6931,"Byrd, Jonathan",762,Liberty National GC,sg_putt,0.188773831564243,2009-08-30,0.00027084792409527914,921,TPC Craig Ranch
6931,"Byrd, Jonathan",775,CordeValle GC,sg_putt,0.23207245758960682,2010-10-17,0.00011937817995985281,921,TPC Craig Ranch
6931,"Byrd, Jonathan",649,Hualalai Golf Course,sg_putt,0.25271824793474845,2014-01-19,-0.0014493978388896574,921,TPC Craig Ranch
6931,"Byrd, Jonathan",713,Grayhawk GC (Raptor),sg_putt,0.3559647178115195,2009-10-25,-0.0038224223944965845,921,TPC Craig Ranch
6931,"Byrd, Jonathan",510,TPC Scottsdale (Stadium Course),sg_putt,2.231635826163104,2022-02-13,-0.004821677998534606,921,TPC Craig Ranch
6931,"Byrd, Jonathan",244,Puntacana Resort (Corales Golf Course),sg_total,12.114327461129044,2025-04-20,0.00960427171537998,921,TPC Craig Ranch
6931,"Byrd, Jonathan",56,Atlantic Beach Country Club,sg_total,1.32022968298359,2018-09-20,0.006782415403438233,921,TPC Craig Ranch
6931,"Byrd, Jonathan",809,Country Club de Bogota-Pacos,sg_total,0.6606705334016293,2024-02-11,0.00306395418309302,921,TPC Craig Ranch
6931,"Byrd, Jonathan",50,Corales Golf Club,sg_total,0.7681996344830163,2017-05-07,0.0007043325409637031,921,TPC Craig Ranch
6931,"Byrd, Jonathan",613,Cottonwood Valley GC,sg_total,0.07030135741595141,2007-04-29,0.0004906469274289549,921,TPC Craig Ranch
6931,"Byrd, Jonathan",780,Atlanta Athletic Club,sg_total,0.13488228829752866,2011-08-14,0.0003299325119888025,921,TPC Craig Ranch
6931,"Byrd, Jonathan",102,Bermuda Dunes CC,sg_total,0.0716605463819925,2009-01-25,4.621620068224773e-05,921,TPC Craig Ranch
6931,"Byrd, Jonathan",681,TPC Canyons,sg_total,0.023272101414692086,2005-10-16,-0.00011478556502974218,921,TPC Craig Ranch
6931,"Byrd, Jonathan",710,CC at Mirasol (Sunset),sg_total,0.08351695290920763,2005-03-13,-0.0005464506700673889,921,TPC Craig Ranch
6931,"Byrd, Jonathan",743,Oakland Hills CC (South),sg_total,0.07785923054143405,2008-08-10,-0.0007104587254916422,921,TPC Craig Ranch
6931,"Byrd, Jonathan",539,Royal Lytham St. Anne,sg_total,0.16011662557344108,2012-07-22,-0.0014115482143011553,921,TPC Craig Ranch
6931,"Byrd, Jonathan",803,University Ridge GC,sg_total,0.19339897420195362,2017-05-21,-0.002077680143689916,921,TPC Craig Ranch
6931,"Byrd, Jonathan",67,The King & Bear Course at WGV,sg_total,0.6791910512898782,2020-06-20,-0.013161920458740635,921,TPC Craig Ranch
6931,"Byrd, Jonathan",742,Grand Reserve Golf Club,sg_total,9.128734823217178,2024-03-10,-0.015951564398756158,921,TPC Craig Ranch
12909,"Campos, Rafael",921,TPC Craig Ranch,sg_app,6.8632548893293865,2025-05-04,0.07878664107283812,921,TPC Craig Ranch
12909,"Campos, Rafael",934,Hurstbourne Country Club,sg_app,3.4239483077157167,2025-07-13,0.01902641257466282,921,TPC Craig Ranch
12909,"Campos, Rafael",887,Kasumigaseki Country Club,sg_app,1.664948781537463,2021-08-01,0.001954318830284299,921,TPC Craig Ranch
12909,"Campos, Rafael",5,Pebble Beach Golf Links,sg_app,0.38270148738575926,2021-02-14,-0.0055257778663972785,921,TPC Craig Ranch
12909,"Campos, Rafael",656,Plantation Course at Kapalua,sg_app,3.1152031322856195,2025-01-05,-0.012626770546483108,921,TPC Craig Ranch
12909,"Campos, Rafael",921,TPC Craig Ranch,sg_arg,6.8632548893293865,2025-05-04,0.026574539069468904,921,TPC Craig Ranch
12909,"Campos, Rafael",930,Black Desert Resort,sg_arg,3.2977910189097472,2025-10-26,0.007413893597186778,921,TPC Craig Ranch
12909,"Campos, Rafael",6,Waialae Country Club,sg_arg,4.826443558184923,2026-01-18,0.0038091866855145006,921,TPC Craig Ranch
12909,"Campos, Rafael",21,Colonial Country Club,sg_arg,3.063105158506086,2025-05-25,-0.0015683513727719472,921,TPC Craig Ranch
12909,"Campos, Rafael",874,Hamilton Golf & Country Club,sg_arg,1.3974472516771892,2024-06-02,-0.012532208101215771,921,TPC Craig Ranch
12909,"Campos, Rafael",241,Quail Hollow-PGA Championship,sg_ott,3.329407502951579,2025-05-18,0.03198318411042804,921,TPC Craig Ranch
12909,"Campos, Rafael",921,TPC Craig Ranch,sg_ott,6.8632548893293865,2025-05-04,0.029423923643347477,921,TPC Craig Ranch
12909,"Campos, Rafael",250,Le Golf National,sg_ott,2.884334972106428,2024-08-04,0.02731080854186582,921,TPC Craig Ranch
12909,"Campos, Rafael",746,The Country Club of Jackson,sg_ott,6.2447894254322485,2025-10-05,0.02614093602057548,921,TPC Craig Ranch
12909,"Campos, Rafael",714,TPC Louisiana,sg_ott,1.976143425723861,2026-04-26,0.0240481051291553,921,TPC Craig Ranch
12909,"Campos, Rafael",14,Augusta National Golf Club,sg_ott,1.6358248631077188,2025-04-13,0.013911951929081762,921,TPC Craig Ranch
12909,"Campos, Rafael",21,Colonial Country Club,sg_ott,3.063105158506086,2025-05-25,0.011264443166262229,921,TPC Craig Ranch
12909,"Campos, Rafael",4,Torrey Pines Golf Course (South Course),sg_ott,4.0812940170696415,2026-02-01,0.005247311392539214,921,TPC Craig Ranch
12909,"Campos, Rafael",770,TPC San Antonio - The Oaks Course,sg_ott,8.524777303427006,2026-04-05,0.0032740989629943054,921,TPC Craig Ranch
12909,"Campos, Rafael",5,Pebble Beach Golf Links,sg_ott,0.38270148738575926,2021-02-14,0.0027746221348745877,921,TPC Craig Ranch
12909,"Campos, Rafael",926,Silverado Resort (North Course),sg_ott,4.712306159589902,2025-09-14,0.0008557814077288974,921,TPC Craig Ranch
12909,"Campos, Rafael",872,Quail Hollow Club,sg_ott,0.7982345364086264,2021-05-09,-0.0032347977163384124,921,TPC Craig Ranch
12909,"Campos, Rafael",12,Harbour Town Golf Links,sg_ott,0.7898969228492065,2021-04-18,-0.004034011916194808,921,TPC Craig Ranch
12909,"Campos, Rafael",887,Kasumigaseki Country Club,sg_ott,1.664948781537463,2021-08-01,-0.006913067943821403,921,TPC Craig Ranch
12909,"Campos, Rafael",897,Memorial Park Golf Course,sg_ott,4.927198001637706,2026-03-29,-0.008121584678288473,921,TPC Craig Ranch
12909,"Campos, Rafael",928,PGA National  - Champion Course,sg_ott,3.5234096069739644,2026-03-01,-0.010261535977473295,921,TPC Craig Ranch
12909,"Campos, Rafael",876,Detroit Golf Club,sg_ott,3.9380822372232336,2025-06-29,-0.03231939341643144,921,TPC Craig Ranch
12909,"Campos, Rafael",510,TPC Scottsdale (Stadium Course),sg_putt,3.48660735603821,2026-02-08,0.016206298900827178,921,TPC Craig Ranch
12909,"Campos, Rafael",665,Innisbrook Resort and Golf Club - Copperhead Course,sg_putt,7.324167113665705,2026-03-22,0.015238370469422561,921,TPC Craig Ranch
12909,"Campos, Rafael",656,Plantation Course at Kapalua,sg_putt,3.1152031322856195,2025-01-05,0.007468465270509853,921,TPC Craig Ranch
12909,"Campos, Rafael",921,TPC Craig Ranch,sg_putt,6.8632548893293865,2025-05-04,-0.002617712088263363,921,TPC Craig Ranch
12909,"Campos, Rafael",244,Puntacana Resort (Corales Golf Course),sg_total,11.774721828564747,2025-04-20,0.03177490095498543,921,TPC Craig Ranch
12909,"Campos, Rafael",742,Grand Reserve Golf Club,sg_total,12.373973083881893,2024-03-10,0.02614360311879829,921,TPC Craig Ranch
12909,"Campos, Rafael",62,The Ledges,sg_total,2.6712857065119686,2023-04-30,0.009436531793862921,921,TPC Craig Ranch
12909,"Campos, Rafael",655,The Glen Club,sg_total,1.1171651506413875,2019-05-26,0.005365119958867783,921,TPC Craig Ranch
12909,"Campos, Rafael",50,Corales Golf Club,sg_total,0.7681996344830163,2017-05-07,0.004365834537645228,921,TPC Craig Ranch
12909,"Campos, Rafael",803,University Ridge GC,sg_total,0.19339897420195362,2017-05-21,0.001376928161685406,921,TPC Craig Ranch
12909,"Campos, Rafael",806,Furman University Golf Club,sg_total,0.23200415453447004,2018-05-20,0.0005425764430877896,921,TPC Craig Ranch
12909,"Campos, Rafael",809,Country Club de Bogota-Pacos,sg_total,1.2114063756184064,2024-02-11,-0.00039660001460357214,921,TPC Craig Ranch
12909,"Campos, Rafael",4722,royal melbourne gc,sg_total,1.8425439173926974,2025-12-07,-0.0007264195135082915,921,TPC Craig Ranch
12909,"Campos, Rafael",630,Fox Den CC,sg_total,0.462387118725265,2018-05-13,-0.001656526506706608,921,TPC Craig Ranch
12909,"Campos, Rafael",804,The Country Club of Virginia,sg_total,0.6863361811356673,2018-04-22,-0.002730699959753639,921,TPC Craig Ranch
12909,"Campos, Rafael",56,Atlantic Beach Country Club,sg_total,0.9068351347451309,2018-09-20,-0.0047235019993974395,921,TPC Craig Ranch
23542,"Champ, Cameron",921,TPC Craig Ranch,sg_app,10.51362315236446,2025-05-04,0.1206855981874419,921,TPC Craig Ranch
23542,"Champ, Cameron",934,Hurstbourne Country Club,sg_app,3.4239483077157167,2025-07-13,0.01554415470336016,921,TPC Craig Ranch
23542,"Champ, Cameron",688,East Lake Golf Club,sg_app,1.4131119951690931,2020-09-07,0.00702688523010879,921,TPC Craig Ranch
23542,"Champ, Cameron",656,Plantation Course at Kapalua,sg_app,3.795451359417039,2021-01-10,0.005326955943086615,921,TPC Craig Ranch
23542,"Champ, Cameron",5,Pebble Beach Golf Links,sg_app,1.6233153116063779,2022-02-06,0.00461976870152956,921,TPC Craig Ranch
23542,"Champ, Cameron",891,Winged Foot GC,sg_app,0.7111635699565723,2020-09-20,0.0024345279807317334,921,TPC Craig Ranch
23542,"Champ, Cameron",772,St. George's G&CC,sg_app,0.9744785033464105,2022-06-12,0.000499855635777949,921,TPC Craig Ranch
23542,"Champ, Cameron",348,Medinah Country Club (No. 3),sg_app,1.1650853674566677,2019-08-18,-0.009893107702887882,921,TPC Craig Ranch
23542,"Champ, Cameron",882,Caves Valley Golf Club,sg_app,1.688421993568662,2021-08-29,-0.03047048033645564,921,TPC Craig Ranch
23542,"Champ, Cameron",930,Black Desert Resort,sg_arg,6.5955820378194945,2025-10-26,0.007874611036739844,921,TPC Craig Ranch
23542,"Champ, Cameron",886,Liberty National Golf Club,sg_arg,2.8435375426214686,2021-08-22,0.0044652241117205905,921,TPC Craig Ranch
23542,"Champ, Cameron",21,Colonial Country Club,sg_arg,5.599826030221935,2023-05-28,0.003215272410079009,921,TPC Craig Ranch
23542,"Champ, Cameron",348,Medinah Country Club (No. 3),sg_arg,1.1650853674566677,2019-08-18,0.0024257848230612535,921,TPC Craig Ranch
23542,"Champ, Cameron",6,Waialae Country Club,sg_arg,2.0869386828650116,2024-01-14,-0.002455316409451388,921,TPC Craig Ranch
23542,"Champ, Cameron",874,Hamilton Golf & Country Club,sg_arg,1.3974472516771892,2024-06-02,-0.0033723338790289,921,TPC Craig Ranch
23542,"Champ, Cameron",896,Olympia Fields Country Club (North Course),sg_arg,1.4074708370262448,2020-08-30,-0.004188500892819094,921,TPC Craig Ranch
23542,"Champ, Cameron",744,Torrey Pines (South),sg_arg,0.8151747109591491,2021-06-20,-0.0066517167372036196,921,TPC Craig Ranch
23542,"Champ, Cameron",921,TPC Craig Ranch,sg_arg,10.51362315236446,2025-05-04,-0.00929687108174635,921,TPC Craig Ranch
23542,"Champ, Cameron",746,The Country Club of Jackson,sg_ott,7.946521355895811,2025-10-05,0.05556270433389697,921,TPC Craig Ranch
23542,"Champ, Cameron",876,Detroit Golf Club,sg_ott,11.322243878557416,2025-06-29,0.039304690904692956,921,TPC Craig Ranch
23542,"Champ, Cameron",4,Torrey Pines Golf Course (South Course),sg_ott,5.25284274649508,2024-01-27,0.020357117758589338,921,TPC Craig Ranch
23542,"Champ, Cameron",895,TPC Harding Park,sg_ott,1.3927697092247904,2020-08-09,0.013807831544679043,921,TPC Craig Ranch
23542,"Champ, Cameron",897,Memorial Park Golf Course,sg_ott,3.7607052841468693,2024-03-31,0.012215806662136258,921,TPC Craig Ranch
23542,"Champ, Cameron",348,Medinah Country Club (No. 3),sg_ott,1.1650853674566677,2019-08-18,0.010683120493860153,921,TPC Craig Ranch
23542,"Champ, Cameron",12,Harbour Town Golf Links,sg_ott,1.6856127099575149,2023-04-16,0.007672054685261939,921,TPC Craig Ranch
23542,"Champ, Cameron",14,Augusta National Golf Club,sg_ott,4.59554467298306,2023-04-09,0.007436852893492502,921,TPC Craig Ranch
23542,"Champ, Cameron",714,TPC Louisiana,sg_ott,3.6234592342610146,2026-04-26,0.0072899802315514305,921,TPC Craig Ranch
23542,"Champ, Cameron",872,Quail Hollow Club,sg_ott,1.701466880851129,2023-05-07,0.006480701222719042,921,TPC Craig Ranch
23542,"Champ, Cameron",5,Pebble Beach Golf Links,sg_ott,1.6233153116063779,2022-02-06,0.0035370826856374973,921,TPC Craig Ranch
23542,"Champ, Cameron",926,Silverado Resort (North Course),sg_ott,4.467238666763336,2025-09-14,0.00257171476796037,921,TPC Craig Ranch
23542,"Champ, Cameron",744,Torrey Pines (South),sg_ott,0.8151747109591491,2021-06-20,0.0022424990510523796,921,TPC Craig Ranch
23542,"Champ, Cameron",32,Glen Abbey GC,sg_ott,0.4805361499185814,2018-07-29,0.0016653629047330535,921,TPC Craig Ranch
23542,"Champ, Cameron",891,Winged Foot GC,sg_ott,0.7111635699565723,2020-09-20,-0.0005068951948837908,921,TPC Craig Ranch
23542,"Champ, Cameron",772,St. George's G&CC,sg_ott,0.9744785033464105,2022-06-12,-0.000576827009037201,921,TPC Craig Ranch
23542,"Champ, Cameron",893,Muirfield Village Golf Club,sg_ott,1.373406789990266,2020-07-12,-0.0009080928952889487,921,TPC Craig Ranch
23542,"Champ, Cameron",928,PGA National  - Champion Course,sg_ott,1.3352882425378578,2024-03-03,-0.0023201686360206893,921,TPC Craig Ranch
23542,"Champ, Cameron",21,Colonial Country Club,sg_ott,5.599826030221935,2023-05-28,-0.003322998721639823,921,TPC Craig Ranch
23542,"Champ, Cameron",921,TPC Craig Ranch,sg_ott,10.51362315236446,2025-05-04,-0.006979495211424929,921,TPC Craig Ranch
23542,"Champ, Cameron",697,Ocean Course at Kiawah Island,sg_ott,0.8038417806220052,2021-05-23,-0.007291742657564727,921,TPC Craig Ranch
23542,"Champ, Cameron",770,TPC San Antonio - The Oaks Course,sg_ott,5.683724292555538,2024-04-07,-0.007783233726773348,921,TPC Craig Ranch
23542,"Champ, Cameron",665,Innisbrook Resort and Golf Club - Copperhead Course,sg_putt,3.8196823602564702,2024-03-24,0.025057593304141357,921,TPC Craig Ranch
23542,"Champ, Cameron",921,TPC Craig Ranch,sg_putt,10.51362315236446,2025-05-04,0.02327573566943722,921,TPC Craig Ranch
23542,"Champ, Cameron",2000,Sherwood Country Club,sg_putt,1.447436934746801,2020-10-25,0.004641158198263024,921,TPC Craig Ranch
23542,"Champ, Cameron",510,TPC Scottsdale (Stadium Course),sg_putt,4.241864869409514,2024-02-11,0.0025128245280367487,921,TPC Craig Ranch
23542,"Champ, Cameron",656,Plantation Course at Kapalua,sg_putt,3.795451359417039,2021-01-10,-0.0019755153607628885,921,TPC Craig Ranch
23542,"Champ, Cameron",893,Muirfield Village Golf Club,sg_putt,1.373406789990266,2020-07-12,-0.0024054641592752076,921,TPC Craig Ranch
23542,"Champ, Cameron",898,The Concession Golf Club,sg_putt,1.5415591836000346,2021-02-28,-0.0028590600359125226,921,TPC Craig Ranch
23542,"Champ, Cameron",809,Country Club de Bogota-Pacos,sg_total,0.7925497493467781,2025-02-09,0.004886523138248421,921,TPC Craig Ranch
23542,"Champ, Cameron",236,Erin Hills,sg_total,0.7845024067939457,2017-06-18,0.004053420101794037,921,TPC Craig Ranch
23542,"Champ, Cameron",630,Fox Den CC,sg_total,0.92477423745053,2018-05-13,0.0013879915984374924,921,TPC Craig Ranch
23542,"Champ, Cameron",56,Atlantic Beach Country Club,sg_total,0.4934405865066717,2018-09-20,-0.0008102191043572072,921,TPC Craig Ranch
23542,"Champ, Cameron",806,Furman University Golf Club,sg_total,0.23200415453447004,2018-05-20,-0.0010767035580659886,921,TPC Craig Ranch
23542,"Champ, Cameron",244,Puntacana Resort (Corales Golf Course),sg_total,1.6415602812554495,2025-04-20,-0.007125922292173232,921,TPC Craig Ranch
23542,"Champ, Cameron",742,Grand Reserve Golf Club,sg_total,1.339969939577328,2024-03-10,-0.013508689729986575,921,TPC Craig Ranch
23542,"Champ, Cameron",98,PGA Riviera Maya,sg_total,1.9692390135034659,2026-04-19,-0.019580860757925325,921,TPC Craig Ranch
30620,"Chatfield, Davis",714,TPC Louisiana,sg_ott,3.952286851447722,2026-04-26,0.030873448219146556,921,TPC Craig Ranch
30620,"Chatfield, Davis",770,TPC San Antonio - The Oaks Course,sg_ott,1.9555024743866727,2026-04-05,0.003206540018950432,921,TPC Craig Ranch
30620,"Chatfield, Davis",897,Memorial Park Golf Course,sg_ott,1.9486701792174987,2026-03-29,-0.0070496804073703345,921,TPC Craig Ranch
30620,"Chatfield, Davis",928,PGA National  - Champion Course,sg_ott,1.9215788783046464,2026-03-01,-0.020230996529161393,921,TPC Craig Ranch
30620,"Chatfield, Davis",665,Innisbrook Resort and Golf Club - Copperhead Course,sg_putt,3.883723510564777,2026-03-22,0.013264024372438616,921,TPC Craig Ranch
30620,"Chatfield, Davis",510,TPC Scottsdale (Stadium Course),sg_putt,1.9015078573446538,2026-02-08,-0.01984727153209878,921,TPC Craig Ranch
30620,"Chatfield, Davis",108,Prince of Wales Country Club,sg_total,3.214893917778624,2025-03-09,0.02395833466184519,921,TPC Craig Ranch
30620,"Chatfield, Davis",98,PGA Riviera Maya,sg_total,3.306183030916225,2025-05-04,0.014704148391516403,921,TPC Craig Ranch
30620,"Chatfield, Davis",809,Country Club de Bogota-Pacos,sg_total,2.0039561249651845,2025-02-09,0.006779619672384394,921,TPC Craig Ranch
30620,"Chatfield, Davis",62,The Ledges,sg_total,1.7170578754698997,2023-04-30,-0.0002450472912407603,921,TPC Craig Ranch
32330,"Clanton, Luke",6,Waialae Country Club,sg_arg,3.4447092026260284,2026-01-18,0.008386500559957382,921,TPC Craig Ranch
32330,"Clanton, Luke",930,Black Desert Resort,sg_arg,3.608507893926066,2025-10-26,-0.008216142623621855,921,TPC Craig Ranch
32330,"Clanton, Luke",746,The Country Club of Jackson,sg_ott,3.57081678564474,2025-10-05,0.04720150791624936,921,TPC Craig Ranch
32330,"Clanton, Luke",876,Detroit Golf Club,sg_ott,3.4000643609015926,2025-06-29,0.02037942050141213,921,TPC Craig Ranch
32330,"Clanton, Luke",4,Torrey Pines Golf Course (South Course),sg_ott,3.3073156897014586,2026-02-01,0.01109922993236645,921,TPC Craig Ranch
32330,"Clanton, Luke",928,PGA National  - Champion Course,sg_ott,5.125240335643283,2026-03-01,0.00921278778516047,921,TPC Craig Ranch
32330,"Clanton, Luke",977,The Renaissance Club,sg_ott,3.4239483077157167,2025-07-13,0.004426491570565121,921,TPC Craig Ranch
32330,"Clanton, Luke",714,TPC Louisiana,sg_ott,3.952286851447722,2026-04-26,-0.021253725938838317,921,TPC Craig Ranch
32330,"Clanton, Luke",770,TPC San Antonio - The Oaks Course,sg_ott,3.9110049487733454,2026-04-05,-0.023292220271048495,921,TPC Craig Ranch
32330,"Clanton, Luke",926,Silverado Resort (North Course),sg_ott,4.712306159589902,2025-09-14,-0.025174751454232498,921,TPC Craig Ranch
32330,"Clanton, Luke",897,Memorial Park Golf Course,sg_ott,3.8973403584349975,2026-03-29,-0.053006341093093226,921,TPC Craig Ranch
32330,"Clanton, Luke",510,TPC Scottsdale (Stadium Course),sg_putt,1.5850994986935563,2025-02-09,-0.017046676340382535,921,TPC Craig Ranch
32330,"Clanton, Luke",665,Innisbrook Resort and Golf Club - Copperhead Course,sg_putt,5.179338879493292,2026-03-22,-0.04566907511346826,921,TPC Craig Ranch
23604,"Clark, Wyndham",5,Pebble Beach Golf Links,sg_app,7.906637237895795,2026-02-15,0.04152747751710586,921,TPC Craig Ranch
23604,"Clark, Wyndham",688,East Lake Golf Club,sg_app,2.4297645535619843,2023-08-27,0.016525585791737175,921,TPC Craig Ranch
23604,"Clark, Wyndham",514,Oak Hill Country Club,sg_app,1.1567879787560167,2023-05-21,0.013471056873687104,921,TPC Craig Ranch
23604,"Clark, Wyndham",348,Medinah Country Club (No. 3),sg_app,1.1650853674566677,2019-08-18,0.0009297509869553285,921,TPC Craig Ranch
23604,"Clark, Wyndham",772,St. George's G&CC,sg_app,1.948957006692821,2022-06-12,-0.01153854932584457,921,TPC Craig Ranch
23604,"Clark, Wyndham",656,Plantation Course at Kapalua,sg_app,5.71204063902621,2025-01-05,-0.015769801245615153,921,TPC Craig Ranch
23604,"Clark, Wyndham",921,TPC Craig Ranch,sg_app,2.5629973634501195,2022-05-15,-0.022461298848448618,921,TPC Craig Ranch
23604,"Clark, Wyndham",709,Royal Troon,sg_app,1.432107564454417,2024-07-21,-0.03465570172786391,921,TPC Craig Ranch
23604,"Clark, Wyndham",406,Castle Pines Golf Club,sg_app,2.914780046239138,2024-08-25,-0.042009746210857464,921,TPC Craig Ranch
23604,"Clark, Wyndham",379,The Philadelphia Cricket Club (Wissahickon Course),sg_app,3.3177749455416157,2025-05-11,-0.05632787924147053,921,TPC Craig Ranch
23604,"Clark, Wyndham",921,TPC Craig Ranch,sg_arg,2.5629973634501195,2022-05-15,0.012626780561070385,921,TPC Craig Ranch
23604,"Clark, Wyndham",896,Olympia Fields Country Club (North Course),sg_arg,2.421275242584897,2023-08-20,0.005294004478765764,921,TPC Craig Ranch
23604,"Clark, Wyndham",886,Liberty National Golf Club,sg_arg,2.0022761195608436,2021-08-22,0.005048813957375487,921,TPC Craig Ranch
23604,"Clark, Wyndham",21,Colonial Country Club,sg_arg,3.8167403919668215,2022-05-29,0.0031832053746698565,921,TPC Craig Ranch
23604,"Clark, Wyndham",933,East Lake Golf Club,sg_arg,2.924999650275528,2024-09-01,0.0005813128380145578,921,TPC Craig Ranch
23604,"Clark, Wyndham",6,Waialae Country Club,sg_arg,0.5226450011710988,2019-01-13,0.00023839907887523147,921,TPC Craig Ranch
23604,"Clark, Wyndham",874,Hamilton Golf & Country Club,sg_arg,0.5625063706092978,2019-06-09,2.5119902070232095e-06,921,TPC Craig Ranch
23604,"Clark, Wyndham",406,Castle Pines Golf Club,sg_arg,2.914780046239138,2024-08-25,-0.0011380936002471935,921,TPC Craig Ranch
23604,"Clark, Wyndham",243,Trinity Forest Golf Club,sg_arg,0.5546861506900438,2019-05-12,-0.001353741070186701,921,TPC Craig Ranch
23604,"Clark, Wyndham",348,Medinah Country Club (No. 3),sg_arg,1.1650853674566677,2019-08-18,-0.002808482744774835,921,TPC Craig Ranch
23604,"Clark, Wyndham",744,Torrey Pines (South),sg_arg,0.8151747109591491,2021-06-20,-0.00683167433121503,921,TPC Craig Ranch
23604,"Clark, Wyndham",671,Valhalla Golf Club,sg_arg,1.3876992786253213,2024-05-19,-0.007572513821783853,921,TPC Craig Ranch
23604,"Clark, Wyndham",921,TPC Craig Ranch,sg_ott,2.5629973634501195,2022-05-15,0.027623060048834264,921,TPC Craig Ranch
23604,"Clark, Wyndham",897,Memorial Park Golf Course,sg_ott,12.494177452150746,2026-03-29,0.020120372859439857,921,TPC Craig Ranch
23604,"Clark, Wyndham",14,Augusta National Golf Club,sg_ott,8.559992973758643,2026-04-12,0.018285311030965812,921,TPC Craig Ranch
23604,"Clark, Wyndham",977,The Renaissance Club,sg_ott,10.633862033852834,2025-07-13,0.017673737961715306,921,TPC Craig Ranch
23604,"Clark, Wyndham",901,Wilmington Country Club,sg_ott,2.0183782877342047,2022-08-21,0.009494327832547727,921,TPC Craig Ranch
23604,"Clark, Wyndham",872,Quail Hollow Club,sg_ott,7.212356333665672,2024-05-12,0.009267303562313978,921,TPC Craig Ranch
23604,"Clark, Wyndham",348,Medinah Country Club (No. 3),sg_ott,1.1650853674566677,2019-08-18,0.00902764881288244,921,TPC Craig Ranch
23604,"Clark, Wyndham",21,Colonial Country Club,sg_ott,3.8167403919668215,2022-05-29,0.007819130108072817,921,TPC Craig Ranch
23604,"Clark, Wyndham",241,Quail Hollow-PGA Championship,sg_ott,3.329407502951579,2025-05-18,0.00672911328097844,921,TPC Craig Ranch
23604,"Clark, Wyndham",895,TPC Harding Park,sg_ott,0.6963848546123952,2020-08-09,0.006495006983590615,921,TPC Craig Ranch
23604,"Clark, Wyndham",876,Detroit Golf Club,sg_ott,4.834215979822998,2025-06-29,0.0063547828626867005,921,TPC Craig Ranch
23604,"Clark, Wyndham",4,Torrey Pines Golf Course (South Course),sg_ott,8.094408675135858,2026-02-01,0.0059052584246429745,921,TPC Craig Ranch
23604,"Clark, Wyndham",697,Ocean Course at Kiawah Island,sg_ott,1.6076835612440104,2021-05-23,0.005887942844613891,921,TPC Craig Ranch
23604,"Clark, Wyndham",744,Torrey Pines (South),sg_ott,0.8151747109591491,2021-06-20,0.004287215379937914,921,TPC Craig Ranch
23604,"Clark, Wyndham",671,Valhalla Golf Club,sg_ott,1.3876992786253213,2024-05-19,0.0038167904412888336,921,TPC Craig Ranch
23604,"Clark, Wyndham",250,Le Golf National,sg_ott,2.884334972106428,2024-08-04,0.0037793335038045412,921,TPC Craig Ranch
23604,"Clark, Wyndham",32,Glen Abbey GC,sg_ott,0.4005755786903461,2017-07-30,0.0029497079415939037,921,TPC Craig Ranch
23604,"Clark, Wyndham",205,Spyglass Hill Golf Course,sg_ott,1.7438680715231738,2026-02-15,0.002232582548247715,921,TPC Craig Ranch
23604,"Clark, Wyndham",654,The Country Club,sg_ott,0.9778951537585142,2022-06-19,0.002091239414970202,921,TPC Craig Ranch
23604,"Clark, Wyndham",933,East Lake Golf Club,sg_ott,2.924999650275528,2024-09-01,0.00165386337241252,921,TPC Craig Ranch
23604,"Clark, Wyndham",772,St. George's G&CC,sg_ott,1.948957006692821,2022-06-12,-7.902650910401597e-05,921,TPC Craig Ranch
23604,"Clark, Wyndham",243,Trinity Forest Golf Club,sg_ott,0.5546861506900438,2019-05-12,-0.003580859527690903,921,TPC Craig Ranch
23604,"Clark, Wyndham",12,Harbour Town Golf Links,sg_ott,18.163636140947816,2026-04-19,-0.0041106863354990674,921,TPC Craig Ranch
23604,"Clark, Wyndham",379,The Philadelphia Cricket Club (Wissahickon Course),sg_ott,3.3177749455416157,2025-05-11,-0.004695893547767542,921,TPC Craig Ranch
23604,"Clark, Wyndham",746,The Country Club of Jackson,sg_ott,5.759122917447669,2022-10-02,-0.005272896906763971,921,TPC Craig Ranch
23604,"Clark, Wyndham",926,Silverado Resort (North Course),sg_ott,1.4727732389122001,2024-09-15,-0.006376833490071678,921,TPC Craig Ranch
23604,"Clark, Wyndham",770,TPC San Antonio - The Oaks Course,sg_ott,2.9720506138517724,2022-04-03,-0.007230081636707023,921,TPC Craig Ranch
23604,"Clark, Wyndham",714,TPC Louisiana,sg_ott,7.881014230153092,2026-04-26,-0.007687862731632013,921,TPC Craig Ranch
23604,"Clark, Wyndham",514,Oak Hill Country Club,sg_ott,1.1567879787560167,2023-05-21,-0.01705931930927637,921,TPC Craig Ranch
23604,"Clark, Wyndham",528,Pinehurst Resort & Country Club (Course No. 2),sg_ott,2.814527399847991,2024-06-16,-0.017158534184405213,921,TPC Craig Ranch
23604,"Clark, Wyndham",5,Pebble Beach Golf Links,sg_ott,7.906637237895795,2026-02-15,-0.017348061096744978,921,TPC Craig Ranch
23604,"Clark, Wyndham",406,Castle Pines Golf Club,sg_putt,2.914780046239138,2024-08-25,0.00796690457085791,921,TPC Craig Ranch
23604,"Clark, Wyndham",709,Royal Troon,sg_putt,1.432107564454417,2024-07-21,0.004912540535933834,921,TPC Craig Ranch
23604,"Clark, Wyndham",510,TPC Scottsdale (Stadium Course),sg_putt,15.969942779566196,2026-02-08,0.002559893439527819,921,TPC Craig Ranch
23604,"Clark, Wyndham",724,Royal Liverpool,sg_putt,2.387613570697432,2023-07-23,-0.0077727740365729926,921,TPC Craig Ranch
23604,"Clark, Wyndham",656,Plantation Course at Kapalua,sg_putt,5.71204063902621,2025-01-05,-0.010361875793582196,921,TPC Craig Ranch
23604,"Clark, Wyndham",232,Albany GC,sg_putt,9.308770175069775,2025-12-07,-0.016517063880634897,921,TPC Craig Ranch
23604,"Clark, Wyndham",665,Innisbrook Resort and Golf Club - Copperhead Course,sg_putt,7.791508049730847,2026-03-22,-0.020278396113335925,921,TPC Craig Ranch
23604,"Clark, Wyndham",668,St. Andrews Links (Old Course),sg_putt,1.9833639368598586,2022-07-17,-0.02336167977886888,921,TPC Craig Ranch
23604,"Clark, Wyndham",921,TPC Craig Ranch,sg_putt,2.5629973634501195,2022-05-15,-0.028099493932799428,921,TPC Craig Ranch
23604,"Clark, Wyndham",244,Puntacana Resort (Corales Golf Course),sg_total,4.125042569810402,2023-03-26,0.016650850427077764,921,TPC Craig Ranch
23604,"Clark, Wyndham",804,The Country Club of Virginia,sg_total,0.6863361811356673,2018-04-22,0.008458395072421368,921,TPC Craig Ranch
23604,"Clark, Wyndham",630,Fox Den CC,sg_total,0.92477423745053,2018-05-13,0.007026759248792875,921,TPC Craig Ranch
23604,"Clark, Wyndham",742,Grand Reserve Golf Club,sg_total,1.0674732007480965,2019-02-24,0.00538911697970082,921,TPC Craig Ranch
23604,"Clark, Wyndham",56,Atlantic Beach Country Club,sg_total,0.4934405865066717,2018-09-20,-0.0001384173065278225,921,TPC Craig Ranch
23604,"Clark, Wyndham",806,Furman University Golf Club,sg_total,0.23200415453447004,2018-05-20,-0.002837504475998664,921,TPC Craig Ranch
21756,"Cole, Eric",921,TPC Craig Ranch,sg_app,5.611675626711733,2025-05-04,0.07443089725591873,921,TPC Craig Ranch
21756,"Cole, Eric",5,Pebble Beach Golf Links,sg_app,4.783689750836115,2025-02-02,0.034505881606407156,921,TPC Craig Ranch
21756,"Cole, Eric",379,The Philadelphia Cricket Club (Wissahickon Course),sg_app,3.3177749455416157,2025-05-11,0.02688555730101196,921,TPC Craig Ranch
21756,"Cole, Eric",875,ACCORDIA GOLF Narashino Country Club,sg_app,3.0080570172775305,2024-10-27,0.02357689867225646,921,TPC Craig Ranch
21756,"Cole, Eric",709,Royal Troon,sg_app,2.864215128908834,2024-07-21,0.017858768146964688,921,TPC Craig Ranch
21756,"Cole, Eric",514,Oak Hill Country Club,sg_app,2.3135759575120334,2023-05-21,0.005685960633758135,921,TPC Craig Ranch
21756,"Cole, Eric",406,Castle Pines Golf Club,sg_app,2.914780046239138,2024-08-25,0.0053171799337749515,921,TPC Craig Ranch
21756,"Cole, Eric",656,Plantation Course at Kapalua,sg_app,5.71204063902621,2025-01-05,-0.031044698177802,921,TPC Craig Ranch
21756,"Cole, Eric",921,TPC Craig Ranch,sg_arg,5.611675626711733,2025-05-04,0.010376786498288012,921,TPC Craig Ranch
21756,"Cole, Eric",671,Valhalla Golf Club,sg_arg,1.3876992786253213,2024-05-19,0.001513106101378125,921,TPC Craig Ranch
21756,"Cole, Eric",874,Hamilton Golf & Country Club,sg_arg,1.3974472516771892,2024-06-02,-0.0019239769062772154,921,TPC Craig Ranch
21756,"Cole, Eric",21,Colonial Country Club,sg_arg,5.894489411610115,2025-05-25,-0.006958791852515512,921,TPC Craig Ranch
21756,"Cole, Eric",6,Waialae Country Club,sg_arg,9.786031334106776,2026-01-18,-0.012485916024267942,921,TPC Craig Ranch
21756,"Cole, Eric",896,Olympia Fields Country Club (North Course),sg_arg,2.421275242584897,2023-08-20,-0.013188388367933063,921,TPC Craig Ranch
21756,"Cole, Eric",406,Castle Pines Golf Club,sg_arg,2.914780046239138,2024-08-25,-0.017777426223184033,921,TPC Craig Ranch
21756,"Cole, Eric",714,TPC Louisiana,sg_ott,6.740308445068983,2026-04-26,0.040932780735627027,921,TPC Craig Ranch
21756,"Cole, Eric",921,TPC Craig Ranch,sg_ott,5.611675626711733,2025-05-04,0.02792005409519738,921,TPC Craig Ranch
21756,"Cole, Eric",514,Oak Hill Country Club,sg_ott,2.3135759575120334,2023-05-21,0.023159025662855437,921,TPC Craig Ranch
21756,"Cole, Eric",876,Detroit Golf Club,sg_ott,2.834298208747338,2024-06-30,0.014633365807846159,921,TPC Craig Ranch
21756,"Cole, Eric",12,Harbour Town Golf Links,sg_ott,6.019934264166448,2025-04-20,0.012255667427266819,921,TPC Craig Ranch
21756,"Cole, Eric",528,Pinehurst Resort & Country Club (Course No. 2),sg_ott,1.4072636999239956,2024-06-16,0.010484447010312089,921,TPC Craig Ranch
21756,"Cole, Eric",5,Pebble Beach Golf Links,sg_ott,4.783689750836115,2025-02-02,0.009207483440511383,921,TPC Craig Ranch
21756,"Cole, Eric",671,Valhalla Golf Club,sg_ott,1.3876992786253213,2024-05-19,0.006925111529275959,921,TPC Craig Ranch
21756,"Cole, Eric",205,Spyglass Hill Golf Course,sg_ott,0.7897806739328027,2025-02-02,0.006649367516072278,921,TPC Craig Ranch
21756,"Cole, Eric",379,The Philadelphia Cricket Club (Wissahickon Course),sg_ott,3.3177749455416157,2025-05-11,0.006292355772317746,921,TPC Craig Ranch
21756,"Cole, Eric",21,Colonial Country Club,sg_ott,5.894489411610115,2025-05-25,0.005915001897795695,921,TPC Craig Ranch
21756,"Cole, Eric",770,TPC San Antonio - The Oaks Course,sg_ott,10.787667439670086,2026-04-05,0.0044364209462184655,921,TPC Craig Ranch
21756,"Cole, Eric",14,Augusta National Golf Club,sg_ott,2.727251597143962,2024-04-14,0.0034734316862170614,921,TPC Craig Ranch
21756,"Cole, Eric",241,Quail Hollow-PGA Championship,sg_ott,3.329407502951579,2025-05-18,0.0006347650705327545,921,TPC Craig Ranch
21756,"Cole, Eric",897,Memorial Park Golf Course,sg_ott,9.251124077591175,2026-03-29,-0.002278817922791904,921,TPC Craig Ranch
21756,"Cole, Eric",928,PGA National  - Champion Course,sg_ott,6.780276727816469,2026-03-01,-0.010364052266677538,921,TPC Craig Ranch
21756,"Cole, Eric",977,The Renaissance Club,sg_ott,5.233479429112551,2024-07-14,-0.012107270225877135,921,TPC Craig Ranch
21756,"Cole, Eric",926,Silverado Resort (North Course),sg_ott,7.461704094614472,2025-09-14,-0.012622466103603314,921,TPC Craig Ranch
21756,"Cole, Eric",4,Torrey Pines Golf Course (South Course),sg_ott,6.404534716293094,2026-02-01,-0.013166020654361623,921,TPC Craig Ranch
21756,"Cole, Eric",872,Quail Hollow Club,sg_ott,3.9144203799972903,2024-05-12,-0.01965121523635523,921,TPC Craig Ranch
21756,"Cole, Eric",746,The Country Club of Jackson,sg_ott,10.0593897949122,2025-10-05,-0.023279327857064776,921,TPC Craig Ranch
21756,"Cole, Eric",921,TPC Craig Ranch,sg_putt,5.611675626711733,2025-05-04,-7.402189682011507e-05,921,TPC Craig Ranch
21756,"Cole, Eric",709,Royal Troon,sg_putt,2.864215128908834,2024-07-21,-0.0006359210802448868,921,TPC Craig Ranch
21756,"Cole, Eric",656,Plantation Course at Kapalua,sg_putt,5.71204063902621,2025-01-05,-0.010145545780017013,921,TPC Craig Ranch
21756,"Cole, Eric",665,Innisbrook Resort and Golf Club - Copperhead Course,sg_putt,8.999021239749762,2026-03-22,-0.02106157327412981,921,TPC Craig Ranch
21756,"Cole, Eric",510,TPC Scottsdale (Stadium Course),sg_putt,6.1292894896447265,2026-02-08,-0.030389879646958263,921,TPC Craig Ranch
21756,"Cole, Eric",406,Castle Pines Golf Club,sg_putt,2.914780046239138,2024-08-25,-0.039590465564432416,921,TPC Craig Ranch
21756,"Cole, Eric",61,Country Club at Golden Nugget,sg_total,1.875348223014645,2022-03-27,0.01547367903443847,921,TPC Craig Ranch
21756,"Cole, Eric",811,Paiute Golf Resort - Sun Mt GC,sg_total,1.579793845698413,2021-04-18,0.01326191378113605,921,TPC Craig Ranch
21756,"Cole, Eric",244,Puntacana Resort (Corales Golf Course),sg_total,1.5632927924512756,2021-03-28,0.0072616964261045915,921,TPC Craig Ranch
21756,"Cole, Eric",809,Country Club de Bogota-Pacos,sg_total,0.3179058529315635,2020-02-09,0.006033267518740593,921,TPC Craig Ranch
21756,"Cole, Eric",65,TPC San Antonio-AT&T Oaks,sg_total,1.37753319687576,2020-07-18,0.003707431648091143,921,TPC Craig Ranch
21756,"Cole, Eric",62,The Ledges,sg_total,1.749673430060737,2022-05-01,-0.006329557810775414,921,TPC Craig Ranch
28309,"Coody, Pierceson",5,Pebble Beach Golf Links,sg_app,2.862262192771113,2026-02-15,0.013297875941323874,921,TPC Craig Ranch
28309,"Coody, Pierceson",921,TPC Craig Ranch,sg_app,5.836948631929741,2025-05-04,0.010794321038269349,921,TPC Craig Ranch
28309,"Coody, Pierceson",21,Colonial Country Club,sg_arg,7.287054147293656,2025-05-25,0.016116661308427677,921,TPC Craig Ranch
28309,"Coody, Pierceson",6,Waialae Country Club,sg_arg,5.066264140212402,2026-01-18,0.010533984092421348,921,TPC Craig Ranch
28309,"Coody, Pierceson",930,Black Desert Resort,sg_arg,5.10204496587278,2025-10-26,0.002684698600307748,921,TPC Craig Ranch
28309,"Coody, Pierceson",874,Hamilton Golf & Country Club,sg_arg,2.7948945033543784,2024-06-02,0.0007906667020946984,921,TPC Craig Ranch
28309,"Coody, Pierceson",921,TPC Craig Ranch,sg_arg,5.836948631929741,2025-05-04,-0.007096829436368115,921,TPC Craig Ranch
28309,"Coody, Pierceson",921,TPC Craig Ranch,sg_ott,5.836948631929741,2025-05-04,0.10212253328314856,921,TPC Craig Ranch
28309,"Coody, Pierceson",876,Detroit Golf Club,sg_ott,2.834298208747338,2024-06-30,0.03037626500156825,921,TPC Craig Ranch
28309,"Coody, Pierceson",746,The Country Club of Jackson,sg_ott,5.059135615090971,2025-10-05,0.030358866652587434,921,TPC Craig Ranch
28309,"Coody, Pierceson",8,Trump National Doral - Blue Monster Course,sg_ott,3.966144091451867,2026-05-03,0.025575137654719096,921,TPC Craig Ranch
28309,"Coody, Pierceson",5,Pebble Beach Golf Links,sg_ott,2.862262192771113,2026-02-15,0.011117296452760212,921,TPC Craig Ranch
28309,"Coody, Pierceson",4,Torrey Pines Golf Course (South Course),sg_ott,4.28465821996539,2026-02-01,0.01016043222571396,921,TPC Craig Ranch
28309,"Coody, Pierceson",897,Memorial Park Golf Course,sg_ott,6.931390734449164,2026-03-29,0.008275365839346011,921,TPC Craig Ranch
28309,"Coody, Pierceson",926,Silverado Resort (North Course),sg_ott,2.9455464778244003,2024-09-15,0.0012731605283400266,921,TPC Craig Ranch
28309,"Coody, Pierceson",21,Colonial Country Club,sg_ott,7.287054147293656,2025-05-25,-0.0005839675646018121,921,TPC Craig Ranch
28309,"Coody, Pierceson",714,TPC Louisiana,sg_ott,1.6473158085371538,2025-04-27,-0.004740536704865127,921,TPC Craig Ranch
28309,"Coody, Pierceson",928,PGA National  - Champion Course,sg_ott,2.937118971207176,2025-03-02,-0.00529880877926577,921,TPC Craig Ranch
28309,"Coody, Pierceson",205,Spyglass Hill Golf Course,sg_ott,0.9540873975903711,2026-02-15,-0.006837565335221484,921,TPC Craig Ranch
28309,"Coody, Pierceson",872,Quail Hollow Club,sg_ott,5.128768654966786,2026-05-10,-0.013449219733861434,921,TPC Craig Ranch
28309,"Coody, Pierceson",12,Harbour Town Golf Links,sg_ott,3.9384780270069317,2026-04-19,-0.0150613077222646,921,TPC Craig Ranch
28309,"Coody, Pierceson",770,TPC San Antonio - The Oaks Course,sg_ott,4.9753049739759785,2024-04-07,-0.01830490428105294,921,TPC Craig Ranch
28309,"Coody, Pierceson",665,Innisbrook Resort and Golf Club - Copperhead Course,sg_putt,5.6793319180906305,2026-03-22,0.025021972343112413,921,TPC Craig Ranch
28309,"Coody, Pierceson",510,TPC Scottsdale (Stadium Course),sg_putt,3.8030157146893075,2026-02-08,-0.0021248851197032707,921,TPC Craig Ranch
28309,"Coody, Pierceson",921,TPC Craig Ranch,sg_putt,5.836948631929741,2025-05-04,-0.09892724382186174,921,TPC Craig Ranch
28309,"Coody, Pierceson",244,Puntacana Resort (Corales Golf Course),sg_total,6.019934264166448,2025-04-20,0.016042158108616256,921,TPC Craig Ranch
28309,"Coody, Pierceson",742,Grand Reserve Golf Club,sg_total,2.679939879154656,2024-03-10,0.007229869843076555,921,TPC Craig Ranch
28309,"Coody, Pierceson",62,The Ledges,sg_total,1.7170578754698997,2023-04-30,0.006466395070849815,921,TPC Craig Ranch
28309,"Coody, Pierceson",809,Country Club de Bogota-Pacos,sg_total,1.343285591563555,2025-02-09,0.0012105316381902707,921,TPC Craig Ranch
18579,"Cook, Austin",921,TPC Craig Ranch,sg_app,6.471782267579398,2024-05-05,0.026519750859269366,921,TPC Craig Ranch
18579,"Cook, Austin",934,Hurstbourne Country Club,sg_app,1.7119741538578583,2025-07-13,0.01720217084840293,921,TPC Craig Ranch
18579,"Cook, Austin",5,Pebble Beach Golf Links,sg_app,2.650315930467953,2023-02-05,0.015272823634843828,921,TPC Craig Ranch
18579,"Cook, Austin",772,St. George's G&CC,sg_app,1.948957006692821,2022-06-12,0.008345740997122817,921,TPC Craig Ranch
18579,"Cook, Austin",534,Bellerive CC,sg_app,0.9678234072449506,2018-08-12,0.005607774218343558,921,TPC Craig Ranch
18579,"Cook, Austin",656,Plantation Course at Kapalua,sg_app,0.86831073489002,2018-01-07,0.0019917669497141405,921,TPC Craig Ranch
18579,"Cook, Austin",21,Colonial Country Club,sg_arg,2.389460490295829,2021-05-30,0.007134646467863584,921,TPC Craig Ranch
18579,"Cook, Austin",930,Black Desert Resort,sg_arg,5.10204496587278,2025-10-26,0.0033938572750290847,921,TPC Craig Ranch
18579,"Cook, Austin",874,Hamilton Golf & Country Club,sg_arg,1.9599536222864868,2024-06-02,0.0012199831861063736,921,TPC Craig Ranch
18579,"Cook, Austin",243,Trinity Forest Golf Club,sg_arg,0.5546861506900438,2019-05-12,-0.0020358948368662984,921,TPC Craig Ranch
18579,"Cook, Austin",873,Ridgewood CC,sg_arg,0.9746219381933394,2018-08-26,-0.0032829658160139596,921,TPC Craig Ranch
18579,"Cook, Austin",773,Aronimink GC,sg_arg,0.9814682258117053,2018-09-09,-0.004530484949860337,921,TPC Craig Ranch
18579,"Cook, Austin",6,Waialae Country Club,sg_arg,4.372460858513968,2023-01-15,-0.005582043388298749,921,TPC Craig Ranch
18579,"Cook, Austin",921,TPC Craig Ranch,sg_arg,6.471782267579398,2024-05-05,-0.026070376720200752,921,TPC Craig Ranch
18579,"Cook, Austin",926,Silverado Resort (North Course),sg_ott,5.694944412848971,2025-09-14,0.022375483086986,921,TPC Craig Ranch
18579,"Cook, Austin",5,Pebble Beach Golf Links,sg_ott,2.650315930467953,2023-02-05,0.007779976141833597,921,TPC Craig Ranch
18579,"Cook, Austin",12,Harbour Town Golf Links,sg_ott,2.9302376755677253,2021-04-18,0.006439142750521128,921,TPC Craig Ranch
18579,"Cook, Austin",534,Bellerive CC,sg_ott,0.9678234072449506,2018-08-12,0.0037458025286135777,921,TPC Craig Ranch
18579,"Cook, Austin",21,Colonial Country Club,sg_ott,2.389460490295829,2021-05-30,0.0023197437267013007,921,TPC Craig Ranch
18579,"Cook, Austin",32,Glen Abbey GC,sg_ott,0.5547677957164292,2015-07-26,0.00215621563277278,921,TPC Craig Ranch
18579,"Cook, Austin",876,Detroit Golf Club,sg_ott,5.93658660880372,2023-07-02,0.002046188166529995,921,TPC Craig Ranch
18579,"Cook, Austin",243,Trinity Forest Golf Club,sg_ott,0.5546861506900438,2019-05-12,0.0008589045912793729,921,TPC Craig Ranch
18579,"Cook, Austin",746,The Country Club of Jackson,sg_ott,8.019396683396028,2023-10-08,0.0008159845779791958,921,TPC Craig Ranch
18579,"Cook, Austin",819,Harbor Shores Resort,sg_ott,0.5528295024233586,2015-07-19,-4.4992137933285974e-05,921,TPC Craig Ranch
18579,"Cook, Austin",772,St. George's G&CC,sg_ott,1.948957006692821,2022-06-12,-0.00023472492114877478,921,TPC Craig Ranch
18579,"Cook, Austin",872,Quail Hollow Club,sg_ott,2.8684964598638363,2023-05-07,-0.0020418657557582155,921,TPC Craig Ranch
18579,"Cook, Austin",714,TPC Louisiana,sg_ott,3.1168492108079686,2026-04-26,-0.0038002580230245505,921,TPC Craig Ranch
18579,"Cook, Austin",873,Ridgewood CC,sg_ott,0.9746219381933394,2018-08-26,-0.004175307170548256,921,TPC Craig Ranch
18579,"Cook, Austin",770,TPC San Antonio - The Oaks Course,sg_ott,4.314318203132502,2023-04-02,-0.005673592021316317,921,TPC Craig Ranch
18579,"Cook, Austin",897,Memorial Park Golf Course,sg_ott,6.270787608686161,2024-03-31,-0.005746814383320445,921,TPC Craig Ranch
18579,"Cook, Austin",4,Torrey Pines Golf Course (South Course),sg_ott,2.4112144151640775,2023-01-28,-0.006738616218158907,921,TPC Craig Ranch
18579,"Cook, Austin",893,Muirfield Village Golf Club,sg_ott,1.373406789990266,2020-07-12,-0.007632721479319832,921,TPC Craig Ranch
18579,"Cook, Austin",921,TPC Craig Ranch,sg_ott,6.471782267579398,2024-05-05,-0.033629246719105145,921,TPC Craig Ranch
18579,"Cook, Austin",921,TPC Craig Ranch,sg_putt,6.471782267579398,2024-05-05,0.08133309983230427,921,TPC Craig Ranch
18579,"Cook, Austin",893,Muirfield Village Golf Club,sg_putt,1.373406789990266,2020-07-12,0.012263005073979687,921,TPC Craig Ranch
18579,"Cook, Austin",873,Ridgewood CC,sg_putt,0.9746219381933394,2018-08-26,0.0023688235012862286,921,TPC Craig Ranch
18579,"Cook, Austin",665,Innisbrook Resort and Golf Club - Copperhead Course,sg_putt,6.178764113485521,2024-03-24,-0.00041193939806752155,921,TPC Craig Ranch
18579,"Cook, Austin",656,Plantation Course at Kapalua,sg_putt,0.86831073489002,2018-01-07,-0.0013796078793198547,921,TPC Craig Ranch
18579,"Cook, Austin",510,TPC Scottsdale (Stadium Course),sg_putt,2.805033265412132,2021-02-07,-0.009471594236321759,921,TPC Craig Ranch
18579,"Cook, Austin",98,PGA Riviera Maya,sg_total,3.306183030916225,2025-05-04,0.01359553669191162,921,TPC Craig Ranch
18579,"Cook, Austin",56,Atlantic Beach Country Club,sg_total,0.8267890964769182,2017-10-01,0.003100197749180848,921,TPC Craig Ranch
18579,"Cook, Austin",803,University Ridge GC,sg_total,0.19339897420195362,2017-05-21,0.00136242899998334,921,TPC Craig Ranch
18579,"Cook, Austin",742,Grand Reserve Golf Club,sg_total,6.929354035545963,2024-03-10,0.0010847398824548266,921,TPC Craig Ranch
18579,"Cook, Austin",809,Country Club de Bogota-Pacos,sg_total,0.7925497493467781,2025-02-09,-0.0006109472348950889,921,TPC Craig Ranch
18579,"Cook, Austin",50,Corales Golf Club,sg_total,0.38409981724150816,2017-05-07,-0.0013495583284161175,921,TPC Craig Ranch
18579,"Cook, Austin",244,Puntacana Resort (Corales Golf Course),sg_total,7.135009701893625,2025-04-20,-0.006700389056974237,921,TPC Craig Ranch
27780,"Crowe, Trace",921,TPC Craig Ranch,sg_app,3.0311108185738744,2025-05-04,-0.038410180685829194,921,TPC Craig Ranch
27780,"Crowe, Trace",874,Hamilton Golf & Country Club,sg_arg,2.7948945033543784,2024-06-02,0.011228634057761507,921,TPC Craig Ranch
27780,"Crowe, Trace",921,TPC Craig Ranch,sg_arg,3.0311108185738744,2025-05-04,0.007408546662546449,921,TPC Craig Ranch
27780,"Crowe, Trace",930,Black Desert Resort,sg_arg,2.9870741438934285,2024-10-13,0.0029881940425614062,921,TPC Craig Ranch
27780,"Crowe, Trace",714,TPC Louisiana,sg_ott,7.246918468522029,2026-04-26,0.049278136650534946,921,TPC Craig Ranch
27780,"Crowe, Trace",897,Memorial Park Golf Course,sg_ott,1.3541137489963293,2024-03-31,0.008812757857684714,921,TPC Craig Ranch
27780,"Crowe, Trace",770,TPC San Antonio - The Oaks Course,sg_ott,0.6794307253746364,2024-04-07,0.0041632967058989065,921,TPC Craig Ranch
27780,"Crowe, Trace",746,The Country Club of Jackson,sg_ott,2.976637658892463,2024-10-06,0.0036808884652054525,921,TPC Craig Ranch
27780,"Crowe, Trace",921,TPC Craig Ranch,sg_ott,3.0311108185738744,2025-05-04,-0.006915398677432477,921,TPC Craig Ranch
27780,"Crowe, Trace",926,Silverado Resort (North Course),sg_ott,1.4727732389122001,2024-09-15,-0.018803980125129495,921,TPC Craig Ranch
27780,"Crowe, Trace",876,Detroit Golf Club,sg_ott,1.417149104373669,2024-06-30,-0.019189053185932954,921,TPC Craig Ranch
27780,"Crowe, Trace",921,TPC Craig Ranch,sg_putt,3.0311108185738744,2025-05-04,0.013459748891242579,921,TPC Craig Ranch
27780,"Crowe, Trace",665,Innisbrook Resort and Golf Club - Copperhead Course,sg_putt,1.3493826351537446,2024-03-24,-0.004444140310497725,921,TPC Craig Ranch
27780,"Crowe, Trace",244,Puntacana Resort (Corales Golf Course),sg_total,2.7368137016555485,2024-04-21,0.018321031796050147,921,TPC Craig Ranch
27780,"Crowe, Trace",62,The Ledges,sg_total,3.6255135375540375,2023-04-30,0.010987187625098628,921,TPC Craig Ranch
27780,"Crowe, Trace",61,Country Club at Golden Nugget,sg_total,1.875348223014645,2022-03-27,0.0036149026766636397,921,TPC Craig Ranch
27780,"Crowe, Trace",809,Country Club de Bogota-Pacos,sg_total,0.7925497493467781,2025-02-09,-0.0013402306999629437,921,TPC Craig Ranch
27780,"Crowe, Trace",742,Grand Reserve Golf Club,sg_total,1.339969939577328,2024-03-10,-0.0034313917582874005,921,TPC Craig Ranch
14509,"Dahmen, Joel",921,TPC Craig Ranch,sg_app,4.4091301216896355,2025-05-04,0.07135177666006332,921,TPC Craig Ranch
14509,"Dahmen, Joel",875,ACCORDIA GOLF Narashino Country Club,sg_app,3.0080570172775305,2024-10-27,0.06715853163617255,921,TPC Craig Ranch
14509,"Dahmen, Joel",891,Winged Foot GC,sg_app,0.7111635699565723,2020-09-20,0.0030114825419157343,921,TPC Craig Ranch
14509,"Dahmen, Joel",514,Oak Hill Country Club,sg_app,2.3135759575120334,2023-05-21,0.0025663095491909142,921,TPC Craig Ranch
14509,"Dahmen, Joel",348,Medinah Country Club (No. 3),sg_app,1.1650853674566677,2019-08-18,0.0004142599772877913,921,TPC Craig Ranch
14509,"Dahmen, Joel",656,Plantation Course at Kapalua,sg_app,1.8045195176121693,2022-01-09,0.0001468381004826479,921,TPC Craig Ranch
14509,"Dahmen, Joel",5,Pebble Beach Golf Links,sg_app,4.606641334570977,2023-02-05,-0.03780100774746614,921,TPC Craig Ranch
14509,"Dahmen, Joel",21,Colonial Country Club,sg_arg,12.363545662003244,2025-05-25,0.008113016968983764,921,TPC Craig Ranch
14509,"Dahmen, Joel",348,Medinah Country Club (No. 3),sg_arg,1.1650853674566677,2019-08-18,0.007745500171148092,921,TPC Craig Ranch
14509,"Dahmen, Joel",896,Olympia Fields Country Club (North Course),sg_arg,1.4074708370262448,2020-08-30,0.004812215805252162,921,TPC Craig Ranch
14509,"Dahmen, Joel",243,Trinity Forest Golf Club,sg_arg,0.9280166181378802,2018-05-20,0.0030230483713381993,921,TPC Craig Ranch
14509,"Dahmen, Joel",886,Liberty National Golf Club,sg_arg,2.8435375426214686,2021-08-22,-0.0005922849900455304,921,TPC Craig Ranch
14509,"Dahmen, Joel",930,Black Desert Resort,sg_arg,4.791328090856462,2025-10-26,-0.0039051016213282838,921,TPC Craig Ranch
14509,"Dahmen, Joel",873,Ridgewood CC,sg_arg,0.4873109690966697,2018-08-26,-0.004553517078392486,921,TPC Craig Ranch
14509,"Dahmen, Joel",6,Waialae Country Club,sg_arg,8.24501815899495,2025-01-12,-0.004864532103416296,921,TPC Craig Ranch
14509,"Dahmen, Joel",921,TPC Craig Ranch,sg_arg,4.4091301216896355,2025-05-04,-0.010099265768463104,921,TPC Craig Ranch
14509,"Dahmen, Joel",874,Hamilton Golf & Country Club,sg_arg,2.7948945033543784,2024-06-02,-0.010882517015577832,921,TPC Craig Ranch
14509,"Dahmen, Joel",928,PGA National  - Champion Course,sg_ott,8.382107456485787,2026-03-01,0.0152615537074631,921,TPC Craig Ranch
14509,"Dahmen, Joel",12,Harbour Town Golf Links,sg_ott,5.48870971056094,2023-04-16,0.00814146104860147,921,TPC Craig Ranch
14509,"Dahmen, Joel",891,Winged Foot GC,sg_ott,0.7111635699565723,2020-09-20,0.004010860483250997,921,TPC Craig Ranch
14509,"Dahmen, Joel",5,Pebble Beach Golf Links,sg_ott,4.606641334570977,2023-02-05,0.003916851833364981,921,TPC Craig Ranch
14509,"Dahmen, Joel",654,The Country Club,sg_ott,1.9557903075170284,2022-06-19,0.0031266833514422827,921,TPC Craig Ranch
14509,"Dahmen, Joel",823,Keene Trace Golf Club,sg_ott,0.9577144264939117,2018-07-22,0.0031177192303186384,921,TPC Craig Ranch
14509,"Dahmen, Joel",926,Silverado Resort (North Course),sg_ott,5.9400119056755365,2025-09-14,0.003037423703621238,921,TPC Craig Ranch
14509,"Dahmen, Joel",876,Detroit Golf Club,sg_ott,8.356117782178186,2025-06-29,0.0027946566134313317,921,TPC Craig Ranch
14509,"Dahmen, Joel",873,Ridgewood CC,sg_ott,0.4873109690966697,2018-08-26,0.0024239899744899407,921,TPC Craig Ranch
14509,"Dahmen, Joel",895,TPC Harding Park,sg_ott,1.3927697092247904,2020-08-09,0.002070072654338113,921,TPC Craig Ranch
14509,"Dahmen, Joel",897,Memorial Park Golf Course,sg_ott,8.462591254744378,2025-03-30,0.001981978835489542,921,TPC Craig Ranch
14509,"Dahmen, Joel",697,Ocean Course at Kiawah Island,sg_ott,1.6076835612440104,2021-05-23,0.0015642762810840866,921,TPC Craig Ranch
14509,"Dahmen, Joel",977,The Renaissance Club,sg_ott,2.7001913023701416,2025-07-13,3.917870309521701e-05,921,TPC Craig Ranch
14509,"Dahmen, Joel",243,Trinity Forest Golf Club,sg_ott,0.9280166181378802,2018-05-20,-0.00012990016099550126,921,TPC Craig Ranch
14509,"Dahmen, Joel",348,Medinah Country Club (No. 3),sg_ott,1.1650853674566677,2019-08-18,-0.00020214443455632728,921,TPC Craig Ranch
14509,"Dahmen, Joel",4,Torrey Pines Golf Course (South Course),sg_ott,8.649518065194497,2026-02-01,-0.0010278546313303744,921,TPC Craig Ranch
14509,"Dahmen, Joel",235,Eagle Point Golf Club,sg_ott,0.38409981724150816,2017-05-07,-0.0027349667632491238,921,TPC Craig Ranch
14509,"Dahmen, Joel",872,Quail Hollow Club,sg_ott,4.772227281582608,2023-05-07,-0.00308110678202517,921,TPC Craig Ranch
14509,"Dahmen, Joel",746,The Country Club of Jackson,sg_ott,10.37294376208123,2025-10-05,-0.0031048585229919616,921,TPC Craig Ranch
14509,"Dahmen, Joel",714,TPC Louisiana,sg_ott,5.904870804429231,2026-04-26,-0.0037550966803654036,921,TPC Craig Ranch
14509,"Dahmen, Joel",893,Muirfield Village Golf Club,sg_ott,0.686703394995133,2020-07-12,-0.004018594440979158,921,TPC Craig Ranch
14509,"Dahmen, Joel",770,TPC San Antonio - The Oaks Course,sg_ott,8.671131172863706,2026-04-05,-0.004659905248500888,921,TPC Craig Ranch
14509,"Dahmen, Joel",819,Harbor Shores Resort,sg_ott,0.399176014830406,2017-07-23,-0.0048195578234930805,921,TPC Craig Ranch
14509,"Dahmen, Joel",32,Glen Abbey GC,sg_ott,1.361647878527509,2018-07-29,-0.004983739662563351,921,TPC Craig Ranch
14509,"Dahmen, Joel",514,Oak Hill Country Club,sg_ott,2.3135759575120334,2023-05-21,-0.010236829615748566,921,TPC Craig Ranch
14509,"Dahmen, Joel",8,Trump National Doral - Blue Monster Course,sg_ott,3.966144091451867,2026-05-03,-0.01786786388918169,921,TPC Craig Ranch
14509,"Dahmen, Joel",21,Colonial Country Club,sg_ott,12.363545662003244,2025-05-25,-0.02154979994487122,921,TPC Craig Ranch
14509,"Dahmen, Joel",921,TPC Craig Ranch,sg_ott,4.4091301216896355,2025-05-04,-0.024531089134869167,921,TPC Craig Ranch
14509,"Dahmen, Joel",2000,Sherwood Country Club,sg_putt,1.447436934746801,2020-10-25,0.007664849194852771,921,TPC Craig Ranch
14509,"Dahmen, Joel",666,Pebble Beach Golf Links,sg_putt,0.5644785922810466,2019-06-16,0.002085729329643347,921,TPC Craig Ranch
14509,"Dahmen, Joel",656,Plantation Course at Kapalua,sg_putt,1.8045195176121693,2022-01-09,-0.002676578828943446,921,TPC Craig Ranch
14509,"Dahmen, Joel",873,Ridgewood CC,sg_putt,0.4873109690966697,2018-08-26,-0.003627858711306562,921,TPC Craig Ranch
14509,"Dahmen, Joel",893,Muirfield Village Golf Club,sg_putt,0.686703394995133,2020-07-12,-0.012251119628986189,921,TPC Craig Ranch
14509,"Dahmen, Joel",510,TPC Scottsdale (Stadium Course),sg_putt,12.409885218289762,2026-02-08,-0.014513051215973313,921,TPC Craig Ranch
14509,"Dahmen, Joel",665,Innisbrook Resort and Golf Club - Copperhead Course,sg_putt,13.394380428065217,2026-03-22,-0.0286528228233586,921,TPC Craig Ranch
14509,"Dahmen, Joel",921,TPC Craig Ranch,sg_putt,4.4091301216896355,2025-05-04,-0.029708112018534422,921,TPC Craig Ranch
14509,"Dahmen, Joel",244,Puntacana Resort (Corales Golf Course),sg_total,12.290469419122099,2025-04-20,0.019273245158058467,921,TPC Craig Ranch
14509,"Dahmen, Joel",56,Atlantic Beach Country Club,sg_total,0.4133945482384591,2017-10-01,-0.002734980395916683,921,TPC Craig Ranch
14509,"Dahmen, Joel",742,Grand Reserve Golf Club,sg_total,3.2441166171504783,2024-03-10,-0.006881381138257366,921,TPC Craig Ranch
17786,"Davis, Cam",406,Castle Pines Golf Club,sg_app,2.914780046239138,2024-08-25,0.048542550238110695,921,TPC Craig Ranch
17786,"Davis, Cam",5,Pebble Beach Golf Links,sg_app,3.6860664786480624,2025-02-02,0.04321672357560747,921,TPC Craig Ranch
17786,"Davis, Cam",882,Caves Valley Golf Club,sg_app,1.688421993568662,2021-08-29,0.00465087440137585,921,TPC Craig Ranch
17786,"Davis, Cam",379,The Philadelphia Cricket Club (Wissahickon Course),sg_app,3.3177749455416157,2025-05-11,-0.00658798477129678,921,TPC Craig Ranch
17786,"Davis, Cam",656,Plantation Course at Kapalua,sg_app,7.516560156638379,2025-01-05,-0.011104404030866809,921,TPC Craig Ranch
17786,"Davis, Cam",921,TPC Craig Ranch,sg_app,3.306183030916225,2025-05-04,-0.0851264917992824,921,TPC Craig Ranch
17786,"Davis, Cam",406,Castle Pines Golf Club,sg_arg,2.914780046239138,2024-08-25,0.024180968609832907,921,TPC Craig Ranch
17786,"Davis, Cam",21,Colonial Country Club,sg_arg,9.165195982611552,2025-05-25,2.510687318206455e-05,921,TPC Craig Ranch
17786,"Davis, Cam",896,Olympia Fields Country Club (North Course),sg_arg,2.421275242584897,2023-08-20,-0.0014011837801052658,921,TPC Craig Ranch
17786,"Davis, Cam",886,Liberty National Golf Club,sg_arg,1.6825228461212498,2021-08-22,-0.0038648308564272326,921,TPC Craig Ranch
17786,"Davis, Cam",921,TPC Craig Ranch,sg_arg,3.306183030916225,2025-05-04,-0.006013580741309386,921,TPC Craig Ranch
17786,"Davis, Cam",6,Waialae Country Club,sg_arg,10.03381501254471,2026-01-18,-0.01249650353825123,921,TPC Craig Ranch
17786,"Davis, Cam",921,TPC Craig Ranch,sg_ott,3.306183030916225,2025-05-04,0.020747322759660458,921,TPC Craig Ranch
17786,"Davis, Cam",12,Harbour Town Golf Links,sg_ott,10.188517971900488,2025-04-20,0.020050467709757974,921,TPC Craig Ranch
17786,"Davis, Cam",241,Quail Hollow-PGA Championship,sg_ott,3.329407502951579,2025-05-18,0.019868359243706675,921,TPC Craig Ranch
17786,"Davis, Cam",977,The Renaissance Club,sg_ott,2.85420789882601,2024-07-14,0.012727228743402517,921,TPC Craig Ranch
17786,"Davis, Cam",876,Detroit Golf Club,sg_ott,10.536103270360702,2025-06-29,0.008333114070094868,921,TPC Craig Ranch
17786,"Davis, Cam",770,TPC San Antonio - The Oaks Course,sg_ott,1.1287910362387166,2023-04-02,0.008230489710480985,921,TPC Craig Ranch
17786,"Davis, Cam",897,Memorial Park Golf Course,sg_ott,3.5855743912885942,2024-03-31,0.0073635253176628996,921,TPC Craig Ranch
17786,"Davis, Cam",14,Augusta National Golf Club,sg_ott,1.6358248631077188,2025-04-13,0.00730759104257892,921,TPC Craig Ranch
17786,"Davis, Cam",872,Quail Hollow Club,sg_ott,5.063139118193346,2024-05-12,0.005979187270533355,921,TPC Craig Ranch
17786,"Davis, Cam",379,The Philadelphia Cricket Club (Wissahickon Course),sg_ott,3.3177749455416157,2025-05-11,0.00452774611334109,921,TPC Craig Ranch
17786,"Davis, Cam",5,Pebble Beach Golf Links,sg_ott,3.6860664786480624,2025-02-02,0.0027463456410320914,921,TPC Craig Ranch
17786,"Davis, Cam",205,Spyglass Hill Golf Course,sg_ott,0.7897806739328027,2025-02-02,0.0008265385480135883,921,TPC Craig Ranch
17786,"Davis, Cam",926,Silverado Resort (North Course),sg_ott,2.4554114921712684,2023-09-17,0.00044484905831319464,921,TPC Craig Ranch
17786,"Davis, Cam",697,Ocean Course at Kiawah Island,sg_ott,1.6076835612440104,2021-05-23,-0.0041373105899894175,921,TPC Craig Ranch
17786,"Davis, Cam",746,The Country Club of Jackson,sg_ott,0.8591147164214783,2021-10-03,-0.004540570175007036,921,TPC Craig Ranch
17786,"Davis, Cam",901,Wilmington Country Club,sg_ott,2.0183782877342047,2022-08-21,-0.006367199236717662,921,TPC Craig Ranch
17786,"Davis, Cam",928,PGA National  - Champion Course,sg_ott,1.9215788783046464,2026-03-01,-0.009921355470343287,921,TPC Craig Ranch
17786,"Davis, Cam",714,TPC Louisiana,sg_ott,5.270775042798169,2026-04-26,-0.01638394105742122,921,TPC Craig Ranch
17786,"Davis, Cam",21,Colonial Country Club,sg_ott,9.165195982611552,2025-05-25,-0.016504979243679118,921,TPC Craig Ranch
17786,"Davis, Cam",4,Torrey Pines Golf Course (South Course),sg_ott,4.755908523903103,2026-02-01,-0.019507265276038216,921,TPC Craig Ranch
17786,"Davis, Cam",656,Plantation Course at Kapalua,sg_putt,7.516560156638379,2025-01-05,0.029828468335825618,921,TPC Craig Ranch
17786,"Davis, Cam",406,Castle Pines Golf Club,sg_putt,2.914780046239138,2024-08-25,0.010185562986596543,921,TPC Craig Ranch
17786,"Davis, Cam",921,TPC Craig Ranch,sg_putt,3.306183030916225,2025-05-04,-0.005116927753379423,921,TPC Craig Ranch
17786,"Davis, Cam",665,Innisbrook Resort and Golf Club - Copperhead Course,sg_putt,3.5606003173878404,2026-03-22,-0.008948601085330491,921,TPC Craig Ranch
17786,"Davis, Cam",510,TPC Scottsdale (Stadium Course),sg_putt,4.721203987263096,2026-02-08,-0.013657148040102263,921,TPC Craig Ranch
17786,"Davis, Cameron",514,Oak Hill Country Club,sg_app,2.3135759575120334,2023-05-21,0.024135544268623684,921,TPC Craig Ranch
17786,"Davis, Cameron",5,Pebble Beach Golf Links,sg_app,2.3139296582799225,2021-02-14,0.003276297892833252,921,TPC Craig Ranch
17786,"Davis, Cameron",243,Trinity Forest Golf Club,sg_arg,1.1093723013800876,2019-05-12,0.0067757190297527995,921,TPC Craig Ranch
17786,"Davis, Cameron",6,Waialae Country Club,sg_arg,3.2861137122888877,2021-01-17,0.004046324496644984,921,TPC Craig Ranch
17786,"Davis, Cameron",21,Colonial Country Club,sg_arg,0.6771565314416707,2020-06-14,-0.00023582873208028462,921,TPC Craig Ranch
17786,"Davis, Cameron",660,Montreux Golf & Country Club,sg_arg,0.5764579861147145,2019-07-28,-0.003294640463681925,921,TPC Craig Ranch
17786,"Davis, Cameron",874,Hamilton Golf & Country Club,sg_arg,0.5625063706092978,2019-06-09,-0.00535866870144143,921,TPC Craig Ranch
17786,"Davis, Cameron",671,Valhalla Golf Club,sg_arg,1.3876992786253213,2024-05-19,-0.008097234067335878,921,TPC Craig Ranch
17786,"Davis, Cameron",514,Oak Hill Country Club,sg_ott,2.3135759575120334,2023-05-21,0.027931850618409297,921,TPC Craig Ranch
17786,"Davis, Cameron",4,Torrey Pines Golf Course (South Course),sg_ott,2.876635167868721,2021-01-31,0.010933944244214927,921,TPC Craig Ranch
17786,"Davis, Cameron",243,Trinity Forest Golf Club,sg_ott,1.1093723013800876,2019-05-12,0.009972687864121503,921,TPC Craig Ranch
17786,"Davis, Cameron",746,The Country Club of Jackson,sg_ott,3.1208777591515444,2020-10-04,0.007622940180310587,921,TPC Craig Ranch
17786,"Davis, Cameron",770,TPC San Antonio - The Oaks Course,sg_ott,2.113837489642045,2021-04-04,0.006079879205694784,921,TPC Craig Ranch
17786,"Davis, Cameron",12,Harbour Town Golf Links,sg_ott,1.579793845698413,2021-04-18,0.0053353158812106454,921,TPC Craig Ranch
17786,"Davis, Cameron",21,Colonial Country Club,sg_ott,0.6771565314416707,2020-06-14,0.004229158134312604,921,TPC Craig Ranch
17786,"Davis, Cameron",5,Pebble Beach Golf Links,sg_ott,2.3139296582799225,2021-02-14,0.0030690888768892697,921,TPC Craig Ranch
17786,"Davis, Cameron",897,Memorial Park Golf Course,sg_ott,1.4576045383850813,2020-11-08,0.0022303225108302846,921,TPC Craig Ranch
17786,"Davis, Cameron",876,Detroit Golf Club,sg_ott,1.2527479387466018,2020-07-05,0.000932490732913259,921,TPC Craig Ranch
17786,"Davis, Cameron",528,Pinehurst Resort & Country Club (Course No. 2),sg_ott,1.4072636999239956,2024-06-16,0.00016521182999248957,921,TPC Craig Ranch
17786,"Davis, Cameron",893,Muirfield Village Golf Club,sg_ott,0.686703394995133,2020-07-12,-0.0004111012884642512,921,TPC Craig Ranch
17786,"Davis, Cameron",977,The Renaissance Club,sg_ott,1.1896357651432707,2023-07-16,-0.0008143637929695275,921,TPC Craig Ranch
17786,"Davis, Cameron",872,Quail Hollow Club,sg_ott,2.1492172154723255,2021-05-09,-0.001286383472409471,921,TPC Craig Ranch
17786,"Davis, Cameron",14,Augusta National Golf Club,sg_ott,4.615773311146456,2024-04-14,-0.0016100475556100214,921,TPC Craig Ranch
17786,"Davis, Cameron",671,Valhalla Golf Club,sg_ott,1.3876992786253213,2024-05-19,-0.004167874927857643,921,TPC Craig Ranch
17786,"Davis, Cameron",660,Montreux Golf & Country Club,sg_putt,0.5764579861147145,2019-07-28,0.005370840057479993,921,TPC Craig Ranch
17786,"Davis, Cameron",893,Muirfield Village Golf Club,sg_putt,0.686703394995133,2020-07-12,-0.0008982731933597165,921,TPC Craig Ranch
17786,"Davis, Cameron",665,Innisbrook Resort and Golf Club - Copperhead Course,sg_putt,1.3367070629370605,2021-05-02,-0.01434833325110814,921,TPC Craig Ranch
17786,"Davis, Cameron",4362,lakes gc,sg_total,0.6379470454143887,2023-12-03,0.011025410644230342,921,TPC Craig Ranch
17786,"Davis, Cameron",804,The Country Club of Virginia,sg_total,0.6863361811356673,2018-04-22,0.006503841202634591,921,TPC Craig Ranch
17786,"Davis, Cameron",742,Grand Reserve Golf Club,sg_total,2.348029203951887,2020-02-23,0.00642934938462939,921,TPC Craig Ranch
17786,"Davis, Cameron",630,Fox Den CC,sg_total,0.92477423745053,2018-05-13,0.005397865018348468,921,TPC Craig Ranch
17786,"Davis, Cameron",56,Atlantic Beach Country Club,sg_total,0.9868811730133434,2018-09-20,0.005248293311073538,921,TPC Craig Ranch
17786,"Davis, Cameron",806,Furman University Golf Club,sg_total,0.23200415453447004,2018-05-20,0.001053676886381044,921,TPC Craig Ranch
17786,"Davis, Cameron",244,Puntacana Resort (Corales Golf Course),sg_total,0.5431591981397239,2019-03-31,-0.0020528089092444685,921,TPC Craig Ranch
17786,"Davis, Cameron",3763,racv royal pines resort,sg_total,0.5117838968841675,2018-12-02,-0.005186165725930483,921,TPC Craig Ranch
17786,"Davis, Cameron",4180,victoria gc,sg_total,1.0635870243433847,2022-12-04,-0.0057617600276218825,921,TPC Craig Ranch
17786,"Davis, Cameron",4358,royal queensland gc,sg_total,2.542872534505657,2023-11-26,-0.0059582465461600065,921,TPC Craig Ranch
17786,"Davis, Cameron",4175,royal queensland gc,sg_total,2.119741953270274,2022-11-27,-0.009969541096318531,921,TPC Craig Ranch
17786,"Davis, Cameron",4722,royal melbourne gc,sg_total,3.685087834785395,2025-12-07,-0.018721367847607952,921,TPC Craig Ranch
16757,"Dou, Zecheng",5,Pebble Beach Golf Links,sg_app,0.9906315920127828,2023-02-05,0.0009953416101362003,921,TPC Craig Ranch
16757,"Dou, Zecheng",921,TPC Craig Ranch,sg_app,3.68351189891127,2024-05-05,-0.01309668714055048,921,TPC Craig Ranch
16757,"Dou, Zecheng",6,Waialae Country Club,sg_arg,5.2851290557368555,2026-01-18,0.004750376764096183,921,TPC Craig Ranch
16757,"Dou, Zecheng",21,Colonial Country Club,sg_arg,2.3216876605629695,2023-05-28,0.004505746527934778,921,TPC Craig Ranch
16757,"Dou, Zecheng",243,Trinity Forest Golf Club,sg_arg,0.4640083090689401,2018-05-20,0.002164615365518567,921,TPC Craig Ranch
16757,"Dou, Zecheng",921,TPC Craig Ranch,sg_arg,3.68351189891127,2024-05-05,-0.013226483768299532,921,TPC Craig Ranch
16757,"Dou, Zecheng",921,TPC Craig Ranch,sg_ott,3.68351189891127,2024-05-05,0.06593636542076695,921,TPC Craig Ranch
16757,"Dou, Zecheng",897,Memorial Park Golf Course,sg_ott,6.0022959307434185,2026-03-29,0.025275864459268903,921,TPC Craig Ranch
16757,"Dou, Zecheng",4,Torrey Pines Golf Course (South Course),sg_ott,4.701527649890693,2026-02-01,0.023715855602528556,921,TPC Craig Ranch
16757,"Dou, Zecheng",876,Detroit Golf Club,sg_ott,2.3626747859496984,2023-07-02,0.00936054704110665,921,TPC Craig Ranch
16757,"Dou, Zecheng",746,The Country Club of Jackson,sg_ott,2.481329142384713,2023-10-08,0.008749006233869346,921,TPC Craig Ranch
16757,"Dou, Zecheng",714,TPC Louisiana,sg_ott,3.1168492108079686,2026-04-26,0.0043486861993850675,921,TPC Craig Ranch
16757,"Dou, Zecheng",32,Glen Abbey GC,sg_ott,0.4805361499185814,2018-07-29,0.0011541595157902893,921,TPC Craig Ranch
16757,"Dou, Zecheng",250,Le Golf National,sg_ott,2.884334972106428,2024-08-04,0.0007340557047913301,921,TPC Craig Ranch
16757,"Dou, Zecheng",926,Silverado Resort (North Course),sg_ott,1.2277057460856342,2023-09-17,0.0006897467671164742,921,TPC Craig Ranch
16757,"Dou, Zecheng",243,Trinity Forest Golf Club,sg_ott,0.4640083090689401,2018-05-20,0.0004982971756086661,921,TPC Craig Ranch
16757,"Dou, Zecheng",5,Pebble Beach Golf Links,sg_ott,0.9906315920127828,2023-02-05,-0.0040830287505322065,921,TPC Craig Ranch
16757,"Dou, Zecheng",823,Keene Trace Golf Club,sg_ott,0.23942860662347792,2018-07-22,-0.004838123134759859,921,TPC Craig Ranch
16757,"Dou, Zecheng",21,Colonial Country Club,sg_ott,2.3216876605629695,2023-05-28,-0.007205491535103328,921,TPC Craig Ranch
16757,"Dou, Zecheng",928,PGA National  - Champion Course,sg_ott,3.8431577566092927,2026-03-01,-0.010522153835973349,921,TPC Craig Ranch
16757,"Dou, Zecheng",770,TPC San Antonio - The Oaks Course,sg_ott,3.999408418806279,2026-04-05,-0.02328407229752158,921,TPC Craig Ranch
16757,"Dou, Zecheng",921,TPC Craig Ranch,sg_putt,3.68351189891127,2024-05-05,0.07758981047696499,921,TPC Craig Ranch
16757,"Dou, Zecheng",510,TPC Scottsdale (Stadium Course),sg_putt,3.8030157146893075,2026-02-08,0.02762351974965766,921,TPC Craig Ranch
16757,"Dou, Zecheng",665,Innisbrook Resort and Golf Club - Copperhead Course,sg_putt,4.631744871605834,2026-03-22,0.013185703101734243,921,TPC Craig Ranch
16757,"Dou, Zecheng",50,Corales Golf Club,sg_total,0.7681996344830163,2017-05-07,0.006320990808311104,921,TPC Craig Ranch
16757,"Dou, Zecheng",108,Prince of Wales Country Club,sg_total,3.214893917778624,2025-03-09,0.004576184163873799,921,TPC Craig Ranch
16757,"Dou, Zecheng",809,Country Club de Bogota-Pacos,sg_total,1.4532202827484073,2025-02-09,0.004087458223435074,921,TPC Craig Ranch
16757,"Dou, Zecheng",655,The Glen Club,sg_total,1.1171651506413875,2019-05-26,0.0033828674389424036,921,TPC Craig Ranch
16757,"Dou, Zecheng",803,University Ridge GC,sg_total,0.19339897420195362,2017-05-21,0.0023226855184604327,921,TPC Craig Ranch
16757,"Dou, Zecheng",56,Atlantic Beach Country Club,sg_total,0.6200918223576887,2017-10-01,0.0013775178615151975,921,TPC Craig Ranch
16757,"Dou, Zecheng",67,The King & Bear Course at WGV,sg_total,0.6791910512898782,2020-06-20,6.17265947166539e-05,921,TPC Craig Ranch
16757,"Dou, Zecheng",65,TPC San Antonio-AT&T Oaks,sg_total,0.68876659843788,2020-07-18,-0.0005355267199006518,921,TPC Craig Ranch
16757,"Dou, Zecheng",61,Country Club at Golden Nugget,sg_total,1.875348223014645,2022-03-27,-0.0011851434605756658,921,TPC Craig Ranch
16757,"Dou, Zecheng",62,The Ledges,sg_total,2.7039012611028057,2022-05-01,-0.0015334282215874668,921,TPC Craig Ranch
16757,"Dou, Zecheng",630,Fox Den CC,sg_total,0.4048037814847234,2017-08-20,-0.0022543705834323106,921,TPC Craig Ranch
16757,"Dou, Zecheng",244,Puntacana Resort (Corales Golf Course),sg_total,3.1880099834933033,2024-04-21,-0.003330030159334618,921,TPC Craig Ranch
16757,"Dou, Zecheng",742,Grand Reserve Golf Club,sg_total,3.7930379479755856,2024-03-10,-0.0066630708299289625,921,TPC Craig Ranch
16757,"Dou, Zecheng",98,PGA Riviera Maya,sg_total,1.6530915154581125,2025-05-04,-0.0115107365715702,921,TPC Craig Ranch
16757,"Dou, Zecheng",811,Paiute Golf Resort - Sun Mt GC,sg_total,1.579793845698413,2021-04-18,-0.013905196275966567,921,TPC Craig Ranch
22002,"Dumont De Chassart, Adrien",714,TPC Louisiana,sg_ott,3.952286851447722,2026-04-26,-0.021622823256718045,921,TPC Craig Ranch
22002,"Dumont De Chassart, Adrien",3649,rinkven international gc,sg_total,0.4640083090689401,2018-05-20,-0.00433292790782477,921,TPC Craig Ranch
22002,"Dumont de Chassart, Adrien",921,TPC Craig Ranch,sg_app,2.7560386062315234,2024-05-05,0.03637953973891235,921,TPC Craig Ranch
22002,"Dumont de Chassart, Adrien",6,Waialae Country Club,sg_arg,3.7632929591040387,2026-01-18,0.022370288073020016,921,TPC Craig Ranch
22002,"Dumont de Chassart, Adrien",921,TPC Craig Ranch,sg_arg,2.7560386062315234,2024-05-05,0.0039358084823641745,921,TPC Craig Ranch
22002,"Dumont de Chassart, Adrien",930,Black Desert Resort,sg_arg,1.4935370719467143,2024-10-13,-7.075525365854787e-06,921,TPC Craig Ranch
22002,"Dumont de Chassart, Adrien",874,Hamilton Golf & Country Club,sg_arg,2.7948945033543784,2024-06-02,-0.008294822441332695,921,TPC Craig Ranch
22002,"Dumont de Chassart, Adrien",4,Torrey Pines Golf Course (South Course),sg_ott,2.914634224682124,2026-02-01,0.012956644481801212,921,TPC Craig Ranch
22002,"Dumont de Chassart, Adrien",928,PGA National  - Champion Course,sg_ott,5.178445999147151,2026-03-01,0.007467800603140431,921,TPC Craig Ranch
22002,"Dumont de Chassart, Adrien",770,TPC San Antonio - The Oaks Course,sg_ott,5.269866399522618,2026-04-05,0.006677100585248023,921,TPC Craig Ranch
22002,"Dumont de Chassart, Adrien",921,TPC Craig Ranch,sg_ott,2.7560386062315234,2024-05-05,-7.725668625258932e-05,921,TPC Craig Ranch
22002,"Dumont de Chassart, Adrien",926,Silverado Resort (North Course),sg_ott,1.4727732389122001,2024-09-15,-0.001093865385738283,921,TPC Craig Ranch
22002,"Dumont de Chassart, Adrien",746,The Country Club of Jackson,sg_ott,2.976637658892463,2024-10-06,-0.0014612215427553593,921,TPC Craig Ranch
22002,"Dumont de Chassart, Adrien",250,Le Golf National,sg_ott,2.884334972106428,2024-08-04,-0.0032147031202635207,921,TPC Craig Ranch
22002,"Dumont de Chassart, Adrien",897,Memorial Park Golf Course,sg_ott,6.6055678564276565,2026-03-29,-0.011878925843878738,921,TPC Craig Ranch
22002,"Dumont de Chassart, Adrien",876,Detroit Golf Club,sg_ott,1.417149104373669,2024-06-30,-0.024993880212390372,921,TPC Craig Ranch
22002,"Dumont de Chassart, Adrien",921,TPC Craig Ranch,sg_putt,2.7560386062315234,2024-05-05,0.02716706655383146,921,TPC Craig Ranch
22002,"Dumont de Chassart, Adrien",665,Innisbrook Resort and Golf Club - Copperhead Course,sg_putt,6.8518447078239735,2026-03-22,0.011366032995473278,921,TPC Craig Ranch
22002,"Dumont de Chassart, Adrien",510,TPC Scottsdale (Stadium Course),sg_putt,4.544189990951171,2026-02-08,-0.021239215020252646,921,TPC Craig Ranch
22002,"Dumont de Chassart, Adrien",4567,royal golf club,sg_total,3.159122695731211,2025-02-02,0.01445412773610882,921,TPC Craig Ranch
22002,"Dumont de Chassart, Adrien",742,Grand Reserve Golf Club,sg_total,2.679939879154656,2024-03-10,0.013271425138529441,921,TPC Craig Ranch
22002,"Dumont de Chassart, Adrien",244,Puntacana Resort (Corales Golf Course),sg_total,2.7368137016555485,2024-04-21,0.007459893945953876,921,TPC Craig Ranch
22002,"Dumont de Chassart, Adrien",98,PGA Riviera Maya,sg_total,3.306183030916225,2025-05-04,0.007432578911802483,921,TPC Craig Ranch
22002,"Dumont de Chassart, Adrien",4382,rinkven international gc,sg_total,1.392564735683542,2024-05-26,-0.007218925513997871,921,TPC Craig Ranch
18187,"Duncan, Tyler",891,Winged Foot GC,sg_app,1.4223271399131445,2020-09-20,0.02474585084123437,921,TPC Craig Ranch
18187,"Duncan, Tyler",772,St. George's G&CC,sg_app,0.9744785033464105,2022-06-12,0.007148847298770069,921,TPC Craig Ranch
18187,"Duncan, Tyler",934,Hurstbourne Country Club,sg_app,1.7119741538578583,2025-07-13,0.002675066452070438,921,TPC Craig Ranch
18187,"Duncan, Tyler",656,Plantation Course at Kapalua,sg_app,1.2495635884568512,2020-01-05,0.0019113395459531477,921,TPC Craig Ranch
18187,"Duncan, Tyler",5,Pebble Beach Golf Links,sg_app,2.366511039503685,2022-02-06,0.0003403946089116344,921,TPC Craig Ranch
18187,"Duncan, Tyler",921,TPC Craig Ranch,sg_app,3.875641268253081,2023-05-14,-0.003679157598780793,921,TPC Craig Ranch
18187,"Duncan, Tyler",21,Colonial Country Club,sg_arg,8.166918677444281,2024-05-26,0.018087888680455674,921,TPC Craig Ranch
18187,"Duncan, Tyler",243,Trinity Forest Golf Club,sg_arg,2.0373889195179675,2019-05-12,0.009959347674501346,921,TPC Craig Ranch
18187,"Duncan, Tyler",874,Hamilton Golf & Country Club,sg_arg,3.9199072445729737,2024-06-02,0.005030266984905394,921,TPC Craig Ranch
18187,"Duncan, Tyler",873,Ridgewood CC,sg_arg,0.4873109690966697,2018-08-26,0.0037098618559675348,921,TPC Craig Ranch
18187,"Duncan, Tyler",6,Waialae Country Club,sg_arg,6.705464023712924,2024-01-14,0.003291269893697191,921,TPC Craig Ranch
18187,"Duncan, Tyler",660,Montreux Golf & Country Club,sg_arg,1.152915972229429,2019-07-28,-0.0022112197755050607,921,TPC Craig Ranch
18187,"Duncan, Tyler",930,Black Desert Resort,sg_arg,2.9870741438934285,2024-10-13,-0.0037421544951061095,921,TPC Craig Ranch
18187,"Duncan, Tyler",921,TPC Craig Ranch,sg_arg,3.875641268253081,2023-05-14,-0.006802153311194713,921,TPC Craig Ranch
18187,"Duncan, Tyler",896,Olympia Fields Country Club (North Course),sg_arg,1.4074708370262448,2020-08-30,-0.009776963805749132,921,TPC Craig Ranch
18187,"Duncan, Tyler",12,Harbour Town Golf Links,sg_ott,5.729714216967713,2023-04-16,0.010728578195364621,921,TPC Craig Ranch
18187,"Duncan, Tyler",32,Glen Abbey GC,sg_ott,0.9610722998371628,2018-07-29,0.003474083123645768,921,TPC Craig Ranch
18187,"Duncan, Tyler",895,TPC Harding Park,sg_ott,0.6963848546123952,2020-08-09,0.0033019816055101393,921,TPC Craig Ranch
18187,"Duncan, Tyler",243,Trinity Forest Golf Club,sg_ott,2.0373889195179675,2019-05-12,0.0010033964877349476,921,TPC Craig Ranch
18187,"Duncan, Tyler",772,St. George's G&CC,sg_ott,0.9744785033464105,2022-06-12,0.0007788913230591748,921,TPC Craig Ranch
18187,"Duncan, Tyler",5,Pebble Beach Golf Links,sg_ott,2.366511039503685,2022-02-06,0.0006947827848710331,921,TPC Craig Ranch
18187,"Duncan, Tyler",746,The Country Club of Jackson,sg_ott,7.814216108285433,2024-10-06,0.00050027681019729,921,TPC Craig Ranch
18187,"Duncan, Tyler",873,Ridgewood CC,sg_ott,0.4873109690966697,2018-08-26,-0.0005165956815040895,921,TPC Craig Ranch
18187,"Duncan, Tyler",897,Memorial Park Golf Course,sg_ott,3.5359738419386226,2022-11-13,-0.0017622683561988753,921,TPC Craig Ranch
18187,"Duncan, Tyler",928,PGA National  - Champion Course,sg_ott,1.3352882425378578,2024-03-03,-0.0020311228857678616,921,TPC Craig Ranch
18187,"Duncan, Tyler",872,Quail Hollow Club,sg_ott,3.1908588062041208,2023-05-07,-0.003032094969331111,921,TPC Craig Ranch
18187,"Duncan, Tyler",823,Keene Trace Golf Club,sg_ott,0.9577144264939117,2018-07-22,-0.003224767561731837,921,TPC Craig Ranch
18187,"Duncan, Tyler",770,TPC San Antonio - The Oaks Course,sg_ott,8.48766163856633,2024-04-07,-0.0054605677968024,921,TPC Craig Ranch
18187,"Duncan, Tyler",891,Winged Foot GC,sg_ott,1.4223271399131445,2020-09-20,-0.006826657912814859,921,TPC Craig Ranch
18187,"Duncan, Tyler",876,Detroit Golf Club,sg_ott,9.355974058551006,2024-06-30,-0.009151366275408274,921,TPC Craig Ranch
18187,"Duncan, Tyler",926,Silverado Resort (North Course),sg_ott,2.7004789849978343,2024-09-15,-0.0222413439161119,921,TPC Craig Ranch
18187,"Duncan, Tyler",714,TPC Louisiana,sg_ott,5.904870804429231,2026-04-26,-0.024348742783236763,921,TPC Craig Ranch
18187,"Duncan, Tyler",4,Torrey Pines Golf Course (South Course),sg_ott,2.0649139281665367,2024-01-27,-0.02578613547946171,921,TPC Craig Ranch
18187,"Duncan, Tyler",921,TPC Craig Ranch,sg_ott,3.875641268253081,2023-05-14,-0.02792992050132514,921,TPC Craig Ranch
18187,"Duncan, Tyler",21,Colonial Country Club,sg_ott,8.166918677444281,2024-05-26,-0.049743606793580544,921,TPC Craig Ranch
18187,"Duncan, Tyler",660,Montreux Golf & Country Club,sg_putt,1.152915972229429,2019-07-28,0.0030753706231346,921,TPC Craig Ranch
18187,"Duncan, Tyler",656,Plantation Course at Kapalua,sg_putt,1.2495635884568512,2020-01-05,0.0017279461678312688,921,TPC Craig Ranch
18187,"Duncan, Tyler",2000,Sherwood Country Club,sg_putt,1.447436934746801,2020-10-25,7.175453480786406e-05,921,TPC Craig Ranch
18187,"Duncan, Tyler",665,Innisbrook Resort and Golf Club - Copperhead Course,sg_putt,6.919297300836689,2024-03-24,-0.0041604541545574225,921,TPC Craig Ranch
18187,"Duncan, Tyler",873,Ridgewood CC,sg_putt,0.4873109690966697,2018-08-26,-0.00736246276270401,921,TPC Craig Ranch
18187,"Duncan, Tyler",921,TPC Craig Ranch,sg_putt,3.875641268253081,2023-05-14,-0.03304168790958824,921,TPC Craig Ranch
18187,"Duncan, Tyler",510,TPC Scottsdale (Stadium Course),sg_putt,7.027099066960131,2024-02-11,-0.04790344809845748,921,TPC Craig Ranch
18187,"Duncan, Tyler",98,PGA Riviera Maya,sg_total,7.244661057923157,2026-04-19,0.029358940113841544,921,TPC Craig Ranch
18187,"Duncan, Tyler",50,Corales Golf Club,sg_total,0.7681996344830163,2017-05-07,0.010159785990514439,921,TPC Craig Ranch
18187,"Duncan, Tyler",803,University Ridge GC,sg_total,0.19339897420195362,2017-05-21,0.003668714719718071,921,TPC Craig Ranch
18187,"Duncan, Tyler",56,Atlantic Beach Country Club,sg_total,0.8267890964769182,2017-10-01,0.0034740777297901874,921,TPC Craig Ranch
18187,"Duncan, Tyler",244,Puntacana Resort (Corales Golf Course),sg_total,10.235817172462106,2025-04-20,0.0023988584102366973,921,TPC Craig Ranch
18187,"Duncan, Tyler",742,Grand Reserve Golf Club,sg_total,5.603173164269339,2024-03-10,0.002047027010945235,921,TPC Craig Ranch
18187,"Duncan, Tyler",630,Fox Den CC,sg_total,0.8096075629694468,2017-08-20,0.0017362981848297696,921,TPC Craig Ranch
18187,"Duncan, Tyler",818,Chambers Bay GC,sg_total,0.13628595368393343,2015-06-21,-0.003169171455810147,921,TPC Craig Ranch
18187,"Duncan, Tyler",809,Country Club de Bogota-Pacos,sg_total,0.7925497493467781,2025-02-09,-0.01853787303871058,921,TPC Craig Ranch
28270,"Dunlap, Nick",406,Castle Pines Golf Club,sg_app,2.914780046239138,2024-08-25,-0.0006522788473795929,921,TPC Craig Ranch
28270,"Dunlap, Nick",921,TPC Craig Ranch,sg_app,2.7560386062315234,2024-05-05,-0.007232053941143185,921,TPC Craig Ranch
28270,"Dunlap, Nick",5,Pebble Beach Golf Links,sg_app,3.6860664786480624,2025-02-02,-0.010733674632287462,921,TPC Craig Ranch
28270,"Dunlap, Nick",379,The Philadelphia Cricket Club (Wissahickon Course),sg_app,3.3177749455416157,2025-05-11,-0.020886984039370938,921,TPC Craig Ranch
28270,"Dunlap, Nick",656,Plantation Course at Kapalua,sg_app,3.1152031322856195,2025-01-05,-0.022199761166092024,921,TPC Craig Ranch
28270,"Dunlap, Nick",406,Castle Pines Golf Club,sg_arg,2.914780046239138,2024-08-25,0.010566591056435228,921,TPC Craig Ranch
28270,"Dunlap, Nick",6,Waialae Country Club,sg_arg,6.889418405252057,2026-01-18,0.002253959358587075,921,TPC Craig Ranch
28270,"Dunlap, Nick",930,Black Desert Resort,sg_arg,1.804253946963033,2025-10-26,-0.0005751155911033182,921,TPC Craig Ranch
28270,"Dunlap, Nick",921,TPC Craig Ranch,sg_arg,2.7560386062315234,2024-05-05,-0.004208860256027351,921,TPC Craig Ranch
28270,"Dunlap, Nick",671,Valhalla Golf Club,sg_arg,1.3876992786253213,2024-05-19,-0.009595673543206515,921,TPC Craig Ranch
28270,"Dunlap, Nick",746,The Country Club of Jackson,sg_ott,6.547454444537204,2025-10-05,0.06776185202922452,921,TPC Craig Ranch
28270,"Dunlap, Nick",921,TPC Craig Ranch,sg_ott,2.7560386062315234,2024-05-05,0.058360301365338436,921,TPC Craig Ranch
28270,"Dunlap, Nick",876,Detroit Golf Club,sg_ott,4.534330389198134,2025-06-29,0.04425182173512762,921,TPC Craig Ranch
28270,"Dunlap, Nick",714,TPC Louisiana,sg_ott,3.952286851447722,2026-04-26,0.038313163458562914,921,TPC Craig Ranch
28270,"Dunlap, Nick",528,Pinehurst Resort & Country Club (Course No. 2),sg_ott,1.4072636999239956,2024-06-16,0.011826751217893432,921,TPC Craig Ranch
28270,"Dunlap, Nick",770,TPC San Antonio - The Oaks Course,sg_ott,1.9555024743866727,2026-04-05,0.008283496626933978,921,TPC Craig Ranch
28270,"Dunlap, Nick",872,Quail Hollow Club,sg_ott,2.765701641801234,2024-05-12,0.00783804541366426,921,TPC Craig Ranch
28270,"Dunlap, Nick",671,Valhalla Golf Club,sg_ott,1.3876992786253213,2024-05-19,0.00643587106008719,921,TPC Craig Ranch
28270,"Dunlap, Nick",205,Spyglass Hill Golf Course,sg_ott,0.7897806739328027,2025-02-02,0.004324787815922108,921,TPC Craig Ranch
28270,"Dunlap, Nick",928,PGA National  - Champion Course,sg_ott,4.592155363380362,2026-03-01,-0.0016556047516943552,921,TPC Craig Ranch
28270,"Dunlap, Nick",12,Harbour Town Golf Links,sg_ott,6.019934264166448,2025-04-20,-0.005019913321082983,921,TPC Craig Ranch
28270,"Dunlap, Nick",241,Quail Hollow-PGA Championship,sg_ott,1.6647037514757894,2025-05-18,-0.00816157289711908,921,TPC Craig Ranch
28270,"Dunlap, Nick",897,Memorial Park Golf Course,sg_ott,6.2813117506340355,2026-03-29,-0.008173332097602336,921,TPC Craig Ranch
28270,"Dunlap, Nick",379,The Philadelphia Cricket Club (Wissahickon Course),sg_ott,3.3177749455416157,2025-05-11,-0.01342813225929065,921,TPC Craig Ranch
28270,"Dunlap, Nick",5,Pebble Beach Golf Links,sg_ott,3.6860664786480624,2025-02-02,-0.021961186416517814,921,TPC Craig Ranch
28270,"Dunlap, Nick",14,Augusta National Golf Club,sg_ott,2.9994506616797,2025-04-13,-0.03929137305052511,921,TPC Craig Ranch
28270,"Dunlap, Nick",232,Albany GC,sg_putt,3.0718941586268245,2024-12-08,0.04920785178617106,921,TPC Craig Ranch
28270,"Dunlap, Nick",921,TPC Craig Ranch,sg_putt,2.7560386062315234,2024-05-05,0.010027408277009773,921,TPC Craig Ranch
28270,"Dunlap, Nick",665,Innisbrook Resort and Golf Club - Copperhead Course,sg_putt,1.9418617552823885,2026-03-22,0.008889147631236683,921,TPC Craig Ranch
28270,"Dunlap, Nick",510,TPC Scottsdale (Stadium Course),sg_putt,3.1701989973871125,2025-02-09,-0.0026722439513018853,921,TPC Craig Ranch
28270,"Dunlap, Nick",656,Plantation Course at Kapalua,sg_putt,3.1152031322856195,2025-01-05,-0.023035603649781612,921,TPC Craig Ranch
28270,"Dunlap, Nick",406,Castle Pines Golf Club,sg_putt,2.914780046239138,2024-08-25,-0.02945859319290047,921,TPC Craig Ranch
26653,"Eckroat, Austin",921,TPC Craig Ranch,sg_app,3.958584111253621,2025-05-04,0.05818455807435596,921,TPC Craig Ranch
26653,"Eckroat, Austin",379,The Philadelphia Cricket Club (Wissahickon Course),sg_app,3.3177749455416157,2025-05-11,0.04027249726315237,921,TPC Craig Ranch
26653,"Eckroat, Austin",406,Castle Pines Golf Club,sg_app,2.914780046239138,2024-08-25,0.01422295906489375,921,TPC Craig Ranch
26653,"Eckroat, Austin",656,Plantation Course at Kapalua,sg_app,3.1152031322856195,2025-01-05,0.011626619929581222,921,TPC Craig Ranch
26653,"Eckroat, Austin",5,Pebble Beach Golf Links,sg_app,3.3756437733761677,2025-02-02,-0.0194292113066157,921,TPC Craig Ranch
26653,"Eckroat, Austin",709,Royal Troon,sg_app,2.864215128908834,2024-07-21,-0.03928662802809108,921,TPC Craig Ranch
26653,"Eckroat, Austin",6,Waialae Country Club,sg_arg,8.222968611032767,2026-01-18,-0.00022190294343727948,921,TPC Craig Ranch
26653,"Eckroat, Austin",671,Valhalla Golf Club,sg_arg,2.7753985572506426,2024-05-19,-0.0006591235199603512,921,TPC Craig Ranch
26653,"Eckroat, Austin",21,Colonial Country Club,sg_arg,7.055333241891599,2025-05-25,-0.006418014566245468,921,TPC Craig Ranch
26653,"Eckroat, Austin",406,Castle Pines Golf Club,sg_arg,2.914780046239138,2024-08-25,-0.01875188725755923,921,TPC Craig Ranch
26653,"Eckroat, Austin",921,TPC Craig Ranch,sg_arg,3.958584111253621,2025-05-04,-0.034968181837034915,921,TPC Craig Ranch
26653,"Eckroat, Austin",714,TPC Louisiana,sg_ott,5.09299263653183,2026-04-26,0.030969439790139462,921,TPC Craig Ranch
26653,"Eckroat, Austin",921,TPC Craig Ranch,sg_ott,3.958584111253621,2025-05-04,0.01962239234383922,921,TPC Craig Ranch
26653,"Eckroat, Austin",5,Pebble Beach Golf Links,sg_ott,3.3756437733761677,2025-02-02,0.017684168773412313,921,TPC Craig Ranch
26653,"Eckroat, Austin",12,Harbour Town Golf Links,sg_ott,6.019934264166448,2025-04-20,0.01629297919311396,921,TPC Craig Ranch
26653,"Eckroat, Austin",671,Valhalla Golf Club,sg_ott,2.7753985572506426,2024-05-19,0.009883314433551829,921,TPC Craig Ranch
26653,"Eckroat, Austin",928,PGA National  - Champion Course,sg_ott,8.115564970354326,2026-03-01,0.009362274396213234,921,TPC Craig Ranch
26653,"Eckroat, Austin",770,TPC San Antonio - The Oaks Course,sg_ott,7.757518886510608,2026-04-05,0.009010857798360679,921,TPC Craig Ranch
26653,"Eckroat, Austin",241,Quail Hollow-PGA Championship,sg_ott,3.329407502951579,2025-05-18,0.007632899967595966,921,TPC Craig Ranch
26653,"Eckroat, Austin",926,Silverado Resort (North Course),sg_ott,4.761225109616638,2025-09-14,0.006401595549560131,921,TPC Craig Ranch
26653,"Eckroat, Austin",21,Colonial Country Club,sg_ott,7.055333241891599,2025-05-25,0.004999829295833165,921,TPC Craig Ranch
26653,"Eckroat, Austin",977,The Renaissance Club,sg_ott,3.8063754796995464,2024-07-14,0.0041517338971945004,921,TPC Craig Ranch
26653,"Eckroat, Austin",872,Quail Hollow Club,sg_ott,5.063139118193346,2024-05-12,0.004030415513992512,921,TPC Craig Ranch
26653,"Eckroat, Austin",205,Spyglass Hill Golf Course,sg_ott,0.7897806739328027,2025-02-02,0.002574096854787207,921,TPC Craig Ranch
26653,"Eckroat, Austin",528,Pinehurst Resort & Country Club (Course No. 2),sg_ott,2.814527399847991,2024-06-16,-0.002516275788627167,921,TPC Craig Ranch
26653,"Eckroat, Austin",746,The Country Club of Jackson,sg_ott,2.0612124159805667,2022-10-02,-0.00966527719120334,921,TPC Craig Ranch
26653,"Eckroat, Austin",897,Memorial Park Golf Course,sg_ott,6.574232218013086,2026-03-29,-0.01208833790493394,921,TPC Craig Ranch
26653,"Eckroat, Austin",14,Augusta National Golf Club,sg_ott,2.9994506616797,2025-04-13,-0.013474606041192326,921,TPC Craig Ranch
26653,"Eckroat, Austin",4,Torrey Pines Golf Course (South Course),sg_ott,6.598410883014575,2026-02-01,-0.014416457035832084,921,TPC Craig Ranch
26653,"Eckroat, Austin",379,The Philadelphia Cricket Club (Wissahickon Course),sg_ott,3.3177749455416157,2025-05-11,-0.015783582435603245,921,TPC Craig Ranch
26653,"Eckroat, Austin",876,Detroit Golf Club,sg_ott,5.40230270627521,2025-06-29,-0.04567821996900761,921,TPC Craig Ranch
26653,"Eckroat, Austin",921,TPC Craig Ranch,sg_putt,3.958584111253621,2025-05-04,0.04179417062841704,921,TPC Craig Ranch
26653,"Eckroat, Austin",656,Plantation Course at Kapalua,sg_putt,3.1152031322856195,2025-01-05,0.02355674685539712,921,TPC Craig Ranch
26653,"Eckroat, Austin",709,Royal Troon,sg_putt,2.864215128908834,2024-07-21,0.011682656569497851,921,TPC Craig Ranch
26653,"Eckroat, Austin",665,Innisbrook Resort and Golf Club - Copperhead Course,sg_putt,3.062778845231369,2026-03-22,-0.008015258773527432,921,TPC Craig Ranch
26653,"Eckroat, Austin",510,TPC Scottsdale (Stadium Course),sg_putt,6.6443249679890455,2026-02-08,-0.023676541323809166,921,TPC Craig Ranch
26653,"Eckroat, Austin",406,Castle Pines Golf Club,sg_putt,2.914780046239138,2024-08-25,-0.03469687666649371,921,TPC Craig Ranch
26653,"Eckroat, Austin",244,Puntacana Resort (Corales Golf Course),sg_total,2.249694346795757,2023-03-26,0.019487633879946918,921,TPC Craig Ranch
26653,"Eckroat, Austin",742,Grand Reserve Golf Club,sg_total,1.1130980688209298,2023-03-05,-0.010137301817027738,921,TPC Craig Ranch
21883,"Ewart, A.J.",770,TPC San Antonio - The Oaks Course,sg_ott,3.9110049487733454,2026-04-05,0.017592590266948545,921,TPC Craig Ranch
21883,"Ewart, A.J.",4,Torrey Pines Golf Course (South Course),sg_ott,2.8422963195053947,2026-02-01,0.011717032162206703,921,TPC Craig Ranch
21883,"Ewart, A.J.",714,TPC Louisiana,sg_ott,3.952286851447722,2026-04-26,-0.003064425038437253,921,TPC Craig Ranch
21883,"Ewart, A.J.",928,PGA National  - Champion Course,sg_ott,3.8431577566092927,2026-03-01,-0.007807580123440162,921,TPC Craig Ranch
21883,"Ewart, A.J.",897,Memorial Park Golf Course,sg_ott,1.9486701792174987,2026-03-29,-0.01465190841189469,921,TPC Craig Ranch
21883,"Ewart, A.J.",665,Innisbrook Resort and Golf Club - Copperhead Course,sg_putt,3.883723510564777,2026-03-22,0.02094087038743957,921,TPC Craig Ranch
21883,"Ewart, A.J.",510,TPC Scottsdale (Stadium Course),sg_putt,3.8030157146893075,2026-02-08,-0.029842795628003946,921,TPC Craig Ranch
11676,"Finau, Tony",348,Medinah Country Club (No. 3),sg_app,1.1650853674566677,2019-08-18,0.025246712923265618,921,TPC Craig Ranch
11676,"Finau, Tony",891,Winged Foot GC,sg_app,1.4223271399131445,2020-09-20,0.022467027118725533,921,TPC Craig Ranch
11676,"Finau, Tony",688,East Lake Golf Club,sg_app,10.54410667079408,2023-08-27,0.020627591494412997,921,TPC Craig Ranch
11676,"Finau, Tony",5,Pebble Beach Golf Links,sg_app,7.44664386915499,2026-02-15,0.004240478740033313,921,TPC Craig Ranch
11676,"Finau, Tony",772,St. George's G&CC,sg_app,1.948957006692821,2022-06-12,0.0039840555298478264,921,TPC Craig Ranch
11676,"Finau, Tony",616,Robert Trent Jones GC,sg_app,0.5567128849219349,2015-08-02,0.002168145288342343,921,TPC Craig Ranch
11676,"Finau, Tony",649,Hualalai Golf Course,sg_app,0.25325641146282285,2015-01-25,0.0002681033842444984,921,TPC Craig Ranch
11676,"Finau, Tony",709,Royal Troon,sg_app,1.432107564454417,2024-07-21,-0.00021569266776842876,921,TPC Craig Ranch
11676,"Finau, Tony",238,Glen Oaks Club,sg_app,0.8124461540765495,2017-08-27,-0.000525366916167512,921,TPC Craig Ranch
11676,"Finau, Tony",882,Caves Valley Golf Club,sg_app,1.688421993568662,2021-08-29,-0.0017330063535226843,921,TPC Craig Ranch
11676,"Finau, Tony",781,Plainfield CC,sg_app,0.5645616786705364,2015-08-30,-0.00321293671236099,921,TPC Craig Ranch
11676,"Finau, Tony",715,Baltusrol GC,sg_app,0.3339203393340814,2016-07-31,-0.004030868335663951,921,TPC Craig Ranch
11676,"Finau, Tony",379,The Philadelphia Cricket Club (Wissahickon Course),sg_app,3.3177749455416157,2025-05-11,-0.01398075162366313,921,TPC Craig Ranch
11676,"Finau, Tony",534,Bellerive CC,sg_app,0.9678234072449506,2018-08-12,-0.01771647849403381,921,TPC Craig Ranch
11676,"Finau, Tony",514,Oak Hill Country Club,sg_app,2.3135759575120334,2023-05-21,-0.025546853120893817,921,TPC Craig Ranch
11676,"Finau, Tony",406,Castle Pines Golf Club,sg_app,2.914780046239138,2024-08-25,-0.027967215356936907,921,TPC Craig Ranch
11676,"Finau, Tony",656,Plantation Course at Kapalua,sg_app,11.909362264288744,2025-01-05,-0.04636213203838459,921,TPC Craig Ranch
11676,"Finau, Tony",406,Castle Pines Golf Club,sg_arg,2.914780046239138,2024-08-25,0.028482554245170162,921,TPC Craig Ranch
11676,"Finau, Tony",873,Ridgewood CC,sg_arg,0.9746219381933394,2018-08-26,0.01631844858838133,921,TPC Craig Ranch
11676,"Finau, Tony",671,Valhalla Golf Club,sg_arg,2.7753985572506426,2024-05-19,0.0032626222778488205,921,TPC Craig Ranch
11676,"Finau, Tony",348,Medinah Country Club (No. 3),sg_arg,1.1650853674566677,2019-08-18,0.002967344381321077,921,TPC Craig Ranch
11676,"Finau, Tony",886,Liberty National Golf Club,sg_arg,2.8435375426214686,2021-08-22,0.0024333168376581647,921,TPC Craig Ranch
11676,"Finau, Tony",689,El Bosque CC,sg_arg,0.6772562030538207,2016-08-28,0.0007193111659618715,921,TPC Craig Ranch
11676,"Finau, Tony",527,Saucon Valley CC,sg_arg,0.6820136280365007,2016-09-11,4.787195130148416e-05,921,TPC Craig Ranch
11676,"Finau, Tony",789,Conway Farms GC,sg_arg,1.391542588923027,2017-09-17,-0.0008247984417802843,921,TPC Craig Ranch
11676,"Finau, Tony",238,Glen Oaks Club,sg_arg,0.8124461540765495,2017-08-27,-0.0009742841307659552,921,TPC Craig Ranch
11676,"Finau, Tony",773,Aronimink GC,sg_arg,0.9814682258117053,2018-09-09,-0.0018950421998226224,921,TPC Craig Ranch
11676,"Finau, Tony",21,Colonial Country Club,sg_arg,11.927138554530446,2024-05-26,-0.004916453554293986,921,TPC Craig Ranch
11676,"Finau, Tony",744,Torrey Pines (South),sg_arg,0.8151747109591491,2021-06-20,-0.00551819987034807,921,TPC Craig Ranch
11676,"Finau, Tony",6,Waialae Country Club,sg_arg,4.337233027814874,2026-01-18,-0.005921907061434262,921,TPC Craig Ranch
11676,"Finau, Tony",896,Olympia Fields Country Club (North Course),sg_arg,3.828746079611142,2023-08-20,-0.0059448645886504515,921,TPC Craig Ranch
11676,"Finau, Tony",933,East Lake Golf Club,sg_arg,2.924999650275528,2024-09-01,-0.008956773753620388,921,TPC Craig Ranch
11676,"Finau, Tony",21,Colonial Country Club,sg_ott,11.927138554530446,2024-05-26,0.04462253039870439,921,TPC Craig Ranch
11676,"Finau, Tony",897,Memorial Park Golf Course,sg_ott,14.294303007264851,2026-03-29,0.03480542188099722,921,TPC Craig Ranch
11676,"Finau, Tony",4,Torrey Pines Golf Course (South Course),sg_ott,12.614859433728792,2026-02-01,0.028069862369386505,921,TPC Craig Ranch
11676,"Finau, Tony",14,Augusta National Golf Club,sg_ott,10.091369860018604,2025-04-13,0.015029990170273405,921,TPC Craig Ranch
11676,"Finau, Tony",348,Medinah Country Club (No. 3),sg_ott,1.1650853674566677,2019-08-18,0.006809804379455907,921,TPC Craig Ranch
11676,"Finau, Tony",698,Quail Hollow Club,sg_ott,1.1760590333209757,2016-05-08,0.0067890224469085835,921,TPC Craig Ranch
11676,"Finau, Tony",895,TPC Harding Park,sg_ott,1.3927697092247904,2020-08-09,0.006730768993392816,921,TPC Craig Ranch
11676,"Finau, Tony",772,St. George's G&CC,sg_ott,1.948957006692821,2022-06-12,0.006555739849070848,921,TPC Craig Ranch
11676,"Finau, Tony",901,Wilmington Country Club,sg_ott,2.0183782877342047,2022-08-21,0.006270869307026145,921,TPC Craig Ranch
11676,"Finau, Tony",781,Plainfield CC,sg_ott,0.5645616786705364,2015-08-30,0.004817958631520767,921,TPC Craig Ranch
11676,"Finau, Tony",379,The Philadelphia Cricket Club (Wissahickon Course),sg_ott,3.3177749455416157,2025-05-11,0.004797340584034397,921,TPC Craig Ranch
11676,"Finau, Tony",873,Ridgewood CC,sg_ott,0.9746219381933394,2018-08-26,0.004710018639734961,921,TPC Craig Ranch
11676,"Finau, Tony",528,Pinehurst Resort & Country Club (Course No. 2),sg_ott,2.814527399847991,2024-06-16,0.004585956100097572,921,TPC Craig Ranch
11676,"Finau, Tony",891,Winged Foot GC,sg_ott,1.4223271399131445,2020-09-20,0.004473708873193244,921,TPC Craig Ranch
11676,"Finau, Tony",238,Glen Oaks Club,sg_ott,0.8124461540765495,2017-08-27,0.003995596531763315,921,TPC Craig Ranch
11676,"Finau, Tony",241,Quail Hollow-PGA Championship,sg_ott,4.136186392516694,2025-05-18,0.0038473598062476674,921,TPC Craig Ranch
11676,"Finau, Tony",933,East Lake Golf Club,sg_ott,2.924999650275528,2024-09-01,0.0031451721680033633,921,TPC Craig Ranch
11676,"Finau, Tony",876,Detroit Golf Club,sg_ott,4.547241851926516,2023-07-02,0.002766758899213644,921,TPC Craig Ranch
11676,"Finau, Tony",32,Glen Abbey GC,sg_ott,2.98249857498316,2018-07-29,0.002348529874088588,921,TPC Craig Ranch
11676,"Finau, Tony",527,Saucon Valley CC,sg_ott,0.6820136280365007,2016-09-11,0.002036145652427678,921,TPC Craig Ranch
11676,"Finau, Tony",616,Robert Trent Jones GC,sg_ott,0.5567128849219349,2015-08-02,0.002019793793619461,921,TPC Craig Ranch
11676,"Finau, Tony",689,El Bosque CC,sg_ott,0.6772562030538207,2016-08-28,0.0016031805243600216,921,TPC Craig Ranch
11676,"Finau, Tony",706,Whistling Straits,sg_ott,0.5606235464632614,2015-08-16,0.0014997001947591533,921,TPC Craig Ranch
11676,"Finau, Tony",746,The Country Club of Jackson,sg_ott,0.2436913485381607,2014-11-09,0.0012774159447296316,921,TPC Craig Ranch
11676,"Finau, Tony",534,Bellerive CC,sg_ott,0.9678234072449506,2018-08-12,0.0012331609434296442,921,TPC Craig Ranch
11676,"Finau, Tony",715,Baltusrol GC,sg_ott,0.3339203393340814,2016-07-31,0.0010197024181454778,921,TPC Craig Ranch
11676,"Finau, Tony",697,Ocean Course at Kiawah Island,sg_ott,1.6076835612440104,2021-05-23,0.0007139721770245249,921,TPC Craig Ranch
11676,"Finau, Tony",12,Harbour Town Golf Links,sg_ott,14.48871756861459,2026-04-19,-0.0026055118459926588,921,TPC Craig Ranch
11676,"Finau, Tony",872,Quail Hollow Club,sg_ott,11.868463041942002,2026-05-10,-0.0026524010263182123,921,TPC Craig Ranch
11676,"Finau, Tony",714,TPC Louisiana,sg_ott,1.976143425723861,2026-04-26,-0.003398085711191331,921,TPC Craig Ranch
11676,"Finau, Tony",5,Pebble Beach Golf Links,sg_ott,7.44664386915499,2026-02-15,-0.005234916172959144,921,TPC Craig Ranch
11676,"Finau, Tony",654,The Country Club,sg_ott,0.9778951537585142,2022-06-19,-0.008767301298264913,921,TPC Craig Ranch
11676,"Finau, Tony",744,Torrey Pines (South),sg_ott,0.8151747109591491,2021-06-20,-0.010240212240151146,921,TPC Craig Ranch
11676,"Finau, Tony",205,Spyglass Hill Golf Course,sg_ott,1.7438680715231738,2026-02-15,-0.011045605631430016,921,TPC Craig Ranch
11676,"Finau, Tony",671,Valhalla Golf Club,sg_ott,2.7753985572506426,2024-05-19,-0.012776644823818628,921,TPC Craig Ranch
11676,"Finau, Tony",514,Oak Hill Country Club,sg_ott,2.3135759575120334,2023-05-21,-0.013211188189762442,921,TPC Craig Ranch
11676,"Finau, Tony",770,TPC San Antonio - The Oaks Course,sg_ott,12.213224426192275,2026-04-05,-0.01982719221875797,921,TPC Craig Ranch
11676,"Finau, Tony",656,Plantation Course at Kapalua,sg_putt,11.909362264288744,2025-01-05,0.014437226329899891,921,TPC Craig Ranch
11676,"Finau, Tony",668,St. Andrews Links (Old Course),sg_putt,1.9833639368598586,2022-07-17,0.010546694019388316,921,TPC Craig Ranch
11676,"Finau, Tony",2000,Sherwood Country Club,sg_putt,1.447436934746801,2020-10-25,0.009823625951262663,921,TPC Craig Ranch
11676,"Finau, Tony",709,Royal Troon,sg_putt,1.432107564454417,2024-07-21,0.009326823378261693,921,TPC Craig Ranch
11676,"Finau, Tony",898,The Concession Golf Club,sg_putt,1.5415591836000346,2021-02-28,0.005963935239664003,921,TPC Craig Ranch
11676,"Finau, Tony",649,Hualalai Golf Course,sg_putt,0.25325641146282285,2015-01-25,-0.0012127989996611175,921,TPC Craig Ranch
11676,"Finau, Tony",873,Ridgewood CC,sg_putt,0.9746219381933394,2018-08-26,-0.0017281391249873402,921,TPC Craig Ranch
11676,"Finau, Tony",666,Pebble Beach Golf Links,sg_putt,0.5644785922810466,2019-06-16,-0.003821893004620846,921,TPC Craig Ranch
11676,"Finau, Tony",232,Albany GC,sg_putt,2.551788181657555,2023-12-03,-0.0039253714826468335,921,TPC Craig Ranch
11676,"Finau, Tony",715,Baltusrol GC,sg_putt,0.3339203393340814,2016-07-31,-0.005619559033409694,921,TPC Craig Ranch
11676,"Finau, Tony",665,Innisbrook Resort and Golf Club - Copperhead Course,sg_putt,6.999026557513867,2026-03-22,-0.007435294959649059,921,TPC Craig Ranch
11676,"Finau, Tony",510,TPC Scottsdale (Stadium Course),sg_putt,8.439505727907383,2026-02-08,-0.007469099444727469,921,TPC Craig Ranch
11676,"Finau, Tony",724,Royal Liverpool,sg_putt,1.193806785348716,2023-07-23,-0.010182812949641531,921,TPC Craig Ranch
11676,"Finau, Tony",406,Castle Pines Golf Club,sg_putt,2.914780046239138,2024-08-25,-0.05234319625487677,921,TPC Craig Ranch
11676,"Finau, Tony",3671,carnoustie,sg_total,0.24882635382318666,2018-10-07,0.00431057464216589,921,TPC Craig Ranch
11676,"Finau, Tony",742,Grand Reserve Golf Club,sg_total,0.627064646699593,2016-03-27,0.0024785552174638975,921,TPC Craig Ranch
11676,"Finau, Tony",818,Chambers Bay GC,sg_total,0.4088578610518003,2015-06-21,0.0016837179007551887,921,TPC Craig Ranch
11676,"Finau, Tony",4601,old course st andrews,sg_total,0.892704196411185,2025-10-05,0.0006910450558696758,921,TPC Craig Ranch
11676,"Finau, Tony",3798,kingsbarns golf links,sg_total,0.2974527173217405,2019-09-29,-7.211522042922054e-05,921,TPC Craig Ranch
11676,"Finau, Tony",3670,kingsbarns golf links,sg_total,0.24882635382318666,2018-10-07,-0.0014833528545101376,921,TPC Craig Ranch
11676,"Finau, Tony",3797,old course st andrews,sg_total,0.594905434643481,2019-09-29,-0.0018468950678123385,921,TPC Craig Ranch
11676,"Finau, Tony",4603,kingsbarns golf links,sg_total,0.892704196411185,2025-10-05,-0.0043031618094245125,921,TPC Craig Ranch
11676,"Finau, Tony",3796,wentworth golf club,sg_total,2.3713076206825527,2019-09-22,-0.016320632620854144,921,TPC Craig Ranch
25094,"Fishburn, Patrick",934,Hurstbourne Country Club,sg_app,3.4239483077157167,2025-07-13,0.00880694757956675,921,TPC Craig Ranch
25094,"Fishburn, Patrick",875,ACCORDIA GOLF Narashino Country Club,sg_app,3.0080570172775305,2024-10-27,-0.02192755923630136,921,TPC Craig Ranch
25094,"Fishburn, Patrick",921,TPC Craig Ranch,sg_app,3.0311108185738744,2025-05-04,-0.033982004039791264,921,TPC Craig Ranch
25094,"Fishburn, Patrick",6,Waialae Country Club,sg_arg,3.1261254461480186,2025-01-12,0.023131464843857603,921,TPC Craig Ranch
25094,"Fishburn, Patrick",874,Hamilton Golf & Country Club,sg_arg,1.3974472516771892,2024-06-02,0.0039429853157422765,921,TPC Craig Ranch
25094,"Fishburn, Patrick",21,Colonial Country Club,sg_arg,1.670540422822544,2025-05-25,-0.003275042262838766,921,TPC Craig Ranch
25094,"Fishburn, Patrick",930,Black Desert Resort,sg_arg,3.2977910189097472,2025-10-26,-0.014875874894901168,921,TPC Craig Ranch
25094,"Fishburn, Patrick",921,TPC Craig Ranch,sg_arg,3.0311108185738744,2025-05-04,-0.02794124597410189,921,TPC Craig Ranch
25094,"Fishburn, Patrick",921,TPC Craig Ranch,sg_ott,3.0311108185738744,2025-05-04,0.041255715469227586,921,TPC Craig Ranch
25094,"Fishburn, Patrick",876,Detroit Golf Club,sg_ott,4.534330389198134,2025-06-29,0.026607541625523243,921,TPC Craig Ranch
25094,"Fishburn, Patrick",714,TPC Louisiana,sg_ott,3.6234592342610146,2026-04-26,0.022725050324543288,921,TPC Craig Ranch
25094,"Fishburn, Patrick",770,TPC San Antonio - The Oaks Course,sg_ott,6.574582892805981,2026-04-05,0.021702802449228367,921,TPC Craig Ranch
25094,"Fishburn, Patrick",241,Quail Hollow-PGA Championship,sg_ott,1.6647037514757894,2025-05-18,0.009482501542643528,921,TPC Craig Ranch
25094,"Fishburn, Patrick",21,Colonial Country Club,sg_ott,1.670540422822544,2025-05-25,0.007221351876993363,921,TPC Craig Ranch
25094,"Fishburn, Patrick",928,PGA National  - Champion Course,sg_ott,7.046819213947929,2026-03-01,0.0003217100894791308,921,TPC Craig Ranch
25094,"Fishburn, Patrick",746,The Country Club of Jackson,sg_ott,6.547454444537204,2025-10-05,-0.004366939799723469,921,TPC Craig Ranch
25094,"Fishburn, Patrick",897,Memorial Park Golf Course,sg_ott,4.927198001637706,2026-03-29,-0.00918613840276073,921,TPC Craig Ranch
25094,"Fishburn, Patrick",926,Silverado Resort (North Course),sg_ott,6.479065841355403,2025-09-14,-0.013296524199099392,921,TPC Craig Ranch
25094,"Fishburn, Patrick",4,Torrey Pines Golf Course (South Course),sg_ott,1.734059967568352,2026-02-01,-0.016770333394686084,921,TPC Craig Ranch
25094,"Fishburn, Patrick",665,Innisbrook Resort and Golf Club - Copperhead Course,sg_putt,8.470583269929424,2026-03-22,0.00708910436479897,921,TPC Craig Ranch
25094,"Fishburn, Patrick",510,TPC Scottsdale (Stadium Course),sg_putt,1.5850994986935563,2025-02-09,0.002200058718241658,921,TPC Craig Ranch
25094,"Fishburn, Patrick",921,TPC Craig Ranch,sg_putt,3.0311108185738744,2025-05-04,-0.034862464998845044,921,TPC Craig Ranch
25094,"Fishburn, Patrick",811,Paiute Golf Resort - Sun Mt GC,sg_total,1.579793845698413,2021-04-18,0.013678160835577133,921,TPC Craig Ranch
25094,"Fishburn, Patrick",62,The Ledges,sg_total,5.216404735591374,2023-04-30,0.00825328650085378,921,TPC Craig Ranch
25094,"Fishburn, Patrick",244,Puntacana Resort (Corales Golf Course),sg_total,2.7368137016555485,2024-04-21,0.007471617463776858,921,TPC Craig Ranch
25094,"Fishburn, Patrick",61,Country Club at Golden Nugget,sg_total,1.875348223014645,2022-03-27,0.0012661012684488297,921,TPC Craig Ranch
25094,"Fishburn, Patrick",742,Grand Reserve Golf Club,sg_total,2.679939879154656,2024-03-10,0.00043821487591956743,921,TPC Craig Ranch
25094,"Fishburn, Patrick",809,Country Club de Bogota-Pacos,sg_total,0.8686416951483404,2023-02-12,0.0003785197787149146,921,TPC Craig Ranch
25094,"Fishburn, Patrick",67,The King & Bear Course at WGV,sg_total,0.6791910512898782,2020-06-20,-0.008367733322274456,921,TPC Craig Ranch
25094,"Fishburn, Patrick",65,TPC San Antonio-AT&T Oaks,sg_total,0.68876659843788,2020-07-18,-0.01386954515049892,921,TPC Craig Ranch
26657,"Fisk, Steven",934,Hurstbourne Country Club,sg_app,3.4239483077157167,2025-07-13,0.027411571288654575,921,TPC Craig Ranch
26657,"Fisk, Steven",5,Pebble Beach Golf Links,sg_app,2.862262192771113,2026-02-15,-0.01655693242526853,921,TPC Craig Ranch
26657,"Fisk, Steven",930,Black Desert Resort,sg_arg,1.804253946963033,2025-10-26,0.012026292062581519,921,TPC Craig Ranch
26657,"Fisk, Steven",6,Waialae Country Club,sg_arg,1.8816464795520194,2026-01-18,-0.016511352997802767,921,TPC Craig Ranch
26657,"Fisk, Steven",21,Colonial Country Club,sg_arg,3.341080845645088,2025-05-25,-0.019351339558936365,921,TPC Craig Ranch
26657,"Fisk, Steven",897,Memorial Park Golf Course,sg_ott,5.521754431858875,2026-03-29,0.029911331310729355,921,TPC Craig Ranch
26657,"Fisk, Steven",746,The Country Club of Jackson,sg_ott,3.57081678564474,2025-10-05,0.028802331979281153,921,TPC Craig Ranch
26657,"Fisk, Steven",928,PGA National  - Champion Course,sg_ott,5.444988485278611,2026-03-01,0.012801647256892576,921,TPC Craig Ranch
26657,"Fisk, Steven",205,Spyglass Hill Golf Course,sg_ott,0.9540873975903711,2026-02-15,0.007010279865154192,921,TPC Craig Ranch
26657,"Fisk, Steven",876,Detroit Golf Club,sg_ott,1.7000321804507963,2025-06-29,0.003726731711352009,921,TPC Craig Ranch
26657,"Fisk, Steven",770,TPC San Antonio - The Oaks Course,sg_ott,7.17122391644338,2026-04-05,0.002928007279231439,921,TPC Craig Ranch
26657,"Fisk, Steven",926,Silverado Resort (North Course),sg_ott,3.5335193635310036,2025-09-14,0.0009734121113167401,921,TPC Craig Ranch
26657,"Fisk, Steven",714,TPC Louisiana,sg_ott,3.2946316170743075,2025-04-27,-0.0037038554732531236,921,TPC Craig Ranch
26657,"Fisk, Steven",12,Harbour Town Golf Links,sg_ott,3.9384780270069317,2026-04-19,-0.005902882357259341,921,TPC Craig Ranch
26657,"Fisk, Steven",21,Colonial Country Club,sg_ott,3.341080845645088,2025-05-25,-0.008688184300332344,921,TPC Craig Ranch
26657,"Fisk, Steven",5,Pebble Beach Golf Links,sg_ott,2.862262192771113,2026-02-15,-0.01303010696947953,921,TPC Craig Ranch
26657,"Fisk, Steven",4,Torrey Pines Golf Course (South Course),sg_ott,3.3073156897014586,2026-02-01,-0.02276937445729459,921,TPC Craig Ranch
26657,"Fisk, Steven",665,Innisbrook Resort and Golf Club - Copperhead Course,sg_putt,5.179338879493292,2026-03-22,0.008603982858003912,921,TPC Craig Ranch
26657,"Fisk, Steven",510,TPC Scottsdale (Stadium Course),sg_putt,1.5850994986935563,2025-02-09,-0.04286538359799777,921,TPC Craig Ranch
26657,"Fisk, Steven",62,The Ledges,sg_total,2.6712857065119686,2023-04-30,0.00644418210297578,921,TPC Craig Ranch
26657,"Fisk, Steven",809,Country Club de Bogota-Pacos,sg_total,1.2114063756184064,2024-02-11,-0.004515297434080108,921,TPC Craig Ranch
26657,"Fisk, Steven",244,Puntacana Resort (Corales Golf Course),sg_total,1.6415602812554495,2025-04-20,-0.00868005934151285,921,TPC Craig Ranch
26657,"Fisk, Steven",61,Country Club at Golden Nugget,sg_total,0.9376741115073225,2022-03-27,-0.012937210681593047,921,TPC Craig Ranch
11451,"Garnett, Brice",934,Hurstbourne Country Club,sg_app,1.7119741538578583,2025-07-13,0.016453487932270076,921,TPC Craig Ranch
11451,"Garnett, Brice",534,Bellerive CC,sg_app,0.9678234072449506,2018-08-12,0.007248052714606184,921,TPC Craig Ranch
11451,"Garnett, Brice",745,iberostar real club de golf novo sancti petri,sg_app,0.23448754173421943,2014-08-24,3.361784572618885e-05,921,TPC Craig Ranch
11451,"Garnett, Brice",642,Newport Beach Country Club,sg_app,0.23122758906434907,2014-07-27,-1.8133157591855703e-05,921,TPC Craig Ranch
11451,"Garnett, Brice",649,Hualalai Golf Course,sg_app,0.46363368500427815,2015-01-25,-0.0016664940690889962,921,TPC Craig Ranch
11451,"Garnett, Brice",656,Plantation Course at Kapalua,sg_app,4.156841014557947,2025-01-05,-0.0038067842847140806,921,TPC Craig Ranch
11451,"Garnett, Brice",616,Robert Trent Jones GC,sg_app,0.5567128849219349,2015-08-02,-0.004009225360017838,921,TPC Craig Ranch
11451,"Garnett, Brice",772,St. George's G&CC,sg_app,0.9744785033464105,2022-06-12,-0.008503380522480876,921,TPC Craig Ranch
11451,"Garnett, Brice",5,Pebble Beach Golf Links,sg_app,2.779842064115702,2023-02-05,-0.010829118788615371,921,TPC Craig Ranch
11451,"Garnett, Brice",921,TPC Craig Ranch,sg_app,8.860531636906348,2025-05-04,-0.041787653314679055,921,TPC Craig Ranch
11451,"Garnett, Brice",921,TPC Craig Ranch,sg_arg,8.860531636906348,2025-05-04,0.06824481612750011,921,TPC Craig Ranch
11451,"Garnett, Brice",6,Waialae Country Club,sg_arg,13.350855420370442,2026-01-18,0.009229865783937611,921,TPC Craig Ranch
11451,"Garnett, Brice",773,Aronimink GC,sg_arg,0.9814682258117053,2018-09-09,0.008463172586502626,921,TPC Craig Ranch
11451,"Garnett, Brice",21,Colonial Country Club,sg_arg,7.931255397379235,2025-05-25,0.005875461381997013,921,TPC Craig Ranch
11451,"Garnett, Brice",671,Valhalla Golf Club,sg_arg,2.7753985572506426,2024-05-19,0.0031257564622560463,921,TPC Craig Ranch
11451,"Garnett, Brice",886,Liberty National Golf Club,sg_arg,1.4217687713107343,2021-08-22,0.0030242762895148862,921,TPC Craig Ranch
11451,"Garnett, Brice",873,Ridgewood CC,sg_arg,0.4873109690966697,2018-08-26,0.002571463997998869,921,TPC Craig Ranch
11451,"Garnett, Brice",874,Hamilton Golf & Country Club,sg_arg,1.9599536222864868,2024-06-02,-0.007091198059021512,921,TPC Craig Ranch
11451,"Garnett, Brice",930,Black Desert Resort,sg_arg,3.2977910189097472,2025-10-26,-0.015900378935550408,921,TPC Craig Ranch
11451,"Garnett, Brice",714,TPC Louisiana,sg_ott,8.387624253606138,2026-04-26,0.010246048554507671,921,TPC Craig Ranch
11451,"Garnett, Brice",21,Colonial Country Club,sg_ott,7.931255397379235,2025-05-25,0.008301657985319223,921,TPC Craig Ranch
11451,"Garnett, Brice",671,Valhalla Golf Club,sg_ott,2.7753985572506426,2024-05-19,0.005902060230279408,921,TPC Craig Ranch
11451,"Garnett, Brice",5,Pebble Beach Golf Links,sg_ott,2.779842064115702,2023-02-05,0.0036837195913177437,921,TPC Craig Ranch
11451,"Garnett, Brice",770,TPC San Antonio - The Oaks Course,sg_ott,11.479357291729768,2026-04-05,0.0029562414025602257,921,TPC Craig Ranch
11451,"Garnett, Brice",893,Muirfield Village Golf Club,sg_ott,0.686703394995133,2020-07-12,0.002039535584108554,921,TPC Craig Ranch
11451,"Garnett, Brice",928,PGA National  - Champion Course,sg_ott,5.125240335643283,2026-03-01,0.0014222301716166385,921,TPC Craig Ranch
11451,"Garnett, Brice",616,Robert Trent Jones GC,sg_ott,0.5567128849219349,2015-08-02,0.0010853345174006166,921,TPC Craig Ranch
11451,"Garnett, Brice",746,The Country Club of Jackson,sg_ott,14.649128365363262,2025-10-05,0.0010264582068062109,921,TPC Craig Ranch
11451,"Garnett, Brice",873,Ridgewood CC,sg_ott,0.4873109690966697,2018-08-26,0.0009058554408401335,921,TPC Craig Ranch
11451,"Garnett, Brice",12,Harbour Town Golf Links,sg_ott,9.052631112544102,2024-04-21,0.0008929147955640362,921,TPC Craig Ranch
11451,"Garnett, Brice",772,St. George's G&CC,sg_ott,0.9744785033464105,2022-06-12,-0.000322168035882299,921,TPC Craig Ranch
11451,"Garnett, Brice",32,Glen Abbey GC,sg_ott,0.2773838978582146,2015-07-26,-0.0005906768125922738,921,TPC Craig Ranch
11451,"Garnett, Brice",642,Newport Beach Country Club,sg_ott,0.23122758906434907,2014-07-27,-0.0029023231349047636,921,TPC Craig Ranch
11451,"Garnett, Brice",698,Quail Hollow Club,sg_ott,0.4895605417429647,2015-05-17,-0.004309062520817465,921,TPC Craig Ranch
11451,"Garnett, Brice",819,Harbor Shores Resort,sg_ott,0.6080058101629824,2016-07-17,-0.004622673397626174,921,TPC Craig Ranch
11451,"Garnett, Brice",876,Detroit Golf Club,sg_ott,8.436292727337467,2025-06-29,-0.0055477689654596495,921,TPC Craig Ranch
11451,"Garnett, Brice",872,Quail Hollow Club,sg_ott,2.8252740069779247,2021-05-09,-0.006993073139111162,921,TPC Craig Ranch
11451,"Garnett, Brice",534,Bellerive CC,sg_ott,0.9678234072449506,2018-08-12,-0.009075806934719391,921,TPC Craig Ranch
11451,"Garnett, Brice",897,Memorial Park Golf Course,sg_ott,7.1096386834119505,2026-03-29,-0.011696026396566967,921,TPC Craig Ranch
11451,"Garnett, Brice",4,Torrey Pines Golf Course (South Course),sg_ott,3.3620520784238552,2026-02-01,-0.016744700223757653,921,TPC Craig Ranch
11451,"Garnett, Brice",977,The Renaissance Club,sg_ott,1.427103949413005,2024-07-14,-0.01837519359337596,921,TPC Craig Ranch
11451,"Garnett, Brice",926,Silverado Resort (North Course),sg_ott,4.22217117393677,2025-09-14,-0.018557752532285796,921,TPC Craig Ranch
11451,"Garnett, Brice",921,TPC Craig Ranch,sg_ott,8.860531636906348,2025-05-04,-0.04778959215593688,921,TPC Craig Ranch
11451,"Garnett, Brice",665,Innisbrook Resort and Golf Club - Copperhead Course,sg_putt,9.596593183294289,2026-03-22,0.0037302316077552143,921,TPC Craig Ranch
11451,"Garnett, Brice",649,Hualalai Golf Course,sg_putt,0.46363368500427815,2015-01-25,0.0009496341681593242,921,TPC Craig Ranch
11451,"Garnett, Brice",745,iberostar real club de golf novo sancti petri,sg_putt,0.23448754173421943,2014-08-24,-0.0029465073946556316,921,TPC Craig Ranch
11451,"Garnett, Brice",873,Ridgewood CC,sg_putt,0.4873109690966697,2018-08-26,-0.005569286163402931,921,TPC Craig Ranch
11451,"Garnett, Brice",893,Muirfield Village Golf Club,sg_putt,0.686703394995133,2020-07-12,-0.006831841519588579,921,TPC Craig Ranch
11451,"Garnett, Brice",656,Plantation Course at Kapalua,sg_putt,4.156841014557947,2025-01-05,-0.009387439571078465,921,TPC Craig Ranch
11451,"Garnett, Brice",921,TPC Craig Ranch,sg_putt,8.860531636906348,2025-05-04,-0.014793313773879591,921,TPC Craig Ranch
11451,"Garnett, Brice",510,TPC Scottsdale (Stadium Course),sg_putt,9.720298703769403,2026-02-08,-0.015308140680159902,921,TPC Craig Ranch
11451,"Garnett, Brice",742,Grand Reserve Golf Club,sg_total,11.051730761428392,2024-03-10,0.03355372502642919,921,TPC Craig Ranch
11451,"Garnett, Brice",244,Puntacana Resort (Corales Golf Course),sg_total,9.104360329045818,2023-03-26,0.015477091921755915,921,TPC Craig Ranch
11451,"Garnett, Brice",809,Country Club de Bogota-Pacos,sg_total,0.6606705334016293,2024-02-11,0.004711394012185796,921,TPC Craig Ranch
11451,"Garnett, Brice",630,Fox Den CC,sg_total,0.8096075629694468,2017-08-20,0.004442524932177197,921,TPC Craig Ranch
11451,"Garnett, Brice",56,Atlantic Beach Country Club,sg_total,0.8267890964769182,2017-10-01,0.002035597000113812,921,TPC Craig Ranch
11451,"Garnett, Brice",50,Corales Golf Club,sg_total,0.38409981724150816,2017-05-07,9.262600184362114e-05,921,TPC Craig Ranch
11451,"Garnett, Brice",803,University Ridge GC,sg_total,0.19339897420195362,2017-05-21,-0.0004979668673420479,921,TPC Craig Ranch
11451,"Garnett, Brice",236,Erin Hills,sg_total,0.7845024067939457,2017-06-18,-0.0025285590224316734,921,TPC Craig Ranch
24550,"Ghim, Doug",921,TPC Craig Ranch,sg_app,7.790728182009133,2025-05-04,0.0536482378440167,921,TPC Craig Ranch
24550,"Ghim, Doug",5,Pebble Beach Golf Links,sg_app,4.649170718111034,2025-02-02,0.012269855922216731,921,TPC Craig Ranch
24550,"Ghim, Doug",772,St. George's G&CC,sg_app,1.948957006692821,2022-06-12,0.002432060823768562,921,TPC Craig Ranch
24550,"Ghim, Doug",875,ACCORDIA GOLF Narashino Country Club,sg_app,3.0080570172775305,2024-10-27,-0.023716239454572963,921,TPC Craig Ranch
24550,"Ghim, Doug",6,Waialae Country Club,sg_arg,9.574123941919316,2026-01-18,0.031136089394265203,921,TPC Craig Ranch
24550,"Ghim, Doug",671,Valhalla Golf Club,sg_arg,2.7753985572506426,2024-05-19,0.013071680794201982,921,TPC Craig Ranch
24550,"Ghim, Doug",243,Trinity Forest Golf Club,sg_arg,1.1093723013800876,2019-05-12,0.002336540182801518,921,TPC Craig Ranch
24550,"Ghim, Doug",874,Hamilton Golf & Country Club,sg_arg,0.6987236258385946,2024-06-02,0.000386529408109858,921,TPC Craig Ranch
24550,"Ghim, Doug",886,Liberty National Golf Club,sg_arg,1.6825228461212498,2021-08-22,-0.0021954824442168295,921,TPC Craig Ranch
24550,"Ghim, Doug",930,Black Desert Resort,sg_arg,6.5955820378194945,2025-10-26,-0.009843713045146052,921,TPC Craig Ranch
24550,"Ghim, Doug",21,Colonial Country Club,sg_arg,9.942950708978993,2025-05-25,-0.013159514490186078,921,TPC Craig Ranch
24550,"Ghim, Doug",921,TPC Craig Ranch,sg_arg,7.790728182009133,2025-05-04,-0.016257528138339018,921,TPC Craig Ranch
24550,"Ghim, Doug",770,TPC San Antonio - The Oaks Course,sg_ott,12.16861202786325,2026-04-05,0.019187773996444932,921,TPC Craig Ranch
24550,"Ghim, Doug",5,Pebble Beach Golf Links,sg_ott,4.649170718111034,2025-02-02,0.008069577335935099,921,TPC Craig Ranch
24550,"Ghim, Doug",921,TPC Craig Ranch,sg_ott,7.790728182009133,2025-05-04,0.007211163984396291,921,TPC Craig Ranch
24550,"Ghim, Doug",671,Valhalla Golf Club,sg_ott,2.7753985572506426,2024-05-19,0.006588266904324463,921,TPC Craig Ranch
24550,"Ghim, Doug",926,Silverado Resort (North Course),sg_ott,8.934477333526672,2025-09-14,0.005570878318715428,921,TPC Craig Ranch
24550,"Ghim, Doug",872,Quail Hollow Club,sg_ott,2.297437476392113,2023-05-07,0.003537525273242968,921,TPC Craig Ranch
24550,"Ghim, Doug",243,Trinity Forest Golf Club,sg_ott,1.1093723013800876,2019-05-12,0.0011702531636016858,921,TPC Craig Ranch
24550,"Ghim, Doug",12,Harbour Town Golf Links,sg_ott,5.748377553432454,2023-04-16,0.0009763506817174946,921,TPC Craig Ranch
24550,"Ghim, Doug",205,Spyglass Hill Golf Course,sg_ott,0.7897806739328027,2025-02-02,-0.0007267518559561252,921,TPC Craig Ranch
24550,"Ghim, Doug",772,St. George's G&CC,sg_ott,1.948957006692821,2022-06-12,-0.0008081873395248322,921,TPC Craig Ranch
24550,"Ghim, Doug",928,PGA National  - Champion Course,sg_ott,7.795816820718999,2026-03-01,-0.004334740219737836,921,TPC Craig Ranch
24550,"Ghim, Doug",977,The Renaissance Club,sg_ott,4.593174011580842,2024-07-14,-0.004482503809018192,921,TPC Craig Ranch
24550,"Ghim, Doug",897,Memorial Park Golf Course,sg_ott,4.927198001637706,2026-03-29,-0.005427554688718878,921,TPC Craig Ranch
24550,"Ghim, Doug",21,Colonial Country Club,sg_ott,9.942950708978993,2025-05-25,-0.012424175111507969,921,TPC Craig Ranch
24550,"Ghim, Doug",714,TPC Louisiana,sg_ott,6.740308445068983,2026-04-26,-0.015196033560272089,921,TPC Craig Ranch
24550,"Ghim, Doug",4,Torrey Pines Golf Course (South Course),sg_ott,9.754997105993542,2026-02-01,-0.017212170176868487,921,TPC Craig Ranch
24550,"Ghim, Doug",746,The Country Club of Jackson,sg_ott,12.537304893004032,2025-10-05,-0.021053950283807757,921,TPC Craig Ranch
24550,"Ghim, Doug",876,Detroit Golf Club,sg_ott,10.504642385498329,2025-06-29,-0.034060445746153085,921,TPC Craig Ranch
24550,"Ghim, Doug",665,Innisbrook Resort and Golf Club - Copperhead Course,sg_putt,12.8572456839998,2026-03-22,0.010299716402327259,921,TPC Craig Ranch
24550,"Ghim, Doug",510,TPC Scottsdale (Stadium Course),sg_putt,8.750729360574761,2025-02-09,0.0061139025066037815,921,TPC Craig Ranch
24550,"Ghim, Doug",921,TPC Craig Ranch,sg_putt,7.790728182009133,2025-05-04,0.0051252888924328294,921,TPC Craig Ranch
24550,"Ghim, Doug",742,Grand Reserve Golf Club,sg_total,1.2805560032037904,2020-02-23,0.004487295425005396,921,TPC Craig Ranch
24550,"Ghim, Doug",3671,carnoustie,sg_total,0.24882635382318666,2018-10-07,0.0020455354994617573,921,TPC Craig Ranch
24550,"Ghim, Doug",3670,kingsbarns golf links,sg_total,0.24882635382318666,2018-10-07,0.0017984709702829164,921,TPC Craig Ranch
24550,"Ghim, Doug",244,Puntacana Resort (Corales Golf Course),sg_total,5.700165051865898,2024-04-21,0.00031420679211517064,921,TPC Craig Ranch
24550,"Ghim, Doug",630,Fox Den CC,sg_total,1.1132619072745946,2019-05-19,-0.0017946944848799217,921,TPC Craig Ranch
24837,"Goodwin, Noah",921,TPC Craig Ranch,sg_app,1.6530915154581125,2025-05-04,-0.0150887169653568,921,TPC Craig Ranch
24837,"Goodwin, Noah",934,Hurstbourne Country Club,sg_app,3.4239483077157167,2025-07-13,-0.025352030999598634,921,TPC Craig Ranch
24837,"Goodwin, Noah",930,Black Desert Resort,sg_arg,1.804253946963033,2025-10-26,0.00445875419395066,921,TPC Craig Ranch
24837,"Goodwin, Noah",921,TPC Craig Ranch,sg_arg,1.6530915154581125,2025-05-04,-0.005441741665424257,921,TPC Craig Ranch
24837,"Goodwin, Noah",746,The Country Club of Jackson,sg_ott,3.57081678564474,2025-10-05,0.018941500416849055,921,TPC Craig Ranch
24837,"Goodwin, Noah",926,Silverado Resort (North Course),sg_ott,1.7667596817655018,2025-09-14,0.010932226531889296,921,TPC Craig Ranch
24837,"Goodwin, Noah",770,TPC San Antonio - The Oaks Course,sg_ott,3.260218967670035,2025-04-06,0.0072944197362521486,921,TPC Craig Ranch
24837,"Goodwin, Noah",897,Memorial Park Golf Course,sg_ott,1.624414073423878,2025-03-30,0.0015741186419780642,921,TPC Craig Ranch
24837,"Goodwin, Noah",876,Detroit Golf Club,sg_ott,1.7000321804507963,2025-06-29,-0.020380983778449952,921,TPC Craig Ranch
24837,"Goodwin, Noah",714,TPC Louisiana,sg_ott,3.6234592342610146,2026-04-26,-0.020612911358381274,921,TPC Craig Ranch
24837,"Goodwin, Noah",921,TPC Craig Ranch,sg_ott,1.6530915154581125,2025-05-04,-0.03137832009299689,921,TPC Craig Ranch
24837,"Goodwin, Noah",665,Innisbrook Resort and Golf Club - Copperhead Course,sg_putt,3.2374771242109035,2025-03-23,0.02430546502324243,921,TPC Craig Ranch
24837,"Goodwin, Noah",921,TPC Craig Ranch,sg_putt,1.6530915154581125,2025-05-04,-0.0464058959302348,921,TPC Craig Ranch
24837,"Goodwin, Noah",809,Country Club de Bogota-Pacos,sg_total,1.2114063756184064,2024-02-11,0.01101717863617887,921,TPC Craig Ranch
24837,"Goodwin, Noah",742,Grand Reserve Golf Club,sg_total,2.2261961376418595,2023-03-05,0.0004771967494444099,921,TPC Craig Ranch
24837,"Goodwin, Noah",98,PGA Riviera Maya,sg_total,1.9692390135034659,2026-04-19,-0.003194116891940625,921,TPC Craig Ranch
24837,"Goodwin, Noah",62,The Ledges,sg_total,1.1447052503132664,2023-04-30,-0.009186021918090644,921,TPC Craig Ranch
24837,"Goodwin, Noah",244,Puntacana Resort (Corales Golf Course),sg_total,1.6415602812554495,2025-04-20,-0.009243296913679842,921,TPC Craig Ranch
26660,"Gordon, Will",921,TPC Craig Ranch,sg_app,6.412708878893371,2025-05-04,0.10540255990195946,921,TPC Craig Ranch
26660,"Gordon, Will",934,Hurstbourne Country Club,sg_app,3.4239483077157167,2025-07-13,0.01570996262827508,921,TPC Craig Ranch
26660,"Gordon, Will",5,Pebble Beach Golf Links,sg_app,1.6969160982513043,2023-02-05,-0.004179089140458127,921,TPC Craig Ranch
26660,"Gordon, Will",6,Waialae Country Club,sg_arg,7.723056487039642,2025-01-12,0.01676699431678876,921,TPC Craig Ranch
26660,"Gordon, Will",21,Colonial Country Club,sg_arg,4.798888239519751,2025-05-25,0.001563019838154948,921,TPC Craig Ranch
26660,"Gordon, Will",930,Black Desert Resort,sg_arg,4.791328090856462,2025-10-26,-0.0018147444941320446,921,TPC Craig Ranch
26660,"Gordon, Will",921,TPC Craig Ranch,sg_arg,6.412708878893371,2025-05-04,-0.04200105902237544,921,TPC Craig Ranch
26660,"Gordon, Will",876,Detroit Golf Club,sg_ott,7.267944233518227,2025-06-29,0.03725308119165543,921,TPC Craig Ranch
26660,"Gordon, Will",977,The Renaissance Club,sg_ott,2.3792715302865415,2023-07-16,0.014973175037321084,921,TPC Craig Ranch
26660,"Gordon, Will",4,Torrey Pines Golf Course (South Course),sg_ott,5.649399038288335,2025-01-25,0.006389478729790844,921,TPC Craig Ranch
26660,"Gordon, Will",921,TPC Craig Ranch,sg_ott,6.412708878893371,2025-05-04,0.0058303304796390246,921,TPC Craig Ranch
26660,"Gordon, Will",897,Memorial Park Golf Course,sg_ott,5.18697418411738,2025-03-30,0.004048747382325109,921,TPC Craig Ranch
26660,"Gordon, Will",12,Harbour Town Golf Links,sg_ott,0.7898969228492065,2021-04-18,0.0031096010062089145,921,TPC Craig Ranch
26660,"Gordon, Will",928,PGA National  - Champion Course,sg_ott,1.6018307286693183,2025-03-02,0.002795514047267812,921,TPC Craig Ranch
26660,"Gordon, Will",872,Quail Hollow Club,sg_ott,1.9469532746046827,2023-05-07,-0.0005222886181096581,921,TPC Craig Ranch
26660,"Gordon, Will",5,Pebble Beach Golf Links,sg_ott,1.6969160982513043,2023-02-05,-0.0009707969266740891,921,TPC Craig Ranch
26660,"Gordon, Will",714,TPC Louisiana,sg_ott,4.764165019345123,2026-04-26,-0.0014194096672330123,921,TPC Craig Ranch
26660,"Gordon, Will",770,TPC San Antonio - The Oaks Course,sg_ott,2.6975649398127364,2023-04-02,-0.003638658519787925,921,TPC Craig Ranch
26660,"Gordon, Will",746,The Country Club of Jackson,sg_ott,9.496241397247413,2025-10-05,-0.008083767381589006,921,TPC Craig Ranch
26660,"Gordon, Will",21,Colonial Country Club,sg_ott,4.798888239519751,2025-05-25,-0.016626897196354705,921,TPC Craig Ranch
26660,"Gordon, Will",926,Silverado Resort (North Course),sg_ott,4.467238666763336,2025-09-14,-0.019673470004385886,921,TPC Craig Ranch
26660,"Gordon, Will",921,TPC Craig Ranch,sg_putt,6.412708878893371,2025-05-04,0.07022587880536953,921,TPC Craig Ranch
26660,"Gordon, Will",665,Innisbrook Resort and Golf Club - Copperhead Course,sg_putt,3.8605727420034137,2025-03-23,0.0082942148863849,921,TPC Craig Ranch
26660,"Gordon, Will",510,TPC Scottsdale (Stadium Course),sg_putt,5.25426881117875,2025-02-09,-0.010362253709553829,921,TPC Craig Ranch
26660,"Gordon, Will",742,Grand Reserve Golf Club,sg_total,2.822115186803825,2021-02-28,0.006565984035111589,921,TPC Craig Ranch
26660,"Gordon, Will",61,Country Club at Golden Nugget,sg_total,1.875348223014645,2022-03-27,0.001323747857967356,921,TPC Craig Ranch
26660,"Gordon, Will",244,Puntacana Resort (Corales Golf Course),sg_total,2.276949795865868,2021-03-28,-0.001596337856213637,921,TPC Craig Ranch
26660,"Gordon, Will",62,The Ledges,sg_total,0.9542278310420688,2022-05-01,-0.001612067740969631,921,TPC Craig Ranch
26660,"Gordon, Will",108,Prince of Wales Country Club,sg_total,1.928316187792648,2026-03-08,-0.0041587130639387,921,TPC Craig Ranch
26660,"Gordon, Will",98,PGA Riviera Maya,sg_total,1.9692390135034659,2026-04-19,-0.013591530828681107,921,TPC Craig Ranch
23465,"Greyserman, Max",875,ACCORDIA GOLF Narashino Country Club,sg_app,3.0080570172775305,2024-10-27,0.041145459860485005,921,TPC Craig Ranch
23465,"Greyserman, Max",656,Plantation Course at Kapalua,sg_app,3.1152031322856195,2025-01-05,0.005385751152980065,921,TPC Craig Ranch
23465,"Greyserman, Max",5,Pebble Beach Golf Links,sg_app,4.441823540636719,2026-02-15,-0.017893944995656674,921,TPC Craig Ranch
23465,"Greyserman, Max",921,TPC Craig Ranch,sg_app,1.3780193031157617,2024-05-05,-0.028319536324136096,921,TPC Craig Ranch
23465,"Greyserman, Max",406,Castle Pines Golf Club,sg_app,2.914780046239138,2024-08-25,-0.04990705127503998,921,TPC Craig Ranch
23465,"Greyserman, Max",379,The Philadelphia Cricket Club (Wissahickon Course),sg_app,3.3177749455416157,2025-05-11,-0.050012495354692835,921,TPC Craig Ranch
23465,"Greyserman, Max",874,Hamilton Golf & Country Club,sg_arg,1.3974472516771892,2024-06-02,0.0025548857352557363,921,TPC Craig Ranch
23465,"Greyserman, Max",921,TPC Craig Ranch,sg_arg,1.3780193031157617,2024-05-05,-0.004277488006114913,921,TPC Craig Ranch
23465,"Greyserman, Max",406,Castle Pines Golf Club,sg_arg,2.914780046239138,2024-08-25,-0.005647525137480873,921,TPC Craig Ranch
23465,"Greyserman, Max",21,Colonial Country Club,sg_arg,4.73364558132863,2025-05-25,-0.029199672137406162,921,TPC Craig Ranch
23465,"Greyserman, Max",876,Detroit Golf Club,sg_ott,6.234362569648931,2025-06-29,0.054688946812825934,921,TPC Craig Ranch
23465,"Greyserman, Max",8,Trump National Doral - Blue Monster Course,sg_ott,3.966144091451867,2026-05-03,0.015400392568976937,921,TPC Craig Ranch
23465,"Greyserman, Max",528,Pinehurst Resort & Country Club (Course No. 2),sg_ott,2.814527399847991,2024-06-16,0.01106607390547193,921,TPC Craig Ranch
23465,"Greyserman, Max",379,The Philadelphia Cricket Club (Wissahickon Course),sg_ott,3.3177749455416157,2025-05-11,0.00931615256282216,921,TPC Craig Ranch
23465,"Greyserman, Max",897,Memorial Park Golf Course,sg_ott,6.281311750634035,2026-03-29,0.008848274418217394,921,TPC Craig Ranch
23465,"Greyserman, Max",4,Torrey Pines Golf Course (South Course),sg_ott,3.3073156897014586,2026-02-01,0.008375890381976088,921,TPC Craig Ranch
23465,"Greyserman, Max",21,Colonial Country Club,sg_ott,4.73364558132863,2025-05-25,0.0038613923910713016,921,TPC Craig Ranch
23465,"Greyserman, Max",205,Spyglass Hill Golf Course,sg_ott,1.7438680715231738,2026-02-15,0.001974227664340963,921,TPC Craig Ranch
23465,"Greyserman, Max",14,Augusta National Golf Club,sg_ott,5.234008450701049,2026-04-12,0.001508850566114411,921,TPC Craig Ranch
23465,"Greyserman, Max",770,TPC San Antonio - The Oaks Course,sg_ott,1.358861450749273,2024-04-07,-0.0010474184413727292,921,TPC Craig Ranch
23465,"Greyserman, Max",5,Pebble Beach Golf Links,sg_ott,4.441823540636719,2026-02-15,-0.010296837324011482,921,TPC Craig Ranch
23465,"Greyserman, Max",12,Harbour Town Golf Links,sg_ott,3.283120562510899,2025-04-20,-0.01046859817339879,921,TPC Craig Ranch
23465,"Greyserman, Max",714,TPC Louisiana,sg_ott,5.270775042798169,2026-04-26,-0.012296290261582249,921,TPC Craig Ranch
23465,"Greyserman, Max",977,The Renaissance Club,sg_ott,4.566182052683868,2025-07-13,-0.013346942503763653,921,TPC Craig Ranch
23465,"Greyserman, Max",928,PGA National  - Champion Course,sg_ott,5.874237942414352,2025-03-02,-0.01771814540641391,921,TPC Craig Ranch
23465,"Greyserman, Max",921,TPC Craig Ranch,sg_ott,1.3780193031157617,2024-05-05,-0.0338524087934424,921,TPC Craig Ranch
23465,"Greyserman, Max",926,Silverado Resort (North Course),sg_ott,1.7667596817655018,2025-09-14,-0.04567214797015827,921,TPC Craig Ranch
23465,"Greyserman, Max",241,Quail Hollow-PGA Championship,sg_ott,3.329407502951579,2025-05-18,-0.04635133007408852,921,TPC Craig Ranch
23465,"Greyserman, Max",406,Castle Pines Golf Club,sg_putt,2.914780046239138,2024-08-25,0.05006825156595936,921,TPC Craig Ranch
23465,"Greyserman, Max",665,Innisbrook Resort and Golf Club - Copperhead Course,sg_putt,2.698765270307489,2024-03-24,0.012204537507782358,921,TPC Craig Ranch
23465,"Greyserman, Max",921,TPC Craig Ranch,sg_putt,1.3780193031157617,2024-05-05,0.00924882406981016,921,TPC Craig Ranch
23465,"Greyserman, Max",656,Plantation Course at Kapalua,sg_putt,3.1152031322856195,2025-01-05,-0.00810722422759368,921,TPC Craig Ranch
23465,"Greyserman, Max",510,TPC Scottsdale (Stadium Course),sg_putt,5.071706854731766,2026-02-08,-0.021370252472217566,921,TPC Craig Ranch
23465,"Greyserman, Max",811,Paiute Golf Resort - Sun Mt GC,sg_total,1.579793845698413,2021-04-18,0.013096299670283779,921,TPC Craig Ranch
23465,"Greyserman, Max",62,The Ledges,sg_total,3.3079490735072365,2023-04-30,0.012377661995140711,921,TPC Craig Ranch
23465,"Greyserman, Max",65,TPC San Antonio-AT&T Oaks,sg_total,1.37753319687576,2020-07-18,0.008879471139053087,921,TPC Craig Ranch
23465,"Greyserman, Max",742,Grand Reserve Golf Club,sg_total,2.679939879154656,2024-03-10,0.00678610791155424,921,TPC Craig Ranch
23465,"Greyserman, Max",236,Erin Hills,sg_total,0.39225120339697284,2017-06-18,-0.001346484914079232,921,TPC Craig Ranch
23465,"Greyserman, Max",244,Puntacana Resort (Corales Golf Course),sg_total,2.7368137016555485,2024-04-21,-0.0017502735333242367,921,TPC Craig Ranch
23465,"Greyserman, Max",809,Country Club de Bogota-Pacos,sg_total,0.8686416951483404,2023-02-12,-0.001959139873944884,921,TPC Craig Ranch
23465,"Greyserman, Max",655,The Glen Club,sg_total,0.5585825753206938,2019-05-26,-0.004112484397368083,921,TPC Craig Ranch
23465,"Greyserman, Max",630,Fox Den CC,sg_total,1.1132619072745946,2019-05-19,-0.00972441046456073,921,TPC Craig Ranch
15330,"Griffin, Lanto",921,TPC Craig Ranch,sg_app,4.952972536747564,2025-05-04,0.02529207345191366,921,TPC Craig Ranch
15330,"Griffin, Lanto",656,Plantation Course at Kapalua,sg_app,2.753813477144712,2021-01-10,0.01218028554288157,921,TPC Craig Ranch
15330,"Griffin, Lanto",891,Winged Foot GC,sg_app,1.4223271399131445,2020-09-20,0.003632254799824033,921,TPC Craig Ranch
15330,"Griffin, Lanto",934,Hurstbourne Country Club,sg_app,3.4239483077157167,2025-07-13,-0.0037537187895496462,921,TPC Craig Ranch
15330,"Griffin, Lanto",5,Pebble Beach Golf Links,sg_app,2.869325186978024,2023-02-05,-0.006072570569341151,921,TPC Craig Ranch
15330,"Griffin, Lanto",688,East Lake Golf Club,sg_app,1.4131119951690931,2020-09-07,-0.01406695282595674,921,TPC Craig Ranch
15330,"Griffin, Lanto",21,Colonial Country Club,sg_arg,2.3476969542642148,2025-05-25,0.005263419804342599,921,TPC Craig Ranch
15330,"Griffin, Lanto",896,Olympia Fields Country Club (North Course),sg_arg,1.4074708370262448,2020-08-30,0.003806584422529609,921,TPC Craig Ranch
15330,"Griffin, Lanto",744,Torrey Pines (South),sg_arg,1.6303494219182981,2021-06-20,0.00019907391426390454,921,TPC Craig Ranch
15330,"Griffin, Lanto",886,Liberty National Golf Club,sg_arg,1.6825228461212498,2021-08-22,-0.0005320592273650369,921,TPC Craig Ranch
15330,"Griffin, Lanto",6,Waialae Country Club,sg_arg,7.803828943484147,2025-01-12,-0.0022345949925632767,921,TPC Craig Ranch
15330,"Griffin, Lanto",874,Hamilton Golf & Country Club,sg_arg,2.7948945033543784,2024-06-02,-0.0032674069318496136,921,TPC Craig Ranch
15330,"Griffin, Lanto",243,Trinity Forest Golf Club,sg_arg,0.4640083090689401,2018-05-20,-0.003674897427163865,921,TPC Craig Ranch
15330,"Griffin, Lanto",930,Black Desert Resort,sg_arg,2.9870741438934285,2024-10-13,-0.011985397459049734,921,TPC Craig Ranch
15330,"Griffin, Lanto",921,TPC Craig Ranch,sg_arg,4.952972536747564,2025-05-04,-0.03322216645700426,921,TPC Craig Ranch
15330,"Griffin, Lanto",876,Detroit Golf Club,sg_ott,9.008961031583981,2025-06-29,0.01860998884907125,921,TPC Craig Ranch
15330,"Griffin, Lanto",897,Memorial Park Golf Course,sg_ott,7.5449398963934895,2025-03-30,0.01557092612203892,921,TPC Craig Ranch
15330,"Griffin, Lanto",770,TPC San Antonio - The Oaks Course,sg_ott,14.556838669503318,2026-04-05,0.009416329546979563,921,TPC Craig Ranch
15330,"Griffin, Lanto",697,Ocean Course at Kiawah Island,sg_ott,0.8038417806220052,2021-05-23,0.005216297589747112,921,TPC Craig Ranch
15330,"Griffin, Lanto",654,The Country Club,sg_ott,0.9778951537585142,2022-06-19,0.005111548362174486,921,TPC Craig Ranch
15330,"Griffin, Lanto",928,PGA National  - Champion Course,sg_ott,1.9215788783046464,2026-03-01,0.0045416441392217505,921,TPC Craig Ranch
15330,"Griffin, Lanto",4,Torrey Pines Golf Course (South Course),sg_ott,10.395262660548674,2026-02-01,0.003823511388885789,921,TPC Craig Ranch
15330,"Griffin, Lanto",823,Keene Trace Golf Club,sg_ott,0.9577144264939117,2018-07-22,0.0038161841774539246,921,TPC Craig Ranch
15330,"Griffin, Lanto",12,Harbour Town Golf Links,sg_ott,2.7638225855955767,2023-04-16,0.002054978156844639,921,TPC Craig Ranch
15330,"Griffin, Lanto",714,TPC Louisiana,sg_ott,5.599602659984876,2026-04-26,0.001990965532351923,921,TPC Craig Ranch
15330,"Griffin, Lanto",921,TPC Craig Ranch,sg_ott,4.952972536747564,2025-05-04,0.001754731655330786,921,TPC Craig Ranch
15330,"Griffin, Lanto",893,Muirfield Village Golf Club,sg_ott,0.686703394995133,2020-07-12,0.0005247701967492298,921,TPC Craig Ranch
15330,"Griffin, Lanto",891,Winged Foot GC,sg_ott,1.4223271399131445,2020-09-20,-0.0006979667269784655,921,TPC Craig Ranch
15330,"Griffin, Lanto",744,Torrey Pines (South),sg_ott,1.6303494219182981,2021-06-20,-0.0008582843053896698,921,TPC Craig Ranch
15330,"Griffin, Lanto",895,TPC Harding Park,sg_ott,1.3927697092247904,2020-08-09,-0.0025025719732356655,921,TPC Craig Ranch
15330,"Griffin, Lanto",14,Augusta National Golf Club,sg_ott,0.7871371160983506,2021-04-11,-0.002967616725575752,921,TPC Craig Ranch
15330,"Griffin, Lanto",243,Trinity Forest Golf Club,sg_ott,0.4640083090689401,2018-05-20,-0.0035620507404600255,921,TPC Craig Ranch
15330,"Griffin, Lanto",872,Quail Hollow Club,sg_ott,3.2059594036428862,2023-05-07,-0.004077277289779602,921,TPC Craig Ranch
15330,"Griffin, Lanto",32,Glen Abbey GC,sg_ott,0.9610722998371628,2018-07-29,-0.0056217324830231934,921,TPC Craig Ranch
15330,"Griffin, Lanto",746,The Country Club of Jackson,sg_ott,6.311506061969837,2025-10-05,-0.009029596896274757,921,TPC Craig Ranch
15330,"Griffin, Lanto",5,Pebble Beach Golf Links,sg_ott,2.869325186978024,2023-02-05,-0.013674211059845754,921,TPC Craig Ranch
15330,"Griffin, Lanto",21,Colonial Country Club,sg_ott,2.3476969542642148,2025-05-25,-0.015129497127864468,921,TPC Craig Ranch
15330,"Griffin, Lanto",926,Silverado Resort (North Course),sg_ott,7.706771587441038,2025-09-14,-0.02601714555830942,921,TPC Craig Ranch
15330,"Griffin, Lanto",2000,Sherwood Country Club,sg_putt,1.447436934746801,2020-10-25,0.01894217185102076,921,TPC Craig Ranch
15330,"Griffin, Lanto",656,Plantation Course at Kapalua,sg_putt,2.753813477144712,2021-01-10,0.009037624281496296,921,TPC Craig Ranch
15330,"Griffin, Lanto",510,TPC Scottsdale (Stadium Course),sg_putt,3.5400308201966877,2025-02-09,0.0029527522240211062,921,TPC Craig Ranch
15330,"Griffin, Lanto",921,TPC Craig Ranch,sg_putt,4.952972536747564,2025-05-04,-0.001447949921075583,921,TPC Craig Ranch
15330,"Griffin, Lanto",893,Muirfield Village Golf Club,sg_putt,0.686703394995133,2020-07-12,-0.0032770120458201542,921,TPC Craig Ranch
15330,"Griffin, Lanto",898,The Concession Golf Club,sg_putt,1.5415591836000346,2021-02-28,-0.008702167952151571,921,TPC Craig Ranch
15330,"Griffin, Lanto",665,Innisbrook Resort and Golf Club - Copperhead Course,sg_putt,3.348582149800496,2025-03-23,-0.008919034964532191,921,TPC Craig Ranch
15330,"Griffin, Lanto",655,The Glen Club,sg_total,1.1171651506413875,2019-05-26,0.007466319798404214,921,TPC Craig Ranch
15330,"Griffin, Lanto",803,University Ridge GC,sg_total,0.19339897420195362,2017-05-21,0.002944347938714435,921,TPC Craig Ranch
15330,"Griffin, Lanto",50,Corales Golf Club,sg_total,0.38409981724150816,2017-05-07,0.000935507037601954,921,TPC Craig Ranch
15330,"Griffin, Lanto",56,Atlantic Beach Country Club,sg_total,1.32022968298359,2018-09-20,0.0006856237678800817,921,TPC Craig Ranch
15330,"Griffin, Lanto",630,Fox Den CC,sg_total,0.8096075629694468,2017-08-20,0.0003680150147589941,921,TPC Craig Ranch
15330,"Griffin, Lanto",244,Puntacana Resort (Corales Golf Course),sg_total,4.459986405958783,2025-04-20,-0.006952076216263179,921,TPC Craig Ranch
12808,"Grillo, Emiliano",921,TPC Craig Ranch,sg_app,3.5749532336318017,2025-05-04,0.038872015462112844,921,TPC Craig Ranch
12808,"Grillo, Emiliano",709,Royal Troon,sg_app,2.864215128908834,2024-07-21,0.013723864739799236,921,TPC Craig Ranch
12808,"Grillo, Emiliano",238,Glen Oaks Club,sg_app,0.8124461540765495,2017-08-27,0.013595577182693245,921,TPC Craig Ranch
12808,"Grillo, Emiliano",772,St. George's G&CC,sg_app,1.948957006692821,2022-06-12,0.01254713259407018,921,TPC Craig Ranch
12808,"Grillo, Emiliano",715,Baltusrol GC,sg_app,0.6678406786681628,2016-07-31,0.003486916254326407,921,TPC Craig Ranch
12808,"Grillo, Emiliano",534,Bellerive CC,sg_app,0.9678234072449506,2018-08-12,0.001781718736968033,921,TPC Craig Ranch
12808,"Grillo, Emiliano",348,Medinah Country Club (No. 3),sg_app,1.1650853674566677,2019-08-18,0.0009252379715595394,921,TPC Craig Ranch
12808,"Grillo, Emiliano",934,Hurstbourne Country Club,sg_app,3.4239483077157167,2025-07-13,-0.002075718739121104,921,TPC Craig Ranch
12808,"Grillo, Emiliano",882,Caves Valley Golf Club,sg_app,1.688421993568662,2021-08-29,-0.00836834638311099,921,TPC Craig Ranch
12808,"Grillo, Emiliano",514,Oak Hill Country Club,sg_app,1.1567879787560167,2023-05-21,-0.012007893448107864,921,TPC Craig Ranch
12808,"Grillo, Emiliano",656,Plantation Course at Kapalua,sg_app,3.2002189907164107,2024-01-07,-0.018621142699093887,921,TPC Craig Ranch
12808,"Grillo, Emiliano",5,Pebble Beach Golf Links,sg_app,4.178986649620768,2026-02-15,-0.04578988076260664,921,TPC Craig Ranch
12808,"Grillo, Emiliano",688,East Lake Golf Club,sg_app,3.116569025385399,2023-08-27,-0.058344016620916456,921,TPC Craig Ranch
12808,"Grillo, Emiliano",921,TPC Craig Ranch,sg_arg,3.5749532336318017,2025-05-04,0.03056744443667343,921,TPC Craig Ranch
12808,"Grillo, Emiliano",896,Olympia Fields Country Club (North Course),sg_arg,2.421275242584897,2023-08-20,0.014374980194831155,921,TPC Craig Ranch
12808,"Grillo, Emiliano",689,El Bosque CC,sg_arg,0.6772562030538207,2016-08-28,0.0035613353827255215,921,TPC Craig Ranch
12808,"Grillo, Emiliano",671,Valhalla Golf Club,sg_arg,1.3876992786253213,2024-05-19,0.0021070825593598433,921,TPC Craig Ranch
12808,"Grillo, Emiliano",789,Conway Farms GC,sg_arg,0.8210217819522644,2017-09-17,0.0014447120146254388,921,TPC Craig Ranch
12808,"Grillo, Emiliano",930,Black Desert Resort,sg_arg,0.9021269734815165,2025-10-26,0.0012481281080529377,921,TPC Craig Ranch
12808,"Grillo, Emiliano",773,Aronimink GC,sg_arg,0.9814682258117053,2018-09-09,0.00038503338951744495,921,TPC Craig Ranch
12808,"Grillo, Emiliano",238,Glen Oaks Club,sg_arg,0.8124461540765495,2017-08-27,-0.0006096854277193689,921,TPC Craig Ranch
12808,"Grillo, Emiliano",348,Medinah Country Club (No. 3),sg_arg,1.1650853674566677,2019-08-18,-0.0008088436094726263,921,TPC Craig Ranch
12808,"Grillo, Emiliano",660,Montreux Golf & Country Club,sg_arg,1.152915972229429,2019-07-28,-0.0016528118264455976,921,TPC Craig Ranch
12808,"Grillo, Emiliano",527,Saucon Valley CC,sg_arg,0.6820136280365007,2016-09-11,-0.001777675938121789,921,TPC Craig Ranch
12808,"Grillo, Emiliano",873,Ridgewood CC,sg_arg,0.9746219381933394,2018-08-26,-0.0026991470960120198,921,TPC Craig Ranch
12808,"Grillo, Emiliano",21,Colonial Country Club,sg_arg,16.14561208907476,2025-05-25,-0.0036888950573980496,921,TPC Craig Ranch
12808,"Grillo, Emiliano",886,Liberty National Golf Club,sg_arg,1.4217687713107343,2021-08-22,-0.004369646961835594,921,TPC Craig Ranch
12808,"Grillo, Emiliano",6,Waialae Country Club,sg_arg,13.327844168426106,2026-01-18,-0.013308621466309366,921,TPC Craig Ranch
12808,"Grillo, Emiliano",897,Memorial Park Golf Course,sg_ott,7.874970774475294,2026-03-29,0.01848502363140819,921,TPC Craig Ranch
12808,"Grillo, Emiliano",876,Detroit Golf Club,sg_ott,5.589573581836695,2025-06-29,0.01752603870288585,921,TPC Craig Ranch
12808,"Grillo, Emiliano",770,TPC San Antonio - The Oaks Course,sg_ott,7.473303514534141,2026-04-05,0.013329637497102946,921,TPC Craig Ranch
12808,"Grillo, Emiliano",926,Silverado Resort (North Course),sg_ott,3.5335193635310036,2025-09-14,0.00520927887017285,921,TPC Craig Ranch
12808,"Grillo, Emiliano",772,St. George's G&CC,sg_ott,1.948957006692821,2022-06-12,0.00420644879755966,921,TPC Craig Ranch
12808,"Grillo, Emiliano",895,TPC Harding Park,sg_ott,1.3927697092247904,2020-08-09,0.003200893345800721,921,TPC Craig Ranch
12808,"Grillo, Emiliano",928,PGA National  - Champion Course,sg_ott,5.444988485278611,2026-03-01,0.002871102853275516,921,TPC Craig Ranch
12808,"Grillo, Emiliano",348,Medinah Country Club (No. 3),sg_ott,1.1650853674566677,2019-08-18,0.0027791293798897602,921,TPC Craig Ranch
12808,"Grillo, Emiliano",689,El Bosque CC,sg_ott,0.6772562030538207,2016-08-28,0.002039053620904131,921,TPC Craig Ranch
12808,"Grillo, Emiliano",250,Le Golf National,sg_ott,2.884334972106428,2024-08-04,0.0020239135532866535,921,TPC Craig Ranch
12808,"Grillo, Emiliano",977,The Renaissance Club,sg_ott,1.427103949413005,2024-07-14,0.0019690817531608997,921,TPC Craig Ranch
12808,"Grillo, Emiliano",715,Baltusrol GC,sg_ott,0.6678406786681628,2016-07-31,0.0015674415339941101,921,TPC Craig Ranch
12808,"Grillo, Emiliano",241,Quail Hollow-PGA Championship,sg_ott,0.4033894447825575,2017-08-13,0.001257141494189277,921,TPC Craig Ranch
12808,"Grillo, Emiliano",873,Ridgewood CC,sg_ott,0.9746219381933394,2018-08-26,0.0003076805258564407,921,TPC Craig Ranch
12808,"Grillo, Emiliano",527,Saucon Valley CC,sg_ott,0.6820136280365007,2016-09-11,0.0002937487154225312,921,TPC Craig Ranch
12808,"Grillo, Emiliano",238,Glen Oaks Club,sg_ott,0.8124461540765495,2017-08-27,-0.00011826141793514736,921,TPC Craig Ranch
12808,"Grillo, Emiliano",706,Whistling Straits,sg_ott,0.5606235464632614,2015-08-16,-0.00041888122163416595,921,TPC Craig Ranch
12808,"Grillo, Emiliano",8,Trump National Doral - Blue Monster Course,sg_ott,0.6205149141805294,2016-03-06,-0.0012935614655463317,921,TPC Craig Ranch
12808,"Grillo, Emiliano",235,Eagle Point Golf Club,sg_ott,0.7681996344830163,2017-05-07,-0.0014984868198953515,921,TPC Craig Ranch
12808,"Grillo, Emiliano",32,Glen Abbey GC,sg_ott,0.6655073220488756,2016-07-24,-0.0016161597131148042,921,TPC Craig Ranch
12808,"Grillo, Emiliano",698,Quail Hollow Club,sg_ott,0.6403722450119204,2016-05-08,-0.0018386874223772498,921,TPC Craig Ranch
12808,"Grillo, Emiliano",893,Muirfield Village Golf Club,sg_ott,0.686703394995133,2020-07-12,-0.0018501746090510338,921,TPC Craig Ranch
12808,"Grillo, Emiliano",697,Ocean Course at Kiawah Island,sg_ott,1.6076835612440104,2021-05-23,-0.0022385489339333546,921,TPC Craig Ranch
12808,"Grillo, Emiliano",671,Valhalla Golf Club,sg_ott,1.3876992786253213,2024-05-19,-0.003756199588709515,921,TPC Craig Ranch
12808,"Grillo, Emiliano",528,Pinehurst Resort & Country Club (Course No. 2),sg_ott,2.814527399847991,2024-06-16,-0.004912482945448357,921,TPC Craig Ranch
12808,"Grillo, Emiliano",901,Wilmington Country Club,sg_ott,2.0183782877342047,2022-08-21,-0.005334942791333639,921,TPC Craig Ranch
12808,"Grillo, Emiliano",5,Pebble Beach Golf Links,sg_ott,4.178986649620768,2026-02-15,-0.005411768148750301,921,TPC Craig Ranch
12808,"Grillo, Emiliano",534,Bellerive CC,sg_ott,0.9678234072449506,2018-08-12,-0.008233106559035879,921,TPC Craig Ranch
12808,"Grillo, Emiliano",205,Spyglass Hill Golf Course,sg_ott,0.9540873975903711,2026-02-15,-0.008728612219439989,921,TPC Craig Ranch
12808,"Grillo, Emiliano",12,Harbour Town Golf Links,sg_ott,10.226852863897017,2024-04-21,-0.009625150591759089,921,TPC Craig Ranch
12808,"Grillo, Emiliano",746,The Country Club of Jackson,sg_ott,12.400124640431647,2025-10-05,-0.009832198323078169,921,TPC Craig Ranch
12808,"Grillo, Emiliano",4,Torrey Pines Golf Course (South Course),sg_ott,10.535990683777683,2026-02-01,-0.011973009524953199,921,TPC Craig Ranch
12808,"Grillo, Emiliano",514,Oak Hill Country Club,sg_ott,1.1567879787560167,2023-05-21,-0.013864014411203615,921,TPC Craig Ranch
12808,"Grillo, Emiliano",872,Quail Hollow Club,sg_ott,7.581151376269752,2024-05-12,-0.015223491423163066,921,TPC Craig Ranch
12808,"Grillo, Emiliano",21,Colonial Country Club,sg_ott,16.14561208907476,2025-05-25,-0.01835052255169705,921,TPC Craig Ranch
12808,"Grillo, Emiliano",14,Augusta National Golf Club,sg_ott,1.363625798571981,2024-04-14,-0.023976997218356996,921,TPC Craig Ranch
12808,"Grillo, Emiliano",921,TPC Craig Ranch,sg_ott,3.5749532336318017,2025-05-04,-0.03866801338922513,921,TPC Craig Ranch
12808,"Grillo, Emiliano",665,Innisbrook Resort and Golf Club - Copperhead Course,sg_putt,8.851044222470724,2026-03-22,0.02044214695061249,921,TPC Craig Ranch
12808,"Grillo, Emiliano",724,Royal Liverpool,sg_putt,2.387613570697432,2023-07-23,0.01656306736480338,921,TPC Craig Ranch
12808,"Grillo, Emiliano",709,Royal Troon,sg_putt,2.864215128908834,2024-07-21,0.0067271668255678785,921,TPC Craig Ranch
12808,"Grillo, Emiliano",715,Baltusrol GC,sg_putt,0.6678406786681628,2016-07-31,0.006480555170078488,921,TPC Craig Ranch
12808,"Grillo, Emiliano",668,St. Andrews Links (Old Course),sg_putt,0.9916819684299293,2022-07-17,0.005537884141871843,921,TPC Craig Ranch
12808,"Grillo, Emiliano",656,Plantation Course at Kapalua,sg_putt,3.2002189907164107,2024-01-07,0.003328510122193303,921,TPC Craig Ranch
12808,"Grillo, Emiliano",873,Ridgewood CC,sg_putt,0.9746219381933394,2018-08-26,-0.002617646409140615,921,TPC Craig Ranch
12808,"Grillo, Emiliano",893,Muirfield Village Golf Club,sg_putt,0.686703394995133,2020-07-12,-0.004601400973229781,921,TPC Craig Ranch
12808,"Grillo, Emiliano",666,Pebble Beach Golf Links,sg_putt,1.1289571845620932,2019-06-16,-0.0145269712569624,921,TPC Craig Ranch
12808,"Grillo, Emiliano",660,Montreux Golf & Country Club,sg_putt,1.152915972229429,2019-07-28,-0.019991149850087812,921,TPC Craig Ranch
12808,"Grillo, Emiliano",921,TPC Craig Ranch,sg_putt,3.5749532336318017,2025-05-04,-0.020268242973765248,921,TPC Craig Ranch
12808,"Grillo, Emiliano",510,TPC Scottsdale (Stadium Course),sg_putt,15.17589068582733,2026-02-08,-0.043410366621844394,921,TPC Craig Ranch
12808,"Grillo, Emiliano",742,Grand Reserve Golf Club,sg_total,4.070197978605616,2021-02-28,0.011991665641597692,921,TPC Craig Ranch
12808,"Grillo, Emiliano",236,Erin Hills,sg_total,0.39225120339697284,2017-06-18,-0.004809112703839778,921,TPC Craig Ranch
12808,"Grillo, Emiliano",244,Puntacana Resort (Corales Golf Course),sg_total,10.363488383769948,2025-04-20,-0.023929942579374714,921,TPC Craig Ranch
13965,"Hadwin, Adam",5,Pebble Beach Golf Links,sg_app,5.817267760282906,2025-02-02,0.0342654919400257,921,TPC Craig Ranch
13965,"Hadwin, Adam",238,Glen Oaks Club,sg_app,0.40622307703827476,2017-08-27,0.006832714598708361,921,TPC Craig Ranch
13965,"Hadwin, Adam",616,Robert Trent Jones GC,sg_app,0.5567128849219349,2015-08-02,0.006482118965796467,921,TPC Craig Ranch
13965,"Hadwin, Adam",649,Hualalai Golf Course,sg_app,0.25325641146282285,2015-01-25,0.005353350335211881,921,TPC Craig Ranch
13965,"Hadwin, Adam",775,CordeValle GC,sg_app,0.2774247263801299,2011-10-09,0.003813490735892053,921,TPC Craig Ranch
13965,"Hadwin, Adam",709,Royal Troon,sg_app,1.432107564454417,2024-07-21,0.0028350761301963634,921,TPC Craig Ranch
13965,"Hadwin, Adam",642,Newport Beach Country Club,sg_app,0.46245517812869813,2014-07-27,0.002245742477269892,921,TPC Craig Ranch
13965,"Hadwin, Adam",514,Oak Hill Country Club,sg_app,2.3135759575120334,2023-05-21,-0.0006669575404188512,921,TPC Craig Ranch
13965,"Hadwin, Adam",694,Hamilton G&CC,sg_app,0.16067801562244832,2012-07-29,-0.0017963045670577442,921,TPC Craig Ranch
13965,"Hadwin, Adam",781,Plainfield CC,sg_app,0.2822808393352682,2015-08-30,-0.001879680191899802,921,TPC Craig Ranch
13965,"Hadwin, Adam",534,Bellerive CC,sg_app,0.4839117036224753,2018-08-12,-0.004094595064730368,921,TPC Craig Ranch
13965,"Hadwin, Adam",688,East Lake Golf Club,sg_app,0.8239003928195338,2017-09-24,-0.004659890055345695,921,TPC Craig Ranch
13965,"Hadwin, Adam",772,St. George's G&CC,sg_app,1.948957006692821,2022-06-12,-0.007178678621078828,921,TPC Craig Ranch
13965,"Hadwin, Adam",348,Medinah Country Club (No. 3),sg_app,1.1650853674566677,2019-08-18,-0.007846320792044498,921,TPC Craig Ranch
13965,"Hadwin, Adam",891,Winged Foot GC,sg_app,1.4223271399131445,2020-09-20,-0.015806544238213746,921,TPC Craig Ranch
13965,"Hadwin, Adam",379,The Philadelphia Cricket Club (Wissahickon Course),sg_app,3.3177749455416157,2025-05-11,-0.01913938451644952,921,TPC Craig Ranch
13965,"Hadwin, Adam",656,Plantation Course at Kapalua,sg_app,6.58035137391623,2025-01-05,-0.026406032839734268,921,TPC Craig Ranch
13965,"Hadwin, Adam",406,Castle Pines Golf Club,sg_app,2.914780046239138,2024-08-25,-0.03399148356048232,921,TPC Craig Ranch
13965,"Hadwin, Adam",921,TPC Craig Ranch,sg_app,3.266423454882353,2023-05-14,-0.04735649901479052,921,TPC Craig Ranch
13965,"Hadwin, Adam",934,Hurstbourne Country Club,sg_app,1.7119741538578583,2025-07-13,-0.05263955194077708,921,TPC Craig Ranch
13965,"Hadwin, Adam",406,Castle Pines Golf Club,sg_arg,2.914780046239138,2024-08-25,0.007589182367546011,921,TPC Craig Ranch
13965,"Hadwin, Adam",773,Aronimink GC,sg_arg,0.9814682258117053,2018-09-09,0.007453122065211392,921,TPC Craig Ranch
13965,"Hadwin, Adam",873,Ridgewood CC,sg_arg,0.9746219381933394,2018-08-26,0.007107979484202253,921,TPC Craig Ranch
13965,"Hadwin, Adam",21,Colonial Country Club,sg_arg,5.859908523408935,2021-05-30,0.006589782889080706,921,TPC Craig Ranch
13965,"Hadwin, Adam",671,Valhalla Golf Club,sg_arg,2.7753985572506426,2024-05-19,0.005907844877977824,921,TPC Craig Ranch
13965,"Hadwin, Adam",874,Hamilton Golf & Country Club,sg_arg,2.5224599928957847,2024-06-02,0.003891308807831557,921,TPC Craig Ranch
13965,"Hadwin, Adam",886,Liberty National Golf Club,sg_arg,2.0022761195608436,2021-08-22,0.0025512062143154394,921,TPC Craig Ranch
13965,"Hadwin, Adam",348,Medinah Country Club (No. 3),sg_arg,1.1650853674566677,2019-08-18,0.0017767419792593159,921,TPC Craig Ranch
13965,"Hadwin, Adam",689,El Bosque CC,sg_arg,0.6772562030538207,2016-08-28,0.001434443199334895,921,TPC Craig Ranch
13965,"Hadwin, Adam",775,CordeValle GC,sg_arg,0.2774247263801299,2011-10-09,-0.0001375420676883132,921,TPC Craig Ranch
13965,"Hadwin, Adam",6,Waialae Country Club,sg_arg,6.332255212205421,2025-01-12,-0.00027169090965004376,921,TPC Craig Ranch
13965,"Hadwin, Adam",238,Glen Oaks Club,sg_arg,0.40622307703827476,2017-08-27,-0.0004348508606015042,921,TPC Craig Ranch
13965,"Hadwin, Adam",744,Torrey Pines (South),sg_arg,1.6303494219182981,2021-06-20,-0.0007482361930705895,921,TPC Craig Ranch
13965,"Hadwin, Adam",930,Black Desert Resort,sg_arg,1.804253946963033,2025-10-26,-0.0007864985511508212,921,TPC Craig Ranch
13965,"Hadwin, Adam",896,Olympia Fields Country Club (North Course),sg_arg,3.828746079611142,2023-08-20,-0.001087532529911702,921,TPC Craig Ranch
13965,"Hadwin, Adam",789,Conway Farms GC,sg_arg,0.8210217819522644,2017-09-17,-0.0017135116041501193,921,TPC Craig Ranch
13965,"Hadwin, Adam",921,TPC Craig Ranch,sg_arg,3.266423454882353,2023-05-14,-0.002185841998616678,921,TPC Craig Ranch
13965,"Hadwin, Adam",514,Oak Hill Country Club,sg_ott,2.3135759575120334,2023-05-21,0.01023450036748542,921,TPC Craig Ranch
13965,"Hadwin, Adam",12,Harbour Town Golf Links,sg_ott,13.956519862030056,2025-04-20,0.009011732382319844,921,TPC Craig Ranch
13965,"Hadwin, Adam",897,Memorial Park Golf Course,sg_ott,5.353783719156177,2025-03-30,0.008823323837065888,921,TPC Craig Ranch
13965,"Hadwin, Adam",770,TPC San Antonio - The Oaks Course,sg_ott,4.474899324391805,2022-04-03,0.006864742690672633,921,TPC Craig Ranch
13965,"Hadwin, Adam",21,Colonial Country Club,sg_ott,5.859908523408935,2021-05-30,0.0061843442172390215,921,TPC Craig Ranch
13965,"Hadwin, Adam",772,St. George's G&CC,sg_ott,1.948957006692821,2022-06-12,0.004526046486392157,921,TPC Craig Ranch
13965,"Hadwin, Adam",528,Pinehurst Resort & Country Club (Course No. 2),sg_ott,1.4072636999239956,2024-06-16,0.004070202530703246,921,TPC Craig Ranch
13965,"Hadwin, Adam",895,TPC Harding Park,sg_ott,1.3927697092247904,2020-08-09,0.004002000069383873,921,TPC Craig Ranch
13965,"Hadwin, Adam",928,PGA National  - Champion Course,sg_ott,1.9215788783046464,2026-03-01,0.0038969629331422565,921,TPC Craig Ranch
13965,"Hadwin, Adam",901,Wilmington Country Club,sg_ott,2.0183782877342047,2022-08-21,0.003569624351034249,921,TPC Craig Ranch
13965,"Hadwin, Adam",654,The Country Club,sg_ott,1.9557903075170284,2022-06-19,0.003170854484416517,921,TPC Craig Ranch
13965,"Hadwin, Adam",689,El Bosque CC,sg_ott,0.6772562030538207,2016-08-28,0.003025476703361116,921,TPC Craig Ranch
13965,"Hadwin, Adam",671,Valhalla Golf Club,sg_ott,2.7753985572506426,2024-05-19,0.0020748658631465993,921,TPC Craig Ranch
13965,"Hadwin, Adam",642,Newport Beach Country Club,sg_ott,0.46245517812869813,2014-07-27,0.0020275423685529276,921,TPC Craig Ranch
13965,"Hadwin, Adam",205,Spyglass Hill Golf Course,sg_ott,0.7897806739328027,2025-02-02,0.0017152418926420759,921,TPC Craig Ranch
13965,"Hadwin, Adam",534,Bellerive CC,sg_ott,0.4839117036224753,2018-08-12,0.0016068511737974342,921,TPC Craig Ranch
13965,"Hadwin, Adam",921,TPC Craig Ranch,sg_ott,3.266423454882353,2023-05-14,0.0014370014377605952,921,TPC Craig Ranch
13965,"Hadwin, Adam",697,Ocean Course at Kiawah Island,sg_ott,1.6076835612440104,2021-05-23,0.0004583933311455821,921,TPC Craig Ranch
13965,"Hadwin, Adam",873,Ridgewood CC,sg_ott,0.9746219381933394,2018-08-26,0.00029907010310755566,921,TPC Craig Ranch
13965,"Hadwin, Adam",616,Robert Trent Jones GC,sg_ott,0.5567128849219349,2015-08-02,-0.00025146743369040706,921,TPC Craig Ranch
13965,"Hadwin, Adam",781,Plainfield CC,sg_ott,0.2822808393352682,2015-08-30,-0.0004041525858526561,921,TPC Craig Ranch
13965,"Hadwin, Adam",238,Glen Oaks Club,sg_ott,0.40622307703827476,2017-08-27,-0.0006206436750804361,921,TPC Craig Ranch
13965,"Hadwin, Adam",926,Silverado Resort (North Course),sg_ott,1.7667596817655018,2025-09-14,-0.0012476909869539882,921,TPC Craig Ranch
13965,"Hadwin, Adam",32,Glen Abbey GC,sg_ott,2.294138474559373,2018-07-29,-0.003048050329279174,921,TPC Craig Ranch
13965,"Hadwin, Adam",977,The Renaissance Club,sg_ott,2.85420789882601,2024-07-14,-0.0030859192574881652,921,TPC Craig Ranch
13965,"Hadwin, Adam",893,Muirfield Village Golf Club,sg_ott,1.373406789990266,2020-07-12,-0.003301613981037573,921,TPC Craig Ranch
13965,"Hadwin, Adam",379,The Philadelphia Cricket Club (Wissahickon Course),sg_ott,3.3177749455416157,2025-05-11,-0.0034434453594455274,921,TPC Craig Ranch
13965,"Hadwin, Adam",698,Quail Hollow Club,sg_ott,0.908215639166448,2016-05-08,-0.004561669705580882,921,TPC Craig Ranch
13965,"Hadwin, Adam",348,Medinah Country Club (No. 3),sg_ott,1.1650853674566677,2019-08-18,-0.004576488373205955,921,TPC Craig Ranch
13965,"Hadwin, Adam",14,Augusta National Golf Club,sg_ott,2.727251597143962,2024-04-14,-0.0054365861701253385,921,TPC Craig Ranch
13965,"Hadwin, Adam",891,Winged Foot GC,sg_ott,1.4223271399131445,2020-09-20,-0.00636686146192184,921,TPC Craig Ranch
13965,"Hadwin, Adam",744,Torrey Pines (South),sg_ott,1.6303494219182981,2021-06-20,-0.0073588475249567655,921,TPC Craig Ranch
13965,"Hadwin, Adam",4,Torrey Pines Golf Course (South Course),sg_ott,5.458179411408393,2023-01-28,-0.010269007836498537,921,TPC Craig Ranch
13965,"Hadwin, Adam",5,Pebble Beach Golf Links,sg_ott,5.817267760282906,2025-02-02,-0.011942814000308723,921,TPC Craig Ranch
13965,"Hadwin, Adam",241,Quail Hollow-PGA Championship,sg_ott,2.068093196258347,2025-05-18,-0.013524897221850022,921,TPC Craig Ranch
13965,"Hadwin, Adam",746,The Country Club of Jackson,sg_ott,6.636904139986422,2025-10-05,-0.01359847337803961,921,TPC Craig Ranch
13965,"Hadwin, Adam",872,Quail Hollow Club,sg_ott,6.739694386975215,2024-05-12,-0.01583908969674695,921,TPC Craig Ranch
13965,"Hadwin, Adam",714,TPC Louisiana,sg_ott,9.528330038690246,2026-04-26,-0.020440087702147777,921,TPC Craig Ranch
13965,"Hadwin, Adam",876,Detroit Golf Club,sg_ott,9.949544558201726,2025-06-29,-0.0365169780816723,921,TPC Craig Ranch
13965,"Hadwin, Adam",656,Plantation Course at Kapalua,sg_putt,6.58035137391623,2025-01-05,0.028533774933032795,921,TPC Craig Ranch
13965,"Hadwin, Adam",873,Ridgewood CC,sg_putt,0.9746219381933394,2018-08-26,0.01400994313217875,921,TPC Craig Ranch
13965,"Hadwin, Adam",665,Innisbrook Resort and Golf Club - Copperhead Course,sg_putt,13.059292892836563,2026-03-22,0.011524402452115176,921,TPC Craig Ranch
13965,"Hadwin, Adam",893,Muirfield Village Golf Club,sg_putt,1.373406789990266,2020-07-12,0.005149452770961546,921,TPC Craig Ranch
13965,"Hadwin, Adam",649,Hualalai Golf Course,sg_putt,0.25325641146282285,2015-01-25,0.000813061993871074,921,TPC Craig Ranch
13965,"Hadwin, Adam",510,TPC Scottsdale (Stadium Course),sg_putt,14.860436335296408,2025-02-09,0.00019055398771535253,921,TPC Craig Ranch
13965,"Hadwin, Adam",775,CordeValle GC,sg_putt,0.2774247263801299,2011-10-09,-0.0016808681305553958,921,TPC Craig Ranch
13965,"Hadwin, Adam",2000,Sherwood Country Club,sg_putt,1.447436934746801,2020-10-25,-0.003909233992796921,921,TPC Craig Ranch
13965,"Hadwin, Adam",406,Castle Pines Golf Club,sg_putt,2.914780046239138,2024-08-25,-0.008538202305936021,921,TPC Craig Ranch
13965,"Hadwin, Adam",709,Royal Troon,sg_putt,1.432107564454417,2024-07-21,-0.027662438747560875,921,TPC Craig Ranch
13965,"Hadwin, Adam",921,TPC Craig Ranch,sg_putt,3.266423454882353,2023-05-14,-0.03620414866638132,921,TPC Craig Ranch
13965,"Hadwin, Adam",742,Grand Reserve Golf Club,sg_total,0.5172620642088441,2015-03-08,0.00011650445519113702,921,TPC Craig Ranch
13965,"Hadwin, Adam",236,Erin Hills,sg_total,0.7845024067939457,2017-06-18,-0.004360071921663271,921,TPC Craig Ranch
13965,"Hadwin, Adam",98,PGA Riviera Maya,sg_total,1.9692390135034659,2026-04-19,-0.014861945678050159,921,TPC Craig Ranch
11374,"Hahn, James",921,TPC Craig Ranch,sg_app,8.059498384724709,2025-05-04,0.02817279540540902,921,TPC Craig Ranch
11374,"Hahn, James",649,Hualalai Golf Course,sg_app,0.46363368500427815,2015-01-25,0.009947162139216387,921,TPC Craig Ranch
11374,"Hahn, James",715,Baltusrol GC,sg_app,0.6678406786681628,2016-07-31,0.007971604575963367,921,TPC Craig Ranch
11374,"Hahn, James",934,Hurstbourne Country Club,sg_app,3.4239483077157167,2025-07-13,0.003535285473905931,921,TPC Craig Ranch
11374,"Hahn, James",781,Plainfield CC,sg_app,0.5645616786705364,2015-08-30,0.0034088010425712702,921,TPC Craig Ranch
11374,"Hahn, James",656,Plantation Course at Kapalua,sg_app,1.3272064764775138,2017-01-08,0.0020848996063613967,921,TPC Craig Ranch
11374,"Hahn, James",616,Robert Trent Jones GC,sg_app,0.5567128849219349,2015-08-02,0.00036973920561722415,921,TPC Craig Ranch
11374,"Hahn, James",5,Pebble Beach Golf Links,sg_app,3.0175062049303256,2023-02-05,-0.0003887451010187222,921,TPC Craig Ranch
11374,"Hahn, James",534,Bellerive CC,sg_app,0.4839117036224753,2018-08-12,-0.0015254657716940287,921,TPC Craig Ranch
11374,"Hahn, James",642,Newport Beach Country Club,sg_app,0.46245517812869813,2014-07-27,-0.0016525067286312744,921,TPC Craig Ranch
11374,"Hahn, James",745,iberostar real club de golf novo sancti petri,sg_app,0.23448754173421943,2014-08-24,-0.0022506156252057132,921,TPC Craig Ranch
11374,"Hahn, James",238,Glen Oaks Club,sg_app,0.40622307703827476,2017-08-27,-0.002431862905068951,921,TPC Craig Ranch
11374,"Hahn, James",930,Black Desert Resort,sg_arg,1.804253946963033,2025-10-26,0.01016676210735047,921,TPC Craig Ranch
11374,"Hahn, James",921,TPC Craig Ranch,sg_arg,8.059498384724709,2025-05-04,0.007153785649574383,921,TPC Craig Ranch
11374,"Hahn, James",6,Waialae Country Club,sg_arg,8.912509388630337,2025-01-12,0.006711021470512552,921,TPC Craig Ranch
11374,"Hahn, James",873,Ridgewood CC,sg_arg,0.4873109690966697,2018-08-26,0.0026600258209488158,921,TPC Craig Ranch
11374,"Hahn, James",527,Saucon Valley CC,sg_arg,0.6820136280365007,2016-09-11,0.0023213959615714973,921,TPC Craig Ranch
11374,"Hahn, James",243,Trinity Forest Golf Club,sg_arg,0.4640083090689401,2018-05-20,0.0012366586513383108,921,TPC Craig Ranch
11374,"Hahn, James",689,El Bosque CC,sg_arg,0.33862810152691036,2016-08-28,0.00046646413385103777,921,TPC Craig Ranch
11374,"Hahn, James",886,Liberty National Golf Club,sg_arg,1.6825228461212498,2021-08-22,5.968048514214079e-05,921,TPC Craig Ranch
11374,"Hahn, James",762,Liberty National GC,sg_arg,0.195469129100436,2013-08-25,-6.711308589253329e-05,921,TPC Craig Ranch
11374,"Hahn, James",238,Glen Oaks Club,sg_arg,0.40622307703827476,2017-08-27,-0.0011302591944782278,921,TPC Craig Ranch
11374,"Hahn, James",789,Conway Farms GC,sg_arg,1.391542588923027,2017-09-17,-0.0013522764701261573,921,TPC Craig Ranch
11374,"Hahn, James",21,Colonial Country Club,sg_arg,2.8421097579269765,2022-05-29,-0.00182354305883949,921,TPC Craig Ranch
11374,"Hahn, James",32,Glen Abbey GC,sg_ott,2.7024945093045645,2018-07-29,0.01769829060613896,921,TPC Craig Ranch
11374,"Hahn, James",921,TPC Craig Ranch,sg_ott,8.059498384724709,2025-05-04,0.013522134449956296,921,TPC Craig Ranch
11374,"Hahn, James",698,Quail Hollow Club,sg_ott,1.7674236037551618,2016-05-08,0.006684804227651839,921,TPC Craig Ranch
11374,"Hahn, James",534,Bellerive CC,sg_ott,0.4839117036224753,2018-08-12,0.003389880018823373,921,TPC Craig Ranch
11374,"Hahn, James",689,El Bosque CC,sg_ott,0.33862810152691036,2016-08-28,0.003219881992372075,921,TPC Craig Ranch
11374,"Hahn, James",872,Quail Hollow Club,sg_ott,2.4077248672342595,2023-05-07,0.003159420922306518,921,TPC Craig Ranch
11374,"Hahn, James",5,Pebble Beach Golf Links,sg_ott,3.0175062049303256,2023-02-05,0.0029780128580657863,921,TPC Craig Ranch
11374,"Hahn, James",823,Keene Trace Golf Club,sg_ott,0.47885721324695585,2018-07-22,0.0026067927062443444,921,TPC Craig Ranch
11374,"Hahn, James",873,Ridgewood CC,sg_ott,0.4873109690966697,2018-08-26,0.0025553837783577104,921,TPC Craig Ranch
11374,"Hahn, James",781,Plainfield CC,sg_ott,0.5645616786705364,2015-08-30,0.0022965478097013497,921,TPC Craig Ranch
11374,"Hahn, James",715,Baltusrol GC,sg_ott,0.6678406786681628,2016-07-31,0.0016538473065863528,921,TPC Craig Ranch
11374,"Hahn, James",12,Harbour Town Golf Links,sg_ott,5.7095500218154225,2023-04-16,0.001159501467784894,921,TPC Craig Ranch
11374,"Hahn, James",746,The Country Club of Jackson,sg_ott,0.2436913485381607,2014-11-09,0.000966702469372055,921,TPC Craig Ranch
11374,"Hahn, James",893,Muirfield Village Golf Club,sg_ott,0.686703394995133,2020-07-12,0.0008423045323024567,921,TPC Craig Ranch
11374,"Hahn, James",527,Saucon Valley CC,sg_ott,0.6820136280365007,2016-09-11,0.0005732772649556214,921,TPC Craig Ranch
11374,"Hahn, James",770,TPC San Antonio - The Oaks Course,sg_ott,4.208023998380688,2023-04-02,0.0002616992459755166,921,TPC Craig Ranch
11374,"Hahn, James",238,Glen Oaks Club,sg_ott,0.40622307703827476,2017-08-27,-0.0005575559086258073,921,TPC Craig Ranch
11374,"Hahn, James",876,Detroit Golf Club,sg_ott,3.6851905748494507,2023-07-02,-0.0005857055160449393,921,TPC Craig Ranch
11374,"Hahn, James",762,Liberty National GC,sg_ott,0.195469129100436,2013-08-25,-0.0006829976736826147,921,TPC Craig Ranch
11374,"Hahn, James",616,Robert Trent Jones GC,sg_ott,0.5567128849219349,2015-08-02,-0.0007305272299576466,921,TPC Craig Ranch
11374,"Hahn, James",642,Newport Beach Country Club,sg_ott,0.46245517812869813,2014-07-27,-0.0007696311170214771,921,TPC Craig Ranch
11374,"Hahn, James",235,Eagle Point Golf Club,sg_ott,0.7681996344830163,2017-05-07,-0.0008743095895297609,921,TPC Craig Ranch
11374,"Hahn, James",21,Colonial Country Club,sg_ott,2.8421097579269765,2022-05-29,-0.0015735532707091655,921,TPC Craig Ranch
11374,"Hahn, James",706,Whistling Straits,sg_ott,0.2803117732316307,2015-08-16,-0.0018774890648725461,921,TPC Craig Ranch
11374,"Hahn, James",243,Trinity Forest Golf Club,sg_ott,0.4640083090689401,2018-05-20,-0.002623803552731648,921,TPC Craig Ranch
11374,"Hahn, James",241,Quail Hollow-PGA Championship,sg_ott,0.806778889565115,2017-08-13,-0.002763901554708544,921,TPC Craig Ranch
11374,"Hahn, James",714,TPC Louisiana,sg_ott,1.976143425723861,2026-04-26,-0.007759683281330424,921,TPC Craig Ranch
11374,"Hahn, James",897,Memorial Park Golf Course,sg_ott,7.148134501982097,2024-03-31,-0.013696853337190921,921,TPC Craig Ranch
11374,"Hahn, James",4,Torrey Pines Golf Course (South Course),sg_ott,3.4318713696297305,2023-01-28,-0.015283946228375488,921,TPC Craig Ranch
11374,"Hahn, James",926,Silverado Resort (North Course),sg_ott,5.694944412848971,2025-09-14,-0.018299377057301752,921,TPC Craig Ranch
11374,"Hahn, James",510,TPC Scottsdale (Stadium Course),sg_putt,9.902897895039867,2023-02-12,0.03679019041025359,921,TPC Craig Ranch
11374,"Hahn, James",893,Muirfield Village Golf Club,sg_putt,0.686703394995133,2020-07-12,0.0006746849913964432,921,TPC Craig Ranch
11374,"Hahn, James",745,iberostar real club de golf novo sancti petri,sg_putt,0.23448754173421943,2014-08-24,-0.000622179300385741,921,TPC Craig Ranch
11374,"Hahn, James",762,Liberty National GC,sg_putt,0.195469129100436,2013-08-25,-0.000884180262714454,921,TPC Craig Ranch
11374,"Hahn, James",649,Hualalai Golf Course,sg_putt,0.46363368500427815,2015-01-25,-0.0014371067747922582,921,TPC Craig Ranch
11374,"Hahn, James",715,Baltusrol GC,sg_putt,0.6678406786681628,2016-07-31,-0.003565923647002324,921,TPC Craig Ranch
11374,"Hahn, James",656,Plantation Course at Kapalua,sg_putt,1.3272064764775138,2017-01-08,-0.00561454526455491,921,TPC Craig Ranch
11374,"Hahn, James",873,Ridgewood CC,sg_putt,0.4873109690966697,2018-08-26,-0.006575185259997736,921,TPC Craig Ranch
11374,"Hahn, James",665,Innisbrook Resort and Golf Club - Copperhead Course,sg_putt,5.643064127165776,2023-03-19,-0.01741630579826413,921,TPC Craig Ranch
11374,"Hahn, James",921,TPC Craig Ranch,sg_putt,8.059498384724709,2025-05-04,-0.06162036859816743,921,TPC Craig Ranch
11374,"Hahn, James",67,The King & Bear Course at WGV,sg_total,1.3583821025797564,2020-06-20,-0.006346724148378447,921,TPC Craig Ranch
11374,"Hahn, James",244,Puntacana Resort (Corales Golf Course),sg_total,5.805687989740183,2025-04-20,-0.009746555760419504,921,TPC Craig Ranch
11374,"Hahn, James",742,Grand Reserve Golf Club,sg_total,1.5196903664739618,2024-03-10,-0.01026469507551606,921,TPC Craig Ranch
19865,"Hardy, Nick",772,St. George's G&CC,sg_app,1.948957006692821,2022-06-12,0.012365308784005356,921,TPC Craig Ranch
19865,"Hardy, Nick",934,Hurstbourne Country Club,sg_app,3.4239483077157167,2025-07-13,0.00790219135464342,921,TPC Craig Ranch
19865,"Hardy, Nick",656,Plantation Course at Kapalua,sg_app,2.5968375067405898,2024-01-07,0.007607186971708603,921,TPC Craig Ranch
19865,"Hardy, Nick",5,Pebble Beach Golf Links,sg_app,2.8718378445214405,2024-02-04,-0.00021819878174366957,921,TPC Craig Ranch
19865,"Hardy, Nick",514,Oak Hill Country Club,sg_app,1.1567879787560167,2023-05-21,-0.008780224009691084,921,TPC Craig Ranch
19865,"Hardy, Nick",921,TPC Craig Ranch,sg_app,3.0311108185738744,2025-05-04,-0.03908145800774405,921,TPC Craig Ranch
19865,"Hardy, Nick",921,TPC Craig Ranch,sg_arg,3.0311108185738744,2025-05-04,0.01658846776885421,921,TPC Craig Ranch
19865,"Hardy, Nick",21,Colonial Country Club,sg_arg,8.447897977575142,2025-05-25,0.005210465934088317,921,TPC Craig Ranch
19865,"Hardy, Nick",6,Waialae Country Club,sg_arg,8.756269319824087,2025-01-12,0.00492660110218479,921,TPC Craig Ranch
19865,"Hardy, Nick",930,Black Desert Resort,sg_arg,4.791328090856462,2025-10-26,0.0029549123387191552,921,TPC Craig Ranch
19865,"Hardy, Nick",874,Hamilton Golf & Country Club,sg_arg,2.7948945033543784,2024-06-02,0.0007707460701249105,921,TPC Craig Ranch
19865,"Hardy, Nick",746,The Country Club of Jackson,sg_ott,9.237408650100699,2024-10-06,0.033445758155351016,921,TPC Craig Ranch
19865,"Hardy, Nick",4,Torrey Pines Golf Course (South Course),sg_ott,5.112514287354404,2025-01-25,0.01952218189860434,921,TPC Craig Ranch
19865,"Hardy, Nick",714,TPC Louisiana,sg_ott,9.528330038690246,2026-04-26,0.019068669614153436,921,TPC Craig Ranch
19865,"Hardy, Nick",772,St. George's G&CC,sg_ott,1.948957006692821,2022-06-12,0.007240461049700756,921,TPC Craig Ranch
19865,"Hardy, Nick",5,Pebble Beach Golf Links,sg_ott,2.8718378445214405,2024-02-04,0.007154692319288844,921,TPC Craig Ranch
19865,"Hardy, Nick",514,Oak Hill Country Club,sg_ott,1.1567879787560167,2023-05-21,0.0054977002514578375,921,TPC Craig Ranch
19865,"Hardy, Nick",921,TPC Craig Ranch,sg_ott,3.0311108185738744,2025-05-04,0.0020155612000418155,921,TPC Craig Ranch
19865,"Hardy, Nick",12,Harbour Town Golf Links,sg_ott,1.1367202935150809,2023-04-16,0.0018053369517371013,921,TPC Craig Ranch
19865,"Hardy, Nick",928,PGA National  - Champion Course,sg_ott,2.937118971207176,2025-03-02,-0.0003344205639849487,921,TPC Craig Ranch
19865,"Hardy, Nick",872,Quail Hollow Club,sg_ott,2.297437476392113,2023-05-07,-0.0011377392358024826,921,TPC Craig Ranch
19865,"Hardy, Nick",876,Detroit Golf Club,sg_ott,8.414348057831447,2025-06-29,-0.002655896786425554,921,TPC Craig Ranch
19865,"Hardy, Nick",770,TPC San Antonio - The Oaks Course,sg_ott,9.50187865305553,2026-04-05,-0.0032706532720319695,921,TPC Craig Ranch
19865,"Hardy, Nick",21,Colonial Country Club,sg_ott,8.447897977575142,2025-05-25,-0.004246871787189204,921,TPC Craig Ranch
19865,"Hardy, Nick",654,The Country Club,sg_ott,1.9557903075170284,2022-06-19,-0.004266595423811824,921,TPC Craig Ranch
19865,"Hardy, Nick",897,Memorial Park Golf Course,sg_ott,4.332641571416536,2025-03-30,-0.006627719849393172,921,TPC Craig Ranch
19865,"Hardy, Nick",926,Silverado Resort (North Course),sg_ott,5.9400119056755365,2025-09-14,-0.009028154007953194,921,TPC Craig Ranch
19865,"Hardy, Nick",921,TPC Craig Ranch,sg_putt,3.0311108185738744,2025-05-04,0.013816559773611334,921,TPC Craig Ranch
19865,"Hardy, Nick",665,Innisbrook Resort and Golf Club - Copperhead Course,sg_putt,4.089038287208177,2025-03-23,0.0040125666641488925,921,TPC Craig Ranch
19865,"Hardy, Nick",666,Pebble Beach Golf Links,sg_putt,1.1289571845620932,2019-06-16,0.0037240467186100976,921,TPC Craig Ranch
19865,"Hardy, Nick",510,TPC Scottsdale (Stadium Course),sg_putt,5.753239126276832,2025-02-09,-0.011016041863301412,921,TPC Craig Ranch
19865,"Hardy, Nick",656,Plantation Course at Kapalua,sg_putt,2.5968375067405898,2024-01-07,-0.01282230971365397,921,TPC Craig Ranch
19865,"Hardy, Nick",67,The King & Bear Course at WGV,sg_total,1.3583821025797564,2020-06-20,0.014114957014106585,921,TPC Craig Ranch
19865,"Hardy, Nick",811,Paiute Golf Resort - Sun Mt GC,sg_total,1.579793845698413,2021-04-18,0.010890787960730976,921,TPC Craig Ranch
19865,"Hardy, Nick",655,The Glen Club,sg_total,1.1171651506413875,2019-05-26,0.006880458041227327,921,TPC Craig Ranch
19865,"Hardy, Nick",65,TPC San Antonio-AT&T Oaks,sg_total,1.37753319687576,2020-07-18,0.005763046040886987,921,TPC Craig Ranch
19865,"Hardy, Nick",62,The Ledges,sg_total,1.5908911980373366,2021-05-02,0.005591673363033411,921,TPC Craig Ranch
19865,"Hardy, Nick",818,Chambers Bay GC,sg_total,0.4088578610518003,2015-06-21,0.002191296675376916,921,TPC Craig Ranch
19865,"Hardy, Nick",742,Grand Reserve Golf Club,sg_total,1.855760084366587,2022-03-06,0.0011980524990980541,921,TPC Craig Ranch
19865,"Hardy, Nick",809,Country Club de Bogota-Pacos,sg_total,0.3179058529315635,2020-02-09,0.00022637406064080422,921,TPC Craig Ranch
19865,"Hardy, Nick",4362,lakes gc,sg_total,0.6379470454143887,2023-12-03,-0.00052118777367185,921,TPC Craig Ranch
19865,"Hardy, Nick",244,Puntacana Resort (Corales Golf Course),sg_total,8.382055069781476,2025-04-20,-0.0016302677318900559,921,TPC Craig Ranch
19865,"Hardy, Nick",98,PGA Riviera Maya,sg_total,3.9384780270069317,2026-04-19,-0.009100490222536608,921,TPC Craig Ranch
24342,"Higgo, Garrick",656,Plantation Course at Kapalua,sg_app,1.8045195176121693,2022-01-09,0.009700371374038988,921,TPC Craig Ranch
24342,"Higgo, Garrick",921,TPC Craig Ranch,sg_app,3.68351189891127,2024-05-05,0.005340014825818406,921,TPC Craig Ranch
24342,"Higgo, Garrick",379,The Philadelphia Cricket Club (Wissahickon Course),sg_app,3.3177749455416157,2025-05-11,0.0034262981056013327,921,TPC Craig Ranch
24342,"Higgo, Garrick",887,Kasumigaseki Country Club,sg_app,1.664948781537463,2021-08-01,-0.01000215258445572,921,TPC Craig Ranch
24342,"Higgo, Garrick",5,Pebble Beach Golf Links,sg_app,3.959885464959166,2026-02-15,-0.01625193288928364,921,TPC Craig Ranch
24342,"Higgo, Garrick",6,Waialae Country Club,sg_arg,2.605942362216727,2024-01-14,0.0033991698504007295,921,TPC Craig Ranch
24342,"Higgo, Garrick",886,Liberty National Golf Club,sg_arg,1.6825228461212498,2021-08-22,-1.9409260589942515e-05,921,TPC Craig Ranch
24342,"Higgo, Garrick",874,Hamilton Golf & Country Club,sg_arg,2.7948945033543784,2024-06-02,-0.0011772253871330618,921,TPC Craig Ranch
24342,"Higgo, Garrick",921,TPC Craig Ranch,sg_arg,3.68351189891127,2024-05-05,-0.006189157882432013,921,TPC Craig Ranch
24342,"Higgo, Garrick",930,Black Desert Resort,sg_arg,1.4935370719467143,2024-10-13,-0.007819962823936913,921,TPC Craig Ranch
24342,"Higgo, Garrick",21,Colonial Country Club,sg_arg,3.5210895389010086,2024-05-26,-0.010522038838702777,921,TPC Craig Ranch
24342,"Higgo, Garrick",746,The Country Club of Jackson,sg_ott,9.60167717345625,2025-10-05,0.045920482764214406,921,TPC Craig Ranch
24342,"Higgo, Garrick",876,Detroit Golf Club,sg_ott,8.120306070779366,2025-06-29,0.028946078234021143,921,TPC Craig Ranch
24342,"Higgo, Garrick",926,Silverado Resort (North Course),sg_ott,7.706771587441038,2025-09-14,0.027711703833921703,921,TPC Craig Ranch
24342,"Higgo, Garrick",921,TPC Craig Ranch,sg_ott,3.68351189891127,2024-05-05,0.02487710245151878,921,TPC Craig Ranch
24342,"Higgo, Garrick",4,Torrey Pines Golf Course (South Course),sg_ott,5.602912051678693,2026-02-01,0.017520065548218867,921,TPC Craig Ranch
24342,"Higgo, Garrick",5,Pebble Beach Golf Links,sg_ott,3.959885464959166,2026-02-15,0.007336642597023112,921,TPC Craig Ranch
24342,"Higgo, Garrick",872,Quail Hollow Club,sg_ott,1.1487187381960564,2023-05-07,0.0061811573931093615,921,TPC Craig Ranch
24342,"Higgo, Garrick",14,Augusta National Golf Club,sg_ott,0.9442608570012471,2022-04-10,0.004179405923152304,921,TPC Craig Ranch
24342,"Higgo, Garrick",205,Spyglass Hill Golf Course,sg_ott,0.9540873975903711,2026-02-15,0.0025515476118928883,921,TPC Craig Ranch
24342,"Higgo, Garrick",714,TPC Louisiana,sg_ott,3.6234592342610146,2026-04-26,0.0015144236459231632,921,TPC Craig Ranch
24342,"Higgo, Garrick",928,PGA National  - Champion Course,sg_ott,6.513734241685008,2026-03-01,0.0010869339813526842,921,TPC Craig Ranch
24342,"Higgo, Garrick",897,Memorial Park Golf Course,sg_ott,7.658045642581867,2026-03-29,-0.0012198118654216214,921,TPC Craig Ranch
24342,"Higgo, Garrick",241,Quail Hollow-PGA Championship,sg_ott,3.329407502951579,2025-05-18,-0.0017609801213773985,921,TPC Craig Ranch
24342,"Higgo, Garrick",770,TPC San Antonio - The Oaks Course,sg_ott,7.871769169220513,2026-04-05,-0.0027376736430343054,921,TPC Craig Ranch
24342,"Higgo, Garrick",379,The Philadelphia Cricket Club (Wissahickon Course),sg_ott,3.3177749455416157,2025-05-11,-0.005507133276801376,921,TPC Craig Ranch
24342,"Higgo, Garrick",12,Harbour Town Golf Links,sg_ott,7.159490174389033,2026-04-19,-0.0058271783838503115,921,TPC Craig Ranch
24342,"Higgo, Garrick",977,The Renaissance Club,sg_ott,3.367488678798825,2023-07-16,-0.016855077340500985,921,TPC Craig Ranch
24342,"Higgo, Garrick",21,Colonial Country Club,sg_ott,3.5210895389010086,2024-05-26,-0.022375051645543865,921,TPC Craig Ranch
24342,"Higgo, Garrick",887,Kasumigaseki Country Club,sg_ott,1.664948781537463,2021-08-01,-0.023592006694273953,921,TPC Craig Ranch
24342,"Higgo, Garrick",668,St. Andrews Links (Old Course),sg_putt,1.9833639368598586,2022-07-17,0.012989004242187022,921,TPC Craig Ranch
24342,"Higgo, Garrick",665,Innisbrook Resort and Golf Club - Copperhead Course,sg_putt,4.18369593518035,2026-03-22,-0.0034131229758446206,921,TPC Craig Ranch
24342,"Higgo, Garrick",510,TPC Scottsdale (Stadium Course),sg_putt,7.482038220532301,2026-02-08,-0.003671398744587446,921,TPC Craig Ranch
24342,"Higgo, Garrick",656,Plantation Course at Kapalua,sg_putt,1.8045195176121693,2022-01-09,-0.006725160098438471,921,TPC Craig Ranch
24342,"Higgo, Garrick",921,TPC Craig Ranch,sg_putt,3.68351189891127,2024-05-05,-0.03809295625299541,921,TPC Craig Ranch
24342,"Higgo, Garrick",244,Puntacana Resort (Corales Golf Course),sg_total,4.651527413338673,2025-04-20,0.014672143444540008,921,TPC Craig Ranch
24342,"Higgo, Garrick",809,Country Club de Bogota-Pacos,sg_total,0.7925497493467781,2025-02-09,0.004041635597132896,921,TPC Craig Ranch
24342,"Higgo, Garrick",742,Grand Reserve Golf Club,sg_total,2.679939879154656,2024-03-10,0.002694545341188722,921,TPC Craig Ranch
24342,"Higgo, Garrick",3946,marco simone gc,sg_total,0.8471709121033048,2021-09-05,-0.0014059627174697067,921,TPC Craig Ranch
24342,"Higgo, Garrick",4056,frederikshavn golfklub,sg_total,1.4074708370262448,2020-08-30,-0.002592106676770744,921,TPC Craig Ranch
24342,"Higgo, Garrick",3890,leopard creek cc,sg_total,1.350438236128724,2020-11-29,-0.004284977076178526,921,TPC Craig Ranch
24342,"Higgo, Garrick",3878,wentworth golf club,sg_total,0.8501412052765458,2021-09-12,-0.0064090552077371195,921,TPC Craig Ranch
24342,"Higgo, Garrick",3978,yas links,sg_total,0.908597734151391,2022-01-23,-0.006418103263090872,921,TPC Craig Ranch
24342,"Higgo, Garrick",3898,randpark gc firethorn course,sg_total,1.7813297458199913,2020-11-22,-0.008840053388914491,921,TPC Craig Ranch
24342,"Higgo, Garrick",4177,houghton gc,sg_total,0.7600638626419282,2021-01-31,-0.00946861413728218,921,TPC Craig Ranch
24342,"Higgo, Garrick",4074,pga national cyprus course,sg_total,0.7288022691925407,2020-11-08,-0.019232075403167927,921,TPC Craig Ranch
14140,"Higgs, Harry",934,Hurstbourne Country Club,sg_app,3.4239483077157167,2025-07-13,0.027182434636802796,921,TPC Craig Ranch
14140,"Higgs, Harry",5,Pebble Beach Golf Links,sg_app,2.116136465436939,2023-02-05,0.009177607994396372,921,TPC Craig Ranch
14140,"Higgs, Harry",772,St. George's G&CC,sg_app,0.9744785033464105,2022-06-12,-1.4118942191369062e-05,921,TPC Craig Ranch
14140,"Higgs, Harry",882,Caves Valley Golf Club,sg_app,1.688421993568662,2021-08-29,-0.023937860561063933,921,TPC Craig Ranch
14140,"Higgs, Harry",921,TPC Craig Ranch,sg_app,4.567801924624349,2025-05-04,-0.058401178658668486,921,TPC Craig Ranch
14140,"Higgs, Harry",921,TPC Craig Ranch,sg_arg,4.567801924624349,2025-05-04,0.014481861176836777,921,TPC Craig Ranch
14140,"Higgs, Harry",886,Liberty National Golf Club,sg_arg,1.6825228461212498,2021-08-22,0.013644343966429119,921,TPC Craig Ranch
14140,"Higgs, Harry",21,Colonial Country Club,sg_arg,8.598259840816116,2025-05-25,0.006993915351154507,921,TPC Craig Ranch
14140,"Higgs, Harry",896,Olympia Fields Country Club (North Course),sg_arg,1.4074708370262448,2020-08-30,0.004679324794411625,921,TPC Craig Ranch
14140,"Higgs, Harry",930,Black Desert Resort,sg_arg,3.608507893926066,2025-10-26,-0.007294174801375295,921,TPC Craig Ranch
14140,"Higgs, Harry",6,Waialae Country Club,sg_arg,6.318113158042776,2025-01-12,-0.010104324716413442,921,TPC Craig Ranch
14140,"Higgs, Harry",770,TPC San Antonio - The Oaks Course,sg_ott,7.243149712792339,2025-04-06,0.03069965028981722,921,TPC Craig Ranch
14140,"Higgs, Harry",876,Detroit Golf Club,sg_ott,8.95089646299406,2025-06-29,0.019493246474227444,921,TPC Craig Ranch
14140,"Higgs, Harry",528,Pinehurst Resort & Country Club (Course No. 2),sg_ott,2.814527399847991,2024-06-16,0.010375387637434546,921,TPC Craig Ranch
14140,"Higgs, Harry",926,Silverado Resort (North Course),sg_ott,2.994465427851136,2025-09-14,0.008236434470575534,921,TPC Craig Ranch
14140,"Higgs, Harry",928,PGA National  - Champion Course,sg_ott,3.5234096069739644,2026-03-01,0.006308669553398144,921,TPC Craig Ranch
14140,"Higgs, Harry",14,Augusta National Golf Club,sg_ott,1.8885217140024941,2022-04-10,0.0053400545213660115,921,TPC Craig Ranch
14140,"Higgs, Harry",897,Memorial Park Golf Course,sg_ott,3.379107860015749,2025-03-30,0.004915068658716203,921,TPC Craig Ranch
14140,"Higgs, Harry",697,Ocean Course at Kiawah Island,sg_ott,1.6076835612440104,2021-05-23,0.003611995819343911,921,TPC Craig Ranch
14140,"Higgs, Harry",12,Harbour Town Golf Links,sg_ott,3.886426869507465,2022-04-17,0.0016717244928202892,921,TPC Craig Ranch
14140,"Higgs, Harry",714,TPC Louisiana,sg_ott,4.764165019345122,2026-04-26,0.0003121279880882935,921,TPC Craig Ranch
14140,"Higgs, Harry",872,Quail Hollow Club,sg_ott,0.7982345364086264,2021-05-09,-0.0004803062813231827,921,TPC Craig Ranch
14140,"Higgs, Harry",893,Muirfield Village Golf Club,sg_ott,0.686703394995133,2020-07-12,-0.0013412200952837468,921,TPC Craig Ranch
14140,"Higgs, Harry",5,Pebble Beach Golf Links,sg_ott,2.116136465436939,2023-02-05,-0.002858321370422923,921,TPC Craig Ranch
14140,"Higgs, Harry",4,Torrey Pines Golf Course (South Course),sg_ott,6.542570357351792,2025-01-25,-0.012679115821277497,921,TPC Craig Ranch
14140,"Higgs, Harry",772,St. George's G&CC,sg_ott,0.9744785033464105,2022-06-12,-0.017127323915641222,921,TPC Craig Ranch
14140,"Higgs, Harry",746,The Country Club of Jackson,sg_ott,7.082752136019737,2025-10-05,-0.038609072814238705,921,TPC Craig Ranch
14140,"Higgs, Harry",21,Colonial Country Club,sg_ott,8.598259840816116,2025-05-25,-0.04251058293449646,921,TPC Craig Ranch
14140,"Higgs, Harry",921,TPC Craig Ranch,sg_ott,4.567801924624349,2025-05-04,-0.060949819397200664,921,TPC Craig Ranch
14140,"Higgs, Harry",510,TPC Scottsdale (Stadium Course),sg_putt,3.866285801535702,2022-02-13,0.013881994104944305,921,TPC Craig Ranch
14140,"Higgs, Harry",2000,Sherwood Country Club,sg_putt,1.447436934746801,2020-10-25,0.0018633448471111404,921,TPC Craig Ranch
14140,"Higgs, Harry",665,Innisbrook Resort and Golf Club - Copperhead Course,sg_putt,4.608451629407184,2025-03-23,-0.0004883870912215151,921,TPC Craig Ranch
14140,"Higgs, Harry",921,TPC Craig Ranch,sg_putt,4.567801924624349,2025-05-04,-0.0042499030176601366,921,TPC Craig Ranch
14140,"Higgs, Harry",893,Muirfield Village Golf Club,sg_putt,0.686703394995133,2020-07-12,-0.011386589561310638,921,TPC Craig Ranch
14140,"Higgs, Harry",742,Grand Reserve Golf Club,sg_total,3.5661660772191874,2024-03-10,0.014266213359122029,921,TPC Craig Ranch
14140,"Higgs, Harry",244,Puntacana Resort (Corales Golf Course),sg_total,6.628068329706755,2025-04-20,0.0009444055872471241,921,TPC Craig Ranch
14140,"Higgs, Harry",655,The Glen Club,sg_total,0.5585825753206938,2019-05-26,-0.004401604597634739,921,TPC Craig Ranch
14140,"Higgs, Harry",809,Country Club de Bogota-Pacos,sg_total,0.6606705334016293,2024-02-11,-0.012752545703765415,921,TPC Craig Ranch
28469,"Highsmith, Joe",921,TPC Craig Ranch,sg_app,1.3780193031157617,2024-05-05,0.029733256396105908,921,TPC Craig Ranch
28469,"Highsmith, Joe",5,Pebble Beach Golf Links,sg_app,2.862262192771113,2026-02-15,-0.029477291801987195,921,TPC Craig Ranch
28469,"Highsmith, Joe",379,The Philadelphia Cricket Club (Wissahickon Course),sg_app,3.3177749455416157,2025-05-11,-0.043785908513426744,921,TPC Craig Ranch
28469,"Highsmith, Joe",21,Colonial Country Club,sg_arg,1.670540422822544,2025-05-25,0.00864920926308787,921,TPC Craig Ranch
28469,"Highsmith, Joe",930,Black Desert Resort,sg_arg,4.791328090856462,2025-10-26,-0.0035233998841243614,921,TPC Craig Ranch
28469,"Highsmith, Joe",921,TPC Craig Ranch,sg_arg,1.3780193031157617,2024-05-05,-0.0035483807831597765,921,TPC Craig Ranch
28469,"Highsmith, Joe",874,Hamilton Golf & Country Club,sg_arg,1.3974472516771892,2024-06-02,-0.0039499505870146156,921,TPC Craig Ranch
28469,"Highsmith, Joe",6,Waialae Country Club,sg_arg,5.326355682178048,2026-01-18,-0.024767820464752524,921,TPC Craig Ranch
28469,"Highsmith, Joe",897,Memorial Park Golf Course,sg_ott,6.281311750634035,2026-03-29,0.02281203908679717,921,TPC Craig Ranch
28469,"Highsmith, Joe",928,PGA National  - Champion Course,sg_ott,8.382107456485787,2026-03-01,0.014866096821586646,921,TPC Craig Ranch
28469,"Highsmith, Joe",876,Detroit Golf Club,sg_ott,6.234362569648931,2025-06-29,0.014541578273696426,921,TPC Craig Ranch
28469,"Highsmith, Joe",14,Augusta National Golf Club,sg_ott,1.6358248631077188,2025-04-13,0.013541561895965884,921,TPC Craig Ranch
28469,"Highsmith, Joe",921,TPC Craig Ranch,sg_ott,1.3780193031157617,2024-05-05,0.013330609938434965,921,TPC Craig Ranch
28469,"Highsmith, Joe",926,Silverado Resort (North Course),sg_ott,4.712306159589902,2025-09-14,0.005313614684788176,921,TPC Craig Ranch
28469,"Highsmith, Joe",241,Quail Hollow-PGA Championship,sg_ott,3.329407502951579,2025-05-18,0.0021312830362269063,921,TPC Craig Ranch
28469,"Highsmith, Joe",746,The Country Club of Jackson,sg_ott,2.976637658892463,2024-10-06,0.0017556072972714084,921,TPC Craig Ranch
28469,"Highsmith, Joe",770,TPC San Antonio - The Oaks Course,sg_ott,6.628727850271892,2026-04-05,0.0006261649489663867,921,TPC Craig Ranch
28469,"Highsmith, Joe",977,The Renaissance Club,sg_ott,1.7119741538578583,2025-07-13,-0.003204345781536977,921,TPC Craig Ranch
28469,"Highsmith, Joe",714,TPC Louisiana,sg_ott,1.6473158085371538,2025-04-27,-0.004392644168795888,921,TPC Craig Ranch
28469,"Highsmith, Joe",205,Spyglass Hill Golf Course,sg_ott,0.9540873975903711,2026-02-15,-0.0052741513384791374,921,TPC Craig Ranch
28469,"Highsmith, Joe",5,Pebble Beach Golf Links,sg_ott,2.862262192771113,2026-02-15,-0.007140655443648646,921,TPC Craig Ranch
28469,"Highsmith, Joe",21,Colonial Country Club,sg_ott,1.670540422822544,2025-05-25,-0.016900074411263524,921,TPC Craig Ranch
28469,"Highsmith, Joe",379,The Philadelphia Cricket Club (Wissahickon Course),sg_ott,3.3177749455416157,2025-05-11,-0.01793017746469402,921,TPC Craig Ranch
28469,"Highsmith, Joe",12,Harbour Town Golf Links,sg_ott,7.22159858951783,2026-04-19,-0.031024292260714636,921,TPC Craig Ranch
28469,"Highsmith, Joe",4,Torrey Pines Golf Course (South Course),sg_ott,3.7012620857486773,2026-02-01,-0.03292885272794129,921,TPC Craig Ranch
28469,"Highsmith, Joe",510,TPC Scottsdale (Stadium Course),sg_putt,5.388115213382864,2026-02-08,-0.006084157341500193,921,TPC Craig Ranch
28469,"Highsmith, Joe",921,TPC Craig Ranch,sg_putt,1.3780193031157617,2024-05-05,-0.02289702763778342,921,TPC Craig Ranch
28469,"Highsmith, Joe",665,Innisbrook Resort and Golf Club - Copperhead Course,sg_putt,6.528721514647037,2026-03-22,-0.026322805960989314,921,TPC Craig Ranch
28469,"Highsmith, Joe",742,Grand Reserve Golf Club,sg_total,2.679939879154656,2024-03-10,0.019433358121138652,921,TPC Craig Ranch
28469,"Highsmith, Joe",809,Country Club de Bogota-Pacos,sg_total,0.550735842216777,2023-02-12,0.01151123302027503,921,TPC Craig Ranch
28469,"Highsmith, Joe",62,The Ledges,sg_total,1.7170578754698997,2023-04-30,0.003098963640565999,921,TPC Craig Ranch
28469,"Highsmith, Joe",244,Puntacana Resort (Corales Golf Course),sg_total,1.3684068508277742,2024-04-21,-0.006646592382240004,921,TPC Craig Ranch
20954,"Hirata, Kensei",6,Waialae Country Club,sg_arg,6.889418405252057,2026-01-18,-0.006679869856616409,921,TPC Craig Ranch
20954,"Hirata, Kensei",714,TPC Louisiana,sg_ott,1.976143425723861,2026-04-26,0.012016625024964612,921,TPC Craig Ranch
20954,"Hirata, Kensei",928,PGA National  - Champion Course,sg_ott,1.9215788783046464,2026-03-01,0.0055366353420236445,921,TPC Craig Ranch
20954,"Hirata, Kensei",770,TPC San Antonio - The Oaks Course,sg_ott,1.9555024743866727,2026-04-05,-0.0014709683031868803,921,TPC Craig Ranch
20954,"Hirata, Kensei",897,Memorial Park Golf Course,sg_ott,1.9486701792174987,2026-03-29,-0.02283879365915375,921,TPC Craig Ranch
20954,"Hirata, Kensei",4,Torrey Pines Golf Course (South Course),sg_ott,2.8422963195053947,2026-02-01,-0.025824932133005133,921,TPC Craig Ranch
20954,"Hirata, Kensei",665,Innisbrook Resort and Golf Club - Copperhead Course,sg_putt,3.883723510564777,2026-03-22,0.05908460116807726,921,TPC Craig Ranch
20954,"Hirata, Kensei",510,TPC Scottsdale (Stadium Course),sg_putt,3.8030157146893075,2026-02-08,-0.02553834636446298,921,TPC Craig Ranch
20954,"Hirata, Kensei",108,Prince of Wales Country Club,sg_total,3.214893917778624,2025-03-09,0.01783911678436191,921,TPC Craig Ranch
20954,"Hirata, Kensei",98,PGA Riviera Maya,sg_total,3.306183030916225,2025-05-04,0.011881603162146257,921,TPC Craig Ranch
20954,"Hirata, Kensei",809,Country Club de Bogota-Pacos,sg_total,0.7925497493467781,2025-02-09,-0.014046851763851554,921,TPC Craig Ranch
22760,"Hisatsune, Ryo",709,Royal Troon,sg_app,1.432107564454417,2024-07-21,-0.018358964909397677,921,TPC Craig Ranch
22760,"Hisatsune, Ryo",5,Pebble Beach Golf Links,sg_app,2.862262192771113,2026-02-15,-0.020545649897422066,921,TPC Craig Ranch
22760,"Hisatsune, Ryo",875,ACCORDIA GOLF Narashino Country Club,sg_app,3.0080570172775305,2024-10-27,-0.033026077055468096,921,TPC Craig Ranch
22760,"Hisatsune, Ryo",921,TPC Craig Ranch,sg_app,4.4091301216896355,2025-05-04,-0.06159867266398818,921,TPC Craig Ranch
22760,"Hisatsune, Ryo",6,Waialae Country Club,sg_arg,5.0077719257000375,2026-01-18,0.02227153538530934,921,TPC Craig Ranch
22760,"Hisatsune, Ryo",921,TPC Craig Ranch,sg_arg,4.4091301216896355,2025-05-04,0.020888459424044045,921,TPC Craig Ranch
22760,"Hisatsune, Ryo",21,Colonial Country Club,sg_arg,4.73364558132863,2025-05-25,0.01001033298286286,921,TPC Craig Ranch
22760,"Hisatsune, Ryo",671,Valhalla Golf Club,sg_arg,2.7753985572506426,2024-05-19,-0.0037144373597452138,921,TPC Craig Ranch
22760,"Hisatsune, Ryo",930,Black Desert Resort,sg_arg,4.791328090856462,2025-10-26,-0.006852714723297535,921,TPC Craig Ranch
22760,"Hisatsune, Ryo",874,Hamilton Golf & Country Club,sg_arg,2.7948945033543784,2024-06-02,-0.008367358224353224,921,TPC Craig Ranch
22760,"Hisatsune, Ryo",5,Pebble Beach Golf Links,sg_ott,2.862262192771113,2026-02-15,0.011622131054990308,921,TPC Craig Ranch
22760,"Hisatsune, Ryo",205,Spyglass Hill Golf Course,sg_ott,0.9540873975903711,2026-02-15,0.007984971735008202,921,TPC Craig Ranch
22760,"Hisatsune, Ryo",926,Silverado Resort (North Course),sg_ott,3.5335193635310036,2025-09-14,0.007377715467470955,921,TPC Craig Ranch
22760,"Hisatsune, Ryo",928,PGA National  - Champion Course,sg_ott,2.937118971207176,2025-03-02,0.00565614070575193,921,TPC Craig Ranch
22760,"Hisatsune, Ryo",14,Augusta National Golf Club,sg_ott,1.363625798571981,2024-04-14,0.005507320038433109,921,TPC Craig Ranch
22760,"Hisatsune, Ryo",714,TPC Louisiana,sg_ott,3.2946316170743075,2025-04-27,0.0024321138673669617,921,TPC Craig Ranch
22760,"Hisatsune, Ryo",671,Valhalla Golf Club,sg_ott,2.7753985572506426,2024-05-19,0.0018025870960098854,921,TPC Craig Ranch
22760,"Hisatsune, Ryo",872,Quail Hollow Club,sg_ott,3.9800499167707293,2026-05-10,0.0012818761479896493,921,TPC Craig Ranch
22760,"Hisatsune, Ryo",4,Torrey Pines Golf Course (South Course),sg_ott,5.5961262987522735,2026-02-01,0.0005448518996090067,921,TPC Craig Ranch
22760,"Hisatsune, Ryo",770,TPC San Antonio - The Oaks Course,sg_ott,9.888946817941925,2026-04-05,-0.0008836689948198336,921,TPC Craig Ranch
22760,"Hisatsune, Ryo",12,Harbour Town Golf Links,sg_ott,7.22159858951783,2026-04-19,-0.006346650999697627,921,TPC Craig Ranch
22760,"Hisatsune, Ryo",921,TPC Craig Ranch,sg_ott,4.4091301216896355,2025-05-04,-0.008263390247219511,921,TPC Craig Ranch
22760,"Hisatsune, Ryo",746,The Country Club of Jackson,sg_ott,5.059135615090971,2025-10-05,-0.009049564067253808,921,TPC Craig Ranch
22760,"Hisatsune, Ryo",897,Memorial Park Golf Course,sg_ott,3.248828146847756,2025-03-30,-0.009084854024964674,921,TPC Craig Ranch
22760,"Hisatsune, Ryo",21,Colonial Country Club,sg_ott,4.73364558132863,2025-05-25,-0.012242611138158657,921,TPC Craig Ranch
22760,"Hisatsune, Ryo",241,Quail Hollow-PGA Championship,sg_ott,3.329407502951579,2025-05-18,-0.014910981476301832,921,TPC Craig Ranch
22760,"Hisatsune, Ryo",977,The Renaissance Club,sg_ott,3.1390781032708635,2025-07-13,-0.02151718744610947,921,TPC Craig Ranch
22760,"Hisatsune, Ryo",876,Detroit Golf Club,sg_ott,6.234362569648931,2025-06-29,-0.026137505121918966,921,TPC Craig Ranch
22760,"Hisatsune, Ryo",8,Trump National Doral - Blue Monster Course,sg_ott,3.966144091451867,2026-05-03,-0.05152654437034189,921,TPC Craig Ranch
22760,"Hisatsune, Ryo",665,Innisbrook Resort and Golf Club - Copperhead Course,sg_putt,9.81996590508317,2026-03-22,0.03263965141229394,921,TPC Craig Ranch
22760,"Hisatsune, Ryo",921,TPC Craig Ranch,sg_putt,4.4091301216896355,2025-05-04,0.024105209238936928,921,TPC Craig Ranch
22760,"Hisatsune, Ryo",510,TPC Scottsdale (Stadium Course),sg_putt,6.709456280186123,2026-02-08,0.020035040471395888,921,TPC Craig Ranch
22760,"Hisatsune, Ryo",709,Royal Troon,sg_putt,1.432107564454417,2024-07-21,-0.004273437636149804,921,TPC Craig Ranch
22760,"Hisatsune, Ryo",4175,royal queensland gc,sg_total,2.119741953270274,2022-11-27,0.008836584532490864,921,TPC Craig Ranch
22760,"Hisatsune, Ryo",742,Grand Reserve Golf Club,sg_total,2.679939879154656,2024-03-10,-0.0002594399070448422,921,TPC Craig Ranch
22760,"Hisatsune, Ryo",4362,lakes gc,sg_total,0.6379470454143887,2023-12-03,-0.0011868544704315854,921,TPC Craig Ranch
22760,"Hisatsune, Ryo",4204,bernardus golf,sg_total,2.3216876605629695,2023-05-28,-0.001963207718153761,921,TPC Craig Ranch
22760,"Hisatsune, Ryo",4108,infinitum golf lakes course,sg_total,0.9508938714660958,2022-04-24,-0.004679393491527748,921,TPC Craig Ranch
22760,"Hisatsune, Ryo",4358,royal queensland gc,sg_total,2.542872534505657,2023-11-26,-0.005079618866583388,921,TPC Craig Ranch
22760,"Hisatsune, Ryo",4180,victoria gc,sg_total,1.595380536515077,2022-12-04,-0.008461515513260997,921,TPC Craig Ranch
22760,"Hisatsune, Ryo",4722,royal melbourne gc,sg_total,3.685087834785395,2025-12-07,-0.014501356540493771,921,TPC Craig Ranch
22760,"Hisatsune, Ryo",4493,pga national oaks prague,sg_total,1.4522980741473819,2024-08-18,-0.015390246785947661,921,TPC Craig Ranch
22760,"Hisatsune, Ryo",4201,pgm ishioka gc,sg_total,1.1407057850841078,2023-04-23,-0.016987799356455537,921,TPC Craig Ranch
22760,"Hisatsune, Ryo",4183,mont choisy le golf,sg_total,2.1421165046083237,2022-12-18,-0.06709955103023726,921,TPC Craig Ranch
25157,"Hodges, Lee",772,St. George's G&CC,sg_app,1.948957006692821,2022-06-12,0.03573090265448344,921,TPC Craig Ranch
25157,"Hodges, Lee",875,ACCORDIA GOLF Narashino Country Club,sg_app,3.0080570172775305,2024-10-27,0.016041348468651313,921,TPC Craig Ranch
25157,"Hodges, Lee",5,Pebble Beach Golf Links,sg_app,4.143556594131796,2025-02-02,0.006500257728234138,921,TPC Craig Ranch
25157,"Hodges, Lee",656,Plantation Course at Kapalua,sg_app,2.5968375067405898,2024-01-07,-0.0017480240355799365,921,TPC Craig Ranch
25157,"Hodges, Lee",921,TPC Craig Ranch,sg_app,2.614022374544957,2025-05-04,-0.003936576165118631,921,TPC Craig Ranch
25157,"Hodges, Lee",514,Oak Hill Country Club,sg_app,2.3135759575120334,2023-05-21,-0.003984334345043622,921,TPC Craig Ranch
25157,"Hodges, Lee",21,Colonial Country Club,sg_arg,10.383259923447106,2025-05-25,0.005178877829219748,921,TPC Craig Ranch
25157,"Hodges, Lee",6,Waialae Country Club,sg_arg,7.794841606008029,2026-01-18,-0.0016856095363906678,921,TPC Craig Ranch
25157,"Hodges, Lee",671,Valhalla Golf Club,sg_arg,2.7753985572506426,2024-05-19,-0.0023980956324219775,921,TPC Craig Ranch
25157,"Hodges, Lee",896,Olympia Fields Country Club (North Course),sg_arg,2.421275242584897,2023-08-20,-0.0031470804509997905,921,TPC Craig Ranch
25157,"Hodges, Lee",930,Black Desert Resort,sg_arg,4.791328090856462,2025-10-26,-0.005143770978784271,921,TPC Craig Ranch
25157,"Hodges, Lee",921,TPC Craig Ranch,sg_arg,2.614022374544957,2025-05-04,-0.011767111394607266,921,TPC Craig Ranch
25157,"Hodges, Lee",514,Oak Hill Country Club,sg_ott,2.3135759575120334,2023-05-21,0.023376400454478547,921,TPC Craig Ranch
25157,"Hodges, Lee",897,Memorial Park Golf Course,sg_ott,9.953340078028834,2026-03-29,0.016516754591612188,921,TPC Craig Ranch
25157,"Hodges, Lee",746,The Country Club of Jackson,sg_ott,12.808225435745438,2025-10-05,0.011704336310972436,921,TPC Craig Ranch
25157,"Hodges, Lee",14,Augusta National Golf Club,sg_ott,1.363625798571981,2024-04-14,0.008719256671615343,921,TPC Craig Ranch
25157,"Hodges, Lee",876,Detroit Golf Club,sg_ott,7.995847048665444,2025-06-29,0.005566498555974715,921,TPC Craig Ranch
25157,"Hodges, Lee",205,Spyglass Hill Golf Course,sg_ott,0.7897806739328027,2025-02-02,0.004067463302447337,921,TPC Craig Ranch
25157,"Hodges, Lee",928,PGA National  - Champion Course,sg_ott,5.178445999147151,2026-03-01,0.002812507232978816,921,TPC Craig Ranch
25157,"Hodges, Lee",12,Harbour Town Golf Links,sg_ott,5.01025428868571,2024-04-21,0.0018274347088434503,921,TPC Craig Ranch
25157,"Hodges, Lee",770,TPC San Antonio - The Oaks Course,sg_ott,8.143017202306257,2026-04-05,0.0003154260710526541,921,TPC Craig Ranch
25157,"Hodges, Lee",926,Silverado Resort (North Course),sg_ott,1.4727732389122001,2024-09-15,-0.00018077422701876119,921,TPC Craig Ranch
25157,"Hodges, Lee",671,Valhalla Golf Club,sg_ott,2.7753985572506426,2024-05-19,-0.0010957595651221708,921,TPC Craig Ranch
25157,"Hodges, Lee",714,TPC Louisiana,sg_ott,6.740308445068983,2026-04-26,-0.003009064245208946,921,TPC Craig Ranch
25157,"Hodges, Lee",872,Quail Hollow Club,sg_ott,3.9144203799972903,2024-05-12,-0.004866591989899049,921,TPC Craig Ranch
25157,"Hodges, Lee",21,Colonial Country Club,sg_ott,10.383259923447106,2025-05-25,-0.005527161865857206,921,TPC Craig Ranch
25157,"Hodges, Lee",241,Quail Hollow-PGA Championship,sg_ott,1.6647037514757894,2025-05-18,-0.009026505619684258,921,TPC Craig Ranch
25157,"Hodges, Lee",977,The Renaissance Club,sg_ott,6.94545358297041,2025-07-13,-0.01006649703935071,921,TPC Craig Ranch
25157,"Hodges, Lee",772,St. George's G&CC,sg_ott,1.948957006692821,2022-06-12,-0.014069975333851443,921,TPC Craig Ranch
25157,"Hodges, Lee",4,Torrey Pines Golf Course (South Course),sg_ott,4.965334313357202,2026-02-01,-0.01737437124150306,921,TPC Craig Ranch
25157,"Hodges, Lee",921,TPC Craig Ranch,sg_ott,2.614022374544957,2025-05-04,-0.02638064427496565,921,TPC Craig Ranch
25157,"Hodges, Lee",5,Pebble Beach Golf Links,sg_ott,4.143556594131796,2025-02-02,-0.03147768068120073,921,TPC Craig Ranch
25157,"Hodges, Lee",921,TPC Craig Ranch,sg_putt,2.614022374544957,2025-05-04,0.006656092985139288,921,TPC Craig Ranch
25157,"Hodges, Lee",665,Innisbrook Resort and Golf Club - Copperhead Course,sg_putt,9.758720949446603,2026-03-22,-0.0006346982649315061,921,TPC Craig Ranch
25157,"Hodges, Lee",510,TPC Scottsdale (Stadium Course),sg_putt,5.593011748623924,2025-02-09,-0.008515803573840332,921,TPC Craig Ranch
25157,"Hodges, Lee",724,Royal Liverpool,sg_putt,1.193806785348716,2023-07-23,-0.011141555680100857,921,TPC Craig Ranch
25157,"Hodges, Lee",656,Plantation Course at Kapalua,sg_putt,2.5968375067405898,2024-01-07,-0.025971618200562742,921,TPC Craig Ranch
25157,"Hodges, Lee",65,TPC San Antonio-AT&T Oaks,sg_total,1.37753319687576,2020-07-18,0.007916262879287499,921,TPC Craig Ranch
25157,"Hodges, Lee",742,Grand Reserve Golf Club,sg_total,1.5415591836000346,2021-02-28,0.00475542982941846,921,TPC Craig Ranch
25157,"Hodges, Lee",809,Country Club de Bogota-Pacos,sg_total,0.3179058529315635,2020-02-09,0.002501500437306914,921,TPC Craig Ranch
25157,"Hodges, Lee",67,The King & Bear Course at WGV,sg_total,0.6791910512898782,2020-06-20,-0.002656061768152708,921,TPC Craig Ranch
25157,"Hodges, Lee",62,The Ledges,sg_total,1.5908911980373366,2021-05-02,-0.0029084158014304994,921,TPC Craig Ranch
25157,"Hodges, Lee",630,Fox Den CC,sg_total,0.5566309536372973,2019-05-19,-0.00375743962156596,921,TPC Craig Ranch
25157,"Hodges, Lee",655,The Glen Club,sg_total,0.5585825753206938,2019-05-26,-0.005046487003391251,921,TPC Craig Ranch
25157,"Hodges, Lee",244,Puntacana Resort (Corales Golf Course),sg_total,1.5632927924512756,2021-03-28,-0.006297765590273216,921,TPC Craig Ranch
25157,"Hodges, Lee",811,Paiute Golf Resort - Sun Mt GC,sg_total,1.579793845698413,2021-04-18,-0.009255923763846345,921,TPC Craig Ranch
23504,"Hoey, Richard",806,Furman University Golf Club,sg_total,0.23200415453447004,2018-05-20,-0.00015450301878314768,921,TPC Craig Ranch
23504,"Hoey, Richard",804,The Country Club of Virginia,sg_total,0.45755745409044485,2018-04-22,-0.0005694103581888925,921,TPC Craig Ranch
23504,"Hoey, Rico",934,Hurstbourne Country Club,sg_app,3.4239483077157167,2025-07-13,0.0363944340743227,921,TPC Craig Ranch
23504,"Hoey, Rico",875,ACCORDIA GOLF Narashino Country Club,sg_app,3.0080570172775305,2024-10-27,0.003988482346258933,921,TPC Craig Ranch
23504,"Hoey, Rico",5,Pebble Beach Golf Links,sg_app,2.862262192771113,2026-02-15,-0.01142515359828459,921,TPC Craig Ranch
23504,"Hoey, Rico",921,TPC Craig Ranch,sg_app,4.684202334031987,2025-05-04,-0.08552994107263856,921,TPC Craig Ranch
23504,"Hoey, Rico",921,TPC Craig Ranch,sg_arg,4.684202334031987,2025-05-04,0.005596624356964593,921,TPC Craig Ranch
23504,"Hoey, Rico",874,Hamilton Golf & Country Club,sg_arg,1.3974472516771892,2024-06-02,0.004307859163973946,921,TPC Craig Ranch
23504,"Hoey, Rico",930,Black Desert Resort,sg_arg,6.5955820378194945,2025-10-26,0.003736534977954927,921,TPC Craig Ranch
23504,"Hoey, Rico",21,Colonial Country Club,sg_arg,3.341080845645088,2025-05-25,-0.004298057761374775,921,TPC Craig Ranch
23504,"Hoey, Rico",6,Waialae Country Club,sg_arg,6.889418405252057,2026-01-18,-0.007888299757661248,921,TPC Craig Ranch
23504,"Hoey, Rico",928,PGA National  - Champion Course,sg_ott,7.795816820718999,2026-03-01,0.01356678302451506,921,TPC Craig Ranch
23504,"Hoey, Rico",897,Memorial Park Golf Course,sg_ott,8.500282254279082,2026-03-29,0.012734557952042678,921,TPC Craig Ranch
23504,"Hoey, Rico",921,TPC Craig Ranch,sg_ott,4.684202334031987,2025-05-04,0.01034758349945024,921,TPC Craig Ranch
23504,"Hoey, Rico",528,Pinehurst Resort & Country Club (Course No. 2),sg_ott,1.4072636999239956,2024-06-16,0.009718827451826026,921,TPC Craig Ranch
23504,"Hoey, Rico",5,Pebble Beach Golf Links,sg_ott,2.862262192771113,2026-02-15,0.0062368840655042035,921,TPC Craig Ranch
23504,"Hoey, Rico",926,Silverado Resort (North Course),sg_ott,6.479065841355403,2025-09-14,0.004993560579624155,921,TPC Craig Ranch
23504,"Hoey, Rico",21,Colonial Country Club,sg_ott,3.341080845645088,2025-05-25,0.003588213554475117,921,TPC Craig Ranch
23504,"Hoey, Rico",241,Quail Hollow-PGA Championship,sg_ott,1.6647037514757894,2025-05-18,0.0020530822041242977,921,TPC Craig Ranch
23504,"Hoey, Rico",205,Spyglass Hill Golf Course,sg_ott,0.9540873975903711,2026-02-15,-0.00567419423587935,921,TPC Craig Ranch
23504,"Hoey, Rico",714,TPC Louisiana,sg_ott,5.599602659984876,2026-04-26,-0.008491048032941458,921,TPC Craig Ranch
23504,"Hoey, Rico",876,Detroit Golf Club,sg_ott,4.534330389198134,2025-06-29,-0.015082021240073388,921,TPC Craig Ranch
23504,"Hoey, Rico",4,Torrey Pines Golf Course (South Course),sg_ott,3.628924180571948,2026-02-01,-0.028881543615284756,921,TPC Craig Ranch
23504,"Hoey, Rico",770,TPC San Antonio - The Oaks Course,sg_ott,8.258837334106909,2026-04-05,-0.03465424500892531,921,TPC Craig Ranch
23504,"Hoey, Rico",746,The Country Club of Jackson,sg_ott,4.762046051714833,2025-10-05,-0.037066132815733316,921,TPC Craig Ranch
23504,"Hoey, Rico",921,TPC Craig Ranch,sg_putt,4.684202334031987,2025-05-04,0.0151670561341991,921,TPC Craig Ranch
23504,"Hoey, Rico",665,Innisbrook Resort and Golf Club - Copperhead Course,sg_putt,8.201227342977717,2026-03-22,0.007872913315600177,921,TPC Craig Ranch
23504,"Hoey, Rico",510,TPC Scottsdale (Stadium Course),sg_putt,5.388115213382864,2026-02-08,-0.022952265703763713,921,TPC Craig Ranch
23504,"Hoey, Rico",244,Puntacana Resort (Corales Golf Course),sg_total,6.019934264166448,2025-04-20,0.015063407629158261,921,TPC Craig Ranch
23504,"Hoey, Rico",809,Country Club de Bogota-Pacos,sg_total,0.550735842216777,2023-02-12,0.006676421117296555,921,TPC Craig Ranch
23504,"Hoey, Rico",742,Grand Reserve Golf Club,sg_total,2.679939879154656,2024-03-10,0.002987186971361873,921,TPC Craig Ranch
23504,"Hoey, Rico",630,Fox Den CC,sg_total,1.1132619072745946,2019-05-19,0.0003742547647985171,921,TPC Craig Ranch
23504,"Hoey, Rico",56,Atlantic Beach Country Club,sg_total,0.4934405865066717,2018-09-20,-0.002631292517685786,921,TPC Craig Ranch
23504,"Hoey, Rico",655,The Glen Club,sg_total,0.5585825753206938,2019-05-26,-0.009401383437775846,921,TPC Craig Ranch
23504,"Hoey, Rico",62,The Ledges,sg_total,2.735596448350603,2023-04-30,-0.010359086113627899,921,TPC Craig Ranch
23504,"Hoey, Rico",811,Paiute Golf Resort - Sun Mt GC,sg_total,0.7898969228492065,2021-04-18,-0.010921525606632641,921,TPC Craig Ranch
23504,"Hoey, Rico",4362,lakes gc,sg_total,0.6379470454143887,2023-12-03,-0.012636854337092735,921,TPC Craig Ranch
5768,"Hoffman, Charley",921,TPC Craig Ranch,sg_app,3.766768672442711,2025-05-04,0.02293068322809053,921,TPC Craig Ranch
5768,"Hoffman, Charley",715,Baltusrol GC,sg_app,0.3339203393340814,2016-07-31,0.0045473900476455,921,TPC Craig Ranch
5768,"Hoffman, Charley",656,Plantation Course at Kapalua,sg_app,1.6087905605230652,2017-01-08,0.003633319390630252,921,TPC Craig Ranch
5768,"Hoffman, Charley",238,Glen Oaks Club,sg_app,0.8124461540765495,2017-08-27,0.0017252090080380313,921,TPC Craig Ranch
5768,"Hoffman, Charley",625,LaCantera GC (Resort),sg_app,0.47331361166645325,2009-05-17,0.0009976493984910216,921,TPC Craig Ranch
5768,"Hoffman, Charley",642,Newport Beach Country Club,sg_app,0.23122758906434907,2014-07-27,0.00023797661235357056,921,TPC Craig Ranch
5768,"Hoffman, Charley",27,Hillcrest Country Club,sg_app,0.1307189554193902,2007-08-26,-0.00045422635967914,921,TPC Craig Ranch
5768,"Hoffman, Charley",694,Hamilton G&CC,sg_app,0.16067801562244832,2012-07-29,-0.0005561316639944215,921,TPC Craig Ranch
5768,"Hoffman, Charley",649,Hualalai Golf Course,sg_app,0.8661647324103381,2015-01-25,-0.0007340809184873427,921,TPC Craig Ranch
5768,"Hoffman, Charley",534,Bellerive CC,sg_app,0.6418255550348855,2018-08-12,-0.0029249363269452187,921,TPC Craig Ranch
5768,"Hoffman, Charley",745,iberostar real club de golf novo sancti petri,sg_app,0.8522431655762425,2014-08-24,-0.003925009570893213,921,TPC Craig Ranch
5768,"Hoffman, Charley",688,East Lake Golf Club,sg_app,1.626069966256003,2017-09-24,-0.004576209926796723,921,TPC Craig Ranch
5768,"Hoffman, Charley",5,Pebble Beach Golf Links,sg_app,3.789554809914079,2023-02-05,-0.006490558556149628,921,TPC Craig Ranch
5768,"Hoffman, Charley",781,Plainfield CC,sg_app,0.7683063436544737,2015-08-30,-0.01409302094343045,921,TPC Craig Ranch
5768,"Hoffman, Charley",882,Caves Valley Golf Club,sg_app,1.688421993568662,2021-08-29,-0.02549934536595804,921,TPC Craig Ranch
5768,"Hoffman, Charley",772,St. George's G&CC,sg_app,2.1714842731786845,2022-06-12,-0.03367788877362032,921,TPC Craig Ranch
5768,"Hoffman, Charley",875,ACCORDIA GOLF Narashino Country Club,sg_app,3.0080570172775305,2024-10-27,-0.04462737477789103,921,TPC Craig Ranch
5768,"Hoffman, Charley",527,Saucon Valley CC,sg_arg,1.0101894935705078,2016-09-11,0.004473992863865235,921,TPC Craig Ranch
5768,"Hoffman, Charley",874,Hamilton Golf & Country Club,sg_arg,1.3974472516771892,2024-06-02,0.001922427272622823,921,TPC Craig Ranch
5768,"Hoffman, Charley",505,Cherry Hills CC,sg_arg,0.47226942579898806,2014-09-07,0.0019028533555965912,921,TPC Craig Ranch
5768,"Hoffman, Charley",873,Ridgewood CC,sg_arg,0.9746219381933394,2018-08-26,0.0012517668748519965,921,TPC Craig Ranch
5768,"Hoffman, Charley",689,El Bosque CC,sg_arg,0.8401995310818406,2016-08-28,0.0010709824018736542,921,TPC Craig Ranch
5768,"Hoffman, Charley",773,Aronimink GC,sg_arg,0.4843615435528681,2011-07-03,0.0005870774830967466,921,TPC Craig Ranch
5768,"Hoffman, Charley",238,Glen Oaks Club,sg_arg,0.8124461540765495,2017-08-27,0.0003356547698489088,921,TPC Craig Ranch
5768,"Hoffman, Charley",744,Torrey Pines (South),sg_arg,1.6303494219182981,2021-06-20,0.00028595918232820783,921,TPC Craig Ranch
5768,"Hoffman, Charley",723,The Classic Club,sg_arg,0.03517217471612634,2008-01-20,6.068779246874381e-05,921,TPC Craig Ranch
5768,"Hoffman, Charley",609,Annandale GC,sg_arg,0.13302667075388855,2007-09-30,-0.0005361419895112433,921,TPC Craig Ranch
5768,"Hoffman, Charley",762,Liberty National GC,sg_arg,0.579712089765115,2013-08-25,-0.0006681593005182175,921,TPC Craig Ranch
5768,"Hoffman, Charley",671,Valhalla Golf Club,sg_arg,1.6205511391307281,2024-05-19,-0.0007715820532284977,921,TPC Craig Ranch
5768,"Hoffman, Charley",921,TPC Craig Ranch,sg_arg,3.766768672442711,2025-05-04,-0.0010932584750978631,921,TPC Craig Ranch
5768,"Hoffman, Charley",6,Waialae Country Club,sg_arg,7.868564157717324,2025-01-12,-0.001313352716743292,921,TPC Craig Ranch
5768,"Hoffman, Charley",789,Conway Farms GC,sg_arg,1.7866073249315533,2017-09-17,-0.001815490398249228,921,TPC Craig Ranch
5768,"Hoffman, Charley",886,Liberty National Golf Club,sg_arg,2.8435375426214686,2021-08-22,-0.0021012902861725627,921,TPC Craig Ranch
5768,"Hoffman, Charley",625,LaCantera GC (Resort),sg_arg,0.47331361166645325,2009-05-17,-0.0021715757295790996,921,TPC Craig Ranch
5768,"Hoffman, Charley",21,Colonial Country Club,sg_arg,14.116759151939268,2025-05-25,-0.013588474050535386,921,TPC Craig Ranch
5768,"Hoffman, Charley",770,TPC San Antonio - The Oaks Course,sg_ott,16.57265744278887,2026-04-05,0.03593404653145955,921,TPC Craig Ranch
5768,"Hoffman, Charley",977,The Renaissance Club,sg_ott,6.020277960993847,2024-07-14,0.02377161790383443,921,TPC Craig Ranch
5768,"Hoffman, Charley",5,Pebble Beach Golf Links,sg_ott,3.789554809914079,2023-02-05,0.012303302112880088,921,TPC Craig Ranch
5768,"Hoffman, Charley",876,Detroit Golf Club,sg_ott,6.345563885217135,2024-06-30,0.0105558074670781,921,TPC Craig Ranch
5768,"Hoffman, Charley",21,Colonial Country Club,sg_ott,14.116759151939268,2025-05-25,0.009328537358990656,921,TPC Craig Ranch
5768,"Hoffman, Charley",928,PGA National  - Champion Course,sg_ott,5.125240335643283,2026-03-01,0.008083390839954635,921,TPC Craig Ranch
5768,"Hoffman, Charley",772,St. George's G&CC,sg_ott,2.1714842731786845,2022-06-12,0.00752732186516309,921,TPC Craig Ranch
5768,"Hoffman, Charley",897,Memorial Park Golf Course,sg_ott,7.707580650604546,2026-03-29,0.005292509315609656,921,TPC Craig Ranch
5768,"Hoffman, Charley",762,Liberty National GC,sg_ott,0.579712089765115,2013-08-25,0.005193617487700147,921,TPC Craig Ranch
5768,"Hoffman, Charley",527,Saucon Valley CC,sg_ott,1.0101894935705078,2016-09-11,0.004226343583976971,921,TPC Craig Ranch
5768,"Hoffman, Charley",893,Muirfield Village Golf Club,sg_ott,1.373406789990266,2020-07-12,0.0032159971795315116,921,TPC Craig Ranch
5768,"Hoffman, Charley",697,Ocean Course at Kiawah Island,sg_ott,1.6076835612440104,2021-05-23,0.0024431762927168976,921,TPC Craig Ranch
5768,"Hoffman, Charley",238,Glen Oaks Club,sg_ott,0.8124461540765495,2017-08-27,0.0023823525761539994,921,TPC Craig Ranch
5768,"Hoffman, Charley",32,Glen Abbey GC,sg_ott,2.8571267473758004,2018-07-29,0.0022300042603732684,921,TPC Craig Ranch
5768,"Hoffman, Charley",744,Torrey Pines (South),sg_ott,1.6303494219182981,2021-06-20,0.0016672321929956828,921,TPC Craig Ranch
5768,"Hoffman, Charley",671,Valhalla Golf Club,sg_ott,1.6205511391307281,2024-05-19,0.0013589225332697298,921,TPC Craig Ranch
5768,"Hoffman, Charley",746,The Country Club of Jackson,sg_ott,9.04088652870503,2024-10-06,0.0012111606375558824,921,TPC Craig Ranch
5768,"Hoffman, Charley",642,Newport Beach Country Club,sg_ott,0.23122758906434907,2014-07-27,0.0007182041930888694,921,TPC Craig Ranch
5768,"Hoffman, Charley",4,Torrey Pines Golf Course (South Course),sg_ott,9.89892868217418,2026-02-01,0.0006332911844624903,921,TPC Craig Ranch
5768,"Hoffman, Charley",505,Cherry Hills CC,sg_ott,0.47226942579898806,2014-09-07,0.0005415875087885333,921,TPC Craig Ranch
5768,"Hoffman, Charley",8,Trump National Doral - Blue Monster Course,sg_ott,1.682145178291044,2016-03-06,0.0005172654849906409,921,TPC Craig Ranch
5768,"Hoffman, Charley",689,El Bosque CC,sg_ott,0.8401995310818406,2016-08-28,0.0004049884300236864,921,TPC Craig Ranch
5768,"Hoffman, Charley",715,Baltusrol GC,sg_ott,0.3339203393340814,2016-07-31,0.00035355390288164824,921,TPC Craig Ranch
5768,"Hoffman, Charley",723,The Classic Club,sg_ott,0.03517217471612634,2008-01-20,0.0002754535356235053,921,TPC Craig Ranch
5768,"Hoffman, Charley",873,Ridgewood CC,sg_ott,0.9746219381933394,2018-08-26,0.00010402079983801137,921,TPC Craig Ranch
5768,"Hoffman, Charley",706,Whistling Straits,sg_ott,0.2803117732316307,2015-08-16,6.224139985655855e-05,921,TPC Craig Ranch
5768,"Hoffman, Charley",713,Grayhawk GC (Raptor),sg_ott,0.32611302576802603,2009-10-25,-4.5287103379568085e-05,921,TPC Craig Ranch
5768,"Hoffman, Charley",241,Quail Hollow-PGA Championship,sg_ott,0.806778889565115,2017-08-13,-0.0006458859792475221,921,TPC Craig Ranch
5768,"Hoffman, Charley",534,Bellerive CC,sg_ott,0.6418255550348855,2018-08-12,-0.0007753556269661377,921,TPC Craig Ranch
5768,"Hoffman, Charley",781,Plainfield CC,sg_ott,0.7683063436544737,2015-08-30,-0.0012726251328695484,921,TPC Craig Ranch
5768,"Hoffman, Charley",698,Quail Hollow Club,sg_ott,0.4777430750044267,2011-05-08,-0.0021353902594172646,921,TPC Craig Ranch
5768,"Hoffman, Charley",12,Harbour Town Golf Links,sg_ott,8.04756813675926,2022-04-17,-0.002292901870545225,921,TPC Craig Ranch
5768,"Hoffman, Charley",714,TPC Louisiana,sg_ott,5.904870804429231,2026-04-26,-0.0037507396748742584,921,TPC Craig Ranch
5768,"Hoffman, Charley",921,TPC Craig Ranch,sg_ott,3.766768672442711,2025-05-04,-0.02251122843148815,921,TPC Craig Ranch
5768,"Hoffman, Charley",926,Silverado Resort (North Course),sg_ott,4.173252223910034,2024-09-15,-0.05030544881006279,921,TPC Craig Ranch
5768,"Hoffman, Charley",510,TPC Scottsdale (Stadium Course),sg_putt,17.53301228888578,2026-02-08,0.05350502297280663,921,TPC Craig Ranch
5768,"Hoffman, Charley",893,Muirfield Village Golf Club,sg_putt,1.373406789990266,2020-07-12,0.018231337294455533,921,TPC Craig Ranch
5768,"Hoffman, Charley",745,iberostar real club de golf novo sancti petri,sg_putt,0.8522431655762425,2014-08-24,0.003308750414643886,921,TPC Craig Ranch
5768,"Hoffman, Charley",873,Ridgewood CC,sg_putt,0.9746219381933394,2018-08-26,0.002485560208657281,921,TPC Craig Ranch
5768,"Hoffman, Charley",649,Hualalai Golf Course,sg_putt,0.8661647324103381,2015-01-25,0.0020009670902322633,921,TPC Craig Ranch
5768,"Hoffman, Charley",713,Grayhawk GC (Raptor),sg_putt,0.32611302576802603,2009-10-25,-0.0016892715550999326,921,TPC Craig Ranch
5768,"Hoffman, Charley",526,Cog Hill G&CC,sg_putt,0.824310608054617,2011-09-18,-0.0022745604140670594,921,TPC Craig Ranch
5768,"Hoffman, Charley",762,Liberty National GC,sg_putt,0.579712089765115,2013-08-25,-0.004935033621820188,921,TPC Craig Ranch
5768,"Hoffman, Charley",656,Plantation Course at Kapalua,sg_putt,1.6087905605230652,2017-01-08,-0.004938742120347013,921,TPC Craig Ranch
5768,"Hoffman, Charley",715,Baltusrol GC,sg_putt,0.3339203393340814,2016-07-31,-0.007615786932798313,921,TPC Craig Ranch
5768,"Hoffman, Charley",665,Innisbrook Resort and Golf Club - Copperhead Course,sg_putt,11.434926541335996,2026-03-22,-0.024199683263876174,921,TPC Craig Ranch
5768,"Hoffman, Charley",921,TPC Craig Ranch,sg_putt,3.766768672442711,2025-05-04,-0.02709074715659288,921,TPC Craig Ranch
5768,"Hoffman, Charley",244,Puntacana Resort (Corales Golf Course),sg_total,10.135388236844786,2025-04-20,0.03081719259555078,921,TPC Craig Ranch
5768,"Hoffman, Charley",236,Erin Hills,sg_total,0.7845024067939457,2017-06-18,0.008833654230509911,921,TPC Craig Ranch
5768,"Hoffman, Charley",102,Bermuda Dunes CC,sg_total,0.0716605463819925,2009-01-25,0.0007197267556582552,921,TPC Craig Ranch
5768,"Hoffman, Charley",613,Cottonwood Valley GC,sg_total,0.030792011177519334,2007-04-29,-0.0002574179353934435,921,TPC Craig Ranch
5768,"Hoffman, Charley",681,TPC Canyons,sg_total,0.033490281055154364,2007-10-14,-0.0006802011331367604,921,TPC Craig Ranch
5768,"Hoffman, Charley",780,Atlanta Athletic Club,sg_total,0.13488228829752866,2011-08-14,-0.0007479838317392482,921,TPC Craig Ranch
5768,"Hoffman, Charley",742,Grand Reserve Golf Club,sg_total,0.1767007208883164,2010-03-14,-0.0017946288796956773,921,TPC Craig Ranch
5768,"Hoffman, Charley",818,Chambers Bay GC,sg_total,0.13628595368393343,2015-06-21,-0.002698843824934043,921,TPC Craig Ranch
5768,"Hoffman, Charley",4722,royal melbourne gc,sg_total,1.8425439173926974,2025-12-07,-0.022440660412265476,921,TPC Craig Ranch
15575,"Hoge, Tom",656,Plantation Course at Kapalua,sg_app,7.876767865487022,2025-01-05,0.057620802388674834,921,TPC Craig Ranch
15575,"Hoge, Tom",406,Castle Pines Golf Club,sg_app,2.914780046239138,2024-08-25,0.05613438057136621,921,TPC Craig Ranch
15575,"Hoge, Tom",709,Royal Troon,sg_app,2.864215128908834,2024-07-21,0.03894759003540787,921,TPC Craig Ranch
15575,"Hoge, Tom",5,Pebble Beach Golf Links,sg_app,11.634048376957205,2026-02-15,0.03891123226644021,921,TPC Craig Ranch
15575,"Hoge, Tom",514,Oak Hill Country Club,sg_app,2.3135759575120334,2023-05-21,0.012431390574944384,921,TPC Craig Ranch
15575,"Hoge, Tom",616,Robert Trent Jones GC,sg_app,0.5567128849219349,2015-08-02,0.009528230089901791,921,TPC Craig Ranch
15575,"Hoge, Tom",688,East Lake Golf Club,sg_app,2.0254549887439106,2022-08-28,0.004378739122932842,921,TPC Craig Ranch
15575,"Hoge, Tom",649,Hualalai Golf Course,sg_app,0.12662820573141143,2015-01-25,0.004050384570408336,921,TPC Craig Ranch
15575,"Hoge, Tom",875,ACCORDIA GOLF Narashino Country Club,sg_app,3.0080570172775305,2024-10-27,-0.001976192347442247,921,TPC Craig Ranch
15575,"Hoge, Tom",921,TPC Craig Ranch,sg_app,7.784426172382359,2024-05-05,-0.021045950379710264,921,TPC Craig Ranch
15575,"Hoge, Tom",379,The Philadelphia Cricket Club (Wissahickon Course),sg_app,3.3177749455416157,2025-05-11,-0.03519143613732858,921,TPC Craig Ranch
15575,"Hoge, Tom",882,Caves Valley Golf Club,sg_app,5.172816760551855,2025-08-17,-0.0725170475959018,921,TPC Craig Ranch
15575,"Hoge, Tom",921,TPC Craig Ranch,sg_arg,7.784426172382359,2024-05-05,0.014467829776477849,921,TPC Craig Ranch
15575,"Hoge, Tom",406,Castle Pines Golf Club,sg_arg,2.914780046239138,2024-08-25,0.012763058946301246,921,TPC Craig Ranch
15575,"Hoge, Tom",21,Colonial Country Club,sg_arg,11.924422310927659,2025-05-25,0.010769805340561706,921,TPC Craig Ranch
15575,"Hoge, Tom",933,East Lake Golf Club,sg_arg,2.924999650275528,2024-09-01,0.005010985550698953,921,TPC Craig Ranch
15575,"Hoge, Tom",660,Montreux Golf & Country Club,sg_arg,1.152915972229429,2019-07-28,0.0043761050424852375,921,TPC Craig Ranch
15575,"Hoge, Tom",874,Hamilton Golf & Country Club,sg_arg,0.5625063706092978,2019-06-09,0.002028133330098101,921,TPC Craig Ranch
15575,"Hoge, Tom",744,Torrey Pines (South),sg_arg,1.6303494219182981,2021-06-20,0.0011856945985275,921,TPC Craig Ranch
15575,"Hoge, Tom",671,Valhalla Golf Club,sg_arg,2.7753985572506426,2024-05-19,0.0008331244601032289,921,TPC Craig Ranch
15575,"Hoge, Tom",886,Liberty National Golf Club,sg_arg,1.6825228461212498,2021-08-22,0.0007941140494480262,921,TPC Craig Ranch
15575,"Hoge, Tom",873,Ridgewood CC,sg_arg,0.4873109690966697,2018-08-26,0.00042148866860984823,921,TPC Craig Ranch
15575,"Hoge, Tom",243,Trinity Forest Golf Club,sg_arg,1.1093723013800876,2019-05-12,-0.0010788689255754047,921,TPC Craig Ranch
15575,"Hoge, Tom",930,Black Desert Resort,sg_arg,3.608507893926066,2025-10-26,-0.002304933750857246,921,TPC Craig Ranch
15575,"Hoge, Tom",6,Waialae Country Club,sg_arg,15.35414255359073,2026-01-18,-0.0032360222997741325,921,TPC Craig Ranch
15575,"Hoge, Tom",896,Olympia Fields Country Club (North Course),sg_arg,3.828746079611142,2023-08-20,-0.004768837582141823,921,TPC Craig Ranch
15575,"Hoge, Tom",21,Colonial Country Club,sg_ott,11.924422310927659,2025-05-25,0.027565729391105874,921,TPC Craig Ranch
15575,"Hoge, Tom",921,TPC Craig Ranch,sg_ott,7.784426172382359,2024-05-05,0.024355582581319223,921,TPC Craig Ranch
15575,"Hoge, Tom",5,Pebble Beach Golf Links,sg_ott,11.634048376957205,2026-02-15,0.02101507976817679,921,TPC Craig Ranch
15575,"Hoge, Tom",933,East Lake Golf Club,sg_ott,2.924999650275528,2024-09-01,0.011756356276533668,921,TPC Craig Ranch
15575,"Hoge, Tom",205,Spyglass Hill Golf Course,sg_ott,1.7438680715231738,2026-02-15,0.009651732983359496,921,TPC Craig Ranch
15575,"Hoge, Tom",770,TPC San Antonio - The Oaks Course,sg_ott,9.447223656764127,2026-04-05,0.009233769259183438,921,TPC Craig Ranch
15575,"Hoge, Tom",928,PGA National  - Champion Course,sg_ott,5.874237942414352,2025-03-02,0.008373237539431713,921,TPC Craig Ranch
15575,"Hoge, Tom",12,Harbour Town Golf Links,sg_ott,15.76283874345733,2026-04-19,0.007931743681563977,921,TPC Craig Ranch
15575,"Hoge, Tom",14,Augusta National Golf Club,sg_ott,6.292920167001796,2025-04-13,0.006153144694187119,921,TPC Craig Ranch
15575,"Hoge, Tom",528,Pinehurst Resort & Country Club (Course No. 2),sg_ott,1.4072636999239956,2024-06-16,0.0052665966184232815,921,TPC Craig Ranch
15575,"Hoge, Tom",671,Valhalla Golf Club,sg_ott,2.7753985572506426,2024-05-19,0.0051409087716129,921,TPC Craig Ranch
15575,"Hoge, Tom",698,Quail Hollow Club,sg_ott,0.908215639166448,2016-05-08,0.004506616540922979,921,TPC Craig Ranch
15575,"Hoge, Tom",744,Torrey Pines (South),sg_ott,1.6303494219182981,2021-06-20,0.003049382781546362,921,TPC Craig Ranch
15575,"Hoge, Tom",654,The Country Club,sg_ott,0.9778951537585142,2022-06-19,0.0026354095946509474,921,TPC Craig Ranch
15575,"Hoge, Tom",895,TPC Harding Park,sg_ott,1.3927697092247904,2020-08-09,0.002415601362066996,921,TPC Craig Ranch
15575,"Hoge, Tom",714,TPC Louisiana,sg_ott,9.528330038690244,2026-04-26,0.001985036688117916,921,TPC Craig Ranch
15575,"Hoge, Tom",697,Ocean Course at Kiawah Island,sg_ott,1.6076835612440104,2021-05-23,0.00125253001682259,921,TPC Craig Ranch
15575,"Hoge, Tom",8,Trump National Doral - Blue Monster Course,sg_ott,3.966144091451867,2026-05-03,0.001166284736125591,921,TPC Craig Ranch
15575,"Hoge, Tom",235,Eagle Point Golf Club,sg_ott,0.38409981724150816,2017-05-07,0.0008500090919615947,921,TPC Craig Ranch
15575,"Hoge, Tom",873,Ridgewood CC,sg_ott,0.4873109690966697,2018-08-26,0.0006403520437800799,921,TPC Craig Ranch
15575,"Hoge, Tom",893,Muirfield Village Golf Club,sg_ott,0.686703394995133,2020-07-12,9.86587748268945e-05,921,TPC Craig Ranch
15575,"Hoge, Tom",819,Harbor Shores Resort,sg_ott,2.0143636499867767,2017-07-23,-0.0002964985518376819,921,TPC Craig Ranch
15575,"Hoge, Tom",243,Trinity Forest Golf Club,sg_ott,1.1093723013800876,2019-05-12,-0.0006489310656931845,921,TPC Craig Ranch
15575,"Hoge, Tom",32,Glen Abbey GC,sg_ott,2.1692087640401407,2018-07-29,-0.0006984200190488767,921,TPC Craig Ranch
15575,"Hoge, Tom",616,Robert Trent Jones GC,sg_ott,0.5567128849219349,2015-08-02,-0.001592887695065067,921,TPC Craig Ranch
15575,"Hoge, Tom",926,Silverado Resort (North Course),sg_ott,4.712306159589902,2025-09-14,-0.00329384527790646,921,TPC Craig Ranch
15575,"Hoge, Tom",897,Memorial Park Golf Course,sg_ott,9.089063912212067,2026-03-29,-0.004283697438565627,921,TPC Craig Ranch
15575,"Hoge, Tom",901,Wilmington Country Club,sg_ott,2.0183782877342047,2022-08-21,-0.004380022413797645,921,TPC Craig Ranch
15575,"Hoge, Tom",4,Torrey Pines Golf Course (South Course),sg_ott,7.793479530207597,2026-02-01,-0.006709114463403256,921,TPC Craig Ranch
15575,"Hoge, Tom",379,The Philadelphia Cricket Club (Wissahickon Course),sg_ott,3.3177749455416157,2025-05-11,-0.007801986073089611,921,TPC Craig Ranch
15575,"Hoge, Tom",241,Quail Hollow-PGA Championship,sg_ott,1.6647037514757894,2025-05-18,-0.01279985395151492,921,TPC Craig Ranch
15575,"Hoge, Tom",514,Oak Hill Country Club,sg_ott,2.3135759575120334,2023-05-21,-0.015543306896516097,921,TPC Craig Ranch
15575,"Hoge, Tom",872,Quail Hollow Club,sg_ott,9.3406397692351,2026-05-10,-0.02062163800813353,921,TPC Craig Ranch
15575,"Hoge, Tom",746,The Country Club of Jackson,sg_ott,10.087471350013942,2025-10-05,-0.02464999769631907,921,TPC Craig Ranch
15575,"Hoge, Tom",977,The Renaissance Club,sg_ott,6.506566782069688,2025-07-13,-0.02780073956240233,921,TPC Craig Ranch
15575,"Hoge, Tom",876,Detroit Golf Club,sg_ott,3.823430088598654,2023-07-02,-0.035813876143036306,921,TPC Craig Ranch
15575,"Hoge, Tom",656,Plantation Course at Kapalua,sg_putt,7.876767865487022,2025-01-05,0.02092255837537742,921,TPC Craig Ranch
15575,"Hoge, Tom",510,TPC Scottsdale (Stadium Course),sg_putt,12.593646635864165,2026-02-08,0.016597449294949895,921,TPC Craig Ranch
15575,"Hoge, Tom",666,Pebble Beach Golf Links,sg_putt,1.1289571845620932,2019-06-16,0.005787803196515394,921,TPC Craig Ranch
15575,"Hoge, Tom",660,Montreux Golf & Country Club,sg_putt,1.152915972229429,2019-07-28,0.00468700980557842,921,TPC Craig Ranch
15575,"Hoge, Tom",2000,Sherwood Country Club,sg_putt,1.447436934746801,2020-10-25,0.003668373947394195,921,TPC Craig Ranch
15575,"Hoge, Tom",873,Ridgewood CC,sg_putt,0.4873109690966697,2018-08-26,0.00033442303201323417,921,TPC Craig Ranch
15575,"Hoge, Tom",649,Hualalai Golf Course,sg_putt,0.12662820573141143,2015-01-25,-0.0011990144924132395,921,TPC Craig Ranch
15575,"Hoge, Tom",893,Muirfield Village Golf Club,sg_putt,0.686703394995133,2020-07-12,-0.0028152452140955833,921,TPC Craig Ranch
15575,"Hoge, Tom",665,Innisbrook Resort and Golf Club - Copperhead Course,sg_putt,2.0961012600985387,2021-05-02,-0.004617504958806911,921,TPC Craig Ranch
15575,"Hoge, Tom",724,Royal Liverpool,sg_putt,1.193806785348716,2023-07-23,-0.005903089448595371,921,TPC Craig Ranch
15575,"Hoge, Tom",668,St. Andrews Links (Old Course),sg_putt,0.9916819684299293,2022-07-17,-0.008403862948758655,921,TPC Craig Ranch
15575,"Hoge, Tom",406,Castle Pines Golf Club,sg_putt,2.914780046239138,2024-08-25,-0.010195990375219337,921,TPC Craig Ranch
15575,"Hoge, Tom",709,Royal Troon,sg_putt,2.864215128908834,2024-07-21,-0.034492749651611594,921,TPC Craig Ranch
15575,"Hoge, Tom",921,TPC Craig Ranch,sg_putt,7.784426172382359,2024-05-05,-0.05838940172427371,921,TPC Craig Ranch
15575,"Hoge, Tom",56,Atlantic Beach Country Club,sg_total,0.8267890964769182,2017-10-01,0.004546992965720668,921,TPC Craig Ranch
15575,"Hoge, Tom",818,Chambers Bay GC,sg_total,0.13628595368393343,2015-06-21,0.00024437478987898004,921,TPC Craig Ranch
15575,"Hoge, Tom",244,Puntacana Resort (Corales Golf Course),sg_total,0.5431591981397239,2019-03-31,-0.0021004883774113836,921,TPC Craig Ranch
15575,"Hoge, Tom",742,Grand Reserve Golf Club,sg_total,2.391872206863412,2019-02-24,-0.004610182920047615,921,TPC Craig Ranch
23838,"Hojgaard, Rasmus",709,Royal Troon,sg_app,2.864215128908834,2024-07-21,0.013531826815425339,921,TPC Craig Ranch
23838,"Hojgaard, Rasmus",514,Oak Hill Country Club,sg_app,1.1567879787560167,2023-05-21,0.013137750476155376,921,TPC Craig Ranch
23838,"Hojgaard, Rasmus",5,Pebble Beach Golf Links,sg_app,2.369342021798408,2025-02-02,0.008446954140720147,921,TPC Craig Ranch
23838,"Hojgaard, Rasmus",887,Kasumigaseki Country Club,sg_app,1.664948781537463,2021-08-01,0.004479624725360662,921,TPC Craig Ranch
23838,"Hojgaard, Rasmus",921,TPC Craig Ranch,sg_app,3.306183030916225,2025-05-04,-0.014145230786276492,921,TPC Craig Ranch
23838,"Hojgaard, Rasmus",379,The Philadelphia Cricket Club (Wissahickon Course),sg_app,3.3177749455416157,2025-05-11,-0.015114658932646371,921,TPC Craig Ranch
23838,"Hojgaard, Rasmus",772,St. George's G&CC,sg_app,0.9744785033464105,2022-06-12,-0.02596032430859384,921,TPC Craig Ranch
23838,"Hojgaard, Rasmus",921,TPC Craig Ranch,sg_arg,3.306183030916225,2025-05-04,0.0015674298233339138,921,TPC Craig Ranch
23838,"Hojgaard, Rasmus",671,Valhalla Golf Club,sg_arg,2.7753985572506426,2024-05-19,-0.0032583087859911616,921,TPC Craig Ranch
23838,"Hojgaard, Rasmus",241,Quail Hollow-PGA Championship,sg_ott,3.329407502951579,2025-05-18,0.024103489307182695,921,TPC Craig Ranch
23838,"Hojgaard, Rasmus",379,The Philadelphia Cricket Club (Wissahickon Course),sg_ott,3.3177749455416157,2025-05-11,0.022626860371439052,921,TPC Craig Ranch
23838,"Hojgaard, Rasmus",14,Augusta National Golf Club,sg_ott,7.196367175186662,2026-04-12,0.019862699761463105,921,TPC Craig Ranch
23838,"Hojgaard, Rasmus",746,The Country Club of Jackson,sg_ott,3.57081678564474,2025-10-05,0.018634419493457323,921,TPC Craig Ranch
23838,"Hojgaard, Rasmus",921,TPC Craig Ranch,sg_ott,3.306183030916225,2025-05-04,0.015022463868572264,921,TPC Craig Ranch
23838,"Hojgaard, Rasmus",4,Torrey Pines Golf Course (South Course),sg_ott,2.8422963195053947,2026-02-01,0.01184848552867696,921,TPC Craig Ranch
23838,"Hojgaard, Rasmus",205,Spyglass Hill Golf Course,sg_ott,0.7897806739328027,2025-02-02,0.011643763404040452,921,TPC Craig Ranch
23838,"Hojgaard, Rasmus",897,Memorial Park Golf Course,sg_ott,7.146168505282754,2026-03-29,0.006455647757848091,921,TPC Craig Ranch
23838,"Hojgaard, Rasmus",714,TPC Louisiana,sg_ott,3.2946316170743075,2025-04-27,0.005606202467022452,921,TPC Craig Ranch
23838,"Hojgaard, Rasmus",977,The Renaissance Club,sg_ott,7.732252114851706,2025-07-13,0.004797610869993979,921,TPC Craig Ranch
23838,"Hojgaard, Rasmus",876,Detroit Golf Club,sg_ott,1.7000321804507963,2025-06-29,0.0038633614498820947,921,TPC Craig Ranch
23838,"Hojgaard, Rasmus",887,Kasumigaseki Country Club,sg_ott,1.664948781537463,2021-08-01,0.003032201733900682,921,TPC Craig Ranch
23838,"Hojgaard, Rasmus",772,St. George's G&CC,sg_ott,0.9744785033464105,2022-06-12,-0.0011002548888156304,921,TPC Craig Ranch
23838,"Hojgaard, Rasmus",671,Valhalla Golf Club,sg_ott,2.7753985572506426,2024-05-19,-0.0020407441554942435,921,TPC Craig Ranch
23838,"Hojgaard, Rasmus",697,Ocean Course at Kiawah Island,sg_ott,1.6076835612440104,2021-05-23,-0.0022710392509783395,921,TPC Craig Ranch
23838,"Hojgaard, Rasmus",770,TPC San Antonio - The Oaks Course,sg_ott,1.8819234417157222,2022-04-03,-0.004400290211160345,921,TPC Craig Ranch
23838,"Hojgaard, Rasmus",5,Pebble Beach Golf Links,sg_ott,2.369342021798408,2025-02-02,-0.004621788461774897,921,TPC Craig Ranch
23838,"Hojgaard, Rasmus",928,PGA National  - Champion Course,sg_ott,5.178445999147151,2026-03-01,-0.014249674715136464,921,TPC Craig Ranch
23838,"Hojgaard, Rasmus",514,Oak Hill Country Club,sg_ott,1.1567879787560167,2023-05-21,-0.04437523568097766,921,TPC Craig Ranch
23838,"Hojgaard, Rasmus",510,TPC Scottsdale (Stadium Course),sg_putt,6.97321471207642,2026-02-08,0.026888324328614432,921,TPC Craig Ranch
23838,"Hojgaard, Rasmus",665,Innisbrook Resort and Golf Club - Copperhead Course,sg_putt,5.5024620726702285,2026-03-22,0.00473687374370189,921,TPC Craig Ranch
23838,"Hojgaard, Rasmus",921,TPC Craig Ranch,sg_putt,3.306183030916225,2025-05-04,0.0011278593264915978,921,TPC Craig Ranch
23838,"Hojgaard, Rasmus",709,Royal Troon,sg_putt,2.864215128908834,2024-07-21,5.777141119196773e-05,921,TPC Craig Ranch
23838,"Hojgaard, Rasmus",724,Royal Liverpool,sg_putt,1.193806785348716,2023-07-23,-0.011173353949940528,921,TPC Craig Ranch
23838,"Hojgaard, Rasmus",4582,furesø golf klub,sg_total,3.4843947669831934,2025-08-17,0.032824450263122106,921,TPC Craig Ranch
23838,"Hojgaard, Rasmus",4392,brabazon course at the belfry,sg_total,2.924999650275528,2024-09-01,0.012593472248846228,921,TPC Craig Ranch
23838,"Hojgaard, Rasmus",4204,bernardus golf,sg_total,2.3216876605629695,2023-05-28,0.00968884492968161,921,TPC Craig Ranch
23838,"Hojgaard, Rasmus",4056,frederikshavn golfklub,sg_total,1.4074708370262448,2020-08-30,0.0074529482168808215,921,TPC Craig Ranch
23838,"Hojgaard, Rasmus",3978,yas links,sg_total,1.817195468302782,2022-01-23,0.006635653888232523,921,TPC Craig Ranch
23838,"Hojgaard, Rasmus",4490,doha gc,sg_total,2.642682133606517,2024-02-11,0.006611335488498464,921,TPC Craig Ranch
23838,"Hojgaard, Rasmus",244,Puntacana Resort (Corales Golf Course),sg_total,1.875348223014645,2022-03-27,0.006557140373128951,921,TPC Craig Ranch
23838,"Hojgaard, Rasmus",4017,real club valderrama,sg_total,2.0756915206357616,2022-10-16,0.0065022207756576305,921,TPC Craig Ranch
23838,"Hojgaard, Rasmus",4177,houghton gc,sg_total,1.5201277252838563,2021-01-31,0.006122304531158133,921,TPC Craig Ranch
23838,"Hojgaard, Rasmus",3946,marco simone gc,sg_total,1.6943418242066095,2021-09-05,0.005347351241042922,921,TPC Craig Ranch
23838,"Hojgaard, Rasmus",4192,carnoustie,sg_total,0.5153031039951417,2022-10-02,0.003798713297846866,921,TPC Craig Ranch
23838,"Hojgaard, Rasmus",3890,leopard creek cc,sg_total,1.2278864538027963,2019-12-01,0.0009177994790901538,921,TPC Craig Ranch
23838,"Hojgaard, Rasmus",3531,himmerland golf & spa resort,sg_total,0.40622307703827476,2017-08-27,3.378628467816484e-05,921,TPC Craig Ranch
23838,"Hojgaard, Rasmus",4201,pgm ishioka gc,sg_total,2.2814115701682156,2023-04-23,-0.00019219515725370066,921,TPC Craig Ranch
23838,"Hojgaard, Rasmus",3937,real club valderrama,sg_total,1.412405615781072,2020-09-06,-0.0005180003154573069,921,TPC Craig Ranch
23838,"Hojgaard, Rasmus",3867,mount juliet estate,sg_total,1.6418019047975365,2021-07-04,-0.001190105021884607,921,TPC Craig Ranch
23838,"Hojgaard, Rasmus",4401,carnoustie,sg_total,0.7441594147231158,2024-10-06,-0.001793235637503197,921,TPC Craig Ranch
23838,"Hojgaard, Rasmus",3898,randpark gc firethorn course,sg_total,0.3134861808826053,2020-01-12,-0.0023108409688512273,921,TPC Craig Ranch
23838,"Hojgaard, Rasmus",3899,abu dhabi gc,sg_total,0.6291706097212676,2020-01-19,-0.0024786151882514556,921,TPC Craig Ranch
23838,"Hojgaard, Rasmus",4074,pga national cyprus course,sg_total,0.7288022691925407,2020-11-08,-0.0026236596702352896,921,TPC Craig Ranch
23838,"Hojgaard, Rasmus",3658,green eagle golf courses,sg_total,0.4805361499185814,2018-07-29,-0.003189447916429003,921,TPC Craig Ranch
23838,"Hojgaard, Rasmus",4592,yas links,sg_total,3.6338560642748248,2025-11-09,-0.0035010692337009352,921,TPC Craig Ranch
23838,"Hojgaard, Rasmus",3900,emirates gc,sg_total,0.6313765650251616,2020-01-26,-0.003910206965868277,921,TPC Craig Ranch
23838,"Hojgaard, Rasmus",4180,victoria gc,sg_total,1.0635870243433847,2022-12-04,-0.005708632843110997,921,TPC Craig Ranch
23838,"Hojgaard, Rasmus",742,Grand Reserve Golf Club,sg_total,2.679939879154656,2024-03-10,-0.006842364135393934,921,TPC Craig Ranch
23838,"Hojgaard, Rasmus",4010,crans-sur-sierre gc,sg_total,1.519091241557933,2022-08-28,-0.01041194733625356,921,TPC Craig Ranch
23838,"Hojgaard, Rasmus",4108,infinitum golf lakes course,sg_total,1.9017877429321917,2022-04-24,-0.010569132719631202,921,TPC Craig Ranch
23838,"Hojgaard, Rasmus",4175,royal queensland gc,sg_total,1.059870976635137,2022-11-27,-0.011512546074509473,921,TPC Craig Ranch
23838,"Hojgaard, Rasmus",3878,wentworth golf club,sg_total,0.8501412052765458,2021-09-12,-0.013235336975562242,921,TPC Craig Ranch
23838,"Hojgaard, Rasmus",4482,dlf g&cc player course,sg_total,0.6770568744981647,2024-03-31,-0.022875132604117106,921,TPC Craig Ranch
23838,"Hojgaard, Rasmus",4586,wentworth golf club,sg_total,3.5335193635310036,2025-09-14,-0.052133697767283264,921,TPC Craig Ranch
11276,"Horschel, Billy",709,Royal Troon,sg_app,2.864215128908834,2024-07-21,0.07527028390923496,921,TPC Craig Ranch
11276,"Horschel, Billy",406,Castle Pines Golf Club,sg_app,2.914780046239138,2024-08-25,0.034504533279989084,921,TPC Craig Ranch
11276,"Horschel, Billy",5,Pebble Beach Golf Links,sg_app,6.072435799997111,2026-02-15,0.031823913311251256,921,TPC Craig Ranch
11276,"Horschel, Billy",534,Bellerive CC,sg_app,0.9678234072449506,2018-08-12,0.02177764573896888,921,TPC Craig Ranch
11276,"Horschel, Billy",649,Hualalai Golf Course,sg_app,0.750729100538056,2015-01-25,0.007594599026003163,921,TPC Craig Ranch
11276,"Horschel, Billy",715,Baltusrol GC,sg_app,0.6678406786681628,2016-07-31,0.005116854612484259,921,TPC Craig Ranch
11276,"Horschel, Billy",775,CordeValle GC,sg_app,0.8117114858972141,2013-10-13,0.004640189939504972,921,TPC Craig Ranch
11276,"Horschel, Billy",688,East Lake Golf Club,sg_app,6.991646563687958,2022-08-28,0.002770545403069808,921,TPC Craig Ranch
11276,"Horschel, Billy",745,iberostar real club de golf novo sancti petri,sg_app,0.23448754173421943,2014-08-24,0.00010723435513641712,921,TPC Craig Ranch
11276,"Horschel, Billy",694,Hamilton G&CC,sg_app,0.32135603124489664,2012-07-29,-0.0006134560744969699,921,TPC Craig Ranch
11276,"Horschel, Billy",348,Medinah Country Club (No. 3),sg_app,1.1650853674566677,2019-08-18,-0.0023587803868978597,921,TPC Craig Ranch
11276,"Horschel, Billy",891,Winged Foot GC,sg_app,1.4223271399131445,2020-09-20,-0.0070379867798259655,921,TPC Craig Ranch
11276,"Horschel, Billy",781,Plainfield CC,sg_app,0.2822808393352682,2015-08-30,-0.010450839167723073,921,TPC Craig Ranch
11276,"Horschel, Billy",238,Glen Oaks Club,sg_app,0.40622307703827476,2017-08-27,-0.011236300990676639,921,TPC Craig Ranch
11276,"Horschel, Billy",514,Oak Hill Country Club,sg_app,1.1567879787560167,2023-05-21,-0.011311000833092989,921,TPC Craig Ranch
11276,"Horschel, Billy",882,Caves Valley Golf Club,sg_app,1.688421993568662,2021-08-29,-0.020933887775972448,921,TPC Craig Ranch
11276,"Horschel, Billy",656,Plantation Course at Kapalua,sg_app,11.419908060462578,2025-01-05,-0.0343379568608631,921,TPC Craig Ranch
11276,"Horschel, Billy",930,Black Desert Resort,sg_arg,3.608507893926066,2025-10-26,0.013045290663463719,921,TPC Craig Ranch
11276,"Horschel, Billy",873,Ridgewood CC,sg_arg,0.9746219381933394,2018-08-26,0.010546718415347526,921,TPC Craig Ranch
11276,"Horschel, Billy",773,Aronimink GC,sg_arg,1.1135475204971705,2018-09-09,0.006952494829197905,921,TPC Craig Ranch
11276,"Horschel, Billy",21,Colonial Country Club,sg_arg,10.935604856913578,2024-05-26,0.00631714698537926,921,TPC Craig Ranch
11276,"Horschel, Billy",933,East Lake Golf Club,sg_arg,2.924999650275528,2024-09-01,0.005921319896412966,921,TPC Craig Ranch
11276,"Horschel, Billy",775,CordeValle GC,sg_arg,0.8117114858972141,2013-10-13,0.0037875365811553888,921,TPC Craig Ranch
11276,"Horschel, Billy",886,Liberty National Golf Club,sg_arg,2.8435375426214686,2021-08-22,0.0031042961699227875,921,TPC Craig Ranch
11276,"Horschel, Billy",243,Trinity Forest Golf Club,sg_arg,0.9280166181378802,2018-05-20,0.00302128940790961,921,TPC Craig Ranch
11276,"Horschel, Billy",609,Annandale GC,sg_arg,0.5862474376563789,2012-07-22,0.0026064805745679227,921,TPC Craig Ranch
11276,"Horschel, Billy",689,El Bosque CC,sg_arg,0.6772562030538207,2016-08-28,0.002593106622834471,921,TPC Craig Ranch
11276,"Horschel, Billy",348,Medinah Country Club (No. 3),sg_arg,1.1650853674566677,2019-08-18,0.002429936602699529,921,TPC Craig Ranch
11276,"Horschel, Billy",406,Castle Pines Golf Club,sg_arg,2.914780046239138,2024-08-25,0.0014671706823325397,921,TPC Craig Ranch
11276,"Horschel, Billy",762,Liberty National GC,sg_arg,0.195469129100436,2013-08-25,0.0013504391480760785,921,TPC Craig Ranch
11276,"Horschel, Billy",896,Olympia Fields Country Club (North Course),sg_arg,1.4074708370262448,2020-08-30,0.0010497021803902412,921,TPC Craig Ranch
11276,"Horschel, Billy",238,Glen Oaks Club,sg_arg,0.40622307703827476,2017-08-27,0.0008579289381384115,921,TPC Craig Ranch
11276,"Horschel, Billy",527,Saucon Valley CC,sg_arg,0.6820136280365007,2016-09-11,0.0003967223259730221,921,TPC Craig Ranch
11276,"Horschel, Billy",671,Valhalla Golf Club,sg_arg,3.2411022782614562,2024-05-19,0.0003615949726651945,921,TPC Craig Ranch
11276,"Horschel, Billy",505,Cherry Hills CC,sg_arg,0.47226942579898806,2014-09-07,0.0001519280345808333,921,TPC Craig Ranch
11276,"Horschel, Billy",789,Conway Farms GC,sg_arg,1.7866073249315533,2017-09-17,-0.0003485837191013385,921,TPC Craig Ranch
11276,"Horschel, Billy",744,Torrey Pines (South),sg_arg,0.8151747109591491,2021-06-20,-0.0029698573529284393,921,TPC Craig Ranch
11276,"Horschel, Billy",6,Waialae Country Club,sg_arg,13.414705879951164,2026-01-18,-0.0077918499511879374,921,TPC Craig Ranch
11276,"Horschel, Billy",12,Harbour Town Golf Links,sg_ott,16.871909847621275,2026-04-19,0.0222040069868152,921,TPC Craig Ranch
11276,"Horschel, Billy",714,TPC Louisiana,sg_ott,6.233698421615937,2026-04-26,0.015776480570752788,921,TPC Craig Ranch
11276,"Horschel, Billy",872,Quail Hollow Club,sg_ott,2.765701641801234,2024-05-12,0.014782055452194257,921,TPC Craig Ranch
11276,"Horschel, Billy",514,Oak Hill Country Club,sg_ott,1.1567879787560167,2023-05-21,0.014081706934402551,921,TPC Craig Ranch
11276,"Horschel, Billy",5,Pebble Beach Golf Links,sg_ott,6.072435799997111,2026-02-15,0.014047300697861309,921,TPC Craig Ranch
11276,"Horschel, Billy",770,TPC San Antonio - The Oaks Course,sg_ott,9.412642808020106,2026-04-05,0.009034129120352317,921,TPC Craig Ranch
11276,"Horschel, Billy",8,Trump National Doral - Blue Monster Course,sg_ott,1.5689673284600762,2016-03-06,0.007639033914502557,921,TPC Craig Ranch
11276,"Horschel, Billy",928,PGA National  - Champion Course,sg_ott,9.717395699023644,2026-03-01,0.007593312634434672,921,TPC Craig Ranch
11276,"Horschel, Billy",897,Memorial Park Golf Course,sg_ott,4.656897677210157,2026-03-29,0.007312196750385505,921,TPC Craig Ranch
11276,"Horschel, Billy",528,Pinehurst Resort & Country Club (Course No. 2),sg_ott,2.814527399847991,2024-06-16,0.005633204657905501,921,TPC Craig Ranch
11276,"Horschel, Billy",744,Torrey Pines (South),sg_ott,0.8151747109591491,2021-06-20,0.003739100748526931,921,TPC Craig Ranch
11276,"Horschel, Billy",823,Keene Trace Golf Club,sg_ott,0.9577144264939117,2018-07-22,0.0035591777852488488,921,TPC Craig Ranch
11276,"Horschel, Billy",762,Liberty National GC,sg_ott,0.195469129100436,2013-08-25,0.003023408582152034,921,TPC Craig Ranch
11276,"Horschel, Billy",505,Cherry Hills CC,sg_ott,0.47226942579898806,2014-09-07,0.0022008122260519848,921,TPC Craig Ranch
11276,"Horschel, Billy",205,Spyglass Hill Golf Course,sg_ott,1.7438680715231738,2026-02-15,0.002164626522737591,921,TPC Craig Ranch
11276,"Horschel, Billy",689,El Bosque CC,sg_ott,0.6772562030538207,2016-08-28,0.002098755509842657,921,TPC Craig Ranch
11276,"Horschel, Billy",534,Bellerive CC,sg_ott,0.9678234072449506,2018-08-12,0.0019124204177993671,921,TPC Craig Ranch
11276,"Horschel, Billy",873,Ridgewood CC,sg_ott,0.9746219381933394,2018-08-26,0.0010893258051861375,921,TPC Craig Ranch
11276,"Horschel, Billy",698,Quail Hollow Club,sg_ott,0.2568647392949204,2011-05-08,0.00025031674771472,921,TPC Craig Ranch
11276,"Horschel, Billy",781,Plainfield CC,sg_ott,0.2822808393352682,2015-08-30,8.543377651655113e-05,921,TPC Craig Ranch
11276,"Horschel, Billy",243,Trinity Forest Golf Club,sg_ott,0.9280166181378802,2018-05-20,-8.301957171415628e-05,921,TPC Craig Ranch
11276,"Horschel, Billy",654,The Country Club,sg_ott,0.9778951537585142,2022-06-19,-0.0003149901789572812,921,TPC Craig Ranch
11276,"Horschel, Billy",697,Ocean Course at Kiawah Island,sg_ott,1.6076835612440104,2021-05-23,-0.0003774867543259319,921,TPC Craig Ranch
11276,"Horschel, Billy",348,Medinah Country Club (No. 3),sg_ott,1.1650853674566677,2019-08-18,-0.000835416188268503,921,TPC Craig Ranch
11276,"Horschel, Billy",241,Quail Hollow-PGA Championship,sg_ott,0.806778889565115,2017-08-13,-0.0009034939697336892,921,TPC Craig Ranch
11276,"Horschel, Billy",238,Glen Oaks Club,sg_ott,0.40622307703827476,2017-08-27,-0.000930980099028629,921,TPC Craig Ranch
11276,"Horschel, Billy",706,Whistling Straits,sg_ott,0.5606235464632614,2015-08-16,-0.0010013060230584599,921,TPC Craig Ranch
11276,"Horschel, Billy",933,East Lake Golf Club,sg_ott,2.924999650275528,2024-09-01,-0.0014837829954364571,921,TPC Craig Ranch
11276,"Horschel, Billy",893,Muirfield Village Golf Club,sg_ott,1.373406789990266,2020-07-12,-0.001964751915354354,921,TPC Craig Ranch
11276,"Horschel, Billy",21,Colonial Country Club,sg_ott,10.935604856913578,2024-05-26,-0.0026364026732342643,921,TPC Craig Ranch
11276,"Horschel, Billy",891,Winged Foot GC,sg_ott,1.4223271399131445,2020-09-20,-0.0027615036295553907,921,TPC Craig Ranch
11276,"Horschel, Billy",32,Glen Abbey GC,sg_ott,0.8660394062888619,2018-07-29,-0.0034622207203308703,921,TPC Craig Ranch
11276,"Horschel, Billy",715,Baltusrol GC,sg_ott,0.6678406786681628,2016-07-31,-0.003601811067581157,921,TPC Craig Ranch
11276,"Horschel, Billy",876,Detroit Golf Club,sg_ott,1.1368876089568698,2019-06-30,-0.004103309095488228,921,TPC Craig Ranch
11276,"Horschel, Billy",527,Saucon Valley CC,sg_ott,0.6820136280365007,2016-09-11,-0.004304330649276819,921,TPC Craig Ranch
11276,"Horschel, Billy",671,Valhalla Golf Club,sg_ott,3.2411022782614562,2024-05-19,-0.005186636453040505,921,TPC Craig Ranch
11276,"Horschel, Billy",895,TPC Harding Park,sg_ott,1.3927697092247904,2020-08-09,-0.0064002785466194525,921,TPC Craig Ranch
11276,"Horschel, Billy",901,Wilmington Country Club,sg_ott,2.0183782877342047,2022-08-21,-0.00955631993531147,921,TPC Craig Ranch
11276,"Horschel, Billy",4,Torrey Pines Golf Course (South Course),sg_ott,7.571032451419287,2026-02-01,-0.011777944225660805,921,TPC Craig Ranch
11276,"Horschel, Billy",977,The Renaissance Club,sg_ott,4.79459262821183,2024-07-14,-0.013507703665477093,921,TPC Craig Ranch
11276,"Horschel, Billy",14,Augusta National Golf Club,sg_ott,7.364118262874643,2025-04-13,-0.019600566512814086,921,TPC Craig Ranch
11276,"Horschel, Billy",898,The Concession Golf Club,sg_putt,1.5415591836000346,2021-02-28,0.012120612583661075,921,TPC Craig Ranch
11276,"Horschel, Billy",510,TPC Scottsdale (Stadium Course),sg_putt,17.317390561976946,2026-02-08,0.011646671963048088,921,TPC Craig Ranch
11276,"Horschel, Billy",893,Muirfield Village Golf Club,sg_putt,1.373406789990266,2020-07-12,0.010412346663601727,921,TPC Craig Ranch
11276,"Horschel, Billy",709,Royal Troon,sg_putt,2.864215128908834,2024-07-21,0.009867404297205784,921,TPC Craig Ranch
11276,"Horschel, Billy",649,Hualalai Golf Course,sg_putt,0.750729100538056,2015-01-25,0.0036591869452273626,921,TPC Craig Ranch
11276,"Horschel, Billy",665,Innisbrook Resort and Golf Club - Copperhead Course,sg_putt,11.127534145896615,2026-03-22,0.0027180759324897975,921,TPC Craig Ranch
11276,"Horschel, Billy",873,Ridgewood CC,sg_putt,0.9746219381933394,2018-08-26,0.0022318608328034577,921,TPC Craig Ranch
11276,"Horschel, Billy",775,CordeValle GC,sg_putt,0.8117114858972141,2013-10-13,0.001408952724535662,921,TPC Craig Ranch
11276,"Horschel, Billy",762,Liberty National GC,sg_putt,0.195469129100436,2013-08-25,-0.0007867647464454019,921,TPC Craig Ranch
11276,"Horschel, Billy",666,Pebble Beach Golf Links,sg_putt,1.1289571845620932,2019-06-16,-0.0008204366772854922,921,TPC Craig Ranch
11276,"Horschel, Billy",745,iberostar real club de golf novo sancti petri,sg_putt,0.23448754173421943,2014-08-24,-0.00213258070510002,921,TPC Craig Ranch
11276,"Horschel, Billy",232,Albany GC,sg_putt,3.685087834785395,2025-12-07,-0.0028496693229464786,921,TPC Craig Ranch
11276,"Horschel, Billy",724,Royal Liverpool,sg_putt,1.193806785348716,2023-07-23,-0.008220476140653318,921,TPC Craig Ranch
11276,"Horschel, Billy",668,St. Andrews Links (Old Course),sg_putt,1.9833639368598586,2022-07-17,-0.01060989993396193,921,TPC Craig Ranch
11276,"Horschel, Billy",715,Baltusrol GC,sg_putt,0.6678406786681628,2016-07-31,-0.01119924653541119,921,TPC Craig Ranch
11276,"Horschel, Billy",2000,Sherwood Country Club,sg_putt,1.447436934746801,2020-10-25,-0.01860244956529143,921,TPC Craig Ranch
11276,"Horschel, Billy",406,Castle Pines Golf Club,sg_putt,2.914780046239138,2024-08-25,-0.0292712506466962,921,TPC Craig Ranch
11276,"Horschel, Billy",656,Plantation Course at Kapalua,sg_putt,11.419908060462578,2025-01-05,-0.03554239924630942,921,TPC Craig Ranch
11276,"Horschel, Billy",244,Puntacana Resort (Corales Golf Course),sg_total,2.7368137016555485,2024-04-21,0.02255793317301586,921,TPC Craig Ranch
11276,"Horschel, Billy",3796,wentworth golf club,sg_total,2.3713076206825527,2019-09-22,0.02049565198826219,921,TPC Craig Ranch
11276,"Horschel, Billy",3878,wentworth golf club,sg_total,1.7002824105530916,2021-09-12,0.015255036646854746,921,TPC Craig Ranch
11276,"Horschel, Billy",818,Chambers Bay GC,sg_total,0.4088578610518003,2015-06-21,0.001755320289216594,921,TPC Craig Ranch
11276,"Horschel, Billy",742,Grand Reserve Golf Club,sg_total,0.4245165196881524,2012-03-11,-0.0013918105284169595,921,TPC Craig Ranch
11276,"Horschel, Billy",4401,carnoustie,sg_total,0.7441594147231158,2024-10-06,-0.0026344386537264543,921,TPC Craig Ranch
11276,"Horschel, Billy",4192,carnoustie,sg_total,0.5153031039951417,2022-10-02,-0.003447346309366104,921,TPC Craig Ranch
11276,"Horschel, Billy",236,Erin Hills,sg_total,0.39225120339697284,2017-06-18,-0.006058599958148236,921,TPC Craig Ranch
11276,"Horschel, Billy",4586,wentworth golf club,sg_total,3.5335193635310036,2025-09-14,-0.02129911245648314,921,TPC Craig Ranch
15470,"Hossler, Beau",934,Hurstbourne Country Club,sg_app,3.4239483077157167,2025-07-13,0.012043554611636318,921,TPC Craig Ranch
15470,"Hossler, Beau",5,Pebble Beach Golf Links,sg_app,8.189412850872502,2025-02-02,0.001878137895920418,921,TPC Craig Ranch
15470,"Hossler, Beau",514,Oak Hill Country Club,sg_app,2.3135759575120334,2023-05-21,-0.00127985705808343,921,TPC Craig Ranch
15470,"Hossler, Beau",534,Bellerive CC,sg_app,0.4839117036224753,2018-08-12,-0.013274309728366273,921,TPC Craig Ranch
15470,"Hossler, Beau",875,ACCORDIA GOLF Narashino Country Club,sg_app,3.0080570172775305,2024-10-27,-0.06705584431634785,921,TPC Craig Ranch
15470,"Hossler, Beau",921,TPC Craig Ranch,sg_app,8.785116607503076,2025-05-04,-0.0784000199266601,921,TPC Craig Ranch
15470,"Hossler, Beau",921,TPC Craig Ranch,sg_arg,8.785116607503076,2025-05-04,0.018319845119870174,921,TPC Craig Ranch
15470,"Hossler, Beau",930,Black Desert Resort,sg_arg,4.791328090856462,2025-10-26,0.012408613522612293,921,TPC Craig Ranch
15470,"Hossler, Beau",874,Hamilton Golf & Country Club,sg_arg,2.7948945033543784,2024-06-02,0.006617784968368821,921,TPC Craig Ranch
15470,"Hossler, Beau",671,Valhalla Golf Club,sg_arg,1.3876992786253213,2024-05-19,0.005337953236844965,921,TPC Craig Ranch
15470,"Hossler, Beau",773,Aronimink GC,sg_arg,0.9814682258117053,2018-09-09,0.003527024183879713,921,TPC Craig Ranch
15470,"Hossler, Beau",873,Ridgewood CC,sg_arg,0.9746219381933394,2018-08-26,0.0014670477974274376,921,TPC Craig Ranch
15470,"Hossler, Beau",660,Montreux Golf & Country Club,sg_arg,1.152915972229429,2019-07-28,-0.00044928612733414705,921,TPC Craig Ranch
15470,"Hossler, Beau",243,Trinity Forest Golf Club,sg_arg,2.0373889195179675,2019-05-12,-0.002468779114505831,921,TPC Craig Ranch
15470,"Hossler, Beau",6,Waialae Country Club,sg_arg,3.222747253845803,2026-01-18,-0.0034125434670559244,921,TPC Craig Ranch
15470,"Hossler, Beau",21,Colonial Country Club,sg_arg,12.104441350014199,2025-05-25,-0.005106949427234533,921,TPC Craig Ranch
15470,"Hossler, Beau",746,The Country Club of Jackson,sg_ott,9.514139101063595,2025-10-05,0.02618619069530343,921,TPC Craig Ranch
15470,"Hossler, Beau",21,Colonial Country Club,sg_ott,12.104441350014199,2025-05-25,0.015097778463918056,921,TPC Craig Ranch
15470,"Hossler, Beau",514,Oak Hill Country Club,sg_ott,2.3135759575120334,2023-05-21,0.013183592877461413,921,TPC Craig Ranch
15470,"Hossler, Beau",243,Trinity Forest Golf Club,sg_ott,2.0373889195179675,2019-05-12,0.0039496001844383025,921,TPC Craig Ranch
15470,"Hossler, Beau",770,TPC San Antonio - The Oaks Course,sg_ott,17.98388882307305,2026-04-05,0.00344015667672119,921,TPC Craig Ranch
15470,"Hossler, Beau",872,Quail Hollow Club,sg_ott,5.920946019778665,2023-05-07,0.001563212947220602,921,TPC Craig Ranch
15470,"Hossler, Beau",205,Spyglass Hill Golf Course,sg_ott,0.7897806739328027,2025-02-02,0.0007266726287646057,921,TPC Craig Ranch
15470,"Hossler, Beau",654,The Country Club,sg_ott,1.9557903075170284,2022-06-19,0.0006853146317877699,921,TPC Craig Ranch
15470,"Hossler, Beau",534,Bellerive CC,sg_ott,0.4839117036224753,2018-08-12,-0.0029739392139479454,921,TPC Craig Ranch
15470,"Hossler, Beau",873,Ridgewood CC,sg_ott,0.9746219381933394,2018-08-26,-0.0035309478083361745,921,TPC Craig Ranch
15470,"Hossler, Beau",893,Muirfield Village Golf Club,sg_ott,0.686703394995133,2020-07-12,-0.003615862879056607,921,TPC Craig Ranch
15470,"Hossler, Beau",12,Harbour Town Golf Links,sg_ott,5.471719091221271,2023-04-16,-0.004421504049886939,921,TPC Craig Ranch
15470,"Hossler, Beau",671,Valhalla Golf Club,sg_ott,1.3876992786253213,2024-05-19,-0.006119900732724698,921,TPC Craig Ranch
15470,"Hossler, Beau",4,Torrey Pines Golf Course (South Course),sg_ott,9.051480720775393,2026-02-01,-0.006953987135804406,921,TPC Craig Ranch
15470,"Hossler, Beau",241,Quail Hollow-PGA Championship,sg_ott,3.329407502951579,2025-05-18,-0.00718114165333405,921,TPC Craig Ranch
15470,"Hossler, Beau",714,TPC Louisiana,sg_ott,5.90487080442923,2026-04-26,-0.007467074106882615,921,TPC Craig Ranch
15470,"Hossler, Beau",876,Detroit Golf Club,sg_ott,12.30754599658325,2025-06-29,-0.008668630307036773,921,TPC Craig Ranch
15470,"Hossler, Beau",5,Pebble Beach Golf Links,sg_ott,8.189412850872502,2025-02-02,-0.016303854427029446,921,TPC Craig Ranch
15470,"Hossler, Beau",921,TPC Craig Ranch,sg_ott,8.785116607503076,2025-05-04,-0.02141855662182826,921,TPC Craig Ranch
15470,"Hossler, Beau",928,PGA National  - Champion Course,sg_ott,9.717395699023644,2026-03-01,-0.024004916716812444,921,TPC Craig Ranch
15470,"Hossler, Beau",926,Silverado Resort (North Course),sg_ott,7.461704094614472,2025-09-14,-0.027328940800238885,921,TPC Craig Ranch
15470,"Hossler, Beau",528,Pinehurst Resort & Country Club (Course No. 2),sg_ott,1.4072636999239956,2024-06-16,-0.02914611238264963,921,TPC Craig Ranch
15470,"Hossler, Beau",897,Memorial Park Golf Course,sg_ott,10.011261985198287,2026-03-29,-0.03149507846227907,921,TPC Craig Ranch
15470,"Hossler, Beau",510,TPC Scottsdale (Stadium Course),sg_putt,12.90079797813869,2025-02-09,0.015604329554442683,921,TPC Craig Ranch
15470,"Hossler, Beau",660,Montreux Golf & Country Club,sg_putt,1.152915972229429,2019-07-28,0.01138905949058357,921,TPC Craig Ranch
15470,"Hossler, Beau",873,Ridgewood CC,sg_putt,0.9746219381933394,2018-08-26,-0.004273630465129934,921,TPC Craig Ranch
15470,"Hossler, Beau",893,Muirfield Village Golf Club,sg_putt,0.686703394995133,2020-07-12,-0.007719303986368206,921,TPC Craig Ranch
15470,"Hossler, Beau",665,Innisbrook Resort and Golf Club - Copperhead Course,sg_putt,10.22984020297723,2026-03-22,-0.011143397873220395,921,TPC Craig Ranch
15470,"Hossler, Beau",921,TPC Craig Ranch,sg_putt,8.785116607503076,2025-05-04,-0.045813421601178565,921,TPC Craig Ranch
15470,"Hossler, Beau",818,Chambers Bay GC,sg_total,0.4088578610518003,2015-06-21,-0.0013783833595359205,921,TPC Craig Ranch
15470,"Hossler, Beau",244,Puntacana Resort (Corales Golf Course),sg_total,2.2089604030548227,2021-03-28,-0.005461888150789587,921,TPC Craig Ranch
15470,"Hossler, Beau",742,Grand Reserve Golf Club,sg_total,2.051335595003808,2021-02-28,-0.006844040216532045,921,TPC Craig Ranch
15470,"Hossler, Beau",630,Fox Den CC,sg_total,0.4048037814847234,2017-08-20,-0.01190570146522235,921,TPC Craig Ranch
33759,"Howell, Mason",14,Augusta National Golf Club,sg_ott,1.962358724485612,2026-04-12,0.0,921,TPC Craig Ranch
16333,"Hubbard, Mark",921,TPC Craig Ranch,sg_app,9.586149859684713,2025-05-04,0.013456040555124366,921,TPC Craig Ranch
16333,"Hubbard, Mark",875,ACCORDIA GOLF Narashino Country Club,sg_app,3.0080570172775305,2024-10-27,0.01258871845911359,921,TPC Craig Ranch
16333,"Hubbard, Mark",772,St. George's G&CC,sg_app,1.948957006692821,2022-06-12,0.011872877011022161,921,TPC Craig Ranch
16333,"Hubbard, Mark",514,Oak Hill Country Club,sg_app,2.3135759575120334,2023-05-21,0.001930014490713634,921,TPC Craig Ranch
16333,"Hubbard, Mark",649,Hualalai Golf Course,sg_app,0.25325641146282285,2015-01-25,-0.0034102857895248265,921,TPC Craig Ranch
16333,"Hubbard, Mark",616,Robert Trent Jones GC,sg_app,0.5567128849219349,2015-08-02,-0.007247966117751985,921,TPC Craig Ranch
16333,"Hubbard, Mark",891,Winged Foot GC,sg_app,0.7111635699565723,2020-09-20,-0.012605532631632034,921,TPC Craig Ranch
16333,"Hubbard, Mark",934,Hurstbourne Country Club,sg_app,3.4239483077157167,2025-07-13,-0.021400607511333977,921,TPC Craig Ranch
16333,"Hubbard, Mark",5,Pebble Beach Golf Links,sg_app,7.967963608165393,2025-02-02,-0.021851058339452802,921,TPC Craig Ranch
16333,"Hubbard, Mark",896,Olympia Fields Country Club (North Course),sg_arg,1.4074708370262448,2020-08-30,0.006532549063183817,921,TPC Craig Ranch
16333,"Hubbard, Mark",6,Waialae Country Club,sg_arg,15.096860395979455,2026-01-18,0.0019339830021643533,921,TPC Craig Ranch
16333,"Hubbard, Mark",689,El Bosque CC,sg_arg,0.33862810152691036,2016-08-28,0.0010125644755794067,921,TPC Craig Ranch
16333,"Hubbard, Mark",671,Valhalla Golf Club,sg_arg,2.7753985572506426,2024-05-19,0.00047491893036826036,921,TPC Craig Ranch
16333,"Hubbard, Mark",874,Hamilton Golf & Country Club,sg_arg,2.7948945033543784,2024-06-02,-2.275958994127291e-05,921,TPC Craig Ranch
16333,"Hubbard, Mark",921,TPC Craig Ranch,sg_arg,9.586149859684713,2025-05-04,-0.0013385091383854948,921,TPC Craig Ranch
16333,"Hubbard, Mark",21,Colonial Country Club,sg_arg,13.998024876580297,2025-05-25,-0.002640787600545228,921,TPC Craig Ranch
16333,"Hubbard, Mark",930,Black Desert Resort,sg_arg,3.2977910189097472,2025-10-26,-0.006289630161562212,921,TPC Craig Ranch
16333,"Hubbard, Mark",770,TPC San Antonio - The Oaks Course,sg_ott,10.284894627226544,2026-04-05,0.03244635128443422,921,TPC Craig Ranch
16333,"Hubbard, Mark",746,The Country Club of Jackson,sg_ott,13.471035985593478,2025-10-05,0.01036487404330699,921,TPC Craig Ranch
16333,"Hubbard, Mark",205,Spyglass Hill Golf Course,sg_ott,0.7897806739328027,2025-02-02,0.009513945464648585,921,TPC Craig Ranch
16333,"Hubbard, Mark",921,TPC Craig Ranch,sg_ott,9.586149859684713,2025-05-04,0.007389271791231593,921,TPC Craig Ranch
16333,"Hubbard, Mark",671,Valhalla Golf Club,sg_ott,2.7753985572506426,2024-05-19,0.006844553273611532,921,TPC Craig Ranch
16333,"Hubbard, Mark",926,Silverado Resort (North Course),sg_ott,7.461704094614472,2025-09-14,0.005649414126444983,921,TPC Craig Ranch
16333,"Hubbard, Mark",528,Pinehurst Resort & Country Club (Course No. 2),sg_ott,2.814527399847991,2024-06-16,0.004524154719330837,921,TPC Craig Ranch
16333,"Hubbard, Mark",714,TPC Louisiana,sg_ott,4.764165019345122,2026-04-26,0.0044936144403443295,921,TPC Craig Ranch
16333,"Hubbard, Mark",819,Harbor Shores Resort,sg_ott,1.0747667808724912,2017-07-23,0.0034026245698386363,921,TPC Craig Ranch
16333,"Hubbard, Mark",876,Detroit Golf Club,sg_ott,10.603857278766549,2025-06-29,0.0028923644993124023,921,TPC Craig Ranch
16333,"Hubbard, Mark",977,The Renaissance Club,sg_ott,1.427103949413005,2024-07-14,0.002424338513387485,921,TPC Craig Ranch
16333,"Hubbard, Mark",4,Torrey Pines Golf Course (South Course),sg_ott,8.16003656131635,2026-02-01,0.0012049045129353439,921,TPC Craig Ranch
16333,"Hubbard, Mark",893,Muirfield Village Golf Club,sg_ott,0.3433516974975665,2020-07-12,0.0008683353890475747,921,TPC Craig Ranch
16333,"Hubbard, Mark",772,St. George's G&CC,sg_ott,1.948957006692821,2022-06-12,0.0007550111240756995,921,TPC Craig Ranch
16333,"Hubbard, Mark",698,Quail Hollow Club,sg_ott,0.908215639166448,2016-05-08,-8.072973188696009e-07,921,TPC Craig Ranch
16333,"Hubbard, Mark",21,Colonial Country Club,sg_ott,13.998024876580297,2025-05-25,-5.36493236112969e-05,921,TPC Craig Ranch
16333,"Hubbard, Mark",235,Eagle Point Golf Club,sg_ott,0.38409981724150816,2017-05-07,-0.000246097406037514,921,TPC Craig Ranch
16333,"Hubbard, Mark",616,Robert Trent Jones GC,sg_ott,0.5567128849219349,2015-08-02,-0.0026579615754580227,921,TPC Craig Ranch
16333,"Hubbard, Mark",5,Pebble Beach Golf Links,sg_ott,7.967963608165393,2025-02-02,-0.0038055603773334925,921,TPC Craig Ranch
16333,"Hubbard, Mark",32,Glen Abbey GC,sg_ott,1.7440423772877824,2017-07-30,-0.00417142168133421,921,TPC Craig Ranch
16333,"Hubbard, Mark",12,Harbour Town Golf Links,sg_ott,5.499416467701569,2023-04-16,-0.004890543294331976,921,TPC Craig Ranch
16333,"Hubbard, Mark",928,PGA National  - Champion Course,sg_ott,8.115564970354326,2026-03-01,-0.004995914578737223,921,TPC Craig Ranch
16333,"Hubbard, Mark",891,Winged Foot GC,sg_ott,0.7111635699565723,2020-09-20,-0.005831082979754202,921,TPC Craig Ranch
16333,"Hubbard, Mark",895,TPC Harding Park,sg_ott,1.3927697092247904,2020-08-09,-0.0058814721765970785,921,TPC Craig Ranch
16333,"Hubbard, Mark",872,Quail Hollow Club,sg_ott,3.095672012800739,2023-05-07,-0.006052343353381832,921,TPC Craig Ranch
16333,"Hubbard, Mark",689,El Bosque CC,sg_ott,0.33862810152691036,2016-08-28,-0.006104284166239907,921,TPC Craig Ranch
16333,"Hubbard, Mark",514,Oak Hill Country Club,sg_ott,2.3135759575120334,2023-05-21,-0.01000452692281322,921,TPC Craig Ranch
16333,"Hubbard, Mark",897,Memorial Park Golf Course,sg_ott,8.791394075173327,2026-03-29,-0.01404653503991125,921,TPC Craig Ranch
16333,"Hubbard, Mark",921,TPC Craig Ranch,sg_putt,9.586149859684713,2025-05-04,0.07920569857069693,921,TPC Craig Ranch
16333,"Hubbard, Mark",2000,Sherwood Country Club,sg_putt,1.447436934746801,2020-10-25,0.00911387445333598,921,TPC Craig Ranch
16333,"Hubbard, Mark",649,Hualalai Golf Course,sg_putt,0.25325641146282285,2015-01-25,0.0020037334638326534,921,TPC Craig Ranch
16333,"Hubbard, Mark",893,Muirfield Village Golf Club,sg_putt,0.3433516974975665,2020-07-12,-0.001472836878585506,921,TPC Craig Ranch
16333,"Hubbard, Mark",510,TPC Scottsdale (Stadium Course),sg_putt,11.369317219943818,2026-02-08,-0.023304671260741323,921,TPC Craig Ranch
16333,"Hubbard, Mark",665,Innisbrook Resort and Golf Club - Copperhead Course,sg_putt,8.091886283909059,2026-03-22,-0.026116222199399058,921,TPC Craig Ranch
16333,"Hubbard, Mark",655,The Glen Club,sg_total,1.1171651506413875,2019-05-26,0.010920357970272167,921,TPC Craig Ranch
16333,"Hubbard, Mark",630,Fox Den CC,sg_total,2.0380361447251247,2019-05-19,0.006546257831703127,921,TPC Craig Ranch
16333,"Hubbard, Mark",244,Puntacana Resort (Corales Golf Course),sg_total,9.207302722469526,2025-04-20,0.004807545090502457,921,TPC Craig Ranch
16333,"Hubbard, Mark",804,The Country Club of Virginia,sg_total,0.6863361811356673,2018-04-22,0.004668156917524166,921,TPC Craig Ranch
16333,"Hubbard, Mark",56,Atlantic Beach Country Club,sg_total,1.4002757212518024,2018-09-20,0.0021691200163047285,921,TPC Craig Ranch
16333,"Hubbard, Mark",806,Furman University Golf Club,sg_total,0.23200415453447004,2018-05-20,-0.0012957791209299526,921,TPC Craig Ranch
16333,"Hubbard, Mark",742,Grand Reserve Golf Club,sg_total,3.3762046206055722,2022-03-06,-0.003753641850815279,921,TPC Craig Ranch
15556,"Hughes, Mackenzie",709,Royal Troon,sg_app,2.864215128908834,2024-07-21,0.0682291353794138,921,TPC Craig Ranch
15556,"Hughes, Mackenzie",772,St. George's G&CC,sg_app,1.948957006692821,2022-06-12,0.011573524773158254,921,TPC Craig Ranch
15556,"Hughes, Mackenzie",656,Plantation Course at Kapalua,sg_app,6.9896396143909545,2024-01-07,0.010559399688010831,921,TPC Craig Ranch
15556,"Hughes, Mackenzie",887,Kasumigaseki Country Club,sg_app,1.664948781537463,2021-08-01,0.0002622752941092694,921,TPC Craig Ranch
15556,"Hughes, Mackenzie",238,Glen Oaks Club,sg_app,0.8124461540765495,2017-08-27,0.00022699504033794603,921,TPC Craig Ranch
15556,"Hughes, Mackenzie",688,East Lake Golf Club,sg_app,1.4131119951690931,2020-09-07,-0.0014734351384089938,921,TPC Craig Ranch
15556,"Hughes, Mackenzie",891,Winged Foot GC,sg_app,0.7111635699565723,2020-09-20,-0.0015429823542599769,921,TPC Craig Ranch
15556,"Hughes, Mackenzie",882,Caves Valley Golf Club,sg_app,1.688421993568662,2021-08-29,-0.002016538703969159,921,TPC Craig Ranch
15556,"Hughes, Mackenzie",514,Oak Hill Country Club,sg_app,1.1567879787560167,2023-05-21,-0.01213494350669282,921,TPC Craig Ranch
15556,"Hughes, Mackenzie",5,Pebble Beach Golf Links,sg_app,8.635433185883638,2026-02-15,-0.023802643540940645,921,TPC Craig Ranch
15556,"Hughes, Mackenzie",921,TPC Craig Ranch,sg_app,7.675553576571989,2025-05-04,-0.055438474762276924,921,TPC Craig Ranch
15556,"Hughes, Mackenzie",789,Conway Farms GC,sg_arg,0.8210217819522644,2017-09-17,0.0029926654131505284,921,TPC Craig Ranch
15556,"Hughes, Mackenzie",896,Olympia Fields Country Club (North Course),sg_arg,1.4074708370262448,2020-08-30,0.0020400960167800872,921,TPC Craig Ranch
15556,"Hughes, Mackenzie",744,Torrey Pines (South),sg_arg,1.6303494219182981,2021-06-20,0.0018292001111459648,921,TPC Craig Ranch
15556,"Hughes, Mackenzie",243,Trinity Forest Golf Club,sg_arg,0.5546861506900438,2019-05-12,0.0004065185600102204,921,TPC Craig Ranch
15556,"Hughes, Mackenzie",874,Hamilton Golf & Country Club,sg_arg,3.9199072445729737,2024-06-02,-0.00011874437269435829,921,TPC Craig Ranch
15556,"Hughes, Mackenzie",238,Glen Oaks Club,sg_arg,0.8124461540765495,2017-08-27,-0.002604522125509875,921,TPC Craig Ranch
15556,"Hughes, Mackenzie",671,Valhalla Golf Club,sg_arg,1.3876992786253213,2024-05-19,-0.002700323905399243,921,TPC Craig Ranch
15556,"Hughes, Mackenzie",886,Liberty National Golf Club,sg_arg,2.8435375426214686,2021-08-22,-0.0032218957763492945,921,TPC Craig Ranch
15556,"Hughes, Mackenzie",21,Colonial Country Club,sg_arg,5.590946741207416,2025-05-25,-0.003543520193096664,921,TPC Craig Ranch
15556,"Hughes, Mackenzie",6,Waialae Country Club,sg_arg,6.731725489396442,2025-01-12,-0.008255009218691167,921,TPC Craig Ranch
15556,"Hughes, Mackenzie",921,TPC Craig Ranch,sg_arg,7.675553576571989,2025-05-04,-0.019284368281543757,921,TPC Craig Ranch
15556,"Hughes, Mackenzie",897,Memorial Park Golf Course,sg_ott,13.222979721343286,2026-03-29,0.03899565697511566,921,TPC Craig Ranch
15556,"Hughes, Mackenzie",5,Pebble Beach Golf Links,sg_ott,8.635433185883638,2026-02-15,0.02669659265515151,921,TPC Craig Ranch
15556,"Hughes, Mackenzie",514,Oak Hill Country Club,sg_ott,1.1567879787560167,2023-05-21,0.01178243274377126,921,TPC Craig Ranch
15556,"Hughes, Mackenzie",241,Quail Hollow-PGA Championship,sg_ott,2.068093196258347,2025-05-18,0.007440226538690766,921,TPC Craig Ranch
15556,"Hughes, Mackenzie",12,Harbour Town Golf Links,sg_ott,12.596825062347625,2025-04-20,0.0074395812624720075,921,TPC Craig Ranch
15556,"Hughes, Mackenzie",921,TPC Craig Ranch,sg_ott,7.675553576571989,2025-05-04,0.006759639785533779,921,TPC Craig Ranch
15556,"Hughes, Mackenzie",901,Wilmington Country Club,sg_ott,2.0183782877342047,2022-08-21,0.006054073982729698,921,TPC Craig Ranch
15556,"Hughes, Mackenzie",876,Detroit Golf Club,sg_ott,3.7773376089620725,2022-07-31,0.0059174134664986685,921,TPC Craig Ranch
15556,"Hughes, Mackenzie",654,The Country Club,sg_ott,1.9557903075170284,2022-06-19,0.004545516777968888,921,TPC Craig Ranch
15556,"Hughes, Mackenzie",893,Muirfield Village Golf Club,sg_ott,1.373406789990266,2020-07-12,0.004131753740139908,921,TPC Craig Ranch
15556,"Hughes, Mackenzie",14,Augusta National Golf Club,sg_ott,5.728293399766924,2023-04-09,0.003767906436132237,921,TPC Craig Ranch
15556,"Hughes, Mackenzie",772,St. George's G&CC,sg_ott,1.948957006692821,2022-06-12,0.002867269693847705,921,TPC Craig Ranch
15556,"Hughes, Mackenzie",697,Ocean Course at Kiawah Island,sg_ott,0.8038417806220052,2021-05-23,0.0026948920548874205,921,TPC Craig Ranch
15556,"Hughes, Mackenzie",4,Torrey Pines Golf Course (South Course),sg_ott,7.518324892603572,2026-02-01,0.0026326847908931085,921,TPC Craig Ranch
15556,"Hughes, Mackenzie",671,Valhalla Golf Club,sg_ott,1.3876992786253213,2024-05-19,0.002467129853781461,921,TPC Craig Ranch
15556,"Hughes, Mackenzie",891,Winged Foot GC,sg_ott,0.7111635699565723,2020-09-20,0.0019732311688511156,921,TPC Craig Ranch
15556,"Hughes, Mackenzie",32,Glen Abbey GC,sg_ott,1.762223457217855,2018-07-29,0.0012544518611822878,921,TPC Craig Ranch
15556,"Hughes, Mackenzie",528,Pinehurst Resort & Country Club (Course No. 2),sg_ott,1.4072636999239956,2024-06-16,0.0004233095696211572,921,TPC Craig Ranch
15556,"Hughes, Mackenzie",235,Eagle Point Golf Club,sg_ott,0.7681996344830163,2017-05-07,0.00019834694393655375,921,TPC Craig Ranch
15556,"Hughes, Mackenzie",714,TPC Louisiana,sg_ott,1.976143425723861,2026-04-26,0.00017231395802137754,921,TPC Craig Ranch
15556,"Hughes, Mackenzie",21,Colonial Country Club,sg_ott,5.590946741207416,2025-05-25,-0.00011696592106515344,921,TPC Craig Ranch
15556,"Hughes, Mackenzie",205,Spyglass Hill Golf Course,sg_ott,1.7438680715231738,2026-02-15,-0.0009817739327377456,921,TPC Craig Ranch
15556,"Hughes, Mackenzie",744,Torrey Pines (South),sg_ott,1.6303494219182981,2021-06-20,-0.001544113246133125,921,TPC Craig Ranch
15556,"Hughes, Mackenzie",823,Keene Trace Golf Club,sg_ott,0.9577144264939117,2018-07-22,-0.0017220145120882759,921,TPC Craig Ranch
15556,"Hughes, Mackenzie",238,Glen Oaks Club,sg_ott,0.8124461540765495,2017-08-27,-0.00214661482091826,921,TPC Craig Ranch
15556,"Hughes, Mackenzie",887,Kasumigaseki Country Club,sg_ott,1.664948781537463,2021-08-01,-0.0022178173355965193,921,TPC Craig Ranch
15556,"Hughes, Mackenzie",243,Trinity Forest Golf Club,sg_ott,0.5546861506900438,2019-05-12,-0.0028094192619322594,921,TPC Craig Ranch
15556,"Hughes, Mackenzie",926,Silverado Resort (North Course),sg_ott,8.934477333526672,2025-09-14,-0.0033814741364006284,921,TPC Craig Ranch
15556,"Hughes, Mackenzie",746,The Country Club of Jackson,sg_ott,9.782152471730713,2025-10-05,-0.0052215350425293015,921,TPC Craig Ranch
15556,"Hughes, Mackenzie",872,Quail Hollow Club,sg_ott,10.166996161090873,2026-05-10,-0.00587110474169133,921,TPC Craig Ranch
15556,"Hughes, Mackenzie",770,TPC San Antonio - The Oaks Course,sg_ott,3.8846076076601737,2026-04-05,-0.0061137518644104475,921,TPC Craig Ranch
15556,"Hughes, Mackenzie",895,TPC Harding Park,sg_ott,1.3927697092247904,2020-08-09,-0.007954134524668909,921,TPC Craig Ranch
15556,"Hughes, Mackenzie",928,PGA National  - Champion Course,sg_ott,5.444988485278611,2026-03-01,-0.014640574635830347,921,TPC Craig Ranch
15556,"Hughes, Mackenzie",977,The Renaissance Club,sg_ott,6.744034966339422,2025-07-13,-0.030417650976646927,921,TPC Craig Ranch
15556,"Hughes, Mackenzie",921,TPC Craig Ranch,sg_putt,7.675553576571989,2025-05-04,0.059778496496187605,921,TPC Craig Ranch
15556,"Hughes, Mackenzie",665,Innisbrook Resort and Golf Club - Copperhead Course,sg_putt,13.08038135704048,2026-03-22,0.03956031863691174,921,TPC Craig Ranch
15556,"Hughes, Mackenzie",709,Royal Troon,sg_putt,2.864215128908834,2024-07-21,0.025265726456127843,921,TPC Craig Ranch
15556,"Hughes, Mackenzie",893,Muirfield Village Golf Club,sg_putt,1.373406789990266,2020-07-12,0.010004672641855991,921,TPC Craig Ranch
15556,"Hughes, Mackenzie",898,The Concession Golf Club,sg_putt,1.5415591836000346,2021-02-28,0.009769577938818353,921,TPC Craig Ranch
15556,"Hughes, Mackenzie",2000,Sherwood Country Club,sg_putt,1.447436934746801,2020-10-25,0.0038897190770968795,921,TPC Craig Ranch
15556,"Hughes, Mackenzie",668,St. Andrews Links (Old Course),sg_putt,0.9916819684299293,2022-07-17,-0.0029109918340175793,921,TPC Craig Ranch
15556,"Hughes, Mackenzie",510,TPC Scottsdale (Stadium Course),sg_putt,10.043729530586432,2026-02-08,-0.004647705028709845,921,TPC Craig Ranch
15556,"Hughes, Mackenzie",656,Plantation Course at Kapalua,sg_putt,6.9896396143909545,2024-01-07,-0.0173104598678627,921,TPC Craig Ranch
15556,"Hughes, Mackenzie",244,Puntacana Resort (Corales Golf Course),sg_total,2.5136324031086326,2020-09-27,0.021935234391225616,921,TPC Craig Ranch
17488,"Im, Sungjae",656,Plantation Course at Kapalua,sg_app,11.18553727178705,2025-01-05,0.051898640778417014,921,TPC Craig Ranch
17488,"Im, Sungjae",709,Royal Troon,sg_app,2.864215128908834,2024-07-21,0.040290337425776854,921,TPC Craig Ranch
17488,"Im, Sungjae",891,Winged Foot GC,sg_app,1.4223271399131445,2020-09-20,0.02084490703138301,921,TPC Craig Ranch
17488,"Im, Sungjae",406,Castle Pines Golf Club,sg_app,2.914780046239138,2024-08-25,0.016011667472810538,921,TPC Craig Ranch
17488,"Im, Sungjae",688,East Lake Golf Club,sg_app,12.228455187911324,2025-08-24,0.014446065417278843,921,TPC Craig Ranch
17488,"Im, Sungjae",348,Medinah Country Club (No. 3),sg_app,1.1650853674566677,2019-08-18,0.005315643767195895,921,TPC Craig Ranch
17488,"Im, Sungjae",921,TPC Craig Ranch,sg_app,3.306183030916225,2025-05-04,0.004315747118168829,921,TPC Craig Ranch
17488,"Im, Sungjae",875,ACCORDIA GOLF Narashino Country Club,sg_app,3.0080570172775305,2024-10-27,-0.007915324986132408,921,TPC Craig Ranch
17488,"Im, Sungjae",887,Kasumigaseki Country Club,sg_app,1.664948781537463,2021-08-01,-0.013204268067861544,921,TPC Craig Ranch
17488,"Im, Sungjae",379,The Philadelphia Cricket Club (Wissahickon Course),sg_app,3.3177749455416157,2025-05-11,-0.013432283354692891,921,TPC Craig Ranch
17488,"Im, Sungjae",514,Oak Hill Country Club,sg_app,1.1567879787560167,2023-05-21,-0.014579932577740836,921,TPC Craig Ranch
17488,"Im, Sungjae",5,Pebble Beach Golf Links,sg_app,3.951073223777821,2025-02-02,-0.02453072944376688,921,TPC Craig Ranch
17488,"Im, Sungjae",882,Caves Valley Golf Club,sg_app,5.172816760551855,2025-08-17,-0.06096833489178697,921,TPC Craig Ranch
17488,"Im, Sungjae",933,East Lake Golf Club,sg_arg,2.924999650275528,2024-09-01,0.013871174442677731,921,TPC Craig Ranch
17488,"Im, Sungjae",896,Olympia Fields Country Club (North Course),sg_arg,3.828746079611142,2023-08-20,0.01138570462227503,921,TPC Craig Ranch
17488,"Im, Sungjae",348,Medinah Country Club (No. 3),sg_arg,1.1650853674566677,2019-08-18,0.004395305508848122,921,TPC Craig Ranch
17488,"Im, Sungjae",744,Torrey Pines (South),sg_arg,1.6303494219182981,2021-06-20,0.0015724223734278947,921,TPC Craig Ranch
17488,"Im, Sungjae",21,Colonial Country Club,sg_arg,8.600891041858805,2024-05-26,0.0010753991752409052,921,TPC Craig Ranch
17488,"Im, Sungjae",671,Valhalla Golf Club,sg_arg,1.3876992786253213,2024-05-19,-0.0005187432925421793,921,TPC Craig Ranch
17488,"Im, Sungjae",406,Castle Pines Golf Club,sg_arg,2.914780046239138,2024-08-25,-0.0007922265625578749,921,TPC Craig Ranch
17488,"Im, Sungjae",874,Hamilton Golf & Country Club,sg_arg,1.1250127412185955,2019-06-09,-0.001261397972578371,921,TPC Craig Ranch
17488,"Im, Sungjae",886,Liberty National Golf Club,sg_arg,2.8435375426214686,2021-08-22,-0.0013974277415803693,921,TPC Craig Ranch
17488,"Im, Sungjae",243,Trinity Forest Golf Club,sg_arg,0.8320292260350657,2019-05-12,-0.004165593285665667,921,TPC Craig Ranch
17488,"Im, Sungjae",921,TPC Craig Ranch,sg_arg,3.306183030916225,2025-05-04,-0.006428174208941836,921,TPC Craig Ranch
17488,"Im, Sungjae",6,Waialae Country Club,sg_arg,5.800340437310963,2023-01-15,-0.010255462117734133,921,TPC Craig Ranch
17488,"Im, Sungjae",12,Harbour Town Golf Links,sg_ott,16.935212992776822,2026-04-19,0.02312740271720986,921,TPC Craig Ranch
17488,"Im, Sungjae",14,Augusta National Golf Club,sg_ott,13.501149257427215,2026-04-12,0.0101931486743978,921,TPC Craig Ranch
17488,"Im, Sungjae",933,East Lake Golf Club,sg_ott,2.924999650275528,2024-09-01,0.009857617275083821,921,TPC Craig Ranch
17488,"Im, Sungjae",872,Quail Hollow Club,sg_ott,10.946919856682849,2026-05-10,0.006985837799705052,921,TPC Craig Ranch
17488,"Im, Sungjae",514,Oak Hill Country Club,sg_ott,1.1567879787560167,2023-05-21,0.005821787973113356,921,TPC Craig Ranch
17488,"Im, Sungjae",714,TPC Louisiana,sg_ott,2.2814115701682156,2023-04-23,0.005070487693192864,921,TPC Craig Ranch
17488,"Im, Sungjae",895,TPC Harding Park,sg_ott,0.6963848546123952,2020-08-09,0.004481193735047382,921,TPC Craig Ranch
17488,"Im, Sungjae",891,Winged Foot GC,sg_ott,1.4223271399131445,2020-09-20,0.003436152042723369,921,TPC Craig Ranch
17488,"Im, Sungjae",697,Ocean Course at Kiawah Island,sg_ott,1.6076835612440104,2021-05-23,0.003253404688403773,921,TPC Craig Ranch
17488,"Im, Sungjae",21,Colonial Country Club,sg_ott,8.600891041858805,2024-05-26,0.0026135136768193185,921,TPC Craig Ranch
17488,"Im, Sungjae",671,Valhalla Golf Club,sg_ott,1.3876992786253213,2024-05-19,0.0023745304462066087,921,TPC Craig Ranch
17488,"Im, Sungjae",5,Pebble Beach Golf Links,sg_ott,3.951073223777821,2025-02-02,0.0017102040507567277,921,TPC Craig Ranch
17488,"Im, Sungjae",746,The Country Club of Jackson,sg_ott,4.336201601543891,2021-10-03,0.001327452780236254,921,TPC Craig Ranch
17488,"Im, Sungjae",241,Quail Hollow-PGA Championship,sg_ott,1.6647037514757894,2025-05-18,0.0006585926136088546,921,TPC Craig Ranch
17488,"Im, Sungjae",893,Muirfield Village Golf Club,sg_ott,1.373406789990266,2020-07-12,0.0003784801219378498,921,TPC Craig Ranch
17488,"Im, Sungjae",528,Pinehurst Resort & Country Club (Course No. 2),sg_ott,1.4072636999239956,2024-06-16,0.00033951956176111054,921,TPC Craig Ranch
17488,"Im, Sungjae",887,Kasumigaseki Country Club,sg_ott,1.664948781537463,2021-08-01,0.0003341384212883121,921,TPC Craig Ranch
17488,"Im, Sungjae",901,Wilmington Country Club,sg_ott,2.0183782877342047,2022-08-21,-0.0008930106891165378,921,TPC Craig Ranch
17488,"Im, Sungjae",770,TPC San Antonio - The Oaks Course,sg_ott,1.0901271721360504,2019-04-07,-0.0009824366494550613,921,TPC Craig Ranch
17488,"Im, Sungjae",379,The Philadelphia Cricket Club (Wissahickon Course),sg_ott,3.3177749455416157,2025-05-11,-0.0016960490353100785,921,TPC Craig Ranch
17488,"Im, Sungjae",205,Spyglass Hill Golf Course,sg_ott,0.7897806739328027,2025-02-02,-0.0021202419024675626,921,TPC Craig Ranch
17488,"Im, Sungjae",654,The Country Club,sg_ott,0.9778951537585142,2022-06-19,-0.002337446326162029,921,TPC Craig Ranch
17488,"Im, Sungjae",243,Trinity Forest Golf Club,sg_ott,0.8320292260350657,2019-05-12,-0.0034557544453113153,921,TPC Craig Ranch
17488,"Im, Sungjae",348,Medinah Country Club (No. 3),sg_ott,1.1650853674566677,2019-08-18,-0.004918448062594042,921,TPC Craig Ranch
17488,"Im, Sungjae",928,PGA National  - Champion Course,sg_ott,2.937118971207176,2025-03-02,-0.005758887601070876,921,TPC Craig Ranch
17488,"Im, Sungjae",744,Torrey Pines (South),sg_ott,1.6303494219182981,2021-06-20,-0.006301945964653396,921,TPC Craig Ranch
17488,"Im, Sungjae",8,Trump National Doral - Blue Monster Course,sg_ott,3.966144091451867,2026-05-03,-0.007382386428861105,921,TPC Craig Ranch
17488,"Im, Sungjae",4,Torrey Pines Golf Course (South Course),sg_ott,8.899106543248726,2025-01-25,-0.009066553745740624,921,TPC Craig Ranch
17488,"Im, Sungjae",921,TPC Craig Ranch,sg_ott,3.306183030916225,2025-05-04,-0.011150082158178781,921,TPC Craig Ranch
17488,"Im, Sungjae",876,Detroit Golf Club,sg_ott,6.509972568240438,2023-07-02,-0.01622631690268839,921,TPC Craig Ranch
17488,"Im, Sungjae",897,Memorial Park Golf Course,sg_ott,10.358466830259708,2026-03-29,-0.019216252051600078,921,TPC Craig Ranch
17488,"Im, Sungjae",977,The Renaissance Club,sg_ott,6.744034966339422,2025-07-13,-0.03333675938833761,921,TPC Craig Ranch
17488,"Im, Sungjae",709,Royal Troon,sg_putt,2.864215128908834,2024-07-21,0.02531614144189624,921,TPC Craig Ranch
17488,"Im, Sungjae",656,Plantation Course at Kapalua,sg_putt,11.18553727178705,2025-01-05,0.022650946156745424,921,TPC Craig Ranch
17488,"Im, Sungjae",921,TPC Craig Ranch,sg_putt,3.306183030916225,2025-05-04,0.011192754226650711,921,TPC Craig Ranch
17488,"Im, Sungjae",898,The Concession Golf Club,sg_putt,1.5415591836000346,2021-02-28,0.00719370193005064,921,TPC Craig Ranch
17488,"Im, Sungjae",724,Royal Liverpool,sg_putt,2.387613570697432,2023-07-23,0.0050828385531941096,921,TPC Craig Ranch
17488,"Im, Sungjae",665,Innisbrook Resort and Golf Club - Copperhead Course,sg_putt,7.906520271592642,2026-03-22,-0.0009305487096148187,921,TPC Craig Ranch
17488,"Im, Sungjae",406,Castle Pines Golf Club,sg_putt,2.914780046239138,2024-08-25,-0.007906444777577772,921,TPC Craig Ranch
17488,"Im, Sungjae",510,TPC Scottsdale (Stadium Course),sg_putt,11.864785874421562,2025-02-09,-0.00878467026217114,921,TPC Craig Ranch
17488,"Im, Sungjae",893,Muirfield Village Golf Club,sg_putt,1.373406789990266,2020-07-12,-0.009423039775770917,921,TPC Craig Ranch
17488,"Im, Sungjae",2000,Sherwood Country Club,sg_putt,1.447436934746801,2020-10-25,-0.01620816450441526,921,TPC Craig Ranch
17488,"Im, Sungjae",232,Albany GC,sg_putt,3.0718941586268245,2024-12-08,-0.03001203015364111,921,TPC Craig Ranch
17488,"Im, Sungjae",668,St. Andrews Links (Old Course),sg_putt,1.9833639368598586,2022-07-17,-0.03304548297959806,921,TPC Craig Ranch
17488,"Im, Sungjae",630,Fox Den CC,sg_total,0.92477423745053,2018-05-13,0.00619342553091703,921,TPC Craig Ranch
17488,"Im, Sungjae",244,Puntacana Resort (Corales Golf Course),sg_total,1.0863183962794478,2019-03-31,0.003643680627715197,921,TPC Craig Ranch
17488,"Im, Sungjae",804,The Country Club of Virginia,sg_total,0.6863361811356673,2018-04-22,0.0034055885994552066,921,TPC Craig Ranch
17488,"Im, Sungjae",806,Furman University Golf Club,sg_total,0.23200415453447004,2018-05-20,-0.00011596456348929189,921,TPC Craig Ranch
16394,"Jaeger, Stephan",514,Oak Hill Country Club,sg_app,2.3135759575120334,2023-05-21,0.010283289945123918,921,TPC Craig Ranch
16394,"Jaeger, Stephan",379,The Philadelphia Cricket Club (Wissahickon Course),sg_app,3.3177749455416157,2025-05-11,0.009285020957770293,921,TPC Craig Ranch
16394,"Jaeger, Stephan",656,Plantation Course at Kapalua,sg_app,3.1152031322856195,2025-01-05,0.003923245272592847,921,TPC Craig Ranch
16394,"Jaeger, Stephan",709,Royal Troon,sg_app,1.432107564454417,2024-07-21,-0.003938830005928888,921,TPC Craig Ranch
16394,"Jaeger, Stephan",891,Winged Foot GC,sg_app,2.844654279826289,2020-09-20,-0.0054264641516089,921,TPC Craig Ranch
16394,"Jaeger, Stephan",772,St. George's G&CC,sg_app,0.9744785033464105,2022-06-12,-0.012153170624054731,921,TPC Craig Ranch
16394,"Jaeger, Stephan",406,Castle Pines Golf Club,sg_app,2.914780046239138,2024-08-25,-0.03265439994438978,921,TPC Craig Ranch
16394,"Jaeger, Stephan",5,Pebble Beach Golf Links,sg_app,7.7126454879514235,2026-02-15,-0.04565390020573738,921,TPC Craig Ranch
16394,"Jaeger, Stephan",921,TPC Craig Ranch,sg_app,10.289575951116946,2025-05-04,-0.10583588485941878,921,TPC Craig Ranch
16394,"Jaeger, Stephan",930,Black Desert Resort,sg_arg,6.5955820378194945,2025-10-26,0.024589335512737523,921,TPC Craig Ranch
16394,"Jaeger, Stephan",921,TPC Craig Ranch,sg_arg,10.289575951116946,2025-05-04,0.01445671608824756,921,TPC Craig Ranch
16394,"Jaeger, Stephan",874,Hamilton Golf & Country Club,sg_arg,1.1250127412185955,2019-06-09,0.005073977621268366,921,TPC Craig Ranch
16394,"Jaeger, Stephan",243,Trinity Forest Golf Club,sg_arg,1.5733806104490276,2019-05-12,0.001876485785087894,921,TPC Craig Ranch
16394,"Jaeger, Stephan",660,Montreux Golf & Country Club,sg_arg,0.5764579861147145,2019-07-28,-0.0005003537665342984,921,TPC Craig Ranch
16394,"Jaeger, Stephan",6,Waialae Country Club,sg_arg,10.72645320472855,2025-01-12,-0.004113961345774592,921,TPC Craig Ranch
16394,"Jaeger, Stephan",21,Colonial Country Club,sg_arg,3.2893686334989516,2023-05-28,-0.010076407321224255,921,TPC Craig Ranch
16394,"Jaeger, Stephan",406,Castle Pines Golf Club,sg_arg,2.914780046239138,2024-08-25,-0.010557243213332143,921,TPC Craig Ranch
16394,"Jaeger, Stephan",671,Valhalla Golf Club,sg_arg,2.7753985572506426,2024-05-19,-0.01430532939283828,921,TPC Craig Ranch
16394,"Jaeger, Stephan",921,TPC Craig Ranch,sg_ott,10.289575951116946,2025-05-04,0.07303182451128065,921,TPC Craig Ranch
16394,"Jaeger, Stephan",4,Torrey Pines Golf Course (South Course),sg_ott,8.70049596557336,2026-02-01,0.01870267620502497,921,TPC Craig Ranch
16394,"Jaeger, Stephan",514,Oak Hill Country Club,sg_ott,2.3135759575120334,2023-05-21,0.01824731564595441,921,TPC Craig Ranch
16394,"Jaeger, Stephan",872,Quail Hollow Club,sg_ott,6.076658853477996,2024-05-12,0.014802185171358647,921,TPC Craig Ranch
16394,"Jaeger, Stephan",21,Colonial Country Club,sg_ott,3.2893686334989516,2023-05-28,0.012267052875196683,921,TPC Craig Ranch
16394,"Jaeger, Stephan",977,The Renaissance Club,sg_ott,0.9882171485122834,2022-07-10,0.00973581224930134,921,TPC Craig Ranch
16394,"Jaeger, Stephan",928,PGA National  - Champion Course,sg_ott,3.256867120842504,2026-03-01,0.009035608548693327,921,TPC Craig Ranch
16394,"Jaeger, Stephan",379,The Philadelphia Cricket Club (Wissahickon Course),sg_ott,3.3177749455416157,2025-05-11,0.008603056061992808,921,TPC Craig Ranch
16394,"Jaeger, Stephan",897,Memorial Park Golf Course,sg_ott,13.714045362175707,2026-03-29,0.007667879982154847,921,TPC Craig Ranch
16394,"Jaeger, Stephan",205,Spyglass Hill Golf Course,sg_ott,1.7438680715231738,2026-02-15,0.007531710692353417,921,TPC Craig Ranch
16394,"Jaeger, Stephan",926,Silverado Resort (North Course),sg_ott,2.4554114921712684,2023-09-17,0.0051184016105892145,921,TPC Craig Ranch
16394,"Jaeger, Stephan",772,St. George's G&CC,sg_ott,0.9744785033464105,2022-06-12,0.004135485804043804,921,TPC Craig Ranch
16394,"Jaeger, Stephan",823,Keene Trace Golf Club,sg_ott,0.9577144264939117,2018-07-22,0.0023566882180226876,921,TPC Craig Ranch
16394,"Jaeger, Stephan",250,Le Golf National,sg_ott,2.884334972106428,2024-08-04,0.001050718700291141,921,TPC Craig Ranch
16394,"Jaeger, Stephan",243,Trinity Forest Golf Club,sg_ott,1.5733806104490276,2019-05-12,0.00016400340541111852,921,TPC Craig Ranch
16394,"Jaeger, Stephan",528,Pinehurst Resort & Country Club (Course No. 2),sg_ott,2.814527399847991,2024-06-16,4.2218622534552575e-05,921,TPC Craig Ranch
16394,"Jaeger, Stephan",32,Glen Abbey GC,sg_ott,0.9610722998371628,2018-07-29,-0.0004014801489954443,921,TPC Craig Ranch
16394,"Jaeger, Stephan",12,Harbour Town Golf Links,sg_ott,8.104226118033468,2025-04-20,-0.0034124380642673795,921,TPC Craig Ranch
16394,"Jaeger, Stephan",5,Pebble Beach Golf Links,sg_ott,7.7126454879514235,2026-02-15,-0.004666307489648731,921,TPC Craig Ranch
16394,"Jaeger, Stephan",891,Winged Foot GC,sg_ott,2.844654279826289,2020-09-20,-0.005448634206859418,921,TPC Craig Ranch
16394,"Jaeger, Stephan",671,Valhalla Golf Club,sg_ott,2.7753985572506426,2024-05-19,-0.005690876150664438,921,TPC Craig Ranch
16394,"Jaeger, Stephan",770,TPC San Antonio - The Oaks Course,sg_ott,5.854587709789676,2026-04-05,-0.007566730733492463,921,TPC Craig Ranch
16394,"Jaeger, Stephan",876,Detroit Golf Club,sg_ott,8.045596065667931,2025-06-29,-0.01289157595618976,921,TPC Craig Ranch
16394,"Jaeger, Stephan",746,The Country Club of Jackson,sg_ott,14.406863521817298,2025-10-05,-0.01688966207745543,921,TPC Craig Ranch
16394,"Jaeger, Stephan",14,Augusta National Golf Club,sg_ott,4.635275524787419,2025-04-13,-0.019668470367841116,921,TPC Craig Ranch
16394,"Jaeger, Stephan",714,TPC Louisiana,sg_ott,1.976143425723861,2026-04-26,-0.023394496874316533,921,TPC Craig Ranch
16394,"Jaeger, Stephan",241,Quail Hollow-PGA Championship,sg_ott,3.329407502951579,2025-05-18,-0.03199357706023333,921,TPC Craig Ranch
16394,"Jaeger, Stephan",406,Castle Pines Golf Club,sg_putt,2.914780046239138,2024-08-25,0.04131294487851241,921,TPC Craig Ranch
16394,"Jaeger, Stephan",510,TPC Scottsdale (Stadium Course),sg_putt,7.269025629862599,2026-02-08,0.011922196801299948,921,TPC Craig Ranch
16394,"Jaeger, Stephan",656,Plantation Course at Kapalua,sg_putt,3.1152031322856195,2025-01-05,-0.002478972851837518,921,TPC Craig Ranch
16394,"Jaeger, Stephan",665,Innisbrook Resort and Golf Club - Copperhead Course,sg_putt,11.734792140119378,2026-03-22,-0.00813240703101577,921,TPC Craig Ranch
16394,"Jaeger, Stephan",660,Montreux Golf & Country Club,sg_putt,0.5764579861147145,2019-07-28,-0.008228065731921872,921,TPC Craig Ranch
16394,"Jaeger, Stephan",921,TPC Craig Ranch,sg_putt,10.289575951116946,2025-05-04,-0.00900851679956741,921,TPC Craig Ranch
16394,"Jaeger, Stephan",709,Royal Troon,sg_putt,1.432107564454417,2024-07-21,-0.01961268110270325,921,TPC Craig Ranch
16394,"Jaeger, Stephan",630,Fox Den CC,sg_total,1.734381800419977,2018-05-13,0.01305591437011294,921,TPC Craig Ranch
16394,"Jaeger, Stephan",809,Country Club de Bogota-Pacos,sg_total,0.3179058529315635,2020-02-09,0.005373693341030973,921,TPC Craig Ranch
16394,"Jaeger, Stephan",56,Atlantic Beach Country Club,sg_total,1.4002757212518024,2018-09-20,0.004154252693103361,921,TPC Craig Ranch
16394,"Jaeger, Stephan",803,University Ridge GC,sg_total,0.19339897420195362,2017-05-21,0.0033899506678983444,921,TPC Craig Ranch
16394,"Jaeger, Stephan",244,Puntacana Resort (Corales Golf Course),sg_total,3.5520037524062333,2021-03-28,0.0020041154516255034,921,TPC Craig Ranch
16394,"Jaeger, Stephan",50,Corales Golf Club,sg_total,0.38409981724150816,2017-05-07,0.000515578525577873,921,TPC Craig Ranch
16394,"Jaeger, Stephan",818,Chambers Bay GC,sg_total,0.13628595368393343,2015-06-21,-0.0005437571773320189,921,TPC Craig Ranch
16394,"Jaeger, Stephan",62,The Ledges,sg_total,0.7954455990186683,2021-05-02,-0.002662092870046542,921,TPC Craig Ranch
16394,"Jaeger, Stephan",236,Erin Hills,sg_total,1.5690048135878913,2017-06-18,-0.003224501119330423,921,TPC Craig Ranch
16394,"Jaeger, Stephan",67,The King & Bear Course at WGV,sg_total,0.6791910512898782,2020-06-20,-0.0036578997284833024,921,TPC Craig Ranch
16394,"Jaeger, Stephan",742,Grand Reserve Golf Club,sg_total,1.7212796104966686,2021-02-28,-0.0065279812004891925,921,TPC Craig Ranch
16394,"Jaeger, Stephan",811,Paiute Golf Resort - Sun Mt GC,sg_total,0.7898969228492065,2021-04-18,-0.01350444752089873,921,TPC Craig Ranch
19729,"Kanaya, Takumi",921,TPC Craig Ranch,sg_app,3.306183030916225,2025-05-04,0.04181187004111533,921,TPC Craig Ranch
19729,"Kanaya, Takumi",875,ACCORDIA GOLF Narashino Country Club,sg_app,3.0080570172775305,2024-10-27,0.0128284781106976,921,TPC Craig Ranch
19729,"Kanaya, Takumi",934,Hurstbourne Country Club,sg_app,1.7119741538578583,2025-07-13,0.01273183012295591,921,TPC Craig Ranch
19729,"Kanaya, Takumi",930,Black Desert Resort,sg_arg,3.608507893926066,2025-10-26,0.009032410025152005,921,TPC Craig Ranch
19729,"Kanaya, Takumi",921,TPC Craig Ranch,sg_arg,3.306183030916225,2025-05-04,0.007716272280702394,921,TPC Craig Ranch
19729,"Kanaya, Takumi",671,Valhalla Golf Club,sg_arg,1.3876992786253213,2024-05-19,0.006348227761263027,921,TPC Craig Ranch
19729,"Kanaya, Takumi",21,Colonial Country Club,sg_arg,1.670540422822544,2025-05-25,0.002371677796504094,921,TPC Craig Ranch
19729,"Kanaya, Takumi",6,Waialae Country Club,sg_arg,8.289512057836067,2026-01-18,-0.010770248626362352,921,TPC Craig Ranch
19729,"Kanaya, Takumi",928,PGA National  - Champion Course,sg_ott,3.8431577566092927,2026-03-01,0.01268839529217947,921,TPC Craig Ranch
19729,"Kanaya, Takumi",528,Pinehurst Resort & Country Club (Course No. 2),sg_ott,1.4072636999239956,2024-06-16,0.012374730256160834,921,TPC Craig Ranch
19729,"Kanaya, Takumi",241,Quail Hollow-PGA Championship,sg_ott,1.6647037514757894,2025-05-18,0.00806057489422855,921,TPC Craig Ranch
19729,"Kanaya, Takumi",746,The Country Club of Jackson,sg_ott,3.57081678564474,2025-10-05,0.006138732306894277,921,TPC Craig Ranch
19729,"Kanaya, Takumi",14,Augusta National Golf Club,sg_ott,0.9442608570012471,2022-04-10,0.003328434025118609,921,TPC Craig Ranch
19729,"Kanaya, Takumi",4,Torrey Pines Golf Course (South Course),sg_ott,1.734059967568352,2026-02-01,-0.00020513014515351202,921,TPC Craig Ranch
19729,"Kanaya, Takumi",21,Colonial Country Club,sg_ott,1.670540422822544,2025-05-25,-0.0003231792785685552,921,TPC Craig Ranch
19729,"Kanaya, Takumi",671,Valhalla Golf Club,sg_ott,1.3876992786253213,2024-05-19,-0.0004641438251008476,921,TPC Craig Ranch
19729,"Kanaya, Takumi",12,Harbour Town Golf Links,sg_ott,0.9475715603519396,2022-04-17,-0.0027614429940662367,921,TPC Craig Ranch
19729,"Kanaya, Takumi",697,Ocean Course at Kiawah Island,sg_ott,0.8038417806220052,2021-05-23,-0.0027819060557202624,921,TPC Craig Ranch
19729,"Kanaya, Takumi",926,Silverado Resort (North Course),sg_ott,1.7667596817655018,2025-09-14,-0.004630036523333418,921,TPC Craig Ranch
19729,"Kanaya, Takumi",876,Detroit Golf Club,sg_ott,3.4000643609015926,2025-06-29,-0.005112684463951725,921,TPC Craig Ranch
19729,"Kanaya, Takumi",897,Memorial Park Golf Course,sg_ott,5.521754431858875,2026-03-29,-0.014956844006777523,921,TPC Craig Ranch
19729,"Kanaya, Takumi",770,TPC San Antonio - The Oaks Course,sg_ott,6.482076153466224,2026-04-05,-0.021231116844465003,921,TPC Craig Ranch
19729,"Kanaya, Takumi",714,TPC Louisiana,sg_ott,7.246918468522029,2026-04-26,-0.021578950735961874,921,TPC Craig Ranch
19729,"Kanaya, Takumi",921,TPC Craig Ranch,sg_ott,3.306183030916225,2025-05-04,-0.03785326988921501,921,TPC Craig Ranch
19729,"Kanaya, Takumi",921,TPC Craig Ranch,sg_putt,3.306183030916225,2025-05-04,0.11670924055617612,921,TPC Craig Ranch
19729,"Kanaya, Takumi",510,TPC Scottsdale (Stadium Course),sg_putt,3.8030157146893075,2026-02-08,0.015310061276921685,921,TPC Craig Ranch
19729,"Kanaya, Takumi",668,St. Andrews Links (Old Course),sg_putt,0.9916819684299293,2022-07-17,-0.0024157071449909056,921,TPC Craig Ranch
19729,"Kanaya, Takumi",724,Royal Liverpool,sg_putt,1.193806785348716,2023-07-23,-0.007545228210217654,921,TPC Craig Ranch
19729,"Kanaya, Takumi",665,Innisbrook Resort and Golf Club - Copperhead Course,sg_putt,5.5024620726702285,2026-03-22,-0.021935469595136148,921,TPC Craig Ranch
19729,"Kanaya, Takumi",4201,pgm ishioka gc,sg_total,2.2814115701682156,2023-04-23,0.014490465648037553,921,TPC Craig Ranch
19729,"Kanaya, Takumi",4177,houghton gc,sg_total,1.5201277252838563,2021-01-31,0.00657923053990371,921,TPC Craig Ranch
19729,"Kanaya, Takumi",3978,yas links,sg_total,1.817195468302782,2022-01-23,0.005579420118133393,921,TPC Craig Ranch
19729,"Kanaya, Takumi",3867,mount juliet estate,sg_total,1.6418019047975365,2021-07-04,0.004368961932088629,921,TPC Craig Ranch
19729,"Kanaya, Takumi",4175,royal queensland gc,sg_total,2.119741953270274,2022-11-27,0.0010879507741989613,921,TPC Craig Ranch
19729,"Kanaya, Takumi",4192,carnoustie,sg_total,0.5153031039951417,2022-10-02,-0.0005245143856289473,921,TPC Craig Ranch
19729,"Kanaya, Takumi",4180,victoria gc,sg_total,1.595380536515077,2022-12-04,-0.0038002752526381167,921,TPC Craig Ranch
19729,"Kanaya, Takumi",244,Puntacana Resort (Corales Golf Course),sg_total,1.6415602812554495,2025-04-20,-0.0048230706946069644,921,TPC Craig Ranch
21889,"Kang, Jeffrey",921,TPC Craig Ranch,sg_app,1.1527462978977543,2023-05-14,-0.014431215703981943,921,TPC Craig Ranch
21889,"Kang, Jeffrey",921,TPC Craig Ranch,sg_arg,1.1527462978977543,2023-05-14,-0.012234637610222476,921,TPC Craig Ranch
21889,"Kang, Jeffrey",714,TPC Louisiana,sg_ott,3.952286851447722,2026-04-26,0.04932951910701664,921,TPC Craig Ranch
21889,"Kang, Jeffrey",770,TPC San Antonio - The Oaks Course,sg_ott,3.9110049487733454,2026-04-05,0.0256206682758167,921,TPC Craig Ranch
21889,"Kang, Jeffrey",897,Memorial Park Golf Course,sg_ott,3.8973403584349975,2026-03-29,0.01126816713671653,921,TPC Craig Ranch
21889,"Kang, Jeffrey",4,Torrey Pines Golf Course (South Course),sg_ott,0.9474321065017983,2026-02-01,-0.017361463906335584,921,TPC Craig Ranch
21889,"Kang, Jeffrey",921,TPC Craig Ranch,sg_ott,1.1527462978977543,2023-05-14,-0.02010379742782385,921,TPC Craig Ranch
21889,"Kang, Jeffrey",928,PGA National  - Champion Course,sg_ott,1.9215788783046464,2026-03-01,-0.03593273123832372,921,TPC Craig Ranch
21889,"Kang, Jeffrey",510,TPC Scottsdale (Stadium Course),sg_putt,1.9015078573446538,2026-02-08,-0.006683334372498228,921,TPC Craig Ranch
21889,"Kang, Jeffrey",665,Innisbrook Resort and Golf Club - Copperhead Course,sg_putt,1.9418617552823885,2026-03-22,-0.009380588257556666,921,TPC Craig Ranch
21889,"Kang, Jeffrey",921,TPC Craig Ranch,sg_putt,1.1527462978977543,2023-05-14,-0.024285392595663854,921,TPC Craig Ranch
21889,"Kang, Jeffrey",108,Prince of Wales Country Club,sg_total,3.214893917778624,2025-03-09,0.012599706402843771,921,TPC Craig Ranch
21889,"Kang, Jeffrey",809,Country Club de Bogota-Pacos,sg_total,1.4532202827484073,2025-02-09,0.0016374987991863356,921,TPC Craig Ranch
21889,"Kang, Jeffrey",630,Fox Den CC,sg_total,1.1132619072745946,2019-05-19,-0.009206268065617139,921,TPC Craig Ranch
32457,"Keefer, Johnny",6,Waialae Country Club,sg_arg,3.7632929591040387,2026-01-18,-0.011099281149671977,921,TPC Craig Ranch
32457,"Keefer, Johnny",4,Torrey Pines Golf Course (South Course),sg_ott,2.8422963195053947,2026-02-01,0.04136343088209888,921,TPC Craig Ranch
32457,"Keefer, Johnny",897,Memorial Park Golf Course,sg_ott,3.8973403584349975,2026-03-29,0.023508972146917363,921,TPC Craig Ranch
32457,"Keefer, Johnny",928,PGA National  - Champion Course,sg_ott,1.9215788783046464,2026-03-01,-0.001264734461412177,921,TPC Craig Ranch
32457,"Keefer, Johnny",770,TPC San Antonio - The Oaks Course,sg_ott,1.9555024743866727,2026-04-05,-0.00817367216213766,921,TPC Craig Ranch
32457,"Keefer, Johnny",714,TPC Louisiana,sg_ott,1.976143425723861,2026-04-26,-0.008911499479486086,921,TPC Craig Ranch
32457,"Keefer, Johnny",14,Augusta National Golf Club,sg_ott,1.962358724485612,2026-04-12,-0.01440555591676601,921,TPC Craig Ranch
32457,"Keefer, Johnny",12,Harbour Town Golf Links,sg_ott,3.9384780270069317,2026-04-19,-0.01831496880188355,921,TPC Craig Ranch
32457,"Keefer, Johnny",510,TPC Scottsdale (Stadium Course),sg_putt,3.8030157146893075,2026-02-08,-0.00907153331972228,921,TPC Craig Ranch
32457,"Keefer, Johnny",665,Innisbrook Resort and Golf Club - Copperhead Course,sg_putt,1.9418617552823885,2026-03-22,-0.018868495115910305,921,TPC Craig Ranch
32457,"Keefer, Johnny",809,Country Club de Bogota-Pacos,sg_total,0.7925497493467781,2025-02-09,0.01719729923546625,921,TPC Craig Ranch
32457,"Keefer, Johnny",98,PGA Riviera Maya,sg_total,1.6530915154581125,2025-05-04,0.012211494930452338,921,TPC Craig Ranch
32457,"Keefer, Johnny",108,Prince of Wales Country Club,sg_total,3.214893917778624,2025-03-09,0.007023831200337757,921,TPC Craig Ranch
15004,"Kim, Chan",934,Hurstbourne Country Club,sg_app,3.4239483077157167,2025-07-13,0.032497428164816475,921,TPC Craig Ranch
15004,"Kim, Chan",5,Pebble Beach Golf Links,sg_app,0.45749011548373314,2022-02-06,0.005561703997693574,921,TPC Craig Ranch
15004,"Kim, Chan",875,ACCORDIA GOLF Narashino Country Club,sg_app,3.0080570172775305,2024-10-27,0.00141712670919244,921,TPC Craig Ranch
15004,"Kim, Chan",921,TPC Craig Ranch,sg_app,3.0311108185738744,2025-05-04,-0.016335889636275597,921,TPC Craig Ranch
15004,"Kim, Chan",921,TPC Craig Ranch,sg_arg,3.0311108185738744,2025-05-04,0.003180038593261711,921,TPC Craig Ranch
15004,"Kim, Chan",930,Black Desert Resort,sg_arg,4.791328090856462,2025-10-26,0.0009874793803444704,921,TPC Craig Ranch
15004,"Kim, Chan",874,Hamilton Golf & Country Club,sg_arg,1.3974472516771892,2024-06-02,0.0007375068416928243,921,TPC Craig Ranch
15004,"Kim, Chan",744,Torrey Pines (South),sg_arg,0.8151747109591491,2021-06-20,-0.004167093202919722,921,TPC Craig Ranch
15004,"Kim, Chan",21,Colonial Country Club,sg_arg,3.063105158506086,2025-05-25,-0.006478788384182677,921,TPC Craig Ranch
15004,"Kim, Chan",6,Waialae Country Club,sg_arg,5.334519828012354,2025-01-12,-0.018546405072672172,921,TPC Craig Ranch
15004,"Kim, Chan",876,Detroit Golf Club,sg_ott,4.817213465275262,2025-06-29,0.045198158395480505,921,TPC Craig Ranch
15004,"Kim, Chan",714,TPC Louisiana,sg_ott,3.6234592342610146,2026-04-26,0.01750990363860685,921,TPC Craig Ranch
15004,"Kim, Chan",926,Silverado Resort (North Course),sg_ott,4.712306159589902,2025-09-14,0.005691918555603956,921,TPC Craig Ranch
15004,"Kim, Chan",897,Memorial Park Golf Course,sg_ott,5.957055644840414,2025-03-30,0.005420808351794256,921,TPC Craig Ranch
15004,"Kim, Chan",697,Ocean Course at Kiawah Island,sg_ott,1.6076835612440104,2021-05-23,0.0033597223527837543,921,TPC Craig Ranch
15004,"Kim, Chan",654,The Country Club,sg_ott,0.9778951537585142,2022-06-19,0.0033574552361892887,921,TPC Craig Ranch
15004,"Kim, Chan",746,The Country Club of Jackson,sg_ott,6.547454444537204,2025-10-05,0.002304448158252666,921,TPC Craig Ranch
15004,"Kim, Chan",4,Torrey Pines Golf Course (South Course),sg_ott,3.015617622593102,2025-01-25,0.0013446167869960314,921,TPC Craig Ranch
15004,"Kim, Chan",744,Torrey Pines (South),sg_ott,0.8151747109591491,2021-06-20,0.000277999388166131,921,TPC Craig Ranch
15004,"Kim, Chan",5,Pebble Beach Golf Links,sg_ott,0.45749011548373314,2022-02-06,-0.008669776745687042,921,TPC Craig Ranch
15004,"Kim, Chan",928,PGA National  - Champion Course,sg_ott,9.717395699023644,2026-03-01,-0.013585313159829911,921,TPC Craig Ranch
15004,"Kim, Chan",770,TPC San Antonio - The Oaks Course,sg_ott,7.933444343555253,2026-04-05,-0.014385966864073526,921,TPC Craig Ranch
15004,"Kim, Chan",21,Colonial Country Club,sg_ott,3.063105158506086,2025-05-25,-0.021076823685228254,921,TPC Craig Ranch
15004,"Kim, Chan",921,TPC Craig Ranch,sg_ott,3.0311108185738744,2025-05-04,-0.06152692575020673,921,TPC Craig Ranch
15004,"Kim, Chan",898,The Concession Golf Club,sg_putt,1.5415591836000346,2021-02-28,0.008501189041566954,921,TPC Craig Ranch
15004,"Kim, Chan",668,St. Andrews Links (Old Course),sg_putt,0.9916819684299293,2022-07-17,-0.001386513428350856,921,TPC Craig Ranch
15004,"Kim, Chan",665,Innisbrook Resort and Golf Club - Copperhead Course,sg_putt,4.317503832412941,2025-03-23,-0.006079185850560848,921,TPC Craig Ranch
15004,"Kim, Chan",510,TPC Scottsdale (Stadium Course),sg_putt,1.5850994986935563,2025-02-09,-0.01058583448545017,921,TPC Craig Ranch
15004,"Kim, Chan",2000,Sherwood Country Club,sg_putt,1.447436934746801,2020-10-25,-0.017181134205368168,921,TPC Craig Ranch
15004,"Kim, Chan",921,TPC Craig Ranch,sg_putt,3.0311108185738744,2025-05-04,-0.04441799996688363,921,TPC Craig Ranch
15004,"Kim, Chan",244,Puntacana Resort (Corales Golf Course),sg_total,6.019934264166448,2025-04-20,0.030904907097155383,921,TPC Craig Ranch
15004,"Kim, Chan",809,Country Club de Bogota-Pacos,sg_total,0.550735842216777,2023-02-12,0.0028248586151939613,921,TPC Craig Ranch
15004,"Kim, Chan",62,The Ledges,sg_total,1.1447052503132664,2023-04-30,-0.0016519200783544233,921,TPC Craig Ranch
15004,"Kim, Chan",236,Erin Hills,sg_total,0.39225120339697284,2017-06-18,-0.001730378516937132,921,TPC Craig Ranch
15004,"Kim, Chan",742,Grand Reserve Golf Club,sg_total,4.5356999635212425,2024-03-10,-0.0024043055542356533,921,TPC Craig Ranch
15004,"Kim, Chan",4201,pgm ishioka gc,sg_total,1.1407057850841078,2023-04-23,-0.008573886399722787,921,TPC Craig Ranch
15004,"Kim, Chan",98,PGA Riviera Maya,sg_total,3.9384780270069317,2026-04-19,-0.014879619985049337,921,TPC Craig Ranch
24766,"Kim, Joohyung",921,TPC Craig Ranch,sg_app,1.921861718173689,2022-05-15,0.06140272795071408,921,TPC Craig Ranch
24766,"Kim, Joohyung",921,TPC Craig Ranch,sg_arg,1.921861718173689,2022-05-15,0.012445423010057492,921,TPC Craig Ranch
24766,"Kim, Joohyung",977,The Renaissance Club,sg_ott,1.9764342970245667,2022-07-10,0.01029908241649074,921,TPC Craig Ranch
24766,"Kim, Joohyung",876,Detroit Golf Club,sg_ott,1.9972961904153328,2022-07-31,0.0035317464883767,921,TPC Craig Ranch
24766,"Kim, Joohyung",654,The Country Club,sg_ott,1.9557903075170284,2022-06-19,0.003018030003011517,921,TPC Craig Ranch
24766,"Kim, Joohyung",921,TPC Craig Ranch,sg_ott,1.921861718173689,2022-05-15,0.0002924201632362759,921,TPC Craig Ranch
24766,"Kim, Joohyung",901,Wilmington Country Club,sg_ott,2.0183782877342047,2022-08-21,-0.005365016582469563,921,TPC Craig Ranch
24766,"Kim, Joohyung",668,St. Andrews Links (Old Course),sg_putt,1.9833639368598586,2022-07-17,0.0035121316758123093,921,TPC Craig Ranch
24766,"Kim, Joohyung",921,TPC Craig Ranch,sg_putt,1.921861718173689,2022-05-15,-0.006641662037850485,921,TPC Craig Ranch
24766,"Kim, Joohyung",742,Grand Reserve Golf Club,sg_total,1.5415591836000346,2021-02-28,0.005871299675895019,921,TPC Craig Ranch
24766,"Kim, Joohyung",244,Puntacana Resort (Corales Golf Course),sg_total,1.4273140068291847,2020-09-27,0.0029936113250178717,921,TPC Craig Ranch
14609,"Kim, Si Woo",921,TPC Craig Ranch,sg_app,10.930711596393378,2025-05-04,0.10331878420822484,921,TPC Craig Ranch
14609,"Kim, Si Woo",709,Royal Troon,sg_app,2.864215128908834,2024-07-21,0.028072752943128224,921,TPC Craig Ranch
14609,"Kim, Si Woo",406,Castle Pines Golf Club,sg_app,2.914780046239138,2024-08-25,0.02316569900486893,921,TPC Craig Ranch
14609,"Kim, Si Woo",379,The Philadelphia Cricket Club (Wissahickon Course),sg_app,3.3177749455416157,2025-05-11,0.013128862261157196,921,TPC Craig Ranch
14609,"Kim, Si Woo",875,ACCORDIA GOLF Narashino Country Club,sg_app,3.0080570172775305,2024-10-27,0.01165727241814653,921,TPC Craig Ranch
14609,"Kim, Si Woo",5,Pebble Beach Golf Links,sg_app,8.27011715276381,2026-02-15,0.010733442626802243,921,TPC Craig Ranch
14609,"Kim, Si Woo",238,Glen Oaks Club,sg_app,0.8124461540765495,2017-08-27,0.0085479989902573,921,TPC Craig Ranch
14609,"Kim, Si Woo",348,Medinah Country Club (No. 3),sg_app,1.1650853674566677,2019-08-18,0.0060491702319625095,921,TPC Craig Ranch
14609,"Kim, Si Woo",882,Caves Valley Golf Club,sg_app,5.172816760551855,2025-08-17,0.0057306727774580615,921,TPC Craig Ranch
14609,"Kim, Si Woo",514,Oak Hill Country Club,sg_app,1.1567879787560167,2023-05-21,0.0050452161202751014,921,TPC Craig Ranch
14609,"Kim, Si Woo",715,Baltusrol GC,sg_app,0.3339203393340814,2016-07-31,-0.0007430710322087864,921,TPC Craig Ranch
14609,"Kim, Si Woo",534,Bellerive CC,sg_app,0.4839117036224753,2018-08-12,-0.003303728115731319,921,TPC Craig Ranch
14609,"Kim, Si Woo",887,Kasumigaseki Country Club,sg_app,1.664948781537463,2021-08-01,-0.00420718139702161,921,TPC Craig Ranch
14609,"Kim, Si Woo",891,Winged Foot GC,sg_app,0.7111635699565723,2020-09-20,-0.007064247015654312,921,TPC Craig Ranch
14609,"Kim, Si Woo",688,East Lake Golf Club,sg_app,3.116569025385399,2023-08-27,-0.01708923533069667,921,TPC Craig Ranch
14609,"Kim, Si Woo",656,Plantation Course at Kapalua,sg_app,9.108695884030091,2025-01-05,-0.01892857848985264,921,TPC Craig Ranch
14609,"Kim, Si Woo",896,Olympia Fields Country Club (North Course),sg_arg,2.421275242584897,2023-08-20,0.006204313327641814,921,TPC Craig Ranch
14609,"Kim, Si Woo",789,Conway Farms GC,sg_arg,0.8210217819522644,2017-09-17,0.004127140616790162,921,TPC Craig Ranch
14609,"Kim, Si Woo",921,TPC Craig Ranch,sg_arg,10.930711596393378,2025-05-04,0.0037378784371354737,921,TPC Craig Ranch
14609,"Kim, Si Woo",6,Waialae Country Club,sg_arg,15.424482647127583,2026-01-18,0.0034022157057266578,921,TPC Craig Ranch
14609,"Kim, Si Woo",689,El Bosque CC,sg_arg,0.33862810152691036,2016-08-28,0.001939731603120515,921,TPC Craig Ranch
14609,"Kim, Si Woo",406,Castle Pines Golf Club,sg_arg,2.914780046239138,2024-08-25,0.001452339359640129,921,TPC Craig Ranch
14609,"Kim, Si Woo",527,Saucon Valley CC,sg_arg,0.6820136280365007,2016-09-11,0.0014406111725804502,921,TPC Craig Ranch
14609,"Kim, Si Woo",671,Valhalla Golf Club,sg_arg,1.3876992786253213,2024-05-19,0.0006191296832181732,921,TPC Craig Ranch
14609,"Kim, Si Woo",348,Medinah Country Club (No. 3),sg_arg,1.1650853674566677,2019-08-18,-0.00014480771531142194,921,TPC Craig Ranch
14609,"Kim, Si Woo",609,Annandale GC,sg_arg,0.19207817671404823,2013-07-21,-0.0014933218353588929,921,TPC Craig Ranch
14609,"Kim, Si Woo",238,Glen Oaks Club,sg_arg,0.8124461540765495,2017-08-27,-0.0015403047299744792,921,TPC Craig Ranch
14609,"Kim, Si Woo",744,Torrey Pines (South),sg_arg,1.6303494219182981,2021-06-20,-0.0024215367610488014,921,TPC Craig Ranch
14609,"Kim, Si Woo",873,Ridgewood CC,sg_arg,0.9746219381933394,2018-08-26,-0.0034084909928080755,921,TPC Craig Ranch
14609,"Kim, Si Woo",773,Aronimink GC,sg_arg,0.9814682258117053,2018-09-09,-0.003449598562401299,921,TPC Craig Ranch
14609,"Kim, Si Woo",886,Liberty National Golf Club,sg_arg,2.0022761195608436,2021-08-22,-0.005141488074225862,921,TPC Craig Ranch
14609,"Kim, Si Woo",21,Colonial Country Club,sg_arg,11.72995743156289,2025-05-25,-0.005439226138919115,921,TPC Craig Ranch
14609,"Kim, Si Woo",12,Harbour Town Golf Links,sg_ott,17.344093817540394,2026-04-19,0.023561155087092705,921,TPC Craig Ranch
14609,"Kim, Si Woo",770,TPC San Antonio - The Oaks Course,sg_ott,14.335429590722924,2026-04-05,0.01257230859949723,921,TPC Craig Ranch
14609,"Kim, Si Woo",5,Pebble Beach Golf Links,sg_ott,8.27011715276381,2026-02-15,0.009968117410318632,921,TPC Craig Ranch
14609,"Kim, Si Woo",744,Torrey Pines (South),sg_ott,1.6303494219182981,2021-06-20,0.00881536513952464,921,TPC Craig Ranch
14609,"Kim, Si Woo",895,TPC Harding Park,sg_ott,1.3927697092247904,2020-08-09,0.0072855995385184905,921,TPC Craig Ranch
14609,"Kim, Si Woo",887,Kasumigaseki Country Club,sg_ott,1.664948781537463,2021-08-01,0.004111597246005257,921,TPC Craig Ranch
14609,"Kim, Si Woo",514,Oak Hill Country Club,sg_ott,1.1567879787560167,2023-05-21,0.003642400797472641,921,TPC Craig Ranch
14609,"Kim, Si Woo",872,Quail Hollow Club,sg_ott,9.043189034964076,2026-05-10,0.0032015858878131,921,TPC Craig Ranch
14609,"Kim, Si Woo",697,Ocean Course at Kiawah Island,sg_ott,0.8038417806220052,2021-05-23,0.0019850443660929342,921,TPC Craig Ranch
14609,"Kim, Si Woo",238,Glen Oaks Club,sg_ott,0.8124461540765495,2017-08-27,0.0014903499993728494,921,TPC Craig Ranch
14609,"Kim, Si Woo",715,Baltusrol GC,sg_ott,0.3339203393340814,2016-07-31,0.0010409108044864876,921,TPC Craig Ranch
14609,"Kim, Si Woo",746,The Country Club of Jackson,sg_ott,4.628537202175995,2021-10-03,0.00032488322288146116,921,TPC Craig Ranch
14609,"Kim, Si Woo",348,Medinah Country Club (No. 3),sg_ott,1.1650853674566677,2019-08-18,0.000271433526899842,921,TPC Craig Ranch
14609,"Kim, Si Woo",527,Saucon Valley CC,sg_ott,0.6820136280365007,2016-09-11,0.00016266448844923386,921,TPC Craig Ranch
14609,"Kim, Si Woo",891,Winged Foot GC,sg_ott,0.7111635699565723,2020-09-20,0.00014990086504924172,921,TPC Craig Ranch
14609,"Kim, Si Woo",698,Quail Hollow Club,sg_ott,0.3201861225059602,2016-05-08,0.0001226721338508842,921,TPC Craig Ranch
14609,"Kim, Si Woo",819,Harbor Shores Resort,sg_ott,0.6631821179026061,2016-07-17,-0.000857825909951735,921,TPC Craig Ranch
14609,"Kim, Si Woo",873,Ridgewood CC,sg_ott,0.9746219381933394,2018-08-26,-0.0013361185823395397,921,TPC Craig Ranch
14609,"Kim, Si Woo",654,The Country Club,sg_ott,0.9778951537585142,2022-06-19,-0.001882606505112018,921,TPC Craig Ranch
14609,"Kim, Si Woo",689,El Bosque CC,sg_ott,0.33862810152691036,2016-08-28,-0.0019320365040945118,921,TPC Craig Ranch
14609,"Kim, Si Woo",893,Muirfield Village Golf Club,sg_ott,1.373406789990266,2020-07-12,-0.0019530368178914826,921,TPC Craig Ranch
14609,"Kim, Si Woo",534,Bellerive CC,sg_ott,0.4839117036224753,2018-08-12,-0.002846061056429054,921,TPC Craig Ranch
14609,"Kim, Si Woo",379,The Philadelphia Cricket Club (Wissahickon Course),sg_ott,3.3177749455416157,2025-05-11,-0.0036687100078463468,921,TPC Craig Ranch
14609,"Kim, Si Woo",977,The Renaissance Club,sg_ott,7.26637335505401,2025-07-13,-0.005124276200850245,921,TPC Craig Ranch
14609,"Kim, Si Woo",528,Pinehurst Resort & Country Club (Course No. 2),sg_ott,2.814527399847991,2024-06-16,-0.005822912786257095,921,TPC Craig Ranch
14609,"Kim, Si Woo",897,Memorial Park Golf Course,sg_ott,7.166399412917499,2025-03-30,-0.006559164416422266,921,TPC Craig Ranch
14609,"Kim, Si Woo",21,Colonial Country Club,sg_ott,11.72995743156289,2025-05-25,-0.006631429659791025,921,TPC Craig Ranch
14609,"Kim, Si Woo",205,Spyglass Hill Golf Course,sg_ott,1.7438680715231738,2026-02-15,-0.006998708506003371,921,TPC Craig Ranch
14609,"Kim, Si Woo",714,TPC Louisiana,sg_ott,3.9287273787053696,2025-04-27,-0.008436423474311313,921,TPC Craig Ranch
14609,"Kim, Si Woo",671,Valhalla Golf Club,sg_ott,1.3876992786253213,2024-05-19,-0.009068953188860203,921,TPC Craig Ranch
14609,"Kim, Si Woo",901,Wilmington Country Club,sg_ott,2.0183782877342047,2022-08-21,-0.009330703298460209,921,TPC Craig Ranch
14609,"Kim, Si Woo",32,Glen Abbey GC,sg_ott,1.8193312500711787,2018-07-29,-0.010053182518930705,921,TPC Craig Ranch
14609,"Kim, Si Woo",241,Quail Hollow-PGA Championship,sg_ott,3.5311022253428574,2025-05-18,-0.012525840898176025,921,TPC Craig Ranch
14609,"Kim, Si Woo",14,Augusta National Golf Club,sg_ott,12.38026244588211,2026-04-12,-0.012709366323138915,921,TPC Craig Ranch
14609,"Kim, Si Woo",8,Trump National Doral - Blue Monster Course,sg_ott,3.966144091451867,2026-05-03,-0.013000208283629997,921,TPC Craig Ranch
14609,"Kim, Si Woo",4,Torrey Pines Golf Course (South Course),sg_ott,9.103570489163683,2026-02-01,-0.0180455130950823,921,TPC Craig Ranch
14609,"Kim, Si Woo",876,Detroit Golf Club,sg_ott,8.97621452912923,2025-06-29,-0.027951787564903127,921,TPC Craig Ranch
14609,"Kim, Si Woo",921,TPC Craig Ranch,sg_ott,10.930711596393378,2025-05-04,-0.028489251376093337,921,TPC Craig Ranch
14609,"Kim, Si Woo",406,Castle Pines Golf Club,sg_putt,2.914780046239138,2024-08-25,0.023579302655326238,921,TPC Craig Ranch
14609,"Kim, Si Woo",656,Plantation Course at Kapalua,sg_putt,9.108695884030091,2025-01-05,0.01401412264119158,921,TPC Craig Ranch
14609,"Kim, Si Woo",510,TPC Scottsdale (Stadium Course),sg_putt,18.2018819098686,2026-02-08,0.0080006464904297,921,TPC Craig Ranch
14609,"Kim, Si Woo",668,St. Andrews Links (Old Course),sg_putt,1.9833639368598586,2022-07-17,0.005670589511128419,921,TPC Craig Ranch
14609,"Kim, Si Woo",709,Royal Troon,sg_putt,2.864215128908834,2024-07-21,0.002022857414501742,921,TPC Craig Ranch
14609,"Kim, Si Woo",665,Innisbrook Resort and Golf Club - Copperhead Course,sg_putt,1.3941902305750253,2018-03-11,0.0017866815149981889,921,TPC Craig Ranch
14609,"Kim, Si Woo",921,TPC Craig Ranch,sg_putt,10.930711596393378,2025-05-04,0.0008480467981926569,921,TPC Craig Ranch
14609,"Kim, Si Woo",715,Baltusrol GC,sg_putt,0.3339203393340814,2016-07-31,2.3097632177174374e-05,921,TPC Craig Ranch
14609,"Kim, Si Woo",666,Pebble Beach Golf Links,sg_putt,0.5644785922810466,2019-06-16,-3.4768447406015885e-05,921,TPC Craig Ranch
14609,"Kim, Si Woo",893,Muirfield Village Golf Club,sg_putt,1.373406789990266,2020-07-12,-0.0003856250352023869,921,TPC Craig Ranch
14609,"Kim, Si Woo",724,Royal Liverpool,sg_putt,1.193806785348716,2023-07-23,-0.0036183109792714547,921,TPC Craig Ranch
14609,"Kim, Si Woo",873,Ridgewood CC,sg_putt,0.9746219381933394,2018-08-26,-0.004624193166927597,921,TPC Craig Ranch
14609,"Kim, Si Woo",4586,wentworth golf club,sg_total,7.067038727062007,2025-09-14,0.017272241763304563,921,TPC Craig Ranch
14609,"Kim, Si Woo",4722,royal melbourne gc,sg_total,3.685087834785395,2025-12-07,0.010447376533521766,921,TPC Craig Ranch
14609,"Kim, Si Woo",236,Erin Hills,sg_total,0.7845024067939457,2017-06-18,0.006593866277036734,921,TPC Craig Ranch
14609,"Kim, Si Woo",742,Grand Reserve Golf Club,sg_total,0.08986021344831698,2013-03-10,-0.002033656754070876,921,TPC Craig Ranch
24766,"Kim, Tom",656,Plantation Course at Kapalua,sg_app,4.761564733201402,2024-01-07,0.006798685218080891,921,TPC Craig Ranch
24766,"Kim, Tom",514,Oak Hill Country Club,sg_app,1.1567879787560167,2023-05-21,0.006771158645554071,921,TPC Craig Ranch
24766,"Kim, Tom",5,Pebble Beach Golf Links,sg_app,3.6860664786480624,2025-02-02,-0.006483083453717322,921,TPC Craig Ranch
24766,"Kim, Tom",709,Royal Troon,sg_app,1.432107564454417,2024-07-21,-0.01010139677403093,921,TPC Craig Ranch
24766,"Kim, Tom",688,East Lake Golf Club,sg_app,2.4297645535619843,2023-08-27,-0.027981590852469422,921,TPC Craig Ranch
24766,"Kim, Tom",921,TPC Craig Ranch,sg_app,6.7146227174851445,2025-05-04,-0.08618558093078216,921,TPC Craig Ranch
24766,"Kim, Tom",21,Colonial Country Club,sg_arg,6.126210317012172,2025-05-25,0.009604538002057659,921,TPC Craig Ranch
24766,"Kim, Tom",874,Hamilton Golf & Country Club,sg_arg,2.7948945033543784,2024-06-02,0.008691269612377709,921,TPC Craig Ranch
24766,"Kim, Tom",896,Olympia Fields Country Club (North Course),sg_arg,2.421275242584897,2023-08-20,-0.00012782848075886018,921,TPC Craig Ranch
24766,"Kim, Tom",671,Valhalla Golf Club,sg_arg,2.7753985572506426,2024-05-19,-0.002260160646376163,921,TPC Craig Ranch
24766,"Kim, Tom",6,Waialae Country Club,sg_arg,7.975576928347063,2026-01-18,-0.010637073656138139,921,TPC Craig Ranch
24766,"Kim, Tom",921,TPC Craig Ranch,sg_arg,6.7146227174851445,2025-05-04,-0.03885292053296732,921,TPC Craig Ranch
24766,"Kim, Tom",5,Pebble Beach Golf Links,sg_ott,3.6860664786480624,2025-02-02,0.011077092879338456,921,TPC Craig Ranch
24766,"Kim, Tom",671,Valhalla Golf Club,sg_ott,2.7753985572506426,2024-05-19,0.011000639603359888,921,TPC Craig Ranch
24766,"Kim, Tom",714,TPC Louisiana,sg_ott,4.257554995892077,2026-04-26,0.007564681026938109,921,TPC Craig Ranch
24766,"Kim, Tom",250,Le Golf National,sg_ott,2.884334972106428,2024-08-04,0.006462576202676579,921,TPC Craig Ranch
24766,"Kim, Tom",872,Quail Hollow Club,sg_ott,5.063139118193346,2024-05-12,0.005223530856004676,921,TPC Craig Ranch
24766,"Kim, Tom",21,Colonial Country Club,sg_ott,6.126210317012172,2025-05-25,0.0035962226764236,921,TPC Craig Ranch
24766,"Kim, Tom",4,Torrey Pines Golf Course (South Course),sg_ott,2.8422963195053947,2026-02-01,0.0034899664990484603,921,TPC Craig Ranch
24766,"Kim, Tom",514,Oak Hill Country Club,sg_ott,1.1567879787560167,2023-05-21,0.0022191448920346997,921,TPC Craig Ranch
24766,"Kim, Tom",205,Spyglass Hill Golf Course,sg_ott,0.7897806739328027,2025-02-02,0.0016410386650474395,921,TPC Craig Ranch
24766,"Kim, Tom",528,Pinehurst Resort & Country Club (Course No. 2),sg_ott,2.814527399847991,2024-06-16,-0.002431963569779984,921,TPC Craig Ranch
24766,"Kim, Tom",977,The Renaissance Club,sg_ott,8.657427736828268,2025-07-13,-0.003151054504061931,921,TPC Craig Ranch
24766,"Kim, Tom",14,Augusta National Golf Club,sg_ott,8.264398776927129,2025-04-13,-0.0042087001810507466,921,TPC Craig Ranch
24766,"Kim, Tom",746,The Country Club of Jackson,sg_ott,3.57081678564474,2025-10-05,-0.005752261254681885,921,TPC Craig Ranch
24766,"Kim, Tom",770,TPC San Antonio - The Oaks Course,sg_ott,4.944473408970963,2026-04-05,-0.006772131297379573,921,TPC Craig Ranch
24766,"Kim, Tom",921,TPC Craig Ranch,sg_ott,6.7146227174851445,2025-05-04,-0.007091330733239054,921,TPC Craig Ranch
24766,"Kim, Tom",876,Detroit Golf Club,sg_ott,4.298518677799315,2025-06-29,-0.0072161008019783965,921,TPC Craig Ranch
24766,"Kim, Tom",12,Harbour Town Golf Links,sg_ott,3.8735339951706296,2024-04-21,-0.008627749550713217,921,TPC Craig Ranch
24766,"Kim, Tom",928,PGA National  - Champion Course,sg_ott,6.513734241685008,2026-03-01,-0.01507832151989768,921,TPC Craig Ranch
24766,"Kim, Tom",897,Memorial Park Golf Course,sg_ott,3.8973403584349975,2026-03-29,-0.015439661701871743,921,TPC Craig Ranch
24766,"Kim, Tom",926,Silverado Resort (North Course),sg_ott,3.5335193635310036,2025-09-14,-0.016675928292785292,921,TPC Craig Ranch
24766,"Kim, Tom",241,Quail Hollow-PGA Championship,sg_ott,3.329407502951579,2025-05-18,-0.026779116898276493,921,TPC Craig Ranch
24766,"Kim, Tom",921,TPC Craig Ranch,sg_putt,6.7146227174851445,2025-05-04,0.03364096197252399,921,TPC Craig Ranch
24766,"Kim, Tom",724,Royal Liverpool,sg_putt,2.387613570697432,2023-07-23,0.025211887619078856,921,TPC Craig Ranch
24766,"Kim, Tom",510,TPC Scottsdale (Stadium Course),sg_putt,11.818840214550045,2026-02-08,0.019673699016921856,921,TPC Craig Ranch
24766,"Kim, Tom",232,Albany GC,sg_putt,3.0718941586268245,2024-12-08,0.010586203931839754,921,TPC Craig Ranch
24766,"Kim, Tom",709,Royal Troon,sg_putt,1.432107564454417,2024-07-21,-0.005797401271816531,921,TPC Craig Ranch
24766,"Kim, Tom",665,Innisbrook Resort and Golf Club - Copperhead Course,sg_putt,7.121200634775681,2026-03-22,-0.0074127388575328254,921,TPC Craig Ranch
24766,"Kim, Tom",656,Plantation Course at Kapalua,sg_putt,4.761564733201402,2024-01-07,-0.02655695810434368,921,TPC Craig Ranch
12423,"Kirk, Chris",379,The Philadelphia Cricket Club (Wissahickon Course),sg_app,3.3177749455416157,2025-05-11,0.03453334568987159,921,TPC Craig Ranch
12423,"Kirk, Chris",5,Pebble Beach Golf Links,sg_app,9.683188194380797,2026-02-15,0.01978249579739922,921,TPC Craig Ranch
12423,"Kirk, Chris",882,Caves Valley Golf Club,sg_app,1.688421993568662,2021-08-29,0.016021972501455685,921,TPC Craig Ranch
12423,"Kirk, Chris",514,Oak Hill Country Club,sg_app,2.3135759575120334,2023-05-21,0.008045548106096064,921,TPC Craig Ranch
12423,"Kirk, Chris",709,Royal Troon,sg_app,2.864215128908834,2024-07-21,0.006592031394778837,921,TPC Craig Ranch
12423,"Kirk, Chris",534,Bellerive CC,sg_app,0.9678234072449506,2018-08-12,0.005321799114217225,921,TPC Craig Ranch
12423,"Kirk, Chris",772,St. George's G&CC,sg_app,1.948957006692821,2022-06-12,0.005276965235941234,921,TPC Craig Ranch
12423,"Kirk, Chris",649,Hualalai Golf Course,sg_app,0.5480629194810976,2015-01-25,0.0036478255150982426,921,TPC Craig Ranch
12423,"Kirk, Chris",694,Hamilton G&CC,sg_app,0.32135603124489664,2012-07-29,0.0004817107709258352,921,TPC Craig Ranch
12423,"Kirk, Chris",688,East Lake Golf Club,sg_app,0.473925264817231,2014-09-14,-0.0008626155506024533,921,TPC Craig Ranch
12423,"Kirk, Chris",781,Plainfield CC,sg_app,0.41811061599122634,2015-08-30,-0.0016073065658679375,921,TPC Craig Ranch
12423,"Kirk, Chris",715,Baltusrol GC,sg_app,0.3339203393340814,2016-07-31,-0.002819204143628341,921,TPC Craig Ranch
12423,"Kirk, Chris",656,Plantation Course at Kapalua,sg_app,7.5271661332151645,2025-01-05,-0.003471723040477277,921,TPC Craig Ranch
12423,"Kirk, Chris",406,Castle Pines Golf Club,sg_app,2.914780046239138,2024-08-25,-0.006346066926017478,921,TPC Craig Ranch
12423,"Kirk, Chris",745,iberostar real club de golf novo sancti petri,sg_app,0.46897508346843886,2014-08-24,-0.007957357556938379,921,TPC Craig Ranch
12423,"Kirk, Chris",238,Glen Oaks Club,sg_app,0.8124461540765495,2017-08-27,-0.009216117527507773,921,TPC Craig Ranch
12423,"Kirk, Chris",406,Castle Pines Golf Club,sg_arg,2.914780046239138,2024-08-25,0.009280871979730081,921,TPC Craig Ranch
12423,"Kirk, Chris",527,Saucon Valley CC,sg_arg,1.0101894935705078,2016-09-11,0.005095015558475621,921,TPC Craig Ranch
12423,"Kirk, Chris",773,Aronimink GC,sg_arg,1.245626815182636,2018-09-09,0.002814974619327545,921,TPC Craig Ranch
12423,"Kirk, Chris",933,East Lake Golf Club,sg_arg,2.924999650275528,2024-09-01,0.0017882203822213367,921,TPC Craig Ranch
12423,"Kirk, Chris",238,Glen Oaks Club,sg_arg,0.8124461540765495,2017-08-27,0.0015529271084390834,921,TPC Craig Ranch
12423,"Kirk, Chris",609,Annandale GC,sg_arg,0.9704037910844754,2013-07-21,0.0012112663191667726,921,TPC Craig Ranch
12423,"Kirk, Chris",873,Ridgewood CC,sg_arg,0.9746219381933394,2018-08-26,0.0007508047862671741,921,TPC Craig Ranch
12423,"Kirk, Chris",789,Conway Farms GC,sg_arg,0.9655855429792888,2015-09-20,0.0004791553081854622,921,TPC Craig Ranch
12423,"Kirk, Chris",762,Liberty National GC,sg_arg,0.195469129100436,2013-08-25,0.00018603060065988848,921,TPC Craig Ranch
12423,"Kirk, Chris",689,El Bosque CC,sg_arg,0.6645147575829502,2016-08-28,7.843568023818893e-05,921,TPC Craig Ranch
12423,"Kirk, Chris",671,Valhalla Golf Club,sg_arg,1.6205511391307281,2024-05-19,-0.0005108372492291329,921,TPC Craig Ranch
12423,"Kirk, Chris",505,Cherry Hills CC,sg_arg,0.47226942579898806,2014-09-07,-0.001463007062315862,921,TPC Craig Ranch
12423,"Kirk, Chris",896,Olympia Fields Country Club (North Course),sg_arg,2.421275242584897,2023-08-20,-0.0037856428144561172,921,TPC Craig Ranch
12423,"Kirk, Chris",930,Black Desert Resort,sg_arg,2.9870741438934285,2024-10-13,-0.0043561143761411915,921,TPC Craig Ranch
12423,"Kirk, Chris",886,Liberty National Golf Club,sg_arg,1.6825228461212498,2021-08-22,-0.008692789471123683,921,TPC Craig Ranch
12423,"Kirk, Chris",21,Colonial Country Club,sg_arg,13.523321631191175,2025-05-25,-0.012903828310970405,921,TPC Craig Ranch
12423,"Kirk, Chris",6,Waialae Country Club,sg_arg,16.03801789799666,2026-01-18,-0.026674554826928227,921,TPC Craig Ranch
12423,"Kirk, Chris",12,Harbour Town Golf Links,sg_ott,14.910967619007842,2025-04-20,0.029946388742799448,921,TPC Craig Ranch
12423,"Kirk, Chris",770,TPC San Antonio - The Oaks Course,sg_ott,14.50380184333248,2026-04-05,0.016409544508745374,921,TPC Craig Ranch
12423,"Kirk, Chris",933,East Lake Golf Club,sg_ott,2.924999650275528,2024-09-01,0.004325776972113558,921,TPC Craig Ranch
12423,"Kirk, Chris",772,St. George's G&CC,sg_ott,1.948957006692821,2022-06-12,0.0034985201279604627,921,TPC Craig Ranch
12423,"Kirk, Chris",379,The Philadelphia Cricket Club (Wissahickon Course),sg_ott,3.3177749455416157,2025-05-11,0.0027079544159370143,921,TPC Craig Ranch
12423,"Kirk, Chris",205,Spyglass Hill Golf Course,sg_ott,1.7438680715231738,2026-02-15,0.0023578620867095966,921,TPC Craig Ranch
12423,"Kirk, Chris",714,TPC Louisiana,sg_ott,1.976143425723861,2026-04-26,0.0022083745600937005,921,TPC Craig Ranch
12423,"Kirk, Chris",893,Muirfield Village Golf Club,sg_ott,0.686703394995133,2020-07-12,0.0017828096192094133,921,TPC Craig Ranch
12423,"Kirk, Chris",238,Glen Oaks Club,sg_ott,0.8124461540765495,2017-08-27,0.0016303624924751592,921,TPC Craig Ranch
12423,"Kirk, Chris",4,Torrey Pines Golf Course (South Course),sg_ott,1.7073074665573815,2019-01-27,0.0014962810165745795,921,TPC Craig Ranch
12423,"Kirk, Chris",897,Memorial Park Golf Course,sg_ott,5.354944896820079,2026-03-29,0.0014420392529017256,921,TPC Craig Ranch
12423,"Kirk, Chris",527,Saucon Valley CC,sg_ott,1.0101894935705078,2016-09-11,0.0010463719525800688,921,TPC Craig Ranch
12423,"Kirk, Chris",781,Plainfield CC,sg_ott,0.41811061599122634,2015-08-30,0.0003868023058056476,921,TPC Craig Ranch
12423,"Kirk, Chris",873,Ridgewood CC,sg_ott,0.9746219381933394,2018-08-26,-0.0006079050703130933,921,TPC Craig Ranch
12423,"Kirk, Chris",823,Keene Trace Golf Club,sg_ott,0.9577144264939117,2018-07-22,-0.00069417380808035,921,TPC Craig Ranch
12423,"Kirk, Chris",715,Baltusrol GC,sg_ott,0.3339203393340814,2016-07-31,-0.0011029482840417453,921,TPC Craig Ranch
12423,"Kirk, Chris",872,Quail Hollow Club,sg_ott,5.063139118193346,2024-05-12,-0.0016523588460144994,921,TPC Craig Ranch
12423,"Kirk, Chris",762,Liberty National GC,sg_ott,0.195469129100436,2013-08-25,-0.001657152160801916,921,TPC Craig Ranch
12423,"Kirk, Chris",697,Ocean Course at Kiawah Island,sg_ott,0.8038417806220052,2021-05-23,-0.0017383412483518285,921,TPC Craig Ranch
12423,"Kirk, Chris",5,Pebble Beach Golf Links,sg_ott,9.683188194380797,2026-02-15,-0.0017797702380756265,921,TPC Craig Ranch
12423,"Kirk, Chris",505,Cherry Hills CC,sg_ott,0.47226942579898806,2014-09-07,-0.0018006415960789036,921,TPC Craig Ranch
12423,"Kirk, Chris",514,Oak Hill Country Club,sg_ott,2.3135759575120334,2023-05-21,-0.0018062009896261226,921,TPC Craig Ranch
12423,"Kirk, Chris",689,El Bosque CC,sg_ott,0.6645147575829502,2016-08-28,-0.0018245338493569929,921,TPC Craig Ranch
12423,"Kirk, Chris",534,Bellerive CC,sg_ott,0.9678234072449506,2018-08-12,-0.0036014788282903586,921,TPC Craig Ranch
12423,"Kirk, Chris",235,Eagle Point Golf Club,sg_ott,0.7681996344830163,2017-05-07,-0.004889995391396201,921,TPC Craig Ranch
12423,"Kirk, Chris",698,Quail Hollow Club,sg_ott,1.249652674835522,2014-05-04,-0.006172676041858323,921,TPC Craig Ranch
12423,"Kirk, Chris",928,PGA National  - Champion Course,sg_ott,7.795816820718999,2026-03-01,-0.007678386794657151,921,TPC Craig Ranch
12423,"Kirk, Chris",528,Pinehurst Resort & Country Club (Course No. 2),sg_ott,2.814527399847991,2024-06-16,-0.00860972197909721,921,TPC Craig Ranch
12423,"Kirk, Chris",977,The Renaissance Club,sg_ott,1.9764342970245667,2022-07-10,-0.0096060088269262,921,TPC Craig Ranch
12423,"Kirk, Chris",671,Valhalla Golf Club,sg_ott,1.6205511391307281,2024-05-19,-0.010049700947969996,921,TPC Craig Ranch
12423,"Kirk, Chris",14,Augusta National Golf Club,sg_ott,6.628573913819411,2025-04-13,-0.010115430737504514,921,TPC Craig Ranch
12423,"Kirk, Chris",8,Trump National Doral - Blue Monster Course,sg_ott,0.9484524142795467,2015-03-08,-0.010851964223792136,921,TPC Craig Ranch
12423,"Kirk, Chris",32,Glen Abbey GC,sg_ott,2.813234035637011,2018-07-29,-0.012413519170983319,921,TPC Craig Ranch
12423,"Kirk, Chris",876,Detroit Golf Club,sg_ott,13.604743719347832,2025-06-29,-0.013369831219247626,921,TPC Craig Ranch
12423,"Kirk, Chris",746,The Country Club of Jackson,sg_ott,7.25204067942041,2022-10-02,-0.014970939010704938,921,TPC Craig Ranch
12423,"Kirk, Chris",21,Colonial Country Club,sg_ott,13.523321631191175,2025-05-25,-0.017169463417277125,921,TPC Craig Ranch
12423,"Kirk, Chris",241,Quail Hollow-PGA Championship,sg_ott,3.7327969477341365,2025-05-18,-0.0185620423520528,921,TPC Craig Ranch
12423,"Kirk, Chris",901,Wilmington Country Club,sg_ott,2.0183782877342047,2022-08-21,-0.021455612251282237,921,TPC Craig Ranch
12423,"Kirk, Chris",406,Castle Pines Golf Club,sg_putt,2.914780046239138,2024-08-25,0.02205699264671125,921,TPC Craig Ranch
12423,"Kirk, Chris",724,Royal Liverpool,sg_putt,1.193806785348716,2023-07-23,0.013175350267568513,921,TPC Craig Ranch
12423,"Kirk, Chris",656,Plantation Course at Kapalua,sg_putt,7.5271661332151645,2025-01-05,0.0042851679471313615,921,TPC Craig Ranch
12423,"Kirk, Chris",893,Muirfield Village Golf Club,sg_putt,0.686703394995133,2020-07-12,0.0038125269805382605,921,TPC Craig Ranch
12423,"Kirk, Chris",715,Baltusrol GC,sg_putt,0.3339203393340814,2016-07-31,0.0035533353486266943,921,TPC Craig Ranch
12423,"Kirk, Chris",668,St. Andrews Links (Old Course),sg_putt,1.9833639368598586,2022-07-17,0.0034572536893727464,921,TPC Craig Ranch
12423,"Kirk, Chris",745,iberostar real club de golf novo sancti petri,sg_putt,0.46897508346843886,2014-08-24,0.0018951889652102669,921,TPC Craig Ranch
12423,"Kirk, Chris",526,Cog Hill G&CC,sg_putt,0.2745270064057572,2011-09-18,0.00035550744917210334,921,TPC Craig Ranch
12423,"Kirk, Chris",709,Royal Troon,sg_putt,2.864215128908834,2024-07-21,-0.0023046972950612095,921,TPC Craig Ranch
12423,"Kirk, Chris",762,Liberty National GC,sg_putt,0.195469129100436,2013-08-25,-0.0028657898616148048,921,TPC Craig Ranch
12423,"Kirk, Chris",873,Ridgewood CC,sg_putt,0.9746219381933394,2018-08-26,-0.0035920489569065245,921,TPC Craig Ranch
12423,"Kirk, Chris",649,Hualalai Golf Course,sg_putt,0.5480629194810976,2015-01-25,-0.0037582208613051974,921,TPC Craig Ranch
12423,"Kirk, Chris",665,Innisbrook Resort and Golf Club - Copperhead Course,sg_putt,3.3543136607204502,2021-05-02,-0.010134430540518121,921,TPC Craig Ranch
12423,"Kirk, Chris",510,TPC Scottsdale (Stadium Course),sg_putt,12.199531507868349,2026-02-08,-0.03670507621663633,921,TPC Craig Ranch
12423,"Kirk, Chris",67,The King & Bear Course at WGV,sg_total,1.3583821025797564,2020-06-20,0.016566690058481805,921,TPC Craig Ranch
12423,"Kirk, Chris",780,Atlanta Athletic Club,sg_total,0.2697645765950573,2011-08-14,0.001799455589602887,921,TPC Craig Ranch
12423,"Kirk, Chris",681,TPC Canyons,sg_total,0.033490281055154364,2007-10-14,0.0004608932844608832,921,TPC Craig Ranch
12423,"Kirk, Chris",244,Puntacana Resort (Corales Golf Course),sg_total,0.7136570034145924,2020-09-27,-0.0028395631503270167,921,TPC Craig Ranch
12423,"Kirk, Chris",742,Grand Reserve Golf Club,sg_total,1.2859722510351448,2019-02-24,-0.006918761544289589,921,TPC Craig Ranch
12423,"Kirk, Chris",818,Chambers Bay GC,sg_total,0.4088578610518003,2015-06-21,-0.007884867246410658,921,TPC Craig Ranch
13470,"Kizzire, Patton",921,TPC Craig Ranch,sg_app,11.891642455480222,2025-05-04,0.17324704403603008,921,TPC Craig Ranch
13470,"Kizzire, Patton",715,Baltusrol GC,sg_app,0.6678406786681628,2016-07-31,0.011392372159648717,921,TPC Craig Ranch
13470,"Kizzire, Patton",534,Bellerive CC,sg_app,0.4839117036224753,2018-08-12,0.010138218885454959,921,TPC Craig Ranch
13470,"Kizzire, Patton",688,East Lake Golf Club,sg_app,0.9883626055695118,2018-09-23,0.009933973132801137,921,TPC Craig Ranch
13470,"Kizzire, Patton",5,Pebble Beach Golf Links,sg_app,1.1481044621572778,2021-02-14,0.005177254840530106,921,TPC Craig Ranch
13470,"Kizzire, Patton",238,Glen Oaks Club,sg_app,0.40622307703827476,2017-08-27,0.002895559355323722,921,TPC Craig Ranch
13470,"Kizzire, Patton",656,Plantation Course at Kapalua,sg_app,5.025151749447967,2025-01-05,-0.0018261748756469485,921,TPC Craig Ranch
13470,"Kizzire, Patton",934,Hurstbourne Country Club,sg_app,1.7119741538578583,2025-07-13,-0.0061713497058987436,921,TPC Craig Ranch
13470,"Kizzire, Patton",882,Caves Valley Golf Club,sg_app,1.688421993568662,2021-08-29,-0.012154057481273024,921,TPC Craig Ranch
13470,"Kizzire, Patton",21,Colonial Country Club,sg_arg,9.84011285763777,2025-05-25,0.009721604222987668,921,TPC Craig Ranch
13470,"Kizzire, Patton",6,Waialae Country Club,sg_arg,16.27135150046551,2026-01-18,0.003083470962663157,921,TPC Craig Ranch
13470,"Kizzire, Patton",874,Hamilton Golf & Country Club,sg_arg,1.3974472516771892,2024-06-02,0.0025324333905352454,921,TPC Craig Ranch
13470,"Kizzire, Patton",773,Aronimink GC,sg_arg,0.9814682258117053,2018-09-09,0.0008430373846982036,921,TPC Craig Ranch
13470,"Kizzire, Patton",930,Black Desert Resort,sg_arg,6.5955820378194945,2025-10-26,4.80606907846908e-05,921,TPC Craig Ranch
13470,"Kizzire, Patton",873,Ridgewood CC,sg_arg,0.9746219381933394,2018-08-26,-0.0007673843476089714,921,TPC Craig Ranch
13470,"Kizzire, Patton",238,Glen Oaks Club,sg_arg,0.40622307703827476,2017-08-27,-0.000802072831697684,921,TPC Craig Ranch
13470,"Kizzire, Patton",689,El Bosque CC,sg_arg,0.33862810152691036,2016-08-28,-0.0018037363575062497,921,TPC Craig Ranch
13470,"Kizzire, Patton",886,Liberty National Golf Club,sg_arg,2.263030194371359,2021-08-22,-0.0021453284449552577,921,TPC Craig Ranch
13470,"Kizzire, Patton",921,TPC Craig Ranch,sg_arg,11.891642455480222,2025-05-04,-0.008677477384552003,921,TPC Craig Ranch
13470,"Kizzire, Patton",819,Harbor Shores Resort,sg_ott,0.798352029660812,2017-07-23,0.010073997869049452,921,TPC Craig Ranch
13470,"Kizzire, Patton",21,Colonial Country Club,sg_ott,9.84011285763777,2025-05-25,0.009562874696563134,921,TPC Craig Ranch
13470,"Kizzire, Patton",897,Memorial Park Golf Course,sg_ott,6.384802540022788,2026-03-29,0.006661720623398676,921,TPC Craig Ranch
13470,"Kizzire, Patton",241,Quail Hollow-PGA Championship,sg_ott,0.8323518757378947,2025-05-18,0.004414005999044907,921,TPC Craig Ranch
13470,"Kizzire, Patton",238,Glen Oaks Club,sg_ott,0.40622307703827476,2017-08-27,0.003326311179301755,921,TPC Craig Ranch
13470,"Kizzire, Patton",534,Bellerive CC,sg_ott,0.4839117036224753,2018-08-12,0.003174885938623172,921,TPC Craig Ranch
13470,"Kizzire, Patton",928,PGA National  - Champion Course,sg_ott,6.780276727816468,2026-03-01,0.0028579182729204563,921,TPC Craig Ranch
13470,"Kizzire, Patton",235,Eagle Point Golf Club,sg_ott,0.7681996344830163,2017-05-07,0.002462901795405648,921,TPC Craig Ranch
13470,"Kizzire, Patton",654,The Country Club,sg_ott,0.9778951537585142,2022-06-19,0.0020921371328243834,921,TPC Craig Ranch
13470,"Kizzire, Patton",893,Muirfield Village Golf Club,sg_ott,0.686703394995133,2020-07-12,0.0018180160581083742,921,TPC Craig Ranch
13470,"Kizzire, Patton",689,El Bosque CC,sg_ott,0.33862810152691036,2016-08-28,0.001619181493361876,921,TPC Craig Ranch
13470,"Kizzire, Patton",5,Pebble Beach Golf Links,sg_ott,1.1481044621572778,2021-02-14,0.000925466702014334,921,TPC Craig Ranch
13470,"Kizzire, Patton",746,The Country Club of Jackson,sg_ott,11.69015822730896,2025-10-05,-0.0009039914519703622,921,TPC Craig Ranch
13470,"Kizzire, Patton",698,Quail Hollow Club,sg_ott,0.6403722450119204,2016-05-08,-0.0009937705487686065,921,TPC Craig Ranch
13470,"Kizzire, Patton",4,Torrey Pines Golf Course (South Course),sg_ott,1.95815194148615,2023-01-28,-0.0011971108352312255,921,TPC Craig Ranch
13470,"Kizzire, Patton",715,Baltusrol GC,sg_ott,0.6678406786681628,2016-07-31,-0.0020854914893938376,921,TPC Craig Ranch
13470,"Kizzire, Patton",873,Ridgewood CC,sg_ott,0.9746219381933394,2018-08-26,-0.003320404744863755,921,TPC Craig Ranch
13470,"Kizzire, Patton",32,Glen Abbey GC,sg_ott,0.6655073220488756,2016-07-24,-0.0037275023248554157,921,TPC Craig Ranch
13470,"Kizzire, Patton",770,TPC San Antonio - The Oaks Course,sg_ott,9.98303913896602,2026-04-05,-0.0046032840590922415,921,TPC Craig Ranch
13470,"Kizzire, Patton",12,Harbour Town Golf Links,sg_ott,8.585614248701088,2023-04-16,-0.0051570597657809025,921,TPC Craig Ranch
13470,"Kizzire, Patton",876,Detroit Golf Club,sg_ott,10.607513816132457,2025-06-29,-0.005312009552567414,921,TPC Craig Ranch
13470,"Kizzire, Patton",926,Silverado Resort (North Course),sg_ott,7.167717651761171,2025-09-14,-0.0057964000676933415,921,TPC Craig Ranch
13470,"Kizzire, Patton",14,Augusta National Golf Club,sg_ott,1.6358248631077188,2025-04-13,-0.00817799103785733,921,TPC Craig Ranch
13470,"Kizzire, Patton",921,TPC Craig Ranch,sg_ott,11.891642455480222,2025-05-04,-0.021402070212789275,921,TPC Craig Ranch
13470,"Kizzire, Patton",872,Quail Hollow Club,sg_ott,3.205959403642886,2023-05-07,-0.025649169824087437,921,TPC Craig Ranch
13470,"Kizzire, Patton",714,TPC Louisiana,sg_ott,5.904870804429231,2026-04-26,-0.03165141017257902,921,TPC Craig Ranch
13470,"Kizzire, Patton",665,Innisbrook Resort and Golf Club - Copperhead Course,sg_putt,9.722090753855339,2026-03-22,0.016085114809693886,921,TPC Craig Ranch
13470,"Kizzire, Patton",510,TPC Scottsdale (Stadium Course),sg_putt,15.194574819356669,2026-02-08,0.013803128100371938,921,TPC Craig Ranch
13470,"Kizzire, Patton",666,Pebble Beach Golf Links,sg_putt,0.5644785922810466,2019-06-16,0.0011868263302663327,921,TPC Craig Ranch
13470,"Kizzire, Patton",656,Plantation Course at Kapalua,sg_putt,5.025151749447967,2025-01-05,0.000625356485494417,921,TPC Craig Ranch
13470,"Kizzire, Patton",873,Ridgewood CC,sg_putt,0.9746219381933394,2018-08-26,-0.0007647684653042444,921,TPC Craig Ranch
13470,"Kizzire, Patton",715,Baltusrol GC,sg_putt,0.6678406786681628,2016-07-31,-0.0035362252691306844,921,TPC Craig Ranch
13470,"Kizzire, Patton",893,Muirfield Village Golf Club,sg_putt,0.686703394995133,2020-07-12,-0.003689981601980901,921,TPC Craig Ranch
13470,"Kizzire, Patton",921,TPC Craig Ranch,sg_putt,11.891642455480222,2025-05-04,-0.006980940661249784,921,TPC Craig Ranch
13470,"Kizzire, Patton",244,Puntacana Resort (Corales Golf Course),sg_total,4.164127708484733,2024-04-21,0.017221864547233415,921,TPC Craig Ranch
13470,"Kizzire, Patton",742,Grand Reserve Golf Club,sg_total,1.339969939577328,2024-03-10,-0.0026936619239844965,921,TPC Craig Ranch
16243,"Koepka, Brooks",514,Oak Hill Country Club,sg_app,2.3135759575120334,2023-05-21,0.022206625704084108,921,TPC Craig Ranch
16243,"Koepka, Brooks",534,Bellerive CC,sg_app,0.9678234072449506,2018-08-12,0.01940862807075194,921,TPC Craig Ranch
16243,"Koepka, Brooks",238,Glen Oaks Club,sg_app,0.8124461540765495,2017-08-27,0.005325581815117076,921,TPC Craig Ranch
16243,"Koepka, Brooks",882,Caves Valley Golf Club,sg_app,1.688421993568662,2021-08-29,0.00511293824909523,921,TPC Craig Ranch
16243,"Koepka, Brooks",715,Baltusrol GC,sg_app,0.6678406786681628,2016-07-31,0.003475542621407375,921,TPC Craig Ranch
16243,"Koepka, Brooks",5,Pebble Beach Golf Links,sg_app,0.3070167970296447,2016-02-14,0.0018535489880155227,921,TPC Craig Ranch
16243,"Koepka, Brooks",656,Plantation Course at Kapalua,sg_app,4.317849618750338,2022-01-09,-0.0007166751713440687,921,TPC Craig Ranch
16243,"Koepka, Brooks",348,Medinah Country Club (No. 3),sg_app,1.1650853674566677,2019-08-18,-0.0037068440654843314,921,TPC Craig Ranch
16243,"Koepka, Brooks",781,Plainfield CC,sg_app,0.2822808393352682,2015-08-30,-0.007654113154313449,921,TPC Craig Ranch
16243,"Koepka, Brooks",688,East Lake Golf Club,sg_app,4.401125349531307,2021-09-05,-0.01860036267639554,921,TPC Craig Ranch
16243,"Koepka, Brooks",921,TPC Craig Ranch,sg_app,0.8010332521816376,2021-05-16,-0.03343312850552033,921,TPC Craig Ranch
16243,"Koepka, Brooks",709,Royal Troon,sg_app,2.864215128908834,2024-07-21,-0.03518438671700744,921,TPC Craig Ranch
16243,"Koepka, Brooks",671,Valhalla Golf Club,sg_arg,6.016500835512099,2024-05-19,0.012794392516040393,921,TPC Craig Ranch
16243,"Koepka, Brooks",921,TPC Craig Ranch,sg_arg,0.8010332521816376,2021-05-16,0.011976803260087541,921,TPC Craig Ranch
16243,"Koepka, Brooks",21,Colonial Country Club,sg_arg,2.285583429923749,2020-06-14,0.011668195172421965,921,TPC Craig Ranch
16243,"Koepka, Brooks",886,Liberty National Golf Club,sg_arg,2.8435375426214686,2021-08-22,0.009578440543133242,921,TPC Craig Ranch
16243,"Koepka, Brooks",873,Ridgewood CC,sg_arg,0.9746219381933394,2018-08-26,0.004808336976101148,921,TPC Craig Ranch
16243,"Koepka, Brooks",689,El Bosque CC,sg_arg,0.6772562030538207,2016-08-28,0.0027105912546510594,921,TPC Craig Ranch
16243,"Koepka, Brooks",789,Conway Farms GC,sg_arg,1.391542588923027,2017-09-17,0.0023759561765627967,921,TPC Craig Ranch
16243,"Koepka, Brooks",773,Aronimink GC,sg_arg,0.9814682258117053,2018-09-09,0.0006148487780478412,921,TPC Craig Ranch
16243,"Koepka, Brooks",527,Saucon Valley CC,sg_arg,0.6820136280365007,2016-09-11,-2.232527893710541e-05,921,TPC Craig Ranch
16243,"Koepka, Brooks",744,Torrey Pines (South),sg_arg,1.6303494219182981,2021-06-20,-0.00010698931895880665,921,TPC Craig Ranch
16243,"Koepka, Brooks",348,Medinah Country Club (No. 3),sg_arg,1.1650853674566677,2019-08-18,-0.0033355904899048583,921,TPC Craig Ranch
16243,"Koepka, Brooks",243,Trinity Forest Golf Club,sg_arg,1.1093723013800876,2019-05-12,-0.004861795888795156,921,TPC Craig Ranch
16243,"Koepka, Brooks",874,Hamilton Golf & Country Club,sg_arg,1.1250127412185955,2019-06-09,-0.005255566747299527,921,TPC Craig Ranch
16243,"Koepka, Brooks",238,Glen Oaks Club,sg_arg,0.8124461540765495,2017-08-27,-0.005729849180621068,921,TPC Craig Ranch
16243,"Koepka, Brooks",14,Augusta National Golf Club,sg_ott,14.55018678945796,2026-04-12,0.04705539843756273,921,TPC Craig Ranch
16243,"Koepka, Brooks",514,Oak Hill Country Club,sg_ott,2.3135759575120334,2023-05-21,0.02892710579595999,921,TPC Craig Ranch
16243,"Koepka, Brooks",671,Valhalla Golf Club,sg_ott,6.016500835512099,2024-05-19,0.015273459015581163,921,TPC Craig Ranch
16243,"Koepka, Brooks",241,Quail Hollow-PGA Championship,sg_ott,2.4714826410409043,2025-05-18,0.012234038795620543,921,TPC Craig Ranch
16243,"Koepka, Brooks",534,Bellerive CC,sg_ott,0.9678234072449506,2018-08-12,0.011362551926584016,921,TPC Craig Ranch
16243,"Koepka, Brooks",12,Harbour Town Golf Links,sg_ott,1.3590614634571123,2020-06-21,0.01062006099357618,921,TPC Craig Ranch
16243,"Koepka, Brooks",921,TPC Craig Ranch,sg_ott,0.8010332521816376,2021-05-16,0.0075135259370342385,921,TPC Craig Ranch
16243,"Koepka, Brooks",654,The Country Club,sg_ott,1.9557903075170284,2022-06-19,0.0060675834490596684,921,TPC Craig Ranch
16243,"Koepka, Brooks",714,TPC Louisiana,sg_ott,1.976143425723861,2026-04-26,0.005773100101470419,921,TPC Craig Ranch
16243,"Koepka, Brooks",873,Ridgewood CC,sg_ott,0.9746219381933394,2018-08-26,0.005145947562425309,921,TPC Craig Ranch
16243,"Koepka, Brooks",744,Torrey Pines (South),sg_ott,1.6303494219182981,2021-06-20,0.004753822474112524,921,TPC Craig Ranch
16243,"Koepka, Brooks",21,Colonial Country Club,sg_ott,2.285583429923749,2020-06-14,0.004725752723886167,921,TPC Craig Ranch
16243,"Koepka, Brooks",928,PGA National  - Champion Course,sg_ott,3.8431577566092927,2026-03-01,0.004147237605966613,921,TPC Craig Ranch
16243,"Koepka, Brooks",781,Plainfield CC,sg_ott,0.2822808393352682,2015-08-30,0.002591263691793415,921,TPC Craig Ranch
16243,"Koepka, Brooks",243,Trinity Forest Golf Club,sg_ott,1.1093723013800876,2019-05-12,0.0024170807171894765,921,TPC Craig Ranch
16243,"Koepka, Brooks",32,Glen Abbey GC,sg_ott,1.0353039456350106,2018-07-29,0.00234195113826727,921,TPC Craig Ranch
16243,"Koepka, Brooks",238,Glen Oaks Club,sg_ott,0.8124461540765495,2017-08-27,0.0019706419160239875,921,TPC Craig Ranch
16243,"Koepka, Brooks",697,Ocean Course at Kiawah Island,sg_ott,1.6076835612440104,2021-05-23,0.0016782000390271224,921,TPC Craig Ranch
16243,"Koepka, Brooks",770,TPC San Antonio - The Oaks Course,sg_ott,1.516535361556567,2017-04-23,0.0015829611661159243,921,TPC Craig Ranch
16243,"Koepka, Brooks",706,Whistling Straits,sg_ott,0.5606235464632614,2015-08-16,0.0013076139444809724,921,TPC Craig Ranch
16243,"Koepka, Brooks",527,Saucon Valley CC,sg_ott,0.6820136280365007,2016-09-11,-0.00039480734171000345,921,TPC Craig Ranch
16243,"Koepka, Brooks",715,Baltusrol GC,sg_ott,0.6678406786681628,2016-07-31,-0.0007619146484199525,921,TPC Craig Ranch
16243,"Koepka, Brooks",5,Pebble Beach Golf Links,sg_ott,0.3070167970296447,2016-02-14,-0.0010448430025573286,921,TPC Craig Ranch
16243,"Koepka, Brooks",893,Muirfield Village Golf Club,sg_ott,0.686703394995133,2020-07-12,-0.0016845012723408974,921,TPC Craig Ranch
16243,"Koepka, Brooks",528,Pinehurst Resort & Country Club (Course No. 2),sg_ott,5.629054799695982,2024-06-16,-0.0022911064124639256,921,TPC Craig Ranch
16243,"Koepka, Brooks",348,Medinah Country Club (No. 3),sg_ott,1.1650853674566677,2019-08-18,-0.0023060935000973944,921,TPC Craig Ranch
16243,"Koepka, Brooks",872,Quail Hollow Club,sg_ott,0.9215431852591534,2018-05-06,-0.006526344449595089,921,TPC Craig Ranch
16243,"Koepka, Brooks",689,El Bosque CC,sg_ott,0.6772562030538207,2016-08-28,-0.007278930041741247,921,TPC Craig Ranch
16243,"Koepka, Brooks",8,Trump National Doral - Blue Monster Course,sg_ott,1.1377769783893736,2016-03-06,-0.00845385630455988,921,TPC Craig Ranch
16243,"Koepka, Brooks",4,Torrey Pines Golf Course (South Course),sg_ott,4.69907530835328,2026-02-01,-0.011217142747852248,921,TPC Craig Ranch
16243,"Koepka, Brooks",895,TPC Harding Park,sg_ott,1.3927697092247904,2020-08-09,-0.012533284441082228,921,TPC Craig Ranch
16243,"Koepka, Brooks",897,Memorial Park Golf Course,sg_ott,4.283621610898516,2026-03-29,-0.013882317601581316,921,TPC Craig Ranch
16243,"Koepka, Brooks",510,TPC Scottsdale (Stadium Course),sg_putt,8.95392520792515,2026-02-08,0.032800106791587715,921,TPC Craig Ranch
16243,"Koepka, Brooks",665,Innisbrook Resort and Golf Club - Copperhead Course,sg_putt,5.968870568127906,2026-03-22,0.028101992140198404,921,TPC Craig Ranch
16243,"Koepka, Brooks",898,The Concession Golf Club,sg_putt,1.5415591836000346,2021-02-28,0.022209438293864972,921,TPC Craig Ranch
16243,"Koepka, Brooks",709,Royal Troon,sg_putt,2.864215128908834,2024-07-21,0.017555771913148457,921,TPC Craig Ranch
16243,"Koepka, Brooks",715,Baltusrol GC,sg_putt,0.6678406786681628,2016-07-31,0.011142516172895777,921,TPC Craig Ranch
16243,"Koepka, Brooks",666,Pebble Beach Golf Links,sg_putt,1.1289571845620932,2019-06-16,-8.133074906938669e-05,921,TPC Craig Ranch
16243,"Koepka, Brooks",724,Royal Liverpool,sg_putt,2.387613570697432,2023-07-23,-0.002246169444747853,921,TPC Craig Ranch
16243,"Koepka, Brooks",893,Muirfield Village Golf Club,sg_putt,0.686703394995133,2020-07-12,-0.0026390866317828054,921,TPC Craig Ranch
16243,"Koepka, Brooks",873,Ridgewood CC,sg_putt,0.9746219381933394,2018-08-26,-0.005042286676490032,921,TPC Craig Ranch
16243,"Koepka, Brooks",668,St. Andrews Links (Old Course),sg_putt,0.9916819684299293,2022-07-17,-0.007536633188089606,921,TPC Craig Ranch
16243,"Koepka, Brooks",656,Plantation Course at Kapalua,sg_putt,4.317849618750338,2022-01-09,-0.028589253283933944,921,TPC Craig Ranch
16243,"Koepka, Brooks",921,TPC Craig Ranch,sg_putt,0.8010332521816376,2021-05-16,-0.03714414400627289,921,TPC Craig Ranch
16243,"Koepka, Brooks",236,Erin Hills,sg_total,0.7845024067939457,2017-06-18,0.00958591279034398,921,TPC Craig Ranch
16243,"Koepka, Brooks",4603,kingsbarns golf links,sg_total,0.892704196411185,2025-10-05,0.004141295087556061,921,TPC Craig Ranch
16243,"Koepka, Brooks",818,Chambers Bay GC,sg_total,0.4088578610518003,2015-06-21,0.002365322369859895,921,TPC Craig Ranch
16243,"Koepka, Brooks",3670,kingsbarns golf links,sg_total,0.24882635382318666,2018-10-07,0.0010643469264185637,921,TPC Craig Ranch
16243,"Koepka, Brooks",742,Grand Reserve Golf Club,sg_total,0.43119035007070267,2014-03-09,0.0008813722709922057,921,TPC Craig Ranch
16243,"Koepka, Brooks",3671,carnoustie,sg_total,0.24882635382318666,2018-10-07,-0.002977166026263771,921,TPC Craig Ranch
16243,"Koepka, Brooks",4601,old course st andrews,sg_total,0.892704196411185,2025-10-05,-0.0030442512550736657,921,TPC Craig Ranch
16243,"Koepka, Brooks",3899,abu dhabi gc,sg_total,1.2583412194425352,2020-01-19,-0.0032353724803824467,921,TPC Craig Ranch
16243,"Koepka, Brooks",4401,carnoustie,sg_total,0.7441594147231158,2024-10-06,-0.00489135814818071,921,TPC Craig Ranch
16243,"Koepka, Brooks",4586,wentworth golf club,sg_total,3.5335193635310036,2025-09-14,-0.014818504070749224,921,TPC Craig Ranch
16243,"Koepka, Brooks",4585,k club,sg_total,1.7605868316684423,2025-09-07,-0.020034394717843292,921,TPC Craig Ranch
16395,"Kohles, Ben",921,TPC Craig Ranch,sg_app,7.023152496234593,2025-05-04,0.08460274563295696,921,TPC Craig Ranch
16395,"Kohles, Ben",934,Hurstbourne Country Club,sg_app,3.4239483077157167,2025-07-13,0.02366796629557615,921,TPC Craig Ranch
16395,"Kohles, Ben",772,St. George's G&CC,sg_app,0.9744785033464105,2022-06-12,0.008259063056284337,921,TPC Craig Ranch
16395,"Kohles, Ben",875,ACCORDIA GOLF Narashino Country Club,sg_app,3.0080570172775305,2024-10-27,-0.002028656851495384,921,TPC Craig Ranch
16395,"Kohles, Ben",5,Pebble Beach Golf Links,sg_app,1.21618903943307,2022-02-06,-0.002103554205678399,921,TPC Craig Ranch
16395,"Kohles, Ben",921,TPC Craig Ranch,sg_arg,7.023152496234593,2025-05-04,0.04705324797645527,921,TPC Craig Ranch
16395,"Kohles, Ben",930,Black Desert Resort,sg_arg,6.5955820378194945,2025-10-26,0.00806095401822064,921,TPC Craig Ranch
16395,"Kohles, Ben",609,Annandale GC,sg_arg,0.38415635342809645,2013-07-21,-0.00011178107861289293,921,TPC Craig Ranch
16395,"Kohles, Ben",6,Waialae Country Club,sg_arg,7.54291420987669,2025-01-12,-0.002608000634610669,921,TPC Craig Ranch
16395,"Kohles, Ben",671,Valhalla Golf Club,sg_arg,2.7753985572506426,2024-05-19,-0.004533541946112518,921,TPC Craig Ranch
16395,"Kohles, Ben",21,Colonial Country Club,sg_arg,3.436654327612355,2025-05-25,-0.009617731561777886,921,TPC Craig Ranch
16395,"Kohles, Ben",671,Valhalla Golf Club,sg_ott,2.7753985572506426,2024-05-19,0.011275278217193414,921,TPC Craig Ranch
16395,"Kohles, Ben",770,TPC San Antonio - The Oaks Course,sg_ott,5.653302522102713,2025-04-06,0.011210027391254944,921,TPC Craig Ranch
16395,"Kohles, Ben",977,The Renaissance Club,sg_ott,2.85420789882601,2024-07-14,0.008512618436824425,921,TPC Craig Ranch
16395,"Kohles, Ben",5,Pebble Beach Golf Links,sg_ott,1.21618903943307,2022-02-06,0.005627164193889199,921,TPC Craig Ranch
16395,"Kohles, Ben",872,Quail Hollow Club,sg_ott,2.765701641801234,2024-05-12,0.004510387900644438,921,TPC Craig Ranch
16395,"Kohles, Ben",928,PGA National  - Champion Course,sg_ott,2.937118971207176,2025-03-02,0.0035967893379701553,921,TPC Craig Ranch
16395,"Kohles, Ben",714,TPC Louisiana,sg_ott,5.599602659984876,2026-04-26,0.0031455810968036156,921,TPC Craig Ranch
16395,"Kohles, Ben",4,Torrey Pines Golf Course (South Course),sg_ott,1.199390674629997,2024-01-27,0.0022756025020143743,921,TPC Craig Ranch
16395,"Kohles, Ben",772,St. George's G&CC,sg_ott,0.9744785033464105,2022-06-12,0.0016820297086984973,921,TPC Craig Ranch
16395,"Kohles, Ben",32,Glen Abbey GC,sg_ott,0.19275162818514022,2013-07-28,-0.0008909112419473721,921,TPC Craig Ranch
16395,"Kohles, Ben",528,Pinehurst Resort & Country Club (Course No. 2),sg_ott,2.814527399847991,2024-06-16,-0.0011286294596763885,921,TPC Craig Ranch
16395,"Kohles, Ben",12,Harbour Town Golf Links,sg_ott,0.183534463076553,2013-04-21,-0.0015698901689629224,921,TPC Craig Ranch
16395,"Kohles, Ben",897,Memorial Park Golf Course,sg_ott,1.624414073423878,2025-03-30,-0.003962698821523309,921,TPC Craig Ranch
16395,"Kohles, Ben",698,Quail Hollow Club,sg_ott,0.40654085901131165,2014-05-04,-0.013929136325115925,921,TPC Craig Ranch
16395,"Kohles, Ben",876,Detroit Golf Club,sg_ott,7.233010664856597,2025-06-29,-0.015085361959158867,921,TPC Craig Ranch
16395,"Kohles, Ben",926,Silverado Resort (North Course),sg_ott,6.479065841355403,2025-09-14,-0.015596518122291963,921,TPC Craig Ranch
16395,"Kohles, Ben",21,Colonial Country Club,sg_ott,3.436654327612355,2025-05-25,-0.0192706594305831,921,TPC Craig Ranch
16395,"Kohles, Ben",746,The Country Club of Jackson,sg_ott,4.762046051714833,2025-10-05,-0.027543750875505903,921,TPC Craig Ranch
16395,"Kohles, Ben",921,TPC Craig Ranch,sg_ott,7.023152496234593,2025-05-04,-0.07737449506150053,921,TPC Craig Ranch
16395,"Kohles, Ben",921,TPC Craig Ranch,sg_putt,7.023152496234593,2025-05-04,0.06169010160562844,921,TPC Craig Ranch
16395,"Kohles, Ben",510,TPC Scottsdale (Stadium Course),sg_putt,2.9064405654968146,2025-02-09,0.01776588240304629,921,TPC Craig Ranch
16395,"Kohles, Ben",665,Innisbrook Resort and Golf Club - Copperhead Course,sg_putt,3.328822298186724,2025-03-23,-0.015587666523895519,921,TPC Craig Ranch
16395,"Kohles, Ben",742,Grand Reserve Golf Club,sg_total,5.110735992349862,2024-03-10,0.01626892146778254,921,TPC Craig Ranch
16395,"Kohles, Ben",62,The Ledges,sg_total,1.7170578754698997,2023-04-30,0.010730063962290821,921,TPC Craig Ranch
16395,"Kohles, Ben",65,TPC San Antonio-AT&T Oaks,sg_total,1.37753319687576,2020-07-18,0.00714562407797797,921,TPC Craig Ranch
16395,"Kohles, Ben",56,Atlantic Beach Country Club,sg_total,1.8136702694902618,2018-09-20,0.005121699419320705,921,TPC Craig Ranch
16395,"Kohles, Ben",809,Country Club de Bogota-Pacos,sg_total,0.8686416951483404,2023-02-12,0.0043786648982273605,921,TPC Craig Ranch
16395,"Kohles, Ben",806,Furman University Golf Club,sg_total,0.23200415453447004,2018-05-20,0.0033875070369844833,921,TPC Craig Ranch
16395,"Kohles, Ben",630,Fox Den CC,sg_total,2.2910127540572742,2019-05-19,0.0016935420793530137,921,TPC Craig Ranch
16395,"Kohles, Ben",50,Corales Golf Club,sg_total,0.7681996344830163,2017-05-07,0.0013366571123686196,921,TPC Craig Ranch
16395,"Kohles, Ben",655,The Glen Club,sg_total,1.1171651506413875,2019-05-26,0.0006272927718497967,921,TPC Craig Ranch
16395,"Kohles, Ben",803,University Ridge GC,sg_total,0.19339897420195362,2017-05-21,0.0002802262227995595,921,TPC Craig Ranch
16395,"Kohles, Ben",804,The Country Club of Virginia,sg_total,0.6863361811356673,2018-04-22,-0.0008732889025303025,921,TPC Craig Ranch
16395,"Kohles, Ben",67,The King & Bear Course at WGV,sg_total,1.3583821025797564,2020-06-20,-0.002017332343736803,921,TPC Craig Ranch
16395,"Kohles, Ben",236,Erin Hills,sg_total,0.7845024067939457,2017-06-18,-0.0030734375016597485,921,TPC Craig Ranch
16395,"Kohles, Ben",811,Paiute Golf Resort - Sun Mt GC,sg_total,0.7898969228492065,2021-04-18,-0.008224977461838374,921,TPC Craig Ranch
16395,"Kohles, Ben",244,Puntacana Resort (Corales Golf Course),sg_total,6.526875636353319,2025-04-20,-0.012714858123469591,921,TPC Craig Ranch
16395,"Kohles, Ben",98,PGA Riviera Maya,sg_total,1.9692390135034659,2026-04-19,-0.03091697352812284,921,TPC Craig Ranch
6169,"Kuchar, Matt",921,TPC Craig Ranch,sg_app,10.51362315236446,2025-05-04,0.04872159713407628,921,TPC Craig Ranch
6169,"Kuchar, Matt",875,ACCORDIA GOLF Narashino Country Club,sg_app,3.0080570172775305,2024-10-27,0.02655304461771783,921,TPC Craig Ranch
6169,"Kuchar, Matt",891,Winged Foot GC,sg_app,0.7111635699565723,2020-09-20,0.012809640587473846,921,TPC Craig Ranch
6169,"Kuchar, Matt",781,Plainfield CC,sg_app,0.7683063436544737,2015-08-30,0.007927637277892531,921,TPC Craig Ranch
6169,"Kuchar, Matt",514,Oak Hill Country Club,sg_app,1.1567879787560167,2023-05-21,0.0051094531133975395,921,TPC Craig Ranch
6169,"Kuchar, Matt",238,Glen Oaks Club,sg_app,0.8124461540765495,2017-08-27,0.003468242195715421,921,TPC Craig Ranch
6169,"Kuchar, Matt",649,Hualalai Golf Course,sg_app,0.7288821163478717,2015-01-25,0.0026524542432779094,921,TPC Craig Ranch
6169,"Kuchar, Matt",642,Newport Beach Country Club,sg_app,0.46245517812869813,2014-07-27,0.0012581721624204158,921,TPC Craig Ranch
6169,"Kuchar, Matt",772,St. George's G&CC,sg_app,0.22252726648586346,2010-07-25,0.0010400736536036051,921,TPC Craig Ranch
6169,"Kuchar, Matt",656,Plantation Course at Kapalua,sg_app,3.9175941816766593,2020-01-05,0.0009571925382932174,921,TPC Craig Ranch
6169,"Kuchar, Matt",27,Hillcrest Country Club,sg_app,0.16714931420279916,2007-08-26,0.00020456925173212363,921,TPC Craig Ranch
6169,"Kuchar, Matt",699,Redstone GC (Fall Creek),sg_app,0.07819333690554683,2005-04-24,-8.195470040834818e-05,921,TPC Craig Ranch
6169,"Kuchar, Matt",745,iberostar real club de golf novo sancti petri,sg_app,0.7738370084111174,2014-08-24,-0.0006131271938763436,921,TPC Craig Ranch
6169,"Kuchar, Matt",625,LaCantera GC (Resort),sg_app,0.26967522679268224,2008-10-12,-0.000926907892187273,921,TPC Craig Ranch
6169,"Kuchar, Matt",694,Hamilton G&CC,sg_app,0.32135603124489664,2012-07-29,-0.0014858102298761482,921,TPC Craig Ranch
6169,"Kuchar, Matt",348,Medinah Country Club (No. 3),sg_app,1.1650853674566677,2019-08-18,-0.0024758868702107373,921,TPC Craig Ranch
6169,"Kuchar, Matt",534,Bellerive CC,sg_app,0.4839117036224753,2018-08-12,-0.004424660861559321,921,TPC Craig Ranch
6169,"Kuchar, Matt",715,Baltusrol GC,sg_app,0.3339203393340814,2016-07-31,-0.007710784497421413,921,TPC Craig Ranch
6169,"Kuchar, Matt",688,East Lake Golf Club,sg_app,4.958390588866271,2019-08-25,-0.022129170673133084,921,TPC Craig Ranch
6169,"Kuchar, Matt",5,Pebble Beach Golf Links,sg_app,4.380461965810104,2024-02-04,-0.02264849997945485,921,TPC Craig Ranch
6169,"Kuchar, Matt",744,Torrey Pines (South),sg_arg,0.8151747109591491,2021-06-20,0.006530528088911137,921,TPC Craig Ranch
6169,"Kuchar, Matt",243,Trinity Forest Golf Club,sg_arg,0.4640083090689401,2018-05-20,0.0013960844504924345,921,TPC Craig Ranch
6169,"Kuchar, Matt",873,Ridgewood CC,sg_arg,0.9746219381933394,2018-08-26,0.00070810009992878,921,TPC Craig Ranch
6169,"Kuchar, Matt",505,Cherry Hills CC,sg_arg,0.47226942579898806,2014-09-07,0.0006853138832707158,921,TPC Craig Ranch
6169,"Kuchar, Matt",699,Redstone GC (Fall Creek),sg_arg,0.07819333690554683,2005-04-24,0.00022017277078275265,921,TPC Craig Ranch
6169,"Kuchar, Matt",238,Glen Oaks Club,sg_arg,0.8124461540765495,2017-08-27,0.00012217438436421606,921,TPC Craig Ranch
6169,"Kuchar, Matt",723,The Classic Club,sg_arg,0.06449174670482569,2008-01-20,-3.854238120734331e-05,921,TPC Craig Ranch
6169,"Kuchar, Matt",13,Forest Oaks CC,sg_arg,0.04621953108642072,2005-10-02,-4.5240377560013494e-05,921,TPC Craig Ranch
6169,"Kuchar, Matt",789,Conway Farms GC,sg_arg,1.7866073249315533,2017-09-17,-0.00010626189769967221,921,TPC Craig Ranch
6169,"Kuchar, Matt",609,Annandale GC,sg_arg,0.15207749015598954,2007-09-30,-0.00011681428532498096,921,TPC Craig Ranch
6169,"Kuchar, Matt",886,Liberty National Golf Club,sg_arg,1.4217687713107343,2021-08-22,-0.00013864597650110948,921,TPC Craig Ranch
6169,"Kuchar, Matt",625,LaCantera GC (Resort),sg_arg,0.26967522679268224,2008-10-12,-0.0002333665098842886,921,TPC Craig Ranch
6169,"Kuchar, Matt",762,Liberty National GC,sg_arg,0.579712089765115,2013-08-25,-0.0006200677383545723,921,TPC Craig Ranch
6169,"Kuchar, Matt",689,El Bosque CC,sg_arg,1.0031428591098606,2016-08-28,-0.0009292593156483215,921,TPC Craig Ranch
6169,"Kuchar, Matt",896,Olympia Fields Country Club (North Course),sg_arg,1.4074708370262448,2020-08-30,-0.0013281646388749904,921,TPC Craig Ranch
6169,"Kuchar, Matt",348,Medinah Country Club (No. 3),sg_arg,1.1650853674566677,2019-08-18,-0.0014599273899634387,921,TPC Craig Ranch
6169,"Kuchar, Matt",527,Saucon Valley CC,sg_arg,1.0101894935705078,2016-09-11,-0.001962422593574411,921,TPC Craig Ranch
6169,"Kuchar, Matt",21,Colonial Country Club,sg_arg,12.485661394241182,2025-05-25,-0.0072176957826235125,921,TPC Craig Ranch
6169,"Kuchar, Matt",874,Hamilton Golf & Country Club,sg_arg,2.5224599928957847,2024-06-02,-0.009539237521857214,921,TPC Craig Ranch
6169,"Kuchar, Matt",6,Waialae Country Club,sg_arg,13.345449061847102,2025-01-12,-0.013450240824076753,921,TPC Craig Ranch
6169,"Kuchar, Matt",921,TPC Craig Ranch,sg_arg,10.51362315236446,2025-05-04,-0.02486009663725734,921,TPC Craig Ranch
6169,"Kuchar, Matt",12,Harbour Town Golf Links,sg_ott,16.50366573109381,2025-04-20,0.03238138487900094,921,TPC Craig Ranch
6169,"Kuchar, Matt",21,Colonial Country Club,sg_ott,12.485661394241182,2025-05-25,0.013884002622996003,921,TPC Craig Ranch
6169,"Kuchar, Matt",8,Trump National Doral - Blue Monster Course,sg_ott,2.686021355125106,2016-03-06,0.003176361588241446,921,TPC Craig Ranch
6169,"Kuchar, Matt",895,TPC Harding Park,sg_ott,0.6963848546123952,2020-08-09,0.002209856001502499,921,TPC Craig Ranch
6169,"Kuchar, Matt",706,Whistling Straits,sg_ott,0.5606235464632614,2015-08-16,0.0020361059479263263,921,TPC Craig Ranch
6169,"Kuchar, Matt",762,Liberty National GC,sg_ott,0.579712089765115,2013-08-25,0.0017398376354497672,921,TPC Craig Ranch
6169,"Kuchar, Matt",781,Plainfield CC,sg_ott,0.7683063436544737,2015-08-30,0.0007066879839101826,921,TPC Craig Ranch
6169,"Kuchar, Matt",901,Wilmington Country Club,sg_ott,2.0183782877342047,2022-08-21,0.000681253587431994,921,TPC Craig Ranch
6169,"Kuchar, Matt",505,Cherry Hills CC,sg_ott,0.47226942579898806,2014-09-07,0.00034295614014679586,921,TPC Craig Ranch
6169,"Kuchar, Matt",534,Bellerive CC,sg_ott,0.4839117036224753,2018-08-12,0.00023558725706527902,921,TPC Craig Ranch
6169,"Kuchar, Matt",772,St. George's G&CC,sg_ott,0.22252726648586346,2010-07-25,0.00020434841662889843,921,TPC Craig Ranch
6169,"Kuchar, Matt",697,Ocean Course at Kiawah Island,sg_ott,0.8038417806220052,2021-05-23,0.00013081640877241668,921,TPC Craig Ranch
6169,"Kuchar, Matt",238,Glen Oaks Club,sg_ott,0.8124461540765495,2017-08-27,-3.030243452657604e-05,921,TPC Craig Ranch
6169,"Kuchar, Matt",723,The Classic Club,sg_ott,0.06449174670482569,2008-01-20,-5.3716791528958444e-05,921,TPC Craig Ranch
6169,"Kuchar, Matt",527,Saucon Valley CC,sg_ott,1.0101894935705078,2016-09-11,-0.00024868000313539866,921,TPC Craig Ranch
6169,"Kuchar, Matt",642,Newport Beach Country Club,sg_ott,0.46245517812869813,2014-07-27,-0.00031649046336671165,921,TPC Craig Ranch
6169,"Kuchar, Matt",689,El Bosque CC,sg_ott,1.0031428591098606,2016-08-28,-0.000548666578863123,921,TPC Craig Ranch
6169,"Kuchar, Matt",4,Torrey Pines Golf Course (South Course),sg_ott,1.099903945084408,2026-02-01,-0.0007002235998981961,921,TPC Craig Ranch
6169,"Kuchar, Matt",770,TPC San Antonio - The Oaks Course,sg_ott,17.31581189317668,2026-04-05,-0.0007017096364138996,921,TPC Craig Ranch
6169,"Kuchar, Matt",715,Baltusrol GC,sg_ott,0.3339203393340814,2016-07-31,-0.0008793603893594394,921,TPC Craig Ranch
6169,"Kuchar, Matt",241,Quail Hollow-PGA Championship,sg_ott,0.806778889565115,2017-08-13,-0.001107976959688246,921,TPC Craig Ranch
6169,"Kuchar, Matt",893,Muirfield Village Golf Club,sg_ott,1.373406789990266,2020-07-12,-0.0012782411138544609,921,TPC Craig Ranch
6169,"Kuchar, Matt",926,Silverado Resort (North Course),sg_ott,8.934477333526672,2025-09-14,-0.0014681998772255052,921,TPC Craig Ranch
6169,"Kuchar, Matt",698,Quail Hollow Club,sg_ott,0.4584352057212665,2010-05-02,-0.0016730528251834033,921,TPC Craig Ranch
6169,"Kuchar, Matt",243,Trinity Forest Golf Club,sg_ott,0.4640083090689401,2018-05-20,-0.001797943223805738,921,TPC Craig Ranch
6169,"Kuchar, Matt",872,Quail Hollow Club,sg_ott,5.063139118193346,2024-05-12,-0.0018465311577574512,921,TPC Craig Ranch
6169,"Kuchar, Matt",977,The Renaissance Club,sg_ott,1.9764342970245667,2022-07-10,-0.0028371118975979853,921,TPC Craig Ranch
6169,"Kuchar, Matt",514,Oak Hill Country Club,sg_ott,1.1567879787560167,2023-05-21,-0.0029496275766313523,921,TPC Craig Ranch
6169,"Kuchar, Matt",32,Glen Abbey GC,sg_ott,2.964781800470477,2018-07-29,-0.0032902554426724887,921,TPC Craig Ranch
6169,"Kuchar, Matt",14,Augusta National Golf Club,sg_ott,0.7871371160983506,2021-04-11,-0.003420879326309859,921,TPC Craig Ranch
6169,"Kuchar, Matt",744,Torrey Pines (South),sg_ott,0.8151747109591491,2021-06-20,-0.004811373683083868,921,TPC Craig Ranch
6169,"Kuchar, Matt",873,Ridgewood CC,sg_ott,0.9746219381933394,2018-08-26,-0.0051774709989613095,921,TPC Craig Ranch
6169,"Kuchar, Matt",348,Medinah Country Club (No. 3),sg_ott,1.1650853674566677,2019-08-18,-0.006402889713003423,921,TPC Craig Ranch
6169,"Kuchar, Matt",5,Pebble Beach Golf Links,sg_ott,4.380461965810104,2024-02-04,-0.006523333223754136,921,TPC Craig Ranch
6169,"Kuchar, Matt",528,Pinehurst Resort & Country Club (Course No. 2),sg_ott,2.814527399847991,2024-06-16,-0.006812361802567351,921,TPC Craig Ranch
6169,"Kuchar, Matt",891,Winged Foot GC,sg_ott,0.7111635699565723,2020-09-20,-0.006962585363175692,921,TPC Craig Ranch
6169,"Kuchar, Matt",928,PGA National  - Champion Course,sg_ott,6.46052857818114,2026-03-01,-0.008257771798353557,921,TPC Craig Ranch
6169,"Kuchar, Matt",714,TPC Louisiana,sg_ott,1.976143425723861,2026-04-26,-0.010095868761670653,921,TPC Craig Ranch
6169,"Kuchar, Matt",876,Detroit Golf Club,sg_ott,5.532978484405801,2025-06-29,-0.013689812361871785,921,TPC Craig Ranch
6169,"Kuchar, Matt",746,The Country Club of Jackson,sg_ott,5.059135615090971,2025-10-05,-0.016894026612415944,921,TPC Craig Ranch
6169,"Kuchar, Matt",897,Memorial Park Golf Course,sg_ott,3.8973403584349975,2026-03-29,-0.021584723449688023,921,TPC Craig Ranch
6169,"Kuchar, Matt",921,TPC Craig Ranch,sg_ott,10.51362315236446,2025-05-04,-0.025539719445268515,921,TPC Craig Ranch
6169,"Kuchar, Matt",665,Innisbrook Resort and Golf Club - Copperhead Course,sg_putt,12.319508546989272,2026-03-22,0.02243437392443886,921,TPC Craig Ranch
6169,"Kuchar, Matt",510,TPC Scottsdale (Stadium Course),sg_putt,11.08545349103484,2024-02-11,0.019233056306159572,921,TPC Craig Ranch
6169,"Kuchar, Matt",921,TPC Craig Ranch,sg_putt,10.51362315236446,2025-05-04,0.005903299926892043,921,TPC Craig Ranch
6169,"Kuchar, Matt",745,iberostar real club de golf novo sancti petri,sg_putt,0.7738370084111174,2014-08-24,0.0035549316298581143,921,TPC Craig Ranch
6169,"Kuchar, Matt",893,Muirfield Village Golf Club,sg_putt,1.373406789990266,2020-07-12,0.003130400034338994,921,TPC Craig Ranch
6169,"Kuchar, Matt",656,Plantation Course at Kapalua,sg_putt,3.9175941816766593,2020-01-05,0.00260579577501121,921,TPC Craig Ranch
6169,"Kuchar, Matt",873,Ridgewood CC,sg_putt,0.9746219381933394,2018-08-26,0.0023805345244912895,921,TPC Craig Ranch
6169,"Kuchar, Matt",666,Pebble Beach Golf Links,sg_putt,1.1289571845620932,2019-06-16,0.002280971405278232,921,TPC Craig Ranch
6169,"Kuchar, Matt",526,Cog Hill G&CC,sg_putt,0.6926734098470206,2011-09-18,0.0018957216196228376,921,TPC Craig Ranch
6169,"Kuchar, Matt",762,Liberty National GC,sg_putt,0.579712089765115,2013-08-25,0.001681298414149749,921,TPC Craig Ranch
6169,"Kuchar, Matt",715,Baltusrol GC,sg_putt,0.3339203393340814,2016-07-31,0.0015494981822829234,921,TPC Craig Ranch
6169,"Kuchar, Matt",649,Hualalai Golf Course,sg_putt,0.7288821163478717,2015-01-25,-0.0034886070381463033,921,TPC Craig Ranch
6169,"Kuchar, Matt",2000,Sherwood Country Club,sg_putt,1.447436934746801,2020-10-25,-0.007182079599013965,921,TPC Craig Ranch
6169,"Kuchar, Matt",898,The Concession Golf Club,sg_putt,1.5415591836000346,2021-02-28,-0.0146690481373172,921,TPC Craig Ranch
6169,"Kuchar, Matt",236,Erin Hills,sg_total,0.7845024067939457,2017-06-18,0.003008591329202308,921,TPC Craig Ranch
6169,"Kuchar, Matt",818,Chambers Bay GC,sg_total,0.4088578610518003,2015-06-21,0.002981409532187952,921,TPC Craig Ranch
6169,"Kuchar, Matt",3671,carnoustie,sg_total,0.24882635382318666,2018-10-07,0.0025691408481079182,921,TPC Craig Ranch
6169,"Kuchar, Matt",780,Atlanta Athletic Club,sg_total,0.2697645765950573,2011-08-14,0.0008508512086784522,921,TPC Craig Ranch
6169,"Kuchar, Matt",539,Royal Lytham St. Anne,sg_total,0.32023325114688217,2012-07-22,0.0004924395865406119,921,TPC Craig Ranch
6169,"Kuchar, Matt",102,Bermuda Dunes CC,sg_total,0.0716605463819925,2009-01-25,0.00043009659086318275,921,TPC Craig Ranch
6169,"Kuchar, Matt",613,Cottonwood Valley GC,sg_total,0.030792011177519334,2007-04-29,-0.00011971452569718346,921,TPC Craig Ranch
6169,"Kuchar, Matt",681,TPC Canyons,sg_total,0.019331874825691705,2004-10-10,-0.00017828060628990802,921,TPC Craig Ranch
6169,"Kuchar, Matt",710,CC at Mirasol (Sunset),sg_total,0.07656839840088048,2005-03-13,-0.0005549292585883978,921,TPC Craig Ranch
6169,"Kuchar, Matt",742,Grand Reserve Golf Club,sg_total,0.07259546537946554,2008-03-23,-0.0006354132295389111,921,TPC Craig Ranch
6169,"Kuchar, Matt",3670,kingsbarns golf links,sg_total,0.24882635382318666,2018-10-07,-0.0010799924582394487,921,TPC Craig Ranch
9586,"Laird, Martin",921,TPC Craig Ranch,sg_app,9.277620080935264,2025-05-04,0.06321320091786882,921,TPC Craig Ranch
9586,"Laird, Martin",934,Hurstbourne Country Club,sg_app,3.4239483077157167,2025-07-13,0.027329359024356903,921,TPC Craig Ranch
9586,"Laird, Martin",649,Hualalai Golf Course,sg_app,0.9392593898893271,2015-01-25,0.008736841873475397,921,TPC Craig Ranch
9586,"Laird, Martin",772,St. George's G&CC,sg_app,0.9744785033464105,2022-06-12,0.005887017802420606,921,TPC Craig Ranch
9586,"Laird, Martin",745,iberostar real club de golf novo sancti petri,sg_app,0.3832680821078036,2010-08-29,0.003440892054900113,921,TPC Craig Ranch
9586,"Laird, Martin",642,Newport Beach Country Club,sg_app,0.46245517812869813,2014-07-27,0.0027056170874212413,921,TPC Craig Ranch
9586,"Laird, Martin",5,Pebble Beach Golf Links,sg_app,0.6098961903549439,2019-02-10,0.0018469678877867453,921,TPC Craig Ranch
9586,"Laird, Martin",625,LaCantera GC (Resort),sg_app,0.16070166604315692,2008-10-12,0.000766799518360981,921,TPC Craig Ranch
9586,"Laird, Martin",238,Glen Oaks Club,sg_app,0.8124461540765495,2017-08-27,-0.0003570560836179008,921,TPC Craig Ranch
9586,"Laird, Martin",688,East Lake Golf Club,sg_app,0.22964844512095003,2010-09-26,-0.00046536616487160285,921,TPC Craig Ranch
9586,"Laird, Martin",534,Bellerive CC,sg_app,0.1579138514124101,2008-09-07,-0.0009099223478680224,921,TPC Craig Ranch
9586,"Laird, Martin",781,Plainfield CC,sg_app,0.48602550431920544,2015-08-30,-0.0025843008272121194,921,TPC Craig Ranch
9586,"Laird, Martin",616,Robert Trent Jones GC,sg_app,0.27835644246096747,2015-08-02,-0.0038147529877269482,921,TPC Craig Ranch
9586,"Laird, Martin",656,Plantation Course at Kapalua,sg_app,2.414516834601636,2021-01-10,-0.009006779085763953,921,TPC Craig Ranch
9586,"Laird, Martin",21,Colonial Country Club,sg_arg,6.913930764698575,2024-05-26,0.019474446847364803,921,TPC Craig Ranch
9586,"Laird, Martin",6,Waialae Country Club,sg_arg,1.387357261146539,2024-01-14,0.0033133972703811333,921,TPC Craig Ranch
9586,"Laird, Martin",238,Glen Oaks Club,sg_arg,0.8124461540765495,2017-08-27,0.000972819917045108,921,TPC Craig Ranch
9586,"Laird, Martin",930,Black Desert Resort,sg_arg,3.2977910189097472,2025-10-26,0.0007239604297629381,921,TPC Craig Ranch
9586,"Laird, Martin",243,Trinity Forest Golf Club,sg_arg,1.5733806104490276,2019-05-12,-0.0001179085506676775,921,TPC Craig Ranch
9586,"Laird, Martin",625,LaCantera GC (Resort),sg_arg,0.16070166604315692,2008-10-12,-0.00038461583184506,921,TPC Craig Ranch
9586,"Laird, Martin",609,Annandale GC,sg_arg,0.15902312630488522,2008-09-21,-0.0006327033132834382,921,TPC Craig Ranch
9586,"Laird, Martin",689,El Bosque CC,sg_arg,1.0031428591098606,2016-08-28,-0.0010273766759607296,921,TPC Craig Ranch
9586,"Laird, Martin",789,Conway Farms GC,sg_arg,0.8210217819522644,2017-09-17,-0.0012890943618238916,921,TPC Craig Ranch
9586,"Laird, Martin",527,Saucon Valley CC,sg_arg,0.32817586553400707,2012-09-09,-0.0015323338233375096,921,TPC Craig Ranch
9586,"Laird, Martin",660,Montreux Golf & Country Club,sg_arg,1.152915972229429,2019-07-28,-0.0018897442834830945,921,TPC Craig Ranch
9586,"Laird, Martin",744,Torrey Pines (South),sg_arg,0.8151747109591491,2021-06-20,-0.0021380202542358438,921,TPC Craig Ranch
9586,"Laird, Martin",873,Ridgewood CC,sg_arg,0.9746219381933394,2018-08-26,-0.0033082115536606864,921,TPC Craig Ranch
9586,"Laird, Martin",762,Liberty National GC,sg_arg,0.390938258200872,2013-08-25,-0.004023916789028832,921,TPC Craig Ranch
9586,"Laird, Martin",886,Liberty National Golf Club,sg_arg,2.0022761195608436,2021-08-22,-0.007197652983931021,921,TPC Craig Ranch
9586,"Laird, Martin",874,Hamilton Golf & Country Club,sg_arg,2.5224599928957847,2024-06-02,-0.01070624044406844,921,TPC Craig Ranch
9586,"Laird, Martin",921,TPC Craig Ranch,sg_arg,9.277620080935264,2025-05-04,-0.043144512062778986,921,TPC Craig Ranch
9586,"Laird, Martin",714,TPC Louisiana,sg_ott,1.6473158085371538,2025-04-27,0.009452985777963432,921,TPC Craig Ranch
9586,"Laird, Martin",770,TPC San Antonio - The Oaks Course,sg_ott,13.05468682773548,2025-04-06,0.008397036663864339,921,TPC Craig Ranch
9586,"Laird, Martin",243,Trinity Forest Golf Club,sg_ott,1.5733806104490276,2019-05-12,0.007673043240589363,921,TPC Craig Ranch
9586,"Laird, Martin",744,Torrey Pines (South),sg_ott,0.8151747109591491,2021-06-20,0.007234923801044262,921,TPC Craig Ranch
9586,"Laird, Martin",746,The Country Club of Jackson,sg_ott,10.914671119290718,2024-10-06,0.0064825439149558935,921,TPC Craig Ranch
9586,"Laird, Martin",689,El Bosque CC,sg_ott,1.0031428591098606,2016-08-28,0.0044141267118258274,921,TPC Craig Ranch
9586,"Laird, Martin",876,Detroit Golf Club,sg_ott,5.16916864720057,2024-06-30,0.003799228618838382,921,TPC Craig Ranch
9586,"Laird, Martin",32,Glen Abbey GC,sg_ott,1.7635586355185726,2018-07-29,0.0033654121680675294,921,TPC Craig Ranch
9586,"Laird, Martin",8,Trump National Doral - Blue Monster Course,sg_ott,0.5494026618540603,2012-03-11,0.002737625758894818,921,TPC Craig Ranch
9586,"Laird, Martin",819,Harbor Shores Resort,sg_ott,0.6631821179026061,2016-07-17,0.0021027386631333467,921,TPC Craig Ranch
9586,"Laird, Martin",697,Ocean Course at Kiawah Island,sg_ott,1.6076835612440104,2021-05-23,0.001766351818829513,921,TPC Craig Ranch
9586,"Laird, Martin",642,Newport Beach Country Club,sg_ott,0.46245517812869813,2014-07-27,0.0010125975465713928,921,TPC Craig Ranch
9586,"Laird, Martin",897,Memorial Park Golf Course,sg_ott,6.419332232789557,2024-03-31,0.0008873153135088146,921,TPC Craig Ranch
9586,"Laird, Martin",534,Bellerive CC,sg_ott,0.1579138514124101,2008-09-07,0.0006132890226672129,921,TPC Craig Ranch
9586,"Laird, Martin",713,Grayhawk GC (Raptor),sg_ott,0.3559647178115195,2009-10-25,-9.86017260264237e-05,921,TPC Craig Ranch
9586,"Laird, Martin",238,Glen Oaks Club,sg_ott,0.8124461540765495,2017-08-27,-0.0002429731148218864,921,TPC Craig Ranch
9586,"Laird, Martin",527,Saucon Valley CC,sg_ott,0.32817586553400707,2012-09-09,-0.0005877310974247215,921,TPC Craig Ranch
9586,"Laird, Martin",241,Quail Hollow-PGA Championship,sg_ott,0.4033894447825575,2017-08-13,-0.0006933330539144064,921,TPC Craig Ranch
9586,"Laird, Martin",706,Whistling Straits,sg_ott,0.2803117732316307,2015-08-16,-0.0007587622428140615,921,TPC Craig Ranch
9586,"Laird, Martin",781,Plainfield CC,sg_ott,0.48602550431920544,2015-08-30,-0.000907614210411801,921,TPC Craig Ranch
9586,"Laird, Martin",235,Eagle Point Golf Club,sg_ott,0.7681996344830163,2017-05-07,-0.0009411040527775424,921,TPC Craig Ranch
9586,"Laird, Martin",772,St. George's G&CC,sg_ott,0.9744785033464105,2022-06-12,-0.0019225033871525742,921,TPC Craig Ranch
9586,"Laird, Martin",616,Robert Trent Jones GC,sg_ott,0.27835644246096747,2015-08-02,-0.002434776306594491,921,TPC Craig Ranch
9586,"Laird, Martin",762,Liberty National GC,sg_ott,0.390938258200872,2013-08-25,-0.0034388266956836243,921,TPC Craig Ranch
9586,"Laird, Martin",873,Ridgewood CC,sg_ott,0.9746219381933394,2018-08-26,-0.0035733692573087093,921,TPC Craig Ranch
9586,"Laird, Martin",5,Pebble Beach Golf Links,sg_ott,0.6098961903549439,2019-02-10,-0.004773556636505714,921,TPC Craig Ranch
9586,"Laird, Martin",14,Augusta National Golf Club,sg_ott,1.5742742321967012,2021-04-11,-0.004911087581270197,921,TPC Craig Ranch
9586,"Laird, Martin",928,PGA National  - Champion Course,sg_ott,2.6705764850757157,2024-03-03,-0.005311731356786017,921,TPC Craig Ranch
9586,"Laird, Martin",872,Quail Hollow Club,sg_ott,2.2542150235062017,2023-05-07,-0.0073798191665114836,921,TPC Craig Ranch
9586,"Laird, Martin",926,Silverado Resort (North Course),sg_ott,8.934477333526672,2025-09-14,-0.011197634812819497,921,TPC Craig Ranch
9586,"Laird, Martin",4,Torrey Pines Golf Course (South Course),sg_ott,7.734860332753234,2025-01-25,-0.012689103685429715,921,TPC Craig Ranch
9586,"Laird, Martin",12,Harbour Town Golf Links,sg_ott,4.558776655675589,2023-04-16,-0.016814671930677424,921,TPC Craig Ranch
9586,"Laird, Martin",698,Quail Hollow Club,sg_ott,2.525444744238966,2016-05-08,-0.024182630194122128,921,TPC Craig Ranch
9586,"Laird, Martin",21,Colonial Country Club,sg_ott,6.913930764698575,2024-05-26,-0.02708372572459464,921,TPC Craig Ranch
9586,"Laird, Martin",921,TPC Craig Ranch,sg_ott,9.277620080935264,2025-05-04,-0.03817090096259686,921,TPC Craig Ranch
9586,"Laird, Martin",921,TPC Craig Ranch,sg_putt,9.277620080935264,2025-05-04,0.052562706542219825,921,TPC Craig Ranch
9586,"Laird, Martin",510,TPC Scottsdale (Stadium Course),sg_putt,12.7300648481785,2024-02-11,0.018827915661145507,921,TPC Craig Ranch
9586,"Laird, Martin",656,Plantation Course at Kapalua,sg_putt,2.414516834601636,2021-01-10,0.009684491704002955,921,TPC Craig Ranch
9586,"Laird, Martin",762,Liberty National GC,sg_putt,0.390938258200872,2013-08-25,0.004031524889168033,921,TPC Craig Ranch
9586,"Laird, Martin",660,Montreux Golf & Country Club,sg_putt,1.152915972229429,2019-07-28,0.0037208446615106224,921,TPC Craig Ranch
9586,"Laird, Martin",745,iberostar real club de golf novo sancti petri,sg_putt,0.3832680821078036,2010-08-29,0.002508838716221623,921,TPC Craig Ranch
9586,"Laird, Martin",713,Grayhawk GC (Raptor),sg_putt,0.3559647178115195,2009-10-25,0.0022665083036051328,921,TPC Craig Ranch
9586,"Laird, Martin",649,Hualalai Golf Course,sg_putt,0.9392593898893271,2015-01-25,0.001976746094623975,921,TPC Craig Ranch
9586,"Laird, Martin",526,Cog Hill G&CC,sg_putt,0.5025735256924722,2011-09-18,0.0007745294137770294,921,TPC Craig Ranch
9586,"Laird, Martin",873,Ridgewood CC,sg_putt,0.9746219381933394,2018-08-26,-0.0008636191173217818,921,TPC Craig Ranch
9586,"Laird, Martin",665,Innisbrook Resort and Golf Club - Copperhead Course,sg_putt,5.473354827237087,2023-03-19,-0.015928625893831778,921,TPC Craig Ranch
9586,"Laird, Martin",742,Grand Reserve Golf Club,sg_total,4.033091347737912,2024-03-10,0.01864653223673181,921,TPC Craig Ranch
9586,"Laird, Martin",236,Erin Hills,sg_total,0.7845024067939457,2017-06-18,0.002888167808283769,921,TPC Craig Ranch
9586,"Laird, Martin",102,Bermuda Dunes CC,sg_total,0.042340974393293145,2009-01-25,0.00013367353853189833,921,TPC Craig Ranch
9586,"Laird, Martin",780,Atlanta Athletic Club,sg_total,0.13488228829752866,2011-08-14,-0.000558561198537794,921,TPC Craig Ranch
9586,"Laird, Martin",539,Royal Lytham St. Anne,sg_total,0.32023325114688217,2012-07-22,-0.0023653102884733197,921,TPC Craig Ranch
9586,"Laird, Martin",244,Puntacana Resort (Corales Golf Course),sg_total,3.0688742880846345,2025-04-20,-0.007057043035772584,921,TPC Craig Ranch
9586,"Laird, Martin",4585,k club,sg_total,3.5211736633368846,2025-09-07,-0.012859991070298931,921,TPC Craig Ranch
24343,"Lamprecht, Christo",921,TPC Craig Ranch,sg_app,1.6530915154581125,2025-05-04,-0.03544244271564987,921,TPC Craig Ranch
24343,"Lamprecht, Christo",6,Waialae Country Club,sg_arg,1.8816464795520194,2026-01-18,-0.007841053790277126,921,TPC Craig Ranch
24343,"Lamprecht, Christo",921,TPC Craig Ranch,sg_arg,1.6530915154581125,2025-05-04,-0.028845120684879023,921,TPC Craig Ranch
24343,"Lamprecht, Christo",897,Memorial Park Golf Course,sg_ott,1.9486701792174987,2026-03-29,0.03714216893414905,921,TPC Craig Ranch
24343,"Lamprecht, Christo",714,TPC Louisiana,sg_ott,1.976143425723861,2026-04-26,0.0060732458485849026,921,TPC Craig Ranch
24343,"Lamprecht, Christo",4,Torrey Pines Golf Course (South Course),sg_ott,0.9474321065017983,2026-02-01,-0.003236561630246382,921,TPC Craig Ranch
24343,"Lamprecht, Christo",921,TPC Craig Ranch,sg_ott,1.6530915154581125,2025-05-04,-0.009472822980534966,921,TPC Craig Ranch
24343,"Lamprecht, Christo",928,PGA National  - Champion Course,sg_ott,1.9215788783046464,2026-03-01,-0.01822899684683272,921,TPC Craig Ranch
24343,"Lamprecht, Christo",770,TPC San Antonio - The Oaks Course,sg_ott,3.9110049487733454,2026-04-05,-0.02226470753118169,921,TPC Craig Ranch
24343,"Lamprecht, Christo",510,TPC Scottsdale (Stadium Course),sg_putt,3.8030157146893075,2026-02-08,0.047745684900553365,921,TPC Craig Ranch
24343,"Lamprecht, Christo",921,TPC Craig Ranch,sg_putt,1.6530915154581125,2025-05-04,-0.015151699106205107,921,TPC Craig Ranch
24343,"Lamprecht, Christo",809,Country Club de Bogota-Pacos,sg_total,0.7925497493467781,2025-02-09,0.014438029681289918,921,TPC Craig Ranch
24343,"Lamprecht, Christo",108,Prince of Wales Country Club,sg_total,3.214893917778624,2025-03-09,0.012213285084078748,921,TPC Craig Ranch
24343,"Lamprecht, Christo",3765,randpark gc firethorn course,sg_total,0.25678913942997755,2018-12-09,-0.0041764664018705735,921,TPC Craig Ranch
24343,"Lamprecht, Christo",3898,randpark gc firethorn course,sg_total,0.940458542647816,2020-01-12,-0.013209515244645474,921,TPC Craig Ranch
21943,"Lebioda, Hank",772,St. George's G&CC,sg_app,1.948957006692821,2022-06-12,0.011934616356234655,921,TPC Craig Ranch
21943,"Lebioda, Hank",5,Pebble Beach Golf Links,sg_app,3.0936470775364118,2023-02-05,0.0042851500119175665,921,TPC Craig Ranch
21943,"Lebioda, Hank",921,TPC Craig Ranch,sg_app,2.5629973634501195,2022-05-15,0.004283896762054447,921,TPC Craig Ranch
21943,"Lebioda, Hank",6,Waialae Country Club,sg_arg,5.214094038209083,2026-01-18,0.01117219727698353,921,TPC Craig Ranch
21943,"Lebioda, Hank",921,TPC Craig Ranch,sg_arg,2.5629973634501195,2022-05-15,0.0029079594388373574,921,TPC Craig Ranch
21943,"Lebioda, Hank",243,Trinity Forest Golf Club,sg_arg,0.5546861506900438,2019-05-12,-0.0003811670507281526,921,TPC Craig Ranch
21943,"Lebioda, Hank",874,Hamilton Golf & Country Club,sg_arg,1.1250127412185955,2019-06-09,-0.0012613511782312945,921,TPC Craig Ranch
21943,"Lebioda, Hank",660,Montreux Golf & Country Club,sg_arg,0.5764579861147145,2019-07-28,-0.0019440605385124179,921,TPC Craig Ranch
21943,"Lebioda, Hank",886,Liberty National Golf Club,sg_arg,0.8412614230606249,2021-08-22,-0.004172569354775019,921,TPC Craig Ranch
21943,"Lebioda, Hank",746,The Country Club of Jackson,sg_ott,5.537080613905292,2023-10-08,0.019934316436983422,921,TPC Craig Ranch
21943,"Lebioda, Hank",928,PGA National  - Champion Course,sg_ott,3.8431577566092927,2026-03-01,0.017972067423266944,921,TPC Craig Ranch
21943,"Lebioda, Hank",714,TPC Louisiana,sg_ott,6.233698421615937,2026-04-26,0.016683923296263253,921,TPC Craig Ranch
21943,"Lebioda, Hank",872,Quail Hollow Club,sg_ott,2.7019653581273984,2021-05-09,0.011230578797835827,921,TPC Craig Ranch
21943,"Lebioda, Hank",893,Muirfield Village Golf Club,sg_ott,0.686703394995133,2020-07-12,0.005985403493030366,921,TPC Craig Ranch
21943,"Lebioda, Hank",4,Torrey Pines Golf Course (South Course),sg_ott,4.346239051101138,2026-02-01,0.004157036030914273,921,TPC Craig Ranch
21943,"Lebioda, Hank",897,Memorial Park Golf Course,sg_ott,3.7033639658093698,2026-03-29,0.0031564858509980707,921,TPC Craig Ranch
21943,"Lebioda, Hank",243,Trinity Forest Golf Club,sg_ott,0.5546861506900438,2019-05-12,0.0018913204928438778,921,TPC Craig Ranch
21943,"Lebioda, Hank",12,Harbour Town Golf Links,sg_ott,0.9475715603519396,2022-04-17,0.0009947733666232994,921,TPC Craig Ranch
21943,"Lebioda, Hank",772,St. George's G&CC,sg_ott,1.948957006692821,2022-06-12,-0.0008149323116247096,921,TPC Craig Ranch
21943,"Lebioda, Hank",926,Silverado Resort (North Course),sg_ott,2.4554114921712684,2023-09-17,-0.0015231595308538347,921,TPC Craig Ranch
21943,"Lebioda, Hank",921,TPC Craig Ranch,sg_ott,2.5629973634501195,2022-05-15,-0.0029772000362283486,921,TPC Craig Ranch
21943,"Lebioda, Hank",5,Pebble Beach Golf Links,sg_ott,3.0936470775364118,2023-02-05,-0.0037504651905747306,921,TPC Craig Ranch
21943,"Lebioda, Hank",770,TPC San Antonio - The Oaks Course,sg_ott,7.855271829792983,2026-04-05,-0.018227786807155175,921,TPC Craig Ranch
21943,"Lebioda, Hank",876,Detroit Golf Club,sg_ott,6.2558727247015025,2023-07-02,-0.02619120453445831,921,TPC Craig Ranch
21943,"Lebioda, Hank",921,TPC Craig Ranch,sg_putt,2.5629973634501195,2022-05-15,0.021245915650845375,921,TPC Craig Ranch
21943,"Lebioda, Hank",665,Innisbrook Resort and Golf Club - Copperhead Course,sg_putt,9.733369805013236,2026-03-22,0.002697345067387386,921,TPC Craig Ranch
21943,"Lebioda, Hank",893,Muirfield Village Golf Club,sg_putt,0.686703394995133,2020-07-12,-0.0011828729745601905,921,TPC Craig Ranch
21943,"Lebioda, Hank",660,Montreux Golf & Country Club,sg_putt,0.5764579861147145,2019-07-28,-0.006116470028707356,921,TPC Craig Ranch
21943,"Lebioda, Hank",510,TPC Scottsdale (Stadium Course),sg_putt,4.721203987263096,2026-02-08,-0.022773644399035675,921,TPC Craig Ranch
21943,"Lebioda, Hank",108,Prince of Wales Country Club,sg_total,3.214893917778624,2025-03-09,0.019497354300611416,921,TPC Craig Ranch
21943,"Lebioda, Hank",67,The King & Bear Course at WGV,sg_total,1.3583821025797564,2020-06-20,0.003589136366976714,921,TPC Craig Ranch
21943,"Lebioda, Hank",630,Fox Den CC,sg_total,0.92477423745053,2018-05-13,0.00311669468205561,921,TPC Craig Ranch
21943,"Lebioda, Hank",56,Atlantic Beach Country Club,sg_total,0.4934405865066717,2018-09-20,0.00013294236895600888,921,TPC Craig Ranch
21943,"Lebioda, Hank",806,Furman University Golf Club,sg_total,0.23200415453447004,2018-05-20,-0.0003340095307803401,921,TPC Craig Ranch
21943,"Lebioda, Hank",809,Country Club de Bogota-Pacos,sg_total,1.4532202827484073,2025-02-09,-0.0019167741561574234,921,TPC Craig Ranch
21943,"Lebioda, Hank",804,The Country Club of Virginia,sg_total,0.45755745409044485,2018-04-22,-0.007301437713929417,921,TPC Craig Ranch
21943,"Lebioda, Hank",742,Grand Reserve Golf Club,sg_total,3.400210739617803,2023-03-05,-0.008847136778549149,921,TPC Craig Ranch
21943,"Lebioda, Hank",244,Puntacana Resort (Corales Golf Course),sg_total,7.420321369144672,2023-03-26,-0.0153963443024766,921,TPC Craig Ranch
13497,"Lee, K.H.",921,TPC Craig Ranch,sg_app,5.829420818332473,2023-05-14,0.183415995911093,921,TPC Craig Ranch
13497,"Lee, K.H.",882,Caves Valley Golf Club,sg_app,1.688421993568662,2021-08-29,0.02939090873497336,921,TPC Craig Ranch
13497,"Lee, K.H.",875,ACCORDIA GOLF Narashino Country Club,sg_app,3.0080570172775305,2024-10-27,0.028583646261175252,921,TPC Craig Ranch
13497,"Lee, K.H.",656,Plantation Course at Kapalua,sg_app,3.969246744072981,2023-01-08,-0.0019869096830638236,921,TPC Craig Ranch
13497,"Lee, K.H.",688,East Lake Golf Club,sg_app,2.0254549887439106,2022-08-28,-0.003439299757266436,921,TPC Craig Ranch
13497,"Lee, K.H.",930,Black Desert Resort,sg_arg,2.9870741438934285,2024-10-13,0.0074061584633250506,921,TPC Craig Ranch
13497,"Lee, K.H.",874,Hamilton Golf & Country Club,sg_arg,1.3974472516771892,2024-06-02,0.0006334170746151603,921,TPC Craig Ranch
13497,"Lee, K.H.",6,Waialae Country Club,sg_arg,8.152168532992691,2025-01-12,3.619215181698215e-05,921,TPC Craig Ranch
13497,"Lee, K.H.",21,Colonial Country Club,sg_arg,6.074498104866036,2024-05-26,-0.00026262430952004765,921,TPC Craig Ranch
13497,"Lee, K.H.",886,Liberty National Golf Club,sg_arg,1.6825228461212498,2021-08-22,-0.0021675951095513606,921,TPC Craig Ranch
13497,"Lee, K.H.",744,Torrey Pines (South),sg_arg,0.8151747109591491,2021-06-20,-0.003166681192524306,921,TPC Craig Ranch
13497,"Lee, K.H.",921,TPC Craig Ranch,sg_arg,5.829420818332473,2023-05-14,-0.00735513064398938,921,TPC Craig Ranch
13497,"Lee, K.H.",921,TPC Craig Ranch,sg_ott,5.829420818332473,2023-05-14,0.025400977080565757,921,TPC Craig Ranch
13497,"Lee, K.H.",746,The Country Club of Jackson,sg_ott,5.076416946506298,2024-10-06,0.018811620471961405,921,TPC Craig Ranch
13497,"Lee, K.H.",901,Wilmington Country Club,sg_ott,2.0183782877342047,2022-08-21,0.01082473096222643,921,TPC Craig Ranch
13497,"Lee, K.H.",876,Detroit Golf Club,sg_ott,2.2380500567724373,2024-06-30,0.010577788119433492,921,TPC Craig Ranch
13497,"Lee, K.H.",926,Silverado Resort (North Course),sg_ott,3.9281847310834683,2024-09-15,0.009094256318549331,921,TPC Craig Ranch
13497,"Lee, K.H.",654,The Country Club,sg_ott,1.9557903075170284,2022-06-19,0.008772467152279204,921,TPC Craig Ranch
13497,"Lee, K.H.",4,Torrey Pines Golf Course (South Course),sg_ott,3.015617622593102,2025-01-25,0.007076648978152575,921,TPC Craig Ranch
13497,"Lee, K.H.",744,Torrey Pines (South),sg_ott,0.8151747109591491,2021-06-20,0.0031399287548778258,921,TPC Craig Ranch
13497,"Lee, K.H.",897,Memorial Park Golf Course,sg_ott,5.469104713922096,2026-03-29,0.0015930384698727464,921,TPC Craig Ranch
13497,"Lee, K.H.",872,Quail Hollow Club,sg_ott,2.297437476392113,2023-05-07,0.001044269764951891,921,TPC Craig Ranch
13497,"Lee, K.H.",12,Harbour Town Golf Links,sg_ott,3.221012147382101,2023-04-16,0.0003764575335406393,921,TPC Craig Ranch
13497,"Lee, K.H.",697,Ocean Course at Kiawah Island,sg_ott,0.8038417806220052,2021-05-23,-0.003602561847562086,921,TPC Craig Ranch
13497,"Lee, K.H.",977,The Renaissance Club,sg_ott,1.701769123218786,2024-07-14,-0.007121331309208965,921,TPC Craig Ranch
13497,"Lee, K.H.",928,PGA National  - Champion Course,sg_ott,6.19398609204968,2026-03-01,-0.0088504071905543,921,TPC Craig Ranch
13497,"Lee, K.H.",21,Colonial Country Club,sg_ott,6.074498104866036,2024-05-26,-0.015784881910464035,921,TPC Craig Ranch
13497,"Lee, K.H.",770,TPC San Antonio - The Oaks Course,sg_ott,4.255325645993807,2026-04-05,-0.019785132178938018,921,TPC Craig Ranch
13497,"Lee, K.H.",665,Innisbrook Resort and Golf Club - Copperhead Course,sg_putt,6.559338012310902,2025-03-23,0.00857749348562633,921,TPC Craig Ranch
13497,"Lee, K.H.",656,Plantation Course at Kapalua,sg_putt,3.969246744072981,2023-01-08,0.005412435777593819,921,TPC Craig Ranch
13497,"Lee, K.H.",668,St. Andrews Links (Old Course),sg_putt,0.9916819684299293,2022-07-17,0.0017356591768593545,921,TPC Craig Ranch
13497,"Lee, K.H.",510,TPC Scottsdale (Stadium Course),sg_putt,8.530859978205056,2025-02-09,0.000736682284405556,921,TPC Craig Ranch
13497,"Lee, K.H.",921,TPC Craig Ranch,sg_putt,5.829420818332473,2023-05-14,-0.004320584617770076,921,TPC Craig Ranch
13497,"Lee, K.H.",244,Puntacana Resort (Corales Golf Course),sg_total,2.7368137016555485,2024-04-21,-0.001962573248791406,921,TPC Craig Ranch
13497,"Lee, K.H.",98,PGA Riviera Maya,sg_total,1.9692390135034659,2026-04-19,-0.007546101133585213,921,TPC Craig Ranch
13497,"Lee, Kyoung-Hoon",5,Pebble Beach Golf Links,sg_app,0.2650067451297589,2019-02-10,-0.0029986015988685225,921,TPC Craig Ranch
13497,"Lee, Kyoung-Hoon",6,Waialae Country Club,sg_arg,2.6591413505236767,2021-01-17,0.009054739863654161,921,TPC Craig Ranch
13497,"Lee, Kyoung-Hoon",660,Montreux Golf & Country Club,sg_arg,1.152915972229429,2019-07-28,0.002190735873784402,921,TPC Craig Ranch
13497,"Lee, Kyoung-Hoon",886,Liberty National Golf Club,sg_arg,0.5805073482501094,2019-08-11,0.002033700186671235,921,TPC Craig Ranch
13497,"Lee, Kyoung-Hoon",21,Colonial Country Club,sg_arg,1.794321682083058,2020-06-14,0.0012445431544224107,921,TPC Craig Ranch
13497,"Lee, Kyoung-Hoon",243,Trinity Forest Golf Club,sg_arg,0.8320292260350657,2019-05-12,-0.0010321408390510276,921,TPC Craig Ranch
13497,"Lee, Kyoung-Hoon",770,TPC San Antonio - The Oaks Course,sg_ott,2.6589010757100704,2021-04-04,0.006230229720645496,921,TPC Craig Ranch
13497,"Lee, Kyoung-Hoon",12,Harbour Town Golf Links,sg_ott,3.3571094103118373,2021-04-18,0.004275863179064619,921,TPC Craig Ranch
13497,"Lee, Kyoung-Hoon",5,Pebble Beach Golf Links,sg_ott,0.2650067451297589,2019-02-10,0.0003353197662823603,921,TPC Craig Ranch
13497,"Lee, Kyoung-Hoon",14,Augusta National Golf Club,sg_ott,0.9442608570012471,2022-04-10,-0.0007390925321941901,921,TPC Craig Ranch
13497,"Lee, Kyoung-Hoon",897,Memorial Park Golf Course,sg_ott,0.7288022691925407,2020-11-08,-0.0017692685012492596,921,TPC Craig Ranch
13497,"Lee, Kyoung-Hoon",243,Trinity Forest Golf Club,sg_ott,0.8320292260350657,2019-05-12,-0.0018349614273150386,921,TPC Craig Ranch
13497,"Lee, Kyoung-Hoon",4,Torrey Pines Golf Course (South Course),sg_ott,0.9588783892895736,2021-01-31,-0.0024853862863670026,921,TPC Craig Ranch
13497,"Lee, Kyoung-Hoon",872,Quail Hollow Club,sg_ott,2.7019653581273984,2021-05-09,-0.00398691018571071,921,TPC Craig Ranch
13497,"Lee, Kyoung-Hoon",21,Colonial Country Club,sg_ott,1.794321682083058,2020-06-14,-0.0043591306382547886,921,TPC Craig Ranch
13497,"Lee, Kyoung-Hoon",893,Muirfield Village Golf Club,sg_ott,1.373406789990266,2020-07-12,-0.006159056467088145,921,TPC Craig Ranch
13497,"Lee, Kyoung-Hoon",876,Detroit Golf Club,sg_ott,1.937052073014769,2020-07-05,-0.010016430525348985,921,TPC Craig Ranch
13497,"Lee, Kyoung-Hoon",746,The Country Club of Jackson,sg_ott,2.0251452635302956,2020-10-04,-0.010521771662405288,921,TPC Craig Ranch
13497,"Lee, Kyoung-Hoon",660,Montreux Golf & Country Club,sg_putt,1.152915972229429,2019-07-28,0.014145068023244004,921,TPC Craig Ranch
13497,"Lee, Kyoung-Hoon",893,Muirfield Village Golf Club,sg_putt,1.373406789990266,2020-07-12,0.010676044049034206,921,TPC Craig Ranch
13497,"Lee, Kyoung-Hoon",510,TPC Scottsdale (Stadium Course),sg_putt,2.159047748676631,2021-02-07,0.00048673273207651586,921,TPC Craig Ranch
13497,"Lee, Kyoung-Hoon",666,Pebble Beach Golf Links,sg_putt,0.5644785922810466,2019-06-16,-0.00019147837351711212,921,TPC Craig Ranch
13497,"Lee, Kyoung-Hoon",665,Innisbrook Resort and Golf Club - Copperhead Course,sg_putt,1.8615219299965327,2021-05-02,-0.007156810829737416,921,TPC Craig Ranch
13497,"Lee, Kyoung-Hoon",804,The Country Club of Virginia,sg_total,0.6863361811356673,2018-04-22,0.012744535982805692,921,TPC Craig Ranch
13497,"Lee, Kyoung-Hoon",50,Corales Golf Club,sg_total,0.7681996344830163,2017-05-07,0.010159849292419936,921,TPC Craig Ranch
13497,"Lee, Kyoung-Hoon",742,Grand Reserve Golf Club,sg_total,2.348029203951887,2020-02-23,0.006749810039988774,921,TPC Craig Ranch
13497,"Lee, Kyoung-Hoon",806,Furman University Golf Club,sg_total,0.23200415453447004,2018-05-20,0.003356622020897346,921,TPC Craig Ranch
13497,"Lee, Kyoung-Hoon",244,Puntacana Resort (Corales Golf Course),sg_total,1.7999753996940402,2020-09-27,0.0028584549446581606,921,TPC Craig Ranch
13497,"Lee, Kyoung-Hoon",630,Fox Den CC,sg_total,1.2719946816947119,2018-05-13,-0.0003811602634236788,921,TPC Craig Ranch
13497,"Lee, Kyoung-Hoon",803,University Ridge GC,sg_total,0.19339897420195362,2017-05-21,-0.0005536588941311298,921,TPC Craig Ranch
13497,"Lee, Kyoung-Hoon",56,Atlantic Beach Country Club,sg_total,1.4002757212518024,2018-09-20,-0.0022788759746232156,921,TPC Craig Ranch
13497,"Lee, Kyounghoon",921,TPC Craig Ranch,sg_app,2.7560386062315234,2024-05-05,0.0068366565001704025,921,TPC Craig Ranch
13497,"Lee, Kyounghoon",514,Oak Hill Country Club,sg_app,2.3135759575120334,2023-05-21,-0.0004214275030958716,921,TPC Craig Ranch
13497,"Lee, Kyounghoon",671,Valhalla Golf Club,sg_arg,0.6938496393126606,2024-05-19,0.001325695056321667,921,TPC Craig Ranch
13497,"Lee, Kyounghoon",921,TPC Craig Ranch,sg_arg,2.7560386062315234,2024-05-05,-0.0188657265361127,921,TPC Craig Ranch
13497,"Lee, Kyounghoon",14,Augusta National Golf Club,sg_ott,2.2654974535677295,2023-04-09,0.009142321112526075,921,TPC Craig Ranch
13497,"Lee, Kyounghoon",514,Oak Hill Country Club,sg_ott,2.3135759575120334,2023-05-21,0.0049534175688011675,921,TPC Craig Ranch
13497,"Lee, Kyounghoon",671,Valhalla Golf Club,sg_ott,0.6938496393126606,2024-05-19,0.0018623835347160965,921,TPC Craig Ranch
13497,"Lee, Kyounghoon",977,The Renaissance Club,sg_ott,2.3792715302865415,2023-07-16,-0.013133759405922697,921,TPC Craig Ranch
13497,"Lee, Kyounghoon",921,TPC Craig Ranch,sg_ott,2.7560386062315234,2024-05-05,-0.028009593769097285,921,TPC Craig Ranch
13497,"Lee, Kyounghoon",921,TPC Craig Ranch,sg_putt,2.7560386062315234,2024-05-05,0.01423463976805612,921,TPC Craig Ranch
13497,"Lee, Kyounghoon",724,Royal Liverpool,sg_putt,1.193806785348716,2023-07-23,-0.014491340216446694,921,TPC Craig Ranch
15310,"Li, Hao Tong",742,Grand Reserve Golf Club,sg_total,0.3135323233497965,2016-03-27,-0.0020080085722853167,921,TPC Craig Ranch
15310,"Li, Hao Tong",236,Erin Hills,sg_total,0.7845024067939457,2017-06-18,-0.007295360112713288,921,TPC Craig Ranch
15310,"Li, HaoTong",534,Bellerive CC,sg_app,0.24195585181123766,2018-08-12,0.0033100115437983994,921,TPC Craig Ranch
15310,"Li, HaoTong",770,TPC San Antonio - The Oaks Course,sg_ott,1.0901271721360504,2019-04-07,-0.002989933245123168,921,TPC Craig Ranch
15310,"Li, HaoTong",534,Bellerive CC,sg_ott,0.24195585181123766,2018-08-12,-0.0043495660732486355,921,TPC Craig Ranch
15310,"Li, Haotong",6,Waialae Country Club,sg_arg,5.574139360615983,2026-01-18,0.015072933663426382,921,TPC Craig Ranch
15310,"Li, Haotong",977,The Renaissance Club,sg_ott,7.732252114851706,2025-07-13,0.0194543609426822,921,TPC Craig Ranch
15310,"Li, Haotong",714,TPC Louisiana,sg_ott,1.976143425723861,2026-04-26,0.0072710287938340164,921,TPC Craig Ranch
15310,"Li, Haotong",4,Torrey Pines Golf Course (South Course),sg_ott,2.8422963195053947,2026-02-01,0.006447943980290149,921,TPC Craig Ranch
15310,"Li, Haotong",897,Memorial Park Golf Course,sg_ott,1.9486701792174987,2026-03-29,0.00031362936584655097,921,TPC Craig Ranch
15310,"Li, Haotong",770,TPC San Antonio - The Oaks Course,sg_ott,1.9555024743866727,2026-04-05,-0.0013472427875094511,921,TPC Craig Ranch
15310,"Li, Haotong",928,PGA National  - Champion Course,sg_ott,3.8431577566092927,2026-03-01,-0.005816176766704592,921,TPC Craig Ranch
15310,"Li, Haotong",14,Augusta National Golf Club,sg_ott,3.924717448971224,2026-04-12,-0.011142788077995326,921,TPC Craig Ranch
15310,"Li, Haotong",895,TPC Harding Park,sg_ott,1.3927697092247904,2020-08-09,-0.01196337087017972,921,TPC Craig Ranch
15310,"Li, Haotong",668,St. Andrews Links (Old Course),sg_putt,0.9916819684299293,2022-07-17,0.007620586942150326,921,TPC Craig Ranch
15310,"Li, Haotong",666,Pebble Beach Golf Links,sg_putt,1.1289571845620932,2019-06-16,0.006336383416291005,921,TPC Craig Ranch
15310,"Li, Haotong",510,TPC Scottsdale (Stadium Course),sg_putt,1.9015078573446538,2026-02-08,-0.020543422479348206,921,TPC Craig Ranch
15310,"Li, Haotong",4490,doha gc,sg_total,2.642682133606517,2024-02-11,0.025883548391664003,921,TPC Craig Ranch
15310,"Li, Haotong",4567,royal golf club,sg_total,3.159122695731211,2025-02-02,0.01892922710767711,921,TPC Craig Ranch
15310,"Li, Haotong",4201,pgm ishioka gc,sg_total,2.2814115701682156,2023-04-23,0.012637687538155182,921,TPC Craig Ranch
15310,"Li, Haotong",4108,infinitum golf lakes course,sg_total,1.9017877429321917,2022-04-24,0.012281418880720065,921,TPC Craig Ranch
15310,"Li, Haotong",3637,emirates gc,sg_total,0.877476031206019,2018-01-28,0.00712475218894578,921,TPC Craig Ranch
15310,"Li, Haotong",3514,gary player cc,sg_total,0.844335257375697,2017-11-12,0.005010071746735064,921,TPC Craig Ranch
15310,"Li, Haotong",4392,brabazon course at the belfry,sg_total,2.924999650275528,2024-09-01,0.004361167303206927,921,TPC Craig Ranch
15310,"Li, Haotong",4401,carnoustie,sg_total,0.7441594147231158,2024-10-06,0.003998287167088194,921,TPC Craig Ranch
15310,"Li, Haotong",3541,topwin golf & cc,sg_total,0.7655156355004604,2017-04-30,0.0033445944557319294,921,TPC Craig Ranch
15310,"Li, Haotong",3511,wentworth golf club,sg_total,1.5526164525086752,2017-05-28,0.0030966762343055364,921,TPC Craig Ranch
15310,"Li, Haotong",3500,royal johannesburg east course,sg_total,0.37088886391194176,2017-02-26,0.0028855106849363416,921,TPC Craig Ranch
15310,"Li, Haotong",3675,gary player cc,sg_total,1.012876559141098,2018-11-11,0.002866655645376593,921,TPC Craig Ranch
15310,"Li, Haotong",3498,emirates gc,sg_total,0.7340298094371326,2017-02-05,0.0017469281108568307,921,TPC Craig Ranch
15310,"Li, Haotong",3671,carnoustie,sg_total,0.24882635382318666,2018-10-07,0.001491096120621438,921,TPC Craig Ranch
15310,"Li, Haotong",3978,yas links,sg_total,0.908597734151391,2022-01-23,0.0010642833249981075,921,TPC Craig Ranch
15310,"Li, Haotong",3797,old course st andrews,sg_total,0.594905434643481,2019-09-29,0.0009138125295222126,921,TPC Craig Ranch
15310,"Li, Haotong",4601,old course st andrews,sg_total,0.892704196411185,2025-10-05,0.0007265372566050797,921,TPC Craig Ranch
15310,"Li, Haotong",3535,dom pedro victoria golf course,sg_total,0.8239003928195338,2017-09-24,0.00028401279217046816,921,TPC Craig Ranch
15310,"Li, Haotong",3948,club de campo villa de madrid,sg_total,1.7242537723021152,2021-10-10,0.00011604959390512485,921,TPC Craig Ranch
15310,"Li, Haotong",3666,dutch,sg_total,0.9849093831144788,2018-09-16,-6.339374741959321e-05,921,TPC Craig Ranch
15310,"Li, Haotong",3899,abu dhabi gc,sg_total,1.2583412194425352,2020-01-19,-0.0010378217891610004,921,TPC Craig Ranch
15310,"Li, Haotong",4074,pga national cyprus course,sg_total,0.7288022691925407,2020-11-08,-0.001064986679014643,921,TPC Craig Ranch
15310,"Li, Haotong",3798,kingsbarns golf links,sg_total,0.2974527173217405,2019-09-29,-0.0013765267877718743,921,TPC Craig Ranch
15310,"Li, Haotong",3670,kingsbarns golf links,sg_total,0.24882635382318666,2018-10-07,-0.0015741863496912796,921,TPC Craig Ranch
15310,"Li, Haotong",4592,yas links,sg_total,3.6338560642748248,2025-11-09,-0.0017268925318420399,921,TPC Craig Ranch
15310,"Li, Haotong",4056,frederikshavn golfklub,sg_total,1.4074708370262448,2020-08-30,-0.0024031451172878415,921,TPC Craig Ranch
15310,"Li, Haotong",3638,saujana g&cc,sg_total,0.4402762890658595,2018-02-04,-0.0027511172859958242,921,TPC Craig Ranch
15310,"Li, Haotong",4603,kingsbarns golf links,sg_total,0.892704196411185,2025-10-05,-0.002952414891634004,921,TPC Craig Ranch
15310,"Li, Haotong",4204,bernardus golf,sg_total,1.1608438302814847,2023-05-28,-0.004261958904211518,921,TPC Craig Ranch
15310,"Li, Haotong",4177,houghton gc,sg_total,0.7600638626419282,2021-01-31,-0.004791398434076566,921,TPC Craig Ranch
15310,"Li, Haotong",244,Puntacana Resort (Corales Golf Course),sg_total,0.9376741115073225,2022-03-27,-0.006240429702399062,921,TPC Craig Ranch
15310,"Li, Haotong",3806,gary player cc,sg_total,1.2193212617727873,2019-11-17,-0.006737548218576813,921,TPC Craig Ranch
15310,"Li, Haotong",4585,k club,sg_total,1.7605868316684423,2025-09-07,-0.007234355823891789,921,TPC Craig Ranch
15310,"Li, Haotong",3513,regnum carya golf & spa resort,sg_total,0.8413852495001302,2017-11-05,-0.007406813095075582,921,TPC Craig Ranch
15310,"Li, Haotong",3900,emirates gc,sg_total,0.6313765650251616,2020-01-26,-0.008521001845896473,921,TPC Craig Ranch
15310,"Li, Haotong",4575,international,sg_total,3.364550459378493,2025-06-08,-0.008815300819487278,921,TPC Craig Ranch
15310,"Li, Haotong",3796,wentworth golf club,sg_total,2.3713076206825527,2019-09-22,-0.009261244879122887,921,TPC Craig Ranch
15310,"Li, Haotong",4200,yas links,sg_total,1.089966738415096,2023-01-22,-0.013261602308452783,921,TPC Craig Ranch
15310,"Li, Haotong",4458,adriatic golf club cervia,sg_total,1.417149104373669,2024-06-30,-0.013666235371963755,921,TPC Craig Ranch
15310,"Li, Haotong",3867,mount juliet estate,sg_total,0.8209009523987683,2021-07-04,-0.013777626567432666,921,TPC Craig Ranch
15310,"Li, Haotong",4586,wentworth golf club,sg_total,7.067038727062007,2025-09-14,-0.032326215604619395,921,TPC Craig Ranch
7960,"List, Luke",934,Hurstbourne Country Club,sg_app,3.4239483077157167,2025-07-13,0.03635005906237971,921,TPC Craig Ranch
7960,"List, Luke",656,Plantation Course at Kapalua,sg_app,4.761564733201402,2024-01-07,0.016241471717303887,921,TPC Craig Ranch
7960,"List, Luke",238,Glen Oaks Club,sg_app,0.8124461540765495,2017-08-27,0.010626094475167666,921,TPC Craig Ranch
7960,"List, Luke",5,Pebble Beach Golf Links,sg_app,1.5588437911727986,2024-02-04,0.00281736392703817,921,TPC Craig Ranch
7960,"List, Luke",534,Bellerive CC,sg_app,0.4839117036224753,2018-08-12,0.0010033206205461729,921,TPC Craig Ranch
7960,"List, Luke",875,ACCORDIA GOLF Narashino Country Club,sg_app,3.0080570172775305,2024-10-27,-0.03834403400767692,921,TPC Craig Ranch
7960,"List, Luke",921,TPC Craig Ranch,sg_app,9.277620080935264,2025-05-04,-0.03994865376844151,921,TPC Craig Ranch
7960,"List, Luke",874,Hamilton Golf & Country Club,sg_arg,1.3974472516771892,2024-06-02,0.010686887011670292,921,TPC Craig Ranch
7960,"List, Luke",21,Colonial Country Club,sg_arg,8.43692209570614,2025-05-25,0.007217522418246526,921,TPC Craig Ranch
7960,"List, Luke",6,Waialae Country Club,sg_arg,8.578591065640223,2025-01-12,0.005276807770410527,921,TPC Craig Ranch
7960,"List, Luke",773,Aronimink GC,sg_arg,0.9814682258117053,2018-09-09,0.0027776040976087595,921,TPC Craig Ranch
7960,"List, Luke",886,Liberty National Golf Club,sg_arg,2.8435375426214686,2021-08-22,0.0012998956277071854,921,TPC Craig Ranch
7960,"List, Luke",873,Ridgewood CC,sg_arg,0.9746219381933394,2018-08-26,0.0012110583239892216,921,TPC Craig Ranch
7960,"List, Luke",238,Glen Oaks Club,sg_arg,0.8124461540765495,2017-08-27,0.0008746808920009001,921,TPC Craig Ranch
7960,"List, Luke",609,Annandale GC,sg_arg,0.19207817671404823,2013-07-21,0.0005828787585647441,921,TPC Craig Ranch
7960,"List, Luke",789,Conway Farms GC,sg_arg,0.8210217819522644,2017-09-17,-0.0011863483216825775,921,TPC Craig Ranch
7960,"List, Luke",671,Valhalla Golf Club,sg_arg,1.3876992786253213,2024-05-19,-0.0014676158761716652,921,TPC Craig Ranch
7960,"List, Luke",689,El Bosque CC,sg_arg,0.33862810152691036,2016-08-28,-0.001529569312001901,921,TPC Craig Ranch
7960,"List, Luke",930,Black Desert Resort,sg_arg,3.2977910189097472,2025-10-26,-0.0027026335020845864,921,TPC Craig Ranch
7960,"List, Luke",921,TPC Craig Ranch,sg_arg,9.277620080935264,2025-05-04,-0.022986352641513896,921,TPC Craig Ranch
7960,"List, Luke",872,Quail Hollow Club,sg_ott,4.772227281582608,2023-05-07,0.01738036869480444,921,TPC Craig Ranch
7960,"List, Luke",4,Torrey Pines Golf Course (South Course),sg_ott,12.415396118318236,2026-02-01,0.014885536687612088,921,TPC Craig Ranch
7960,"List, Luke",977,The Renaissance Club,sg_ott,4.79459262821183,2024-07-14,0.0117000447485177,921,TPC Craig Ranch
7960,"List, Luke",32,Glen Abbey GC,sg_ott,1.8521617357998483,2017-07-30,0.009401371487619048,921,TPC Craig Ranch
7960,"List, Luke",698,Quail Hollow Club,sg_ott,0.6898335453517093,2016-05-08,0.00819852819646045,921,TPC Craig Ranch
7960,"List, Luke",770,TPC San Antonio - The Oaks Course,sg_ott,9.722844156591824,2025-04-06,0.006269195799913224,921,TPC Craig Ranch
7960,"List, Luke",746,The Country Club of Jackson,sg_ott,15.400812054542342,2025-10-05,0.005373702072013425,921,TPC Craig Ranch
7960,"List, Luke",926,Silverado Resort (North Course),sg_ott,5.988930855702272,2025-09-14,0.004075479229715811,921,TPC Craig Ranch
7960,"List, Luke",901,Wilmington Country Club,sg_ott,2.0183782877342047,2022-08-21,0.0027678080404324266,921,TPC Craig Ranch
7960,"List, Luke",819,Harbor Shores Resort,sg_ott,0.6631821179026061,2016-07-17,0.002168456256630257,921,TPC Craig Ranch
7960,"List, Luke",235,Eagle Point Golf Club,sg_ott,0.7681996344830163,2017-05-07,0.001999867896099001,921,TPC Craig Ranch
7960,"List, Luke",241,Quail Hollow-PGA Championship,sg_ott,0.4033894447825575,2017-08-13,0.001996513674454912,921,TPC Craig Ranch
7960,"List, Luke",895,TPC Harding Park,sg_ott,1.3927697092247904,2020-08-09,0.0018244818794189521,921,TPC Craig Ranch
7960,"List, Luke",873,Ridgewood CC,sg_ott,0.9746219381933394,2018-08-26,0.0016751140518183605,921,TPC Craig Ranch
7960,"List, Luke",238,Glen Oaks Club,sg_ott,0.8124461540765495,2017-08-27,0.0012393082259139175,921,TPC Craig Ranch
7960,"List, Luke",534,Bellerive CC,sg_ott,0.4839117036224753,2018-08-12,0.00035569477899198885,921,TPC Craig Ranch
7960,"List, Luke",689,El Bosque CC,sg_ott,0.33862810152691036,2016-08-28,0.00011194110814841959,921,TPC Craig Ranch
7960,"List, Luke",654,The Country Club,sg_ott,0.9778951537585142,2022-06-19,-4.626803809046387e-05,921,TPC Craig Ranch
7960,"List, Luke",671,Valhalla Golf Club,sg_ott,1.3876992786253213,2024-05-19,-0.0008037195127544392,921,TPC Craig Ranch
7960,"List, Luke",893,Muirfield Village Golf Club,sg_ott,0.686703394995133,2020-07-12,-0.0009802351877892916,921,TPC Craig Ranch
7960,"List, Luke",897,Memorial Park Golf Course,sg_ott,7.56697945051304,2025-03-30,-0.0034756668671880155,921,TPC Craig Ranch
7960,"List, Luke",5,Pebble Beach Golf Links,sg_ott,1.5588437911727986,2024-02-04,-0.00452265061691564,921,TPC Craig Ranch
7960,"List, Luke",928,PGA National  - Champion Course,sg_ott,2.937118971207176,2025-03-02,-0.005273547327365543,921,TPC Craig Ranch
7960,"List, Luke",876,Detroit Golf Club,sg_ott,9.760731434358792,2025-06-29,-0.00911453162387285,921,TPC Craig Ranch
7960,"List, Luke",12,Harbour Town Golf Links,sg_ott,7.45885748274555,2023-04-16,-0.009909369426187078,921,TPC Craig Ranch
7960,"List, Luke",21,Colonial Country Club,sg_ott,8.43692209570614,2025-05-25,-0.010121213034550946,921,TPC Craig Ranch
7960,"List, Luke",714,TPC Louisiana,sg_ott,7.552186612966384,2026-04-26,-0.010956675646535227,921,TPC Craig Ranch
7960,"List, Luke",14,Augusta National Golf Club,sg_ott,3.6715124541452093,2024-04-14,-0.013224024229611182,921,TPC Craig Ranch
7960,"List, Luke",921,TPC Craig Ranch,sg_ott,9.277620080935264,2025-05-04,-0.015637631643251517,921,TPC Craig Ranch
7960,"List, Luke",921,TPC Craig Ranch,sg_putt,9.277620080935264,2025-05-04,0.07863832874323409,921,TPC Craig Ranch
7960,"List, Luke",656,Plantation Course at Kapalua,sg_putt,4.761564733201402,2024-01-07,0.02307846859405332,921,TPC Craig Ranch
7960,"List, Luke",510,TPC Scottsdale (Stadium Course),sg_putt,12.48030226140106,2025-02-09,0.017629209716661574,921,TPC Craig Ranch
7960,"List, Luke",666,Pebble Beach Golf Links,sg_putt,0.5644785922810466,2019-06-16,0.0054845679436141045,921,TPC Craig Ranch
7960,"List, Luke",668,St. Andrews Links (Old Course),sg_putt,0.9916819684299293,2022-07-17,0.00374177211707064,921,TPC Craig Ranch
7960,"List, Luke",873,Ridgewood CC,sg_putt,0.9746219381933394,2018-08-26,-0.0018361309999236578,921,TPC Craig Ranch
7960,"List, Luke",893,Muirfield Village Golf Club,sg_putt,0.686703394995133,2020-07-12,-0.0038451186348220845,921,TPC Craig Ranch
7960,"List, Luke",665,Innisbrook Resort and Golf Club - Copperhead Course,sg_putt,7.2886218851815325,2025-03-23,-0.02748968910455688,921,TPC Craig Ranch
7960,"List, Luke",742,Grand Reserve Golf Club,sg_total,1.7387411511539577,2017-03-26,0.0011655342303727228,921,TPC Craig Ranch
7960,"List, Luke",244,Puntacana Resort (Corales Golf Course),sg_total,3.459697486197453,2025-04-20,-0.0015835407242277796,921,TPC Craig Ranch
7960,"List, Luke",98,PGA Riviera Maya,sg_total,3.9384780270069317,2026-04-19,-0.005503198735577009,921,TPC Craig Ranch
7960,"List, Luke",4785,doha gc,sg_total,1.9015078573446538,2026-02-08,-0.009953660105904857,921,TPC Craig Ranch
7960,"List, Luke",4762,real club de golf el prat rosa course,sg_total,1.9900249583853646,2026-05-10,-0.02362377463993107,921,TPC Craig Ranch
17723,"Lower, Justin",921,TPC Craig Ranch,sg_app,8.636484435658833,2025-05-04,0.06904370494487316,921,TPC Craig Ranch
17723,"Lower, Justin",934,Hurstbourne Country Club,sg_app,1.7119741538578583,2025-07-13,0.01686144986678327,921,TPC Craig Ranch
17723,"Lower, Justin",772,St. George's G&CC,sg_app,1.948957006692821,2022-06-12,-0.0006291031655504985,921,TPC Craig Ranch
17723,"Lower, Justin",5,Pebble Beach Golf Links,sg_app,3.3756437733761677,2025-02-02,-0.005776546390250876,921,TPC Craig Ranch
17723,"Lower, Justin",875,ACCORDIA GOLF Narashino Country Club,sg_app,3.0080570172775305,2024-10-27,-0.011894334543204405,921,TPC Craig Ranch
17723,"Lower, Justin",921,TPC Craig Ranch,sg_arg,8.636484435658833,2025-05-04,0.015186554267177767,921,TPC Craig Ranch
17723,"Lower, Justin",930,Black Desert Resort,sg_arg,5.10204496587278,2025-10-26,0.009260720991787251,921,TPC Craig Ranch
17723,"Lower, Justin",21,Colonial Country Club,sg_arg,5.384792819069055,2025-05-25,-0.006940035690149212,921,TPC Craig Ranch
17723,"Lower, Justin",6,Waialae Country Club,sg_arg,5.732067808364746,2025-01-12,-0.01091935839920126,921,TPC Craig Ranch
17723,"Lower, Justin",874,Hamilton Golf & Country Club,sg_arg,1.3974472516771892,2024-06-02,-0.014185926289143325,921,TPC Craig Ranch
17723,"Lower, Justin",241,Quail Hollow-PGA Championship,sg_ott,3.329407502951579,2025-05-18,0.0254169410125061,921,TPC Craig Ranch
17723,"Lower, Justin",921,TPC Craig Ranch,sg_ott,8.636484435658833,2025-05-04,0.021652028280185715,921,TPC Craig Ranch
17723,"Lower, Justin",977,The Renaissance Club,sg_ott,2.85420789882601,2024-07-14,0.011886700124218877,921,TPC Craig Ranch
17723,"Lower, Justin",21,Colonial Country Club,sg_ott,5.384792819069055,2025-05-25,0.010363757816885184,921,TPC Craig Ranch
17723,"Lower, Justin",926,Silverado Resort (North Course),sg_ott,7.167717651761171,2025-09-14,0.0061970181009446705,921,TPC Craig Ranch
17723,"Lower, Justin",897,Memorial Park Golf Course,sg_ott,7.333789536788245,2026-03-29,0.005629432122420743,921,TPC Craig Ranch
17723,"Lower, Justin",876,Detroit Golf Club,sg_ott,10.594333546013964,2025-06-29,0.005627762846678756,921,TPC Craig Ranch
17723,"Lower, Justin",770,TPC San Antonio - The Oaks Course,sg_ott,9.50187865305553,2026-04-05,0.00509615654559452,921,TPC Craig Ranch
17723,"Lower, Justin",12,Harbour Town Golf Links,sg_ott,2.2734405870301617,2023-04-16,-0.002839653565663269,921,TPC Craig Ranch
17723,"Lower, Justin",5,Pebble Beach Golf Links,sg_ott,3.3756437733761677,2025-02-02,-0.0049434753178350405,921,TPC Craig Ranch
17723,"Lower, Justin",772,St. George's G&CC,sg_ott,1.948957006692821,2022-06-12,-0.005373264465067744,921,TPC Craig Ranch
17723,"Lower, Justin",714,TPC Louisiana,sg_ott,8.387624253606138,2026-04-26,-0.005608122502446481,921,TPC Craig Ranch
17723,"Lower, Justin",872,Quail Hollow Club,sg_ott,1.1487187381960564,2023-05-07,-0.005673489269915615,921,TPC Craig Ranch
17723,"Lower, Justin",205,Spyglass Hill Golf Course,sg_ott,0.7897806739328027,2025-02-02,-0.005902052575720985,921,TPC Craig Ranch
17723,"Lower, Justin",4,Torrey Pines Golf Course (South Course),sg_ott,6.598410883014575,2026-02-01,-0.009137042631040874,921,TPC Craig Ranch
17723,"Lower, Justin",928,PGA National  - Champion Course,sg_ott,4.858697849511822,2026-03-01,-0.01238130591177759,921,TPC Craig Ranch
17723,"Lower, Justin",746,The Country Club of Jackson,sg_ott,8.063923038887756,2025-10-05,-0.01266941165091541,921,TPC Craig Ranch
17723,"Lower, Justin",528,Pinehurst Resort & Country Club (Course No. 2),sg_ott,2.814527399847991,2024-06-16,-0.014338760292453838,921,TPC Craig Ranch
17723,"Lower, Justin",921,TPC Craig Ranch,sg_putt,8.636484435658833,2025-05-04,0.0032616956338611153,921,TPC Craig Ranch
17723,"Lower, Justin",510,TPC Scottsdale (Stadium Course),sg_putt,4.8456255024736254,2024-02-11,-0.009333607575239423,921,TPC Craig Ranch
17723,"Lower, Justin",665,Innisbrook Resort and Golf Club - Copperhead Course,sg_putt,7.298070480196082,2026-03-22,-0.010409034939143236,921,TPC Craig Ranch
17723,"Lower, Justin",67,The King & Bear Course at WGV,sg_total,1.3583821025797564,2020-06-20,0.02438957105042706,921,TPC Craig Ranch
17723,"Lower, Justin",244,Puntacana Resort (Corales Golf Course),sg_total,9.02012966057897,2025-04-20,0.021248301398074775,921,TPC Craig Ranch
17723,"Lower, Justin",65,TPC San Antonio-AT&T Oaks,sg_total,1.37753319687576,2020-07-18,0.00975586092565984,921,TPC Craig Ranch
17723,"Lower, Justin",56,Atlantic Beach Country Club,sg_total,0.9868811730133434,2018-09-20,0.00411069793662871,921,TPC Craig Ranch
17723,"Lower, Justin",742,Grand Reserve Golf Club,sg_total,1.855760084366587,2022-03-06,0.0019015003723747011,921,TPC Craig Ranch
17723,"Lower, Justin",806,Furman University Golf Club,sg_total,0.23200415453447004,2018-05-20,-0.0002165318767856774,921,TPC Craig Ranch
17723,"Lower, Justin",809,Country Club de Bogota-Pacos,sg_total,0.3179058529315635,2020-02-09,-0.0007428366338521643,921,TPC Craig Ranch
17723,"Lower, Justin",803,University Ridge GC,sg_total,0.19339897420195362,2017-05-21,-0.0021165451945954665,921,TPC Craig Ranch
17723,"Lower, Justin",655,The Glen Club,sg_total,0.5585825753206938,2019-05-26,-0.0028387219055834275,921,TPC Craig Ranch
17723,"Lower, Justin",630,Fox Den CC,sg_total,2.2910127540572742,2019-05-19,-0.003352274766968266,921,TPC Craig Ranch
17723,"Lower, Justin",804,The Country Club of Virginia,sg_total,0.45755745409044485,2018-04-22,-0.003481730775284137,921,TPC Craig Ranch
17723,"Lower, Justin",811,Paiute Golf Resort - Sun Mt GC,sg_total,0.7898969228492065,2021-04-18,-0.0043786690795308714,921,TPC Craig Ranch
14926,"Malnati, Peter",5,Pebble Beach Golf Links,sg_app,5.652134441399009,2024-02-04,0.022961646126578635,921,TPC Craig Ranch
14926,"Malnati, Peter",934,Hurstbourne Country Club,sg_app,3.4239483077157167,2025-07-13,0.0147311685413319,921,TPC Craig Ranch
14926,"Malnati, Peter",772,St. George's G&CC,sg_app,0.9744785033464105,2022-06-12,-0.00130398108687963,921,TPC Craig Ranch
14926,"Malnati, Peter",642,Newport Beach Country Club,sg_app,0.23122758906434907,2014-07-27,-0.0016218651341312787,921,TPC Craig Ranch
14926,"Malnati, Peter",715,Baltusrol GC,sg_app,0.3339203393340814,2016-07-31,-0.0034027224627519483,921,TPC Craig Ranch
14926,"Malnati, Peter",656,Plantation Course at Kapalua,sg_app,3.7185846162614404,2025-01-05,-0.017362639224044126,921,TPC Craig Ranch
14926,"Malnati, Peter",921,TPC Craig Ranch,sg_app,3.5749532336318017,2025-05-04,-0.09139338493616353,921,TPC Craig Ranch
14926,"Malnati, Peter",21,Colonial Country Club,sg_arg,11.662970046277437,2025-05-25,0.022053782765710496,921,TPC Craig Ranch
14926,"Malnati, Peter",886,Liberty National Golf Club,sg_arg,2.263030194371359,2021-08-22,0.0020283470418296827,921,TPC Craig Ranch
14926,"Malnati, Peter",243,Trinity Forest Golf Club,sg_arg,1.7600458441729459,2019-05-12,0.0017516979469633905,921,TPC Craig Ranch
14926,"Malnati, Peter",874,Hamilton Golf & Country Club,sg_arg,1.1250127412185955,2019-06-09,0.00017757688557632677,921,TPC Craig Ranch
14926,"Malnati, Peter",671,Valhalla Golf Club,sg_arg,1.3876992786253213,2024-05-19,-0.0005204763896312171,921,TPC Craig Ranch
14926,"Malnati, Peter",689,El Bosque CC,sg_arg,0.6772562030538207,2016-08-28,-0.0005543510865173295,921,TPC Craig Ranch
14926,"Malnati, Peter",930,Black Desert Resort,sg_arg,1.4935370719467143,2024-10-13,-0.0006206650486907384,921,TPC Craig Ranch
14926,"Malnati, Peter",744,Torrey Pines (South),sg_arg,0.8151747109591491,2021-06-20,-0.0006662526606065673,921,TPC Craig Ranch
14926,"Malnati, Peter",6,Waialae Country Club,sg_arg,11.64153897639003,2026-01-18,-0.0074081720593443135,921,TPC Craig Ranch
14926,"Malnati, Peter",921,TPC Craig Ranch,sg_arg,3.5749532336318017,2025-05-04,-0.012938011961596775,921,TPC Craig Ranch
14926,"Malnati, Peter",876,Detroit Golf Club,sg_ott,13.236426241637767,2025-06-29,0.032019988729936145,921,TPC Craig Ranch
14926,"Malnati, Peter",21,Colonial Country Club,sg_ott,11.662970046277437,2025-05-25,0.023681153697192165,921,TPC Craig Ranch
14926,"Malnati, Peter",746,The Country Club of Jackson,sg_ott,12.992013662856838,2024-10-06,0.02137321088836901,921,TPC Craig Ranch
14926,"Malnati, Peter",714,TPC Louisiana,sg_ott,3.6234592342610146,2026-04-26,0.020236730282201652,921,TPC Craig Ranch
14926,"Malnati, Peter",12,Harbour Town Golf Links,sg_ott,11.004355433978313,2024-04-21,0.017941803282968467,921,TPC Craig Ranch
14926,"Malnati, Peter",4,Torrey Pines Golf Course (South Course),sg_ott,7.360224585006824,2026-02-01,0.017241948876294017,921,TPC Craig Ranch
14926,"Malnati, Peter",5,Pebble Beach Golf Links,sg_ott,5.652134441399009,2024-02-04,0.010081838589670083,921,TPC Craig Ranch
14926,"Malnati, Peter",928,PGA National  - Champion Course,sg_ott,6.19398609204968,2026-03-01,0.008356759144230152,921,TPC Craig Ranch
14926,"Malnati, Peter",897,Memorial Park Golf Course,sg_ott,10.15980660930168,2026-03-29,0.0072962241938799,921,TPC Craig Ranch
14926,"Malnati, Peter",32,Glen Abbey GC,sg_ott,2.094977118242293,2018-07-29,0.004404921842666858,921,TPC Craig Ranch
14926,"Malnati, Peter",744,Torrey Pines (South),sg_ott,0.8151747109591491,2021-06-20,0.004317374085220922,921,TPC Craig Ranch
14926,"Malnati, Peter",823,Keene Trace Golf Club,sg_ott,0.9577144264939117,2018-07-22,0.0035439999234263583,921,TPC Craig Ranch
14926,"Malnati, Peter",819,Harbor Shores Resort,sg_ott,1.4063578398237941,2017-07-23,0.0034073906543529054,921,TPC Craig Ranch
14926,"Malnati, Peter",893,Muirfield Village Golf Club,sg_ott,1.373406789990266,2020-07-12,0.0016264699207655293,921,TPC Craig Ranch
14926,"Malnati, Peter",14,Augusta National Golf Club,sg_ott,1.363625798571981,2024-04-14,0.0010975631688739866,921,TPC Craig Ranch
14926,"Malnati, Peter",689,El Bosque CC,sg_ott,0.6772562030538207,2016-08-28,0.0009440778373060619,921,TPC Craig Ranch
14926,"Malnati, Peter",697,Ocean Course at Kiawah Island,sg_ott,0.8038417806220052,2021-05-23,0.00017155511668955038,921,TPC Craig Ranch
14926,"Malnati, Peter",642,Newport Beach Country Club,sg_ott,0.23122758906434907,2014-07-27,1.226960843740005e-05,921,TPC Craig Ranch
14926,"Malnati, Peter",698,Quail Hollow Club,sg_ott,0.5419032700943972,2016-05-08,-0.0005908510592935297,921,TPC Craig Ranch
14926,"Malnati, Peter",772,St. George's G&CC,sg_ott,0.9744785033464105,2022-06-12,-0.0011304878974581771,921,TPC Craig Ranch
14926,"Malnati, Peter",715,Baltusrol GC,sg_ott,0.3339203393340814,2016-07-31,-0.0011321206348020108,921,TPC Craig Ranch
14926,"Malnati, Peter",926,Silverado Resort (North Course),sg_ott,5.988930855702272,2025-09-14,-0.0012944212793485556,921,TPC Craig Ranch
14926,"Malnati, Peter",528,Pinehurst Resort & Country Club (Course No. 2),sg_ott,1.4072636999239956,2024-06-16,-0.0016786322686810908,921,TPC Craig Ranch
14926,"Malnati, Peter",235,Eagle Point Golf Club,sg_ott,0.38409981724150816,2017-05-07,-0.002025736499650019,921,TPC Craig Ranch
14926,"Malnati, Peter",671,Valhalla Golf Club,sg_ott,1.3876992786253213,2024-05-19,-0.002807999036483705,921,TPC Craig Ranch
14926,"Malnati, Peter",243,Trinity Forest Golf Club,sg_ott,1.7600458441729459,2019-05-12,-0.0046755909402988695,921,TPC Craig Ranch
14926,"Malnati, Peter",872,Quail Hollow Club,sg_ott,5.8364620425327125,2024-05-12,-0.006810242920533811,921,TPC Craig Ranch
14926,"Malnati, Peter",770,TPC San Antonio - The Oaks Course,sg_ott,15.335555112423418,2026-04-05,-0.008041015767187526,921,TPC Craig Ranch
14926,"Malnati, Peter",921,TPC Craig Ranch,sg_ott,3.5749532336318017,2025-05-04,-0.009945729762688918,921,TPC Craig Ranch
14926,"Malnati, Peter",656,Plantation Course at Kapalua,sg_putt,3.7185846162614404,2025-01-05,0.008557625156142027,921,TPC Craig Ranch
14926,"Malnati, Peter",510,TPC Scottsdale (Stadium Course),sg_putt,10.710706811407839,2026-02-08,0.005901627254989148,921,TPC Craig Ranch
14926,"Malnati, Peter",665,Innisbrook Resort and Golf Club - Copperhead Course,sg_putt,11.325537584313743,2026-03-22,0.003440730603585898,921,TPC Craig Ranch
14926,"Malnati, Peter",715,Baltusrol GC,sg_putt,0.3339203393340814,2016-07-31,0.0005362483858839614,921,TPC Craig Ranch
14926,"Malnati, Peter",921,TPC Craig Ranch,sg_putt,3.5749532336318017,2025-05-04,-0.0007206469753226362,921,TPC Craig Ranch
14926,"Malnati, Peter",893,Muirfield Village Golf Club,sg_putt,1.373406789990266,2020-07-12,-0.009471494821604717,921,TPC Craig Ranch
14926,"Malnati, Peter",244,Puntacana Resort (Corales Golf Course),sg_total,1.4273140068291847,2020-09-27,0.0019118933378686823,921,TPC Craig Ranch
14926,"Malnati, Peter",742,Grand Reserve Golf Club,sg_total,0.7447226734204992,2016-03-27,-0.002368610385286956,921,TPC Craig Ranch
14926,"Malnati, Peter",56,Atlantic Beach Country Club,sg_total,0.9868811730133434,2018-09-20,-0.003017588098750406,921,TPC Craig Ranch
14007,"Martin, Ben",656,Plantation Course at Kapalua,sg_app,0.5032311665141237,2015-01-12,0.0029973304306877184,921,TPC Craig Ranch
14007,"Martin, Ben",775,CordeValle GC,sg_app,0.6780592663473184,2013-10-13,0.0021263669203213232,921,TPC Craig Ranch
14007,"Martin, Ben",745,iberostar real club de golf novo sancti petri,sg_app,0.46897508346843886,2014-08-24,0.0015881616007442838,921,TPC Craig Ranch
14007,"Martin, Ben",921,TPC Craig Ranch,sg_app,7.664288141511024,2025-05-04,0.0004707800634722407,921,TPC Craig Ranch
14007,"Martin, Ben",649,Hualalai Golf Course,sg_app,0.10518863677072765,2014-01-19,-0.00011212904613690656,921,TPC Craig Ranch
14007,"Martin, Ben",5,Pebble Beach Golf Links,sg_app,3.001914609937307,2023-02-05,-0.00021132645235554388,921,TPC Craig Ranch
14007,"Martin, Ben",781,Plainfield CC,sg_app,0.5645616786705364,2015-08-30,-0.0025520508982129083,921,TPC Craig Ranch
14007,"Martin, Ben",238,Glen Oaks Club,sg_app,0.40622307703827476,2017-08-27,-0.0026039918781081747,921,TPC Craig Ranch
14007,"Martin, Ben",772,St. George's G&CC,sg_app,1.948957006692821,2022-06-12,-0.0037033865650134175,921,TPC Craig Ranch
14007,"Martin, Ben",934,Hurstbourne Country Club,sg_app,3.4239483077157167,2025-07-13,-0.018557597341024478,921,TPC Craig Ranch
14007,"Martin, Ben",921,TPC Craig Ranch,sg_arg,7.664288141511024,2025-05-04,0.013457140305327473,921,TPC Craig Ranch
14007,"Martin, Ben",689,El Bosque CC,sg_arg,0.6772562030538207,2016-08-28,0.0052835939503788655,921,TPC Craig Ranch
14007,"Martin, Ben",775,CordeValle GC,sg_arg,0.6780592663473184,2013-10-13,0.002777567104765613,921,TPC Craig Ranch
14007,"Martin, Ben",238,Glen Oaks Club,sg_arg,0.40622307703827476,2017-08-27,0.00047421307091138654,921,TPC Craig Ranch
14007,"Martin, Ben",789,Conway Farms GC,sg_arg,0.5705208069707626,2015-09-20,0.00023162349544596502,921,TPC Craig Ranch
14007,"Martin, Ben",21,Colonial Country Club,sg_arg,8.447207165559083,2024-05-26,0.0002203155848634607,921,TPC Craig Ranch
14007,"Martin, Ben",609,Annandale GC,sg_arg,0.13300709325474833,2011-07-17,8.306556530428199e-05,921,TPC Craig Ranch
14007,"Martin, Ben",671,Valhalla Golf Club,sg_arg,0.23285186050540693,2014-08-10,-0.0004603549243825417,921,TPC Craig Ranch
14007,"Martin, Ben",243,Trinity Forest Golf Club,sg_arg,0.4640083090689401,2018-05-20,-0.002162648141770649,921,TPC Craig Ranch
14007,"Martin, Ben",874,Hamilton Golf & Country Club,sg_arg,1.3974472516771892,2024-06-02,-0.002451829745184894,921,TPC Craig Ranch
14007,"Martin, Ben",930,Black Desert Resort,sg_arg,1.804253946963033,2025-10-26,-0.0035661189499236897,921,TPC Craig Ranch
14007,"Martin, Ben",6,Waialae Country Club,sg_arg,11.505245990106554,2025-01-12,-0.004868036449046132,921,TPC Craig Ranch
14007,"Martin, Ben",527,Saucon Valley CC,sg_arg,0.6820136280365007,2016-09-11,-0.006909329726806762,921,TPC Craig Ranch
14007,"Martin, Ben",770,TPC San Antonio - The Oaks Course,sg_ott,13.07338881565176,2025-04-06,0.031216110250636597,921,TPC Craig Ranch
14007,"Martin, Ben",21,Colonial Country Club,sg_ott,8.447207165559083,2024-05-26,0.009902071230350867,921,TPC Craig Ranch
14007,"Martin, Ben",698,Quail Hollow Club,sg_ott,1.4277395756393496,2016-05-08,0.005543664705904511,921,TPC Craig Ranch
14007,"Martin, Ben",872,Quail Hollow Club,sg_ott,3.205959403642886,2023-05-07,0.004652377200913592,921,TPC Craig Ranch
14007,"Martin, Ben",243,Trinity Forest Golf Club,sg_ott,0.4640083090689401,2018-05-20,0.003210277876329313,921,TPC Craig Ranch
14007,"Martin, Ben",772,St. George's G&CC,sg_ott,1.948957006692821,2022-06-12,0.0027422351970540315,921,TPC Craig Ranch
14007,"Martin, Ben",689,El Bosque CC,sg_ott,0.6772562030538207,2016-08-28,0.0016953717645970371,921,TPC Craig Ranch
14007,"Martin, Ben",819,Harbor Shores Resort,sg_ott,1.461534147563418,2017-07-23,0.0015246486659952685,921,TPC Craig Ranch
14007,"Martin, Ben",235,Eagle Point Golf Club,sg_ott,0.7681996344830163,2017-05-07,9.453679229037089e-05,921,TPC Craig Ranch
14007,"Martin, Ben",238,Glen Oaks Club,sg_ott,0.40622307703827476,2017-08-27,2.0722282411355635e-06,921,TPC Craig Ranch
14007,"Martin, Ben",5,Pebble Beach Golf Links,sg_ott,3.001914609937307,2023-02-05,-0.0005177454756771213,921,TPC Craig Ranch
14007,"Martin, Ben",527,Saucon Valley CC,sg_ott,0.6820136280365007,2016-09-11,-0.000822540241493047,921,TPC Craig Ranch
14007,"Martin, Ben",706,Whistling Straits,sg_ott,0.2803117732316307,2015-08-16,-0.0014649845014838877,921,TPC Craig Ranch
14007,"Martin, Ben",671,Valhalla Golf Club,sg_ott,0.23285186050540693,2014-08-10,-0.0018122203343006826,921,TPC Craig Ranch
14007,"Martin, Ben",12,Harbour Town Golf Links,sg_ott,8.10782310265032,2023-04-16,-0.0025351184454827573,921,TPC Craig Ranch
14007,"Martin, Ben",746,The Country Club of Jackson,sg_ott,7.914928227230944,2025-10-05,-0.0027409851498182585,921,TPC Craig Ranch
14007,"Martin, Ben",781,Plainfield CC,sg_ott,0.5645616786705364,2015-08-30,-0.004920023534169711,921,TPC Craig Ranch
14007,"Martin, Ben",32,Glen Abbey GC,sg_ott,0.7333292397147839,2017-07-30,-0.0051363854057342034,921,TPC Craig Ranch
14007,"Martin, Ben",4,Torrey Pines Golf Course (South Course),sg_ott,3.062586329733818,2024-01-27,-0.008054558945718356,921,TPC Craig Ranch
14007,"Martin, Ben",921,TPC Craig Ranch,sg_ott,7.664288141511024,2025-05-04,-0.008627771122985068,921,TPC Craig Ranch
14007,"Martin, Ben",714,TPC Louisiana,sg_ott,5.09299263653183,2026-04-26,-0.012359362448910229,921,TPC Craig Ranch
14007,"Martin, Ben",928,PGA National  - Champion Course,sg_ott,2.937118971207176,2025-03-02,-0.01248723955716289,921,TPC Craig Ranch
14007,"Martin, Ben",897,Memorial Park Golf Course,sg_ott,2.6768918595780886,2025-03-30,-0.01285511031597047,921,TPC Craig Ranch
14007,"Martin, Ben",926,Silverado Resort (North Course),sg_ott,2.994465427851136,2025-09-14,-0.015458406828113527,921,TPC Craig Ranch
14007,"Martin, Ben",977,The Renaissance Club,sg_ott,2.3792715302865415,2023-07-16,-0.016111707727662676,921,TPC Craig Ranch
14007,"Martin, Ben",876,Detroit Golf Club,sg_ott,6.383870850507914,2025-06-29,-0.019067239527401157,921,TPC Craig Ranch
14007,"Martin, Ben",921,TPC Craig Ranch,sg_putt,7.664288141511024,2025-05-04,0.08300159947147509,921,TPC Craig Ranch
14007,"Martin, Ben",649,Hualalai Golf Course,sg_putt,0.10518863677072765,2014-01-19,0.000407517553260624,921,TPC Craig Ranch
14007,"Martin, Ben",775,CordeValle GC,sg_putt,0.6780592663473184,2013-10-13,0.0002038007770265396,921,TPC Craig Ranch
14007,"Martin, Ben",656,Plantation Course at Kapalua,sg_putt,0.5032311665141237,2015-01-12,-0.0007870614726075178,921,TPC Craig Ranch
14007,"Martin, Ben",745,iberostar real club de golf novo sancti petri,sg_putt,0.46897508346843886,2014-08-24,-0.0008979391895561019,921,TPC Craig Ranch
14007,"Martin, Ben",510,TPC Scottsdale (Stadium Course),sg_putt,5.090960535495517,2025-02-09,-0.0013411876682486242,921,TPC Craig Ranch
14007,"Martin, Ben",665,Innisbrook Resort and Golf Club - Copperhead Course,sg_putt,8.418775353324502,2025-03-23,-0.020039624751796745,921,TPC Craig Ranch
14007,"Martin, Ben",244,Puntacana Resort (Corales Golf Course),sg_total,13.13558363325731,2025-04-20,0.04506872674450589,921,TPC Craig Ranch
14007,"Martin, Ben",67,The King & Bear Course at WGV,sg_total,1.3583821025797564,2020-06-20,0.011008819843690587,921,TPC Craig Ranch
14007,"Martin, Ben",65,TPC San Antonio-AT&T Oaks,sg_total,1.37753319687576,2020-07-18,0.006963964031385146,921,TPC Craig Ranch
14007,"Martin, Ben",818,Chambers Bay GC,sg_total,0.4088578610518003,2015-06-21,-0.003792580076717953,921,TPC Craig Ranch
14007,"Martin, Ben",742,Grand Reserve Golf Club,sg_total,7.110897742544292,2024-03-10,-0.010912107746881424,921,TPC Craig Ranch
14007,"Martin, Ben",98,PGA Riviera Maya,sg_total,1.9692390135034659,2026-04-19,-0.029536436136930924,921,TPC Craig Ranch
23505,"McGreevy, Max",921,TPC Craig Ranch,sg_app,9.136829653219193,2025-05-04,0.05800277421045533,921,TPC Craig Ranch
23505,"McGreevy, Max",5,Pebble Beach Golf Links,sg_app,3.868563944348873,2026-02-15,-0.0008854095490765955,921,TPC Craig Ranch
23505,"McGreevy, Max",772,St. George's G&CC,sg_app,0.9744785033464105,2022-06-12,-0.013318691219046868,921,TPC Craig Ranch
23505,"McGreevy, Max",921,TPC Craig Ranch,sg_arg,9.136829653219193,2025-05-04,0.003002143559780948,921,TPC Craig Ranch
23505,"McGreevy, Max",21,Colonial Country Club,sg_arg,5.276442791517052,2025-05-25,0.0019925015630680772,921,TPC Craig Ranch
23505,"McGreevy, Max",6,Waialae Country Club,sg_arg,5.436290926477006,2026-01-18,-0.002078513951521687,921,TPC Craig Ranch
23505,"McGreevy, Max",930,Black Desert Resort,sg_arg,6.5955820378194945,2025-10-26,-0.004208574885004822,921,TPC Craig Ranch
23505,"McGreevy, Max",241,Quail Hollow-PGA Championship,sg_ott,1.6647037514757894,2025-05-18,0.01040738619956908,921,TPC Craig Ranch
23505,"McGreevy, Max",928,PGA National  - Champion Course,sg_ott,7.046819213947929,2026-03-01,0.010212466917777094,921,TPC Craig Ranch
23505,"McGreevy, Max",21,Colonial Country Club,sg_ott,5.276442791517052,2025-05-25,0.009285620775687583,921,TPC Craig Ranch
23505,"McGreevy, Max",921,TPC Craig Ranch,sg_ott,9.136829653219193,2025-05-04,0.006521487742688107,921,TPC Craig Ranch
23505,"McGreevy, Max",12,Harbour Town Golf Links,sg_ott,2.2734405870301617,2023-04-16,0.0032960191661145066,921,TPC Craig Ranch
23505,"McGreevy, Max",872,Quail Hollow Club,sg_ott,1.1487187381960564,2023-05-07,0.0031774539825095024,921,TPC Craig Ranch
23505,"McGreevy, Max",205,Spyglass Hill Golf Course,sg_ott,0.9540873975903711,2026-02-15,0.0017108134483568725,921,TPC Craig Ranch
23505,"McGreevy, Max",5,Pebble Beach Golf Links,sg_ott,3.868563944348873,2026-02-15,0.0015214978437425827,921,TPC Craig Ranch
23505,"McGreevy, Max",977,The Renaissance Club,sg_ott,1.7119741538578583,2025-07-13,-0.002592755956786964,921,TPC Craig Ranch
23505,"McGreevy, Max",926,Silverado Resort (North Course),sg_ott,2.994465427851136,2025-09-14,-0.0076175699459208185,921,TPC Craig Ranch
23505,"McGreevy, Max",772,St. George's G&CC,sg_ott,0.9744785033464105,2022-06-12,-0.008216912163338672,921,TPC Craig Ranch
23505,"McGreevy, Max",770,TPC San Antonio - The Oaks Course,sg_ott,5.655364715318267,2026-04-05,-0.01031675171928073,921,TPC Craig Ranch
23505,"McGreevy, Max",876,Detroit Golf Club,sg_ott,3.880017668633312,2025-06-29,-0.012887845075445587,921,TPC Craig Ranch
23505,"McGreevy, Max",714,TPC Louisiana,sg_ott,8.387624253606138,2026-04-26,-0.02129606877229142,921,TPC Craig Ranch
23505,"McGreevy, Max",4,Torrey Pines Golf Course (South Course),sg_ott,3.2979601295730983,2026-02-01,-0.02146602438396018,921,TPC Craig Ranch
23505,"McGreevy, Max",897,Memorial Park Golf Course,sg_ott,7.626710004167297,2026-03-29,-0.029886933363699315,921,TPC Craig Ranch
23505,"McGreevy, Max",746,The Country Club of Jackson,sg_ott,4.05667917200501,2025-10-05,-0.04779144624868809,921,TPC Craig Ranch
23505,"McGreevy, Max",921,TPC Craig Ranch,sg_putt,9.136829653219193,2025-05-04,0.021677412644283606,921,TPC Craig Ranch
23505,"McGreevy, Max",510,TPC Scottsdale (Stadium Course),sg_putt,6.489586897816418,2026-02-08,0.0008850234772323265,921,TPC Craig Ranch
23505,"McGreevy, Max",665,Innisbrook Resort and Golf Club - Copperhead Course,sg_putt,8.169051946795024,2026-03-22,-0.012968951488357416,921,TPC Craig Ranch
23505,"McGreevy, Max",742,Grand Reserve Golf Club,sg_total,4.081956222008446,2023-03-05,0.014789451326730402,921,TPC Craig Ranch
23505,"McGreevy, Max",65,TPC San Antonio-AT&T Oaks,sg_total,1.37753319687576,2020-07-18,0.011344732030713588,921,TPC Craig Ranch
23505,"McGreevy, Max",811,Paiute Golf Resort - Sun Mt GC,sg_total,1.579793845698413,2021-04-18,0.010120170595238887,921,TPC Craig Ranch
23505,"McGreevy, Max",809,Country Club de Bogota-Pacos,sg_total,0.9785763863331928,2024-02-11,0.00967587112977005,921,TPC Craig Ranch
23505,"McGreevy, Max",630,Fox Den CC,sg_total,0.92477423745053,2018-05-13,0.0006260884557279357,921,TPC Craig Ranch
23505,"McGreevy, Max",806,Furman University Golf Club,sg_total,0.23200415453447004,2018-05-20,-0.00022017296555488407,921,TPC Craig Ranch
23505,"McGreevy, Max",67,The King & Bear Course at WGV,sg_total,0.6791910512898782,2020-06-20,-0.0003808958284264311,921,TPC Craig Ranch
23505,"McGreevy, Max",62,The Ledges,sg_total,0.7954455990186683,2021-05-02,-0.002368224975500792,921,TPC Craig Ranch
23505,"McGreevy, Max",244,Puntacana Resort (Corales Golf Course),sg_total,6.470489020813979,2025-04-20,-0.016316154761240115,921,TPC Craig Ranch
28159,"Meissner, Mac",934,Hurstbourne Country Club,sg_app,1.7119741538578583,2025-07-13,-0.020515600224739954,921,TPC Craig Ranch
28159,"Meissner, Mac",875,ACCORDIA GOLF Narashino Country Club,sg_app,3.0080570172775305,2024-10-27,-0.03516714068238647,921,TPC Craig Ranch
28159,"Meissner, Mac",921,TPC Craig Ranch,sg_app,4.684202334031987,2025-05-04,-0.15652861209755428,921,TPC Craig Ranch
28159,"Meissner, Mac",921,TPC Craig Ranch,sg_arg,4.684202334031987,2025-05-04,0.018522157991935434,921,TPC Craig Ranch
28159,"Meissner, Mac",21,Colonial Country Club,sg_arg,6.126210317012172,2025-05-25,0.0008565788547365853,921,TPC Craig Ranch
28159,"Meissner, Mac",874,Hamilton Golf & Country Club,sg_arg,2.7948945033543784,2024-06-02,-0.0026617824051601824,921,TPC Craig Ranch
28159,"Meissner, Mac",930,Black Desert Resort,sg_arg,6.5955820378194945,2025-10-26,-0.009266815312786737,921,TPC Craig Ranch
28159,"Meissner, Mac",6,Waialae Country Club,sg_arg,6.889418405252057,2026-01-18,-0.019302370584150186,921,TPC Craig Ranch
28159,"Meissner, Mac",21,Colonial Country Club,sg_ott,6.126210317012172,2025-05-25,0.023046993791670266,921,TPC Craig Ranch
28159,"Meissner, Mac",714,TPC Louisiana,sg_ott,5.599602659984876,2026-04-26,0.012071908825246256,921,TPC Craig Ranch
28159,"Meissner, Mac",746,The Country Club of Jackson,sg_ott,6.547454444537204,2025-10-05,0.0035660166317784165,921,TPC Craig Ranch
28159,"Meissner, Mac",528,Pinehurst Resort & Country Club (Course No. 2),sg_ott,1.4072636999239956,2024-06-16,0.0011618690672183997,921,TPC Craig Ranch
28159,"Meissner, Mac",4,Torrey Pines Golf Course (South Course),sg_ott,5.857913942098497,2026-02-01,-0.007352322017671386,921,TPC Craig Ranch
28159,"Meissner, Mac",897,Memorial Park Golf Course,sg_ott,8.500282254279082,2026-03-29,-0.012316128006222496,921,TPC Craig Ranch
28159,"Meissner, Mac",926,Silverado Resort (North Course),sg_ott,5.006292602443204,2025-09-14,-0.012318653203253248,921,TPC Craig Ranch
28159,"Meissner, Mac",876,Detroit Golf Club,sg_ott,3.1171812848244653,2025-06-29,-0.01672123602210948,921,TPC Craig Ranch
28159,"Meissner, Mac",770,TPC San Antonio - The Oaks Course,sg_ott,9.888946817941926,2026-04-05,-0.01749336359670522,921,TPC Craig Ranch
28159,"Meissner, Mac",921,TPC Craig Ranch,sg_ott,4.684202334031987,2025-05-04,-0.031890272380283885,921,TPC Craig Ranch
28159,"Meissner, Mac",928,PGA National  - Champion Course,sg_ott,6.19398609204968,2026-03-01,-0.03331186877456338,921,TPC Craig Ranch
28159,"Meissner, Mac",510,TPC Scottsdale (Stadium Course),sg_putt,5.388115213382864,2026-02-08,0.033010351102958455,921,TPC Craig Ranch
28159,"Meissner, Mac",921,TPC Craig Ranch,sg_putt,4.684202334031987,2025-05-04,0.014901150048485929,921,TPC Craig Ranch
28159,"Meissner, Mac",665,Innisbrook Resort and Golf Club - Copperhead Course,sg_putt,7.87810414980078,2026-03-22,0.007377248900222176,921,TPC Craig Ranch
28159,"Meissner, Mac",742,Grand Reserve Golf Club,sg_total,2.679939879154656,2024-03-10,0.0040769082945666104,921,TPC Craig Ranch
28159,"Meissner, Mac",62,The Ledges,sg_total,3.6255135375540375,2023-04-30,-0.0008581257325807339,921,TPC Craig Ranch
28159,"Meissner, Mac",809,Country Club de Bogota-Pacos,sg_total,0.550735842216777,2023-02-12,-0.0019834242403020236,921,TPC Craig Ranch
28159,"Meissner, Mac",61,Country Club at Golden Nugget,sg_total,0.9376741115073225,2022-03-27,-0.010614408668175795,921,TPC Craig Ranch
28159,"Meissner, Mac",244,Puntacana Resort (Corales Golf Course),sg_total,4.651527413338673,2025-04-20,-0.019694347954150572,921,TPC Craig Ranch
13367,"Merritt, Troy",5,Pebble Beach Golf Links,sg_app,4.374354913801493,2023-02-05,0.025657077840201888,921,TPC Craig Ranch
13367,"Merritt, Troy",616,Robert Trent Jones GC,sg_app,0.5567128849219349,2015-08-02,0.01597008556044539,921,TPC Craig Ranch
13367,"Merritt, Troy",348,Medinah Country Club (No. 3),sg_app,1.1650853674566677,2019-08-18,0.010234769664162124,921,TPC Craig Ranch
13367,"Merritt, Troy",921,TPC Craig Ranch,sg_app,5.510851408492552,2024-05-05,0.007384518656991584,921,TPC Craig Ranch
13367,"Merritt, Troy",656,Plantation Course at Kapalua,sg_app,1.6450193662481483,2019-01-06,0.005130452341082603,921,TPC Craig Ranch
13367,"Merritt, Troy",745,iberostar real club de golf novo sancti petri,sg_app,0.46897508346843886,2014-08-24,0.0044730124855497135,921,TPC Craig Ranch
13367,"Merritt, Troy",642,Newport Beach Country Club,sg_app,0.46245517812869813,2014-07-27,0.004371932520211408,921,TPC Craig Ranch
13367,"Merritt, Troy",781,Plainfield CC,sg_app,0.5645616786705364,2015-08-30,0.001361616335510015,921,TPC Craig Ranch
13367,"Merritt, Troy",775,CordeValle GC,sg_app,0.571102090763266,2013-10-13,0.000531163158863563,921,TPC Craig Ranch
13367,"Merritt, Troy",772,St. George's G&CC,sg_app,0.11126363324293173,2010-07-25,-0.00030784242839051,921,TPC Craig Ranch
13367,"Merritt, Troy",934,Hurstbourne Country Club,sg_app,3.4239483077157167,2025-07-13,-0.0009180732318781024,921,TPC Craig Ranch
13367,"Merritt, Troy",891,Winged Foot GC,sg_app,1.4223271399131445,2020-09-20,-0.002055662229312586,921,TPC Craig Ranch
13367,"Merritt, Troy",715,Baltusrol GC,sg_app,0.3339203393340814,2016-07-31,-0.0034780620553307552,921,TPC Craig Ranch
13367,"Merritt, Troy",649,Hualalai Golf Course,sg_app,0.3584450482335505,2015-01-25,-0.003776559752699963,921,TPC Craig Ranch
13367,"Merritt, Troy",534,Bellerive CC,sg_app,0.4839117036224753,2018-08-12,-0.004063083578215515,921,TPC Craig Ranch
13367,"Merritt, Troy",921,TPC Craig Ranch,sg_arg,5.510851408492552,2024-05-05,0.009973293324708591,921,TPC Craig Ranch
13367,"Merritt, Troy",21,Colonial Country Club,sg_arg,8.818943669212056,2024-05-26,0.005217807339959998,921,TPC Craig Ranch
13367,"Merritt, Troy",773,Aronimink GC,sg_arg,0.4843615435528681,2011-07-03,0.003415373638662651,921,TPC Craig Ranch
13367,"Merritt, Troy",886,Liberty National Golf Club,sg_arg,2.0022761195608436,2021-08-22,0.0030628059659236683,921,TPC Craig Ranch
13367,"Merritt, Troy",930,Black Desert Resort,sg_arg,1.4935370719467143,2024-10-13,0.001771883943135958,921,TPC Craig Ranch
13367,"Merritt, Troy",873,Ridgewood CC,sg_arg,0.4873109690966697,2018-08-26,0.0014393025077685845,921,TPC Craig Ranch
13367,"Merritt, Troy",789,Conway Farms GC,sg_arg,0.5705208069707626,2015-09-20,0.0011625763357404294,921,TPC Craig Ranch
13367,"Merritt, Troy",660,Montreux Golf & Country Club,sg_arg,1.152915972229429,2019-07-28,0.000561892542093373,921,TPC Craig Ranch
13367,"Merritt, Troy",744,Torrey Pines (South),sg_arg,1.6303494219182981,2021-06-20,0.0002669688825965662,921,TPC Craig Ranch
13367,"Merritt, Troy",775,CordeValle GC,sg_arg,0.571102090763266,2013-10-13,-0.0006337057385614923,921,TPC Craig Ranch
13367,"Merritt, Troy",689,El Bosque CC,sg_arg,0.33862810152691036,2016-08-28,-0.0008183979905536482,921,TPC Craig Ranch
13367,"Merritt, Troy",6,Waialae Country Club,sg_arg,9.374831450136629,2024-01-14,-0.0013585872435318942,921,TPC Craig Ranch
13367,"Merritt, Troy",609,Annandale GC,sg_arg,0.11522681145903305,2010-10-03,-0.002101628013955902,921,TPC Craig Ranch
13367,"Merritt, Troy",348,Medinah Country Club (No. 3),sg_arg,1.1650853674566677,2019-08-18,-0.003049771201748823,921,TPC Craig Ranch
13367,"Merritt, Troy",243,Trinity Forest Golf Club,sg_arg,2.0373889195179675,2019-05-12,-0.006187348524230354,921,TPC Craig Ranch
13367,"Merritt, Troy",874,Hamilton Golf & Country Club,sg_arg,1.3974472516771892,2024-06-02,-0.00795661074243359,921,TPC Craig Ranch
13367,"Merritt, Troy",876,Detroit Golf Club,sg_ott,10.773123162924675,2024-06-30,0.04465748357385475,921,TPC Craig Ranch
13367,"Merritt, Troy",746,The Country Club of Jackson,sg_ott,6.047650607033357,2024-10-06,0.008500330263948221,921,TPC Craig Ranch
13367,"Merritt, Troy",5,Pebble Beach Golf Links,sg_ott,4.374354913801493,2023-02-05,0.004834642137209748,921,TPC Craig Ranch
13367,"Merritt, Troy",823,Keene Trace Golf Club,sg_ott,0.9577144264939117,2018-07-22,0.004507212838731672,921,TPC Craig Ranch
13367,"Merritt, Troy",714,TPC Louisiana,sg_ott,5.904870804429231,2026-04-26,0.0037197341541262176,921,TPC Craig Ranch
13367,"Merritt, Troy",534,Bellerive CC,sg_ott,0.4839117036224753,2018-08-12,0.0033340692914076257,921,TPC Craig Ranch
13367,"Merritt, Troy",928,PGA National  - Champion Course,sg_ott,2.6705764850757157,2024-03-03,0.0032256070881954827,921,TPC Craig Ranch
13367,"Merritt, Troy",901,Wilmington Country Club,sg_ott,2.0183782877342047,2022-08-21,0.0024034798100042924,921,TPC Craig Ranch
13367,"Merritt, Troy",698,Quail Hollow Club,sg_ott,0.7246802469837722,2015-05-17,0.0023024768350479877,921,TPC Craig Ranch
13367,"Merritt, Troy",926,Silverado Resort (North Course),sg_ott,7.461704094614472,2025-09-14,0.0011307261079116517,921,TPC Craig Ranch
13367,"Merritt, Troy",32,Glen Abbey GC,sg_ott,2.3045390984345993,2018-07-29,0.0010861599712350344,921,TPC Craig Ranch
13367,"Merritt, Troy",706,Whistling Straits,sg_ott,0.5606235464632614,2015-08-16,0.0010706688985135052,921,TPC Craig Ranch
13367,"Merritt, Troy",616,Robert Trent Jones GC,sg_ott,0.5567128849219349,2015-08-02,0.0009229597012902803,921,TPC Craig Ranch
13367,"Merritt, Troy",689,El Bosque CC,sg_ott,0.33862810152691036,2016-08-28,0.000875277018012704,921,TPC Craig Ranch
13367,"Merritt, Troy",819,Harbor Shores Resort,sg_ott,1.461534147563418,2017-07-23,0.0007914294554310676,921,TPC Craig Ranch
13367,"Merritt, Troy",893,Muirfield Village Golf Club,sg_ott,1.373406789990266,2020-07-12,7.347294519123748e-05,921,TPC Craig Ranch
13367,"Merritt, Troy",12,Harbour Town Golf Links,sg_ott,7.547950025248673,2023-04-16,-0.00011229939521781758,921,TPC Craig Ranch
13367,"Merritt, Troy",772,St. George's G&CC,sg_ott,0.11126363324293173,2010-07-25,-0.0002101734310404324,921,TPC Craig Ranch
13367,"Merritt, Troy",781,Plainfield CC,sg_ott,0.5645616786705364,2015-08-30,-0.0005396211962442003,921,TPC Craig Ranch
13367,"Merritt, Troy",642,Newport Beach Country Club,sg_ott,0.46245517812869813,2014-07-27,-0.0005578770695243199,921,TPC Craig Ranch
13367,"Merritt, Troy",872,Quail Hollow Club,sg_ott,2.868496459863836,2023-05-07,-0.0006079104690522512,921,TPC Craig Ranch
13367,"Merritt, Troy",873,Ridgewood CC,sg_ott,0.4873109690966697,2018-08-26,-0.0010815776600396408,921,TPC Craig Ranch
13367,"Merritt, Troy",235,Eagle Point Golf Club,sg_ott,0.38409981724150816,2017-05-07,-0.001477655284128744,921,TPC Craig Ranch
13367,"Merritt, Troy",348,Medinah Country Club (No. 3),sg_ott,1.1650853674566677,2019-08-18,-0.0018931123452385799,921,TPC Craig Ranch
13367,"Merritt, Troy",770,TPC San Antonio - The Oaks Course,sg_ott,9.00015879892316,2024-04-07,-0.002322479393805149,921,TPC Craig Ranch
13367,"Merritt, Troy",4,Torrey Pines Golf Course (South Course),sg_ott,3.278913595430098,2025-01-25,-0.003367992159880224,921,TPC Craig Ranch
13367,"Merritt, Troy",715,Baltusrol GC,sg_ott,0.3339203393340814,2016-07-31,-0.0034869330542623258,921,TPC Craig Ranch
13367,"Merritt, Troy",891,Winged Foot GC,sg_ott,1.4223271399131445,2020-09-20,-0.003869425543618916,921,TPC Craig Ranch
13367,"Merritt, Troy",897,Memorial Park Golf Course,sg_ott,1.4576045383850813,2020-11-08,-0.004175430812287121,921,TPC Craig Ranch
13367,"Merritt, Troy",243,Trinity Forest Golf Club,sg_ott,2.0373889195179675,2019-05-12,-0.005053764575462982,921,TPC Craig Ranch
13367,"Merritt, Troy",654,The Country Club,sg_ott,0.9778951537585142,2022-06-19,-0.005766713764540843,921,TPC Craig Ranch
13367,"Merritt, Troy",744,Torrey Pines (South),sg_ott,1.6303494219182981,2021-06-20,-0.007300186024210243,921,TPC Craig Ranch
13367,"Merritt, Troy",977,The Renaissance Club,sg_ott,3.1660700621678375,2023-07-16,-0.008048521425166377,921,TPC Craig Ranch
13367,"Merritt, Troy",895,TPC Harding Park,sg_ott,0.6963848546123952,2020-08-09,-0.012128258680124482,921,TPC Craig Ranch
13367,"Merritt, Troy",21,Colonial Country Club,sg_ott,8.818943669212056,2024-05-26,-0.015441009694522848,921,TPC Craig Ranch
13367,"Merritt, Troy",921,TPC Craig Ranch,sg_ott,5.510851408492552,2024-05-05,-0.024097529114912076,921,TPC Craig Ranch
13367,"Merritt, Troy",921,TPC Craig Ranch,sg_putt,5.510851408492552,2024-05-05,0.03917576023593206,921,TPC Craig Ranch
13367,"Merritt, Troy",660,Montreux Golf & Country Club,sg_putt,1.152915972229429,2019-07-28,0.037307473761399694,921,TPC Craig Ranch
13367,"Merritt, Troy",656,Plantation Course at Kapalua,sg_putt,1.6450193662481483,2019-01-06,0.007166000640296696,921,TPC Craig Ranch
13367,"Merritt, Troy",665,Innisbrook Resort and Golf Club - Copperhead Course,sg_putt,7.811745216770342,2024-03-24,0.00644708430839293,921,TPC Craig Ranch
13367,"Merritt, Troy",649,Hualalai Golf Course,sg_putt,0.3584450482335505,2015-01-25,0.00143445480749665,921,TPC Craig Ranch
13367,"Merritt, Troy",745,iberostar real club de golf novo sancti petri,sg_putt,0.46897508346843886,2014-08-24,0.0012137551297222882,921,TPC Craig Ranch
13367,"Merritt, Troy",510,TPC Scottsdale (Stadium Course),sg_putt,7.4298696580162895,2024-02-11,0.0009156479353565642,921,TPC Craig Ranch
13367,"Merritt, Troy",893,Muirfield Village Golf Club,sg_putt,1.373406789990266,2020-07-12,-0.00037344674515887963,921,TPC Craig Ranch
13367,"Merritt, Troy",775,CordeValle GC,sg_putt,0.571102090763266,2013-10-13,-0.0018369269765582028,921,TPC Craig Ranch
13367,"Merritt, Troy",715,Baltusrol GC,sg_putt,0.3339203393340814,2016-07-31,-0.0025965284042515115,921,TPC Craig Ranch
13367,"Merritt, Troy",873,Ridgewood CC,sg_putt,0.4873109690966697,2018-08-26,-0.004759833450420188,921,TPC Craig Ranch
13367,"Merritt, Troy",4601,old course st andrews,sg_total,0.892704196411185,2025-10-05,0.011014603527410158,921,TPC Craig Ranch
13367,"Merritt, Troy",742,Grand Reserve Golf Club,sg_total,3.020421196355915,2024-03-10,0.003939702460044099,921,TPC Craig Ranch
13367,"Merritt, Troy",56,Atlantic Beach Country Club,sg_total,0.8267890964769182,2017-10-01,0.0012764774114776567,921,TPC Craig Ranch
13367,"Merritt, Troy",4603,kingsbarns golf links,sg_total,0.892704196411185,2025-10-05,0.0006218898151341699,921,TPC Craig Ranch
13367,"Merritt, Troy",236,Erin Hills,sg_total,0.39225120339697284,2017-06-18,0.00018929632209665838,921,TPC Craig Ranch
13367,"Merritt, Troy",3793,crans-sur-sierre gc,sg_total,1.1732695763411345,2019-09-01,-0.00040298799823546087,921,TPC Craig Ranch
13367,"Merritt, Troy",244,Puntacana Resort (Corales Golf Course),sg_total,8.485619620293232,2025-04-20,-0.0031388934921713074,921,TPC Craig Ranch
13367,"Merritt, Troy",3763,racv royal pines resort,sg_total,1.023567793768335,2018-12-02,-0.00479997166217416,921,TPC Craig Ranch
13367,"Merritt, Troy",4567,royal golf club,sg_total,1.5795613478656054,2025-02-02,-0.006498017978934626,921,TPC Craig Ranch
13367,"Merritt, Troy",4576,argentario gc,sg_total,1.7000321804507963,2025-06-29,-0.00786723061096595,921,TPC Craig Ranch
13367,"Merritt, Troy",98,PGA Riviera Maya,sg_total,1.9692390135034659,2026-04-19,-0.012754986036917076,921,TPC Craig Ranch
13367,"Merritt, Troy",4575,international,sg_total,1.6822752296892465,2025-06-08,-0.012871918136061101,921,TPC Craig Ranch
13367,"Merritt, Troy",4585,k club,sg_total,1.7605868316684423,2025-09-07,-0.014684622559008138,921,TPC Craig Ranch
13367,"Merritt, Troy",4582,furesø golf klub,sg_total,1.7421973834915967,2025-08-17,-0.015466936441342793,921,TPC Craig Ranch
17365,"Mitchell, Keith",5,Pebble Beach Golf Links,sg_app,10.286272068872096,2026-02-15,0.05278859513520546,921,TPC Craig Ranch
17365,"Mitchell, Keith",772,St. George's G&CC,sg_app,1.948957006692821,2022-06-12,0.011394367876760495,921,TPC Craig Ranch
17365,"Mitchell, Keith",379,The Philadelphia Cricket Club (Wissahickon Course),sg_app,3.3177749455416157,2025-05-11,0.007358556156065828,921,TPC Craig Ranch
17365,"Mitchell, Keith",348,Medinah Country Club (No. 3),sg_app,1.1650853674566677,2019-08-18,0.006359040335517334,921,TPC Craig Ranch
17365,"Mitchell, Keith",882,Caves Valley Golf Club,sg_app,1.688421993568662,2021-08-29,-0.00875976752604439,921,TPC Craig Ranch
17365,"Mitchell, Keith",656,Plantation Course at Kapalua,sg_app,1.2495635884568512,2020-01-05,-0.008895853986658974,921,TPC Craig Ranch
17365,"Mitchell, Keith",514,Oak Hill Country Club,sg_app,2.3135759575120334,2023-05-21,-0.015299769969562081,921,TPC Craig Ranch
17365,"Mitchell, Keith",921,TPC Craig Ranch,sg_app,6.2799668287684876,2024-05-05,-0.0286024687207867,921,TPC Craig Ranch
17365,"Mitchell, Keith",921,TPC Craig Ranch,sg_arg,6.2799668287684876,2024-05-05,0.02923894823948518,921,TPC Craig Ranch
17365,"Mitchell, Keith",6,Waialae Country Club,sg_arg,16.445507190846133,2026-01-18,0.023149888338599343,921,TPC Craig Ranch
17365,"Mitchell, Keith",874,Hamilton Golf & Country Club,sg_arg,2.7948945033543784,2024-06-02,0.009585289540570014,921,TPC Craig Ranch
17365,"Mitchell, Keith",886,Liberty National Golf Club,sg_arg,2.8435375426214686,2021-08-22,0.0077647107561354565,921,TPC Craig Ranch
17365,"Mitchell, Keith",348,Medinah Country Club (No. 3),sg_arg,1.1650853674566677,2019-08-18,0.0042565768838348575,921,TPC Craig Ranch
17365,"Mitchell, Keith",773,Aronimink GC,sg_arg,0.9814682258117053,2018-09-09,0.0013975605771683228,921,TPC Craig Ranch
17365,"Mitchell, Keith",930,Black Desert Resort,sg_arg,1.4935370719467143,2024-10-13,0.0012163964792605716,921,TPC Craig Ranch
17365,"Mitchell, Keith",671,Valhalla Golf Club,sg_arg,1.3876992786253213,2024-05-19,-0.00044215811922946506,921,TPC Craig Ranch
17365,"Mitchell, Keith",243,Trinity Forest Golf Club,sg_arg,2.0373889195179675,2019-05-12,-0.0008981808773909052,921,TPC Craig Ranch
17365,"Mitchell, Keith",873,Ridgewood CC,sg_arg,0.4873109690966697,2018-08-26,-0.003375373137284779,921,TPC Craig Ranch
17365,"Mitchell, Keith",21,Colonial Country Club,sg_arg,8.287183536029751,2025-05-25,-0.009364980469160207,921,TPC Craig Ranch
17365,"Mitchell, Keith",872,Quail Hollow Club,sg_ott,5.920946019778665,2023-05-07,0.01651997275317351,921,TPC Craig Ranch
17365,"Mitchell, Keith",514,Oak Hill Country Club,sg_ott,2.3135759575120334,2023-05-21,0.0156549554252241,921,TPC Craig Ranch
17365,"Mitchell, Keith",977,The Renaissance Club,sg_ott,8.017122319296558,2025-07-13,0.014128084477974964,921,TPC Craig Ranch
17365,"Mitchell, Keith",926,Silverado Resort (North Course),sg_ott,6.479065841355403,2025-09-14,0.009053817691219842,921,TPC Craig Ranch
17365,"Mitchell, Keith",8,Trump National Doral - Blue Monster Course,sg_ott,3.966144091451867,2026-05-03,0.007935002695467415,921,TPC Craig Ranch
17365,"Mitchell, Keith",770,TPC San Antonio - The Oaks Course,sg_ott,10.417333155310162,2026-04-05,0.007024448467594051,921,TPC Craig Ranch
17365,"Mitchell, Keith",928,PGA National  - Champion Course,sg_ott,9.717395699023644,2026-03-01,0.006915030828728565,921,TPC Craig Ranch
17365,"Mitchell, Keith",4,Torrey Pines Golf Course (South Course),sg_ott,5.570679581660627,2026-02-01,0.005644192082671079,921,TPC Craig Ranch
17365,"Mitchell, Keith",901,Wilmington Country Club,sg_ott,2.0183782877342047,2022-08-21,0.005601820046958583,921,TPC Craig Ranch
17365,"Mitchell, Keith",671,Valhalla Golf Club,sg_ott,1.3876992786253213,2024-05-19,0.005416386553133024,921,TPC Craig Ranch
17365,"Mitchell, Keith",895,TPC Harding Park,sg_ott,1.3927697092247904,2020-08-09,0.005016975744700728,921,TPC Craig Ranch
17365,"Mitchell, Keith",897,Memorial Park Golf Course,sg_ott,13.088733882371915,2026-03-29,0.00483082094324083,921,TPC Craig Ranch
17365,"Mitchell, Keith",772,St. George's G&CC,sg_ott,1.948957006692821,2022-06-12,0.004006933826619777,921,TPC Craig Ranch
17365,"Mitchell, Keith",243,Trinity Forest Golf Club,sg_ott,2.0373889195179675,2019-05-12,0.0029038038066374603,921,TPC Craig Ranch
17365,"Mitchell, Keith",241,Quail Hollow-PGA Championship,sg_ott,1.6647037514757894,2025-05-18,0.002121375404075883,921,TPC Craig Ranch
17365,"Mitchell, Keith",379,The Philadelphia Cricket Club (Wissahickon Course),sg_ott,3.3177749455416157,2025-05-11,0.002016213330769146,921,TPC Craig Ranch
17365,"Mitchell, Keith",32,Glen Abbey GC,sg_ott,0.9610722998371628,2018-07-29,0.0006476032778224971,921,TPC Craig Ranch
17365,"Mitchell, Keith",12,Harbour Town Golf Links,sg_ott,3.2770610462335994,2023-04-16,-9.462719042002484e-06,921,TPC Craig Ranch
17365,"Mitchell, Keith",873,Ridgewood CC,sg_ott,0.4873109690966697,2018-08-26,-0.0005540869959871252,921,TPC Craig Ranch
17365,"Mitchell, Keith",893,Muirfield Village Golf Club,sg_ott,0.686703394995133,2020-07-12,-0.0006632940350196867,921,TPC Craig Ranch
17365,"Mitchell, Keith",5,Pebble Beach Golf Links,sg_ott,10.286272068872096,2026-02-15,-0.002035605574906778,921,TPC Craig Ranch
17365,"Mitchell, Keith",348,Medinah Country Club (No. 3),sg_ott,1.1650853674566677,2019-08-18,-0.008207706532828726,921,TPC Craig Ranch
17365,"Mitchell, Keith",14,Augusta National Golf Club,sg_ott,2.2654974535677295,2023-04-09,-0.00843332602553161,921,TPC Craig Ranch
17365,"Mitchell, Keith",714,TPC Louisiana,sg_ott,9.528330038690244,2026-04-26,-0.01188345841385522,921,TPC Craig Ranch
17365,"Mitchell, Keith",205,Spyglass Hill Golf Course,sg_ott,1.7438680715231738,2026-02-15,-0.01462351693014732,921,TPC Craig Ranch
17365,"Mitchell, Keith",921,TPC Craig Ranch,sg_ott,6.2799668287684876,2024-05-05,-0.0202056333117961,921,TPC Craig Ranch
17365,"Mitchell, Keith",21,Colonial Country Club,sg_ott,8.287183536029751,2025-05-25,-0.02165290837369639,921,TPC Craig Ranch
17365,"Mitchell, Keith",746,The Country Club of Jackson,sg_ott,7.577984518508497,2025-10-05,-0.03102081010659841,921,TPC Craig Ranch
17365,"Mitchell, Keith",876,Detroit Golf Club,sg_ott,3.6856250893029,2025-06-29,-0.06567270935712191,921,TPC Craig Ranch
17365,"Mitchell, Keith",510,TPC Scottsdale (Stadium Course),sg_putt,16.74144938727007,2026-02-08,0.025610749285994515,921,TPC Craig Ranch
17365,"Mitchell, Keith",893,Muirfield Village Golf Club,sg_putt,0.686703394995133,2020-07-12,0.0017368302286527235,921,TPC Craig Ranch
17365,"Mitchell, Keith",666,Pebble Beach Golf Links,sg_putt,0.5644785922810466,2019-06-16,0.0006671144836093227,921,TPC Craig Ranch
17365,"Mitchell, Keith",656,Plantation Course at Kapalua,sg_putt,1.2495635884568512,2020-01-05,-0.0013593568312391733,921,TPC Craig Ranch
17365,"Mitchell, Keith",873,Ridgewood CC,sg_putt,0.4873109690966697,2018-08-26,-0.007532217661518477,921,TPC Craig Ranch
17365,"Mitchell, Keith",668,St. Andrews Links (Old Course),sg_putt,0.9916819684299293,2022-07-17,-0.00974857765660881,921,TPC Craig Ranch
17365,"Mitchell, Keith",921,TPC Craig Ranch,sg_putt,6.2799668287684876,2024-05-05,-0.016118069266876135,921,TPC Craig Ranch
17365,"Mitchell, Keith",665,Innisbrook Resort and Golf Club - Copperhead Course,sg_putt,7.52713359255573,2025-03-23,-0.029022788956864293,921,TPC Craig Ranch
17365,"Mitchell, Keith",244,Puntacana Resort (Corales Golf Course),sg_total,5.612827133015593,2025-04-20,0.020422111542148957,921,TPC Craig Ranch
17365,"Mitchell, Keith",630,Fox Den CC,sg_total,0.8096075629694468,2017-08-20,0.007124664169426971,921,TPC Craig Ranch
17365,"Mitchell, Keith",56,Atlantic Beach Country Club,sg_total,0.6200918223576887,2017-10-01,0.003928726524550003,921,TPC Craig Ranch
17365,"Mitchell, Keith",803,University Ridge GC,sg_total,0.19339897420195362,2017-05-21,-0.001211428387337358,921,TPC Craig Ranch
25442,"Montgomery, Taylor",5,Pebble Beach Golf Links,sg_app,1.3167244568496543,2024-02-04,0.0028585072172855968,921,TPC Craig Ranch
25442,"Montgomery, Taylor",934,Hurstbourne Country Club,sg_app,3.4239483077157167,2025-07-13,-0.00447285585511238,921,TPC Craig Ranch
25442,"Montgomery, Taylor",514,Oak Hill Country Club,sg_app,2.3135759575120334,2023-05-21,-0.012495778376643167,921,TPC Craig Ranch
25442,"Montgomery, Taylor",921,TPC Craig Ranch,sg_app,4.647593762811502,2025-05-04,-0.030077285975752942,921,TPC Craig Ranch
25442,"Montgomery, Taylor",921,TPC Craig Ranch,sg_arg,4.647593762811502,2025-05-04,0.021005011438395754,921,TPC Craig Ranch
25442,"Montgomery, Taylor",930,Black Desert Resort,sg_arg,3.2977910189097472,2025-10-26,0.0005092357681163172,921,TPC Craig Ranch
25442,"Montgomery, Taylor",6,Waialae Country Club,sg_arg,7.904384854554756,2025-01-12,-0.020451383059603104,921,TPC Craig Ranch
25442,"Montgomery, Taylor",4,Torrey Pines Golf Course (South Course),sg_ott,4.393692301830672,2025-01-25,0.024035985731135426,921,TPC Craig Ranch
25442,"Montgomery, Taylor",714,TPC Louisiana,sg_ott,5.90487080442923,2026-04-26,0.013566304949665254,921,TPC Craig Ranch
25442,"Montgomery, Taylor",928,PGA National  - Champion Course,sg_ott,5.874237942414352,2025-03-02,0.005296123409779933,921,TPC Craig Ranch
25442,"Montgomery, Taylor",514,Oak Hill Country Club,sg_ott,2.3135759575120334,2023-05-21,0.004023612127784341,921,TPC Craig Ranch
25442,"Montgomery, Taylor",746,The Country Club of Jackson,sg_ott,6.376188616348423,2025-10-05,0.0039271465344741545,921,TPC Craig Ranch
25442,"Montgomery, Taylor",5,Pebble Beach Golf Links,sg_ott,1.3167244568496543,2024-02-04,-0.0019622690109424423,921,TPC Craig Ranch
25442,"Montgomery, Taylor",654,The Country Club,sg_ott,0.9778951537585142,2022-06-19,-0.002515642574023573,921,TPC Craig Ranch
25442,"Montgomery, Taylor",876,Detroit Golf Club,sg_ott,2.834298208747338,2024-06-30,-0.004838745154523114,921,TPC Craig Ranch
25442,"Montgomery, Taylor",872,Quail Hollow Club,sg_ott,1.1487187381960564,2023-05-07,-0.005801076153352409,921,TPC Craig Ranch
25442,"Montgomery, Taylor",12,Harbour Town Golf Links,sg_ott,1.1367202935150809,2023-04-16,-0.009028129455835953,921,TPC Craig Ranch
25442,"Montgomery, Taylor",770,TPC San Antonio - The Oaks Course,sg_ott,2.9370127978520695,2024-04-07,-0.009946045268588893,921,TPC Craig Ranch
25442,"Montgomery, Taylor",897,Memorial Park Golf Course,sg_ott,5.083483394728629,2025-03-30,-0.012836956873841655,921,TPC Craig Ranch
25442,"Montgomery, Taylor",977,The Renaissance Club,sg_ott,4.04384366396928,2024-07-14,-0.02717083085683704,921,TPC Craig Ranch
25442,"Montgomery, Taylor",921,TPC Craig Ranch,sg_ott,4.647593762811502,2025-05-04,-0.04552384801649356,921,TPC Craig Ranch
25442,"Montgomery, Taylor",926,Silverado Resort (North Course),sg_ott,6.2339983485288375,2025-09-14,-0.06132863068580291,921,TPC Craig Ranch
25442,"Montgomery, Taylor",665,Innisbrook Resort and Golf Club - Copperhead Course,sg_putt,1.3493826351537446,2024-03-24,-0.002167752606401921,921,TPC Craig Ranch
25442,"Montgomery, Taylor",510,TPC Scottsdale (Stadium Course),sg_putt,6.914352815427183,2025-02-09,-0.011675843865516369,921,TPC Craig Ranch
25442,"Montgomery, Taylor",921,TPC Craig Ranch,sg_putt,4.647593762811502,2025-05-04,-0.11330067799547724,921,TPC Craig Ranch
25442,"Montgomery, Taylor",61,Country Club at Golden Nugget,sg_total,1.875348223014645,2022-03-27,0.0071767134001269875,921,TPC Craig Ranch
25442,"Montgomery, Taylor",809,Country Club de Bogota-Pacos,sg_total,0.3179058529315635,2020-02-09,0.0022633937843748895,921,TPC Craig Ranch
25442,"Montgomery, Taylor",67,The King & Bear Course at WGV,sg_total,0.6791910512898782,2020-06-20,-0.0002723699942017417,921,TPC Craig Ranch
25442,"Montgomery, Taylor",65,TPC San Antonio-AT&T Oaks,sg_total,1.37753319687576,2020-07-18,-0.0015610632557637115,921,TPC Craig Ranch
25442,"Montgomery, Taylor",62,The Ledges,sg_total,0.7954455990186683,2021-05-02,-0.006508977916863953,921,TPC Craig Ranch
25442,"Montgomery, Taylor",244,Puntacana Resort (Corales Golf Course),sg_total,1.6415602812554495,2025-04-20,-0.014385559534009183,921,TPC Craig Ranch
25442,"Montgomery, Taylor",98,PGA Riviera Maya,sg_total,0.9846195067517329,2026-04-19,-0.019121630129743612,921,TPC Craig Ranch
25442,"Montgomery, Taylor",811,Paiute Golf Resort - Sun Mt GC,sg_total,0.7898969228492065,2021-04-18,-0.019197635015608415,921,TPC Craig Ranch
21944,"Moore, Taylor",5,Pebble Beach Golf Links,sg_app,5.698669981803582,2025-02-02,0.015429514278167116,921,TPC Craig Ranch
21944,"Moore, Taylor",875,ACCORDIA GOLF Narashino Country Club,sg_app,3.0080570172775305,2024-10-27,0.005065537772359683,921,TPC Craig Ranch
21944,"Moore, Taylor",709,Royal Troon,sg_app,1.432107564454417,2024-07-21,0.003875347106849202,921,TPC Craig Ranch
21944,"Moore, Taylor",656,Plantation Course at Kapalua,sg_app,2.5968375067405898,2024-01-07,-0.010929147091721408,921,TPC Craig Ranch
21944,"Moore, Taylor",514,Oak Hill Country Club,sg_app,2.3135759575120334,2023-05-21,-0.01445570353510405,921,TPC Craig Ranch
21944,"Moore, Taylor",921,TPC Craig Ranch,sg_app,3.5749532336318017,2025-05-04,-0.021054139484746468,921,TPC Craig Ranch
21944,"Moore, Taylor",688,East Lake Golf Club,sg_app,2.4297645535619843,2023-08-27,-0.037302471470912965,921,TPC Craig Ranch
21944,"Moore, Taylor",921,TPC Craig Ranch,sg_arg,3.5749532336318017,2025-05-04,0.016827323127665182,921,TPC Craig Ranch
21944,"Moore, Taylor",671,Valhalla Golf Club,sg_arg,2.7753985572506426,2024-05-19,0.001445492645158452,921,TPC Craig Ranch
21944,"Moore, Taylor",896,Olympia Fields Country Club (North Course),sg_arg,2.421275242584897,2023-08-20,-0.0032563384800751603,921,TPC Craig Ranch
21944,"Moore, Taylor",6,Waialae Country Club,sg_arg,1.5630627230740093,2025-01-12,-0.003629028553028411,921,TPC Craig Ranch
21944,"Moore, Taylor",21,Colonial Country Club,sg_arg,6.862170384546096,2025-05-25,-0.010632873164911112,921,TPC Craig Ranch
21944,"Moore, Taylor",930,Black Desert Resort,sg_arg,3.608507893926066,2025-10-26,-0.012359423873832511,921,TPC Craig Ranch
21944,"Moore, Taylor",12,Harbour Town Golf Links,sg_ott,5.01025428868571,2024-04-21,0.015182607895089559,921,TPC Craig Ranch
21944,"Moore, Taylor",872,Quail Hollow Club,sg_ott,5.063139118193346,2024-05-12,0.013900549763511438,921,TPC Craig Ranch
21944,"Moore, Taylor",4,Torrey Pines Golf Course (South Course),sg_ott,9.264908153536878,2026-02-01,0.011685732302957955,921,TPC Craig Ranch
21944,"Moore, Taylor",14,Augusta National Golf Club,sg_ott,4.992749050711692,2024-04-14,0.009589042571957728,921,TPC Craig Ranch
21944,"Moore, Taylor",528,Pinehurst Resort & Country Club (Course No. 2),sg_ott,1.4072636999239956,2024-06-16,0.009100882913310168,921,TPC Craig Ranch
21944,"Moore, Taylor",671,Valhalla Golf Club,sg_ott,2.7753985572506426,2024-05-19,0.0069303002115762655,921,TPC Craig Ranch
21944,"Moore, Taylor",205,Spyglass Hill Golf Course,sg_ott,0.7897806739328027,2025-02-02,0.005642873548023536,921,TPC Craig Ranch
21944,"Moore, Taylor",928,PGA National  - Champion Course,sg_ott,7.046819213947929,2026-03-01,0.004308909075022887,921,TPC Craig Ranch
21944,"Moore, Taylor",241,Quail Hollow-PGA Championship,sg_ott,3.329407502951579,2025-05-18,0.004175145593485616,921,TPC Craig Ranch
21944,"Moore, Taylor",714,TPC Louisiana,sg_ott,7.881014230153091,2026-04-26,0.002908936200229764,921,TPC Craig Ranch
21944,"Moore, Taylor",921,TPC Craig Ranch,sg_ott,3.5749532336318017,2025-05-04,0.0017449440614109677,921,TPC Craig Ranch
21944,"Moore, Taylor",897,Memorial Park Golf Course,sg_ott,6.586722356660303,2026-03-29,0.0006955774404410514,921,TPC Craig Ranch
21944,"Moore, Taylor",901,Wilmington Country Club,sg_ott,2.0183782877342047,2022-08-21,-0.0031850668151756096,921,TPC Craig Ranch
21944,"Moore, Taylor",5,Pebble Beach Golf Links,sg_ott,5.698669981803582,2025-02-02,-0.004894297977418127,921,TPC Craig Ranch
21944,"Moore, Taylor",876,Detroit Golf Club,sg_ott,8.894301365563166,2025-06-29,-0.005953327037293303,921,TPC Craig Ranch
21944,"Moore, Taylor",770,TPC San Antonio - The Oaks Course,sg_ott,4.8519666696312065,2026-04-05,-0.007364977278722087,921,TPC Craig Ranch
21944,"Moore, Taylor",746,The Country Club of Jackson,sg_ott,6.8232584676954,2025-10-05,-0.010538548898624912,921,TPC Craig Ranch
21944,"Moore, Taylor",514,Oak Hill Country Club,sg_ott,2.3135759575120334,2023-05-21,-0.01892249024819927,921,TPC Craig Ranch
21944,"Moore, Taylor",926,Silverado Resort (North Course),sg_ott,1.7667596817655018,2025-09-14,-0.022356993965574463,921,TPC Craig Ranch
21944,"Moore, Taylor",21,Colonial Country Club,sg_ott,6.862170384546096,2025-05-25,-0.031019919268524373,921,TPC Craig Ranch
21944,"Moore, Taylor",977,The Renaissance Club,sg_ott,3.1390781032708635,2025-07-13,-0.041244454533488434,921,TPC Craig Ranch
21944,"Moore, Taylor",709,Royal Troon,sg_putt,1.432107564454417,2024-07-21,0.01066709991478311,921,TPC Craig Ranch
21944,"Moore, Taylor",656,Plantation Course at Kapalua,sg_putt,2.5968375067405898,2024-01-07,0.00584130167462855,921,TPC Craig Ranch
21944,"Moore, Taylor",724,Royal Liverpool,sg_putt,1.193806785348716,2023-07-23,-3.2251509313096045e-05,921,TPC Craig Ranch
21944,"Moore, Taylor",665,Innisbrook Resort and Golf Club - Copperhead Course,sg_putt,9.435597756269667,2026-03-22,-0.0005769468156024381,921,TPC Craig Ranch
21944,"Moore, Taylor",510,TPC Scottsdale (Stadium Course),sg_putt,8.015824499860738,2025-02-09,-0.0016184684885860578,921,TPC Craig Ranch
21944,"Moore, Taylor",921,TPC Craig Ranch,sg_putt,3.5749532336318017,2025-05-04,-0.07697540669528002,921,TPC Craig Ranch
21944,"Moore, Taylor",811,Paiute Golf Resort - Sun Mt GC,sg_total,1.579793845698413,2021-04-18,0.016986578871200315,921,TPC Craig Ranch
21944,"Moore, Taylor",62,The Ledges,sg_total,1.5908911980373366,2021-05-02,0.005210527418604953,921,TPC Craig Ranch
21944,"Moore, Taylor",809,Country Club de Bogota-Pacos,sg_total,0.3179058529315635,2020-02-09,0.0003839907980005997,921,TPC Craig Ranch
21944,"Moore, Taylor",803,University Ridge GC,sg_total,0.19339897420195362,2017-05-21,0.00022477591747873836,921,TPC Craig Ranch
21944,"Moore, Taylor",50,Corales Golf Club,sg_total,0.7681996344830163,2017-05-07,2.921797670001407e-05,921,TPC Craig Ranch
21944,"Moore, Taylor",806,Furman University Golf Club,sg_total,0.23200415453447004,2018-05-20,-1.4854593790574621e-05,921,TPC Craig Ranch
21944,"Moore, Taylor",65,TPC San Antonio-AT&T Oaks,sg_total,0.68876659843788,2020-07-18,-0.002036406520690518,921,TPC Craig Ranch
21944,"Moore, Taylor",804,The Country Club of Virginia,sg_total,0.45755745409044485,2018-04-22,-0.0023376503249269254,921,TPC Craig Ranch
21944,"Moore, Taylor",630,Fox Den CC,sg_total,1.3295780189352535,2018-05-13,-0.0029151177986089694,921,TPC Craig Ranch
21944,"Moore, Taylor",67,The King & Bear Course at WGV,sg_total,0.6791910512898782,2020-06-20,-0.007928829016029489,921,TPC Craig Ranch
21944,"Moore, Taylor",56,Atlantic Beach Country Club,sg_total,0.9068351347451309,2018-09-20,-0.008425880147686814,921,TPC Craig Ranch
29770,"Mouw, William",934,Hurstbourne Country Club,sg_app,3.4239483077157167,2025-07-13,0.031870982916742195,921,TPC Craig Ranch
29770,"Mouw, William",921,TPC Craig Ranch,sg_app,1.6530915154581125,2025-05-04,-0.08208356681358861,921,TPC Craig Ranch
29770,"Mouw, William",21,Colonial Country Club,sg_arg,1.670540422822544,2025-05-25,0.006565266708799197,921,TPC Craig Ranch
29770,"Mouw, William",930,Black Desert Resort,sg_arg,1.804253946963033,2025-10-26,-0.0003422939599335819,921,TPC Craig Ranch
29770,"Mouw, William",921,TPC Craig Ranch,sg_arg,1.6530915154581125,2025-05-04,-0.0018158786560290797,921,TPC Craig Ranch
29770,"Mouw, William",6,Waialae Country Club,sg_arg,3.7632929591040387,2026-01-18,-0.023911214249185072,921,TPC Craig Ranch
29770,"Mouw, William",876,Detroit Golf Club,sg_ott,3.4000643609015926,2025-06-29,0.03970197789457923,921,TPC Craig Ranch
29770,"Mouw, William",928,PGA National  - Champion Course,sg_ott,5.444988485278611,2026-03-01,0.02256774904908764,921,TPC Craig Ranch
29770,"Mouw, William",714,TPC Louisiana,sg_ott,7.246918468522029,2026-04-26,0.014604007844777691,921,TPC Craig Ranch
29770,"Mouw, William",21,Colonial Country Club,sg_ott,1.670540422822544,2025-05-25,0.012916679473714556,921,TPC Craig Ranch
29770,"Mouw, William",770,TPC San Antonio - The Oaks Course,sg_ott,5.215721442056708,2026-04-05,0.011397083476164473,921,TPC Craig Ranch
29770,"Mouw, William",4,Torrey Pines Golf Course (South Course),sg_ott,3.3073156897014586,2026-02-01,0.007214345966741152,921,TPC Craig Ranch
29770,"Mouw, William",921,TPC Craig Ranch,sg_ott,1.6530915154581125,2025-05-04,-0.0015388867433727505,921,TPC Craig Ranch
29770,"Mouw, William",12,Harbour Town Golf Links,sg_ott,3.9384780270069317,2026-04-19,-0.005138984426633126,921,TPC Craig Ranch
29770,"Mouw, William",897,Memorial Park Golf Course,sg_ott,7.146168505282754,2026-03-29,-0.01838526639319341,921,TPC Craig Ranch
29770,"Mouw, William",921,TPC Craig Ranch,sg_putt,1.6530915154581125,2025-05-04,0.02570018399387265,921,TPC Craig Ranch
29770,"Mouw, William",665,Innisbrook Resort and Golf Club - Copperhead Course,sg_putt,1.6187385621054518,2025-03-23,0.006386219890970999,921,TPC Craig Ranch
29770,"Mouw, William",510,TPC Scottsdale (Stadium Course),sg_putt,1.9015078573446538,2026-02-08,-0.020499886044060868,921,TPC Craig Ranch
29770,"Mouw, William",809,Country Club de Bogota-Pacos,sg_total,0.6606705334016293,2024-02-11,0.002383512320443788,921,TPC Craig Ranch
29770,"Mouw, William",244,Puntacana Resort (Corales Golf Course),sg_total,3.283120562510899,2025-04-20,-0.014556903682621854,921,TPC Craig Ranch
21074,"Nakajima, Keita",709,Royal Troon,sg_app,1.432107564454417,2024-07-21,-0.02847950133323327,921,TPC Craig Ranch
21074,"Nakajima, Keita",671,Valhalla Golf Club,sg_arg,1.3876992786253213,2024-05-19,-0.0007240540579380492,921,TPC Craig Ranch
21074,"Nakajima, Keita",6,Waialae Country Club,sg_arg,4.053963525742031,2026-01-18,-0.008091824092837523,921,TPC Craig Ranch
21074,"Nakajima, Keita",977,The Renaissance Club,sg_ott,4.851052257128721,2025-07-13,0.04471750913356842,921,TPC Craig Ranch
21074,"Nakajima, Keita",4,Torrey Pines Golf Course (South Course),sg_ott,3.3889170936999924,2026-02-01,0.013629585754425891,921,TPC Craig Ranch
21074,"Nakajima, Keita",928,PGA National  - Champion Course,sg_ott,0.9607894391523232,2026-03-01,0.012346601121721533,921,TPC Craig Ranch
21074,"Nakajima, Keita",714,TPC Louisiana,sg_ott,1.976143425723861,2026-04-26,0.006860212224947845,921,TPC Craig Ranch
21074,"Nakajima, Keita",241,Quail Hollow-PGA Championship,sg_ott,1.6647037514757894,2025-05-18,-0.002068289961043881,921,TPC Craig Ranch
21074,"Nakajima, Keita",250,Le Golf National,sg_ott,2.884334972106428,2024-08-04,-0.00660566560319904,921,TPC Craig Ranch
21074,"Nakajima, Keita",671,Valhalla Golf Club,sg_ott,1.3876992786253213,2024-05-19,-0.011938387301380386,921,TPC Craig Ranch
21074,"Nakajima, Keita",668,St. Andrews Links (Old Course),sg_putt,0.9916819684299293,2022-07-17,0.01160643234361734,921,TPC Craig Ranch
21074,"Nakajima, Keita",709,Royal Troon,sg_putt,1.432107564454417,2024-07-21,0.004382930645607495,921,TPC Craig Ranch
21074,"Nakajima, Keita",724,Royal Liverpool,sg_putt,1.193806785348716,2023-07-23,-0.00347379636321326,921,TPC Craig Ranch
21074,"Nakajima, Keita",510,TPC Scottsdale (Stadium Course),sg_putt,3.8030157146893075,2026-02-08,-0.009533188524729126,921,TPC Craig Ranch
21074,"Nakajima, Keita",4482,dlf g&cc player course,sg_total,2.7082274979926586,2024-03-31,0.04247689437016152,921,TPC Craig Ranch
21074,"Nakajima, Keita",4201,pgm ishioka gc,sg_total,2.2814115701682156,2023-04-23,0.01424463418416246,921,TPC Craig Ranch
21074,"Nakajima, Keita",4592,yas links,sg_total,3.6338560642748248,2025-11-09,0.011891164711396335,921,TPC Craig Ranch
21074,"Nakajima, Keita",4490,doha gc,sg_total,2.642682133606517,2024-02-11,0.0015845212502084939,921,TPC Craig Ranch
21074,"Nakajima, Keita",4392,brabazon course at the belfry,sg_total,2.924999650275528,2024-09-01,0.0012213480406728502,921,TPC Craig Ranch
21074,"Nakajima, Keita",4585,k club,sg_total,1.7605868316684423,2025-09-07,-0.0038719495251936177,921,TPC Craig Ranch
21074,"Nakajima, Keita",4576,argentario gc,sg_total,1.7000321804507963,2025-06-29,-0.007267740521747273,921,TPC Craig Ranch
21074,"Nakajima, Keita",4575,international,sg_total,1.6822752296892465,2025-06-08,-0.009103771541754815,921,TPC Craig Ranch
21074,"Nakajima, Keita",4567,royal golf club,sg_total,1.5795613478656054,2025-02-02,-0.035297297358002584,921,TPC Craig Ranch
21074,"Nakajima, Keita",4586,wentworth golf club,sg_total,3.5335193635310036,2025-09-14,-0.06122697462810695,921,TPC Craig Ranch
23841,"Neergaard-Petersen, Rasmus",714,TPC Louisiana,sg_ott,3.952286851447722,2026-04-26,0.021048439923431375,921,TPC Craig Ranch
23841,"Neergaard-Petersen, Rasmus",14,Augusta National Golf Club,sg_ott,1.962358724485612,2026-04-12,0.013187955924061124,921,TPC Craig Ranch
23841,"Neergaard-Petersen, Rasmus",897,Memorial Park Golf Course,sg_ott,1.9486701792174987,2026-03-29,0.004078949819949035,921,TPC Craig Ranch
23841,"Neergaard-Petersen, Rasmus",4,Torrey Pines Golf Course (South Course),sg_ott,2.8422963195053947,2026-02-01,-0.0022995179066328426,921,TPC Craig Ranch
23841,"Neergaard-Petersen, Rasmus",977,The Renaissance Club,sg_ott,1.7119741538578583,2025-07-13,-0.006488767661677922,921,TPC Craig Ranch
23841,"Neergaard-Petersen, Rasmus",928,PGA National  - Champion Course,sg_ott,3.8431577566092927,2026-03-01,-0.030576685762810127,921,TPC Craig Ranch
23841,"Neergaard-Petersen, Rasmus",510,TPC Scottsdale (Stadium Course),sg_putt,3.8030157146893075,2026-02-08,0.03662808235649417,921,TPC Craig Ranch
23841,"Neergaard-Petersen, Rasmus",665,Innisbrook Resort and Golf Club - Copperhead Course,sg_putt,3.883723510564777,2026-03-22,-0.007955627749481449,921,TPC Craig Ranch
23841,"Neergaard-Petersen, Rasmus",4722,royal melbourne gc,sg_total,3.685087834785395,2025-12-07,0.017926460748738025,921,TPC Craig Ranch
23841,"Neergaard-Petersen, Rasmus",4586,wentworth golf club,sg_total,7.067038727062007,2025-09-14,0.0036525237315197605,921,TPC Craig Ranch
23841,"Neergaard-Petersen, Rasmus",4401,carnoustie,sg_total,0.7441594147231158,2024-10-06,0.0003821838758698912,921,TPC Craig Ranch
23841,"Neergaard-Petersen, Rasmus",4603,kingsbarns golf links,sg_total,0.892704196411185,2025-10-05,-0.00028808324852952374,921,TPC Craig Ranch
23841,"Neergaard-Petersen, Rasmus",4601,old course st andrews,sg_total,0.892704196411185,2025-10-05,-0.0013181838177780724,921,TPC Craig Ranch
23841,"Neergaard-Petersen, Rasmus",4592,yas links,sg_total,3.6338560642748248,2025-11-09,-0.00482597663340456,921,TPC Craig Ranch
23841,"Neergaard-Petersen, Rasmus",4567,royal golf club,sg_total,1.5795613478656054,2025-02-02,-0.005974786423923079,921,TPC Craig Ranch
23841,"Neergaard-Petersen, Rasmus",4585,k club,sg_total,1.7605868316684423,2025-09-07,-0.006426251336936951,921,TPC Craig Ranch
23841,"Neergaard-Petersen, Rasmus",4582,furesø golf klub,sg_total,3.4843947669831934,2025-08-17,-0.007547119731960457,921,TPC Craig Ranch
23841,"Neergaard-Petersen, Rasmus",4575,international,sg_total,1.6822752296892465,2025-06-08,-0.008520783651661626,921,TPC Craig Ranch
23841,"Neergaard-Petersen, Rasmus",4727,emirates gc,sg_total,3.7764875615456885,2026-01-25,-0.010995696897047585,921,TPC Craig Ranch
11117,"Noh, S.Y.",934,Hurstbourne Country Club,sg_app,1.7119741538578583,2025-07-13,-0.0034494175574777976,921,TPC Craig Ranch
11117,"Noh, S.Y.",921,TPC Craig Ranch,sg_app,2.3054925957955086,2023-05-14,-0.016471277747539686,921,TPC Craig Ranch
11117,"Noh, S.Y.",5,Pebble Beach Golf Links,sg_app,1.0976232721880528,2023-02-05,-0.025360589376588225,921,TPC Craig Ranch
11117,"Noh, S.Y.",930,Black Desert Resort,sg_arg,1.4935370719467143,2024-10-13,0.0008489432525493298,921,TPC Craig Ranch
11117,"Noh, S.Y.",921,TPC Craig Ranch,sg_arg,2.3054925957955086,2023-05-14,-0.012687757871731297,921,TPC Craig Ranch
11117,"Noh, S.Y.",876,Detroit Golf Club,sg_ott,2.3626747859496984,2023-07-02,0.02134315914578053,921,TPC Craig Ranch
11117,"Noh, S.Y.",4,Torrey Pines Golf Course (South Course),sg_ott,1.639862322583793,2023-01-28,0.008409654592983483,921,TPC Craig Ranch
11117,"Noh, S.Y.",926,Silverado Resort (North Course),sg_ott,1.2277057460856342,2023-09-17,0.00765013779159939,921,TPC Craig Ranch
11117,"Noh, S.Y.",746,The Country Club of Jackson,sg_ott,1.2406645711923565,2023-10-08,0.004868628654714144,921,TPC Craig Ranch
11117,"Noh, S.Y.",921,TPC Craig Ranch,sg_ott,2.3054925957955086,2023-05-14,0.0043123302359296236,921,TPC Craig Ranch
11117,"Noh, S.Y.",5,Pebble Beach Golf Links,sg_ott,1.0976232721880528,2023-02-05,-0.0005268730682417108,921,TPC Craig Ranch
11117,"Noh, S.Y.",921,TPC Craig Ranch,sg_putt,2.3054925957955086,2023-05-14,0.009824371159972952,921,TPC Craig Ranch
11117,"Noh, S.Y.",742,Grand Reserve Golf Club,sg_total,4.906136016796515,2024-03-10,0.010295302831772178,921,TPC Craig Ranch
11117,"Noh, S.Y.",809,Country Club de Bogota-Pacos,sg_total,1.4532202827484073,2025-02-09,0.0053147127090525294,921,TPC Craig Ranch
11117,"Noh, S.Y.",244,Puntacana Resort (Corales Golf Course),sg_total,3.8912546280512066,2025-04-20,-0.0064038525320938185,921,TPC Craig Ranch
11117,"Noh, S.Y.",108,Prince of Wales Country Club,sg_total,3.53576314668196,2026-03-08,-0.014179723804301207,921,TPC Craig Ranch
11117,"Noh, S.Y.",98,PGA Riviera Maya,sg_total,2.795784771232522,2026-04-19,-0.02460826009943475,921,TPC Craig Ranch
11117,"Noh, Seung-Yul",775,CordeValle GC,sg_app,0.20031726998359428,2013-10-13,0.003966300633332013,921,TPC Craig Ranch
11117,"Noh, Seung-Yul",694,Hamilton G&CC,sg_app,0.32135603124489664,2012-07-29,0.00209729319268125,921,TPC Craig Ranch
11117,"Noh, Seung-Yul",745,iberostar real club de golf novo sancti petri,sg_app,0.46897508346843886,2014-08-24,0.0019806551398658923,921,TPC Craig Ranch
11117,"Noh, Seung-Yul",656,Plantation Course at Kapalua,sg_app,0.5032311665141237,2015-01-12,-0.00033889523772595836,921,TPC Craig Ranch
11117,"Noh, Seung-Yul",238,Glen Oaks Club,sg_app,0.40622307703827476,2017-08-27,-0.0003511136882976414,921,TPC Craig Ranch
11117,"Noh, Seung-Yul",642,Newport Beach Country Club,sg_app,0.23122758906434907,2014-07-27,-0.00206015369386675,921,TPC Craig Ranch
11117,"Noh, Seung-Yul",649,Hualalai Golf Course,sg_app,0.37115731962902676,2014-01-19,-0.004210013672114156,921,TPC Craig Ranch
11117,"Noh, Seung-Yul",5,Pebble Beach Golf Links,sg_app,2.1837679768704765,2022-02-06,-0.005503847610588949,921,TPC Craig Ranch
11117,"Noh, Seung-Yul",616,Robert Trent Jones GC,sg_app,0.5567128849219349,2015-08-02,-0.007204378813423642,921,TPC Craig Ranch
11117,"Noh, Seung-Yul",772,St. George's G&CC,sg_app,1.948957006692821,2022-06-12,-0.008948872721543209,921,TPC Craig Ranch
11117,"Noh, Seung-Yul",921,TPC Craig Ranch,sg_app,3.716969465318368,2024-05-05,-0.029129475392331072,921,TPC Craig Ranch
11117,"Noh, Seung-Yul",527,Saucon Valley CC,sg_arg,0.32817586553400707,2012-09-09,0.00223225933591305,921,TPC Craig Ranch
11117,"Noh, Seung-Yul",505,Cherry Hills CC,sg_arg,0.47226942579898806,2014-09-07,0.0019415929387708165,921,TPC Craig Ranch
11117,"Noh, Seung-Yul",21,Colonial Country Club,sg_arg,1.7502063344153576,2017-05-28,0.0013710680012138602,921,TPC Craig Ranch
11117,"Noh, Seung-Yul",609,Annandale GC,sg_arg,0.38415635342809645,2013-07-21,0.0007865703352174508,921,TPC Craig Ranch
11117,"Noh, Seung-Yul",671,Valhalla Golf Club,sg_arg,0.23285186050540693,2014-08-10,0.0003966517612020989,921,TPC Craig Ranch
11117,"Noh, Seung-Yul",6,Waialae Country Club,sg_arg,1.9316915656256417,2017-01-15,7.185387483785546e-05,921,TPC Craig Ranch
11117,"Noh, Seung-Yul",238,Glen Oaks Club,sg_arg,0.40622307703827476,2017-08-27,-0.0007962371644179862,921,TPC Craig Ranch
11117,"Noh, Seung-Yul",775,CordeValle GC,sg_arg,0.20031726998359428,2013-10-13,-0.0014730068227278945,921,TPC Craig Ranch
11117,"Noh, Seung-Yul",921,TPC Craig Ranch,sg_arg,3.716969465318368,2024-05-05,-0.004447619477823026,921,TPC Craig Ranch
11117,"Noh, Seung-Yul",689,El Bosque CC,sg_arg,0.6645147575829502,2016-08-28,-0.005731831705558047,921,TPC Craig Ranch
11117,"Noh, Seung-Yul",714,TPC Louisiana,sg_ott,2.2814115701682156,2023-04-23,0.01674824508194696,921,TPC Craig Ranch
11117,"Noh, Seung-Yul",505,Cherry Hills CC,sg_ott,0.47226942579898806,2014-09-07,0.00999670537288991,921,TPC Craig Ranch
11117,"Noh, Seung-Yul",819,Harbor Shores Resort,sg_ott,0.798352029660812,2017-07-23,0.008420276123478598,921,TPC Craig Ranch
11117,"Noh, Seung-Yul",4,Torrey Pines Golf Course (South Course),sg_ott,3.3262368603467376,2022-01-29,0.007424229411024791,921,TPC Craig Ranch
11117,"Noh, Seung-Yul",5,Pebble Beach Golf Links,sg_ott,2.1837679768704765,2022-02-06,0.006866993201465819,921,TPC Craig Ranch
11117,"Noh, Seung-Yul",897,Memorial Park Golf Course,sg_ott,2.1049555723084215,2022-11-13,0.003978758847521423,921,TPC Craig Ranch
11117,"Noh, Seung-Yul",689,El Bosque CC,sg_ott,0.6645147575829502,2016-08-28,0.0037087706490645453,921,TPC Craig Ranch
11117,"Noh, Seung-Yul",235,Eagle Point Golf Club,sg_ott,0.7681996344830163,2017-05-07,0.0026079506908132095,921,TPC Craig Ranch
11117,"Noh, Seung-Yul",527,Saucon Valley CC,sg_ott,0.32817586553400707,2012-09-09,0.0008737582473332961,921,TPC Craig Ranch
11117,"Noh, Seung-Yul",772,St. George's G&CC,sg_ott,1.948957006692821,2022-06-12,0.0008410333280309296,921,TPC Craig Ranch
11117,"Noh, Seung-Yul",238,Glen Oaks Club,sg_ott,0.40622307703827476,2017-08-27,0.0007457330174888,921,TPC Craig Ranch
11117,"Noh, Seung-Yul",671,Valhalla Golf Club,sg_ott,0.23285186050540693,2014-08-10,0.0003992762725531668,921,TPC Craig Ranch
11117,"Noh, Seung-Yul",21,Colonial Country Club,sg_ott,1.7502063344153576,2017-05-28,-0.002061595842180314,921,TPC Craig Ranch
11117,"Noh, Seung-Yul",642,Newport Beach Country Club,sg_ott,0.23122758906434907,2014-07-27,-0.0022050477014880334,921,TPC Craig Ranch
11117,"Noh, Seung-Yul",616,Robert Trent Jones GC,sg_ott,0.5567128849219349,2015-08-02,-0.00220965446276713,921,TPC Craig Ranch
11117,"Noh, Seung-Yul",872,Quail Hollow Club,sg_ott,0.3991172682043132,2021-05-09,-0.0022837959806441383,921,TPC Craig Ranch
11117,"Noh, Seung-Yul",921,TPC Craig Ranch,sg_ott,3.716969465318368,2024-05-05,-0.0026233585568533327,921,TPC Craig Ranch
11117,"Noh, Seung-Yul",698,Quail Hollow Club,sg_ott,0.7146794461767503,2014-05-04,-0.0027337769267052675,921,TPC Craig Ranch
11117,"Noh, Seung-Yul",32,Glen Abbey GC,sg_ott,2.1718617684946,2017-07-30,-0.003233622225430709,921,TPC Craig Ranch
11117,"Noh, Seung-Yul",893,Muirfield Village Golf Club,sg_ott,0.686703394995133,2020-07-12,-0.00667601845291098,921,TPC Craig Ranch
11117,"Noh, Seung-Yul",12,Harbour Town Golf Links,sg_ott,1.2337977194525194,2016-04-17,-0.0069218461598223755,921,TPC Craig Ranch
11117,"Noh, Seung-Yul",746,The Country Club of Jackson,sg_ott,2.1427152508679126,2021-10-03,-0.007604460732259597,921,TPC Craig Ranch
11117,"Noh, Seung-Yul",770,TPC San Antonio - The Oaks Course,sg_ott,5.779031694592886,2022-04-03,-0.008587944648605518,921,TPC Craig Ranch
11117,"Noh, Seung-Yul",876,Detroit Golf Club,sg_ott,2.3672563637440005,2022-07-31,-0.009912316141768433,921,TPC Craig Ranch
11117,"Noh, Seung-Yul",921,TPC Craig Ranch,sg_putt,3.716969465318368,2024-05-05,0.028569203944107252,921,TPC Craig Ranch
11117,"Noh, Seung-Yul",656,Plantation Course at Kapalua,sg_putt,0.5032311665141237,2015-01-12,0.0026218710541968003,921,TPC Craig Ranch
11117,"Noh, Seung-Yul",665,Innisbrook Resort and Golf Club - Copperhead Course,sg_putt,3.195671703875941,2022-03-20,0.0005148971206469381,921,TPC Craig Ranch
11117,"Noh, Seung-Yul",745,iberostar real club de golf novo sancti petri,sg_putt,0.46897508346843886,2014-08-24,-3.993571881085063e-09,921,TPC Craig Ranch
11117,"Noh, Seung-Yul",649,Hualalai Golf Course,sg_putt,0.37115731962902676,2014-01-19,-0.0001888432358287595,921,TPC Craig Ranch
11117,"Noh, Seung-Yul",893,Muirfield Village Golf Club,sg_putt,0.686703394995133,2020-07-12,-0.000310032922187145,921,TPC Craig Ranch
11117,"Noh, Seung-Yul",775,CordeValle GC,sg_putt,0.20031726998359428,2013-10-13,-0.006125892596781662,921,TPC Craig Ranch
11117,"Noh, Seung-Yul",510,TPC Scottsdale (Stadium Course),sg_putt,3.7004177539276486,2022-02-13,-0.009107414141748359,921,TPC Craig Ranch
11117,"Noh, Seung-Yul",811,Paiute Golf Resort - Sun Mt GC,sg_total,1.579793845698413,2021-04-18,0.008598311600702723,921,TPC Craig Ranch
11117,"Noh, Seung-Yul",244,Puntacana Resort (Corales Golf Course),sg_total,1.875348223014645,2022-03-27,0.002796068516946595,921,TPC Craig Ranch
11117,"Noh, Seung-Yul",780,Atlanta Athletic Club,sg_total,0.2697645765950573,2011-08-14,0.0012027572906592717,921,TPC Craig Ranch
11117,"Noh, Seung-Yul",742,Grand Reserve Golf Club,sg_total,3.6523487859704273,2022-03-06,-0.009758511984844558,921,TPC Craig Ranch
11657,"Norlander, Henrik",887,Kasumigaseki Country Club,sg_app,1.664948781537463,2021-08-01,-0.0024453479173164572,921,TPC Craig Ranch
11657,"Norlander, Henrik",772,St. George's G&CC,sg_app,0.9744785033464105,2022-06-12,-0.002693048798106309,921,TPC Craig Ranch
11657,"Norlander, Henrik",5,Pebble Beach Golf Links,sg_app,2.943148845913872,2023-02-05,-0.008422288078650596,921,TPC Craig Ranch
11657,"Norlander, Henrik",921,TPC Craig Ranch,sg_app,9.328645092030103,2025-05-04,-0.02714224118141293,921,TPC Craig Ranch
11657,"Norlander, Henrik",21,Colonial Country Club,sg_arg,7.165950688742988,2025-05-25,0.00949763050591654,921,TPC Craig Ranch
11657,"Norlander, Henrik",886,Liberty National Golf Club,sg_arg,0.8412614230606249,2021-08-22,0.0017166529924652599,921,TPC Craig Ranch
11657,"Norlander, Henrik",609,Annandale GC,sg_arg,0.38415635342809645,2013-07-21,-0.00149179835789875,921,TPC Craig Ranch
11657,"Norlander, Henrik",6,Waialae Country Club,sg_arg,7.974789893162839,2025-01-12,-0.008516197401317274,921,TPC Craig Ranch
11657,"Norlander, Henrik",930,Black Desert Resort,sg_arg,4.791328090856462,2025-10-26,-0.016786156781719297,921,TPC Craig Ranch
11657,"Norlander, Henrik",874,Hamilton Golf & Country Club,sg_arg,1.3974472516771892,2024-06-02,-0.016842773214678423,921,TPC Craig Ranch
11657,"Norlander, Henrik",921,TPC Craig Ranch,sg_arg,9.328645092030103,2025-05-04,-0.04429049468706406,921,TPC Craig Ranch
11657,"Norlander, Henrik",746,The Country Club of Jackson,sg_ott,13.632633507717573,2025-10-05,0.03778698118039154,921,TPC Craig Ranch
11657,"Norlander, Henrik",770,TPC San Antonio - The Oaks Course,sg_ott,8.866572495497923,2025-04-06,0.0113067998186879,921,TPC Craig Ranch
11657,"Norlander, Henrik",32,Glen Abbey GC,sg_ott,0.8582589502340159,2016-07-24,0.006210304837416566,921,TPC Craig Ranch
11657,"Norlander, Henrik",819,Harbor Shores Resort,sg_ott,0.6631821179026061,2016-07-17,0.0056168315446431015,921,TPC Craig Ranch
11657,"Norlander, Henrik",5,Pebble Beach Golf Links,sg_ott,2.943148845913872,2023-02-05,0.004525464929164854,921,TPC Craig Ranch
11657,"Norlander, Henrik",714,TPC Louisiana,sg_ott,7.552186612966384,2026-04-26,0.003939210034156221,921,TPC Craig Ranch
11657,"Norlander, Henrik",4,Torrey Pines Golf Course (South Course),sg_ott,4.832307703017394,2026-02-01,0.003719814729474601,921,TPC Craig Ranch
11657,"Norlander, Henrik",926,Silverado Resort (North Course),sg_ott,5.9400119056755365,2025-09-14,0.0030989479514164494,921,TPC Craig Ranch
11657,"Norlander, Henrik",698,Quail Hollow Club,sg_ott,1.0100196678576694,2016-05-08,0.0030180379121321544,921,TPC Craig Ranch
11657,"Norlander, Henrik",897,Memorial Park Golf Course,sg_ott,6.51450166435883,2025-03-30,0.0028305711006238183,921,TPC Craig Ranch
11657,"Norlander, Henrik",772,St. George's G&CC,sg_ott,0.9744785033464105,2022-06-12,0.002469970969901477,921,TPC Craig Ranch
11657,"Norlander, Henrik",893,Muirfield Village Golf Club,sg_ott,1.373406789990266,2020-07-12,0.001414507568742512,921,TPC Craig Ranch
11657,"Norlander, Henrik",887,Kasumigaseki Country Club,sg_ott,1.664948781537463,2021-08-01,-0.0005132414414023392,921,TPC Craig Ranch
11657,"Norlander, Henrik",12,Harbour Town Golf Links,sg_ott,2.0127701778159754,2022-04-17,-0.00225745470174439,921,TPC Craig Ranch
11657,"Norlander, Henrik",21,Colonial Country Club,sg_ott,7.165950688742988,2025-05-25,-0.0027952457647278687,921,TPC Craig Ranch
11657,"Norlander, Henrik",928,PGA National  - Champion Course,sg_ott,1.6018307286693183,2025-03-02,-0.0032027812814342097,921,TPC Craig Ranch
11657,"Norlander, Henrik",977,The Renaissance Club,sg_ott,3.4239483077157167,2025-07-13,-0.0057781089167169945,921,TPC Craig Ranch
11657,"Norlander, Henrik",872,Quail Hollow Club,sg_ott,3.095672012800739,2023-05-07,-0.007555084822119274,921,TPC Craig Ranch
11657,"Norlander, Henrik",876,Detroit Golf Club,sg_ott,12.187594614974163,2025-06-29,-0.00786043781118118,921,TPC Craig Ranch
11657,"Norlander, Henrik",921,TPC Craig Ranch,sg_ott,9.328645092030103,2025-05-04,-0.025033186987552254,921,TPC Craig Ranch
11657,"Norlander, Henrik",921,TPC Craig Ranch,sg_putt,9.328645092030103,2025-05-04,0.1159997578150004,921,TPC Craig Ranch
11657,"Norlander, Henrik",665,Innisbrook Resort and Golf Club - Copperhead Course,sg_putt,12.068674551851117,2026-03-22,0.020968675202012014,921,TPC Craig Ranch
11657,"Norlander, Henrik",893,Muirfield Village Golf Club,sg_putt,1.373406789990266,2020-07-12,0.010371986749349206,921,TPC Craig Ranch
11657,"Norlander, Henrik",510,TPC Scottsdale (Stadium Course),sg_putt,4.028745265244103,2025-02-09,-0.014873913308719414,921,TPC Craig Ranch
11657,"Norlander, Henrik",244,Puntacana Resort (Corales Golf Course),sg_total,8.983285614376797,2025-04-20,0.017654990062031802,921,TPC Craig Ranch
11657,"Norlander, Henrik",742,Grand Reserve Golf Club,sg_total,7.173197520493166,2024-03-10,0.013447118093671669,921,TPC Craig Ranch
11657,"Norlander, Henrik",56,Atlantic Beach Country Club,sg_total,1.8136702694902618,2018-09-20,0.004392871587508172,921,TPC Craig Ranch
11657,"Norlander, Henrik",630,Fox Den CC,sg_total,2.0380361447251247,2019-05-19,0.0038249042797671028,921,TPC Craig Ranch
11657,"Norlander, Henrik",804,The Country Club of Virginia,sg_total,0.6863361811356673,2018-04-22,0.003244843416969645,921,TPC Craig Ranch
11657,"Norlander, Henrik",809,Country Club de Bogota-Pacos,sg_total,0.6606705334016293,2024-02-11,0.0020963511814601397,921,TPC Craig Ranch
11657,"Norlander, Henrik",806,Furman University Golf Club,sg_total,0.23200415453447004,2018-05-20,0.0011071401571650106,921,TPC Craig Ranch
11657,"Norlander, Henrik",803,University Ridge GC,sg_total,0.19339897420195362,2017-05-21,-0.0002767193889859623,921,TPC Craig Ranch
11657,"Norlander, Henrik",655,The Glen Club,sg_total,0.5585825753206938,2019-05-26,-0.0034947964589479097,921,TPC Craig Ranch
11657,"Norlander, Henrik",4392,brabazon course at the belfry,sg_total,2.924999650275528,2024-09-01,-0.0044429016523571275,921,TPC Craig Ranch
25475,"Nyholm, Pontus",714,TPC Louisiana,sg_ott,1.976143425723861,2026-04-26,0.019210395589301012,921,TPC Craig Ranch
25475,"Nyholm, Pontus",897,Memorial Park Golf Course,sg_ott,3.8973403584349975,2026-03-29,0.0037399269713284966,921,TPC Craig Ranch
25475,"Nyholm, Pontus",770,TPC San Antonio - The Oaks Course,sg_ott,1.9555024743866727,2026-04-05,-0.00695381824498162,921,TPC Craig Ranch
25475,"Nyholm, Pontus",928,PGA National  - Champion Course,sg_ott,3.8431577566092927,2026-03-01,-0.009057541576669772,921,TPC Craig Ranch
25475,"Nyholm, Pontus",510,TPC Scottsdale (Stadium Course),sg_putt,1.9015078573446538,2026-02-08,-0.012801874216822199,921,TPC Craig Ranch
25475,"Nyholm, Pontus",665,Innisbrook Resort and Golf Club - Copperhead Course,sg_putt,1.9418617552823885,2026-03-22,-0.02390824547352249,921,TPC Craig Ranch
25475,"Nyholm, Pontus",61,Country Club at Golden Nugget,sg_total,1.875348223014645,2022-03-27,0.009863314504169827,921,TPC Craig Ranch
25475,"Nyholm, Pontus",62,The Ledges,sg_total,3.6255135375540375,2023-04-30,0.003172528941228002,921,TPC Craig Ranch
25475,"Nyholm, Pontus",3662,hills golf & sports club,sg_total,0.4856083620053189,2018-08-19,0.00034939510667694577,921,TPC Craig Ranch
25475,"Nyholm, Pontus",3963,esbjerg golfklub,sg_total,0.8404205821281006,2021-08-20,-0.000613625274613381,921,TPC Craig Ranch
25475,"Nyholm, Pontus",108,Prince of Wales Country Club,sg_total,3.214893917778624,2025-03-09,-0.004224620467472005,921,TPC Craig Ranch
25475,"Nyholm, Pontus",98,PGA Riviera Maya,sg_total,3.306183030916225,2025-05-04,-0.004443156197701708,921,TPC Craig Ranch
25475,"Nyholm, Pontus",809,Country Club de Bogota-Pacos,sg_total,2.0039561249651845,2025-02-09,-0.014690220973079931,921,TPC Craig Ranch
13412,"Olesen, Thorbjorn",534,Bellerive CC,sg_app,0.9678234072449506,2018-08-12,-0.002507516457368627,921,TPC Craig Ranch
13412,"Olesen, Thorbjorn",514,Oak Hill Country Club,sg_app,1.1567879787560167,2023-05-21,-0.003628699876411653,921,TPC Craig Ranch
13412,"Olesen, Thorbjorn",715,Baltusrol GC,sg_app,0.3339203393340814,2016-07-31,-0.00978323584440758,921,TPC Craig Ranch
13412,"Olesen, Thorbjorn",709,Royal Troon,sg_app,2.864215128908834,2024-07-21,-0.02215193385500545,921,TPC Craig Ranch
13412,"Olesen, Thorbjorn",921,TPC Craig Ranch,sg_app,4.684202334031987,2025-05-04,-0.03504359247291365,921,TPC Craig Ranch
13412,"Olesen, Thorbjorn",671,Valhalla Golf Club,sg_arg,3.2411022782614562,2024-05-19,0.0019313896026678413,921,TPC Craig Ranch
13412,"Olesen, Thorbjorn",874,Hamilton Golf & Country Club,sg_arg,2.7948945033543784,2024-06-02,0.0014946179300978312,921,TPC Craig Ranch
13412,"Olesen, Thorbjorn",21,Colonial Country Club,sg_arg,3.341080845645088,2025-05-25,0.0010559488021282353,921,TPC Craig Ranch
13412,"Olesen, Thorbjorn",921,TPC Craig Ranch,sg_arg,4.684202334031987,2025-05-04,-3.590266631487995e-05,921,TPC Craig Ranch
13412,"Olesen, Thorbjorn",930,Black Desert Resort,sg_arg,3.608507893926066,2025-10-26,-0.0009850874090869847,921,TPC Craig Ranch
13412,"Olesen, Thorbjorn",243,Trinity Forest Golf Club,sg_arg,0.5546861506900438,2019-05-12,-0.0031641679685616053,921,TPC Craig Ranch
13412,"Olesen, Thorbjorn",921,TPC Craig Ranch,sg_ott,4.684202334031987,2025-05-04,0.03640725213323651,921,TPC Craig Ranch
13412,"Olesen, Thorbjorn",241,Quail Hollow-PGA Championship,sg_ott,4.136186392516694,2025-05-18,0.02473776338187401,921,TPC Craig Ranch
13412,"Olesen, Thorbjorn",746,The Country Club of Jackson,sg_ott,3.57081678564474,2025-10-05,0.022296465831954,921,TPC Craig Ranch
13412,"Olesen, Thorbjorn",770,TPC San Antonio - The Oaks Course,sg_ott,9.888946817941925,2026-04-05,0.018333106361025614,921,TPC Craig Ranch
13412,"Olesen, Thorbjorn",250,Le Golf National,sg_ott,2.884334972106428,2024-08-04,0.014258203003555061,921,TPC Craig Ranch
13412,"Olesen, Thorbjorn",926,Silverado Resort (North Course),sg_ott,1.7667596817655018,2025-09-14,0.00802546154923589,921,TPC Craig Ranch
13412,"Olesen, Thorbjorn",21,Colonial Country Club,sg_ott,3.341080845645088,2025-05-25,0.006878171679816732,921,TPC Craig Ranch
13412,"Olesen, Thorbjorn",14,Augusta National Golf Club,sg_ott,2.727251597143962,2024-04-14,0.005345008353174769,921,TPC Craig Ranch
13412,"Olesen, Thorbjorn",928,PGA National  - Champion Course,sg_ott,6.780276727816468,2026-03-01,0.0052482640649290785,921,TPC Craig Ranch
13412,"Olesen, Thorbjorn",4,Torrey Pines Golf Course (South Course),sg_ott,0.9474321065017983,2026-02-01,0.004029800717840815,921,TPC Craig Ranch
13412,"Olesen, Thorbjorn",715,Baltusrol GC,sg_ott,0.3339203393340814,2016-07-31,0.000777091990401399,921,TPC Craig Ranch
13412,"Olesen, Thorbjorn",671,Valhalla Golf Club,sg_ott,3.2411022782614562,2024-05-19,0.0006460211659534324,921,TPC Craig Ranch
13412,"Olesen, Thorbjorn",534,Bellerive CC,sg_ott,0.9678234072449506,2018-08-12,-0.0011146735288092254,921,TPC Craig Ranch
13412,"Olesen, Thorbjorn",698,Quail Hollow Club,sg_ott,0.22171714758843705,2014-05-04,-0.0012308652012151579,921,TPC Craig Ranch
13412,"Olesen, Thorbjorn",243,Trinity Forest Golf Club,sg_ott,0.5546861506900438,2019-05-12,-0.0013736305155711052,921,TPC Craig Ranch
13412,"Olesen, Thorbjorn",714,TPC Louisiana,sg_ott,1.6473158085371538,2025-04-27,-0.0015076608232788861,921,TPC Craig Ranch
13412,"Olesen, Thorbjorn",897,Memorial Park Golf Course,sg_ott,6.875868180855205,2026-03-29,-0.0033477569566322907,921,TPC Craig Ranch
13412,"Olesen, Thorbjorn",514,Oak Hill Country Club,sg_ott,1.1567879787560167,2023-05-21,-0.01241843068943779,921,TPC Craig Ranch
13412,"Olesen, Thorbjorn",977,The Renaissance Club,sg_ott,8.657427736828268,2025-07-13,-0.019267140043723673,921,TPC Craig Ranch
13412,"Olesen, Thorbjorn",876,Detroit Golf Club,sg_ott,4.817213465275262,2025-06-29,-0.03488551677919849,921,TPC Craig Ranch
13412,"Olesen, Thorbjorn",921,TPC Craig Ranch,sg_putt,4.684202334031987,2025-05-04,0.03168999618120386,921,TPC Craig Ranch
13412,"Olesen, Thorbjorn",709,Royal Troon,sg_putt,2.864215128908834,2024-07-21,0.007142166400113577,921,TPC Craig Ranch
13412,"Olesen, Thorbjorn",715,Baltusrol GC,sg_putt,0.3339203393340814,2016-07-31,0.0022124014556717353,921,TPC Craig Ranch
13412,"Olesen, Thorbjorn",666,Pebble Beach Golf Links,sg_putt,0.5644785922810466,2019-06-16,0.0012300953464585928,921,TPC Craig Ranch
13412,"Olesen, Thorbjorn",510,TPC Scottsdale (Stadium Course),sg_putt,1.9015078573446538,2026-02-08,-0.00640298528103148,921,TPC Craig Ranch
13412,"Olesen, Thorbjorn",665,Innisbrook Resort and Golf Club - Copperhead Course,sg_putt,6.745072594857415,2026-03-22,-0.013041475811369697,921,TPC Craig Ranch
13412,"Olesen, Thorbjorn",724,Royal Liverpool,sg_putt,1.193806785348716,2023-07-23,-0.015141316926910658,921,TPC Craig Ranch
13412,"Olesen, Thorbjorn",3513,regnum carya golf & spa resort,sg_total,0.8413852495001302,2017-11-05,0.008654727240844646,921,TPC Craig Ranch
13412,"Olesen, Thorbjorn",4401,carnoustie,sg_total,0.7441594147231158,2024-10-06,0.007621395094674346,921,TPC Craig Ranch
13412,"Olesen, Thorbjorn",3662,hills golf & sports club,sg_total,0.9712167240106379,2018-08-19,0.006780681045854515,921,TPC Craig Ranch
13412,"Olesen, Thorbjorn",4200,yas links,sg_total,2.179933476830192,2023-01-22,0.005109941033584244,921,TPC Craig Ranch
13412,"Olesen, Thorbjorn",539,Royal Lytham St. Anne,sg_total,0.32023325114688217,2012-07-22,0.0027233780335599125,921,TPC Craig Ranch
13412,"Olesen, Thorbjorn",4727,emirates gc,sg_total,3.7764875615456885,2026-01-25,0.0026193196483535333,921,TPC Craig Ranch
13412,"Olesen, Thorbjorn",4017,real club valderrama,sg_total,2.0756915206357616,2022-10-16,0.0023341874999792257,921,TPC Craig Ranch
13412,"Olesen, Thorbjorn",3978,yas links,sg_total,1.817195468302782,2022-01-23,0.0021395567160182962,921,TPC Craig Ranch
13412,"Olesen, Thorbjorn",4108,infinitum golf lakes course,sg_total,1.9017877429321917,2022-04-24,0.0018390448647495586,921,TPC Craig Ranch
13412,"Olesen, Thorbjorn",4585,k club,sg_total,3.5211736633368846,2025-09-07,0.001831570091857611,921,TPC Craig Ranch
13412,"Olesen, Thorbjorn",3498,emirates gc,sg_total,0.7340298094371326,2017-02-05,0.001739512567189929,921,TPC Craig Ranch
13412,"Olesen, Thorbjorn",3541,topwin golf & cc,sg_total,0.7655156355004604,2017-04-30,0.0013637381657287872,921,TPC Craig Ranch
13412,"Olesen, Thorbjorn",3531,himmerland golf & spa resort,sg_total,0.8124461540765495,2017-08-27,0.0012797066181236148,921,TPC Craig Ranch
13412,"Olesen, Thorbjorn",3514,gary player cc,sg_total,0.844335257375697,2017-11-12,0.001267721148845189,921,TPC Craig Ranch
13412,"Olesen, Thorbjorn",4056,frederikshavn golfklub,sg_total,1.4074708370262448,2020-08-30,0.0007671244508384373,921,TPC Craig Ranch
13412,"Olesen, Thorbjorn",4192,carnoustie,sg_total,0.5153031039951417,2022-10-02,0.0003604527275705984,921,TPC Craig Ranch
13412,"Olesen, Thorbjorn",3637,emirates gc,sg_total,0.877476031206019,2018-01-28,9.024395007775976e-05,921,TPC Craig Ranch
13412,"Olesen, Thorbjorn",4074,pga national cyprus course,sg_total,0.7288022691925407,2020-11-08,-0.00014681931857283607,921,TPC Craig Ranch
13412,"Olesen, Thorbjorn",3535,dom pedro victoria golf course,sg_total,0.8239003928195338,2017-09-24,-0.000496251778160853,921,TPC Craig Ranch
13412,"Olesen, Thorbjorn",3538,kingsbarns golf links,sg_total,0.20742198207776844,2017-10-08,-0.0008883788018575679,921,TPC Craig Ranch
13412,"Olesen, Thorbjorn",3511,wentworth golf club,sg_total,0.7763082262543376,2017-05-28,-0.0010104415780885748,921,TPC Craig Ranch
13412,"Olesen, Thorbjorn",3638,saujana g&cc,sg_total,0.4402762890658595,2018-02-04,-0.0019339397780771719,921,TPC Craig Ranch
13412,"Olesen, Thorbjorn",3946,marco simone gc,sg_total,0.8471709121033048,2021-09-05,-0.002087135876699854,921,TPC Craig Ranch
13412,"Olesen, Thorbjorn",3937,real club valderrama,sg_total,1.412405615781072,2020-09-06,-0.002436176175380359,921,TPC Craig Ranch
13412,"Olesen, Thorbjorn",4392,brabazon course at the belfry,sg_total,2.924999650275528,2024-09-01,-0.0027551003379534655,921,TPC Craig Ranch
13412,"Olesen, Thorbjorn",742,Grand Reserve Golf Club,sg_total,0.3761178253305483,2017-03-26,-0.0027992846474229087,921,TPC Craig Ranch
13412,"Olesen, Thorbjorn",3782,himmerland golf & spa resort,sg_total,0.5585825753206938,2019-05-26,-0.002970065055747749,921,TPC Craig Ranch
13412,"Olesen, Thorbjorn",3878,wentworth golf club,sg_total,0.8501412052765458,2021-09-12,-0.004157824139876009,921,TPC Craig Ranch
13412,"Olesen, Thorbjorn",3731,centro nacional de golf,sg_total,0.9119176045475286,2018-04-15,-0.004198650261656104,921,TPC Craig Ranch
13412,"Olesen, Thorbjorn",3867,mount juliet estate,sg_total,0.8209009523987683,2021-07-04,-0.004477802161663486,921,TPC Craig Ranch
13412,"Olesen, Thorbjorn",4582,furesø golf klub,sg_total,3.4843947669831934,2025-08-17,-0.005954761869250634,921,TPC Craig Ranch
13412,"Olesen, Thorbjorn",3948,club de campo villa de madrid,sg_total,0.8621268861510576,2021-10-10,-0.006802105895820705,921,TPC Craig Ranch
13412,"Olesen, Thorbjorn",4567,royal golf club,sg_total,1.5795613478656054,2025-02-02,-0.027651325437225153,921,TPC Craig Ranch
7820,"Palmer, Ryan",921,TPC Craig Ranch,sg_app,8.860531636906348,2025-05-04,0.032728532239330164,921,TPC Craig Ranch
7820,"Palmer, Ryan",649,Hualalai Golf Course,sg_app,0.8866100784482758,2015-01-25,0.025142852663020347,921,TPC Craig Ranch
7820,"Palmer, Ryan",656,Plantation Course at Kapalua,sg_app,3.2449502239552297,2021-01-10,0.008115590918922095,921,TPC Craig Ranch
7820,"Palmer, Ryan",5,Pebble Beach Golf Links,sg_app,2.510220377005621,2023-02-05,0.006163843151260603,921,TPC Craig Ranch
7820,"Palmer, Ryan",781,Plainfield CC,sg_app,0.7683063436544737,2015-08-30,0.004464238479977198,921,TPC Craig Ranch
7820,"Palmer, Ryan",715,Baltusrol GC,sg_app,0.6678406786681628,2016-07-31,0.003949760460772303,921,TPC Craig Ranch
7820,"Palmer, Ryan",625,LaCantera GC (Resort),sg_app,0.4259811996043304,2009-05-17,0.002951810629945076,921,TPC Craig Ranch
7820,"Palmer, Ryan",736,Angus Glen GC (North),sg_app,0.1289016409276672,2007-07-29,0.0013730208092257992,921,TPC Craig Ranch
7820,"Palmer, Ryan",772,St. George's G&CC,sg_app,0.22252726648586346,2010-07-25,0.0008002499378412256,921,TPC Craig Ranch
7820,"Palmer, Ryan",694,Hamilton G&CC,sg_app,0.32135603124489664,2012-07-29,0.0007258415650933162,921,TPC Craig Ranch
7820,"Palmer, Ryan",699,Redstone GC (Fall Creek),sg_app,0.07819333690554683,2005-04-24,5.347148986561081e-06,921,TPC Craig Ranch
7820,"Palmer, Ryan",27,Hillcrest Country Club,sg_app,0.03643035878340897,2004-06-13,-4.106393958359723e-05,921,TPC Craig Ranch
7820,"Palmer, Ryan",745,iberostar real club de golf novo sancti petri,sg_app,0.7349993947091328,2014-08-24,-0.0005050966078655807,921,TPC Craig Ranch
7820,"Palmer, Ryan",348,Medinah Country Club (No. 3),sg_app,1.1650853674566677,2019-08-18,-0.001612222212836082,921,TPC Craig Ranch
7820,"Palmer, Ryan",688,East Lake Golf Club,sg_app,2.1166857051072743,2020-09-07,-0.001714074150775224,921,TPC Craig Ranch
7820,"Palmer, Ryan",891,Winged Foot GC,sg_app,0.7111635699565723,2020-09-20,-0.005022418728722583,921,TPC Craig Ranch
7820,"Palmer, Ryan",882,Caves Valley Golf Club,sg_app,1.688421993568662,2021-08-29,-0.008251802304986048,921,TPC Craig Ranch
7820,"Palmer, Ryan",873,Ridgewood CC,sg_arg,0.9746219381933394,2018-08-26,0.00772001176888808,921,TPC Craig Ranch
7820,"Palmer, Ryan",921,TPC Craig Ranch,sg_arg,8.860531636906348,2025-05-04,0.0048576258228828955,921,TPC Craig Ranch
7820,"Palmer, Ryan",896,Olympia Fields Country Club (North Course),sg_arg,1.4074708370262448,2020-08-30,0.004118388097788396,921,TPC Craig Ranch
7820,"Palmer, Ryan",744,Torrey Pines (South),sg_arg,0.8151747109591491,2021-06-20,0.0038957784888046694,921,TPC Craig Ranch
7820,"Palmer, Ryan",671,Valhalla Golf Club,sg_arg,0.46570372101081386,2014-08-10,0.0036906471241886785,921,TPC Craig Ranch
7820,"Palmer, Ryan",689,El Bosque CC,sg_arg,1.0031428591098606,2016-08-28,0.003463555659461735,921,TPC Craig Ranch
7820,"Palmer, Ryan",660,Montreux Golf & Country Club,sg_arg,1.152915972229429,2019-07-28,0.003227338847523542,921,TPC Craig Ranch
7820,"Palmer, Ryan",505,Cherry Hills CC,sg_arg,0.47226942579898806,2014-09-07,0.0024348775474383752,921,TPC Craig Ranch
7820,"Palmer, Ryan",527,Saucon Valley CC,sg_arg,1.0101894935705078,2016-09-11,0.0020621413077681334,921,TPC Craig Ranch
7820,"Palmer, Ryan",625,LaCantera GC (Resort),sg_arg,0.4259811996043304,2009-05-17,0.0011052972408630147,921,TPC Craig Ranch
7820,"Palmer, Ryan",348,Medinah Country Club (No. 3),sg_arg,1.1650853674566677,2019-08-18,0.0007855142695356714,921,TPC Craig Ranch
7820,"Palmer, Ryan",609,Annandale GC,sg_arg,0.3366310517524035,2008-09-21,0.0004268163401173244,921,TPC Craig Ranch
7820,"Palmer, Ryan",930,Black Desert Resort,sg_arg,1.804253946963033,2025-10-26,0.0003519917438532465,921,TPC Craig Ranch
7820,"Palmer, Ryan",13,Forest Oaks CC,sg_arg,0.13026223879574517,2007-08-19,0.00030555386745854745,921,TPC Craig Ranch
7820,"Palmer, Ryan",723,The Classic Club,sg_arg,0.02931957198869935,2007-01-21,-2.0726522229793702e-05,921,TPC Craig Ranch
7820,"Palmer, Ryan",699,Redstone GC (Fall Creek),sg_arg,0.07819333690554683,2005-04-24,-0.00010960527072101217,921,TPC Craig Ranch
7820,"Palmer, Ryan",789,Conway Farms GC,sg_arg,0.5705208069707626,2015-09-20,-0.00040569636757799434,921,TPC Craig Ranch
7820,"Palmer, Ryan",762,Liberty National GC,sg_arg,0.390938258200872,2013-08-25,-0.0007580982312934567,921,TPC Craig Ranch
7820,"Palmer, Ryan",773,Aronimink GC,sg_arg,0.9814682258117053,2018-09-09,-0.000793115240748659,921,TPC Craig Ranch
7820,"Palmer, Ryan",874,Hamilton Golf & Country Club,sg_arg,3.9199072445729737,2024-06-02,-0.0017656276957187845,921,TPC Craig Ranch
7820,"Palmer, Ryan",21,Colonial Country Club,sg_arg,13.677482091253722,2025-05-25,-0.00233691653136584,921,TPC Craig Ranch
7820,"Palmer, Ryan",243,Trinity Forest Golf Club,sg_arg,1.5733806104490276,2019-05-12,-0.0037413627723563896,921,TPC Craig Ranch
7820,"Palmer, Ryan",886,Liberty National Golf Club,sg_arg,2.0022761195608436,2021-08-22,-0.0038182118371944238,921,TPC Craig Ranch
7820,"Palmer, Ryan",6,Waialae Country Club,sg_arg,13.456904218725855,2025-01-12,-0.004527655902066426,921,TPC Craig Ranch
7820,"Palmer, Ryan",921,TPC Craig Ranch,sg_ott,8.860531636906348,2025-05-04,0.039811687150560084,921,TPC Craig Ranch
7820,"Palmer, Ryan",876,Detroit Golf Club,sg_ott,5.061355061608161,2025-06-29,0.01722042468762329,921,TPC Craig Ranch
7820,"Palmer, Ryan",243,Trinity Forest Golf Club,sg_ott,1.5733806104490276,2019-05-12,0.010153227861707649,921,TPC Craig Ranch
7820,"Palmer, Ryan",714,TPC Louisiana,sg_ott,4.764165019345122,2026-04-26,0.007204839956863208,921,TPC Craig Ranch
7820,"Palmer, Ryan",928,PGA National  - Champion Course,sg_ott,2.937118971207176,2025-03-02,0.007098308173059903,921,TPC Craig Ranch
7820,"Palmer, Ryan",770,TPC San Antonio - The Oaks Course,sg_ott,13.896254751614245,2026-04-05,0.006134145743399177,921,TPC Craig Ranch
7820,"Palmer, Ryan",689,El Bosque CC,sg_ott,1.0031428591098606,2016-08-28,0.006126479573462541,921,TPC Craig Ranch
7820,"Palmer, Ryan",505,Cherry Hills CC,sg_ott,0.47226942579898806,2014-09-07,0.00518707790724414,921,TPC Craig Ranch
7820,"Palmer, Ryan",12,Harbour Town Golf Links,sg_ott,6.5549557262154305,2023-04-16,0.003938269877925493,921,TPC Craig Ranch
7820,"Palmer, Ryan",891,Winged Foot GC,sg_ott,0.7111635699565723,2020-09-20,0.003644713742920733,921,TPC Craig Ranch
7820,"Palmer, Ryan",527,Saucon Valley CC,sg_ott,1.0101894935705078,2016-09-11,0.003573630883256411,921,TPC Craig Ranch
7820,"Palmer, Ryan",781,Plainfield CC,sg_ott,0.7683063436544737,2015-08-30,0.0026387077529743236,921,TPC Craig Ranch
7820,"Palmer, Ryan",21,Colonial Country Club,sg_ott,13.677482091253722,2025-05-25,0.0024054804503956455,921,TPC Craig Ranch
7820,"Palmer, Ryan",4,Torrey Pines Golf Course (South Course),sg_ott,7.455202455218571,2025-01-25,0.0021781716463324177,921,TPC Craig Ranch
7820,"Palmer, Ryan",713,Grayhawk GC (Raptor),sg_ott,0.490395527436897,2009-10-25,0.0018167059951859712,921,TPC Craig Ranch
7820,"Palmer, Ryan",872,Quail Hollow Club,sg_ott,2.297437476392113,2023-05-07,0.001693652559325808,921,TPC Craig Ranch
7820,"Palmer, Ryan",697,Ocean Course at Kiawah Island,sg_ott,0.8038417806220052,2021-05-23,0.0008360369279175785,921,TPC Craig Ranch
7820,"Palmer, Ryan",873,Ridgewood CC,sg_ott,0.9746219381933394,2018-08-26,0.0008336010390089883,921,TPC Craig Ranch
7820,"Palmer, Ryan",772,St. George's G&CC,sg_ott,0.22252726648586346,2010-07-25,0.0006784104794414298,921,TPC Craig Ranch
7820,"Palmer, Ryan",723,The Classic Club,sg_ott,0.02931957198869935,2007-01-21,0.0004054823898846784,921,TPC Craig Ranch
7820,"Palmer, Ryan",698,Quail Hollow Club,sg_ott,0.14054255455439857,2007-05-06,0.00035291974058747165,921,TPC Craig Ranch
7820,"Palmer, Ryan",348,Medinah Country Club (No. 3),sg_ott,1.1650853674566677,2019-08-18,0.00028346874081601204,921,TPC Craig Ranch
7820,"Palmer, Ryan",8,Trump National Doral - Blue Monster Course,sg_ott,0.9752448595583617,2015-03-08,0.00022248817871055838,921,TPC Craig Ranch
7820,"Palmer, Ryan",671,Valhalla Golf Club,sg_ott,0.46570372101081386,2014-08-10,0.0001105971619444256,921,TPC Craig Ranch
7820,"Palmer, Ryan",893,Muirfield Village Golf Club,sg_ott,0.686703394995133,2020-07-12,-0.0001550007366435188,921,TPC Craig Ranch
7820,"Palmer, Ryan",14,Augusta National Golf Club,sg_ott,2.518535089197948,2022-04-10,-0.0002110593073030222,921,TPC Craig Ranch
7820,"Palmer, Ryan",715,Baltusrol GC,sg_ott,0.6678406786681628,2016-07-31,-0.0002327472889995947,921,TPC Craig Ranch
7820,"Palmer, Ryan",5,Pebble Beach Golf Links,sg_ott,2.510220377005621,2023-02-05,-0.0005405523992708772,921,TPC Craig Ranch
7820,"Palmer, Ryan",762,Liberty National GC,sg_ott,0.390938258200872,2013-08-25,-0.0009381826027025655,921,TPC Craig Ranch
7820,"Palmer, Ryan",706,Whistling Straits,sg_ott,0.2803117732316307,2015-08-16,-0.0015254978740110263,921,TPC Craig Ranch
7820,"Palmer, Ryan",744,Torrey Pines (South),sg_ott,0.8151747109591491,2021-06-20,-0.0023277728843575066,921,TPC Craig Ranch
7820,"Palmer, Ryan",977,The Renaissance Club,sg_ott,1.9764342970245667,2022-07-10,-0.0037022172068609774,921,TPC Craig Ranch
7820,"Palmer, Ryan",32,Glen Abbey GC,sg_ott,3.214808004545163,2018-07-29,-0.009207850170369706,921,TPC Craig Ranch
7820,"Palmer, Ryan",895,TPC Harding Park,sg_ott,1.3927697092247904,2020-08-09,-0.00935211075625048,921,TPC Craig Ranch
7820,"Palmer, Ryan",897,Memorial Park Golf Course,sg_ott,7.139813144162619,2025-03-30,-0.010293226232459108,921,TPC Craig Ranch
7820,"Palmer, Ryan",926,Silverado Resort (North Course),sg_ott,4.467238666763336,2025-09-14,-0.011773024268793604,921,TPC Craig Ranch
7820,"Palmer, Ryan",746,The Country Club of Jackson,sg_ott,4.266737535207083,2025-10-05,-0.01434963257290826,921,TPC Craig Ranch
7820,"Palmer, Ryan",921,TPC Craig Ranch,sg_putt,8.860531636906348,2025-05-04,0.021748593520445638,921,TPC Craig Ranch
7820,"Palmer, Ryan",2000,Sherwood Country Club,sg_putt,1.447436934746801,2020-10-25,0.014125029796009636,921,TPC Craig Ranch
7820,"Palmer, Ryan",656,Plantation Course at Kapalua,sg_putt,3.2449502239552297,2021-01-10,0.010424512982399417,921,TPC Craig Ranch
7820,"Palmer, Ryan",873,Ridgewood CC,sg_putt,0.9746219381933394,2018-08-26,0.004202411205906391,921,TPC Craig Ranch
7820,"Palmer, Ryan",713,Grayhawk GC (Raptor),sg_putt,0.490395527436897,2009-10-25,0.00363045068193052,921,TPC Craig Ranch
7820,"Palmer, Ryan",745,iberostar real club de golf novo sancti petri,sg_putt,0.7349993947091328,2014-08-24,0.0035360109334145453,921,TPC Craig Ranch
7820,"Palmer, Ryan",649,Hualalai Golf Course,sg_putt,0.8866100784482758,2015-01-25,0.0004989979852929216,921,TPC Craig Ranch
7820,"Palmer, Ryan",715,Baltusrol GC,sg_putt,0.6678406786681628,2016-07-31,1.3814863663775198e-05,921,TPC Craig Ranch
7820,"Palmer, Ryan",665,Innisbrook Resort and Golf Club - Copperhead Course,sg_putt,6.7520824975512,2024-03-24,-0.0009367575160622523,921,TPC Craig Ranch
7820,"Palmer, Ryan",660,Montreux Golf & Country Club,sg_putt,1.152915972229429,2019-07-28,-0.0010796824663684593,921,TPC Craig Ranch
7820,"Palmer, Ryan",526,Cog Hill G&CC,sg_putt,0.6645306472848587,2011-09-18,-0.001423320958659735,921,TPC Craig Ranch
7820,"Palmer, Ryan",762,Liberty National GC,sg_putt,0.390938258200872,2013-08-25,-0.0036294984497488715,921,TPC Craig Ranch
7820,"Palmer, Ryan",893,Muirfield Village Golf Club,sg_putt,0.686703394995133,2020-07-12,-0.010907673867597764,921,TPC Craig Ranch
7820,"Palmer, Ryan",898,The Concession Golf Club,sg_putt,1.5415591836000346,2021-02-28,-0.014164616808754086,921,TPC Craig Ranch
7820,"Palmer, Ryan",510,TPC Scottsdale (Stadium Course),sg_putt,12.127799160725006,2025-02-09,-0.026721390156888524,921,TPC Craig Ranch
7820,"Palmer, Ryan",4785,doha gc,sg_total,1.9015078573446538,2026-02-08,0.009645742235165618,921,TPC Craig Ranch
7820,"Palmer, Ryan",780,Atlanta Athletic Club,sg_total,0.2697645765950573,2011-08-14,0.0030180620105238784,921,TPC Craig Ranch
7820,"Palmer, Ryan",681,TPC Canyons,sg_total,0.07609425729553815,2007-10-14,0.0016350288947211647,921,TPC Craig Ranch
7820,"Palmer, Ryan",710,CC at Mirasol (Sunset),sg_total,0.15313679680176095,2005-03-13,0.0010551426858722444,921,TPC Craig Ranch
7820,"Palmer, Ryan",102,Bermuda Dunes CC,sg_total,0.1090896131132336,2009-01-25,0.000658393895542404,921,TPC Craig Ranch
7820,"Palmer, Ryan",742,Grand Reserve Golf Club,sg_total,0.14519093075893108,2008-03-23,0.00023146450984617173,921,TPC Craig Ranch
7820,"Palmer, Ryan",613,Cottonwood Valley GC,sg_total,0.07030135741595141,2007-04-29,-0.0002438020169586032,921,TPC Craig Ranch
7820,"Palmer, Ryan",236,Erin Hills,sg_total,0.39225120339697284,2017-06-18,-0.00042912201339707093,921,TPC Craig Ranch
7820,"Palmer, Ryan",244,Puntacana Resort (Corales Golf Course),sg_total,2.7368137016555485,2024-04-21,-0.002552002122501672,921,TPC Craig Ranch
7820,"Palmer, Ryan",818,Chambers Bay GC,sg_total,0.4088578610518003,2015-06-21,-0.0037146836619279355,921,TPC Craig Ranch
13764,"Parry, John",6,Waialae Country Club,sg_arg,3.7632929591040387,2026-01-18,-0.006085726381084063,921,TPC Craig Ranch
13764,"Parry, John",928,PGA National  - Champion Course,sg_ott,3.8431577566092927,2026-03-01,0.02668024748283491,921,TPC Craig Ranch
13764,"Parry, John",977,The Renaissance Club,sg_ott,3.4239483077157167,2025-07-13,-0.005950691842065422,921,TPC Craig Ranch
13764,"Parry, John",770,TPC San Antonio - The Oaks Course,sg_ott,3.9110049487733454,2026-04-05,-0.011525153976334327,921,TPC Craig Ranch
13764,"Parry, John",897,Memorial Park Golf Course,sg_ott,3.8973403584349975,2026-03-29,-0.01669108844289213,921,TPC Craig Ranch
13764,"Parry, John",714,TPC Louisiana,sg_ott,3.952286851447722,2026-04-26,-0.021150986629300424,921,TPC Craig Ranch
13764,"Parry, John",4,Torrey Pines Golf Course (South Course),sg_ott,2.8422963195053947,2026-02-01,-0.024935508573372137,921,TPC Craig Ranch
13764,"Parry, John",510,TPC Scottsdale (Stadium Course),sg_putt,3.8030157146893075,2026-02-08,0.034638969615111835,921,TPC Craig Ranch
13764,"Parry, John",665,Innisbrook Resort and Golf Club - Copperhead Course,sg_putt,3.883723510564777,2026-03-22,-0.006052858849463042,921,TPC Craig Ranch
13764,"Parry, John",4601,old course st andrews,sg_total,0.892704196411185,2025-10-05,0.012462415274271168,921,TPC Craig Ranch
13764,"Parry, John",4175,royal queensland gc,sg_total,2.119741953270274,2022-11-27,0.007547729304004884,921,TPC Craig Ranch
13764,"Parry, John",4592,yas links,sg_total,3.6338560642748248,2025-11-09,0.0045258182742062185,921,TPC Craig Ranch
13764,"Parry, John",3531,himmerland golf & spa resort,sg_total,0.8124461540765495,2017-08-27,0.0037884083371426997,921,TPC Craig Ranch
13764,"Parry, John",4056,frederikshavn golfklub,sg_total,2.0113263118837637,2022-08-14,0.0030633001455975593,921,TPC Craig Ranch
13764,"Parry, John",3540,real club valderrama,sg_total,0.41775805933855387,2017-10-22,0.001027318149816009,921,TPC Craig Ranch
13764,"Parry, John",4603,kingsbarns golf links,sg_total,0.892704196411185,2025-10-05,0.0008102606288654937,921,TPC Craig Ranch
13764,"Parry, John",3495,glendower gc,sg_total,0.7263628185803896,2017-01-15,0.0005540928887132286,921,TPC Craig Ranch
13764,"Parry, John",4585,k club,sg_total,3.5211736633368846,2025-09-07,-0.00014379926503359282,921,TPC Craig Ranch
13764,"Parry, John",3535,dom pedro victoria golf course,sg_total,0.4119501964097669,2017-09-24,-0.0007230961928511568,921,TPC Craig Ranch
13764,"Parry, John",4401,carnoustie,sg_total,0.7441594147231158,2024-10-06,-0.0011533800343340758,921,TPC Craig Ranch
13764,"Parry, John",3500,royal johannesburg east course,sg_total,0.18544443195597088,2017-02-26,-0.0017086695420878723,921,TPC Craig Ranch
13764,"Parry, John",818,Chambers Bay GC,sg_total,0.4088578610518003,2015-06-21,-0.0024129952560329572,921,TPC Craig Ranch
13764,"Parry, John",4201,pgm ishioka gc,sg_total,2.2814115701682156,2023-04-23,-0.003327805833049505,921,TPC Craig Ranch
13764,"Parry, John",4576,argentario gc,sg_total,3.4000643609015926,2025-06-29,-0.004974466031565539,921,TPC Craig Ranch
13764,"Parry, John",4204,bernardus golf,sg_total,2.3216876605629695,2023-05-28,-0.007408362043852662,921,TPC Craig Ranch
13764,"Parry, John",4180,victoria gc,sg_total,1.0635870243433847,2022-12-04,-0.007584701465001629,921,TPC Craig Ranch
13764,"Parry, John",4575,international,sg_total,3.364550459378493,2025-06-08,-0.008791631674286718,921,TPC Craig Ranch
13764,"Parry, John",4482,dlf g&cc player course,sg_total,2.7082274979926586,2024-03-31,-0.00963668512727766,921,TPC Craig Ranch
13764,"Parry, John",4567,royal golf club,sg_total,1.5795613478656054,2025-02-02,-0.011981617431118767,921,TPC Craig Ranch
13764,"Parry, John",4586,wentworth golf club,sg_total,3.5335193635310036,2025-09-14,-0.021741187531107164,921,TPC Craig Ranch
22087,"Paul, Jeremy",934,Hurstbourne Country Club,sg_app,1.7119741538578583,2025-07-13,0.010131677295064687,921,TPC Craig Ranch
22087,"Paul, Jeremy",921,TPC Craig Ranch,sg_app,1.6530915154581125,2025-05-04,-0.057846598938088446,921,TPC Craig Ranch
22087,"Paul, Jeremy",930,Black Desert Resort,sg_arg,3.608507893926066,2025-10-26,0.016562322712208033,921,TPC Craig Ranch
22087,"Paul, Jeremy",921,TPC Craig Ranch,sg_arg,1.6530915154581125,2025-05-04,-0.00819760297578747,921,TPC Craig Ranch
22087,"Paul, Jeremy",21,Colonial Country Club,sg_arg,3.341080845645088,2025-05-25,-0.023385696727952397,921,TPC Craig Ranch
22087,"Paul, Jeremy",921,TPC Craig Ranch,sg_ott,1.6530915154581125,2025-05-04,0.03143282250201641,921,TPC Craig Ranch
22087,"Paul, Jeremy",714,TPC Louisiana,sg_ott,3.6234592342610146,2026-04-26,0.011618917698779645,921,TPC Craig Ranch
22087,"Paul, Jeremy",746,The Country Club of Jackson,sg_ott,3.57081678564474,2025-10-05,0.010852814463661261,921,TPC Craig Ranch
22087,"Paul, Jeremy",4,Torrey Pines Golf Course (South Course),sg_ott,0.9474321065017983,2026-02-01,0.006096190156569795,921,TPC Craig Ranch
22087,"Paul, Jeremy",897,Memorial Park Golf Course,sg_ott,1.624414073423878,2025-03-30,0.003684934860864766,921,TPC Craig Ranch
22087,"Paul, Jeremy",928,PGA National  - Champion Course,sg_ott,1.6018307286693183,2025-03-02,-0.0012756711801963218,921,TPC Craig Ranch
22087,"Paul, Jeremy",770,TPC San Antonio - The Oaks Course,sg_ott,1.6301094838350174,2025-04-06,-0.0041134407897485134,921,TPC Craig Ranch
22087,"Paul, Jeremy",21,Colonial Country Club,sg_ott,3.341080845645088,2025-05-25,-0.008581194064677451,921,TPC Craig Ranch
22087,"Paul, Jeremy",876,Detroit Golf Club,sg_ott,1.7000321804507963,2025-06-29,-0.013622918865190755,921,TPC Craig Ranch
22087,"Paul, Jeremy",926,Silverado Resort (North Course),sg_ott,1.7667596817655018,2025-09-14,-0.01451424540202014,921,TPC Craig Ranch
22087,"Paul, Jeremy",921,TPC Craig Ranch,sg_putt,1.6530915154581125,2025-05-04,0.027115716137252756,921,TPC Craig Ranch
22087,"Paul, Jeremy",665,Innisbrook Resort and Golf Club - Copperhead Course,sg_putt,5.179338879493292,2026-03-22,0.01499407705893732,921,TPC Craig Ranch
22087,"Paul, Jeremy",244,Puntacana Resort (Corales Golf Course),sg_total,3.283120562510899,2025-04-20,0.019440480605440093,921,TPC Craig Ranch
22087,"Paul, Jeremy",61,Country Club at Golden Nugget,sg_total,1.875348223014645,2022-03-27,0.005044605166593856,921,TPC Craig Ranch
22087,"Paul, Jeremy",809,Country Club de Bogota-Pacos,sg_total,1.2114063756184064,2024-02-11,0.002953831204989499,921,TPC Craig Ranch
22087,"Paul, Jeremy",62,The Ledges,sg_total,3.053160912397404,2023-04-30,0.0014665888011070067,921,TPC Craig Ranch
22087,"Paul, Jeremy",803,University Ridge GC,sg_total,0.19339897420195362,2017-05-21,0.001101355965997725,921,TPC Craig Ranch
22087,"Paul, Jeremy",630,Fox Den CC,sg_total,0.4048037814847234,2017-08-20,0.00014558343087644237,921,TPC Craig Ranch
22087,"Paul, Jeremy",4582,furesø golf klub,sg_total,3.4843947669831934,2025-08-17,-0.01268703930389365,921,TPC Craig Ranch
22087,"Paul, Jeremy",98,PGA Riviera Maya,sg_total,1.9692390135034659,2026-04-19,-0.02517970151484103,921,TPC Craig Ranch
19960,"Pavon, Matthieu",379,The Philadelphia Cricket Club (Wissahickon Course),sg_app,3.3177749455416157,2025-05-11,0.029964953466427635,921,TPC Craig Ranch
19960,"Pavon, Matthieu",406,Castle Pines Golf Club,sg_app,2.914780046239138,2024-08-25,0.0012059867932120944,921,TPC Craig Ranch
19960,"Pavon, Matthieu",5,Pebble Beach Golf Links,sg_app,3.6860664786480624,2025-02-02,-0.0013332716471262452,921,TPC Craig Ranch
19960,"Pavon, Matthieu",656,Plantation Course at Kapalua,sg_app,3.1152031322856195,2025-01-05,-0.026460559880652414,921,TPC Craig Ranch
19960,"Pavon, Matthieu",709,Royal Troon,sg_app,2.864215128908834,2024-07-21,-0.031726308663898806,921,TPC Craig Ranch
19960,"Pavon, Matthieu",6,Waialae Country Club,sg_arg,6.369235321320765,2026-01-18,0.014043911781308534,921,TPC Craig Ranch
19960,"Pavon, Matthieu",933,East Lake Golf Club,sg_arg,2.924999650275528,2024-09-01,0.007423397337764518,921,TPC Craig Ranch
19960,"Pavon, Matthieu",671,Valhalla Golf Club,sg_arg,1.3876992786253213,2024-05-19,0.0032742248079780157,921,TPC Craig Ranch
19960,"Pavon, Matthieu",406,Castle Pines Golf Club,sg_arg,2.914780046239138,2024-08-25,-0.011849004979273244,921,TPC Craig Ranch
19960,"Pavon, Matthieu",5,Pebble Beach Golf Links,sg_ott,3.6860664786480624,2025-02-02,0.02034543438794882,921,TPC Craig Ranch
19960,"Pavon, Matthieu",746,The Country Club of Jackson,sg_ott,1.78540839282237,2025-10-05,0.019013828331068895,921,TPC Craig Ranch
19960,"Pavon, Matthieu",14,Augusta National Golf Club,sg_ott,4.363076460251681,2025-04-13,0.016643105519321712,921,TPC Craig Ranch
19960,"Pavon, Matthieu",12,Harbour Town Golf Links,sg_ott,6.019934264166448,2025-04-20,0.010721251788187135,921,TPC Craig Ranch
19960,"Pavon, Matthieu",241,Quail Hollow-PGA Championship,sg_ott,3.329407502951579,2025-05-18,0.007473201749898604,921,TPC Craig Ranch
19960,"Pavon, Matthieu",770,TPC San Antonio - The Oaks Course,sg_ott,1.9555024743866727,2026-04-05,0.007341031738087917,921,TPC Craig Ranch
19960,"Pavon, Matthieu",528,Pinehurst Resort & Country Club (Course No. 2),sg_ott,2.814527399847991,2024-06-16,0.007063014164065283,921,TPC Craig Ranch
19960,"Pavon, Matthieu",4,Torrey Pines Golf Course (South Course),sg_ott,5.5961262987522735,2026-02-01,0.005121145624827937,921,TPC Craig Ranch
19960,"Pavon, Matthieu",928,PGA National  - Champion Course,sg_ott,9.717395699023644,2026-03-01,0.0030462898124589163,921,TPC Craig Ranch
19960,"Pavon, Matthieu",714,TPC Louisiana,sg_ott,5.599602659984876,2026-04-26,-0.0032794515348184886,921,TPC Craig Ranch
19960,"Pavon, Matthieu",379,The Philadelphia Cricket Club (Wissahickon Course),sg_ott,3.3177749455416157,2025-05-11,-0.007451053492605509,921,TPC Craig Ranch
19960,"Pavon, Matthieu",933,East Lake Golf Club,sg_ott,2.924999650275528,2024-09-01,-0.008065296577872388,921,TPC Craig Ranch
19960,"Pavon, Matthieu",671,Valhalla Golf Club,sg_ott,1.3876992786253213,2024-05-19,-0.011175335052655005,921,TPC Craig Ranch
19960,"Pavon, Matthieu",250,Le Golf National,sg_ott,2.884334972106428,2024-08-04,-0.012928175169819988,921,TPC Craig Ranch
19960,"Pavon, Matthieu",897,Memorial Park Golf Course,sg_ott,3.8973403584349975,2026-03-29,-0.01663329612647514,921,TPC Craig Ranch
19960,"Pavon, Matthieu",205,Spyglass Hill Golf Course,sg_ott,0.7897806739328027,2025-02-02,-0.01670850426564313,921,TPC Craig Ranch
19960,"Pavon, Matthieu",872,Quail Hollow Club,sg_ott,2.765701641801234,2024-05-12,-0.017370009102939087,921,TPC Craig Ranch
19960,"Pavon, Matthieu",977,The Renaissance Club,sg_ott,3.1390781032708635,2025-07-13,-0.04461931619748496,921,TPC Craig Ranch
19960,"Pavon, Matthieu",665,Innisbrook Resort and Golf Club - Copperhead Course,sg_putt,7.121200634775681,2026-03-22,0.05238229629571324,921,TPC Craig Ranch
19960,"Pavon, Matthieu",709,Royal Troon,sg_putt,2.864215128908834,2024-07-21,0.017299156403670055,921,TPC Craig Ranch
19960,"Pavon, Matthieu",510,TPC Scottsdale (Stadium Course),sg_putt,5.071706854731766,2026-02-08,0.014292187730322642,921,TPC Craig Ranch
19960,"Pavon, Matthieu",656,Plantation Course at Kapalua,sg_putt,3.1152031322856195,2025-01-05,0.004566506655099079,921,TPC Craig Ranch
19960,"Pavon, Matthieu",406,Castle Pines Golf Club,sg_putt,2.914780046239138,2024-08-25,-0.009706428885798025,921,TPC Craig Ranch
19960,"Pavon, Matthieu",232,Albany GC,sg_putt,3.0718941586268245,2024-12-08,-0.024522449067942143,921,TPC Craig Ranch
19960,"Pavon, Matthieu",3900,emirates gc,sg_total,1.2627531300503232,2020-01-26,0.010332779036622976,921,TPC Craig Ranch
19960,"Pavon, Matthieu",3513,regnum carya golf & spa resort,sg_total,0.8413852495001302,2017-11-05,0.006878537373333366,921,TPC Craig Ranch
19960,"Pavon, Matthieu",4200,yas links,sg_total,2.179933476830192,2023-01-22,0.005220901786026575,921,TPC Craig Ranch
19960,"Pavon, Matthieu",3514,gary player cc,sg_total,0.844335257375697,2017-11-12,0.003567038558453508,921,TPC Craig Ranch
19960,"Pavon, Matthieu",3638,saujana g&cc,sg_total,1.9630755059685034,2019-03-24,0.0034648223080460372,921,TPC Craig Ranch
19960,"Pavon, Matthieu",3662,hills golf & sports club,sg_total,0.9712167240106379,2018-08-19,0.002997409460290028,921,TPC Craig Ranch
19960,"Pavon, Matthieu",3798,kingsbarns golf links,sg_total,0.2974527173217405,2019-09-29,0.0026821776770729966,921,TPC Craig Ranch
19960,"Pavon, Matthieu",3670,kingsbarns golf links,sg_total,0.24882635382318666,2018-10-07,0.0016455527080671598,921,TPC Craig Ranch
19960,"Pavon, Matthieu",4074,pga national cyprus course,sg_total,0.7288022691925407,2020-11-08,0.0015663001128521637,921,TPC Craig Ranch
19960,"Pavon, Matthieu",3671,carnoustie,sg_total,0.24882635382318666,2018-10-07,0.0013813363744562333,921,TPC Craig Ranch
19960,"Pavon, Matthieu",3797,old course st andrews,sg_total,0.594905434643481,2019-09-29,0.001290873644841342,921,TPC Craig Ranch
19960,"Pavon, Matthieu",3899,abu dhabi gc,sg_total,1.2583412194425352,2020-01-19,0.0012469622623083505,921,TPC Craig Ranch
19960,"Pavon, Matthieu",3779,royal golf dar es salam red course,sg_total,1.1016338115835225,2019-04-28,0.0008065605068288358,921,TPC Craig Ranch
19960,"Pavon, Matthieu",3535,dom pedro victoria golf course,sg_total,0.8239003928195338,2017-09-24,0.0006996436851410734,921,TPC Craig Ranch
19960,"Pavon, Matthieu",4204,bernardus golf,sg_total,2.3216876605629695,2023-05-28,0.0005499897996340731,921,TPC Craig Ranch
19960,"Pavon, Matthieu",3793,crans-sur-sierre gc,sg_total,0.5866347881705672,2019-09-01,0.0004241969884870344,921,TPC Craig Ranch
19960,"Pavon, Matthieu",3765,randpark gc firethorn course,sg_total,0.25678913942997755,2018-12-09,0.0002522972810940011,921,TPC Craig Ranch
19960,"Pavon, Matthieu",3495,glendower gc,sg_total,0.3631814092901948,2017-01-15,0.00020248051017250114,921,TPC Craig Ranch
19960,"Pavon, Matthieu",4201,pgm ishioka gc,sg_total,2.2814115701682156,2023-04-23,0.00010774986907003748,921,TPC Craig Ranch
19960,"Pavon, Matthieu",3658,green eagle golf courses,sg_total,0.9610722998371628,2018-07-29,-0.00035624349085647435,921,TPC Craig Ranch
19960,"Pavon, Matthieu",3666,dutch,sg_total,0.4924546915572394,2018-09-16,-0.0005773913212669627,921,TPC Craig Ranch
19960,"Pavon, Matthieu",3782,himmerland golf & spa resort,sg_total,0.5585825753206938,2019-05-26,-0.0007741664873345,921,TPC Craig Ranch
19960,"Pavon, Matthieu",3948,club de campo villa de madrid,sg_total,0.8621268861510576,2021-10-10,-0.0008985383960618405,921,TPC Craig Ranch
19960,"Pavon, Matthieu",4401,carnoustie,sg_total,0.7441594147231158,2024-10-06,-0.0009564203002783823,921,TPC Craig Ranch
19960,"Pavon, Matthieu",3731,centro nacional de golf,sg_total,0.4559588022737643,2018-04-15,-0.0009804497634810342,921,TPC Craig Ranch
19960,"Pavon, Matthieu",3531,himmerland golf & spa resort,sg_total,0.8124461540765495,2017-08-27,-0.0016421597263799079,921,TPC Craig Ranch
19960,"Pavon, Matthieu",3511,wentworth golf club,sg_total,0.7763082262543376,2017-05-28,-0.0019333445963156596,921,TPC Craig Ranch
19960,"Pavon, Matthieu",3498,emirates gc,sg_total,0.3670149047185663,2017-02-05,-0.0019479708542835096,921,TPC Craig Ranch
19960,"Pavon, Matthieu",4177,houghton gc,sg_total,0.7600638626419282,2021-01-31,-0.002210651998725708,921,TPC Craig Ranch
19960,"Pavon, Matthieu",3500,royal johannesburg east course,sg_total,0.37088886391194176,2017-02-26,-0.002211363812119985,921,TPC Craig Ranch
19960,"Pavon, Matthieu",3890,leopard creek cc,sg_total,2.700876472257448,2020-11-29,-0.0024787123563906745,921,TPC Craig Ranch
19960,"Pavon, Matthieu",3946,marco simone gc,sg_total,0.8471709121033048,2021-09-05,-0.002506747605133589,921,TPC Craig Ranch
19960,"Pavon, Matthieu",3898,randpark gc firethorn course,sg_total,0.733921782468693,2020-11-22,-0.0026003625854728505,921,TPC Craig Ranch
19960,"Pavon, Matthieu",3937,real club valderrama,sg_total,0.706202807890536,2020-09-06,-0.0026881108083740175,921,TPC Craig Ranch
19960,"Pavon, Matthieu",3648,royal golf dar es salam red course,sg_total,0.45755745409044485,2018-04-22,-0.0027437899456273685,921,TPC Craig Ranch
19960,"Pavon, Matthieu",3675,gary player cc,sg_total,1.012876559141098,2018-11-11,-0.0028767118009664257,921,TPC Craig Ranch
19960,"Pavon, Matthieu",3538,kingsbarns golf links,sg_total,0.20742198207776844,2017-10-08,-0.0030829734761814377,921,TPC Craig Ranch
19960,"Pavon, Matthieu",4192,carnoustie,sg_total,0.5153031039951417,2022-10-02,-0.0031844293178100707,921,TPC Craig Ranch
19960,"Pavon, Matthieu",3878,wentworth golf club,sg_total,0.8501412052765458,2021-09-12,-0.0032319140385613583,921,TPC Craig Ranch
19960,"Pavon, Matthieu",3637,emirates gc,sg_total,0.6581070234045143,2018-01-28,-0.0035845701494119976,921,TPC Craig Ranch
19960,"Pavon, Matthieu",4010,crans-sur-sierre gc,sg_total,2.0254549887439106,2022-08-28,-0.003743437844585107,921,TPC Craig Ranch
19960,"Pavon, Matthieu",4108,infinitum golf lakes course,sg_total,0.9508938714660958,2022-04-24,-0.004434324222647419,921,TPC Craig Ranch
19960,"Pavon, Matthieu",3649,rinkven international gc,sg_total,0.4640083090689401,2018-05-20,-0.004525457087048425,921,TPC Craig Ranch
19960,"Pavon, Matthieu",3867,mount juliet estate,sg_total,0.8209009523987683,2021-07-04,-0.004546733612525876,921,TPC Craig Ranch
19960,"Pavon, Matthieu",4017,real club valderrama,sg_total,1.0378457603178808,2022-10-16,-0.004917199613525011,921,TPC Craig Ranch
19960,"Pavon, Matthieu",3773,al mouj golf,sg_total,0.5356079514293669,2019-03-03,-0.005185196646519702,921,TPC Craig Ranch
19960,"Pavon, Matthieu",4056,frederikshavn golfklub,sg_total,1.4074708370262448,2020-08-30,-0.006218957519161521,921,TPC Craig Ranch
19960,"Pavon, Matthieu",4183,mont choisy le golf,sg_total,4.284233009216647,2022-12-18,-0.007197583228735995,921,TPC Craig Ranch
19960,"Pavon, Matthieu",3774,doha gc,sg_total,0.5374858636887887,2019-03-10,-0.013199912449461858,921,TPC Craig Ranch
19960,"Pavon, Matthieu",3796,wentworth golf club,sg_total,1.1856538103412764,2019-09-22,-0.017637305892405412,921,TPC Craig Ranch
19960,"Pavon, Matthieu",4586,wentworth golf club,sg_total,3.5335193635310036,2025-09-14,-0.020089196564496262,921,TPC Craig Ranch
17780,"Pendrith, Taylor",921,TPC Craig Ranch,sg_app,4.4091301216896355,2025-05-04,0.027932346527831838,921,TPC Craig Ranch
17780,"Pendrith, Taylor",656,Plantation Course at Kapalua,sg_app,3.1152031322856195,2025-01-05,0.017226384204757344,921,TPC Craig Ranch
17780,"Pendrith, Taylor",5,Pebble Beach Golf Links,sg_app,7.244207717725041,2026-02-15,0.007625292669329321,921,TPC Craig Ranch
17780,"Pendrith, Taylor",406,Castle Pines Golf Club,sg_app,2.914780046239138,2024-08-25,-0.0024754223991702196,921,TPC Craig Ranch
17780,"Pendrith, Taylor",514,Oak Hill Country Club,sg_app,2.3135759575120334,2023-05-21,-0.002791422452569129,921,TPC Craig Ranch
17780,"Pendrith, Taylor",882,Caves Valley Golf Club,sg_app,3.4843947669831934,2025-08-17,-0.02741490619586279,921,TPC Craig Ranch
17780,"Pendrith, Taylor",379,The Philadelphia Cricket Club (Wissahickon Course),sg_app,3.3177749455416157,2025-05-11,-0.04866112147005191,921,TPC Craig Ranch
17780,"Pendrith, Taylor",921,TPC Craig Ranch,sg_arg,4.4091301216896355,2025-05-04,0.028198443560441915,921,TPC Craig Ranch
17780,"Pendrith, Taylor",6,Waialae Country Club,sg_arg,10.400783968224756,2026-01-18,0.014318538236482263,921,TPC Craig Ranch
17780,"Pendrith, Taylor",406,Castle Pines Golf Club,sg_arg,2.914780046239138,2024-08-25,0.009781944481949715,921,TPC Craig Ranch
17780,"Pendrith, Taylor",671,Valhalla Golf Club,sg_arg,1.3876992786253213,2024-05-19,0.0015410826903900835,921,TPC Craig Ranch
17780,"Pendrith, Taylor",874,Hamilton Golf & Country Club,sg_arg,2.7948945033543784,2024-06-02,-0.004696585442143218,921,TPC Craig Ranch
17780,"Pendrith, Taylor",933,East Lake Golf Club,sg_arg,2.924999650275528,2024-09-01,-0.010764633383336934,921,TPC Craig Ranch
17780,"Pendrith, Taylor",921,TPC Craig Ranch,sg_ott,4.4091301216896355,2025-05-04,0.03590006678163202,921,TPC Craig Ranch
17780,"Pendrith, Taylor",241,Quail Hollow-PGA Championship,sg_ott,3.329407502951579,2025-05-18,0.03163164399700923,921,TPC Craig Ranch
17780,"Pendrith, Taylor",5,Pebble Beach Golf Links,sg_ott,7.244207717725041,2026-02-15,0.024675097642722826,921,TPC Craig Ranch
17780,"Pendrith, Taylor",8,Trump National Doral - Blue Monster Course,sg_ott,3.966144091451867,2026-05-03,0.019496599086307485,921,TPC Craig Ranch
17780,"Pendrith, Taylor",977,The Renaissance Club,sg_ott,3.4239483077157167,2025-07-13,0.011228162489161643,921,TPC Craig Ranch
17780,"Pendrith, Taylor",872,Quail Hollow Club,sg_ott,7.89447029676802,2026-05-10,0.00807702315092937,921,TPC Craig Ranch
17780,"Pendrith, Taylor",928,PGA National  - Champion Course,sg_ott,2.937118971207176,2025-03-02,0.007991506569247948,921,TPC Craig Ranch
17780,"Pendrith, Taylor",714,TPC Louisiana,sg_ott,4.257554995892077,2026-04-26,0.007953892374598261,921,TPC Craig Ranch
17780,"Pendrith, Taylor",876,Detroit Golf Club,sg_ott,7.194269185112369,2024-06-30,0.0060962210674243775,921,TPC Craig Ranch
17780,"Pendrith, Taylor",528,Pinehurst Resort & Country Club (Course No. 2),sg_ott,2.814527399847991,2024-06-16,0.005034289684568421,921,TPC Craig Ranch
17780,"Pendrith, Taylor",933,East Lake Golf Club,sg_ott,2.924999650275528,2024-09-01,0.0035097755031911026,921,TPC Craig Ranch
17780,"Pendrith, Taylor",901,Wilmington Country Club,sg_ott,2.0183782877342047,2022-08-21,0.0026468647465378568,921,TPC Craig Ranch
17780,"Pendrith, Taylor",14,Augusta National Golf Club,sg_ott,1.6358248631077188,2025-04-13,0.002506549332797497,921,TPC Craig Ranch
17780,"Pendrith, Taylor",514,Oak Hill Country Club,sg_ott,2.3135759575120334,2023-05-21,0.0017892774626948969,921,TPC Craig Ranch
17780,"Pendrith, Taylor",671,Valhalla Golf Club,sg_ott,1.3876992786253213,2024-05-19,0.0017004115498772648,921,TPC Craig Ranch
17780,"Pendrith, Taylor",897,Memorial Park Golf Course,sg_ott,10.88802828966227,2026-03-29,0.0005916881711089198,921,TPC Craig Ranch
17780,"Pendrith, Taylor",4,Torrey Pines Golf Course (South Course),sg_ott,8.281371560668688,2026-02-01,-0.00018230338053146732,921,TPC Craig Ranch
17780,"Pendrith, Taylor",926,Silverado Resort (North Course),sg_ott,1.2277057460856342,2023-09-17,-0.002072623303824274,921,TPC Craig Ranch
17780,"Pendrith, Taylor",379,The Philadelphia Cricket Club (Wissahickon Course),sg_ott,3.3177749455416157,2025-05-11,-0.004752133063017294,921,TPC Craig Ranch
17780,"Pendrith, Taylor",746,The Country Club of Jackson,sg_ott,1.7182294328429566,2021-10-03,-0.0064596568126962725,921,TPC Craig Ranch
17780,"Pendrith, Taylor",770,TPC San Antonio - The Oaks Course,sg_ott,2.4876524869879892,2024-04-07,-0.009051236732901532,921,TPC Craig Ranch
17780,"Pendrith, Taylor",205,Spyglass Hill Golf Course,sg_ott,1.7438680715231738,2026-02-15,-0.013862727742475926,921,TPC Craig Ranch
17780,"Pendrith, Taylor",12,Harbour Town Golf Links,sg_ott,8.358318883032911,2026-04-19,-0.018164843403545263,921,TPC Craig Ranch
17780,"Pendrith, Taylor",406,Castle Pines Golf Club,sg_putt,2.914780046239138,2024-08-25,0.01779386223129657,921,TPC Craig Ranch
17780,"Pendrith, Taylor",921,TPC Craig Ranch,sg_putt,4.4091301216896355,2025-05-04,0.00405696006114239,921,TPC Craig Ranch
17780,"Pendrith, Taylor",510,TPC Scottsdale (Stadium Course),sg_putt,2.202943368867108,2023-02-12,0.0009323604388139343,921,TPC Craig Ranch
17780,"Pendrith, Taylor",656,Plantation Course at Kapalua,sg_putt,3.1152031322856195,2025-01-05,-0.0057502604444873845,921,TPC Craig Ranch
17780,"Pendrith, Taylor",665,Innisbrook Resort and Golf Club - Copperhead Course,sg_putt,3.291244390436133,2026-03-22,-0.025620410072269194,921,TPC Craig Ranch
17780,"Pendrith, Taylor",67,The King & Bear Course at WGV,sg_total,1.3583821025797564,2020-06-20,0.01917457718852904,921,TPC Craig Ranch
17780,"Pendrith, Taylor",65,TPC San Antonio-AT&T Oaks,sg_total,1.37753319687576,2020-07-18,0.015501247624658262,921,TPC Craig Ranch
17780,"Pendrith, Taylor",809,Country Club de Bogota-Pacos,sg_total,0.3179058529315635,2020-02-09,0.0017720713994245354,921,TPC Craig Ranch
17780,"Pendrith, Taylor",811,Paiute Golf Resort - Sun Mt GC,sg_total,0.7898969228492065,2021-04-18,-0.00543061095264911,921,TPC Craig Ranch
17780,"Pendrith, Taylor",742,Grand Reserve Golf Club,sg_total,2.0752957839740827,2021-02-28,-0.0077667521909004075,921,TPC Craig Ranch
17780,"Pendrith, Taylor",62,The Ledges,sg_total,1.5908911980373366,2021-05-02,-0.009716488299042128,921,TPC Craig Ranch
17780,"Pendrith, Taylor",244,Puntacana Resort (Corales Golf Course),sg_total,6.549800840902581,2024-04-21,-0.011129367375832382,921,TPC Craig Ranch
16341,"Peterson, Paul",921,TPC Craig Ranch,sg_app,1.6530915154581125,2025-05-04,0.047774183374663146,921,TPC Craig Ranch
16341,"Peterson, Paul",934,Hurstbourne Country Club,sg_app,3.4239483077157167,2025-07-13,0.028131573871382026,921,TPC Craig Ranch
16341,"Peterson, Paul",930,Black Desert Resort,sg_arg,3.608507893926066,2025-10-26,0.003618892397667136,921,TPC Craig Ranch
16341,"Peterson, Paul",921,TPC Craig Ranch,sg_arg,1.6530915154581125,2025-05-04,-0.0002960609995673178,921,TPC Craig Ranch
16341,"Peterson, Paul",926,Silverado Resort (North Course),sg_ott,1.7667596817655018,2025-09-14,0.014040763686417011,921,TPC Craig Ranch
16341,"Peterson, Paul",928,PGA National  - Champion Course,sg_ott,1.6018307286693183,2025-03-02,0.010841047759589025,921,TPC Craig Ranch
16341,"Peterson, Paul",746,The Country Club of Jackson,sg_ott,1.78540839282237,2025-10-05,0.008430732146677073,921,TPC Craig Ranch
16341,"Peterson, Paul",770,TPC San Antonio - The Oaks Course,sg_ott,1.6301094838350174,2025-04-06,-0.00045749501108973355,921,TPC Craig Ranch
16341,"Peterson, Paul",4,Torrey Pines Golf Course (South Course),sg_ott,0.7866278610665535,2025-01-25,-0.003479744890527653,921,TPC Craig Ranch
16341,"Peterson, Paul",897,Memorial Park Golf Course,sg_ott,1.624414073423878,2025-03-30,-0.004674664703117901,921,TPC Craig Ranch
16341,"Peterson, Paul",876,Detroit Golf Club,sg_ott,3.4000643609015926,2025-06-29,-0.00960570028888195,921,TPC Craig Ranch
16341,"Peterson, Paul",714,TPC Louisiana,sg_ott,5.270775042798169,2026-04-26,-0.012189531017820374,921,TPC Craig Ranch
16341,"Peterson, Paul",921,TPC Craig Ranch,sg_ott,1.6530915154581125,2025-05-04,-0.031754559474317386,921,TPC Craig Ranch
16341,"Peterson, Paul",921,TPC Craig Ranch,sg_putt,1.6530915154581125,2025-05-04,-0.012450179151577428,921,TPC Craig Ranch
16341,"Peterson, Paul",665,Innisbrook Resort and Golf Club - Copperhead Course,sg_putt,3.5606003173878404,2026-03-22,-0.024744991243428792,921,TPC Craig Ranch
16341,"Peterson, Paul",67,The King & Bear Course at WGV,sg_total,1.3583821025797564,2020-06-20,0.010678612407010022,921,TPC Craig Ranch
16341,"Peterson, Paul",3511,wentworth golf club,sg_total,1.5526164525086752,2017-05-28,0.006495262787193151,921,TPC Craig Ranch
16341,"Peterson, Paul",3670,kingsbarns golf links,sg_total,0.24882635382318666,2018-10-07,0.0031125365279279266,921,TPC Craig Ranch
16341,"Peterson, Paul",3638,saujana g&cc,sg_total,2.494947293567262,2019-03-24,0.0022178246431023554,921,TPC Craig Ranch
16341,"Peterson, Paul",3540,real club valderrama,sg_total,0.8355161186771077,2017-10-22,0.0010492912639650366,921,TPC Craig Ranch
16341,"Peterson, Paul",3531,himmerland golf & spa resort,sg_total,0.8124461540765495,2017-08-27,0.0006211679672209243,921,TPC Craig Ranch
16341,"Peterson, Paul",3666,dutch,sg_total,0.9849093831144788,2018-09-16,0.0005632825202814592,921,TPC Craig Ranch
16341,"Peterson, Paul",3541,topwin golf & cc,sg_total,0.7655156355004604,2017-04-30,0.0002146464618484668,921,TPC Craig Ranch
16341,"Peterson, Paul",3662,hills golf & sports club,sg_total,0.9712167240106379,2018-08-19,3.433428768830796e-05,921,TPC Craig Ranch
16341,"Peterson, Paul",3498,emirates gc,sg_total,0.3670149047185663,2017-02-05,3.416875513145494e-05,921,TPC Craig Ranch
16341,"Peterson, Paul",4192,carnoustie,sg_total,0.5153031039951417,2022-10-02,-0.00011898812125474461,921,TPC Craig Ranch
16341,"Peterson, Paul",3671,carnoustie,sg_total,0.24882635382318666,2018-10-07,-0.00042466866168793004,921,TPC Craig Ranch
16341,"Peterson, Paul",3500,royal johannesburg east course,sg_total,0.37088886391194176,2017-02-26,-0.0012748486139149988,921,TPC Craig Ranch
16341,"Peterson, Paul",3535,dom pedro victoria golf course,sg_total,0.4119501964097669,2017-09-24,-0.001430029303100402,921,TPC Craig Ranch
16341,"Peterson, Paul",3538,kingsbarns golf links,sg_total,0.20742198207776844,2017-10-08,-0.0020985211287175886,921,TPC Craig Ranch
16341,"Peterson, Paul",3765,randpark gc firethorn course,sg_total,0.25678913942997755,2018-12-09,-0.0025138163355001844,921,TPC Craig Ranch
16341,"Peterson, Paul",62,The Ledges,sg_total,1.7170578754698997,2023-04-30,-0.0025141282976424277,921,TPC Craig Ranch
16341,"Peterson, Paul",3658,green eagle golf courses,sg_total,0.4805361499185814,2018-07-29,-0.0029631593705768625,921,TPC Craig Ranch
16341,"Peterson, Paul",244,Puntacana Resort (Corales Golf Course),sg_total,1.6415602812554495,2025-04-20,-0.007175905331942694,921,TPC Craig Ranch
16341,"Peterson, Paul",809,Country Club de Bogota-Pacos,sg_total,1.2114063756184064,2024-02-11,-0.008029796010543535,921,TPC Craig Ranch
16341,"Peterson, Paul",98,PGA Riviera Maya,sg_total,1.9692390135034659,2026-04-19,-0.009424945082022745,921,TPC Craig Ranch
27164,"Phillips, Chandler",921,TPC Craig Ranch,sg_app,4.684202334031987,2025-05-04,0.04848637725821163,921,TPC Craig Ranch
27164,"Phillips, Chandler",934,Hurstbourne Country Club,sg_app,1.7119741538578583,2025-07-13,-0.0031403015835942834,921,TPC Craig Ranch
27164,"Phillips, Chandler",875,ACCORDIA GOLF Narashino Country Club,sg_app,3.0080570172775305,2024-10-27,-0.02336949238597305,921,TPC Craig Ranch
27164,"Phillips, Chandler",921,TPC Craig Ranch,sg_arg,4.684202334031987,2025-05-04,0.014755689775722506,921,TPC Craig Ranch
27164,"Phillips, Chandler",21,Colonial Country Club,sg_arg,4.4556698941896276,2025-05-25,0.004732180956130319,921,TPC Craig Ranch
27164,"Phillips, Chandler",930,Black Desert Resort,sg_arg,3.2977910189097472,2025-10-26,-0.0013567087951522805,921,TPC Craig Ranch
27164,"Phillips, Chandler",874,Hamilton Golf & Country Club,sg_arg,2.7948945033543784,2024-06-02,-0.00300042036370778,921,TPC Craig Ranch
27164,"Phillips, Chandler",6,Waialae Country Club,sg_arg,5.326355682178048,2026-01-18,-0.012232025970064836,921,TPC Craig Ranch
27164,"Phillips, Chandler",770,TPC San Antonio - The Oaks Course,sg_ott,8.530085367192653,2026-04-05,0.025039166113018325,921,TPC Craig Ranch
27164,"Phillips, Chandler",876,Detroit Golf Club,sg_ott,6.234362569648931,2025-06-29,0.02305130004255911,921,TPC Craig Ranch
27164,"Phillips, Chandler",977,The Renaissance Club,sg_ott,1.427103949413005,2024-07-14,0.020282499016175674,921,TPC Craig Ranch
27164,"Phillips, Chandler",746,The Country Club of Jackson,sg_ott,6.547454444537204,2025-10-05,0.016944764612628286,921,TPC Craig Ranch
27164,"Phillips, Chandler",926,Silverado Resort (North Course),sg_ott,4.712306159589902,2025-09-14,0.014553797302181712,921,TPC Craig Ranch
27164,"Phillips, Chandler",12,Harbour Town Golf Links,sg_ott,2.7368137016555485,2024-04-21,0.010451174058932339,921,TPC Craig Ranch
27164,"Phillips, Chandler",21,Colonial Country Club,sg_ott,4.4556698941896276,2025-05-25,0.0028259475728098058,921,TPC Craig Ranch
27164,"Phillips, Chandler",928,PGA National  - Champion Course,sg_ott,6.11263260654754,2026-03-01,0.0010683713963205751,921,TPC Craig Ranch
27164,"Phillips, Chandler",921,TPC Craig Ranch,sg_ott,4.684202334031987,2025-05-04,-0.010617431485105983,921,TPC Craig Ranch
27164,"Phillips, Chandler",897,Memorial Park Golf Course,sg_ott,7.905725824057913,2026-03-29,-0.0168642442127834,921,TPC Craig Ranch
27164,"Phillips, Chandler",4,Torrey Pines Golf Course (South Course),sg_ott,5.274517807881784,2026-02-01,-0.01996538733442561,921,TPC Craig Ranch
27164,"Phillips, Chandler",714,TPC Louisiana,sg_ott,7.246918468522029,2026-04-26,-0.06959044710783606,921,TPC Craig Ranch
27164,"Phillips, Chandler",510,TPC Scottsdale (Stadium Course),sg_putt,6.97321471207642,2026-02-08,0.04129705480167829,921,TPC Craig Ranch
27164,"Phillips, Chandler",665,Innisbrook Resort and Golf Club - Copperhead Course,sg_putt,9.81996590508317,2026-03-22,0.013393138930103833,921,TPC Craig Ranch
27164,"Phillips, Chandler",921,TPC Craig Ranch,sg_putt,4.684202334031987,2025-05-04,-0.03431781805208145,921,TPC Craig Ranch
27164,"Phillips, Chandler",62,The Ledges,sg_total,1.9401508493319346,2023-04-30,-0.005655498164345865,921,TPC Craig Ranch
27164,"Phillips, Chandler",809,Country Club de Bogota-Pacos,sg_total,0.550735842216777,2023-02-12,-0.008627423692576068,921,TPC Craig Ranch
27164,"Phillips, Chandler",244,Puntacana Resort (Corales Golf Course),sg_total,1.6415602812554495,2025-04-20,-0.011367460762003574,921,TPC Craig Ranch
27164,"Phillips, Chandler",742,Grand Reserve Golf Club,sg_total,1.980247941179223,2024-03-10,-0.02513811210116296,921,TPC Craig Ranch
7899,"Piercy, Scott",921,TPC Craig Ranch,sg_app,6.823495313295513,2024-05-05,0.05313579684740835,921,TPC Craig Ranch
7899,"Piercy, Scott",934,Hurstbourne Country Club,sg_app,3.4239483077157167,2025-07-13,0.028772607596042415,921,TPC Craig Ranch
7899,"Piercy, Scott",715,Baltusrol GC,sg_app,0.3339203393340814,2016-07-31,0.010120597402759668,921,TPC Craig Ranch
7899,"Piercy, Scott",772,St. George's G&CC,sg_app,1.948957006692821,2022-06-12,0.006315169667223261,921,TPC Craig Ranch
7899,"Piercy, Scott",649,Hualalai Golf Course,sg_app,0.5246735139707311,2015-01-25,0.0051873413729813895,921,TPC Craig Ranch
7899,"Piercy, Scott",781,Plainfield CC,sg_app,0.7683063436544737,2015-08-30,0.004609172899745946,921,TPC Craig Ranch
7899,"Piercy, Scott",642,Newport Beach Country Club,sg_app,0.46245517812869813,2014-07-27,0.0025323076807331657,921,TPC Craig Ranch
7899,"Piercy, Scott",775,CordeValle GC,sg_app,0.5094971839697366,2011-10-09,0.00040116498746874726,921,TPC Craig Ranch
7899,"Piercy, Scott",694,Hamilton G&CC,sg_app,0.32135603124489664,2012-07-29,0.0003202563533036851,921,TPC Craig Ranch
7899,"Piercy, Scott",688,East Lake Golf Club,sg_app,0.9030022840105676,2015-09-27,-0.0005532654842345533,921,TPC Craig Ranch
7899,"Piercy, Scott",745,iberostar real club de golf novo sancti petri,sg_app,0.11322788388877669,2010-08-29,-0.0007797556207413638,921,TPC Craig Ranch
7899,"Piercy, Scott",348,Medinah Country Club (No. 3),sg_app,1.1650853674566677,2019-08-18,-0.0011044436635072334,921,TPC Craig Ranch
7899,"Piercy, Scott",656,Plantation Course at Kapalua,sg_app,2.1968555439961355,2019-01-06,-0.00495567486443112,921,TPC Craig Ranch
7899,"Piercy, Scott",5,Pebble Beach Golf Links,sg_app,4.2432570007049355,2023-02-05,-0.0058839161680476915,921,TPC Craig Ranch
7899,"Piercy, Scott",534,Bellerive CC,sg_app,0.4839117036224753,2018-08-12,-0.01626073133494658,921,TPC Craig Ranch
7899,"Piercy, Scott",886,Liberty National Golf Club,sg_arg,2.8435375426214686,2021-08-22,0.010115417818999937,921,TPC Craig Ranch
7899,"Piercy, Scott",527,Saucon Valley CC,sg_arg,1.0101894935705078,2016-09-11,0.0073219838937696475,921,TPC Craig Ranch
7899,"Piercy, Scott",6,Waialae Country Club,sg_arg,8.027065957977277,2023-01-15,0.006240134571607468,921,TPC Craig Ranch
7899,"Piercy, Scott",873,Ridgewood CC,sg_arg,0.9746219381933394,2018-08-26,0.005741023855645063,921,TPC Craig Ranch
7899,"Piercy, Scott",243,Trinity Forest Golf Club,sg_arg,2.0373889195179675,2019-05-12,0.004128360666735151,921,TPC Craig Ranch
7899,"Piercy, Scott",762,Liberty National GC,sg_arg,0.4853251739829935,2013-08-25,0.0004967330795610274,921,TPC Craig Ranch
7899,"Piercy, Scott",609,Annandale GC,sg_arg,0.49646780942756275,2011-07-17,8.483114505179528e-05,921,TPC Craig Ranch
7899,"Piercy, Scott",789,Conway Farms GC,sg_arg,0.9655855429792888,2015-09-20,-8.802811688190284e-05,921,TPC Craig Ranch
7899,"Piercy, Scott",671,Valhalla Golf Club,sg_arg,0.23285186050540693,2014-08-10,-0.0006233585787009356,921,TPC Craig Ranch
7899,"Piercy, Scott",773,Aronimink GC,sg_arg,1.091569702902674,2018-09-09,-0.0006316603465043216,921,TPC Craig Ranch
7899,"Piercy, Scott",689,El Bosque CC,sg_arg,0.8401995310818406,2016-08-28,-0.000912080337043626,921,TPC Craig Ranch
7899,"Piercy, Scott",874,Hamilton Golf & Country Club,sg_arg,0.5625063706092978,2019-06-09,-0.0015287504915258519,921,TPC Craig Ranch
7899,"Piercy, Scott",775,CordeValle GC,sg_arg,0.5094971839697366,2011-10-09,-0.0016061795056712786,921,TPC Craig Ranch
7899,"Piercy, Scott",348,Medinah Country Club (No. 3),sg_arg,1.1650853674566677,2019-08-18,-0.002074777066943187,921,TPC Craig Ranch
7899,"Piercy, Scott",921,TPC Craig Ranch,sg_arg,6.823495313295513,2024-05-05,-0.01081279835781033,921,TPC Craig Ranch
7899,"Piercy, Scott",21,Colonial Country Club,sg_arg,9.520981873742631,2023-05-28,-0.012307595766894622,921,TPC Craig Ranch
7899,"Piercy, Scott",930,Black Desert Resort,sg_arg,4.791328090856462,2025-10-26,-0.022410663408397882,921,TPC Craig Ranch
7899,"Piercy, Scott",921,TPC Craig Ranch,sg_ott,6.823495313295513,2024-05-05,0.050181278878201355,921,TPC Craig Ranch
7899,"Piercy, Scott",21,Colonial Country Club,sg_ott,9.520981873742631,2023-05-28,0.009652865650338238,921,TPC Craig Ranch
7899,"Piercy, Scott",12,Harbour Town Golf Links,sg_ott,7.841865396170359,2023-04-16,0.008201414405462475,921,TPC Craig Ranch
7899,"Piercy, Scott",8,Trump National Doral - Blue Monster Course,sg_ott,0.9799557679737974,2016-03-06,0.007817898138153336,921,TPC Craig Ranch
7899,"Piercy, Scott",770,TPC San Antonio - The Oaks Course,sg_ott,3.011353610042202,2023-04-02,0.005276533553996548,921,TPC Craig Ranch
7899,"Piercy, Scott",714,TPC Louisiana,sg_ott,3.1168492108079686,2026-04-26,0.004769529197688955,921,TPC Craig Ranch
7899,"Piercy, Scott",689,El Bosque CC,sg_ott,0.8401995310818406,2016-08-28,0.004397400289248368,921,TPC Craig Ranch
7899,"Piercy, Scott",819,Harbor Shores Resort,sg_ott,0.5528295024233586,2015-07-19,0.004385176721137201,921,TPC Craig Ranch
7899,"Piercy, Scott",772,St. George's G&CC,sg_ott,1.948957006692821,2022-06-12,0.004113517231143835,921,TPC Craig Ranch
7899,"Piercy, Scott",873,Ridgewood CC,sg_ott,0.9746219381933394,2018-08-26,0.0035401183689637026,921,TPC Craig Ranch
7899,"Piercy, Scott",872,Quail Hollow Club,sg_ott,2.7451878110133094,2023-05-07,0.0031998215725949973,921,TPC Craig Ranch
7899,"Piercy, Scott",762,Liberty National GC,sg_ott,0.4853251739829935,2013-08-25,0.002843716650094012,921,TPC Craig Ranch
7899,"Piercy, Scott",642,Newport Beach Country Club,sg_ott,0.46245517812869813,2014-07-27,0.002327965433646223,921,TPC Craig Ranch
7899,"Piercy, Scott",698,Quail Hollow Club,sg_ott,0.4634654357038728,2015-05-17,0.0018519518823756672,921,TPC Craig Ranch
7899,"Piercy, Scott",781,Plainfield CC,sg_ott,0.7683063436544737,2015-08-30,0.0018310725883370251,921,TPC Craig Ranch
7899,"Piercy, Scott",243,Trinity Forest Golf Club,sg_ott,2.0373889195179675,2019-05-12,0.0016731095823635713,921,TPC Craig Ranch
7899,"Piercy, Scott",671,Valhalla Golf Club,sg_ott,0.23285186050540693,2014-08-10,0.0012628167283158776,921,TPC Craig Ranch
7899,"Piercy, Scott",715,Baltusrol GC,sg_ott,0.3339203393340814,2016-07-31,0.0011950696033798545,921,TPC Craig Ranch
7899,"Piercy, Scott",527,Saucon Valley CC,sg_ott,1.0101894935705078,2016-09-11,0.0011721036259792236,921,TPC Craig Ranch
7899,"Piercy, Scott",706,Whistling Straits,sg_ott,0.5606235464632614,2015-08-16,0.0008799938009734829,921,TPC Craig Ranch
7899,"Piercy, Scott",32,Glen Abbey GC,sg_ott,0.9870781307792676,2015-07-26,0.0002447890718090735,921,TPC Craig Ranch
7899,"Piercy, Scott",348,Medinah Country Club (No. 3),sg_ott,1.1650853674566677,2019-08-18,-0.004471612734157358,921,TPC Craig Ranch
7899,"Piercy, Scott",5,Pebble Beach Golf Links,sg_ott,4.2432570007049355,2023-02-05,-0.004880043221176388,921,TPC Craig Ranch
7899,"Piercy, Scott",876,Detroit Golf Club,sg_ott,1.8195490476064347,2022-07-31,-0.005384644263510778,921,TPC Craig Ranch
7899,"Piercy, Scott",895,TPC Harding Park,sg_ott,0.6963848546123952,2020-08-09,-0.005735435143655295,921,TPC Craig Ranch
7899,"Piercy, Scott",926,Silverado Resort (North Course),sg_ott,2.994465427851136,2025-09-14,-0.007416955431135413,921,TPC Craig Ranch
7899,"Piercy, Scott",534,Bellerive CC,sg_ott,0.4839117036224753,2018-08-12,-0.007827840975595557,921,TPC Craig Ranch
7899,"Piercy, Scott",746,The Country Club of Jackson,sg_ott,7.622409803314589,2025-10-05,-0.01118867595622932,921,TPC Craig Ranch
7899,"Piercy, Scott",897,Memorial Park Golf Course,sg_ott,5.317253897285374,2022-11-13,-0.018462606757465812,921,TPC Craig Ranch
7899,"Piercy, Scott",4,Torrey Pines Golf Course (South Course),sg_ott,4.350316464934773,2023-01-28,-0.03390617135735748,921,TPC Craig Ranch
7899,"Piercy, Scott",510,TPC Scottsdale (Stadium Course),sg_putt,7.280830505744258,2023-02-12,0.027615557545684063,921,TPC Craig Ranch
7899,"Piercy, Scott",656,Plantation Course at Kapalua,sg_putt,2.1968555439961355,2019-01-06,0.004096110472002024,921,TPC Craig Ranch
7899,"Piercy, Scott",745,iberostar real club de golf novo sancti petri,sg_putt,0.11322788388877669,2010-08-29,0.0005217874435680661,921,TPC Craig Ranch
7899,"Piercy, Scott",665,Innisbrook Resort and Golf Club - Copperhead Course,sg_putt,2.7759260663304666,2022-03-20,-0.0007764790587599417,921,TPC Craig Ranch
7899,"Piercy, Scott",649,Hualalai Golf Course,sg_putt,0.5246735139707311,2015-01-25,-0.0009103025402514832,921,TPC Craig Ranch
7899,"Piercy, Scott",526,Cog Hill G&CC,sg_putt,0.2745270064057572,2011-09-18,-0.001125495408632248,921,TPC Craig Ranch
7899,"Piercy, Scott",873,Ridgewood CC,sg_putt,0.9746219381933394,2018-08-26,-0.0014613598810832736,921,TPC Craig Ranch
7899,"Piercy, Scott",666,Pebble Beach Golf Links,sg_putt,1.1289571845620932,2019-06-16,-0.0021905199630889187,921,TPC Craig Ranch
7899,"Piercy, Scott",775,CordeValle GC,sg_putt,0.5094971839697366,2011-10-09,-0.0022754575300599337,921,TPC Craig Ranch
7899,"Piercy, Scott",762,Liberty National GC,sg_putt,0.4853251739829935,2013-08-25,-0.004116767657810763,921,TPC Craig Ranch
7899,"Piercy, Scott",715,Baltusrol GC,sg_putt,0.3339203393340814,2016-07-31,-0.004933891617904367,921,TPC Craig Ranch
7899,"Piercy, Scott",921,TPC Craig Ranch,sg_putt,6.823495313295513,2024-05-05,-0.030376471553461525,921,TPC Craig Ranch
7899,"Piercy, Scott",244,Puntacana Resort (Corales Golf Course),sg_total,9.172021174637713,2025-04-20,0.015159002041262441,921,TPC Craig Ranch
7899,"Piercy, Scott",742,Grand Reserve Golf Club,sg_total,5.031022158962424,2024-03-10,0.009900073095153809,921,TPC Craig Ranch
7899,"Piercy, Scott",780,Atlanta Athletic Club,sg_total,0.2697645765950573,2011-08-14,0.0027947413301462674,921,TPC Craig Ranch
7899,"Piercy, Scott",102,Bermuda Dunes CC,sg_total,0.042340974393293145,2009-01-25,0.0005318793393444645,921,TPC Craig Ranch
7899,"Piercy, Scott",681,TPC Canyons,sg_total,0.056762382469846454,2007-10-14,1.800904054403379e-05,921,TPC Craig Ranch
7899,"Piercy, Scott",236,Erin Hills,sg_total,0.39225120339697284,2017-06-18,-0.0023965483688236436,921,TPC Craig Ranch
7899,"Piercy, Scott",809,Country Club de Bogota-Pacos,sg_total,0.6606705334016293,2024-02-11,-0.006100008802836853,921,TPC Craig Ranch
10104,"Power, Seamus",921,TPC Craig Ranch,sg_app,8.860531636906348,2025-05-04,0.02176280143494947,921,TPC Craig Ranch
10104,"Power, Seamus",5,Pebble Beach Golf Links,sg_app,7.306394860488142,2025-02-02,0.008049970386606575,921,TPC Craig Ranch
10104,"Power, Seamus",514,Oak Hill Country Club,sg_app,1.1567879787560167,2023-05-21,-0.0101646294252289,921,TPC Craig Ranch
10104,"Power, Seamus",875,ACCORDIA GOLF Narashino Country Club,sg_app,3.0080570172775305,2024-10-27,-0.01297060917357327,921,TPC Craig Ranch
10104,"Power, Seamus",934,Hurstbourne Country Club,sg_app,1.7119741538578583,2025-07-13,-0.02033803754727972,921,TPC Craig Ranch
10104,"Power, Seamus",656,Plantation Course at Kapalua,sg_app,6.566084250813571,2024-01-07,-0.02857519797220667,921,TPC Craig Ranch
10104,"Power, Seamus",921,TPC Craig Ranch,sg_arg,8.860531636906348,2025-05-04,0.03557368460439362,921,TPC Craig Ranch
10104,"Power, Seamus",873,Ridgewood CC,sg_arg,0.9746219381933394,2018-08-26,0.005980349665619118,921,TPC Craig Ranch
10104,"Power, Seamus",6,Waialae Country Club,sg_arg,12.618269406527514,2026-01-18,0.0036508779758624645,921,TPC Craig Ranch
10104,"Power, Seamus",896,Olympia Fields Country Club (North Course),sg_arg,2.421275242584897,2023-08-20,0.0020239830808769636,921,TPC Craig Ranch
10104,"Power, Seamus",21,Colonial Country Club,sg_arg,4.132481012725884,2025-05-25,0.0019673023378012125,921,TPC Craig Ranch
10104,"Power, Seamus",886,Liberty National Golf Club,sg_arg,1.6825228461212498,2021-08-22,0.001667190555414136,921,TPC Craig Ranch
10104,"Power, Seamus",660,Montreux Golf & Country Club,sg_arg,1.152915972229429,2019-07-28,-0.0002544250910794039,921,TPC Craig Ranch
10104,"Power, Seamus",243,Trinity Forest Golf Club,sg_arg,1.2960375351040057,2019-05-12,-0.0010364779287183217,921,TPC Craig Ranch
10104,"Power, Seamus",874,Hamilton Golf & Country Club,sg_arg,1.9599536222864868,2024-06-02,-0.008933154094831431,921,TPC Craig Ranch
10104,"Power, Seamus",930,Black Desert Resort,sg_arg,6.5955820378194945,2025-10-26,-0.016477987694995862,921,TPC Craig Ranch
10104,"Power, Seamus",746,The Country Club of Jackson,sg_ott,11.9048652116155,2025-10-05,0.024124226478427536,921,TPC Craig Ranch
10104,"Power, Seamus",926,Silverado Resort (North Course),sg_ott,3.5335193635310036,2025-09-14,0.013883471364734784,921,TPC Craig Ranch
10104,"Power, Seamus",897,Memorial Park Golf Course,sg_ott,4.450431145937312,2026-03-29,0.011985905211848792,921,TPC Craig Ranch
10104,"Power, Seamus",872,Quail Hollow Club,sg_ott,8.686647661579899,2024-05-12,0.011650096047539188,921,TPC Craig Ranch
10104,"Power, Seamus",241,Quail Hollow-PGA Championship,sg_ott,1.6647037514757894,2025-05-18,0.011038069732051467,921,TPC Craig Ranch
10104,"Power, Seamus",514,Oak Hill Country Club,sg_ott,1.1567879787560167,2023-05-21,0.01049696768668255,921,TPC Craig Ranch
10104,"Power, Seamus",977,The Renaissance Club,sg_ott,2.85420789882601,2024-07-14,0.010325802421881525,921,TPC Craig Ranch
10104,"Power, Seamus",4,Torrey Pines Golf Course (South Course),sg_ott,4.543455772426338,2026-02-01,0.009428652031325004,921,TPC Craig Ranch
10104,"Power, Seamus",714,TPC Louisiana,sg_ott,3.952286851447722,2026-04-26,0.009301521236853377,921,TPC Craig Ranch
10104,"Power, Seamus",823,Keene Trace Golf Club,sg_ott,0.9577144264939117,2018-07-22,0.00501821144012004,921,TPC Craig Ranch
10104,"Power, Seamus",235,Eagle Point Golf Club,sg_ott,0.7681996344830163,2017-05-07,0.0018318560329566237,921,TPC Craig Ranch
10104,"Power, Seamus",876,Detroit Golf Club,sg_ott,5.278886158263101,2025-06-29,0.0014245897021706957,921,TPC Craig Ranch
10104,"Power, Seamus",32,Glen Abbey GC,sg_ott,1.2816873072992736,2018-07-29,0.0011197790453206019,921,TPC Craig Ranch
10104,"Power, Seamus",243,Trinity Forest Golf Club,sg_ott,1.2960375351040057,2019-05-12,0.0007128833989230479,921,TPC Craig Ranch
10104,"Power, Seamus",14,Augusta National Golf Club,sg_ott,4.154019167570223,2023-04-09,0.0006092257231815215,921,TPC Craig Ranch
10104,"Power, Seamus",873,Ridgewood CC,sg_ott,0.9746219381933394,2018-08-26,0.0002909403247325273,921,TPC Craig Ranch
10104,"Power, Seamus",205,Spyglass Hill Golf Course,sg_ott,0.7897806739328027,2025-02-02,-0.002276943109868596,921,TPC Craig Ranch
10104,"Power, Seamus",819,Harbor Shores Resort,sg_ott,0.798352029660812,2017-07-23,-0.003397574160628682,921,TPC Craig Ranch
10104,"Power, Seamus",5,Pebble Beach Golf Links,sg_ott,7.306394860488142,2025-02-02,-0.003464476922493359,921,TPC Craig Ranch
10104,"Power, Seamus",654,The Country Club,sg_ott,1.9557903075170284,2022-06-19,-0.0037964041986062475,921,TPC Craig Ranch
10104,"Power, Seamus",12,Harbour Town Golf Links,sg_ott,4.971318828055497,2024-04-21,-0.006368810025976119,921,TPC Craig Ranch
10104,"Power, Seamus",901,Wilmington Country Club,sg_ott,2.0183782877342047,2022-08-21,-0.008196211760366206,921,TPC Craig Ranch
10104,"Power, Seamus",928,PGA National  - Champion Course,sg_ott,5.444988485278611,2026-03-01,-0.009497668094183578,921,TPC Craig Ranch
10104,"Power, Seamus",528,Pinehurst Resort & Country Club (Course No. 2),sg_ott,1.4072636999239956,2024-06-16,-0.010337789818955846,921,TPC Craig Ranch
10104,"Power, Seamus",770,TPC San Antonio - The Oaks Course,sg_ott,6.709935463223444,2026-04-05,-0.01282946106794154,921,TPC Craig Ranch
10104,"Power, Seamus",21,Colonial Country Club,sg_ott,4.132481012725884,2025-05-25,-0.014202730022641007,921,TPC Craig Ranch
10104,"Power, Seamus",921,TPC Craig Ranch,sg_ott,8.860531636906348,2025-05-04,-0.01516895198452839,921,TPC Craig Ranch
10104,"Power, Seamus",665,Innisbrook Resort and Golf Club - Copperhead Course,sg_putt,11.556264693379301,2026-03-22,0.01505437621683332,921,TPC Craig Ranch
10104,"Power, Seamus",656,Plantation Course at Kapalua,sg_putt,6.566084250813571,2024-01-07,0.012252237401902028,921,TPC Craig Ranch
10104,"Power, Seamus",921,TPC Craig Ranch,sg_putt,8.860531636906348,2025-05-04,0.0005408874838900008,921,TPC Craig Ranch
10104,"Power, Seamus",873,Ridgewood CC,sg_putt,0.9746219381933394,2018-08-26,-0.00100112603173909,921,TPC Craig Ranch
10104,"Power, Seamus",724,Royal Liverpool,sg_putt,1.193806785348716,2023-07-23,-0.002390546529203987,921,TPC Craig Ranch
10104,"Power, Seamus",668,St. Andrews Links (Old Course),sg_putt,0.9916819684299293,2022-07-17,-0.00721160505661985,921,TPC Craig Ranch
10104,"Power, Seamus",660,Montreux Golf & Country Club,sg_putt,1.152915972229429,2019-07-28,-0.017354775915292314,921,TPC Craig Ranch
10104,"Power, Seamus",510,TPC Scottsdale (Stadium Course),sg_putt,9.462174458026686,2025-02-09,-0.03931858720696385,921,TPC Craig Ranch
10104,"Power, Seamus",811,Paiute Golf Resort - Sun Mt GC,sg_total,1.579793845698413,2021-04-18,0.015785478407849475,921,TPC Craig Ranch
10104,"Power, Seamus",244,Puntacana Resort (Corales Golf Course),sg_total,7.5487813183317245,2025-04-20,0.012301610463789374,921,TPC Craig Ranch
10104,"Power, Seamus",742,Grand Reserve Golf Club,sg_total,3.1982330121343736,2021-02-28,0.005504836559162023,921,TPC Craig Ranch
10104,"Power, Seamus",4200,yas links,sg_total,2.179933476830192,2023-01-22,-0.0021081232299049566,921,TPC Craig Ranch
10104,"Power, Seamus",56,Atlantic Beach Country Club,sg_total,0.8267890964769182,2017-10-01,-0.0022674127830910155,921,TPC Craig Ranch
10104,"Power, Seamus",4585,k club,sg_total,1.7605868316684423,2025-09-07,-0.007747867258711246,921,TPC Craig Ranch
10104,"Power, Seamus",67,The King & Bear Course at WGV,sg_total,0.6791910512898782,2020-06-20,-0.015552596887489898,921,TPC Craig Ranch
19840,"Ramey, Chad",934,Hurstbourne Country Club,sg_app,3.4239483077157167,2025-07-13,0.021577218619984184,921,TPC Craig Ranch
19840,"Ramey, Chad",5,Pebble Beach Golf Links,sg_app,1.555113387671786,2023-02-05,-0.01203689427782442,921,TPC Craig Ranch
19840,"Ramey, Chad",921,TPC Craig Ranch,sg_app,5.3366034143693835,2025-05-04,-0.013880368262690783,921,TPC Craig Ranch
19840,"Ramey, Chad",656,Plantation Course at Kapalua,sg_app,2.1647272264608115,2023-01-08,-0.01722306286826064,921,TPC Craig Ranch
19840,"Ramey, Chad",875,ACCORDIA GOLF Narashino Country Club,sg_app,3.0080570172775305,2024-10-27,-0.03240349812257089,921,TPC Craig Ranch
19840,"Ramey, Chad",21,Colonial Country Club,sg_arg,7.3201547649410195,2025-05-25,0.022784992782591305,921,TPC Craig Ranch
19840,"Ramey, Chad",930,Black Desert Resort,sg_arg,6.5955820378194945,2025-10-26,0.01014169136958855,921,TPC Craig Ranch
19840,"Ramey, Chad",874,Hamilton Golf & Country Club,sg_arg,2.7948945033543784,2024-06-02,0.003808964620592714,921,TPC Craig Ranch
19840,"Ramey, Chad",6,Waialae Country Club,sg_arg,9.707067110232396,2026-01-18,-0.010063710696719056,921,TPC Craig Ranch
19840,"Ramey, Chad",921,TPC Craig Ranch,sg_arg,5.3366034143693835,2025-05-04,-0.015901441833371964,921,TPC Craig Ranch
19840,"Ramey, Chad",714,TPC Louisiana,sg_ott,9.528330038690244,2026-04-26,0.017863899324142212,921,TPC Craig Ranch
19840,"Ramey, Chad",926,Silverado Resort (North Course),sg_ott,8.934477333526672,2025-09-14,0.015787123207736353,921,TPC Craig Ranch
19840,"Ramey, Chad",746,The Country Club of Jackson,sg_ott,6.0415031579204825,2025-10-05,0.014020066332871168,921,TPC Craig Ranch
19840,"Ramey, Chad",876,Detroit Golf Club,sg_ott,8.178536346432626,2025-06-29,0.011750597574188174,921,TPC Craig Ranch
19840,"Ramey, Chad",21,Colonial Country Club,sg_ott,7.3201547649410195,2025-05-25,0.008643117632877492,921,TPC Craig Ranch
19840,"Ramey, Chad",770,TPC San Antonio - The Oaks Course,sg_ott,11.540799845147092,2026-04-05,0.007340015926997168,921,TPC Craig Ranch
19840,"Ramey, Chad",5,Pebble Beach Golf Links,sg_ott,1.555113387671786,2023-02-05,0.006530000659300394,921,TPC Craig Ranch
19840,"Ramey, Chad",872,Quail Hollow Club,sg_ott,2.297437476392113,2023-05-07,-0.0008897492652351332,921,TPC Craig Ranch
19840,"Ramey, Chad",12,Harbour Town Golf Links,sg_ott,3.03186341421896,2023-04-16,-0.0023946911650805126,921,TPC Craig Ranch
19840,"Ramey, Chad",897,Memorial Park Golf Course,sg_ott,11.784220682725557,2026-03-29,-0.01177033243350562,921,TPC Craig Ranch
19840,"Ramey, Chad",928,PGA National  - Champion Course,sg_ott,8.115564970354326,2026-03-01,-0.01651613326507744,921,TPC Craig Ranch
19840,"Ramey, Chad",921,TPC Craig Ranch,sg_ott,5.3366034143693835,2025-05-04,-0.01826759185161121,921,TPC Craig Ranch
19840,"Ramey, Chad",4,Torrey Pines Golf Course (South Course),sg_ott,8.53637345108849,2026-02-01,-0.036757127335914026,921,TPC Craig Ranch
19840,"Ramey, Chad",510,TPC Scottsdale (Stadium Course),sg_putt,7.810927964619676,2026-02-08,0.03146549766949552,921,TPC Craig Ranch
19840,"Ramey, Chad",656,Plantation Course at Kapalua,sg_putt,2.1647272264608115,2023-01-08,-0.005933886987776082,921,TPC Craig Ranch
19840,"Ramey, Chad",665,Innisbrook Resort and Golf Club - Copperhead Course,sg_putt,10.02807687639831,2026-03-22,-0.011590608730226437,921,TPC Craig Ranch
19840,"Ramey, Chad",921,TPC Craig Ranch,sg_putt,5.3366034143693835,2025-05-04,-0.06081319624011891,921,TPC Craig Ranch
19840,"Ramey, Chad",244,Puntacana Resort (Corales Golf Course),sg_total,8.457706073880033,2025-04-20,0.019498231879589614,921,TPC Craig Ranch
19840,"Ramey, Chad",67,The King & Bear Course at WGV,sg_total,1.3583821025797564,2020-06-20,0.013848523151295325,921,TPC Craig Ranch
19840,"Ramey, Chad",65,TPC San Antonio-AT&T Oaks,sg_total,1.37753319687576,2020-07-18,0.004609192265845191,921,TPC Craig Ranch
19840,"Ramey, Chad",742,Grand Reserve Golf Club,sg_total,1.855760084366587,2022-03-06,0.004193694564041433,921,TPC Craig Ranch
19840,"Ramey, Chad",809,Country Club de Bogota-Pacos,sg_total,0.3179058529315635,2020-02-09,0.0019781015870027107,921,TPC Craig Ranch
19840,"Ramey, Chad",630,Fox Den CC,sg_total,1.5756490259998597,2019-05-19,0.0011031632782805161,921,TPC Craig Ranch
19840,"Ramey, Chad",806,Furman University Golf Club,sg_total,0.23200415453447004,2018-05-20,0.0008438423017186844,921,TPC Craig Ranch
19840,"Ramey, Chad",62,The Ledges,sg_total,1.5908911980373366,2021-05-02,9.817767452762583e-05,921,TPC Craig Ranch
19840,"Ramey, Chad",655,The Glen Club,sg_total,0.5585825753206938,2019-05-26,-0.0026368672728021444,921,TPC Craig Ranch
19840,"Ramey, Chad",804,The Country Club of Virginia,sg_total,0.45755745409044485,2018-04-22,-0.010155467758621903,921,TPC Craig Ranch
19840,"Ramey, Chad",811,Paiute Golf Resort - Sun Mt GC,sg_total,1.579793845698413,2021-04-18,-0.010303086925274768,921,TPC Craig Ranch
19872,"Riley, Davis",891,Winged Foot GC,sg_app,1.4223271399131445,2020-09-20,0.0059959260959133774,921,TPC Craig Ranch
19872,"Riley, Davis",514,Oak Hill Country Club,sg_app,1.1567879787560167,2023-05-21,-0.001138345060607796,921,TPC Craig Ranch
19872,"Riley, Davis",5,Pebble Beach Golf Links,sg_app,3.1632178112969065,2024-02-04,-0.01292012731985689,921,TPC Craig Ranch
19872,"Riley, Davis",656,Plantation Course at Kapalua,sg_app,4.933239855954804,2025-01-05,-0.040676660593759184,921,TPC Craig Ranch
19872,"Riley, Davis",875,ACCORDIA GOLF Narashino Country Club,sg_app,3.0080570172775305,2024-10-27,-0.05377389851782388,921,TPC Craig Ranch
19872,"Riley, Davis",921,TPC Craig Ranch,sg_app,9.136829653219191,2025-05-04,-0.07634240794558218,921,TPC Craig Ranch
19872,"Riley, Davis",921,TPC Craig Ranch,sg_arg,9.136829653219191,2025-05-04,0.04682434384058089,921,TPC Craig Ranch
19872,"Riley, Davis",21,Colonial Country Club,sg_arg,7.551875670343076,2025-05-25,0.002275233590285927,921,TPC Craig Ranch
19872,"Riley, Davis",6,Waialae Country Club,sg_arg,6.877110541724346,2026-01-18,-0.008549521293300853,921,TPC Craig Ranch
19872,"Riley, Davis",921,TPC Craig Ranch,sg_ott,9.136829653219191,2025-05-04,0.08901166486584872,921,TPC Craig Ranch
19872,"Riley, Davis",714,TPC Louisiana,sg_ott,9.528330038690244,2026-04-26,0.04067721559275009,921,TPC Craig Ranch
19872,"Riley, Davis",897,Memorial Park Golf Course,sg_ott,13.714045362175705,2026-03-29,0.04031899504294437,921,TPC Craig Ranch
19872,"Riley, Davis",241,Quail Hollow-PGA Championship,sg_ott,3.329407502951579,2025-05-18,0.03391984377365598,921,TPC Craig Ranch
19872,"Riley, Davis",891,Winged Foot GC,sg_ott,1.4223271399131445,2020-09-20,0.017622495086978437,921,TPC Craig Ranch
19872,"Riley, Davis",977,The Renaissance Club,sg_ott,5.5183496335574045,2025-07-13,0.016505403861472888,921,TPC Craig Ranch
19872,"Riley, Davis",21,Colonial Country Club,sg_ott,7.551875670343076,2025-05-25,0.012185226908550416,921,TPC Craig Ranch
19872,"Riley, Davis",514,Oak Hill Country Club,sg_ott,1.1567879787560167,2023-05-21,0.009156460251193177,921,TPC Craig Ranch
19872,"Riley, Davis",746,The Country Club of Jackson,sg_ott,8.150878105042832,2025-10-05,0.00852260021216926,921,TPC Craig Ranch
19872,"Riley, Davis",876,Detroit Golf Club,sg_ott,9.595685450806295,2025-06-29,0.00617580126016916,921,TPC Craig Ranch
19872,"Riley, Davis",901,Wilmington Country Club,sg_ott,2.0183782877342047,2022-08-21,0.00011749791808706728,921,TPC Craig Ranch
19872,"Riley, Davis",928,PGA National  - Champion Course,sg_ott,7.795816820718999,2026-03-01,-0.0003669206432004631,921,TPC Craig Ranch
19872,"Riley, Davis",872,Quail Hollow Club,sg_ott,1.1487187381960564,2023-05-07,-0.0007970778336250348,921,TPC Craig Ranch
19872,"Riley, Davis",654,The Country Club,sg_ott,1.9557903075170284,2022-06-19,-0.002920764029104231,921,TPC Craig Ranch
19872,"Riley, Davis",4,Torrey Pines Golf Course (South Course),sg_ott,3.3920785912240943,2026-02-01,-0.004134492566826535,921,TPC Craig Ranch
19872,"Riley, Davis",770,TPC San Antonio - The Oaks Course,sg_ott,3.805180410584353,2024-04-07,-0.006897936657144339,921,TPC Craig Ranch
19872,"Riley, Davis",5,Pebble Beach Golf Links,sg_ott,3.1632178112969065,2024-02-04,-0.011278439685324505,921,TPC Craig Ranch
19872,"Riley, Davis",12,Harbour Town Golf Links,sg_ott,2.0842918538670205,2023-04-16,-0.01388817762402402,921,TPC Craig Ranch
19872,"Riley, Davis",14,Augusta National Golf Club,sg_ott,5.234008450701049,2026-04-12,-0.033764660068506126,921,TPC Craig Ranch
19872,"Riley, Davis",921,TPC Craig Ranch,sg_putt,9.136829653219191,2025-05-04,0.040070794060423895,921,TPC Craig Ranch
19872,"Riley, Davis",510,TPC Scottsdale (Stadium Course),sg_putt,6.113536534448523,2026-02-08,0.00826236049734348,921,TPC Craig Ranch
19872,"Riley, Davis",665,Innisbrook Resort and Golf Club - Copperhead Course,sg_putt,10.639351671897751,2026-03-22,0.005915095916825644,921,TPC Craig Ranch
19872,"Riley, Davis",724,Royal Liverpool,sg_putt,1.193806785348716,2023-07-23,-0.00041704966627034446,921,TPC Craig Ranch
19872,"Riley, Davis",656,Plantation Course at Kapalua,sg_putt,4.933239855954804,2025-01-05,-0.0020457821558661584,921,TPC Craig Ranch
19872,"Riley, Davis",65,TPC San Antonio-AT&T Oaks,sg_total,1.37753319687576,2020-07-18,0.014462320786842982,921,TPC Craig Ranch
19872,"Riley, Davis",67,The King & Bear Course at WGV,sg_total,1.3583821025797564,2020-06-20,0.01166152681736362,921,TPC Craig Ranch
19872,"Riley, Davis",62,The Ledges,sg_total,1.5908911980373366,2021-05-02,0.007928280941381354,921,TPC Craig Ranch
19872,"Riley, Davis",811,Paiute Golf Resort - Sun Mt GC,sg_total,1.579793845698413,2021-04-18,0.007876135867557739,921,TPC Craig Ranch
19872,"Riley, Davis",655,The Glen Club,sg_total,1.1171651506413875,2019-05-26,0.0024927062085076217,921,TPC Craig Ranch
19872,"Riley, Davis",809,Country Club de Bogota-Pacos,sg_total,0.3179058529315635,2020-02-09,0.00246096273961766,921,TPC Craig Ranch
19872,"Riley, Davis",818,Chambers Bay GC,sg_total,0.13628595368393343,2015-06-21,6.815205459665483e-05,921,TPC Craig Ranch
19872,"Riley, Davis",742,Grand Reserve Golf Club,sg_total,1.5415591836000346,2021-02-28,-0.0012337681885837865,921,TPC Craig Ranch
16283,"Rodgers, Patrick",656,Plantation Course at Kapalua,sg_app,2.5968375067405898,2024-01-07,0.026075106914376683,921,TPC Craig Ranch
16283,"Rodgers, Patrick",379,The Philadelphia Cricket Club (Wissahickon Course),sg_app,3.3177749455416157,2025-05-11,0.025457257642134672,921,TPC Craig Ranch
16283,"Rodgers, Patrick",772,St. George's G&CC,sg_app,1.948957006692821,2022-06-12,0.009244124351798923,921,TPC Craig Ranch
16283,"Rodgers, Patrick",238,Glen Oaks Club,sg_app,0.40622307703827476,2017-08-27,0.0022590793114022224,921,TPC Craig Ranch
16283,"Rodgers, Patrick",921,TPC Craig Ranch,sg_app,6.83011125345319,2025-05-04,-0.002001817328499033,921,TPC Craig Ranch
16283,"Rodgers, Patrick",514,Oak Hill Country Club,sg_app,2.3135759575120334,2023-05-21,-0.0020346114023716186,921,TPC Craig Ranch
16283,"Rodgers, Patrick",649,Hualalai Golf Course,sg_app,0.25325641146282285,2015-01-25,-0.0027895566716284034,921,TPC Craig Ranch
16283,"Rodgers, Patrick",616,Robert Trent Jones GC,sg_app,0.5567128849219349,2015-08-02,-0.003996921762963077,921,TPC Craig Ranch
16283,"Rodgers, Patrick",642,Newport Beach Country Club,sg_app,0.46245517812869813,2014-07-27,-0.006058170765568967,921,TPC Craig Ranch
16283,"Rodgers, Patrick",875,ACCORDIA GOLF Narashino Country Club,sg_app,3.0080570172775305,2024-10-27,-0.03130665857426825,921,TPC Craig Ranch
16283,"Rodgers, Patrick",5,Pebble Beach Golf Links,sg_app,8.413252828268746,2026-02-15,-0.04562716231228797,921,TPC Craig Ranch
16283,"Rodgers, Patrick",921,TPC Craig Ranch,sg_arg,6.83011125345319,2025-05-04,0.026347361229214175,921,TPC Craig Ranch
16283,"Rodgers, Patrick",930,Black Desert Resort,sg_arg,6.5955820378194945,2025-10-26,0.012979651672318286,921,TPC Craig Ranch
16283,"Rodgers, Patrick",671,Valhalla Golf Club,sg_arg,1.3876992786253213,2024-05-19,0.002654116402332579,921,TPC Craig Ranch
16283,"Rodgers, Patrick",896,Olympia Fields Country Club (North Course),sg_arg,2.421275242584897,2023-08-20,0.0001554528362146345,921,TPC Craig Ranch
16283,"Rodgers, Patrick",689,El Bosque CC,sg_arg,0.33862810152691036,2016-08-28,-0.0010281996312254678,921,TPC Craig Ranch
16283,"Rodgers, Patrick",886,Liberty National Golf Club,sg_arg,0.5805073482501094,2019-08-11,-0.0013809565905434295,921,TPC Craig Ranch
16283,"Rodgers, Patrick",243,Trinity Forest Golf Club,sg_arg,0.9280166181378802,2018-05-20,-0.001608404328415297,921,TPC Craig Ranch
16283,"Rodgers, Patrick",6,Waialae Country Club,sg_arg,10.289907965155397,2026-01-18,-0.0033288283643097133,921,TPC Craig Ranch
16283,"Rodgers, Patrick",238,Glen Oaks Club,sg_arg,0.40622307703827476,2017-08-27,-0.003994893181046694,921,TPC Craig Ranch
16283,"Rodgers, Patrick",744,Torrey Pines (South),sg_arg,1.6303494219182981,2021-06-20,-0.006388591695010934,921,TPC Craig Ranch
16283,"Rodgers, Patrick",660,Montreux Golf & Country Club,sg_arg,1.152915972229429,2019-07-28,-0.0076681209929064425,921,TPC Craig Ranch
16283,"Rodgers, Patrick",21,Colonial Country Club,sg_arg,13.801196171847803,2025-05-25,-0.00875918993037471,921,TPC Craig Ranch
16283,"Rodgers, Patrick",876,Detroit Golf Club,sg_ott,9.542036752947336,2025-06-29,0.03376296808614807,921,TPC Craig Ranch
16283,"Rodgers, Patrick",746,The Country Club of Jackson,sg_ott,9.686349726357179,2025-10-05,0.02541343995410161,921,TPC Craig Ranch
16283,"Rodgers, Patrick",21,Colonial Country Club,sg_ott,13.801196171847803,2025-05-25,0.023346365338049912,921,TPC Craig Ranch
16283,"Rodgers, Patrick",921,TPC Craig Ranch,sg_ott,6.83011125345319,2025-05-04,0.02299915774795798,921,TPC Craig Ranch
16283,"Rodgers, Patrick",514,Oak Hill Country Club,sg_ott,2.3135759575120334,2023-05-21,0.021557092734492796,921,TPC Craig Ranch
16283,"Rodgers, Patrick",12,Harbour Town Golf Links,sg_ott,13.701280532781304,2026-04-19,0.01159027109585083,921,TPC Craig Ranch
16283,"Rodgers, Patrick",744,Torrey Pines (South),sg_ott,1.6303494219182981,2021-06-20,0.007895357226133213,921,TPC Craig Ranch
16283,"Rodgers, Patrick",205,Spyglass Hill Golf Course,sg_ott,1.7438680715231738,2026-02-15,0.004068967915356472,921,TPC Craig Ranch
16283,"Rodgers, Patrick",977,The Renaissance Club,sg_ott,3.8898270675134126,2025-07-13,0.0037905811907435363,921,TPC Craig Ranch
16283,"Rodgers, Patrick",243,Trinity Forest Golf Club,sg_ott,0.9280166181378802,2018-05-20,0.0037241537480122372,921,TPC Craig Ranch
16283,"Rodgers, Patrick",698,Quail Hollow Club,sg_ott,0.8558729108150154,2016-05-08,0.0030649982139472312,921,TPC Craig Ranch
16283,"Rodgers, Patrick",654,The Country Club,sg_ott,1.9557903075170284,2022-06-19,0.002470227337841002,921,TPC Craig Ranch
16283,"Rodgers, Patrick",893,Muirfield Village Golf Club,sg_ott,0.686703394995133,2020-07-12,0.002248380248272662,921,TPC Craig Ranch
16283,"Rodgers, Patrick",642,Newport Beach Country Club,sg_ott,0.46245517812869813,2014-07-27,0.0013233784582010776,921,TPC Craig Ranch
16283,"Rodgers, Patrick",238,Glen Oaks Club,sg_ott,0.40622307703827476,2017-08-27,0.0003870291038454644,921,TPC Craig Ranch
16283,"Rodgers, Patrick",772,St. George's G&CC,sg_ott,1.948957006692821,2022-06-12,0.00037303263199532064,921,TPC Craig Ranch
16283,"Rodgers, Patrick",4,Torrey Pines Golf Course (South Course),sg_ott,11.593654676167096,2026-02-01,0.000366637106901491,921,TPC Craig Ranch
16283,"Rodgers, Patrick",616,Robert Trent Jones GC,sg_ott,0.5567128849219349,2015-08-02,-7.0076885616094e-05,921,TPC Craig Ranch
16283,"Rodgers, Patrick",926,Silverado Resort (North Course),sg_ott,2.9455464778244003,2024-09-15,-8.950530872254922e-05,921,TPC Craig Ranch
16283,"Rodgers, Patrick",872,Quail Hollow Club,sg_ott,10.412482554844425,2026-05-10,-0.00019855886936939572,921,TPC Craig Ranch
16283,"Rodgers, Patrick",897,Memorial Park Golf Course,sg_ott,10.739483665558875,2026-03-29,-0.00041987412760035605,921,TPC Craig Ranch
16283,"Rodgers, Patrick",8,Trump National Doral - Blue Monster Course,sg_ott,3.966144091451867,2026-05-03,-0.0015705535031726927,921,TPC Craig Ranch
16283,"Rodgers, Patrick",819,Harbor Shores Resort,sg_ott,0.33159105895130303,2016-07-17,-0.0020938896829184946,921,TPC Craig Ranch
16283,"Rodgers, Patrick",689,El Bosque CC,sg_ott,0.33862810152691036,2016-08-28,-0.0024105587545536914,921,TPC Craig Ranch
16283,"Rodgers, Patrick",235,Eagle Point Golf Club,sg_ott,0.38409981724150816,2017-05-07,-0.0037904951332197855,921,TPC Craig Ranch
16283,"Rodgers, Patrick",379,The Philadelphia Cricket Club (Wissahickon Course),sg_ott,3.3177749455416157,2025-05-11,-0.004684034348702873,921,TPC Craig Ranch
16283,"Rodgers, Patrick",241,Quail Hollow-PGA Championship,sg_ott,2.068093196258347,2025-05-18,-0.007013118894879883,921,TPC Craig Ranch
16283,"Rodgers, Patrick",671,Valhalla Golf Club,sg_ott,1.3876992786253213,2024-05-19,-0.008223237607349328,921,TPC Craig Ranch
16283,"Rodgers, Patrick",32,Glen Abbey GC,sg_ott,1.8240029485160176,2018-07-29,-0.008641955564368205,921,TPC Craig Ranch
16283,"Rodgers, Patrick",5,Pebble Beach Golf Links,sg_ott,8.413252828268746,2026-02-15,-0.01320780193191953,921,TPC Craig Ranch
16283,"Rodgers, Patrick",928,PGA National  - Champion Course,sg_ott,3.2036614573386366,2025-03-02,-0.01604010839349352,921,TPC Craig Ranch
16283,"Rodgers, Patrick",770,TPC San Antonio - The Oaks Course,sg_ott,11.594554733438388,2026-04-05,-0.03473989432088112,921,TPC Craig Ranch
16283,"Rodgers, Patrick",921,TPC Craig Ranch,sg_putt,6.83011125345319,2025-05-04,0.012652889958426823,921,TPC Craig Ranch
16283,"Rodgers, Patrick",665,Innisbrook Resort and Golf Club - Copperhead Course,sg_putt,10.392584716116634,2026-03-22,0.0027989463279243175,921,TPC Craig Ranch
16283,"Rodgers, Patrick",660,Montreux Golf & Country Club,sg_putt,1.152915972229429,2019-07-28,0.0013730240200240205,921,TPC Craig Ranch
16283,"Rodgers, Patrick",649,Hualalai Golf Course,sg_putt,0.25325641146282285,2015-01-25,-0.00056636729793796,921,TPC Craig Ranch
16283,"Rodgers, Patrick",893,Muirfield Village Golf Club,sg_putt,0.686703394995133,2020-07-12,-0.009843409069253073,921,TPC Craig Ranch
16283,"Rodgers, Patrick",656,Plantation Course at Kapalua,sg_putt,2.5968375067405898,2024-01-07,-0.017894208752868443,921,TPC Craig Ranch
16283,"Rodgers, Patrick",510,TPC Scottsdale (Stadium Course),sg_putt,12.48649722364037,2026-02-08,-0.0193366520587728,921,TPC Craig Ranch
16283,"Rodgers, Patrick",4362,lakes gc,sg_total,0.6379470454143887,2023-12-03,0.009681141571278624,921,TPC Craig Ranch
16283,"Rodgers, Patrick",742,Grand Reserve Golf Club,sg_total,3.449179833503418,2021-02-28,-0.0005780035242477811,921,TPC Craig Ranch
16283,"Rodgers, Patrick",244,Puntacana Resort (Corales Golf Course),sg_total,5.955520647861172,2023-03-26,-0.008934935599195167,921,TPC Craig Ranch
16283,"Rodgers, Patrick",4586,wentworth golf club,sg_total,3.5335193635310036,2025-09-14,-0.04239595344703187,921,TPC Craig Ranch
18424,"Roy, Kevin",5,Pebble Beach Golf Links,sg_app,0.5488116360940264,2023-02-05,0.0027774285957971987,921,TPC Craig Ranch
18424,"Roy, Kevin",921,TPC Craig Ranch,sg_app,4.458929328813979,2025-05-04,0.0021530808212065706,921,TPC Craig Ranch
18424,"Roy, Kevin",934,Hurstbourne Country Club,sg_app,1.7119741538578583,2025-07-13,-0.026517344329578436,921,TPC Craig Ranch
18424,"Roy, Kevin",6,Waialae Country Club,sg_arg,7.9755769283470626,2026-01-18,0.008375909050614914,921,TPC Craig Ranch
18424,"Roy, Kevin",21,Colonial Country Club,sg_arg,3.341080845645088,2025-05-25,-0.0018620014970627899,921,TPC Craig Ranch
18424,"Roy, Kevin",921,TPC Craig Ranch,sg_arg,4.458929328813979,2025-05-04,-0.005307678496358857,921,TPC Craig Ranch
18424,"Roy, Kevin",930,Black Desert Resort,sg_arg,3.608507893926066,2025-10-26,-0.014098999634824201,921,TPC Craig Ranch
18424,"Roy, Kevin",714,TPC Louisiana,sg_ott,6.740308445068983,2026-04-26,0.021698096234528598,921,TPC Craig Ranch
18424,"Roy, Kevin",897,Memorial Park Golf Course,sg_ott,6.574232218013086,2026-03-29,0.014636332405367323,921,TPC Craig Ranch
18424,"Roy, Kevin",928,PGA National  - Champion Course,sg_ott,5.444988485278611,2026-03-01,0.0117554023720399,921,TPC Craig Ranch
18424,"Roy, Kevin",926,Silverado Resort (North Course),sg_ott,2.994465427851136,2025-09-14,0.01167632739043548,921,TPC Craig Ranch
18424,"Roy, Kevin",876,Detroit Golf Club,sg_ott,4.581401753876442,2025-06-29,0.005346308022303566,921,TPC Craig Ranch
18424,"Roy, Kevin",746,The Country Club of Jackson,sg_ott,4.811481356837096,2025-10-05,0.002738859012155427,921,TPC Craig Ranch
18424,"Roy, Kevin",921,TPC Craig Ranch,sg_ott,4.458929328813979,2025-05-04,0.0026575862098002496,921,TPC Craig Ranch
18424,"Roy, Kevin",5,Pebble Beach Golf Links,sg_ott,0.5488116360940264,2023-02-05,0.002500780943707645,921,TPC Craig Ranch
18424,"Roy, Kevin",770,TPC San Antonio - The Oaks Course,sg_ott,8.300014952682098,2026-04-05,-0.0015568249775616367,921,TPC Craig Ranch
18424,"Roy, Kevin",4,Torrey Pines Golf Course (South Course),sg_ott,2.280680741762949,2026-02-01,-0.01544044127097838,921,TPC Craig Ranch
18424,"Roy, Kevin",21,Colonial Country Club,sg_ott,3.341080845645088,2025-05-25,-0.030137582307358385,921,TPC Craig Ranch
18424,"Roy, Kevin",921,TPC Craig Ranch,sg_putt,4.458929328813979,2025-05-04,0.0842543505643314,921,TPC Craig Ranch
18424,"Roy, Kevin",510,TPC Scottsdale (Stadium Course),sg_putt,3.8030157146893075,2026-02-08,0.008855552069398127,921,TPC Craig Ranch
18424,"Roy, Kevin",665,Innisbrook Resort and Golf Club - Copperhead Course,sg_putt,9.322144432926699,2026-03-22,-0.020167788495527778,921,TPC Craig Ranch
18424,"Roy, Kevin",809,Country Club de Bogota-Pacos,sg_total,0.9785763863331928,2024-02-11,0.005963097108942632,921,TPC Craig Ranch
18424,"Roy, Kevin",67,The King & Bear Course at WGV,sg_total,1.3583821025797564,2020-06-20,0.0028262991959487386,921,TPC Craig Ranch
18424,"Roy, Kevin",630,Fox Den CC,sg_total,0.5566309536372973,2019-05-19,-0.0002449764057169226,921,TPC Craig Ranch
18424,"Roy, Kevin",811,Paiute Golf Resort - Sun Mt GC,sg_total,0.7898969228492065,2021-04-18,-0.0008657712299938769,921,TPC Craig Ranch
18424,"Roy, Kevin",65,TPC San Antonio-AT&T Oaks,sg_total,0.68876659843788,2020-07-18,-0.0019258435031093378,921,TPC Craig Ranch
18424,"Roy, Kevin",742,Grand Reserve Golf Club,sg_total,2.2261961376418595,2023-03-05,-0.0033014807239669986,921,TPC Craig Ranch
18424,"Roy, Kevin",61,Country Club at Golden Nugget,sg_total,0.9376741115073225,2022-03-27,-0.004615051080360861,921,TPC Craig Ranch
18424,"Roy, Kevin",244,Puntacana Resort (Corales Golf Course),sg_total,5.532814909306656,2025-04-20,-0.0046977494062218446,921,TPC Craig Ranch
18424,"Roy, Kevin",62,The Ledges,sg_total,2.5451190290794052,2022-05-01,-0.005425196044964482,921,TPC Craig Ranch
16591,"Rozo, Marcelo",770,TPC San Antonio - The Oaks Course,sg_ott,1.9555024743866727,2026-04-05,0.007301095989386939,921,TPC Craig Ranch
16591,"Rozo, Marcelo",714,TPC Louisiana,sg_ott,1.976143425723861,2026-04-26,0.0025225689907948626,921,TPC Craig Ranch
16591,"Rozo, Marcelo",928,PGA National  - Champion Course,sg_ott,1.9215788783046464,2026-03-01,-0.004395630100961348,921,TPC Craig Ranch
16591,"Rozo, Marcelo",665,Innisbrook Resort and Golf Club - Copperhead Course,sg_putt,1.9418617552823885,2026-03-22,0.025449952326516836,921,TPC Craig Ranch
16591,"Rozo, Marcelo",510,TPC Scottsdale (Stadium Course),sg_putt,1.9015078573446538,2026-02-08,-0.051474315487076615,921,TPC Craig Ranch
16591,"Rozo, Marcelo",655,The Glen Club,sg_total,1.1171651506413875,2019-05-26,0.01718613670627014,921,TPC Craig Ranch
16591,"Rozo, Marcelo",62,The Ledges,sg_total,3.499346860121474,2022-05-01,0.01527376524020449,921,TPC Craig Ranch
16591,"Rozo, Marcelo",98,PGA Riviera Maya,sg_total,3.306183030916225,2025-05-04,0.009906556412955871,921,TPC Craig Ranch
16591,"Rozo, Marcelo",108,Prince of Wales Country Club,sg_total,3.214893917778624,2025-03-09,0.004475301244337094,921,TPC Craig Ranch
16591,"Rozo, Marcelo",50,Corales Golf Club,sg_total,0.38409981724150816,2017-05-07,0.001146073676844567,921,TPC Craig Ranch
16591,"Rozo, Marcelo",61,Country Club at Golden Nugget,sg_total,0.9376741115073225,2022-03-27,0.0007458954876689601,921,TPC Craig Ranch
16591,"Rozo, Marcelo",65,TPC San Antonio-AT&T Oaks,sg_total,0.68876659843788,2020-07-18,0.0006444895043696584,921,TPC Craig Ranch
16591,"Rozo, Marcelo",811,Paiute Golf Resort - Sun Mt GC,sg_total,1.579793845698413,2021-04-18,-0.0017031891648172693,921,TPC Craig Ranch
16591,"Rozo, Marcelo",742,Grand Reserve Golf Club,sg_total,1.917677008930583,2021-02-28,-0.004257919759150712,921,TPC Craig Ranch
16591,"Rozo, Marcelo",809,Country Club de Bogota-Pacos,sg_total,1.771126135679971,2025-02-09,-0.004909852809246064,921,TPC Craig Ranch
16591,"Rozo, Marcelo",630,Fox Den CC,sg_total,0.5566309536372973,2019-05-19,-0.005715569369467462,921,TPC Craig Ranch
16591,"Rozo, Marcelo",67,The King & Bear Course at WGV,sg_total,0.6791910512898782,2020-06-20,-0.007431313381554346,921,TPC Craig Ranch
16715,"Ryder, Sam",5,Pebble Beach Golf Links,sg_app,2.14124590015417,2024-02-04,0.003593062587076199,921,TPC Craig Ranch
16715,"Ryder, Sam",772,St. George's G&CC,sg_app,0.9744785033464105,2022-06-12,0.0008252314736966106,921,TPC Craig Ranch
16715,"Ryder, Sam",921,TPC Craig Ranch,sg_app,4.793074929842357,2025-05-04,-0.0008399237388255719,921,TPC Craig Ranch
16715,"Ryder, Sam",934,Hurstbourne Country Club,sg_app,1.7119741538578583,2025-07-13,-0.008973157834276836,921,TPC Craig Ranch
16715,"Ryder, Sam",514,Oak Hill Country Club,sg_app,1.1567879787560167,2023-05-21,-0.012360138854759787,921,TPC Craig Ranch
16715,"Ryder, Sam",6,Waialae Country Club,sg_arg,9.425837236325794,2025-01-12,0.020488047806215326,921,TPC Craig Ranch
16715,"Ryder, Sam",873,Ridgewood CC,sg_arg,0.9746219381933394,2018-08-26,0.005654358383981256,921,TPC Craig Ranch
16715,"Ryder, Sam",744,Torrey Pines (South),sg_arg,0.8151747109591491,2021-06-20,0.003519857029716053,921,TPC Craig Ranch
16715,"Ryder, Sam",21,Colonial Country Club,sg_arg,8.345987072122005,2025-05-25,0.0006332538247682042,921,TPC Craig Ranch
16715,"Ryder, Sam",660,Montreux Golf & Country Club,sg_arg,1.152915972229429,2019-07-28,0.0005609790347941323,921,TPC Craig Ranch
16715,"Ryder, Sam",886,Liberty National Golf Club,sg_arg,1.4217687713107343,2021-08-22,-0.002161744299837001,921,TPC Craig Ranch
16715,"Ryder, Sam",243,Trinity Forest Golf Club,sg_arg,0.9280166181378802,2018-05-20,-0.0026107606482147555,921,TPC Craig Ranch
16715,"Ryder, Sam",930,Black Desert Resort,sg_arg,6.5955820378194945,2025-10-26,-0.008861715321122917,921,TPC Craig Ranch
16715,"Ryder, Sam",874,Hamilton Golf & Country Club,sg_arg,1.3974472516771892,2024-06-02,-0.0112851315303167,921,TPC Craig Ranch
16715,"Ryder, Sam",921,TPC Craig Ranch,sg_arg,4.793074929842357,2025-05-04,-0.03240193274239017,921,TPC Craig Ranch
16715,"Ryder, Sam",893,Muirfield Village Golf Club,sg_ott,1.373406789990266,2020-07-12,0.008263087828506549,921,TPC Craig Ranch
16715,"Ryder, Sam",714,TPC Louisiana,sg_ott,5.904870804429231,2026-04-26,0.007260619078295788,921,TPC Craig Ranch
16715,"Ryder, Sam",926,Silverado Resort (North Course),sg_ott,5.694944412848971,2025-09-14,0.005458072116682627,921,TPC Craig Ranch
16715,"Ryder, Sam",921,TPC Craig Ranch,sg_ott,4.793074929842357,2025-05-04,0.004332065311452065,921,TPC Craig Ranch
16715,"Ryder, Sam",12,Harbour Town Golf Links,sg_ott,3.899312119597897,2023-04-16,0.0026651532467760423,921,TPC Craig Ranch
16715,"Ryder, Sam",32,Glen Abbey GC,sg_ott,0.9610722998371628,2018-07-29,0.0021730608562280118,921,TPC Craig Ranch
16715,"Ryder, Sam",243,Trinity Forest Golf Club,sg_ott,0.9280166181378802,2018-05-20,0.0020284423299663655,921,TPC Craig Ranch
16715,"Ryder, Sam",823,Keene Trace Golf Club,sg_ott,0.9577144264939117,2018-07-22,0.0017037185895157519,921,TPC Craig Ranch
16715,"Ryder, Sam",977,The Renaissance Club,sg_ott,1.1896357651432707,2023-07-16,0.001552435313254359,921,TPC Craig Ranch
16715,"Ryder, Sam",744,Torrey Pines (South),sg_ott,0.8151747109591491,2021-06-20,-0.0030308372894800152,921,TPC Craig Ranch
16715,"Ryder, Sam",772,St. George's G&CC,sg_ott,0.9744785033464105,2022-06-12,-0.003059007441068097,921,TPC Craig Ranch
16715,"Ryder, Sam",873,Ridgewood CC,sg_ott,0.9746219381933394,2018-08-26,-0.0032211124586692705,921,TPC Craig Ranch
16715,"Ryder, Sam",5,Pebble Beach Golf Links,sg_ott,2.14124590015417,2024-02-04,-0.004105441818292983,921,TPC Craig Ranch
16715,"Ryder, Sam",4,Torrey Pines Golf Course (South Course),sg_ott,10.418067685395057,2026-02-01,-0.005826942038357187,921,TPC Craig Ranch
16715,"Ryder, Sam",770,TPC San Antonio - The Oaks Course,sg_ott,14.518258192631897,2026-04-05,-0.006898265083478565,921,TPC Craig Ranch
16715,"Ryder, Sam",928,PGA National  - Champion Course,sg_ott,7.795816820718998,2026-03-01,-0.0075701104729449875,921,TPC Craig Ranch
16715,"Ryder, Sam",514,Oak Hill Country Club,sg_ott,1.1567879787560167,2023-05-21,-0.012188263282864568,921,TPC Craig Ranch
16715,"Ryder, Sam",876,Detroit Golf Club,sg_ott,9.550801152334866,2025-06-29,-0.012489071712767478,921,TPC Craig Ranch
16715,"Ryder, Sam",897,Memorial Park Golf Course,sg_ott,11.460545165763888,2026-03-29,-0.013004509639681217,921,TPC Craig Ranch
16715,"Ryder, Sam",746,The Country Club of Jackson,sg_ott,12.628892690649675,2025-10-05,-0.019959281724523114,921,TPC Craig Ranch
16715,"Ryder, Sam",872,Quail Hollow Club,sg_ott,2.4077248672342595,2023-05-07,-0.022241377392570403,921,TPC Craig Ranch
16715,"Ryder, Sam",21,Colonial Country Club,sg_ott,8.345987072122005,2025-05-25,-0.055724494807865545,921,TPC Craig Ranch
16715,"Ryder, Sam",665,Innisbrook Resort and Golf Club - Copperhead Course,sg_putt,15.229003009445535,2026-03-22,0.057241275813894654,921,TPC Craig Ranch
16715,"Ryder, Sam",510,TPC Scottsdale (Stadium Course),sg_putt,12.379821352765882,2025-02-09,0.011136095095718767,921,TPC Craig Ranch
16715,"Ryder, Sam",893,Muirfield Village Golf Club,sg_putt,1.373406789990266,2020-07-12,0.009921803982846209,921,TPC Craig Ranch
16715,"Ryder, Sam",873,Ridgewood CC,sg_putt,0.9746219381933394,2018-08-26,0.005117093426564269,921,TPC Craig Ranch
16715,"Ryder, Sam",660,Montreux Golf & Country Club,sg_putt,1.152915972229429,2019-07-28,0.0010832409830706224,921,TPC Craig Ranch
16715,"Ryder, Sam",921,TPC Craig Ranch,sg_putt,4.793074929842357,2025-05-04,-0.00658448060871479,921,TPC Craig Ranch
16715,"Ryder, Sam",50,Corales Golf Club,sg_total,0.7681996344830163,2017-05-07,0.007262472041753889,921,TPC Craig Ranch
16715,"Ryder, Sam",742,Grand Reserve Golf Club,sg_total,2.822115186803825,2021-02-28,0.003645968318581905,921,TPC Craig Ranch
16715,"Ryder, Sam",244,Puntacana Resort (Corales Golf Course),sg_total,6.178616782773764,2024-04-21,0.0032598046575437224,921,TPC Craig Ranch
16715,"Ryder, Sam",803,University Ridge GC,sg_total,0.19339897420195362,2017-05-21,0.0004467465720839055,921,TPC Craig Ranch
16715,"Ryder, Sam",630,Fox Den CC,sg_total,0.8096075629694468,2017-08-20,-0.0005872005720426106,921,TPC Craig Ranch
16715,"Ryder, Sam",56,Atlantic Beach Country Club,sg_total,0.4133945482384591,2017-10-01,-0.0008573409496538154,921,TPC Craig Ranch
16715,"Ryder, Sam",236,Erin Hills,sg_total,0.7845024067939457,2017-06-18,-0.002485558119151715,921,TPC Craig Ranch
14792,"Saddier, Adrien",6,Waialae Country Club,sg_arg,1.8816464795520194,2026-01-18,0.006327938067413992,921,TPC Craig Ranch
14792,"Saddier, Adrien",928,PGA National  - Champion Course,sg_ott,3.8431577566092927,2026-03-01,0.019899588276624938,921,TPC Craig Ranch
14792,"Saddier, Adrien",897,Memorial Park Golf Course,sg_ott,3.8973403584349975,2026-03-29,-0.0091645966191133,921,TPC Craig Ranch
14792,"Saddier, Adrien",4,Torrey Pines Golf Course (South Course),sg_ott,0.9474321065017983,2026-02-01,-0.01674286545518202,921,TPC Craig Ranch
14792,"Saddier, Adrien",770,TPC San Antonio - The Oaks Course,sg_ott,1.9555024743866727,2026-04-05,-0.02574749001315729,921,TPC Craig Ranch
14792,"Saddier, Adrien",977,The Renaissance Club,sg_ott,1.7119741538578583,2025-07-13,-0.027980854887528835,921,TPC Craig Ranch
14792,"Saddier, Adrien",510,TPC Scottsdale (Stadium Course),sg_putt,3.8030157146893075,2026-02-08,-0.022242616281151647,921,TPC Craig Ranch
14792,"Saddier, Adrien",665,Innisbrook Resort and Golf Club - Copperhead Course,sg_putt,1.9418617552823885,2026-03-22,-0.024258395510254206,921,TPC Craig Ranch
14792,"Saddier, Adrien",4586,wentworth golf club,sg_total,7.067038727062007,2025-09-14,0.05630421093325505,921,TPC Craig Ranch
14792,"Saddier, Adrien",4585,k club,sg_total,3.5211736633368846,2025-09-07,0.01937846836521298,921,TPC Craig Ranch
14792,"Saddier, Adrien",4493,pga national oaks prague,sg_total,2.9045961482947638,2024-08-18,0.01712586117052551,921,TPC Craig Ranch
14792,"Saddier, Adrien",4576,argentario gc,sg_total,3.4000643609015926,2025-06-29,0.01574675001010954,921,TPC Craig Ranch
14792,"Saddier, Adrien",4382,rinkven international gc,sg_total,2.785129471367084,2024-05-26,0.010377741829495763,921,TPC Craig Ranch
14792,"Saddier, Adrien",4108,infinitum golf lakes course,sg_total,1.9017877429321917,2022-04-24,0.009499819676135923,921,TPC Craig Ranch
14792,"Saddier, Adrien",3946,marco simone gc,sg_total,1.6943418242066095,2021-09-05,0.00926165974021039,921,TPC Craig Ranch
14792,"Saddier, Adrien",3773,al mouj golf,sg_total,1.0712159028587338,2019-03-03,0.004674441676585131,921,TPC Craig Ranch
14792,"Saddier, Adrien",3774,doha gc,sg_total,1.0749717273775774,2019-03-10,0.004430293320078628,921,TPC Craig Ranch
14792,"Saddier, Adrien",3867,mount juliet estate,sg_total,0.8209009523987683,2021-07-04,0.0031820592879803575,921,TPC Craig Ranch
14792,"Saddier, Adrien",3670,kingsbarns golf links,sg_total,0.24882635382318666,2018-10-07,0.0025199642814157926,921,TPC Craig Ranch
14792,"Saddier, Adrien",3782,himmerland golf & spa resort,sg_total,1.1171651506413875,2019-05-26,0.001740892429584095,921,TPC Craig Ranch
14792,"Saddier, Adrien",3671,carnoustie,sg_total,0.24882635382318666,2018-10-07,0.0008123624657846198,921,TPC Craig Ranch
14792,"Saddier, Adrien",4458,adriatic golf club cervia,sg_total,2.834298208747338,2024-06-30,0.0007676302357413522,921,TPC Craig Ranch
14792,"Saddier, Adrien",4401,carnoustie,sg_total,0.7441594147231158,2024-10-06,0.0006141778205831413,921,TPC Craig Ranch
14792,"Saddier, Adrien",4582,furesø golf klub,sg_total,3.4843947669831934,2025-08-17,0.0005600466904195434,921,TPC Craig Ranch
14792,"Saddier, Adrien",3658,green eagle golf courses,sg_total,0.9610722998371628,2018-07-29,3.617941193217872e-05,921,TPC Craig Ranch
14792,"Saddier, Adrien",3638,saujana g&cc,sg_total,0.7978076813981376,2019-02-17,-0.0005798773709476559,921,TPC Craig Ranch
14792,"Saddier, Adrien",3666,dutch,sg_total,0.2462273457786197,2018-09-16,-0.000590863094793184,921,TPC Craig Ranch
14792,"Saddier, Adrien",3765,randpark gc firethorn course,sg_total,0.25678913942997755,2018-12-09,-0.0006301452176812762,921,TPC Craig Ranch
14792,"Saddier, Adrien",3500,royal johannesburg east course,sg_total,0.37088886391194176,2017-02-26,-0.0006531456058309275,921,TPC Craig Ranch
14792,"Saddier, Adrien",3779,royal golf dar es salam red course,sg_total,0.5508169057917612,2019-04-28,-0.0011003868763567249,921,TPC Craig Ranch
14792,"Saddier, Adrien",4010,crans-sur-sierre gc,sg_total,1.0127274943719553,2022-08-28,-0.0012122632499753973,921,TPC Craig Ranch
14792,"Saddier, Adrien",3649,rinkven international gc,sg_total,0.4640083090689401,2018-05-20,-0.0017817515624258644,921,TPC Craig Ranch
14792,"Saddier, Adrien",3731,centro nacional de golf,sg_total,0.4559588022737643,2018-04-15,-0.002347074838773887,921,TPC Craig Ranch
14792,"Saddier, Adrien",3648,royal golf dar es salam red course,sg_total,0.45755745409044485,2018-04-22,-0.002530053522414934,921,TPC Craig Ranch
14792,"Saddier, Adrien",4056,frederikshavn golfklub,sg_total,0.7037354185131224,2020-08-30,-0.002816418101800845,921,TPC Craig Ranch
14792,"Saddier, Adrien",3937,real club valderrama,sg_total,1.412405615781072,2020-09-06,-0.0033014296922835224,921,TPC Craig Ranch
14792,"Saddier, Adrien",3890,leopard creek cc,sg_total,1.9643814630301222,2020-11-29,-0.005300439522875615,921,TPC Craig Ranch
14792,"Saddier, Adrien",4592,yas links,sg_total,3.6338560642748248,2025-11-09,-0.005524123917256719,921,TPC Craig Ranch
14792,"Saddier, Adrien",4601,old course st andrews,sg_total,0.892704196411185,2025-10-05,-0.006056224885669014,921,TPC Craig Ranch
14792,"Saddier, Adrien",3898,randpark gc firethorn course,sg_total,1.0474079633512983,2020-11-22,-0.006795457893959095,921,TPC Craig Ranch
14792,"Saddier, Adrien",4074,pga national cyprus course,sg_total,0.7288022691925407,2020-11-08,-0.007320525605269969,921,TPC Craig Ranch
14792,"Saddier, Adrien",4204,bernardus golf,sg_total,1.1608438302814847,2023-05-28,-0.007482457389854217,921,TPC Craig Ranch
14792,"Saddier, Adrien",3662,hills golf & sports club,sg_total,0.4856083620053189,2018-08-19,-0.008793581687925388,921,TPC Craig Ranch
14792,"Saddier, Adrien",4603,kingsbarns golf links,sg_total,0.892704196411185,2025-10-05,-0.01850463017614857,921,TPC Craig Ranch
30814,"Sargent, Gordon",934,Hurstbourne Country Club,sg_app,3.4239483077157167,2025-07-13,0.005508316287193454,921,TPC Craig Ranch
30814,"Sargent, Gordon",709,Royal Troon,sg_app,1.432107564454417,2024-07-21,-0.014152610295859763,921,TPC Craig Ranch
30814,"Sargent, Gordon",930,Black Desert Resort,sg_arg,0.9021269734815165,2025-10-26,-0.0008783501306506501,921,TPC Craig Ranch
30814,"Sargent, Gordon",6,Waialae Country Club,sg_arg,1.8816464795520194,2026-01-18,-0.011963416798601176,921,TPC Craig Ranch
30814,"Sargent, Gordon",746,The Country Club of Jackson,sg_ott,3.57081678564474,2025-10-05,0.04271392739909071,921,TPC Craig Ranch
30814,"Sargent, Gordon",897,Memorial Park Golf Course,sg_ott,1.9486701792174987,2026-03-29,0.026318611070552313,921,TPC Craig Ranch
30814,"Sargent, Gordon",770,TPC San Antonio - The Oaks Course,sg_ott,3.9110049487733454,2026-04-05,0.024029186045223683,921,TPC Craig Ranch
30814,"Sargent, Gordon",928,PGA National  - Champion Course,sg_ott,1.9215788783046464,2026-03-01,0.010919174095161195,921,TPC Craig Ranch
30814,"Sargent, Gordon",4,Torrey Pines Golf Course (South Course),sg_ott,0.9474321065017983,2026-02-01,0.007938306386077485,921,TPC Craig Ranch
30814,"Sargent, Gordon",926,Silverado Resort (North Course),sg_ott,1.7667596817655018,2025-09-14,-0.0002068211039102123,921,TPC Craig Ranch
30814,"Sargent, Gordon",528,Pinehurst Resort & Country Club (Course No. 2),sg_ott,1.4072636999239956,2024-06-16,-0.004591596747965037,921,TPC Craig Ranch
30814,"Sargent, Gordon",714,TPC Louisiana,sg_ott,3.952286851447722,2026-04-26,-0.029219726431592534,921,TPC Craig Ranch
30814,"Sargent, Gordon",876,Detroit Golf Club,sg_ott,3.4000643609015926,2025-06-29,-0.04172499146881184,921,TPC Craig Ranch
30814,"Sargent, Gordon",665,Innisbrook Resort and Golf Club - Copperhead Course,sg_putt,1.9418617552823885,2026-03-22,-0.02262397978065121,921,TPC Craig Ranch
30814,"Sargent, Gordon",709,Royal Troon,sg_putt,1.432107564454417,2024-07-21,-0.028924674064101145,921,TPC Craig Ranch
18417,"Scheffler, Scottie",921,TPC Craig Ranch,sg_app,9.135603849248698,2025-05-04,0.09714364662085122,921,TPC Craig Ranch
18417,"Scheffler, Scottie",709,Royal Troon,sg_app,2.864215128908834,2024-07-21,0.03041268214250808,921,TPC Craig Ranch
18417,"Scheffler, Scottie",882,Caves Valley Golf Club,sg_app,5.172816760551855,2025-08-17,0.017538717188533837,921,TPC Craig Ranch
18417,"Scheffler, Scottie",514,Oak Hill Country Club,sg_app,2.3135759575120334,2023-05-21,0.0074909368893107935,921,TPC Craig Ranch
18417,"Scheffler, Scottie",772,St. George's G&CC,sg_app,1.948957006692821,2022-06-12,0.003344077009843821,921,TPC Craig Ranch
18417,"Scheffler, Scottie",656,Plantation Course at Kapalua,sg_app,6.2658146218892625,2024-01-07,-0.0054933939251940785,921,TPC Craig Ranch
18417,"Scheffler, Scottie",5,Pebble Beach Golf Links,sg_app,6.548328671419176,2026-02-15,-0.011777911820887882,921,TPC Craig Ranch
18417,"Scheffler, Scottie",688,East Lake Golf Club,sg_app,11.059284877187887,2025-08-24,-0.03443166021300506,921,TPC Craig Ranch
18417,"Scheffler, Scottie",406,Castle Pines Golf Club,sg_app,2.914780046239138,2024-08-25,-0.07403338224458007,921,TPC Craig Ranch
18417,"Scheffler, Scottie",243,Trinity Forest Golf Club,sg_arg,1.1093723013800876,2019-05-12,0.0005071490069404003,921,TPC Craig Ranch
18417,"Scheffler, Scottie",896,Olympia Fields Country Club (North Course),sg_arg,3.828746079611142,2023-08-20,-0.0007997062846888445,921,TPC Craig Ranch
18417,"Scheffler, Scottie",886,Liberty National Golf Club,sg_arg,1.6825228461212498,2021-08-22,-0.0022001256970815286,921,TPC Craig Ranch
18417,"Scheffler, Scottie",671,Valhalla Golf Club,sg_arg,2.7753985572506426,2024-05-19,-0.003993227003005171,921,TPC Craig Ranch
18417,"Scheffler, Scottie",744,Torrey Pines (South),sg_arg,1.6303494219182981,2021-06-20,-0.0042042539719386015,921,TPC Craig Ranch
18417,"Scheffler, Scottie",933,East Lake Golf Club,sg_arg,2.924999650275528,2024-09-01,-0.007333828116339037,921,TPC Craig Ranch
18417,"Scheffler, Scottie",406,Castle Pines Golf Club,sg_arg,2.914780046239138,2024-08-25,-0.008795168983081173,921,TPC Craig Ranch
18417,"Scheffler, Scottie",21,Colonial Country Club,sg_arg,12.544233142464684,2025-05-25,-0.012463339818653276,921,TPC Craig Ranch
18417,"Scheffler, Scottie",921,TPC Craig Ranch,sg_arg,9.135603849248698,2025-05-04,-0.024658755010594825,921,TPC Craig Ranch
18417,"Scheffler, Scottie",514,Oak Hill Country Club,sg_ott,2.3135759575120334,2023-05-21,0.019396717580155553,921,TPC Craig Ranch
18417,"Scheffler, Scottie",21,Colonial Country Club,sg_ott,12.544233142464684,2025-05-25,0.011136287935495204,921,TPC Craig Ranch
18417,"Scheffler, Scottie",921,TPC Craig Ranch,sg_ott,9.135603849248698,2025-05-04,0.00937518088981406,921,TPC Craig Ranch
18417,"Scheffler, Scottie",241,Quail Hollow-PGA Championship,sg_ott,3.329407502951579,2025-05-18,0.0062136114177259,921,TPC Craig Ranch
18417,"Scheffler, Scottie",654,The Country Club,sg_ott,1.9557903075170284,2022-06-19,0.005799646277376711,921,TPC Craig Ranch
18417,"Scheffler, Scottie",12,Harbour Town Golf Links,sg_ott,12.23185287820354,2026-04-19,0.0055059074932711964,921,TPC Craig Ranch
18417,"Scheffler, Scottie",933,East Lake Golf Club,sg_ott,2.924999650275528,2024-09-01,0.005300773364061324,921,TPC Craig Ranch
18417,"Scheffler, Scottie",895,TPC Harding Park,sg_ott,1.3927697092247904,2020-08-09,0.005230764988846381,921,TPC Craig Ranch
18417,"Scheffler, Scottie",243,Trinity Forest Golf Club,sg_ott,1.1093723013800876,2019-05-12,0.0051807491329464665,921,TPC Craig Ranch
18417,"Scheffler, Scottie",14,Augusta National Golf Club,sg_ott,15.651912172097548,2026-04-12,0.0038620845767849644,921,TPC Craig Ranch
18417,"Scheffler, Scottie",250,Le Golf National,sg_ott,2.884334972106428,2024-08-04,0.0036849643474749943,921,TPC Craig Ranch
18417,"Scheffler, Scottie",901,Wilmington Country Club,sg_ott,2.0183782877342047,2022-08-21,0.0029216002932563366,921,TPC Craig Ranch
18417,"Scheffler, Scottie",770,TPC San Antonio - The Oaks Course,sg_ott,2.6589010757100704,2021-04-04,0.0022406808238248062,921,TPC Craig Ranch
18417,"Scheffler, Scottie",697,Ocean Course at Kiawah Island,sg_ott,1.6076835612440104,2021-05-23,0.0013627222708599035,921,TPC Craig Ranch
18417,"Scheffler, Scottie",926,Silverado Resort (North Course),sg_ott,3.5335193635310036,2025-09-14,0.0011751578858700572,921,TPC Craig Ranch
18417,"Scheffler, Scottie",8,Trump National Doral - Blue Monster Course,sg_ott,3.966144091451867,2026-05-03,0.0006355088314971684,921,TPC Craig Ranch
18417,"Scheffler, Scottie",893,Muirfield Village Golf Club,sg_ott,0.686703394995133,2020-07-12,-0.00010114391453693161,921,TPC Craig Ranch
18417,"Scheffler, Scottie",876,Detroit Golf Club,sg_ott,0.6843041342681669,2020-07-05,-0.0007489720544673892,921,TPC Craig Ranch
18417,"Scheffler, Scottie",772,St. George's G&CC,sg_ott,1.948957006692821,2022-06-12,-0.0013027089777620474,921,TPC Craig Ranch
18417,"Scheffler, Scottie",671,Valhalla Golf Club,sg_ott,2.7753985572506426,2024-05-19,-0.0016484498269388834,921,TPC Craig Ranch
18417,"Scheffler, Scottie",746,The Country Club of Jackson,sg_ott,2.617972168700934,2020-10-04,-0.002050577182218107,921,TPC Craig Ranch
18417,"Scheffler, Scottie",205,Spyglass Hill Golf Course,sg_ott,1.7438680715231738,2026-02-15,-0.00316897725360344,921,TPC Craig Ranch
18417,"Scheffler, Scottie",977,The Renaissance Club,sg_ott,6.791436986514542,2025-07-13,-0.004013160782831057,921,TPC Craig Ranch
18417,"Scheffler, Scottie",744,Torrey Pines (South),sg_ott,1.6303494219182981,2021-06-20,-0.008133957935025412,921,TPC Craig Ranch
18417,"Scheffler, Scottie",5,Pebble Beach Golf Links,sg_ott,6.548328671419176,2026-02-15,-0.013048341282834464,921,TPC Craig Ranch
18417,"Scheffler, Scottie",4,Torrey Pines Golf Course (South Course),sg_ott,2.0627116440366553,2022-01-29,-0.01497333701864785,921,TPC Craig Ranch
18417,"Scheffler, Scottie",897,Memorial Park Golf Course,sg_ott,11.274309542125788,2025-03-30,-0.01761546093518443,921,TPC Craig Ranch
18417,"Scheffler, Scottie",528,Pinehurst Resort & Country Club (Course No. 2),sg_ott,2.814527399847991,2024-06-16,-0.01831159823144798,921,TPC Craig Ranch
18417,"Scheffler, Scottie",232,Albany GC,sg_putt,9.308770175069775,2025-12-07,0.06460762298877377,921,TPC Craig Ranch
18417,"Scheffler, Scottie",510,TPC Scottsdale (Stadium Course),sg_putt,15.814264508374253,2026-02-08,0.037051416252979655,921,TPC Craig Ranch
18417,"Scheffler, Scottie",921,TPC Craig Ranch,sg_putt,9.135603849248698,2025-05-04,0.01555003940361516,921,TPC Craig Ranch
18417,"Scheffler, Scottie",898,The Concession Golf Club,sg_putt,1.5415591836000346,2021-02-28,0.007399378266268763,921,TPC Craig Ranch
18417,"Scheffler, Scottie",656,Plantation Course at Kapalua,sg_putt,6.2658146218892625,2024-01-07,0.0016839731345624043,921,TPC Craig Ranch
18417,"Scheffler, Scottie",893,Muirfield Village Golf Club,sg_putt,0.686703394995133,2020-07-12,-0.00014248385457305037,921,TPC Craig Ranch
18417,"Scheffler, Scottie",665,Innisbrook Resort and Golf Club - Copperhead Course,sg_putt,1.5908911980373366,2021-05-02,-0.0004433747941045625,921,TPC Craig Ranch
18417,"Scheffler, Scottie",666,Pebble Beach Golf Links,sg_putt,1.1289571845620932,2019-06-16,-0.0034292592272284522,921,TPC Craig Ranch
18417,"Scheffler, Scottie",668,St. Andrews Links (Old Course),sg_putt,1.9833639368598586,2022-07-17,-0.006272580288765951,921,TPC Craig Ranch
18417,"Scheffler, Scottie",2000,Sherwood Country Club,sg_putt,1.447436934746801,2020-10-25,-0.010167377650298869,921,TPC Craig Ranch
18417,"Scheffler, Scottie",406,Castle Pines Golf Club,sg_putt,2.914780046239138,2024-08-25,-0.01196349717816881,921,TPC Craig Ranch
18417,"Scheffler, Scottie",724,Royal Liverpool,sg_putt,2.387613570697432,2023-07-23,-0.012386734832037047,921,TPC Craig Ranch
18417,"Scheffler, Scottie",709,Royal Troon,sg_putt,2.864215128908834,2024-07-21,-0.012978083882930076,921,TPC Craig Ranch
18417,"Scheffler, Scottie",655,The Glen Club,sg_total,1.1171651506413875,2019-05-26,0.007580094614019725,921,TPC Craig Ranch
18417,"Scheffler, Scottie",236,Erin Hills,sg_total,0.7845024067939457,2017-06-18,0.0033651553519205247,921,TPC Craig Ranch
19477,"Schenk, Adam",921,TPC Craig Ranch,sg_app,10.738896157582467,2025-05-04,0.10223319405756832,921,TPC Craig Ranch
19477,"Schenk, Adam",688,East Lake Golf Club,sg_app,2.4297645535619843,2023-08-27,0.038852742321933524,921,TPC Craig Ranch
19477,"Schenk, Adam",709,Royal Troon,sg_app,1.432107564454417,2024-07-21,0.03616137197119426,921,TPC Craig Ranch
19477,"Schenk, Adam",514,Oak Hill Country Club,sg_app,1.1567879787560167,2023-05-21,0.0062714469297570925,921,TPC Craig Ranch
19477,"Schenk, Adam",656,Plantation Course at Kapalua,sg_app,2.5968375067405898,2024-01-07,0.0009076603941980767,921,TPC Craig Ranch
19477,"Schenk, Adam",934,Hurstbourne Country Club,sg_app,1.7119741538578583,2025-07-13,-0.000785739597442178,921,TPC Craig Ranch
19477,"Schenk, Adam",5,Pebble Beach Golf Links,sg_app,7.046046583276603,2026-02-15,-0.04399330400659856,921,TPC Craig Ranch
19477,"Schenk, Adam",875,ACCORDIA GOLF Narashino Country Club,sg_app,3.0080570172775305,2024-10-27,-0.05411748285288221,921,TPC Craig Ranch
19477,"Schenk, Adam",886,Liberty National Golf Club,sg_arg,2.8435375426214686,2021-08-22,0.011777929963849819,921,TPC Craig Ranch
19477,"Schenk, Adam",6,Waialae Country Club,sg_arg,10.861246676451637,2026-01-18,0.006948023076107079,921,TPC Craig Ranch
19477,"Schenk, Adam",243,Trinity Forest Golf Club,sg_arg,1.482702768827924,2019-05-12,0.00362934254476623,921,TPC Craig Ranch
19477,"Schenk, Adam",896,Olympia Fields Country Club (North Course),sg_arg,2.421275242584897,2023-08-20,0.0027363975030877097,921,TPC Craig Ranch
19477,"Schenk, Adam",21,Colonial Country Club,sg_arg,9.64804255815598,2025-05-25,0.0014257968400690048,921,TPC Craig Ranch
19477,"Schenk, Adam",930,Black Desert Resort,sg_arg,3.608507893926066,2025-10-26,-0.0015548563253596469,921,TPC Craig Ranch
19477,"Schenk, Adam",874,Hamilton Golf & Country Club,sg_arg,1.1250127412185955,2019-06-09,-0.002545403884243396,921,TPC Craig Ranch
19477,"Schenk, Adam",671,Valhalla Golf Club,sg_arg,1.3876992786253213,2024-05-19,-0.008919297874076063,921,TPC Craig Ranch
19477,"Schenk, Adam",921,TPC Craig Ranch,sg_arg,10.738896157582467,2025-05-04,-0.019099931923417298,921,TPC Craig Ranch
19477,"Schenk, Adam",876,Detroit Golf Club,sg_ott,10.62580194827257,2025-06-29,0.029291968747548074,921,TPC Craig Ranch
19477,"Schenk, Adam",921,TPC Craig Ranch,sg_ott,10.738896157582467,2025-05-04,0.025491501004917073,921,TPC Craig Ranch
19477,"Schenk, Adam",4,Torrey Pines Golf Course (South Course),sg_ott,11.565111239162839,2026-02-01,0.02166866967559979,921,TPC Craig Ranch
19477,"Schenk, Adam",12,Harbour Town Golf Links,sg_ott,12.704520869913985,2026-04-19,0.01931040202825362,921,TPC Craig Ranch
19477,"Schenk, Adam",926,Silverado Resort (North Course),sg_ott,5.006292602443204,2025-09-14,0.011128541086255458,921,TPC Craig Ranch
19477,"Schenk, Adam",893,Muirfield Village Golf Club,sg_ott,1.373406789990266,2020-07-12,0.005518152358955766,921,TPC Craig Ranch
19477,"Schenk, Adam",14,Augusta National Golf Club,sg_ott,4.363076460251681,2025-04-13,0.004794560767929501,921,TPC Craig Ranch
19477,"Schenk, Adam",714,TPC Louisiana,sg_ott,3.6234592342610146,2026-04-26,0.0026248713975622977,921,TPC Craig Ranch
19477,"Schenk, Adam",205,Spyglass Hill Golf Course,sg_ott,0.9540873975903711,2026-02-15,0.0014878265060633221,921,TPC Craig Ranch
19477,"Schenk, Adam",654,The Country Club,sg_ott,1.9557903075170284,2022-06-19,0.0014639620514119564,921,TPC Craig Ranch
19477,"Schenk, Adam",823,Keene Trace Golf Club,sg_ott,0.47885721324695585,2018-07-22,0.001414281567002089,921,TPC Craig Ranch
19477,"Schenk, Adam",243,Trinity Forest Golf Club,sg_ott,1.482702768827924,2019-05-12,0.0012653974533038278,921,TPC Craig Ranch
19477,"Schenk, Adam",671,Valhalla Golf Club,sg_ott,1.3876992786253213,2024-05-19,0.0011860006191880788,921,TPC Craig Ranch
19477,"Schenk, Adam",897,Memorial Park Golf Course,sg_ott,7.10905809458,2026-03-29,-0.00033183651769386376,921,TPC Craig Ranch
19477,"Schenk, Adam",746,The Country Club of Jackson,sg_ott,10.572639889104888,2025-10-05,-0.0026775549092343943,921,TPC Craig Ranch
19477,"Schenk, Adam",928,PGA National  - Champion Course,sg_ott,8.115564970354328,2026-03-01,-0.0030074158786779436,921,TPC Craig Ranch
19477,"Schenk, Adam",32,Glen Abbey GC,sg_ott,0.9610722998371628,2018-07-29,-0.0030518177182288398,921,TPC Craig Ranch
19477,"Schenk, Adam",528,Pinehurst Resort & Country Club (Course No. 2),sg_ott,1.4072636999239956,2024-06-16,-0.007919540106219796,921,TPC Craig Ranch
19477,"Schenk, Adam",770,TPC San Antonio - The Oaks Course,sg_ott,13.118219123307437,2026-04-05,-0.008959789298067455,921,TPC Craig Ranch
19477,"Schenk, Adam",514,Oak Hill Country Club,sg_ott,1.1567879787560167,2023-05-21,-0.012025685667149311,921,TPC Craig Ranch
19477,"Schenk, Adam",872,Quail Hollow Club,sg_ott,6.27892279434564,2024-05-12,-0.012914941047160858,921,TPC Craig Ranch
19477,"Schenk, Adam",21,Colonial Country Club,sg_ott,9.64804255815598,2025-05-25,-0.015109041194014487,921,TPC Craig Ranch
19477,"Schenk, Adam",5,Pebble Beach Golf Links,sg_ott,7.046046583276603,2026-02-15,-0.023223755139756563,921,TPC Craig Ranch
19477,"Schenk, Adam",921,TPC Craig Ranch,sg_putt,10.738896157582467,2025-05-04,0.0449911573000015,921,TPC Craig Ranch
19477,"Schenk, Adam",709,Royal Troon,sg_putt,1.432107564454417,2024-07-21,-0.004954102945428909,921,TPC Craig Ranch
19477,"Schenk, Adam",724,Royal Liverpool,sg_putt,1.193806785348716,2023-07-23,-0.005454898049527133,921,TPC Craig Ranch
19477,"Schenk, Adam",893,Muirfield Village Golf Club,sg_putt,1.373406789990266,2020-07-12,-0.0054907626781989325,921,TPC Craig Ranch
19477,"Schenk, Adam",656,Plantation Course at Kapalua,sg_putt,2.5968375067405898,2024-01-07,-0.011832475964841067,921,TPC Craig Ranch
19477,"Schenk, Adam",510,TPC Scottsdale (Stadium Course),sg_putt,13.288163002651753,2026-02-08,-0.020330729417003826,921,TPC Craig Ranch
19477,"Schenk, Adam",665,Innisbrook Resort and Golf Club - Copperhead Course,sg_putt,12.463848291076363,2026-03-22,-0.020690122015199895,921,TPC Craig Ranch
19477,"Schenk, Adam",50,Corales Golf Club,sg_total,0.7681996344830163,2017-05-07,0.008103730934460965,921,TPC Craig Ranch
19477,"Schenk, Adam",742,Grand Reserve Golf Club,sg_total,3.8895883875519215,2021-02-28,0.007175170821316967,921,TPC Craig Ranch
19477,"Schenk, Adam",244,Puntacana Resort (Corales Golf Course),sg_total,6.854665982250063,2022-03-27,0.00419944386680295,921,TPC Craig Ranch
19477,"Schenk, Adam",56,Atlantic Beach Country Club,sg_total,1.606972995371032,2018-09-20,0.0029214161318787363,921,TPC Craig Ranch
19477,"Schenk, Adam",803,University Ridge GC,sg_total,0.19339897420195362,2017-05-21,-0.00013503787468508628,921,TPC Craig Ranch
19477,"Schenk, Adam",630,Fox Den CC,sg_total,0.8096075629694468,2017-08-20,-0.003181025658301104,921,TPC Craig Ranch
20722,"Schmid, Matthias",921,TPC Craig Ranch,sg_app,1.3780193031157617,2024-05-05,0.029248085948445298,921,TPC Craig Ranch
20722,"Schmid, Matthias",921,TPC Craig Ranch,sg_arg,1.3780193031157617,2024-05-05,0.004758257215120312,921,TPC Craig Ranch
20722,"Schmid, Matthias",250,Le Golf National,sg_ott,2.884334972106428,2024-08-04,0.004915052093508041,921,TPC Craig Ranch
20722,"Schmid, Matthias",714,TPC Louisiana,sg_ott,2.2814115701682156,2023-04-23,0.0034726434227209282,921,TPC Craig Ranch
20722,"Schmid, Matthias",921,TPC Craig Ranch,sg_ott,1.3780193031157617,2024-05-05,-0.032268391665074836,921,TPC Craig Ranch
20722,"Schmid, Matthias",921,TPC Craig Ranch,sg_putt,1.3780193031157617,2024-05-05,0.005631755253097097,921,TPC Craig Ranch
20722,"Schmid, Matthias",4204,bernardus golf,sg_total,2.3216876605629695,2023-05-28,0.008503537071995724,921,TPC Craig Ranch
20722,"Schmid, Matthias",4108,infinitum golf lakes course,sg_total,1.9017877429321917,2022-04-24,0.0037719405642557525,921,TPC Craig Ranch
20722,"Schmid, Matthias",4017,real club valderrama,sg_total,1.0378457603178808,2022-10-16,-0.0023172778058350315,921,TPC Craig Ranch
20722,"Schmid, Matthias",3948,club de campo villa de madrid,sg_total,0.8621268861510576,2021-10-10,-0.00328555461694549,921,TPC Craig Ranch
20722,"Schmid, Matthias",4585,k club,sg_total,1.7605868316684423,2025-09-07,-0.005859130673828819,921,TPC Craig Ranch
20722,"Schmid, Matthias",3978,yas links,sg_total,0.908597734151391,2022-01-23,-0.01466765739061519,921,TPC Craig Ranch
20722,"Schmid, Matthias",4586,wentworth golf club,sg_total,3.5335193635310036,2025-09-14,-0.02666796531124662,921,TPC Craig Ranch
20722,"Schmid, Matti",921,TPC Craig Ranch,sg_app,2.8058378133558666,2025-05-04,-0.01576263501994293,921,TPC Craig Ranch
20722,"Schmid, Matti",5,Pebble Beach Golf Links,sg_app,3.4110738288651397,2026-02-15,-0.0318614319971639,921,TPC Craig Ranch
20722,"Schmid, Matti",21,Colonial Country Club,sg_arg,4.73364558132863,2025-05-25,7.151476346272249e-05,921,TPC Craig Ranch
20722,"Schmid, Matti",6,Waialae Country Club,sg_arg,5.833838906829397,2026-01-18,-0.0034777404521401517,921,TPC Craig Ranch
20722,"Schmid, Matti",930,Black Desert Resort,sg_arg,2.9870741438934285,2024-10-13,-0.0069181206584169215,921,TPC Craig Ranch
20722,"Schmid, Matti",874,Hamilton Golf & Country Club,sg_arg,1.3974472516771892,2024-06-02,-0.008702637712669416,921,TPC Craig Ranch
20722,"Schmid, Matti",921,TPC Craig Ranch,sg_arg,2.8058378133558666,2025-05-04,-0.020407896318001276,921,TPC Craig Ranch
20722,"Schmid, Matti",977,The Renaissance Club,sg_ott,4.851052257128721,2025-07-13,0.03793911526888096,921,TPC Craig Ranch
20722,"Schmid, Matti",746,The Country Club of Jackson,sg_ott,8.818725223719843,2025-10-05,0.014997063457552081,921,TPC Craig Ranch
20722,"Schmid, Matti",928,PGA National  - Champion Course,sg_ott,8.382107456485787,2026-03-01,0.010624764400019044,921,TPC Craig Ranch
20722,"Schmid, Matti",897,Memorial Park Golf Course,sg_ott,8.229981929851533,2026-03-29,0.000497692072521208,921,TPC Craig Ranch
20722,"Schmid, Matti",21,Colonial Country Club,sg_ott,4.73364558132863,2025-05-25,-0.0038634136108623572,921,TPC Craig Ranch
20722,"Schmid, Matti",205,Spyglass Hill Golf Course,sg_ott,0.9540873975903711,2026-02-15,-0.007422851325501473,921,TPC Craig Ranch
20722,"Schmid, Matti",770,TPC San Antonio - The Oaks Course,sg_ott,6.605414457810996,2025-04-06,-0.010739975609912846,921,TPC Craig Ranch
20722,"Schmid, Matti",5,Pebble Beach Golf Links,sg_ott,3.4110738288651397,2026-02-15,-0.011780775507582318,921,TPC Craig Ranch
20722,"Schmid, Matti",714,TPC Louisiana,sg_ott,3.952286851447722,2026-04-26,-0.016300931017762296,921,TPC Craig Ranch
20722,"Schmid, Matti",876,Detroit Golf Club,sg_ott,4.015635601722187,2024-06-30,-0.016655869507702432,921,TPC Craig Ranch
20722,"Schmid, Matti",4,Torrey Pines Golf Course (South Course),sg_ott,6.404534716293094,2026-02-01,-0.018715412833131016,921,TPC Craig Ranch
20722,"Schmid, Matti",926,Silverado Resort (North Course),sg_ott,4.173252223910034,2024-09-15,-0.020741813119541524,921,TPC Craig Ranch
20722,"Schmid, Matti",921,TPC Craig Ranch,sg_ott,2.8058378133558666,2025-05-04,-0.02816788995726873,921,TPC Craig Ranch
20722,"Schmid, Matti",665,Innisbrook Resort and Golf Club - Copperhead Course,sg_putt,10.940882995032151,2026-03-22,0.0028261997497316736,921,TPC Craig Ranch
20722,"Schmid, Matti",510,TPC Scottsdale (Stadium Course),sg_putt,4.807948422841468,2026-02-08,-0.03800289319772078,921,TPC Craig Ranch
20722,"Schmid, Matti",921,TPC Craig Ranch,sg_putt,2.8058378133558666,2025-05-04,-0.04340489324862108,921,TPC Craig Ranch
20722,"Schmid, Matti",244,Puntacana Resort (Corales Golf Course),sg_total,7.144781437564326,2025-04-20,0.01550263967252772,921,TPC Craig Ranch
20722,"Schmid, Matti",742,Grand Reserve Golf Club,sg_total,4.906136016796515,2024-03-10,0.01080714734229819,921,TPC Craig Ranch
32055,"Shipley, Neal",6,Waialae Country Club,sg_arg,1.8816464795520194,2026-01-18,-0.00545187206657056,921,TPC Craig Ranch
32055,"Shipley, Neal",21,Colonial Country Club,sg_arg,1.670540422822544,2025-05-25,-0.007111039544425396,921,TPC Craig Ranch
32055,"Shipley, Neal",4,Torrey Pines Golf Course (South Course),sg_ott,0.9474321065017983,2026-02-01,0.011523794309575819,921,TPC Craig Ranch
32055,"Shipley, Neal",714,TPC Louisiana,sg_ott,1.976143425723861,2026-04-26,0.005918364956772544,921,TPC Craig Ranch
32055,"Shipley, Neal",926,Silverado Resort (North Course),sg_ott,2.9455464778244003,2024-09-15,0.0012846159608885337,921,TPC Craig Ranch
32055,"Shipley, Neal",770,TPC San Antonio - The Oaks Course,sg_ott,1.9555024743866727,2026-04-05,-0.0015747706360149548,921,TPC Craig Ranch
32055,"Shipley, Neal",897,Memorial Park Golf Course,sg_ott,1.9486701792174987,2026-03-29,-0.0017853956094330823,921,TPC Craig Ranch
32055,"Shipley, Neal",928,PGA National  - Champion Course,sg_ott,1.9215788783046464,2026-03-01,-0.011573911025031962,921,TPC Craig Ranch
32055,"Shipley, Neal",21,Colonial Country Club,sg_ott,1.670540422822544,2025-05-25,-0.017531061435241937,921,TPC Craig Ranch
32055,"Shipley, Neal",665,Innisbrook Resort and Golf Club - Copperhead Course,sg_putt,5.179338879493292,2026-03-22,0.009879276752703557,921,TPC Craig Ranch
32055,"Shipley, Neal",510,TPC Scottsdale (Stadium Course),sg_putt,3.8030157146893075,2026-02-08,-0.030295954221293286,921,TPC Craig Ranch
32055,"Shipley, Neal",98,PGA Riviera Maya,sg_total,3.306183030916225,2025-05-04,0.01137088307054829,921,TPC Craig Ranch
32055,"Shipley, Neal",108,Prince of Wales Country Club,sg_total,3.214893917778624,2025-03-09,0.011353320340623706,921,TPC Craig Ranch
32055,"Shipley, Neal",809,Country Club de Bogota-Pacos,sg_total,0.7925497493467781,2025-02-09,-0.0014450572295989744,921,TPC Craig Ranch
17381,"Silverman, Ben",875,ACCORDIA GOLF Narashino Country Club,sg_app,3.0080570172775305,2024-10-27,0.018371652291103498,921,TPC Craig Ranch
17381,"Silverman, Ben",921,TPC Craig Ranch,sg_app,3.0311108185738744,2025-05-04,0.017173360306033413,921,TPC Craig Ranch
17381,"Silverman, Ben",934,Hurstbourne Country Club,sg_app,3.4239483077157167,2025-07-13,0.005330282286753852,921,TPC Craig Ranch
17381,"Silverman, Ben",5,Pebble Beach Golf Links,sg_app,1.2997351043129224,2023-02-05,-0.004189470509579079,921,TPC Craig Ranch
17381,"Silverman, Ben",6,Waialae Country Club,sg_arg,6.690390383073655,2025-01-12,0.014988164632845526,921,TPC Craig Ranch
17381,"Silverman, Ben",21,Colonial Country Club,sg_arg,8.174645834693967,2025-05-25,0.00797591027504734,921,TPC Craig Ranch
17381,"Silverman, Ben",874,Hamilton Golf & Country Club,sg_arg,3.9199072445729737,2024-06-02,0.0028280510424092678,921,TPC Craig Ranch
17381,"Silverman, Ben",660,Montreux Golf & Country Club,sg_arg,0.5764579861147145,2019-07-28,-0.0001570044787735966,921,TPC Craig Ranch
17381,"Silverman, Ben",243,Trinity Forest Golf Club,sg_arg,1.0186944597589838,2019-05-12,-0.0007065708573447085,921,TPC Craig Ranch
17381,"Silverman, Ben",930,Black Desert Resort,sg_arg,3.608507893926066,2025-10-26,-0.006962101455634853,921,TPC Craig Ranch
17381,"Silverman, Ben",921,TPC Craig Ranch,sg_arg,3.0311108185738744,2025-05-04,-0.017172132847104907,921,TPC Craig Ranch
17381,"Silverman, Ben",926,Silverado Resort (North Course),sg_ott,4.712306159589902,2025-09-14,0.02676748632595198,921,TPC Craig Ranch
17381,"Silverman, Ben",928,PGA National  - Champion Course,sg_ott,8.115564970354328,2026-03-01,0.009713956011277888,921,TPC Craig Ranch
17381,"Silverman, Ben",4,Torrey Pines Golf Course (South Course),sg_ott,4.201411529019479,2025-01-25,0.006684386448464205,921,TPC Craig Ranch
17381,"Silverman, Ben",5,Pebble Beach Golf Links,sg_ott,1.2997351043129224,2023-02-05,0.002307172112275826,921,TPC Craig Ranch
17381,"Silverman, Ben",823,Keene Trace Golf Club,sg_ott,0.9577144264939117,2018-07-22,-0.00011521275526517089,921,TPC Craig Ranch
17381,"Silverman, Ben",32,Glen Abbey GC,sg_ott,0.9610722998371628,2018-07-29,-0.0005861768599237738,921,TPC Craig Ranch
17381,"Silverman, Ben",243,Trinity Forest Golf Club,sg_ott,1.0186944597589838,2019-05-12,-0.0008068643121533154,921,TPC Craig Ranch
17381,"Silverman, Ben",12,Harbour Town Golf Links,sg_ott,1.0977848328848678,2019-04-21,-0.003657456454694781,921,TPC Craig Ranch
17381,"Silverman, Ben",872,Quail Hollow Club,sg_ott,1.0135197352846492,2019-05-05,-0.0037657916624175927,921,TPC Craig Ranch
17381,"Silverman, Ben",746,The Country Club of Jackson,sg_ott,3.821825781713874,2025-10-05,-0.005938069592688549,921,TPC Craig Ranch
17381,"Silverman, Ben",654,The Country Club,sg_ott,1.9557903075170284,2022-06-19,-0.0065381269078166855,921,TPC Craig Ranch
17381,"Silverman, Ben",770,TPC San Antonio - The Oaks Course,sg_ott,5.808010879582477,2025-04-06,-0.01259335525096248,921,TPC Craig Ranch
17381,"Silverman, Ben",897,Memorial Park Golf Course,sg_ott,5.209988464712472,2025-03-30,-0.013899544734561562,921,TPC Craig Ranch
17381,"Silverman, Ben",714,TPC Louisiana,sg_ott,3.6234592342610146,2026-04-26,-0.015587472085629618,921,TPC Craig Ranch
17381,"Silverman, Ben",21,Colonial Country Club,sg_ott,8.174645834693967,2025-05-25,-0.01654339560501793,921,TPC Craig Ranch
17381,"Silverman, Ben",876,Detroit Golf Club,sg_ott,6.802806374127366,2025-06-29,-0.028476303676149898,921,TPC Craig Ranch
17381,"Silverman, Ben",921,TPC Craig Ranch,sg_ott,3.0311108185738744,2025-05-04,-0.04934756209241882,921,TPC Craig Ranch
17381,"Silverman, Ben",510,TPC Scottsdale (Stadium Course),sg_putt,4.96893984809262,2025-02-09,0.0006208937939360974,921,TPC Craig Ranch
17381,"Silverman, Ben",660,Montreux Golf & Country Club,sg_putt,0.5764579861147145,2019-07-28,-0.010814642411759699,921,TPC Craig Ranch
17381,"Silverman, Ben",665,Innisbrook Resort and Golf Club - Copperhead Course,sg_putt,3.957431597603072,2025-03-23,-0.015951381322703018,921,TPC Craig Ranch
17381,"Silverman, Ben",921,TPC Craig Ranch,sg_putt,3.0311108185738744,2025-05-04,-0.025505060828598748,921,TPC Craig Ranch
17381,"Silverman, Ben",62,The Ledges,sg_total,3.3079490735072365,2023-04-30,0.019428716570105482,921,TPC Craig Ranch
17381,"Silverman, Ben",56,Atlantic Beach Country Club,sg_total,1.8136702694902618,2018-09-20,0.007445321163779593,921,TPC Craig Ranch
17381,"Silverman, Ben",630,Fox Den CC,sg_total,0.8096075629694468,2017-08-20,0.003938055568063815,921,TPC Craig Ranch
17381,"Silverman, Ben",50,Corales Golf Club,sg_total,0.7681996344830163,2017-05-07,0.002693851670427577,921,TPC Craig Ranch
17381,"Silverman, Ben",65,TPC San Antonio-AT&T Oaks,sg_total,1.37753319687576,2020-07-18,0.0015681691455253055,921,TPC Craig Ranch
17381,"Silverman, Ben",803,University Ridge GC,sg_total,0.19339897420195362,2017-05-21,0.0012293813586037401,921,TPC Craig Ranch
17381,"Silverman, Ben",809,Country Club de Bogota-Pacos,sg_total,0.8686416951483404,2023-02-12,0.0011557973230954274,921,TPC Craig Ranch
17381,"Silverman, Ben",244,Puntacana Resort (Corales Golf Course),sg_total,2.454725247107222,2024-04-21,-0.0022146989700976374,921,TPC Craig Ranch
17381,"Silverman, Ben",98,PGA Riviera Maya,sg_total,1.9692390135034659,2026-04-19,-0.007103741807493245,921,TPC Craig Ranch
17381,"Silverman, Ben",67,The King & Bear Course at WGV,sg_total,0.6791910512898782,2020-06-20,-0.008460578588382768,921,TPC Craig Ranch
17381,"Silverman, Ben",742,Grand Reserve Golf Club,sg_total,3.2136764795287043,2024-03-10,-0.010093752508738481,921,TPC Craig Ranch
10873,"Skinns, David",921,TPC Craig Ranch,sg_app,7.984083355321438,2025-05-04,0.02934062837363502,921,TPC Craig Ranch
10873,"Skinns, David",934,Hurstbourne Country Club,sg_app,3.4239483077157167,2025-07-13,0.023938067083130277,921,TPC Craig Ranch
10873,"Skinns, David",5,Pebble Beach Golf Links,sg_app,0.45749011548373314,2022-02-06,0.008807766168551242,921,TPC Craig Ranch
10873,"Skinns, David",772,St. George's G&CC,sg_app,1.948957006692821,2022-06-12,-0.0057534085267634755,921,TPC Craig Ranch
10873,"Skinns, David",875,ACCORDIA GOLF Narashino Country Club,sg_app,3.0080570172775305,2024-10-27,-0.05086970023939583,921,TPC Craig Ranch
10873,"Skinns, David",874,Hamilton Golf & Country Club,sg_arg,2.7948945033543784,2024-06-02,0.00778016915279018,921,TPC Craig Ranch
10873,"Skinns, David",921,TPC Craig Ranch,sg_arg,7.984083355321438,2025-05-04,0.007047952916541588,921,TPC Craig Ranch
10873,"Skinns, David",930,Black Desert Resort,sg_arg,3.2977910189097472,2025-10-26,0.002929390090090303,921,TPC Craig Ranch
10873,"Skinns, David",6,Waialae Country Club,sg_arg,3.771457104938345,2025-01-12,0.0006060832684634965,921,TPC Craig Ranch
10873,"Skinns, David",21,Colonial Country Club,sg_arg,1.392564735683542,2024-05-26,-0.002255251113428613,921,TPC Craig Ranch
10873,"Skinns, David",714,TPC Louisiana,sg_ott,5.270775042798169,2026-04-26,0.01940690451210233,921,TPC Craig Ranch
10873,"Skinns, David",928,PGA National  - Champion Course,sg_ott,4.2724072137450335,2025-03-02,0.01810872455778397,921,TPC Craig Ranch
10873,"Skinns, David",876,Detroit Golf Club,sg_ott,7.233010664856597,2025-06-29,0.007249177763009095,921,TPC Craig Ranch
10873,"Skinns, David",897,Memorial Park Golf Course,sg_ott,5.957055644840414,2025-03-30,0.0068833658757986044,921,TPC Craig Ranch
10873,"Skinns, David",5,Pebble Beach Golf Links,sg_ott,0.45749011548373314,2022-02-06,0.0017035118692699225,921,TPC Craig Ranch
10873,"Skinns, David",21,Colonial Country Club,sg_ott,1.392564735683542,2024-05-26,-8.561348890740297e-05,921,TPC Craig Ranch
10873,"Skinns, David",926,Silverado Resort (North Course),sg_ott,6.479065841355403,2025-09-14,-0.002893668306822884,921,TPC Craig Ranch
10873,"Skinns, David",770,TPC San Antonio - The Oaks Course,sg_ott,4.870894376300012,2025-04-06,-0.0040545288807406306,921,TPC Craig Ranch
10873,"Skinns, David",4,Torrey Pines Golf Course (South Course),sg_ott,1.8980257105276985,2025-01-25,-0.01049457181737969,921,TPC Craig Ranch
10873,"Skinns, David",772,St. George's G&CC,sg_ott,1.948957006692821,2022-06-12,-0.010502616332805605,921,TPC Craig Ranch
10873,"Skinns, David",921,TPC Craig Ranch,sg_ott,7.984083355321438,2025-05-04,-0.016788361622631573,921,TPC Craig Ranch
10873,"Skinns, David",746,The Country Club of Jackson,sg_ott,4.762046051714833,2025-10-05,-0.05729759225186315,921,TPC Craig Ranch
10873,"Skinns, David",921,TPC Craig Ranch,sg_putt,7.984083355321438,2025-05-04,0.04075677234844075,921,TPC Craig Ranch
10873,"Skinns, David",510,TPC Scottsdale (Stadium Course),sg_putt,3.1701989973871125,2025-02-09,0.003632907344200861,921,TPC Craig Ranch
10873,"Skinns, David",665,Innisbrook Resort and Golf Club - Copperhead Course,sg_putt,8.201227342977717,2026-03-22,-0.00770460087233082,921,TPC Craig Ranch
10873,"Skinns, David",811,Paiute Golf Resort - Sun Mt GC,sg_total,1.579793845698413,2021-04-18,0.013220703194115448,921,TPC Craig Ranch
10873,"Skinns, David",62,The Ledges,sg_total,1.7170578754698997,2023-04-30,0.011738310148498693,921,TPC Craig Ranch
10873,"Skinns, David",244,Puntacana Resort (Corales Golf Course),sg_total,4.220794674018221,2025-04-20,0.011620543415185995,921,TPC Craig Ranch
10873,"Skinns, David",809,Country Club de Bogota-Pacos,sg_total,0.8686416951483404,2023-02-12,0.005656023588415118,921,TPC Craig Ranch
10873,"Skinns, David",56,Atlantic Beach Country Club,sg_total,1.4002757212518024,2018-09-20,0.0037922140123041338,921,TPC Craig Ranch
10873,"Skinns, David",803,University Ridge GC,sg_total,0.19339897420195362,2017-05-21,0.0023212623209096696,921,TPC Craig Ranch
10873,"Skinns, David",804,The Country Club of Virginia,sg_total,0.45755745409044485,2018-04-22,0.0010980106443642897,921,TPC Craig Ranch
10873,"Skinns, David",50,Corales Golf Club,sg_total,0.38409981724150816,2017-05-07,0.0006824023498178548,921,TPC Craig Ranch
10873,"Skinns, David",806,Furman University Golf Club,sg_total,0.23200415453447004,2018-05-20,0.0006772960289081226,921,TPC Craig Ranch
10873,"Skinns, David",655,The Glen Club,sg_total,0.5585825753206938,2019-05-26,-0.0044754035479744585,921,TPC Craig Ranch
10873,"Skinns, David",630,Fox Den CC,sg_total,0.8671909002099885,2018-05-13,-0.005301594471786489,921,TPC Craig Ranch
10873,"Skinns, David",742,Grand Reserve Golf Club,sg_total,4.039010271408652,2024-03-10,-0.01678431140450435,921,TPC Craig Ranch
18586,"Smith, Jordan",709,Royal Troon,sg_app,1.432107564454417,2024-07-21,0.006840711341370109,921,TPC Craig Ranch
18586,"Smith, Jordan",514,Oak Hill Country Club,sg_app,1.1567879787560167,2023-05-21,-0.0005729793561773868,921,TPC Craig Ranch
18586,"Smith, Jordan",671,Valhalla Golf Club,sg_arg,2.7753985572506426,2024-05-19,0.008338016045363791,921,TPC Craig Ranch
18586,"Smith, Jordan",6,Waialae Country Club,sg_arg,3.7632929591040387,2026-01-18,-0.014506316698349281,921,TPC Craig Ranch
18586,"Smith, Jordan",977,The Renaissance Club,sg_ott,7.230323787415263,2025-07-13,0.02632409990575892,921,TPC Craig Ranch
18586,"Smith, Jordan",671,Valhalla Golf Club,sg_ott,2.7753985572506426,2024-05-19,0.011347670629205381,921,TPC Craig Ranch
18586,"Smith, Jordan",12,Harbour Town Golf Links,sg_ott,3.9384780270069317,2026-04-19,0.008077993055207665,921,TPC Craig Ranch
18586,"Smith, Jordan",714,TPC Louisiana,sg_ott,3.6234592342610146,2026-04-26,0.0046963403026901215,921,TPC Craig Ranch
18586,"Smith, Jordan",897,Memorial Park Golf Course,sg_ott,3.8973403584349975,2026-03-29,0.0001442432721700434,921,TPC Craig Ranch
18586,"Smith, Jordan",8,Trump National Doral - Blue Monster Course,sg_ott,3.966144091451867,2026-05-03,-0.0036326445855366946,921,TPC Craig Ranch
18586,"Smith, Jordan",4,Torrey Pines Golf Course (South Course),sg_ott,0.9474321065017983,2026-02-01,-0.005248999033025561,921,TPC Craig Ranch
18586,"Smith, Jordan",514,Oak Hill Country Club,sg_ott,1.1567879787560167,2023-05-21,-0.009947557912979549,921,TPC Craig Ranch
18586,"Smith, Jordan",928,PGA National  - Champion Course,sg_ott,3.8431577566092927,2026-03-01,-0.010632473025927826,921,TPC Craig Ranch
18586,"Smith, Jordan",770,TPC San Antonio - The Oaks Course,sg_ott,1.9555024743866727,2026-04-05,-0.01200655336343817,921,TPC Craig Ranch
18586,"Smith, Jordan",510,TPC Scottsdale (Stadium Course),sg_putt,3.8030157146893075,2026-02-08,0.05042936053944322,921,TPC Craig Ranch
18586,"Smith, Jordan",665,Innisbrook Resort and Golf Club - Copperhead Course,sg_putt,3.883723510564777,2026-03-22,0.012928548092849539,921,TPC Craig Ranch
18586,"Smith, Jordan",724,Royal Liverpool,sg_putt,2.387613570697432,2023-07-23,-0.0006671847235557992,921,TPC Craig Ranch
18586,"Smith, Jordan",709,Royal Troon,sg_putt,1.432107564454417,2024-07-21,-0.015684049729379052,921,TPC Craig Ranch
18586,"Smith, Jordan",4601,old course st andrews,sg_total,0.892704196411185,2025-10-05,0.013381768388853708,921,TPC Craig Ranch
18586,"Smith, Jordan",3978,yas links,sg_total,1.817195468302782,2022-01-23,0.007060997522023873,921,TPC Craig Ranch
18586,"Smith, Jordan",3796,wentworth golf club,sg_total,2.3713076206825527,2019-09-22,0.006813348684819706,921,TPC Craig Ranch
18586,"Smith, Jordan",4586,wentworth golf club,sg_total,7.067038727062007,2025-09-14,0.006293560630131819,921,TPC Craig Ranch
18586,"Smith, Jordan",4592,yas links,sg_total,3.6338560642748248,2025-11-09,0.006197553256276294,921,TPC Craig Ranch
18586,"Smith, Jordan",4201,pgm ishioka gc,sg_total,2.2814115701682156,2023-04-23,0.00579980869029247,921,TPC Craig Ranch
18586,"Smith, Jordan",3773,al mouj golf,sg_total,1.0712159028587338,2019-03-03,0.005422578705270115,921,TPC Craig Ranch
18586,"Smith, Jordan",4392,brabazon course at the belfry,sg_total,2.924999650275528,2024-09-01,0.005022319693987846,921,TPC Craig Ranch
18586,"Smith, Jordan",4017,real club valderrama,sg_total,2.0756915206357616,2022-10-16,0.004384523261591445,921,TPC Craig Ranch
18586,"Smith, Jordan",3495,glendower gc,sg_total,0.7263628185803896,2017-01-15,0.0037713714022347307,921,TPC Craig Ranch
18586,"Smith, Jordan",3498,emirates gc,sg_total,0.7340298094371326,2017-02-05,0.002396255057788718,921,TPC Craig Ranch
18586,"Smith, Jordan",3666,dutch,sg_total,0.9849093831144788,2018-09-16,0.002192925166624185,921,TPC Craig Ranch
18586,"Smith, Jordan",3948,club de campo villa de madrid,sg_total,1.7242537723021152,2021-10-10,0.0021149931853399516,921,TPC Craig Ranch
18586,"Smith, Jordan",3779,royal golf dar es salam red course,sg_total,1.1016338115835225,2019-04-28,0.0019962753592151204,921,TPC Craig Ranch
18586,"Smith, Jordan",4401,carnoustie,sg_total,0.7441594147231158,2024-10-06,0.001986014291426672,921,TPC Craig Ranch
18586,"Smith, Jordan",3797,old course st andrews,sg_total,0.594905434643481,2019-09-29,0.0017583726281556519,921,TPC Craig Ranch
18586,"Smith, Jordan",3899,abu dhabi gc,sg_total,1.2583412194425352,2020-01-19,0.0017034918621888979,921,TPC Craig Ranch
18586,"Smith, Jordan",3798,kingsbarns golf links,sg_total,0.2974527173217405,2019-09-29,0.0014365028756763293,921,TPC Craig Ranch
18586,"Smith, Jordan",3511,wentworth golf club,sg_total,1.5526164525086752,2017-05-28,0.001399808823074516,921,TPC Craig Ranch
18586,"Smith, Jordan",3675,gary player cc,sg_total,1.012876559141098,2018-11-11,0.0011630837232502983,921,TPC Craig Ranch
18586,"Smith, Jordan",3900,emirates gc,sg_total,1.2627531300503232,2020-01-26,0.0011131565637505741,921,TPC Craig Ranch
18586,"Smith, Jordan",3671,carnoustie,sg_total,0.24882635382318666,2018-10-07,0.00013425368533087436,921,TPC Craig Ranch
18586,"Smith, Jordan",3649,rinkven international gc,sg_total,0.4640083090689401,2018-05-20,0.00013388176651821847,921,TPC Craig Ranch
18586,"Smith, Jordan",3538,kingsbarns golf links,sg_total,0.20742198207776844,2017-10-08,0.00012502681642993994,921,TPC Craig Ranch
18586,"Smith, Jordan",3670,kingsbarns golf links,sg_total,0.24882635382318666,2018-10-07,-8.86261304101899e-05,921,TPC Craig Ranch
18586,"Smith, Jordan",3638,saujana g&cc,sg_total,1.9630755059685034,2019-03-24,-0.00015286963686193122,921,TPC Craig Ranch
18586,"Smith, Jordan",4576,argentario gc,sg_total,3.4000643609015926,2025-06-29,-0.0002334599732333344,921,TPC Craig Ranch
18586,"Smith, Jordan",4567,royal golf club,sg_total,3.159122695731211,2025-02-02,-0.0005225918044625349,921,TPC Craig Ranch
18586,"Smith, Jordan",3648,royal golf dar es salam red course,sg_total,0.9151149081808897,2018-04-22,-0.0008208720076658466,921,TPC Craig Ranch
18586,"Smith, Jordan",3541,topwin golf & cc,sg_total,0.3827578177502302,2017-04-30,-0.0009070692239166816,921,TPC Craig Ranch
18586,"Smith, Jordan",4603,kingsbarns golf links,sg_total,0.892704196411185,2025-10-05,-0.0010248375277592636,921,TPC Craig Ranch
18586,"Smith, Jordan",3513,regnum carya golf & spa resort,sg_total,0.8413852495001302,2017-11-05,-0.001080788980637011,921,TPC Craig Ranch
18586,"Smith, Jordan",3867,mount juliet estate,sg_total,1.6418019047975365,2021-07-04,-0.0013308961821604421,921,TPC Craig Ranch
18586,"Smith, Jordan",3782,himmerland golf & spa resort,sg_total,0.5585825753206938,2019-05-26,-0.0013596759997940634,921,TPC Craig Ranch
18586,"Smith, Jordan",3878,wentworth golf club,sg_total,1.7002824105530916,2021-09-12,-0.0015333120951231472,921,TPC Craig Ranch
18586,"Smith, Jordan",3500,royal johannesburg east course,sg_total,0.37088886391194176,2017-02-26,-0.0016142432151403088,921,TPC Craig Ranch
18586,"Smith, Jordan",3731,centro nacional de golf,sg_total,0.4559588022737643,2018-04-15,-0.0018285377794825042,921,TPC Craig Ranch
18586,"Smith, Jordan",4056,frederikshavn golfklub,sg_total,0.7037354185131224,2020-08-30,-0.0023277173322987506,921,TPC Craig Ranch
18586,"Smith, Jordan",3658,green eagle golf courses,sg_total,0.9610722998371628,2018-07-29,-0.0029695113849935767,921,TPC Craig Ranch
18586,"Smith, Jordan",4177,houghton gc,sg_total,1.5201277252838563,2021-01-31,-0.0031450239020879103,921,TPC Craig Ranch
18586,"Smith, Jordan",4074,pga national cyprus course,sg_total,0.7288022691925407,2020-11-08,-0.003558791965432474,921,TPC Craig Ranch
18586,"Smith, Jordan",3806,gary player cc,sg_total,1.2193212617727873,2019-11-17,-0.0036509843260579856,921,TPC Craig Ranch
18586,"Smith, Jordan",4192,carnoustie,sg_total,0.5153031039951417,2022-10-02,-0.0038970316496920805,921,TPC Craig Ranch
18586,"Smith, Jordan",3774,doha gc,sg_total,1.0749717273775774,2019-03-10,-0.0042400274560294195,921,TPC Craig Ranch
18586,"Smith, Jordan",3637,emirates gc,sg_total,0.4387380156030095,2018-01-28,-0.0043002512208587225,921,TPC Craig Ranch
18586,"Smith, Jordan",3793,crans-sur-sierre gc,sg_total,0.5866347881705672,2019-09-01,-0.005005631863232745,921,TPC Craig Ranch
18586,"Smith, Jordan",3514,gary player cc,sg_total,0.4221676286878485,2017-11-12,-0.005280386793755112,921,TPC Craig Ranch
18586,"Smith, Jordan",4200,yas links,sg_total,1.089966738415096,2023-01-22,-0.005773881336769201,921,TPC Craig Ranch
18586,"Smith, Jordan",3946,marco simone gc,sg_total,0.8471709121033048,2021-09-05,-0.006431311397250628,921,TPC Craig Ranch
18586,"Smith, Jordan",4482,dlf g&cc player course,sg_total,2.7082274979926586,2024-03-31,-0.007229107731314953,921,TPC Craig Ranch
18586,"Smith, Jordan",4585,k club,sg_total,1.7605868316684423,2025-09-07,-0.008946609541846938,921,TPC Craig Ranch
18586,"Smith, Jordan",4493,pga national oaks prague,sg_total,1.4522980741473819,2024-08-18,-0.009861986922014097,921,TPC Craig Ranch
18586,"Smith, Jordan",4458,adriatic golf club cervia,sg_total,1.417149104373669,2024-06-30,-0.01101151532403203,921,TPC Craig Ranch
18586,"Smith, Jordan",4204,bernardus golf,sg_total,1.1608438302814847,2023-05-28,-0.011558278576607359,921,TPC Craig Ranch
18586,"Smith, Jordan",4382,rinkven international gc,sg_total,2.785129471367084,2024-05-26,-0.015327821883298303,921,TPC Craig Ranch
14636,"Spieth, Jordan",921,TPC Craig Ranch,sg_app,8.208130556568952,2025-05-04,0.14302427238061557,921,TPC Craig Ranch
14636,"Spieth, Jordan",5,Pebble Beach Golf Links,sg_app,12.637749651087299,2026-02-15,0.014043834662794701,921,TPC Craig Ranch
14636,"Spieth, Jordan",709,Royal Troon,sg_app,2.864215128908834,2024-07-21,0.012130643970036298,921,TPC Craig Ranch
14636,"Spieth, Jordan",715,Baltusrol GC,sg_app,0.6678406786681628,2016-07-31,0.00922881116216599,921,TPC Craig Ranch
14636,"Spieth, Jordan",238,Glen Oaks Club,sg_app,0.8124461540765495,2017-08-27,0.006056665988261739,921,TPC Craig Ranch
14636,"Spieth, Jordan",514,Oak Hill Country Club,sg_app,2.3135759575120334,2023-05-21,0.004579532110135043,921,TPC Craig Ranch
14636,"Spieth, Jordan",534,Bellerive CC,sg_app,0.9678234072449506,2018-08-12,-0.0007077235244379224,921,TPC Craig Ranch
14636,"Spieth, Jordan",882,Caves Valley Golf Club,sg_app,1.688421993568662,2021-08-29,-0.001685798808544834,921,TPC Craig Ranch
14636,"Spieth, Jordan",745,iberostar real club de golf novo sancti petri,sg_app,0.46897508346843886,2014-08-24,-0.0033249622324860602,921,TPC Craig Ranch
14636,"Spieth, Jordan",891,Winged Foot GC,sg_app,0.7111635699565723,2020-09-20,-0.004883146726738569,921,TPC Craig Ranch
14636,"Spieth, Jordan",348,Medinah Country Club (No. 3),sg_app,1.1650853674566677,2019-08-18,-0.004921710452645755,921,TPC Craig Ranch
14636,"Spieth, Jordan",656,Plantation Course at Kapalua,sg_app,9.17962997392075,2024-01-07,-0.010325742968585334,921,TPC Craig Ranch
14636,"Spieth, Jordan",781,Plainfield CC,sg_app,0.2822808393352682,2015-08-30,-0.01060221560046964,921,TPC Craig Ranch
14636,"Spieth, Jordan",688,East Lake Golf Club,sg_app,9.103162509469806,2023-08-27,-0.035673001015115814,921,TPC Craig Ranch
14636,"Spieth, Jordan",379,The Philadelphia Cricket Club (Wissahickon Course),sg_app,3.3177749455416157,2025-05-11,-0.036875249753003,921,TPC Craig Ranch
14636,"Spieth, Jordan",21,Colonial Country Club,sg_arg,17.021153821694124,2025-05-25,0.003005387772492246,921,TPC Craig Ranch
14636,"Spieth, Jordan",896,Olympia Fields Country Club (North Course),sg_arg,2.421275242584897,2023-08-20,0.0023717670150675595,921,TPC Craig Ranch
14636,"Spieth, Jordan",238,Glen Oaks Club,sg_arg,0.8124461540765495,2017-08-27,0.0015167541872398726,921,TPC Craig Ranch
14636,"Spieth, Jordan",671,Valhalla Golf Club,sg_arg,3.0082504177560496,2024-05-19,0.0008109956490616474,921,TPC Craig Ranch
14636,"Spieth, Jordan",886,Liberty National Golf Club,sg_arg,2.8435375426214686,2021-08-22,0.00043810093440656457,921,TPC Craig Ranch
14636,"Spieth, Jordan",505,Cherry Hills CC,sg_arg,0.47226942579898806,2014-09-07,-6.850231266951661e-05,921,TPC Craig Ranch
14636,"Spieth, Jordan",527,Saucon Valley CC,sg_arg,0.6820136280365007,2016-09-11,-0.0001542189335735198,921,TPC Craig Ranch
14636,"Spieth, Jordan",762,Liberty National GC,sg_arg,0.390938258200872,2013-08-25,-0.000841675265795325,921,TPC Craig Ranch
14636,"Spieth, Jordan",789,Conway Farms GC,sg_arg,1.786607324931553,2017-09-17,-0.0012426855872587777,921,TPC Craig Ranch
14636,"Spieth, Jordan",873,Ridgewood CC,sg_arg,0.9746219381933394,2018-08-26,-0.001242932950027555,921,TPC Craig Ranch
14636,"Spieth, Jordan",689,El Bosque CC,sg_arg,0.6772562030538207,2016-08-28,-0.0017325204716447332,921,TPC Craig Ranch
14636,"Spieth, Jordan",744,Torrey Pines (South),sg_arg,1.6303494219182981,2021-06-20,-0.0026008082697469774,921,TPC Craig Ranch
14636,"Spieth, Jordan",243,Trinity Forest Golf Club,sg_arg,2.0373889195179675,2019-05-12,-0.0040628643786543815,921,TPC Craig Ranch
14636,"Spieth, Jordan",773,Aronimink GC,sg_arg,0.9814682258117053,2018-09-09,-0.004835748120835687,921,TPC Craig Ranch
14636,"Spieth, Jordan",348,Medinah Country Club (No. 3),sg_arg,1.1650853674566677,2019-08-18,-0.005318493019109465,921,TPC Craig Ranch
14636,"Spieth, Jordan",921,TPC Craig Ranch,sg_arg,8.208130556568952,2025-05-04,-0.009941567234760758,921,TPC Craig Ranch
14636,"Spieth, Jordan",6,Waialae Country Club,sg_arg,7.17945668916901,2026-01-18,-0.010380678058695057,921,TPC Craig Ranch
14636,"Spieth, Jordan",921,TPC Craig Ranch,sg_ott,8.208130556568952,2025-05-04,0.0500392565697929,921,TPC Craig Ranch
14636,"Spieth, Jordan",21,Colonial Country Club,sg_ott,17.021153821694124,2025-05-25,0.04250784818316557,921,TPC Craig Ranch
14636,"Spieth, Jordan",872,Quail Hollow Club,sg_ott,7.89447029676802,2026-05-10,0.0315404176041632,921,TPC Craig Ranch
14636,"Spieth, Jordan",514,Oak Hill Country Club,sg_ott,2.3135759575120334,2023-05-21,0.030189946894008335,921,TPC Craig Ranch
14636,"Spieth, Jordan",8,Trump National Doral - Blue Monster Course,sg_ott,5.535111419911943,2026-05-03,0.025367525645343867,921,TPC Craig Ranch
14636,"Spieth, Jordan",14,Augusta National Golf Club,sg_ott,13.344025516524322,2026-04-12,0.020573527014197547,921,TPC Craig Ranch
14636,"Spieth, Jordan",770,TPC San Antonio - The Oaks Course,sg_ott,15.87647832373178,2026-04-05,0.013763638908122157,921,TPC Craig Ranch
14636,"Spieth, Jordan",977,The Renaissance Club,sg_ott,4.593174011580842,2024-07-14,0.009954820533108491,921,TPC Craig Ranch
14636,"Spieth, Jordan",241,Quail Hollow-PGA Championship,sg_ott,2.4714826410409043,2025-05-18,0.005557287381990608,921,TPC Craig Ranch
14636,"Spieth, Jordan",528,Pinehurst Resort & Country Club (Course No. 2),sg_ott,2.814527399847991,2024-06-16,0.004774380799275945,921,TPC Craig Ranch
14636,"Spieth, Jordan",697,Ocean Course at Kiawah Island,sg_ott,1.6076835612440104,2021-05-23,0.004740252378256677,921,TPC Craig Ranch
14636,"Spieth, Jordan",762,Liberty National GC,sg_ott,0.390938258200872,2013-08-25,0.004054374517166377,921,TPC Craig Ranch
14636,"Spieth, Jordan",928,PGA National  - Champion Course,sg_ott,3.2036614573386366,2025-03-02,0.0034105511401513367,921,TPC Craig Ranch
14636,"Spieth, Jordan",238,Glen Oaks Club,sg_ott,0.8124461540765495,2017-08-27,0.003332153963473109,921,TPC Craig Ranch
14636,"Spieth, Jordan",348,Medinah Country Club (No. 3),sg_ott,1.1650853674566677,2019-08-18,0.002563602412377042,921,TPC Craig Ranch
14636,"Spieth, Jordan",893,Muirfield Village Golf Club,sg_ott,0.686703394995133,2020-07-12,0.0019550092591630137,921,TPC Craig Ranch
14636,"Spieth, Jordan",744,Torrey Pines (South),sg_ott,1.6303494219182981,2021-06-20,0.0018105252311824735,921,TPC Craig Ranch
14636,"Spieth, Jordan",527,Saucon Valley CC,sg_ott,0.6820136280365007,2016-09-11,0.0017338355366505022,921,TPC Craig Ranch
14636,"Spieth, Jordan",671,Valhalla Golf Club,sg_ott,3.0082504177560496,2024-05-19,0.0012803986467260265,921,TPC Craig Ranch
14636,"Spieth, Jordan",698,Quail Hollow Club,sg_ott,0.36964742284574914,2013-05-05,0.0009589232508961183,921,TPC Craig Ranch
14636,"Spieth, Jordan",895,TPC Harding Park,sg_ott,1.3927697092247904,2020-08-09,0.0006685760901970487,921,TPC Craig Ranch
14636,"Spieth, Jordan",706,Whistling Straits,sg_ott,0.5606235464632614,2015-08-16,0.0006169131259408189,921,TPC Craig Ranch
14636,"Spieth, Jordan",505,Cherry Hills CC,sg_ott,0.47226942579898806,2014-09-07,4.887997156556981e-05,921,TPC Craig Ranch
14636,"Spieth, Jordan",689,El Bosque CC,sg_ott,0.6772562030538207,2016-08-28,-0.00027818040191124663,921,TPC Craig Ranch
14636,"Spieth, Jordan",781,Plainfield CC,sg_ott,0.2822808393352682,2015-08-30,-0.00030148325589855274,921,TPC Craig Ranch
14636,"Spieth, Jordan",715,Baltusrol GC,sg_ott,0.6678406786681628,2016-07-31,-0.0008561902997301483,921,TPC Craig Ranch
14636,"Spieth, Jordan",654,The Country Club,sg_ott,1.9557903075170284,2022-06-19,-0.0012461302813583845,921,TPC Craig Ranch
14636,"Spieth, Jordan",897,Memorial Park Golf Course,sg_ott,0.7288022691925407,2020-11-08,-0.0012738226347586644,921,TPC Craig Ranch
14636,"Spieth, Jordan",901,Wilmington Country Club,sg_ott,2.0183782877342047,2022-08-21,-0.0017549428806967861,921,TPC Craig Ranch
14636,"Spieth, Jordan",243,Trinity Forest Golf Club,sg_ott,2.0373889195179675,2019-05-12,-0.0018664652087037321,921,TPC Craig Ranch
14636,"Spieth, Jordan",534,Bellerive CC,sg_ott,0.9678234072449506,2018-08-12,-0.0025466347179728182,921,TPC Craig Ranch
14636,"Spieth, Jordan",205,Spyglass Hill Golf Course,sg_ott,1.7438680715231738,2026-02-15,-0.002657082189533717,921,TPC Craig Ranch
14636,"Spieth, Jordan",891,Winged Foot GC,sg_ott,0.7111635699565723,2020-09-20,-0.0030939913246025427,921,TPC Craig Ranch
14636,"Spieth, Jordan",379,The Philadelphia Cricket Club (Wissahickon Course),sg_ott,3.3177749455416157,2025-05-11,-0.003959595768169674,921,TPC Craig Ranch
14636,"Spieth, Jordan",873,Ridgewood CC,sg_ott,0.9746219381933394,2018-08-26,-0.005915402939917819,921,TPC Craig Ranch
14636,"Spieth, Jordan",4,Torrey Pines Golf Course (South Course),sg_ott,3.10441797937395,2022-01-29,-0.007345277015292061,921,TPC Craig Ranch
14636,"Spieth, Jordan",12,Harbour Town Golf Links,sg_ott,17.91949174179363,2026-04-19,-0.011692175254208124,921,TPC Craig Ranch
14636,"Spieth, Jordan",5,Pebble Beach Golf Links,sg_ott,12.637749651087299,2026-02-15,-0.024129991469376586,921,TPC Craig Ranch
14636,"Spieth, Jordan",656,Plantation Course at Kapalua,sg_putt,9.17962997392075,2024-01-07,0.028807080358990617,921,TPC Craig Ranch
14636,"Spieth, Jordan",665,Innisbrook Resort and Golf Club - Copperhead Course,sg_putt,13.095635822436368,2026-03-22,0.01770756774186218,921,TPC Craig Ranch
14636,"Spieth, Jordan",2000,Sherwood Country Club,sg_putt,1.447436934746801,2020-10-25,0.01041915153068175,921,TPC Craig Ranch
14636,"Spieth, Jordan",510,TPC Scottsdale (Stadium Course),sg_putt,15.59535147335214,2026-02-08,0.00306465814182539,921,TPC Craig Ranch
14636,"Spieth, Jordan",873,Ridgewood CC,sg_putt,0.9746219381933394,2018-08-26,0.002128284623656469,921,TPC Craig Ranch
14636,"Spieth, Jordan",668,St. Andrews Links (Old Course),sg_putt,1.9833639368598586,2022-07-17,0.0014940012610323843,921,TPC Craig Ranch
14636,"Spieth, Jordan",745,iberostar real club de golf novo sancti petri,sg_putt,0.46897508346843886,2014-08-24,0.0005136459538503494,921,TPC Craig Ranch
14636,"Spieth, Jordan",893,Muirfield Village Golf Club,sg_putt,0.686703394995133,2020-07-12,-0.0005101263522816689,921,TPC Craig Ranch
14636,"Spieth, Jordan",715,Baltusrol GC,sg_putt,0.6678406786681628,2016-07-31,-0.0011106730018091279,921,TPC Craig Ranch
14636,"Spieth, Jordan",762,Liberty National GC,sg_putt,0.390938258200872,2013-08-25,-0.0020673339952467914,921,TPC Craig Ranch
14636,"Spieth, Jordan",666,Pebble Beach Golf Links,sg_putt,1.1289571845620932,2019-06-16,-0.00471024833758364,921,TPC Craig Ranch
14636,"Spieth, Jordan",709,Royal Troon,sg_putt,2.864215128908834,2024-07-21,-0.009992570458503835,921,TPC Craig Ranch
14636,"Spieth, Jordan",724,Royal Liverpool,sg_putt,2.387613570697432,2023-07-23,-0.010595685119635998,921,TPC Craig Ranch
14636,"Spieth, Jordan",921,TPC Craig Ranch,sg_putt,8.208130556568952,2025-05-04,-0.013891499803933461,921,TPC Craig Ranch
14636,"Spieth, Jordan",232,Albany GC,sg_putt,6.23687601644295,2025-12-07,-0.07489943451385209,921,TPC Craig Ranch
14636,"Spieth, Jordan",818,Chambers Bay GC,sg_total,0.4088578610518003,2015-06-21,0.0026101258085296916,921,TPC Craig Ranch
14636,"Spieth, Jordan",742,Grand Reserve Golf Club,sg_total,0.3594408537932679,2013-03-10,0.001978099554117655,921,TPC Craig Ranch
14636,"Spieth, Jordan",236,Erin Hills,sg_total,0.7845024067939457,2017-06-18,-0.0023764885701968003,921,TPC Craig Ranch
21995,"Springer, Hayden",934,Hurstbourne Country Club,sg_app,3.4239483077157167,2025-07-13,0.03907212293866028,921,TPC Craig Ranch
21995,"Springer, Hayden",921,TPC Craig Ranch,sg_app,3.0311108185738744,2025-05-04,0.023638489413663033,921,TPC Craig Ranch
21995,"Springer, Hayden",930,Black Desert Resort,sg_arg,5.10204496587278,2025-10-26,0.007836887635241395,921,TPC Craig Ranch
21995,"Springer, Hayden",21,Colonial Country Club,sg_arg,4.73364558132863,2025-05-25,-0.011694797420636924,921,TPC Craig Ranch
21995,"Springer, Hayden",874,Hamilton Golf & Country Club,sg_arg,1.3974472516771892,2024-06-02,-0.01343859151943124,921,TPC Craig Ranch
21995,"Springer, Hayden",921,TPC Craig Ranch,sg_arg,3.0311108185738744,2025-05-04,-0.03843951191365734,921,TPC Craig Ranch
21995,"Springer, Hayden",876,Detroit Golf Club,sg_ott,6.234362569648931,2025-06-29,0.031739055043192806,921,TPC Craig Ranch
21995,"Springer, Hayden",897,Memorial Park Golf Course,sg_ott,4.602941895844085,2025-03-30,0.012480915362056188,921,TPC Craig Ranch
21995,"Springer, Hayden",4,Torrey Pines Golf Course (South Course),sg_ott,2.3598835831996605,2025-01-25,0.0010473388504903894,921,TPC Craig Ranch
21995,"Springer, Hayden",926,Silverado Resort (North Course),sg_ott,5.006292602443204,2025-09-14,-0.00195647260054671,921,TPC Craig Ranch
21995,"Springer, Hayden",770,TPC San Antonio - The Oaks Course,sg_ott,2.717722901498546,2024-04-07,-0.008014039235440267,921,TPC Craig Ranch
21995,"Springer, Hayden",21,Colonial Country Club,sg_ott,4.73364558132863,2025-05-25,-0.0144996740588535,921,TPC Craig Ranch
21995,"Springer, Hayden",714,TPC Louisiana,sg_ott,7.246918468522029,2026-04-26,-0.014601211203127476,921,TPC Craig Ranch
21995,"Springer, Hayden",921,TPC Craig Ranch,sg_ott,3.0311108185738744,2025-05-04,-0.022507243366449915,921,TPC Craig Ranch
21995,"Springer, Hayden",746,The Country Club of Jackson,sg_ott,4.762046051714833,2025-10-05,-0.022675209425914018,921,TPC Craig Ranch
21995,"Springer, Hayden",665,Innisbrook Resort and Golf Club - Copperhead Course,sg_putt,2.698765270307489,2024-03-24,-0.004072458057134442,921,TPC Craig Ranch
21995,"Springer, Hayden",921,TPC Craig Ranch,sg_putt,3.0311108185738744,2025-05-04,-0.0070258503533711875,921,TPC Craig Ranch
21995,"Springer, Hayden",510,TPC Scottsdale (Stadium Course),sg_putt,1.5850994986935563,2025-02-09,-0.012605219679078258,921,TPC Craig Ranch
21995,"Springer, Hayden",742,Grand Reserve Golf Club,sg_total,2.679939879154656,2024-03-10,0.01883273052574789,921,TPC Craig Ranch
21995,"Springer, Hayden",811,Paiute Golf Resort - Sun Mt GC,sg_total,0.7898969228492065,2021-04-18,-0.002852253945676533,921,TPC Craig Ranch
21995,"Springer, Hayden",244,Puntacana Resort (Corales Golf Course),sg_total,4.651527413338673,2025-04-20,-0.007273072045984058,921,TPC Craig Ranch
21995,"Springer, Hayden",98,PGA Riviera Maya,sg_total,3.9384780270069317,2026-04-19,-0.02861783957791161,921,TPC Craig Ranch
23048,"Stanger, Jimmy",921,TPC Craig Ranch,sg_app,1.3780193031157617,2024-05-05,-0.03170188190233363,921,TPC Craig Ranch
23048,"Stanger, Jimmy",21,Colonial Country Club,sg_arg,1.392564735683542,2024-05-26,-0.004962565858312512,921,TPC Craig Ranch
23048,"Stanger, Jimmy",921,TPC Craig Ranch,sg_arg,1.3780193031157617,2024-05-05,-0.010209591683456016,921,TPC Craig Ranch
23048,"Stanger, Jimmy",921,TPC Craig Ranch,sg_ott,1.3780193031157617,2024-05-05,0.017223431678830788,921,TPC Craig Ranch
23048,"Stanger, Jimmy",714,TPC Louisiana,sg_ott,1.976143425723861,2026-04-26,0.0006592040263165191,921,TPC Craig Ranch
23048,"Stanger, Jimmy",928,PGA National  - Champion Course,sg_ott,6.513734241685008,2026-03-01,-0.006996675799034907,921,TPC Craig Ranch
23048,"Stanger, Jimmy",21,Colonial Country Club,sg_ott,1.392564735683542,2024-05-26,-0.010384665239810595,921,TPC Craig Ranch
23048,"Stanger, Jimmy",770,TPC San Antonio - The Oaks Course,sg_ott,3.314363925135946,2026-04-05,-0.010914952389879619,921,TPC Craig Ranch
23048,"Stanger, Jimmy",897,Memorial Park Golf Course,sg_ott,3.8973403584349975,2026-03-29,-0.017907729595379198,921,TPC Craig Ranch
23048,"Stanger, Jimmy",665,Innisbrook Resort and Golf Club - Copperhead Course,sg_putt,5.681155082144005,2026-03-22,0.016919380178330334,921,TPC Craig Ranch
23048,"Stanger, Jimmy",921,TPC Craig Ranch,sg_putt,1.3780193031157617,2024-05-05,-0.031615035434526394,921,TPC Craig Ranch
23048,"Stanger, Jimmy",742,Grand Reserve Golf Club,sg_total,2.679939879154656,2024-03-10,0.017486934340123352,921,TPC Craig Ranch
23048,"Stanger, Jimmy",655,The Glen Club,sg_total,1.1171651506413875,2019-05-26,0.0070488328284755266,921,TPC Craig Ranch
23048,"Stanger, Jimmy",244,Puntacana Resort (Corales Golf Course),sg_total,2.7368137016555485,2024-04-21,0.006214001222933713,921,TPC Craig Ranch
23048,"Stanger, Jimmy",809,Country Club de Bogota-Pacos,sg_total,0.8686416951483404,2023-02-12,0.003905724287871323,921,TPC Craig Ranch
23048,"Stanger, Jimmy",62,The Ledges,sg_total,3.4667313055306366,2023-04-30,0.0038156293022570775,921,TPC Craig Ranch
23048,"Stanger, Jimmy",804,The Country Club of Virginia,sg_total,0.6863361811356673,2018-04-22,0.0017759598913608832,921,TPC Craig Ranch
23048,"Stanger, Jimmy",806,Furman University Golf Club,sg_total,0.23200415453447004,2018-05-20,0.0007806532047624521,921,TPC Craig Ranch
23048,"Stanger, Jimmy",811,Paiute Golf Resort - Sun Mt GC,sg_total,0.7898969228492065,2021-04-18,-0.0007878800652740661,921,TPC Craig Ranch
23048,"Stanger, Jimmy",65,TPC San Antonio-AT&T Oaks,sg_total,0.68876659843788,2020-07-18,-0.0015886272898947666,921,TPC Craig Ranch
23048,"Stanger, Jimmy",630,Fox Den CC,sg_total,0.462387118725265,2018-05-13,-0.0019359256428861196,921,TPC Craig Ranch
23048,"Stanger, Jimmy",61,Country Club at Golden Nugget,sg_total,1.875348223014645,2022-03-27,-0.002057193847567574,921,TPC Craig Ranch
23048,"Stanger, Jimmy",67,The King & Bear Course at WGV,sg_total,0.6791910512898782,2020-06-20,-0.007024836138307707,921,TPC Craig Ranch
14852,"Streb, Robert",715,Baltusrol GC,sg_app,0.6678406786681628,2016-07-31,0.013274923204633814,921,TPC Craig Ranch
14852,"Streb, Robert",238,Glen Oaks Club,sg_app,0.8124461540765495,2017-08-27,0.005335278026939615,921,TPC Craig Ranch
14852,"Streb, Robert",656,Plantation Course at Kapalua,sg_app,2.007481055201984,2021-01-10,0.0029174023513954205,921,TPC Craig Ranch
14852,"Streb, Robert",5,Pebble Beach Golf Links,sg_app,1.0241754930946936,2020-02-09,0.0009018248993185388,921,TPC Craig Ranch
14852,"Streb, Robert",745,iberostar real club de golf novo sancti petri,sg_app,0.23448754173421943,2014-08-24,-0.001330550557324154,921,TPC Craig Ranch
14852,"Streb, Robert",775,CordeValle GC,sg_app,0.40063453996718856,2013-10-13,-0.001487948751522803,921,TPC Craig Ranch
14852,"Streb, Robert",688,East Lake Golf Club,sg_app,0.5725211283155193,2015-09-27,-0.0038742760328056313,921,TPC Craig Ranch
14852,"Streb, Robert",642,Newport Beach Country Club,sg_app,0.23122758906434907,2014-07-27,-0.005439978308538377,921,TPC Craig Ranch
14852,"Streb, Robert",772,St. George's G&CC,sg_app,1.948957006692821,2022-06-12,-0.005620325562879082,921,TPC Craig Ranch
14852,"Streb, Robert",781,Plainfield CC,sg_app,0.5645616786705364,2015-08-30,-0.008802091109737526,921,TPC Craig Ranch
14852,"Streb, Robert",882,Caves Valley Golf Club,sg_app,1.688421993568662,2021-08-29,-0.02085907227038587,921,TPC Craig Ranch
14852,"Streb, Robert",921,TPC Craig Ranch,sg_app,3.266423454882353,2023-05-14,-0.035467051295750715,921,TPC Craig Ranch
14852,"Streb, Robert",921,TPC Craig Ranch,sg_arg,3.266423454882353,2023-05-14,0.04225818231401173,921,TPC Craig Ranch
14852,"Streb, Robert",886,Liberty National Golf Club,sg_arg,1.6825228461212498,2021-08-22,0.012387435678766791,921,TPC Craig Ranch
14852,"Streb, Robert",660,Montreux Golf & Country Club,sg_arg,1.152915972229429,2019-07-28,0.010215946125642429,921,TPC Craig Ranch
14852,"Streb, Robert",21,Colonial Country Club,sg_arg,6.108165903386622,2022-05-29,0.007431742159237495,921,TPC Craig Ranch
14852,"Streb, Robert",789,Conway Farms GC,sg_arg,1.391542588923027,2017-09-17,0.0021542815863868224,921,TPC Craig Ranch
14852,"Streb, Robert",775,CordeValle GC,sg_arg,0.40063453996718856,2013-10-13,0.0018557234037865908,921,TPC Craig Ranch
14852,"Streb, Robert",689,El Bosque CC,sg_arg,0.6772562030538207,2016-08-28,0.001586873351269246,921,TPC Craig Ranch
14852,"Streb, Robert",6,Waialae Country Club,sg_arg,8.039762254707082,2024-01-14,0.0011013898313345443,921,TPC Craig Ranch
14852,"Streb, Robert",874,Hamilton Golf & Country Club,sg_arg,1.1250127412185955,2019-06-09,0.0002670999370591297,921,TPC Craig Ranch
14852,"Streb, Robert",238,Glen Oaks Club,sg_arg,0.8124461540765495,2017-08-27,0.00011885292661733323,921,TPC Craig Ranch
14852,"Streb, Robert",243,Trinity Forest Golf Club,sg_arg,1.482702768827924,2019-05-12,-0.0004043128552146129,921,TPC Craig Ranch
14852,"Streb, Robert",609,Annandale GC,sg_arg,0.19207817671404823,2013-07-21,-0.0011864188538583096,921,TPC Craig Ranch
14852,"Streb, Robert",876,Detroit Golf Club,sg_ott,6.255872724701504,2023-07-02,0.024302857373258324,921,TPC Craig Ranch
14852,"Streb, Robert",4,Torrey Pines Golf Course (South Course),sg_ott,5.379497966709562,2023-01-28,0.014823702158168738,921,TPC Craig Ranch
14852,"Streb, Robert",897,Memorial Park Golf Course,sg_ott,2.807171572746082,2022-11-13,0.00957756880056704,921,TPC Craig Ranch
14852,"Streb, Robert",872,Quail Hollow Club,sg_ott,3.4212446025189083,2023-05-07,0.009441283303001041,921,TPC Craig Ranch
14852,"Streb, Robert",697,Ocean Course at Kiawah Island,sg_ott,1.6076835612440104,2021-05-23,0.0074913135072695175,921,TPC Craig Ranch
14852,"Streb, Robert",893,Muirfield Village Golf Club,sg_ott,0.686703394995133,2020-07-12,0.006016980841671422,921,TPC Craig Ranch
14852,"Streb, Robert",235,Eagle Point Golf Club,sg_ott,0.7681996344830163,2017-05-07,0.005121311053895668,921,TPC Craig Ranch
14852,"Streb, Robert",746,The Country Club of Jackson,sg_ott,7.766056934295122,2023-10-08,0.003981249755516598,921,TPC Craig Ranch
14852,"Streb, Robert",238,Glen Oaks Club,sg_ott,0.8124461540765495,2017-08-27,0.0033248797810427693,921,TPC Craig Ranch
14852,"Streb, Robert",12,Harbour Town Golf Links,sg_ott,6.476319577328635,2023-04-16,0.0021750839269151184,921,TPC Craig Ranch
14852,"Streb, Robert",706,Whistling Straits,sg_ott,0.5606235464632614,2015-08-16,0.002092415139738458,921,TPC Craig Ranch
14852,"Streb, Robert",823,Keene Trace Golf Club,sg_ott,0.9577144264939117,2018-07-22,0.001947302735416256,921,TPC Craig Ranch
14852,"Streb, Robert",698,Quail Hollow Club,sg_ott,1.8043170399207245,2016-05-08,0.0018950106925953209,921,TPC Craig Ranch
14852,"Streb, Robert",32,Glen Abbey GC,sg_ott,1.3387951001525973,2018-07-29,0.0017401609441677433,921,TPC Craig Ranch
14852,"Streb, Robert",770,TPC San Antonio - The Oaks Course,sg_ott,2.921569884141153,2022-04-03,0.0016157959859280815,921,TPC Craig Ranch
14852,"Streb, Robert",772,St. George's G&CC,sg_ott,1.948957006692821,2022-06-12,0.0015915365939694387,921,TPC Craig Ranch
14852,"Streb, Robert",781,Plainfield CC,sg_ott,0.5645616786705364,2015-08-30,0.001386242657913635,921,TPC Craig Ranch
14852,"Streb, Robert",689,El Bosque CC,sg_ott,0.6772562030538207,2016-08-28,0.0011182611791933908,921,TPC Craig Ranch
14852,"Streb, Robert",977,The Renaissance Club,sg_ott,0.9882171485122834,2022-07-10,0.0009280150342940614,921,TPC Craig Ranch
14852,"Streb, Robert",8,Trump National Doral - Blue Monster Course,sg_ott,1.1377769783893736,2016-03-06,0.00019620592985337287,921,TPC Craig Ranch
14852,"Streb, Robert",926,Silverado Resort (North Course),sg_ott,1.2277057460856342,2023-09-17,-0.0010192826678188278,921,TPC Craig Ranch
14852,"Streb, Robert",14,Augusta National Golf Club,sg_ott,0.7871371160983506,2021-04-11,-0.0010423972174002252,921,TPC Craig Ranch
14852,"Streb, Robert",715,Baltusrol GC,sg_ott,0.6678406786681628,2016-07-31,-0.001151225398066903,921,TPC Craig Ranch
14852,"Streb, Robert",642,Newport Beach Country Club,sg_ott,0.23122758906434907,2014-07-27,-0.0018371623768767067,921,TPC Craig Ranch
14852,"Streb, Robert",5,Pebble Beach Golf Links,sg_ott,1.0241754930946936,2020-02-09,-0.003107319066673431,921,TPC Craig Ranch
14852,"Streb, Robert",243,Trinity Forest Golf Club,sg_ott,1.482702768827924,2019-05-12,-0.003783394806268502,921,TPC Craig Ranch
14852,"Streb, Robert",241,Quail Hollow-PGA Championship,sg_ott,0.806778889565115,2017-08-13,-0.005108687115362108,921,TPC Craig Ranch
14852,"Streb, Robert",921,TPC Craig Ranch,sg_ott,3.266423454882353,2023-05-14,-0.005473951134508494,921,TPC Craig Ranch
14852,"Streb, Robert",714,TPC Louisiana,sg_ott,5.904870804429231,2026-04-26,-0.009317070775403277,921,TPC Craig Ranch
14852,"Streb, Robert",21,Colonial Country Club,sg_ott,6.108165903386622,2022-05-29,-0.0111085532335597,921,TPC Craig Ranch
14852,"Streb, Robert",660,Montreux Golf & Country Club,sg_putt,1.152915972229429,2019-07-28,0.010958197621219171,921,TPC Craig Ranch
14852,"Streb, Robert",715,Baltusrol GC,sg_putt,0.6678406786681628,2016-07-31,0.0016169046168659947,921,TPC Craig Ranch
14852,"Streb, Robert",775,CordeValle GC,sg_putt,0.40063453996718856,2013-10-13,6.639236936455147e-05,921,TPC Craig Ranch
14852,"Streb, Robert",656,Plantation Course at Kapalua,sg_putt,2.007481055201984,2021-01-10,-0.0011082588347719538,921,TPC Craig Ranch
14852,"Streb, Robert",745,iberostar real club de golf novo sancti petri,sg_putt,0.23448754173421943,2014-08-24,-0.0024898844912981354,921,TPC Craig Ranch
14852,"Streb, Robert",665,Innisbrook Resort and Golf Club - Copperhead Course,sg_putt,4.713218762549263,2023-03-19,-0.0031450181557506254,921,TPC Craig Ranch
14852,"Streb, Robert",893,Muirfield Village Golf Club,sg_putt,0.686703394995133,2020-07-12,-0.0070749548323574265,921,TPC Craig Ranch
14852,"Streb, Robert",510,TPC Scottsdale (Stadium Course),sg_putt,5.238018540243759,2023-02-12,-0.021347394563578672,921,TPC Craig Ranch
14852,"Streb, Robert",921,TPC Craig Ranch,sg_putt,3.266423454882353,2023-05-14,-0.04656742477977245,921,TPC Craig Ranch
14852,"Streb, Robert",98,PGA Riviera Maya,sg_total,3.306183030916225,2025-05-04,0.009212373183897627,921,TPC Craig Ranch
14852,"Streb, Robert",67,The King & Bear Course at WGV,sg_total,1.3583821025797564,2020-06-20,0.004549391644285537,921,TPC Craig Ranch
14852,"Streb, Robert",742,Grand Reserve Golf Club,sg_total,4.478630347393185,2024-03-10,0.003986437979624643,921,TPC Craig Ranch
14852,"Streb, Robert",809,Country Club de Bogota-Pacos,sg_total,1.4532202827484073,2025-02-09,0.0027606065393926842,921,TPC Craig Ranch
14852,"Streb, Robert",818,Chambers Bay GC,sg_total,0.4088578610518003,2015-06-21,1.796579231308313e-05,921,TPC Craig Ranch
14852,"Streb, Robert",56,Atlantic Beach Country Club,sg_total,0.9868811730133434,2018-09-20,-0.0006116030551845149,921,TPC Craig Ranch
14852,"Streb, Robert",244,Puntacana Resort (Corales Golf Course),sg_total,6.800043469717661,2025-04-20,-0.0008990329711249645,921,TPC Craig Ranch
8480,"Streelman, Kevin",5,Pebble Beach Golf Links,sg_app,5.743239754477044,2023-02-05,0.037630912479797385,921,TPC Craig Ranch
8480,"Streelman, Kevin",715,Baltusrol GC,sg_app,0.3339203393340814,2016-07-31,0.00798048697671558,921,TPC Craig Ranch
8480,"Streelman, Kevin",656,Plantation Course at Kapalua,sg_app,0.9212596782537703,2015-01-12,0.0076372688690485606,921,TPC Craig Ranch
8480,"Streelman, Kevin",781,Plainfield CC,sg_app,0.7683063436544737,2015-08-30,0.005967119669414283,921,TPC Craig Ranch
8480,"Streelman, Kevin",745,iberostar real club de golf novo sancti petri,sg_app,0.8522431655762425,2014-08-24,0.004994357307247943,921,TPC Craig Ranch
8480,"Streelman, Kevin",891,Winged Foot GC,sg_app,0.7111635699565723,2020-09-20,0.0033884181693201254,921,TPC Craig Ranch
8480,"Streelman, Kevin",625,LaCantera GC (Resort),sg_app,0.16070166604315692,2008-10-12,0.002523138049764308,921,TPC Craig Ranch
8480,"Streelman, Kevin",772,St. George's G&CC,sg_app,0.11126363324293173,2010-07-25,0.001613643641548938,921,TPC Craig Ranch
8480,"Streelman, Kevin",921,TPC Craig Ranch,sg_app,1.3780193031157617,2024-05-05,0.0004579995437030243,921,TPC Craig Ranch
8480,"Streelman, Kevin",649,Hualalai Golf Course,sg_app,0.6134464844755896,2015-01-25,-0.0006052162964919083,921,TPC Craig Ranch
8480,"Streelman, Kevin",775,CordeValle GC,sg_app,0.5660419471230967,2012-10-14,-0.0029373784138904623,921,TPC Craig Ranch
8480,"Streelman, Kevin",238,Glen Oaks Club,sg_app,0.40622307703827476,2017-08-27,-0.0043296035266339825,921,TPC Craig Ranch
8480,"Streelman, Kevin",694,Hamilton G&CC,sg_app,0.32135603124489664,2012-07-29,-0.0048788257090530114,921,TPC Craig Ranch
8480,"Streelman, Kevin",688,East Lake Golf Club,sg_app,0.6260983303025527,2013-09-22,-0.005327338336395427,921,TPC Craig Ranch
8480,"Streelman, Kevin",534,Bellerive CC,sg_app,0.6418255550348855,2018-08-12,-0.0057929352726709335,921,TPC Craig Ranch
8480,"Streelman, Kevin",882,Caves Valley Golf Club,sg_app,1.688421993568662,2021-08-29,-0.03854481278525655,921,TPC Craig Ranch
8480,"Streelman, Kevin",744,Torrey Pines (South),sg_arg,1.6303494219182981,2021-06-20,0.007761741751503334,921,TPC Craig Ranch
8480,"Streelman, Kevin",689,El Bosque CC,sg_arg,1.0031428591098606,2016-08-28,0.005762239897191414,921,TPC Craig Ranch
8480,"Streelman, Kevin",873,Ridgewood CC,sg_arg,0.9746219381933394,2018-08-26,0.005631180774408527,921,TPC Craig Ranch
8480,"Streelman, Kevin",527,Saucon Valley CC,sg_arg,0.6820136280365007,2016-09-11,0.004409614650291132,921,TPC Craig Ranch
8480,"Streelman, Kevin",775,CordeValle GC,sg_arg,0.5660419471230967,2012-10-14,0.0019179197706743118,921,TPC Craig Ranch
8480,"Streelman, Kevin",789,Conway Farms GC,sg_arg,0.39506473600852615,2013-09-15,0.0007764507167335997,921,TPC Craig Ranch
8480,"Streelman, Kevin",762,Liberty National GC,sg_arg,0.579712089765115,2013-08-25,0.0003266747141920692,921,TPC Craig Ranch
8480,"Streelman, Kevin",671,Valhalla Golf Club,sg_arg,0.23285186050540693,2014-08-10,0.00018820047476069259,921,TPC Craig Ranch
8480,"Streelman, Kevin",625,LaCantera GC (Resort),sg_arg,0.16070166604315692,2008-10-12,-0.00010316846009223765,921,TPC Craig Ranch
8480,"Streelman, Kevin",773,Aronimink GC,sg_arg,0.31920932791641493,2011-07-03,-0.0006595682897180046,921,TPC Craig Ranch
8480,"Streelman, Kevin",505,Cherry Hills CC,sg_arg,0.47226942579898806,2014-09-07,-0.0008526220899931847,921,TPC Craig Ranch
8480,"Streelman, Kevin",921,TPC Craig Ranch,sg_arg,1.3780193031157617,2024-05-05,-0.001233715838594554,921,TPC Craig Ranch
8480,"Streelman, Kevin",886,Liberty National Golf Club,sg_arg,2.263030194371359,2021-08-22,-0.001582301253024067,921,TPC Craig Ranch
8480,"Streelman, Kevin",896,Olympia Fields Country Club (North Course),sg_arg,1.4074708370262448,2020-08-30,-0.002002696772993686,921,TPC Craig Ranch
8480,"Streelman, Kevin",874,Hamilton Golf & Country Club,sg_arg,2.7948945033543784,2024-06-02,-0.002783028729498618,921,TPC Craig Ranch
8480,"Streelman, Kevin",238,Glen Oaks Club,sg_arg,0.40622307703827476,2017-08-27,-0.006259934193810786,921,TPC Craig Ranch
8480,"Streelman, Kevin",6,Waialae Country Club,sg_arg,6.538286542029575,2025-01-12,-0.015241258614148857,921,TPC Craig Ranch
8480,"Streelman, Kevin",21,Colonial Country Club,sg_arg,12.940557246567867,2024-05-26,-0.01545385073597307,921,TPC Craig Ranch
8480,"Streelman, Kevin",930,Black Desert Resort,sg_arg,4.791328090856462,2025-10-26,-0.030578227037624212,921,TPC Craig Ranch
8480,"Streelman, Kevin",770,TPC San Antonio - The Oaks Course,sg_ott,14.732392669387117,2026-04-05,0.025346078223696424,921,TPC Craig Ranch
8480,"Streelman, Kevin",714,TPC Louisiana,sg_ott,1.976143425723861,2026-04-26,0.015355970116697322,921,TPC Craig Ranch
8480,"Streelman, Kevin",746,The Country Club of Jackson,sg_ott,15.085830747763689,2025-10-05,0.009008747946977235,921,TPC Craig Ranch
8480,"Streelman, Kevin",21,Colonial Country Club,sg_ott,12.940557246567867,2024-05-26,0.008939243451381876,921,TPC Craig Ranch
8480,"Streelman, Kevin",872,Quail Hollow Club,sg_ott,5.460174427149088,2023-05-07,0.005262580901600568,921,TPC Craig Ranch
8480,"Streelman, Kevin",928,PGA National  - Champion Course,sg_ott,5.178445999147151,2026-03-01,0.004124944043434219,921,TPC Craig Ranch
8480,"Streelman, Kevin",32,Glen Abbey GC,sg_ott,0.6728849267173389,2016-07-24,0.003942731168774686,921,TPC Craig Ranch
8480,"Streelman, Kevin",893,Muirfield Village Golf Club,sg_ott,1.373406789990266,2020-07-12,0.00355984444653642,921,TPC Craig Ranch
8480,"Streelman, Kevin",697,Ocean Course at Kiawah Island,sg_ott,1.6076835612440104,2021-05-23,0.0028420600460180604,921,TPC Craig Ranch
8480,"Streelman, Kevin",873,Ridgewood CC,sg_ott,0.9746219381933394,2018-08-26,0.002774422842002153,921,TPC Craig Ranch
8480,"Streelman, Kevin",505,Cherry Hills CC,sg_ott,0.47226942579898806,2014-09-07,0.0023518742430839686,921,TPC Craig Ranch
8480,"Streelman, Kevin",715,Baltusrol GC,sg_ott,0.3339203393340814,2016-07-31,0.001438258643744862,921,TPC Craig Ranch
8480,"Streelman, Kevin",762,Liberty National GC,sg_ott,0.579712089765115,2013-08-25,0.0012821810212148375,921,TPC Craig Ranch
8480,"Streelman, Kevin",8,Trump National Doral - Blue Monster Course,sg_ott,0.6809626344025185,2014-03-09,0.0009407100027236141,921,TPC Craig Ranch
8480,"Streelman, Kevin",671,Valhalla Golf Club,sg_ott,0.23285186050540693,2014-08-10,0.0006564784091496512,921,TPC Craig Ranch
8480,"Streelman, Kevin",534,Bellerive CC,sg_ott,0.6418255550348855,2018-08-12,0.0005120168058649021,921,TPC Craig Ranch
8480,"Streelman, Kevin",706,Whistling Straits,sg_ott,0.5606235464632614,2015-08-16,6.684914038602459e-05,921,TPC Craig Ranch
8480,"Streelman, Kevin",713,Grayhawk GC (Raptor),sg_ott,0.2588976209553373,2009-10-25,-5.0539739068062926e-05,921,TPC Craig Ranch
8480,"Streelman, Kevin",238,Glen Oaks Club,sg_ott,0.40622307703827476,2017-08-27,-0.00033918084191976694,921,TPC Craig Ranch
8480,"Streelman, Kevin",781,Plainfield CC,sg_ott,0.7683063436544737,2015-08-30,-0.0006515230212041911,921,TPC Craig Ranch
8480,"Streelman, Kevin",772,St. George's G&CC,sg_ott,0.11126363324293173,2010-07-25,-0.0007699187577087299,921,TPC Craig Ranch
8480,"Streelman, Kevin",689,El Bosque CC,sg_ott,1.0031428591098606,2016-08-28,-0.0008140801710608339,921,TPC Craig Ranch
8480,"Streelman, Kevin",5,Pebble Beach Golf Links,sg_ott,5.743239754477044,2023-02-05,-0.0018289635770338702,921,TPC Craig Ranch
8480,"Streelman, Kevin",12,Harbour Town Golf Links,sg_ott,9.547614918683916,2023-04-16,-0.002093991738730705,921,TPC Craig Ranch
8480,"Streelman, Kevin",235,Eagle Point Golf Club,sg_ott,0.38409981724150816,2017-05-07,-0.002491407752516541,921,TPC Craig Ranch
8480,"Streelman, Kevin",698,Quail Hollow Club,sg_ott,1.9387127604813827,2016-05-08,-0.002626962030825622,921,TPC Craig Ranch
8480,"Streelman, Kevin",527,Saucon Valley CC,sg_ott,0.6820136280365007,2016-09-11,-0.00306039155079715,921,TPC Craig Ranch
8480,"Streelman, Kevin",891,Winged Foot GC,sg_ott,0.7111635699565723,2020-09-20,-0.003927673553159344,921,TPC Craig Ranch
8480,"Streelman, Kevin",744,Torrey Pines (South),sg_ott,1.6303494219182981,2021-06-20,-0.0074105433840256415,921,TPC Craig Ranch
8480,"Streelman, Kevin",897,Memorial Park Golf Course,sg_ott,3.5359738419386226,2022-11-13,-0.008302138421355923,921,TPC Craig Ranch
8480,"Streelman, Kevin",895,TPC Harding Park,sg_ott,1.3927697092247904,2020-08-09,-0.009536429362133314,921,TPC Craig Ranch
8480,"Streelman, Kevin",876,Detroit Golf Club,sg_ott,5.96848200811954,2024-06-30,-0.011937843631657256,921,TPC Craig Ranch
8480,"Streelman, Kevin",926,Silverado Resort (North Course),sg_ott,7.461704094614472,2025-09-14,-0.01853444495161351,921,TPC Craig Ranch
8480,"Streelman, Kevin",4,Torrey Pines Golf Course (South Course),sg_ott,10.66249913214866,2026-02-01,-0.02949544243399073,921,TPC Craig Ranch
8480,"Streelman, Kevin",921,TPC Craig Ranch,sg_ott,1.3780193031157617,2024-05-05,-0.07781488431601591,921,TPC Craig Ranch
8480,"Streelman, Kevin",893,Muirfield Village Golf Club,sg_putt,1.373406789990266,2020-07-12,0.0167500293224526,921,TPC Craig Ranch
8480,"Streelman, Kevin",2000,Sherwood Country Club,sg_putt,1.447436934746801,2020-10-25,0.008754995135956479,921,TPC Craig Ranch
8480,"Streelman, Kevin",745,iberostar real club de golf novo sancti petri,sg_putt,0.8522431655762425,2014-08-24,0.0057699900961157785,921,TPC Craig Ranch
8480,"Streelman, Kevin",649,Hualalai Golf Course,sg_putt,0.6134464844755896,2015-01-25,0.00513378387309983,921,TPC Craig Ranch
8480,"Streelman, Kevin",665,Innisbrook Resort and Golf Club - Copperhead Course,sg_putt,15.344588580140305,2026-03-22,0.004678165111339341,921,TPC Craig Ranch
8480,"Streelman, Kevin",873,Ridgewood CC,sg_putt,0.9746219381933394,2018-08-26,0.002157230493249569,921,TPC Craig Ranch
8480,"Streelman, Kevin",526,Cog Hill G&CC,sg_putt,0.228046519286715,2010-09-12,8.609523192789972e-05,921,TPC Craig Ranch
8480,"Streelman, Kevin",762,Liberty National GC,sg_putt,0.579712089765115,2013-08-25,-0.0005026996446315468,921,TPC Craig Ranch
8480,"Streelman, Kevin",713,Grayhawk GC (Raptor),sg_putt,0.2588976209553373,2009-10-25,-0.0006797073609056326,921,TPC Craig Ranch
8480,"Streelman, Kevin",656,Plantation Course at Kapalua,sg_putt,0.9212596782537703,2015-01-12,-0.0017830330360569995,921,TPC Craig Ranch
8480,"Streelman, Kevin",775,CordeValle GC,sg_putt,0.5660419471230967,2012-10-14,-0.004243510304508594,921,TPC Craig Ranch
8480,"Streelman, Kevin",715,Baltusrol GC,sg_putt,0.3339203393340814,2016-07-31,-0.004599515395373111,921,TPC Craig Ranch
8480,"Streelman, Kevin",921,TPC Craig Ranch,sg_putt,1.3780193031157617,2024-05-05,-0.024880670598233335,921,TPC Craig Ranch
8480,"Streelman, Kevin",510,TPC Scottsdale (Stadium Course),sg_putt,11.861211181874408,2025-02-09,-0.025758245269790942,921,TPC Craig Ranch
8480,"Streelman, Kevin",742,Grand Reserve Golf Club,sg_total,3.290281471209579,2024-03-10,-0.0005508132237779112,921,TPC Craig Ranch
8480,"Streelman, Kevin",780,Atlanta Athletic Club,sg_total,0.2697645765950573,2011-08-14,-0.0006422276360595226,921,TPC Craig Ranch
29279,"Suber, Jackson",921,TPC Craig Ranch,sg_app,1.6530915154581125,2025-05-04,0.05505534973754034,921,TPC Craig Ranch
29279,"Suber, Jackson",934,Hurstbourne Country Club,sg_app,3.4239483077157167,2025-07-13,-0.0327035476443567,921,TPC Craig Ranch
29279,"Suber, Jackson",21,Colonial Country Club,sg_arg,3.341080845645088,2025-05-25,0.002568377619309799,921,TPC Craig Ranch
29279,"Suber, Jackson",6,Waialae Country Club,sg_arg,3.1261254461480186,2025-01-12,0.0004496586388233976,921,TPC Craig Ranch
29279,"Suber, Jackson",930,Black Desert Resort,sg_arg,3.608507893926066,2025-10-26,-0.0018784249368027925,921,TPC Craig Ranch
29279,"Suber, Jackson",921,TPC Craig Ranch,sg_arg,1.6530915154581125,2025-05-04,-0.013253394488996319,921,TPC Craig Ranch
29279,"Suber, Jackson",714,TPC Louisiana,sg_ott,3.6234592342610146,2026-04-26,0.03727944299234025,921,TPC Craig Ranch
29279,"Suber, Jackson",21,Colonial Country Club,sg_ott,3.341080845645088,2025-05-25,0.03313951394326377,921,TPC Craig Ranch
29279,"Suber, Jackson",876,Detroit Golf Club,sg_ott,3.4000643609015926,2025-06-29,0.012847170931315315,921,TPC Craig Ranch
29279,"Suber, Jackson",746,The Country Club of Jackson,sg_ott,1.78540839282237,2025-10-05,0.010525206194848636,921,TPC Craig Ranch
29279,"Suber, Jackson",770,TPC San Antonio - The Oaks Course,sg_ott,3.58561195822169,2026-04-05,0.009283610910679436,921,TPC Craig Ranch
29279,"Suber, Jackson",897,Memorial Park Golf Course,sg_ott,7.146168505282754,2026-03-29,0.0026386456809824464,921,TPC Craig Ranch
29279,"Suber, Jackson",926,Silverado Resort (North Course),sg_ott,1.7667596817655018,2025-09-14,0.0017513601201312012,921,TPC Craig Ranch
29279,"Suber, Jackson",928,PGA National  - Champion Course,sg_ott,7.046819213947929,2026-03-01,-0.016462846095822874,921,TPC Craig Ranch
29279,"Suber, Jackson",921,TPC Craig Ranch,sg_ott,1.6530915154581125,2025-05-04,-0.028769353324145895,921,TPC Craig Ranch
29279,"Suber, Jackson",4,Torrey Pines Golf Course (South Course),sg_ott,5.202179902705055,2026-02-01,-0.042012688274500706,921,TPC Craig Ranch
29279,"Suber, Jackson",665,Innisbrook Resort and Golf Club - Copperhead Course,sg_putt,3.5606003173878404,2026-03-22,-0.026908322275303286,921,TPC Craig Ranch
29279,"Suber, Jackson",921,TPC Craig Ranch,sg_putt,1.6530915154581125,2025-05-04,-0.08301866876727863,921,TPC Craig Ranch
29279,"Suber, Jackson",809,Country Club de Bogota-Pacos,sg_total,0.6606705334016293,2024-02-11,0.011033173061076334,921,TPC Craig Ranch
29279,"Suber, Jackson",62,The Ledges,sg_total,1.1447052503132664,2023-04-30,-0.004117274934351768,921,TPC Craig Ranch
29279,"Suber, Jackson",244,Puntacana Resort (Corales Golf Course),sg_total,3.283120562510899,2025-04-20,-0.016730065316735664,921,TPC Craig Ranch
13997,"Svensson, Adam",5,Pebble Beach Golf Links,sg_app,2.4967114329468796,2024-02-04,0.026744238484102643,921,TPC Craig Ranch
13997,"Svensson, Adam",934,Hurstbourne Country Club,sg_app,1.7119741538578583,2025-07-13,0.020433005327249964,921,TPC Craig Ranch
13997,"Svensson, Adam",656,Plantation Course at Kapalua,sg_app,4.761564733201402,2024-01-07,0.01228740094223608,921,TPC Craig Ranch
13997,"Svensson, Adam",772,St. George's G&CC,sg_app,1.948957006692821,2022-06-12,0.004911296674255059,921,TPC Craig Ranch
13997,"Svensson, Adam",875,ACCORDIA GOLF Narashino Country Club,sg_app,3.0080570172775305,2024-10-27,-0.001316691916279693,921,TPC Craig Ranch
13997,"Svensson, Adam",921,TPC Craig Ranch,sg_app,3.5749532336318017,2025-05-04,-0.014952500273890827,921,TPC Craig Ranch
13997,"Svensson, Adam",514,Oak Hill Country Club,sg_app,2.3135759575120334,2023-05-21,-0.018619546242554054,921,TPC Craig Ranch
13997,"Svensson, Adam",930,Black Desert Resort,sg_arg,6.5955820378194945,2025-10-26,0.011588223897312802,921,TPC Craig Ranch
13997,"Svensson, Adam",6,Waialae Country Club,sg_arg,14.523814217512937,2026-01-18,0.00583224994826345,921,TPC Craig Ranch
13997,"Svensson, Adam",874,Hamilton Golf & Country Club,sg_arg,3.3574008739636763,2024-06-02,0.004358476372436484,921,TPC Craig Ranch
13997,"Svensson, Adam",921,TPC Craig Ranch,sg_arg,3.5749532336318017,2025-05-04,0.0024338919364190457,921,TPC Craig Ranch
13997,"Svensson, Adam",243,Trinity Forest Golf Club,sg_arg,0.5546861506900438,2019-05-12,0.0015835084907595623,921,TPC Craig Ranch
13997,"Svensson, Adam",671,Valhalla Golf Club,sg_arg,2.7753985572506426,2024-05-19,0.0006925397185831786,921,TPC Craig Ranch
13997,"Svensson, Adam",896,Olympia Fields Country Club (North Course),sg_arg,2.421275242584897,2023-08-20,0.0005003487316519592,921,TPC Craig Ranch
13997,"Svensson, Adam",660,Montreux Golf & Country Club,sg_arg,1.152915972229429,2019-07-28,-0.004672951100785299,921,TPC Craig Ranch
13997,"Svensson, Adam",21,Colonial Country Club,sg_arg,8.061572262884136,2025-05-25,-0.01272398399121554,921,TPC Craig Ranch
13997,"Svensson, Adam",714,TPC Louisiana,sg_ott,7.246918468522029,2026-04-26,0.026527662251746017,921,TPC Craig Ranch
13997,"Svensson, Adam",872,Quail Hollow Club,sg_ott,5.615887260848419,2024-05-12,0.020343716916788688,921,TPC Craig Ranch
13997,"Svensson, Adam",746,The Country Club of Jackson,sg_ott,10.274021583127219,2025-10-05,0.015694460435574285,921,TPC Craig Ranch
13997,"Svensson, Adam",514,Oak Hill Country Club,sg_ott,2.3135759575120334,2023-05-21,0.015314221213208634,921,TPC Craig Ranch
13997,"Svensson, Adam",770,TPC San Antonio - The Oaks Course,sg_ott,11.920035710935837,2026-04-05,0.010311475229740253,921,TPC Craig Ranch
13997,"Svensson, Adam",21,Colonial Country Club,sg_ott,8.061572262884136,2025-05-25,0.007962835899064989,921,TPC Craig Ranch
13997,"Svensson, Adam",928,PGA National  - Champion Course,sg_ott,4.858697849511822,2026-03-01,0.006054134841880102,921,TPC Craig Ranch
13997,"Svensson, Adam",528,Pinehurst Resort & Country Club (Course No. 2),sg_ott,2.814527399847991,2024-06-16,0.005831794229638845,921,TPC Craig Ranch
13997,"Svensson, Adam",671,Valhalla Golf Club,sg_ott,2.7753985572506426,2024-05-19,0.00574827778540586,921,TPC Craig Ranch
13997,"Svensson, Adam",772,St. George's G&CC,sg_ott,1.948957006692821,2022-06-12,0.003171543442961154,921,TPC Craig Ranch
13997,"Svensson, Adam",876,Detroit Golf Club,sg_ott,8.04559606566793,2025-06-29,0.0025367595439613174,921,TPC Craig Ranch
13997,"Svensson, Adam",12,Harbour Town Golf Links,sg_ott,6.905397409389589,2024-04-21,0.0020227194191258214,921,TPC Craig Ranch
13997,"Svensson, Adam",5,Pebble Beach Golf Links,sg_ott,2.4967114329468796,2024-02-04,0.001269138206884748,921,TPC Craig Ranch
13997,"Svensson, Adam",243,Trinity Forest Golf Club,sg_ott,0.5546861506900438,2019-05-12,0.0004289496845372131,921,TPC Craig Ranch
13997,"Svensson, Adam",14,Augusta National Golf Club,sg_ott,1.1327487267838647,2023-04-09,-0.002924855346339218,921,TPC Craig Ranch
13997,"Svensson, Adam",4,Torrey Pines Golf Course (South Course),sg_ott,5.0928807377275875,2026-02-01,-0.01819092597494972,921,TPC Craig Ranch
13997,"Svensson, Adam",926,Silverado Resort (North Course),sg_ott,4.712306159589902,2025-09-14,-0.030822788293717908,921,TPC Craig Ranch
13997,"Svensson, Adam",897,Memorial Park Golf Course,sg_ott,10.88802828966227,2026-03-29,-0.031614469165790846,921,TPC Craig Ranch
13997,"Svensson, Adam",921,TPC Craig Ranch,sg_ott,3.5749532336318017,2025-05-04,-0.038056681019306836,921,TPC Craig Ranch
13997,"Svensson, Adam",921,TPC Craig Ranch,sg_putt,3.5749532336318017,2025-05-04,0.030132322567523174,921,TPC Craig Ranch
13997,"Svensson, Adam",510,TPC Scottsdale (Stadium Course),sg_putt,5.593011748623924,2025-02-09,-0.009239703634722632,921,TPC Craig Ranch
13997,"Svensson, Adam",660,Montreux Golf & Country Club,sg_putt,1.152915972229429,2019-07-28,-0.013929959668678717,921,TPC Craig Ranch
13997,"Svensson, Adam",656,Plantation Course at Kapalua,sg_putt,4.761564733201402,2024-01-07,-0.02886975102373957,921,TPC Craig Ranch
13997,"Svensson, Adam",665,Innisbrook Resort and Golf Club - Copperhead Course,sg_putt,8.669423028966474,2026-03-22,-0.03429558350845435,921,TPC Craig Ranch
13997,"Svensson, Adam",50,Corales Golf Club,sg_total,0.7681996344830163,2017-05-07,0.00899221398681696,921,TPC Craig Ranch
13997,"Svensson, Adam",811,Paiute Golf Resort - Sun Mt GC,sg_total,1.579793845698413,2021-04-18,0.0040779601842430005,921,TPC Craig Ranch
13997,"Svensson, Adam",56,Atlantic Beach Country Club,sg_total,1.4002757212518024,2018-09-20,0.0036859801495754897,921,TPC Craig Ranch
13997,"Svensson, Adam",806,Furman University Golf Club,sg_total,0.23200415453447004,2018-05-20,0.0004950048560490175,921,TPC Craig Ranch
13997,"Svensson, Adam",809,Country Club de Bogota-Pacos,sg_total,0.3179058529315635,2020-02-09,0.0003548728781963115,921,TPC Craig Ranch
13997,"Svensson, Adam",804,The Country Club of Virginia,sg_total,0.45755745409044485,2018-04-22,0.00013656138790058524,921,TPC Craig Ranch
13997,"Svensson, Adam",803,University Ridge GC,sg_total,0.19339897420195362,2017-05-21,-0.0001805923807042702,921,TPC Craig Ranch
13997,"Svensson, Adam",244,Puntacana Resort (Corales Golf Course),sg_total,4.763953872157945,2025-04-20,-0.0031210192773622135,921,TPC Craig Ranch
13997,"Svensson, Adam",65,TPC San Antonio-AT&T Oaks,sg_total,1.37753319687576,2020-07-18,-0.004194674270104349,921,TPC Craig Ranch
13997,"Svensson, Adam",67,The King & Bear Course at WGV,sg_total,0.6791910512898782,2020-06-20,-0.004214197017044226,921,TPC Craig Ranch
13997,"Svensson, Adam",630,Fox Den CC,sg_total,0.8671909002099885,2018-05-13,-0.004708568250293729,921,TPC Craig Ranch
13997,"Svensson, Adam",742,Grand Reserve Golf Club,sg_total,1.1608012470736413,2019-02-24,-0.0089104589179054,921,TPC Craig Ranch
13997,"Svensson, Adam",62,The Ledges,sg_total,1.5908911980373366,2021-05-02,-0.009823801132913744,921,TPC Craig Ranch
26850,"Svensson, Jesper",921,TPC Craig Ranch,sg_app,1.6530915154581125,2025-05-04,-0.037887575508193966,921,TPC Craig Ranch
26850,"Svensson, Jesper",921,TPC Craig Ranch,sg_arg,1.6530915154581125,2025-05-04,0.03112198435618881,921,TPC Craig Ranch
26850,"Svensson, Jesper",6,Waialae Country Club,sg_arg,3.1261254461480186,2025-01-12,0.021136457809458643,921,TPC Craig Ranch
26850,"Svensson, Jesper",930,Black Desert Resort,sg_arg,3.608507893926066,2025-10-26,0.013098272543374867,921,TPC Craig Ranch
26850,"Svensson, Jesper",21,Colonial Country Club,sg_arg,3.341080845645088,2025-05-25,0.0033633336721789033,921,TPC Craig Ranch
26850,"Svensson, Jesper",746,The Country Club of Jackson,sg_ott,3.57081678564474,2025-10-05,0.01831808590840761,921,TPC Craig Ranch
26850,"Svensson, Jesper",4,Torrey Pines Golf Course (South Course),sg_ott,1.734059967568352,2026-02-01,0.008889681656426472,921,TPC Craig Ranch
26850,"Svensson, Jesper",21,Colonial Country Club,sg_ott,3.341080845645088,2025-05-25,0.005084350760738889,921,TPC Craig Ranch
26850,"Svensson, Jesper",770,TPC San Antonio - The Oaks Course,sg_ott,5.215721442056708,2026-04-05,0.004257261679278937,921,TPC Craig Ranch
26850,"Svensson, Jesper",714,TPC Louisiana,sg_ott,3.6234592342610146,2026-04-26,0.0038804394130368064,921,TPC Craig Ranch
26850,"Svensson, Jesper",876,Detroit Golf Club,sg_ott,1.7000321804507963,2025-06-29,0.0018789518198330803,921,TPC Craig Ranch
26850,"Svensson, Jesper",921,TPC Craig Ranch,sg_ott,1.6530915154581125,2025-05-04,-0.004144289709208488,921,TPC Craig Ranch
26850,"Svensson, Jesper",897,Memorial Park Golf Course,sg_ott,7.146168505282754,2026-03-29,-0.017737517952263658,921,TPC Craig Ranch
26850,"Svensson, Jesper",928,PGA National  - Champion Course,sg_ott,5.125240335643283,2026-03-01,-0.034041830414138406,921,TPC Craig Ranch
26850,"Svensson, Jesper",977,The Renaissance Club,sg_ott,3.4239483077157167,2025-07-13,-0.0369629351042922,921,TPC Craig Ranch
26850,"Svensson, Jesper",665,Innisbrook Resort and Golf Club - Copperhead Course,sg_putt,5.179338879493292,2026-03-22,-0.022061939878557646,921,TPC Craig Ranch
26850,"Svensson, Jesper",921,TPC Craig Ranch,sg_putt,1.6530915154581125,2025-05-04,-0.03464485170790156,921,TPC Craig Ranch
26850,"Svensson, Jesper",510,TPC Scottsdale (Stadium Course),sg_putt,3.1701989973871125,2025-02-09,-0.039330400295425186,921,TPC Craig Ranch
26850,"Svensson, Jesper",4493,pga national oaks prague,sg_total,2.9045961482947638,2024-08-18,0.021185128913267907,921,TPC Craig Ranch
26850,"Svensson, Jesper",4392,brabazon course at the belfry,sg_total,2.924999650275528,2024-09-01,0.015242764716351455,921,TPC Craig Ranch
26850,"Svensson, Jesper",4490,doha gc,sg_total,2.642682133606517,2024-02-11,0.014977006365420377,921,TPC Craig Ranch
26850,"Svensson, Jesper",4401,carnoustie,sg_total,0.7441594147231158,2024-10-06,0.003560191690723941,921,TPC Craig Ranch
26850,"Svensson, Jesper",4785,doha gc,sg_total,3.8030157146893075,2026-02-08,0.002693885673903805,921,TPC Craig Ranch
26850,"Svensson, Jesper",4458,adriatic golf club cervia,sg_total,1.417149104373669,2024-06-30,-0.009233586051652495,921,TPC Craig Ranch
26850,"Svensson, Jesper",3963,esbjerg golfklub,sg_total,0.8404205821281006,2021-08-20,-0.00975833871723853,921,TPC Craig Ranch
26850,"Svensson, Jesper",4582,furesø golf klub,sg_total,3.4843947669831934,2025-08-17,-0.011425623523444305,921,TPC Craig Ranch
26850,"Svensson, Jesper",4817,national gc,sg_total,3.966144091451867,2026-05-03,-0.0165097644970159,921,TPC Craig Ranch
26850,"Svensson, Jesper",4585,k club,sg_total,3.5211736633368846,2025-09-07,-0.0270717936179826,921,TPC Craig Ranch
27364,"Thompson, Davis",406,Castle Pines Golf Club,sg_app,2.914780046239138,2024-08-25,0.0039498037604929785,921,TPC Craig Ranch
27364,"Thompson, Davis",514,Oak Hill Country Club,sg_app,1.1567879787560167,2023-05-21,-0.00047037319954918415,921,TPC Craig Ranch
27364,"Thompson, Davis",379,The Philadelphia Cricket Club (Wissahickon Course),sg_app,3.3177749455416157,2025-05-11,-0.0031256422924001203,921,TPC Craig Ranch
27364,"Thompson, Davis",656,Plantation Course at Kapalua,sg_app,3.1152031322856195,2025-01-05,-0.011673442300943793,921,TPC Craig Ranch
27364,"Thompson, Davis",5,Pebble Beach Golf Links,sg_app,2.369342021798408,2025-02-02,-0.04024657068662056,921,TPC Craig Ranch
27364,"Thompson, Davis",709,Royal Troon,sg_app,2.864215128908834,2024-07-21,-0.05281853586889455,921,TPC Craig Ranch
27364,"Thompson, Davis",921,TPC Craig Ranch,sg_app,3.68351189891127,2024-05-05,-0.05496745602539694,921,TPC Craig Ranch
27364,"Thompson, Davis",874,Hamilton Golf & Country Club,sg_arg,1.3974472516771892,2024-06-02,0.011128260843718535,921,TPC Craig Ranch
27364,"Thompson, Davis",921,TPC Craig Ranch,sg_arg,3.68351189891127,2024-05-05,0.0061987346685561055,921,TPC Craig Ranch
27364,"Thompson, Davis",6,Waialae Country Club,sg_arg,6.341322131480748,2025-01-12,0.0054722276865662115,921,TPC Craig Ranch
27364,"Thompson, Davis",406,Castle Pines Golf Club,sg_arg,2.914780046239138,2024-08-25,-0.0035273578308935,921,TPC Craig Ranch
27364,"Thompson, Davis",21,Colonial Country Club,sg_arg,4.4556698941896276,2025-05-25,-0.0055881992648549655,921,TPC Craig Ranch
27364,"Thompson, Davis",930,Black Desert Resort,sg_arg,1.804253946963033,2025-10-26,-0.014163834653126322,921,TPC Craig Ranch
27364,"Thompson, Davis",921,TPC Craig Ranch,sg_ott,3.68351189891127,2024-05-05,0.04650541270778613,921,TPC Craig Ranch
27364,"Thompson, Davis",876,Detroit Golf Club,sg_ott,10.238839260396166,2025-06-29,0.042845851680446426,921,TPC Craig Ranch
27364,"Thompson, Davis",746,The Country Club of Jackson,sg_ott,9.831587776852976,2025-10-05,0.027212443347567814,921,TPC Craig Ranch
27364,"Thompson, Davis",926,Silverado Resort (North Course),sg_ott,5.988930855702272,2025-09-14,0.01602706438353287,921,TPC Craig Ranch
27364,"Thompson, Davis",514,Oak Hill Country Club,sg_ott,1.1567879787560167,2023-05-21,0.005983319838449828,921,TPC Craig Ranch
27364,"Thompson, Davis",872,Quail Hollow Club,sg_ott,1.1487187381960564,2023-05-07,0.005677043743406797,921,TPC Craig Ranch
27364,"Thompson, Davis",21,Colonial Country Club,sg_ott,4.4556698941896276,2025-05-25,0.004443998910885137,921,TPC Craig Ranch
27364,"Thompson, Davis",977,The Renaissance Club,sg_ott,2.85420789882601,2024-07-14,0.003908836628592342,921,TPC Craig Ranch
27364,"Thompson, Davis",12,Harbour Town Golf Links,sg_ott,5.556561149541061,2025-04-20,0.0028746470710334887,921,TPC Craig Ranch
27364,"Thompson, Davis",770,TPC San Antonio - The Oaks Course,sg_ott,6.628727850271892,2026-04-05,0.002793495683158042,921,TPC Craig Ranch
27364,"Thompson, Davis",205,Spyglass Hill Golf Course,sg_ott,0.7897806739328027,2025-02-02,0.0019976323217133726,921,TPC Craig Ranch
27364,"Thompson, Davis",5,Pebble Beach Golf Links,sg_ott,2.369342021798408,2025-02-02,0.0017157131919012254,921,TPC Craig Ranch
27364,"Thompson, Davis",897,Memorial Park Golf Course,sg_ott,10.010681396366333,2026-03-29,-6.680104639945192e-05,921,TPC Craig Ranch
27364,"Thompson, Davis",528,Pinehurst Resort & Country Club (Course No. 2),sg_ott,2.814527399847991,2024-06-16,-0.0014977109411557813,921,TPC Craig Ranch
27364,"Thompson, Davis",241,Quail Hollow-PGA Championship,sg_ott,1.6647037514757894,2025-05-18,-0.001543472522995694,921,TPC Craig Ranch
27364,"Thompson, Davis",928,PGA National  - Champion Course,sg_ott,8.115564970354326,2026-03-01,-0.010474997832084129,921,TPC Craig Ranch
27364,"Thompson, Davis",4,Torrey Pines Golf Course (South Course),sg_ott,5.137892681482629,2026-02-01,-0.011588885800619028,921,TPC Craig Ranch
27364,"Thompson, Davis",379,The Philadelphia Cricket Club (Wissahickon Course),sg_ott,3.3177749455416157,2025-05-11,-0.012812138698645418,921,TPC Craig Ranch
27364,"Thompson, Davis",14,Augusta National Golf Club,sg_ott,3.2716497262154376,2025-04-13,-0.013283600762871222,921,TPC Craig Ranch
27364,"Thompson, Davis",714,TPC Louisiana,sg_ott,5.09299263653183,2026-04-26,-0.02175071129380926,921,TPC Craig Ranch
27364,"Thompson, Davis",709,Royal Troon,sg_putt,2.864215128908834,2024-07-21,0.0197072762238398,921,TPC Craig Ranch
27364,"Thompson, Davis",665,Innisbrook Resort and Golf Club - Copperhead Course,sg_putt,5.233106145718521,2026-03-22,0.005480299837615863,921,TPC Craig Ranch
27364,"Thompson, Davis",656,Plantation Course at Kapalua,sg_putt,3.1152031322856195,2025-01-05,-0.006555990552208136,921,TPC Craig Ranch
27364,"Thompson, Davis",510,TPC Scottsdale (Stadium Course),sg_putt,10.717368530116492,2026-02-08,-0.021538813804404568,921,TPC Craig Ranch
27364,"Thompson, Davis",406,Castle Pines Golf Club,sg_putt,2.914780046239138,2024-08-25,-0.036722703587241626,921,TPC Craig Ranch
27364,"Thompson, Davis",921,TPC Craig Ranch,sg_putt,3.68351189891127,2024-05-05,-0.08689251132179347,921,TPC Craig Ranch
27364,"Thompson, Davis",62,The Ledges,sg_total,1.9084556620841375,2022-05-01,0.008470627314561687,921,TPC Craig Ranch
27364,"Thompson, Davis",244,Puntacana Resort (Corales Golf Course),sg_total,2.7368137016555485,2024-04-21,0.004329259761370832,921,TPC Craig Ranch
27364,"Thompson, Davis",61,Country Club at Golden Nugget,sg_total,0.9376741115073225,2022-03-27,-0.004466412409082991,921,TPC Craig Ranch
27364,"Thompson, Davis",742,Grand Reserve Golf Club,sg_total,0.6402780016018952,2020-02-23,-0.007804838277928193,921,TPC Craig Ranch
26649,"Thorbjornsen, Michael",921,TPC Craig Ranch,sg_app,3.306183030916225,2025-05-04,0.041237086730112005,921,TPC Craig Ranch
26649,"Thorbjornsen, Michael",379,The Philadelphia Cricket Club (Wissahickon Course),sg_app,3.3177749455416157,2025-05-11,-0.012708658443783787,921,TPC Craig Ranch
26649,"Thorbjornsen, Michael",5,Pebble Beach Golf Links,sg_app,2.862262192771113,2026-02-15,-0.0322490225844763,921,TPC Craig Ranch
26649,"Thorbjornsen, Michael",934,Hurstbourne Country Club,sg_app,3.4239483077157167,2025-07-13,-0.040863673961810516,921,TPC Craig Ranch
26649,"Thorbjornsen, Michael",930,Black Desert Resort,sg_arg,4.355276429899423,2025-10-26,-0.008610573424947868,921,TPC Craig Ranch
26649,"Thorbjornsen, Michael",921,TPC Craig Ranch,sg_arg,3.306183030916225,2025-05-04,-0.016299689764659488,921,TPC Craig Ranch
26649,"Thorbjornsen, Michael",746,The Country Club of Jackson,sg_ott,6.547454444537204,2025-10-05,0.0456210028012433,921,TPC Craig Ranch
26649,"Thorbjornsen, Michael",921,TPC Craig Ranch,sg_ott,3.306183030916225,2025-05-04,0.0348842328410259,921,TPC Craig Ranch
26649,"Thorbjornsen, Michael",241,Quail Hollow-PGA Championship,sg_ott,3.329407502951579,2025-05-18,0.03315634844045783,921,TPC Craig Ranch
26649,"Thorbjornsen, Michael",926,Silverado Resort (North Course),sg_ott,6.479065841355403,2025-09-14,0.027977443506385095,921,TPC Craig Ranch
26649,"Thorbjornsen, Michael",897,Memorial Park Golf Course,sg_ott,7.146168505282754,2026-03-29,0.021497581548323624,921,TPC Craig Ranch
26649,"Thorbjornsen, Michael",379,The Philadelphia Cricket Club (Wissahickon Course),sg_ott,3.3177749455416157,2025-05-11,0.007898109690914545,921,TPC Craig Ranch
26649,"Thorbjornsen, Michael",770,TPC San Antonio - The Oaks Course,sg_ott,3.58561195822169,2026-04-05,0.007248987567315865,921,TPC Craig Ranch
26649,"Thorbjornsen, Michael",4,Torrey Pines Golf Course (South Course),sg_ott,3.628924180571948,2026-02-01,0.0070551990876582555,921,TPC Craig Ranch
26649,"Thorbjornsen, Michael",928,PGA National  - Champion Course,sg_ott,5.125240335643283,2026-03-01,0.0045178604581799535,921,TPC Craig Ranch
26649,"Thorbjornsen, Michael",876,Detroit Golf Club,sg_ott,4.817213465275262,2025-06-29,0.004251006317109695,921,TPC Craig Ranch
26649,"Thorbjornsen, Michael",205,Spyglass Hill Golf Course,sg_ott,0.9540873975903711,2026-02-15,-0.00021402378487831632,921,TPC Craig Ranch
26649,"Thorbjornsen, Michael",12,Harbour Town Golf Links,sg_ott,3.9384780270069317,2026-04-19,-0.0018635857197543163,921,TPC Craig Ranch
26649,"Thorbjornsen, Michael",714,TPC Louisiana,sg_ott,7.246918468522029,2026-04-26,-0.003089937240907831,921,TPC Craig Ranch
26649,"Thorbjornsen, Michael",8,Trump National Doral - Blue Monster Course,sg_ott,3.966144091451867,2026-05-03,-0.020320603185991,921,TPC Craig Ranch
26649,"Thorbjornsen, Michael",5,Pebble Beach Golf Links,sg_ott,2.862262192771113,2026-02-15,-0.020513468015477133,921,TPC Craig Ranch
26649,"Thorbjornsen, Michael",510,TPC Scottsdale (Stadium Course),sg_putt,6.97321471207642,2026-02-08,0.017762345911761457,921,TPC Craig Ranch
26649,"Thorbjornsen, Michael",921,TPC Craig Ranch,sg_putt,3.306183030916225,2025-05-04,0.0072706871194830915,921,TPC Craig Ranch
26649,"Thorbjornsen, Michael",665,Innisbrook Resort and Golf Club - Copperhead Course,sg_putt,1.6187385621054518,2025-03-23,-0.010427126933468962,921,TPC Craig Ranch
26649,"Thorbjornsen, Michael",244,Puntacana Resort (Corales Golf Course),sg_total,3.283120562510899,2025-04-20,0.021827554765387388,921,TPC Craig Ranch
17032,"Tosti, Alejandro",921,TPC Craig Ranch,sg_app,4.684202334031987,2025-05-04,-0.02731133328051694,921,TPC Craig Ranch
17032,"Tosti, Alejandro",921,TPC Craig Ranch,sg_arg,4.684202334031987,2025-05-04,0.027815186980972323,921,TPC Craig Ranch
17032,"Tosti, Alejandro",6,Waialae Country Club,sg_arg,6.050651564842756,2026-01-18,0.007236410575598663,921,TPC Craig Ranch
17032,"Tosti, Alejandro",21,Colonial Country Club,sg_arg,4.4556698941896276,2025-05-25,0.0024526343762309405,921,TPC Craig Ranch
17032,"Tosti, Alejandro",930,Black Desert Resort,sg_arg,2.9870741438934285,2024-10-13,-0.001957002677408627,921,TPC Craig Ranch
17032,"Tosti, Alejandro",671,Valhalla Golf Club,sg_arg,2.7753985572506426,2024-05-19,-0.005996822328305908,921,TPC Craig Ranch
17032,"Tosti, Alejandro",921,TPC Craig Ranch,sg_ott,4.684202334031987,2025-05-04,0.0472910550663,921,TPC Craig Ranch
17032,"Tosti, Alejandro",897,Memorial Park Golf Course,sg_ott,7.905725824057913,2026-03-29,0.023972660856216813,921,TPC Craig Ranch
17032,"Tosti, Alejandro",746,The Country Club of Jackson,sg_ott,1.4883188294462315,2024-10-06,0.019494438638624687,921,TPC Craig Ranch
17032,"Tosti, Alejandro",12,Harbour Town Golf Links,sg_ott,2.7368137016555485,2024-04-21,0.016769472506581475,921,TPC Craig Ranch
17032,"Tosti, Alejandro",770,TPC San Antonio - The Oaks Course,sg_ott,6.574582892805981,2026-04-05,0.015519072097408357,921,TPC Craig Ranch
17032,"Tosti, Alejandro",250,Le Golf National,sg_ott,2.884334972106428,2024-08-04,0.007931832800672752,921,TPC Craig Ranch
17032,"Tosti, Alejandro",671,Valhalla Golf Club,sg_ott,2.7753985572506426,2024-05-19,0.0031523825412789097,921,TPC Craig Ranch
17032,"Tosti, Alejandro",876,Detroit Golf Club,sg_ott,2.408606732637631,2025-06-29,-0.0012960277417699275,921,TPC Craig Ranch
17032,"Tosti, Alejandro",4,Torrey Pines Golf Course (South Course),sg_ott,3.7012620857486773,2026-02-01,-0.002594269926814178,921,TPC Craig Ranch
17032,"Tosti, Alejandro",977,The Renaissance Club,sg_ott,1.7119741538578583,2025-07-13,-0.002668046173701424,921,TPC Craig Ranch
17032,"Tosti, Alejandro",714,TPC Louisiana,sg_ott,3.6234592342610146,2026-04-26,-0.007428749995670719,921,TPC Craig Ranch
17032,"Tosti, Alejandro",926,Silverado Resort (North Course),sg_ott,1.4727732389122001,2024-09-15,-0.016970444310127033,921,TPC Craig Ranch
17032,"Tosti, Alejandro",21,Colonial Country Club,sg_ott,4.4556698941896276,2025-05-25,-0.031853440849115976,921,TPC Craig Ranch
17032,"Tosti, Alejandro",928,PGA National  - Champion Course,sg_ott,6.46052857818114,2026-03-01,-0.03363804955599572,921,TPC Craig Ranch
17032,"Tosti, Alejandro",510,TPC Scottsdale (Stadium Course),sg_putt,1.9015078573446538,2026-02-08,-0.027392747697783094,921,TPC Craig Ranch
17032,"Tosti, Alejandro",665,Innisbrook Resort and Golf Club - Copperhead Course,sg_putt,8.201227342977717,2026-03-22,-0.03409489083287291,921,TPC Craig Ranch
17032,"Tosti, Alejandro",921,TPC Craig Ranch,sg_putt,4.684202334031987,2025-05-04,-0.09780463916155514,921,TPC Craig Ranch
17032,"Tosti, Alejandro",244,Puntacana Resort (Corales Golf Course),sg_total,3.283120562510899,2025-04-20,0.028824518212506936,921,TPC Craig Ranch
17032,"Tosti, Alejandro",809,Country Club de Bogota-Pacos,sg_total,0.550735842216777,2023-02-12,-0.008440252175637339,921,TPC Craig Ranch
17032,"Tosti, Alejandro",742,Grand Reserve Golf Club,sg_total,2.2678499817606212,2024-03-10,-0.01485656472590389,921,TPC Craig Ranch
17550,"Van Rooyen, Erik",671,Valhalla Golf Club,sg_arg,2.7753985572506426,2024-05-19,-0.0016956053971492933,921,TPC Craig Ranch
17550,"Van Rooyen, Erik",714,TPC Louisiana,sg_ott,7.881014230153092,2026-04-26,0.01919718822571789,921,TPC Craig Ranch
17550,"Van Rooyen, Erik",528,Pinehurst Resort & Country Club (Course No. 2),sg_ott,1.4072636999239956,2024-06-16,0.008226269168186383,921,TPC Craig Ranch
17550,"Van Rooyen, Erik",671,Valhalla Golf Club,sg_ott,2.7753985572506426,2024-05-19,0.004488208343463737,921,TPC Craig Ranch
17550,"Van Rooyen, Erik",977,The Renaissance Club,sg_ott,2.3792715302865415,2023-07-16,-0.002548044277308366,921,TPC Craig Ranch
17550,"Van Rooyen, Erik",241,Quail Hollow-PGA Championship,sg_ott,1.6647037514757894,2025-05-18,-0.005902919186300003,921,TPC Craig Ranch
17550,"Van Rooyen, Erik",14,Augusta National Golf Club,sg_ott,2.727251597143962,2024-04-14,-0.01456596864196213,921,TPC Craig Ranch
17550,"Van Rooyen, Erik",250,Le Golf National,sg_ott,2.884334972106428,2024-08-04,-0.016997222250203482,921,TPC Craig Ranch
17550,"Van Rooyen, Erik",4586,wentworth golf club,sg_total,7.067038727062007,2025-09-14,0.01816258822603176,921,TPC Craig Ranch
17550,"Van Rooyen, Erik",3796,wentworth golf club,sg_total,2.3713076206825527,2019-09-22,0.009606335865668449,921,TPC Craig Ranch
17550,"Van Rooyen, Erik",3779,royal golf dar es salam red course,sg_total,1.1016338115835225,2019-04-28,0.00793841440542117,921,TPC Craig Ranch
17550,"Van Rooyen, Erik",3774,doha gc,sg_total,1.0749717273775774,2019-03-10,0.0077191924409353175,921,TPC Craig Ranch
17550,"Van Rooyen, Erik",3978,yas links,sg_total,1.817195468302782,2022-01-23,0.005281249568146777,921,TPC Craig Ranch
17550,"Van Rooyen, Erik",3648,royal golf dar es salam red course,sg_total,0.9151149081808897,2018-04-22,0.004737298498688106,921,TPC Craig Ranch
17550,"Van Rooyen, Erik",3793,crans-sur-sierre gc,sg_total,1.1732695763411345,2019-09-01,0.003957159465561812,921,TPC Craig Ranch
17550,"Van Rooyen, Erik",3731,centro nacional de golf,sg_total,0.9119176045475286,2018-04-15,0.002632549940063059,921,TPC Craig Ranch
17550,"Van Rooyen, Erik",3638,saujana g&cc,sg_total,1.0825229278367845,2019-03-24,0.00209776536891267,921,TPC Craig Ranch
17550,"Van Rooyen, Erik",3899,abu dhabi gc,sg_total,1.2583412194425352,2020-01-19,0.0020020392364036585,921,TPC Craig Ranch
17550,"Van Rooyen, Erik",3797,old course st andrews,sg_total,0.2974527173217405,2019-09-29,0.0019198648092818094,921,TPC Craig Ranch
17550,"Van Rooyen, Erik",3666,dutch,sg_total,0.9849093831144788,2018-09-16,0.0016733613825435434,921,TPC Craig Ranch
17550,"Van Rooyen, Erik",3649,rinkven international gc,sg_total,0.4640083090689401,2018-05-20,9.078018996054433e-05,921,TPC Craig Ranch
17550,"Van Rooyen, Erik",3671,carnoustie,sg_total,0.24882635382318666,2018-10-07,-1.917585530961298e-05,921,TPC Craig Ranch
17550,"Van Rooyen, Erik",3495,glendower gc,sg_total,0.3631814092901948,2017-01-15,-0.0004040954863113299,921,TPC Craig Ranch
17550,"Van Rooyen, Erik",3670,kingsbarns golf links,sg_total,0.24882635382318666,2018-10-07,-0.0012769687291695148,921,TPC Craig Ranch
17550,"Van Rooyen, Erik",3898,randpark gc firethorn course,sg_total,0.940458542647816,2020-01-12,-0.0015308426435178446,921,TPC Craig Ranch
17550,"Van Rooyen, Erik",3782,himmerland golf & spa resort,sg_total,0.5585825753206938,2019-05-26,-0.0016830793632975777,921,TPC Craig Ranch
17550,"Van Rooyen, Erik",3900,emirates gc,sg_total,1.2627531300503232,2020-01-26,-0.002135724821184572,921,TPC Craig Ranch
17550,"Van Rooyen, Erik",3806,gary player cc,sg_total,1.2193212617727873,2019-11-17,-0.003174563035840231,921,TPC Craig Ranch
17550,"Van Rooyen, Erik",3798,kingsbarns golf links,sg_total,0.2974527173217405,2019-09-29,-0.004476572500320647,921,TPC Craig Ranch
17550,"Van Rooyen, Erik",3500,royal johannesburg east course,sg_total,0.37088886391194176,2017-02-26,-0.0050007322928719705,921,TPC Craig Ranch
17550,"Van Rooyen, Erik",3675,gary player cc,sg_total,1.012876559141098,2018-11-11,-0.005564697802943467,921,TPC Craig Ranch
17550,"Van Rooyen, Erik",4585,k club,sg_total,3.5211736633368846,2025-09-07,-0.008446641772178617,921,TPC Craig Ranch
17550,"Van Rooyen, Erik",4017,real club valderrama,sg_total,2.0756915206357616,2022-10-16,-0.011064668504184394,921,TPC Craig Ranch
25319,"VanDerLaan, John",897,Memorial Park Golf Course,sg_ott,1.9486701792174987,2026-03-29,0.013315761545586492,921,TPC Craig Ranch
25319,"VanDerLaan, John",770,TPC San Antonio - The Oaks Course,sg_ott,1.9555024743866727,2026-04-05,0.005277921840183083,921,TPC Craig Ranch
25319,"VanDerLaan, John",928,PGA National  - Champion Course,sg_ott,1.9215788783046464,2026-03-01,-0.0002716701441187981,921,TPC Craig Ranch
25319,"VanDerLaan, John",714,TPC Louisiana,sg_ott,1.976143425723861,2026-04-26,-0.002975391141936532,921,TPC Craig Ranch
25319,"VanDerLaan, John",4,Torrey Pines Golf Course (South Course),sg_ott,2.8422963195053947,2026-02-01,-0.0281993019904795,921,TPC Craig Ranch
25319,"VanDerLaan, John",510,TPC Scottsdale (Stadium Course),sg_putt,3.8030157146893075,2026-02-08,0.010574259998056655,921,TPC Craig Ranch
25319,"VanDerLaan, John",665,Innisbrook Resort and Golf Club - Copperhead Course,sg_putt,3.883723510564777,2026-03-22,-0.0015915065394551313,921,TPC Craig Ranch
25319,"VanDerLaan, John",108,Prince of Wales Country Club,sg_total,3.214893917778624,2025-03-09,0.010347150118490614,921,TPC Craig Ranch
25319,"VanDerLaan, John",742,Grand Reserve Golf Club,sg_total,2.2261961376418595,2023-03-05,0.008768994698844585,921,TPC Craig Ranch
25319,"VanDerLaan, John",65,TPC San Antonio-AT&T Oaks,sg_total,1.37753319687576,2020-07-18,0.007183439344986152,921,TPC Craig Ranch
25319,"VanDerLaan, John",811,Paiute Golf Resort - Sun Mt GC,sg_total,1.579793845698413,2021-04-18,0.0037932852379176664,921,TPC Craig Ranch
25319,"VanDerLaan, John",62,The Ledges,sg_total,3.6255135375540375,2023-04-30,0.0028602044410303037,921,TPC Craig Ranch
25319,"VanDerLaan, John",809,Country Club de Bogota-Pacos,sg_total,2.3218619778967478,2025-02-09,0.0005017855689473874,921,TPC Craig Ranch
25319,"VanDerLaan, John",98,PGA Riviera Maya,sg_total,3.306183030916225,2025-05-04,-0.007263844423205862,921,TPC Craig Ranch
25319,"VanDerLaan, John",67,The King & Bear Course at WGV,sg_total,0.6791910512898782,2020-06-20,-0.01822461992498428,921,TPC Craig Ranch
13508,"Vegas, Jhonattan",656,Plantation Course at Kapalua,sg_app,4.997823191636696,2025-01-05,0.05191504026893587,921,TPC Craig Ranch
13508,"Vegas, Jhonattan",875,ACCORDIA GOLF Narashino Country Club,sg_app,3.0080570172775305,2024-10-27,0.02269536202623135,921,TPC Craig Ranch
13508,"Vegas, Jhonattan",772,St. George's G&CC,sg_app,1.948957006692821,2022-06-12,0.021841129325859313,921,TPC Craig Ranch
13508,"Vegas, Jhonattan",745,iberostar real club de golf novo sancti petri,sg_app,0.46897508346843886,2014-08-24,0.006677639786063389,921,TPC Craig Ranch
13508,"Vegas, Jhonattan",238,Glen Oaks Club,sg_app,0.8124461540765495,2017-08-27,0.006515687116497854,921,TPC Craig Ranch
13508,"Vegas, Jhonattan",715,Baltusrol GC,sg_app,0.6678406786681628,2016-07-31,0.004104007901607292,921,TPC Craig Ranch
13508,"Vegas, Jhonattan",534,Bellerive CC,sg_app,0.9678234072449506,2018-08-12,0.0027471528285994496,921,TPC Craig Ranch
13508,"Vegas, Jhonattan",694,Hamilton G&CC,sg_app,0.32135603124489664,2012-07-29,0.00047609003894094403,921,TPC Craig Ranch
13508,"Vegas, Jhonattan",781,Plainfield CC,sg_app,0.20374466498393723,2011-08-28,0.0003224167767772018,921,TPC Craig Ranch
13508,"Vegas, Jhonattan",642,Newport Beach Country Club,sg_app,0.23122758906434907,2014-07-27,-0.0011863139967627002,921,TPC Craig Ranch
13508,"Vegas, Jhonattan",688,East Lake Golf Club,sg_app,1.510704864642948,2017-09-24,-0.0012930136786422092,921,TPC Craig Ranch
13508,"Vegas, Jhonattan",775,CordeValle GC,sg_app,0.5342867595170842,2013-10-13,-0.002691256419335398,921,TPC Craig Ranch
13508,"Vegas, Jhonattan",887,Kasumigaseki Country Club,sg_app,1.664948781537463,2021-08-01,-0.004314710036241288,921,TPC Craig Ranch
13508,"Vegas, Jhonattan",616,Robert Trent Jones GC,sg_app,0.27835644246096747,2015-08-02,-0.008364345049592782,921,TPC Craig Ranch
13508,"Vegas, Jhonattan",649,Hualalai Golf Course,sg_app,0.4977855253604382,2015-01-25,-0.014737488299732131,921,TPC Craig Ranch
13508,"Vegas, Jhonattan",882,Caves Valley Golf Club,sg_app,5.172816760551855,2025-08-17,-0.047754479707579574,921,TPC Craig Ranch
13508,"Vegas, Jhonattan",921,TPC Craig Ranch,sg_app,8.208130556568952,2025-05-04,-0.062395737522320874,921,TPC Craig Ranch
13508,"Vegas, Jhonattan",5,Pebble Beach Golf Links,sg_app,6.533217075241621,2026-02-15,-0.0764965998512463,921,TPC Craig Ranch
13508,"Vegas, Jhonattan",921,TPC Craig Ranch,sg_arg,8.208130556568952,2025-05-04,0.0374474167112453,921,TPC Craig Ranch
13508,"Vegas, Jhonattan",874,Hamilton Golf & Country Club,sg_arg,2.7948945033543784,2024-06-02,0.006550198673822622,921,TPC Craig Ranch
13508,"Vegas, Jhonattan",527,Saucon Valley CC,sg_arg,0.6820136280365007,2016-09-11,0.002123970284615098,921,TPC Craig Ranch
13508,"Vegas, Jhonattan",238,Glen Oaks Club,sg_arg,0.8124461540765495,2017-08-27,0.0020201019346618816,921,TPC Craig Ranch
13508,"Vegas, Jhonattan",789,Conway Farms GC,sg_arg,0.8210217819522644,2017-09-17,0.0019229436116004668,921,TPC Craig Ranch
13508,"Vegas, Jhonattan",6,Waialae Country Club,sg_arg,2.099071401371415,2024-01-14,0.001861394345756955,921,TPC Craig Ranch
13508,"Vegas, Jhonattan",773,Aronimink GC,sg_arg,0.26415858937093056,2011-07-03,0.0013926163854067557,921,TPC Craig Ranch
13508,"Vegas, Jhonattan",660,Montreux Golf & Country Club,sg_arg,0.2882289930573573,2019-07-28,0.00125320463359235,921,TPC Craig Ranch
13508,"Vegas, Jhonattan",744,Torrey Pines (South),sg_arg,1.6303494219182981,2021-06-20,0.0008164060988247241,921,TPC Craig Ranch
13508,"Vegas, Jhonattan",689,El Bosque CC,sg_arg,0.6772562030538207,2016-08-28,0.0001742473046984945,921,TPC Craig Ranch
13508,"Vegas, Jhonattan",873,Ridgewood CC,sg_arg,0.9746219381933394,2018-08-26,-0.0002637754612849557,921,TPC Craig Ranch
13508,"Vegas, Jhonattan",775,CordeValle GC,sg_arg,0.5342867595170842,2013-10-13,-0.0024899818464640504,921,TPC Craig Ranch
13508,"Vegas, Jhonattan",886,Liberty National Golf Club,sg_arg,2.0022761195608436,2021-08-22,-0.0033157538826658443,921,TPC Craig Ranch
13508,"Vegas, Jhonattan",21,Colonial Country Club,sg_arg,7.935894194755009,2025-05-25,-0.011650484993759074,921,TPC Craig Ranch
13508,"Vegas, Jhonattan",921,TPC Craig Ranch,sg_ott,8.208130556568952,2025-05-04,0.029771629245261912,921,TPC Craig Ranch
13508,"Vegas, Jhonattan",872,Quail Hollow Club,sg_ott,7.603558460157281,2026-05-10,0.01911140078413356,921,TPC Craig Ranch
13508,"Vegas, Jhonattan",21,Colonial Country Club,sg_ott,7.935894194755009,2025-05-25,0.01744958866869965,921,TPC Craig Ranch
13508,"Vegas, Jhonattan",241,Quail Hollow-PGA Championship,sg_ott,3.7327969477341365,2025-05-18,0.009952625757368792,921,TPC Craig Ranch
13508,"Vegas, Jhonattan",887,Kasumigaseki Country Club,sg_ott,1.664948781537463,2021-08-01,0.008541607785140508,921,TPC Craig Ranch
13508,"Vegas, Jhonattan",698,Quail Hollow Club,sg_ott,1.5463561470623284,2016-05-08,0.007270675890970333,921,TPC Craig Ranch
13508,"Vegas, Jhonattan",534,Bellerive CC,sg_ott,0.9678234072449506,2018-08-12,0.005719705574173787,921,TPC Craig Ranch
13508,"Vegas, Jhonattan",746,The Country Club of Jackson,sg_ott,4.78037362978711,2024-10-06,0.005705594017730056,921,TPC Craig Ranch
13508,"Vegas, Jhonattan",32,Glen Abbey GC,sg_ott,2.98249857498316,2018-07-29,0.005258988651236257,921,TPC Craig Ranch
13508,"Vegas, Jhonattan",205,Spyglass Hill Golf Course,sg_ott,1.7438680715231738,2026-02-15,0.0036470096487743217,921,TPC Craig Ranch
13508,"Vegas, Jhonattan",14,Augusta National Golf Club,sg_ott,1.6358248631077188,2025-04-13,0.003523431721614334,921,TPC Craig Ranch
13508,"Vegas, Jhonattan",689,El Bosque CC,sg_ott,0.6772562030538207,2016-08-28,0.003367552252182793,921,TPC Craig Ranch
13508,"Vegas, Jhonattan",873,Ridgewood CC,sg_ott,0.9746219381933394,2018-08-26,0.0031924540585695953,921,TPC Craig Ranch
13508,"Vegas, Jhonattan",715,Baltusrol GC,sg_ott,0.6678406786681628,2016-07-31,0.002683339818158968,921,TPC Craig Ranch
13508,"Vegas, Jhonattan",977,The Renaissance Club,sg_ott,5.400382604740283,2025-07-13,0.0020741745727751873,921,TPC Craig Ranch
13508,"Vegas, Jhonattan",238,Glen Oaks Club,sg_ott,0.8124461540765495,2017-08-27,0.0020277122245125675,921,TPC Craig Ranch
13508,"Vegas, Jhonattan",714,TPC Louisiana,sg_ott,1.6473158085371538,2025-04-27,0.0012522885883486708,921,TPC Craig Ranch
13508,"Vegas, Jhonattan",616,Robert Trent Jones GC,sg_ott,0.27835644246096747,2015-08-02,0.0012479917594605955,921,TPC Craig Ranch
13508,"Vegas, Jhonattan",876,Detroit Golf Club,sg_ott,4.831594399162671,2024-06-30,0.0006772305255558988,921,TPC Craig Ranch
13508,"Vegas, Jhonattan",893,Muirfield Village Golf Club,sg_ott,0.686703394995133,2020-07-12,0.00024759418053151727,921,TPC Craig Ranch
13508,"Vegas, Jhonattan",642,Newport Beach Country Club,sg_ott,0.23122758906434907,2014-07-27,1.0196421840133447e-05,921,TPC Craig Ranch
13508,"Vegas, Jhonattan",819,Harbor Shores Resort,sg_ott,0.6631821179026061,2016-07-17,-0.0003101016644513804,921,TPC Craig Ranch
13508,"Vegas, Jhonattan",781,Plainfield CC,sg_ott,0.20374466498393723,2011-08-28,-0.0003662479381668247,921,TPC Craig Ranch
13508,"Vegas, Jhonattan",770,TPC San Antonio - The Oaks Course,sg_ott,9.603927155446836,2026-04-05,-0.0006495524467037721,921,TPC Craig Ranch
13508,"Vegas, Jhonattan",527,Saucon Valley CC,sg_ott,0.6820136280365007,2016-09-11,-0.0010764307784396979,921,TPC Craig Ranch
13508,"Vegas, Jhonattan",744,Torrey Pines (South),sg_ott,1.6303494219182981,2021-06-20,-0.0014672887280853775,921,TPC Craig Ranch
13508,"Vegas, Jhonattan",926,Silverado Resort (North Course),sg_ott,2.9455464778244003,2024-09-15,-0.0015291885550050854,921,TPC Craig Ranch
13508,"Vegas, Jhonattan",772,St. George's G&CC,sg_ott,1.948957006692821,2022-06-12,-0.0030032511866862578,921,TPC Craig Ranch
13508,"Vegas, Jhonattan",12,Harbour Town Golf Links,sg_ott,5.561659203686854,2026-04-19,-0.004295330187615408,921,TPC Craig Ranch
13508,"Vegas, Jhonattan",928,PGA National  - Champion Course,sg_ott,3.2036614573386366,2025-03-02,-0.005648606518517938,921,TPC Craig Ranch
13508,"Vegas, Jhonattan",5,Pebble Beach Golf Links,sg_ott,6.533217075241621,2026-02-15,-0.007223661237942605,921,TPC Craig Ranch
13508,"Vegas, Jhonattan",4,Torrey Pines Golf Course (South Course),sg_ott,10.976146535569443,2026-02-01,-0.008066264673086878,921,TPC Craig Ranch
13508,"Vegas, Jhonattan",897,Memorial Park Golf Course,sg_ott,11.442280254828487,2026-03-29,-0.009023079464686959,921,TPC Craig Ranch
13508,"Vegas, Jhonattan",8,Trump National Doral - Blue Monster Course,sg_ott,4.215916375783682,2026-05-03,-0.02874385484752856,921,TPC Craig Ranch
13508,"Vegas, Jhonattan",921,TPC Craig Ranch,sg_putt,8.208130556568952,2025-05-04,0.039332722241629606,921,TPC Craig Ranch
13508,"Vegas, Jhonattan",873,Ridgewood CC,sg_putt,0.9746219381933394,2018-08-26,0.009342119350901469,921,TPC Craig Ranch
13508,"Vegas, Jhonattan",775,CordeValle GC,sg_putt,0.5342867595170842,2013-10-13,0.004839792671672782,921,TPC Craig Ranch
13508,"Vegas, Jhonattan",893,Muirfield Village Golf Club,sg_putt,0.686703394995133,2020-07-12,0.004603552147648981,921,TPC Craig Ranch
13508,"Vegas, Jhonattan",715,Baltusrol GC,sg_putt,0.6678406786681628,2016-07-31,0.0042561749547608526,921,TPC Craig Ranch
13508,"Vegas, Jhonattan",526,Cog Hill G&CC,sg_putt,0.2745270064057572,2011-09-18,0.000626257457691279,921,TPC Craig Ranch
13508,"Vegas, Jhonattan",656,Plantation Course at Kapalua,sg_putt,4.997823191636696,2025-01-05,6.539369001137771e-05,921,TPC Craig Ranch
13508,"Vegas, Jhonattan",649,Hualalai Golf Course,sg_putt,0.4977855253604382,2015-01-25,-0.0005228135989667533,921,TPC Craig Ranch
13508,"Vegas, Jhonattan",745,iberostar real club de golf novo sancti petri,sg_putt,0.46897508346843886,2014-08-24,-0.002432258304694544,921,TPC Craig Ranch
13508,"Vegas, Jhonattan",666,Pebble Beach Golf Links,sg_putt,0.5644785922810466,2019-06-16,-0.0027156277345028526,921,TPC Craig Ranch
13508,"Vegas, Jhonattan",510,TPC Scottsdale (Stadium Course),sg_putt,7.133270085059254,2024-02-11,-0.003101861534230719,921,TPC Craig Ranch
13508,"Vegas, Jhonattan",660,Montreux Golf & Country Club,sg_putt,0.2882289930573573,2019-07-28,-0.005528400028804769,921,TPC Craig Ranch
13508,"Vegas, Jhonattan",665,Innisbrook Resort and Golf Club - Copperhead Course,sg_putt,7.958603749891187,2025-03-23,-0.006884335484475368,921,TPC Craig Ranch
13508,"Vegas, Jhonattan",244,Puntacana Resort (Corales Golf Course),sg_total,7.9754301168155095,2024-04-21,0.014343994952600235,921,TPC Craig Ranch
13508,"Vegas, Jhonattan",742,Grand Reserve Golf Club,sg_total,4.238395883352944,2021-02-28,0.012468761316176387,921,TPC Craig Ranch
13508,"Vegas, Jhonattan",4585,k club,sg_total,3.5211736633368846,2025-09-07,0.0025546350893891306,921,TPC Craig Ranch
13508,"Vegas, Jhonattan",780,Atlanta Athletic Club,sg_total,0.2697645765950573,2011-08-14,0.0012731811580686096,921,TPC Craig Ranch
13508,"Vegas, Jhonattan",4362,lakes gc,sg_total,0.6379470454143887,2023-12-03,-0.0003745552843859594,921,TPC Craig Ranch
13508,"Vegas, Jhonattan",236,Erin Hills,sg_total,0.39225120339697284,2017-06-18,-0.0033240550314192437,921,TPC Craig Ranch
13508,"Vegas, Jhonattan",4586,wentworth golf club,sg_total,3.5335193635310036,2025-09-14,-0.016442154991381366,921,TPC Craig Ranch
13508,"Vegas, Jhonattan",4358,royal queensland gc,sg_total,1.2714362672528285,2023-11-26,-0.02265348439673656,921,TPC Craig Ranch
15651,"Ventura, Kris",934,Hurstbourne Country Club,sg_app,3.4239483077157167,2025-07-13,0.006534648635024447,921,TPC Craig Ranch
15651,"Ventura, Kris",921,TPC Craig Ranch,sg_app,2.45412476763975,2025-05-04,-0.02415875397129068,921,TPC Craig Ranch
15651,"Ventura, Kris",21,Colonial Country Club,sg_arg,3.341080845645088,2025-05-25,0.013237827096080922,921,TPC Craig Ranch
15651,"Ventura, Kris",930,Black Desert Resort,sg_arg,3.608507893926066,2025-10-26,0.007065552568229053,921,TPC Craig Ranch
15651,"Ventura, Kris",921,TPC Craig Ranch,sg_arg,2.45412476763975,2025-05-04,-0.02676985775374734,921,TPC Craig Ranch
15651,"Ventura, Kris",714,TPC Louisiana,sg_ott,7.246918468522029,2026-04-26,0.04422570562052686,921,TPC Craig Ranch
15651,"Ventura, Kris",928,PGA National  - Champion Course,sg_ott,5.125240335643283,2026-03-01,0.02455763429448028,921,TPC Craig Ranch
15651,"Ventura, Kris",770,TPC San Antonio - The Oaks Course,sg_ott,5.15438586179571,2026-04-05,0.021924586246585637,921,TPC Craig Ranch
15651,"Ventura, Kris",876,Detroit Golf Club,sg_ott,4.220965313300361,2025-06-29,0.02000574571799931,921,TPC Craig Ranch
15651,"Ventura, Kris",746,The Country Club of Jackson,sg_ott,3.57081678564474,2025-10-05,0.015501552724666698,921,TPC Craig Ranch
15651,"Ventura, Kris",21,Colonial Country Club,sg_ott,3.341080845645088,2025-05-25,0.007475841035611988,921,TPC Craig Ranch
15651,"Ventura, Kris",921,TPC Craig Ranch,sg_ott,2.45412476763975,2025-05-04,0.003246649207977542,921,TPC Craig Ranch
15651,"Ventura, Kris",872,Quail Hollow Club,sg_ott,0.7982345364086264,2021-05-09,-0.000959226514195681,921,TPC Craig Ranch
15651,"Ventura, Kris",897,Memorial Park Golf Course,sg_ott,4.927198001637706,2026-03-29,-0.004328881057062048,921,TPC Craig Ranch
15651,"Ventura, Kris",4,Torrey Pines Golf Course (South Course),sg_ott,5.202179902705055,2026-02-01,-0.02117408393336663,921,TPC Craig Ranch
15651,"Ventura, Kris",926,Silverado Resort (North Course),sg_ott,1.7667596817655018,2025-09-14,-0.029156031055113153,921,TPC Craig Ranch
15651,"Ventura, Kris",921,TPC Craig Ranch,sg_putt,2.45412476763975,2025-05-04,0.031378022242704806,921,TPC Craig Ranch
15651,"Ventura, Kris",510,TPC Scottsdale (Stadium Course),sg_putt,3.1701989973871125,2025-02-09,0.0008165412214198384,921,TPC Craig Ranch
15651,"Ventura, Kris",665,Innisbrook Resort and Golf Club - Copperhead Course,sg_putt,5.97478447851196,2026-03-22,-0.007187464298114904,921,TPC Craig Ranch
15651,"Ventura, Kris",809,Country Club de Bogota-Pacos,sg_total,1.2114063756184064,2024-02-11,0.01455686222428418,921,TPC Craig Ranch
15651,"Ventura, Kris",62,The Ledges,sg_total,3.6255135375540375,2023-04-30,0.012680020399040011,921,TPC Craig Ranch
15651,"Ventura, Kris",244,Puntacana Resort (Corales Golf Course),sg_total,4.064766958736537,2025-04-20,-0.0010959226805634748,921,TPC Craig Ranch
15651,"Ventura, Kris",61,Country Club at Golden Nugget,sg_total,1.875348223014645,2022-03-27,-0.0020072517943389703,921,TPC Craig Ranch
15651,"Ventura, Kristoffer",5,Pebble Beach Golf Links,sg_app,0.7006073403173227,2021-02-14,0.0036546167372895825,921,TPC Craig Ranch
15651,"Ventura, Kristoffer",6,Waialae Country Club,sg_arg,0.6269723617652107,2020-01-12,-0.01225146661377351,921,TPC Craig Ranch
15651,"Ventura, Kristoffer",876,Detroit Golf Club,sg_ott,1.3686082685363339,2020-07-05,0.01615076584066561,921,TPC Craig Ranch
15651,"Ventura, Kristoffer",746,The Country Club of Jackson,sg_ott,1.4323183583596575,2020-10-04,0.013421262867553675,921,TPC Craig Ranch
15651,"Ventura, Kristoffer",250,Le Golf National,sg_ott,2.884334972106428,2024-08-04,0.007460530916178902,921,TPC Craig Ranch
15651,"Ventura, Kristoffer",4,Torrey Pines Golf Course (South Course),sg_ott,0.6957202138335449,2021-01-31,0.002880117969572159,921,TPC Craig Ranch
15651,"Ventura, Kristoffer",897,Memorial Park Golf Course,sg_ott,1.4576045383850813,2020-11-08,-0.00206135931127343,921,TPC Craig Ranch
15651,"Ventura, Kristoffer",5,Pebble Beach Golf Links,sg_ott,0.7006073403173227,2021-02-14,-0.003253049094803142,921,TPC Craig Ranch
15651,"Ventura, Kristoffer",67,The King & Bear Course at WGV,sg_total,1.3583821025797564,2020-06-20,-0.00020357166651827129,921,TPC Craig Ranch
15651,"Ventura, Kristoffer",244,Puntacana Resort (Corales Golf Course),sg_total,1.4273140068291847,2020-09-27,-0.0019180617657977533,921,TPC Craig Ranch
15651,"Ventura, Kristoffer",742,Grand Reserve Golf Club,sg_total,3.355851787177873,2021-02-28,-0.0029486806720737707,921,TPC Craig Ranch
24304,"Vilips, Karl",921,TPC Craig Ranch,sg_app,3.306183030916225,2025-05-04,-0.009414907203628056,921,TPC Craig Ranch
24304,"Vilips, Karl",921,TPC Craig Ranch,sg_arg,3.306183030916225,2025-05-04,0.014795943398166707,921,TPC Craig Ranch
24304,"Vilips, Karl",930,Black Desert Resort,sg_arg,3.608507893926066,2025-10-26,0.01064119643619679,921,TPC Craig Ranch
24304,"Vilips, Karl",21,Colonial Country Club,sg_arg,3.341080845645088,2025-05-25,0.006196587755726739,921,TPC Craig Ranch
24304,"Vilips, Karl",714,TPC Louisiana,sg_ott,7.246918468522029,2026-04-26,0.0357540236262012,921,TPC Craig Ranch
24304,"Vilips, Karl",897,Memorial Park Golf Course,sg_ott,5.521754431858875,2026-03-29,0.028157752901427437,921,TPC Craig Ranch
24304,"Vilips, Karl",926,Silverado Resort (North Course),sg_ott,3.5335193635310036,2025-09-14,0.022026018361613782,921,TPC Craig Ranch
24304,"Vilips, Karl",21,Colonial Country Club,sg_ott,3.341080845645088,2025-05-25,0.020843016416765062,921,TPC Craig Ranch
24304,"Vilips, Karl",12,Harbour Town Golf Links,sg_ott,7.22159858951783,2026-04-19,0.017995162436327147,921,TPC Craig Ranch
24304,"Vilips, Karl",876,Detroit Golf Club,sg_ott,1.7000321804507963,2025-06-29,0.01071234745859193,921,TPC Craig Ranch
24304,"Vilips, Karl",928,PGA National  - Champion Course,sg_ott,1.9215788783046464,2026-03-01,0.00909725065038937,921,TPC Craig Ranch
24304,"Vilips, Karl",921,TPC Craig Ranch,sg_ott,3.306183030916225,2025-05-04,0.004421718628755802,921,TPC Craig Ranch
24304,"Vilips, Karl",241,Quail Hollow-PGA Championship,sg_ott,1.6647037514757894,2025-05-18,0.0035464403071456987,921,TPC Craig Ranch
24304,"Vilips, Karl",977,The Renaissance Club,sg_ott,1.7119741538578583,2025-07-13,-0.0022900711760820724,921,TPC Craig Ranch
24304,"Vilips, Karl",770,TPC San Antonio - The Oaks Course,sg_ott,1.9555024743866727,2026-04-05,-0.010072942257800189,921,TPC Craig Ranch
24304,"Vilips, Karl",4,Torrey Pines Golf Course (South Course),sg_ott,2.8422963195053947,2026-02-01,-0.015084237594103043,921,TPC Craig Ranch
24304,"Vilips, Karl",665,Innisbrook Resort and Golf Club - Copperhead Course,sg_putt,5.5024620726702285,2026-03-22,0.008410640287762818,921,TPC Craig Ranch
24304,"Vilips, Karl",510,TPC Scottsdale (Stadium Course),sg_putt,1.9015078573446538,2026-02-08,0.005157120323057935,921,TPC Craig Ranch
24304,"Vilips, Karl",921,TPC Craig Ranch,sg_putt,3.306183030916225,2025-05-04,-0.011281355021116476,921,TPC Craig Ranch
24304,"Vilips, Karl",4722,royal melbourne gc,sg_total,1.8425439173926974,2025-12-07,-0.021507034801030053,921,TPC Craig Ranch
9171,"Villegas, Camilo",921,TPC Craig Ranch,sg_app,4.684202334031987,2025-05-04,0.009926223588197424,921,TPC Craig Ranch
9171,"Villegas, Camilo",781,Plainfield CC,sg_app,0.7683063436544737,2015-08-30,0.006820772894906938,921,TPC Craig Ranch
9171,"Villegas, Camilo",688,East Lake Golf Club,sg_app,0.5213278631425418,2010-09-26,0.005003644125776691,921,TPC Craig Ranch
9171,"Villegas, Camilo",534,Bellerive CC,sg_app,0.1579138514124101,2008-09-07,0.003947719573663528,921,TPC Craig Ranch
9171,"Villegas, Camilo",775,CordeValle GC,sg_app,0.7346040295006785,2013-10-13,0.003032585901491305,921,TPC Craig Ranch
9171,"Villegas, Camilo",642,Newport Beach Country Club,sg_app,0.11561379453217453,2014-07-27,0.0007087415190992375,921,TPC Craig Ranch
9171,"Villegas, Camilo",736,Angus Glen GC (North),sg_app,0.1289016409276672,2007-07-29,0.0005669906088997878,921,TPC Craig Ranch
9171,"Villegas, Camilo",694,Hamilton G&CC,sg_app,0.32135603124489664,2012-07-29,-0.0002349531190751004,921,TPC Craig Ranch
9171,"Villegas, Camilo",625,LaCantera GC (Resort),sg_app,0.03825990417909685,2004-09-19,-0.00024312100291017357,921,TPC Craig Ranch
9171,"Villegas, Camilo",649,Hualalai Golf Course,sg_app,0.5319373657165982,2014-01-19,-0.0002551605501003919,921,TPC Craig Ranch
9171,"Villegas, Camilo",27,Hillcrest Country Club,sg_app,0.1307189554193902,2007-08-26,-0.0005106256704927519,921,TPC Craig Ranch
9171,"Villegas, Camilo",616,Robert Trent Jones GC,sg_app,0.27835644246096747,2015-08-02,-0.0028159214802771127,921,TPC Craig Ranch
9171,"Villegas, Camilo",5,Pebble Beach Golf Links,sg_app,1.6116609016852386,2023-02-05,-0.0029746302389827414,921,TPC Craig Ranch
9171,"Villegas, Camilo",745,iberostar real club de golf novo sancti petri,sg_app,0.539349466676898,2014-08-24,-0.0030423930252767907,921,TPC Craig Ranch
9171,"Villegas, Camilo",238,Glen Oaks Club,sg_app,0.8124461540765495,2017-08-27,-0.0044007724565697385,921,TPC Craig Ranch
9171,"Villegas, Camilo",772,St. George's G&CC,sg_app,1.197005769832274,2022-06-12,-0.01521915766893692,921,TPC Craig Ranch
9171,"Villegas, Camilo",656,Plantation Course at Kapalua,sg_app,3.268251163295315,2024-01-07,-0.01850007967306728,921,TPC Craig Ranch
9171,"Villegas, Camilo",238,Glen Oaks Club,sg_arg,0.8124461540765495,2017-08-27,0.005676766475295129,921,TPC Craig Ranch
9171,"Villegas, Camilo",21,Colonial Country Club,sg_arg,8.429896323879586,2025-05-25,0.0037280066795161615,921,TPC Craig Ranch
9171,"Villegas, Camilo",505,Cherry Hills CC,sg_arg,0.47226942579898806,2014-09-07,0.0026636056316371995,921,TPC Craig Ranch
9171,"Villegas, Camilo",773,Aronimink GC,sg_arg,0.13207929468546528,2011-07-03,0.0009761240283720329,921,TPC Craig Ranch
9171,"Villegas, Camilo",6,Waialae Country Club,sg_arg,5.063567982463892,2025-01-12,0.00046318194896647876,921,TPC Craig Ranch
9171,"Villegas, Camilo",625,LaCantera GC (Resort),sg_arg,0.03825990417909685,2004-09-19,-0.00033052909090084136,921,TPC Craig Ranch
9171,"Villegas, Camilo",609,Annandale GC,sg_arg,0.07705732613405411,2004-10-03,-0.0005533889531001709,921,TPC Craig Ranch
9171,"Villegas, Camilo",762,Liberty National GC,sg_arg,0.4381317160919328,2013-08-25,-0.0011927125519751367,921,TPC Craig Ranch
9171,"Villegas, Camilo",775,CordeValle GC,sg_arg,0.7346040295006785,2013-10-13,-0.0016502291435934106,921,TPC Craig Ranch
9171,"Villegas, Camilo",671,Valhalla Golf Club,sg_arg,1.3876992786253213,2024-05-19,-0.0019882005422489288,921,TPC Craig Ranch
9171,"Villegas, Camilo",930,Black Desert Resort,sg_arg,2.395664045428231,2025-10-26,-0.004290665166349467,921,TPC Craig Ranch
9171,"Villegas, Camilo",874,Hamilton Golf & Country Club,sg_arg,1.3974472516771892,2024-06-02,-0.011977962772742263,921,TPC Craig Ranch
9171,"Villegas, Camilo",921,TPC Craig Ranch,sg_arg,4.684202334031987,2025-05-04,-0.0323485284847795,921,TPC Craig Ranch
9171,"Villegas, Camilo",876,Detroit Golf Club,sg_ott,6.9583394176766316,2025-06-29,0.023101751913476323,921,TPC Craig Ranch
9171,"Villegas, Camilo",926,Silverado Resort (North Course),sg_ott,3.2395329206777017,2025-09-14,0.014638923664432833,921,TPC Craig Ranch
9171,"Villegas, Camilo",770,TPC San Antonio - The Oaks Course,sg_ott,10.753279418420949,2026-04-05,0.010767606679910474,921,TPC Craig Ranch
9171,"Villegas, Camilo",714,TPC Louisiana,sg_ott,3.6234592342610146,2026-04-26,0.008351173105212583,921,TPC Craig Ranch
9171,"Villegas, Camilo",21,Colonial Country Club,sg_ott,8.429896323879586,2025-05-25,0.008040744151132448,921,TPC Craig Ranch
9171,"Villegas, Camilo",781,Plainfield CC,sg_ott,0.7683063436544737,2015-08-30,0.005093800583297454,921,TPC Craig Ranch
9171,"Villegas, Camilo",762,Liberty National GC,sg_ott,0.4381317160919328,2013-08-25,0.0029986638927254655,921,TPC Craig Ranch
9171,"Villegas, Camilo",235,Eagle Point Golf Club,sg_ott,0.38409981724150816,2017-05-07,0.00239249565914537,921,TPC Craig Ranch
9171,"Villegas, Camilo",8,Trump National Doral - Blue Monster Course,sg_ott,0.7767382871814501,2011-03-13,0.0021307619489066764,921,TPC Craig Ranch
9171,"Villegas, Camilo",238,Glen Oaks Club,sg_ott,0.8124461540765495,2017-08-27,0.0010240899393069692,921,TPC Craig Ranch
9171,"Villegas, Camilo",505,Cherry Hills CC,sg_ott,0.47226942579898806,2014-09-07,0.0008400317922331631,921,TPC Craig Ranch
9171,"Villegas, Camilo",706,Whistling Straits,sg_ott,0.2803117732316307,2015-08-16,0.0003768337157024891,921,TPC Craig Ranch
9171,"Villegas, Camilo",534,Bellerive CC,sg_ott,0.1579138514124101,2008-09-07,-2.4409303148317975e-05,921,TPC Craig Ranch
9171,"Villegas, Camilo",642,Newport Beach Country Club,sg_ott,0.11561379453217453,2014-07-27,-2.491218904997139e-05,921,TPC Craig Ranch
9171,"Villegas, Camilo",12,Harbour Town Golf Links,sg_ott,6.285483064130217,2022-04-17,-0.0003367024294867489,921,TPC Craig Ranch
9171,"Villegas, Camilo",616,Robert Trent Jones GC,sg_ott,0.27835644246096747,2015-08-02,-0.0016663336190247242,921,TPC Craig Ranch
9171,"Villegas, Camilo",671,Valhalla Golf Club,sg_ott,1.3876992786253213,2024-05-19,-0.002583963102809153,921,TPC Craig Ranch
9171,"Villegas, Camilo",819,Harbor Shores Resort,sg_ott,0.16579552947565152,2016-07-17,-0.003218479100350666,921,TPC Craig Ranch
9171,"Villegas, Camilo",772,St. George's G&CC,sg_ott,1.197005769832274,2022-06-12,-0.0038532395158911935,921,TPC Craig Ranch
9171,"Villegas, Camilo",928,PGA National  - Champion Course,sg_ott,6.1939860920496805,2026-03-01,-0.005092479779222776,921,TPC Craig Ranch
9171,"Villegas, Camilo",32,Glen Abbey GC,sg_ott,2.7851870257924016,2017-07-30,-0.00794604068060362,921,TPC Craig Ranch
9171,"Villegas, Camilo",698,Quail Hollow Club,sg_ott,2.414443606429892,2016-05-08,-0.00940511935735532,921,TPC Craig Ranch
9171,"Villegas, Camilo",5,Pebble Beach Golf Links,sg_ott,1.6116609016852386,2023-02-05,-0.009412482690891007,921,TPC Craig Ranch
9171,"Villegas, Camilo",14,Augusta National Golf Club,sg_ott,2.727251597143962,2024-04-14,-0.00963095689169141,921,TPC Craig Ranch
9171,"Villegas, Camilo",4,Torrey Pines Golf Course (South Course),sg_ott,6.735221644676249,2026-02-01,-0.011024990748975547,921,TPC Craig Ranch
9171,"Villegas, Camilo",897,Memorial Park Golf Course,sg_ott,2.3532163426164185,2025-03-30,-0.012635584221332322,921,TPC Craig Ranch
9171,"Villegas, Camilo",746,The Country Club of Jackson,sg_ott,7.50475420142432,2025-10-05,-0.020691087361092115,921,TPC Craig Ranch
9171,"Villegas, Camilo",250,Le Golf National,sg_ott,2.884334972106428,2024-08-04,-0.02193229320072248,921,TPC Craig Ranch
9171,"Villegas, Camilo",921,TPC Craig Ranch,sg_ott,4.684202334031987,2025-05-04,-0.06601747304613216,921,TPC Craig Ranch
9171,"Villegas, Camilo",921,TPC Craig Ranch,sg_putt,4.684202334031987,2025-05-04,0.04178099093102539,921,TPC Craig Ranch
9171,"Villegas, Camilo",656,Plantation Course at Kapalua,sg_putt,3.268251163295315,2024-01-07,0.020543897979968594,921,TPC Craig Ranch
9171,"Villegas, Camilo",665,Innisbrook Resort and Golf Club - Copperhead Course,sg_putt,7.241028282384729,2025-03-23,0.006952325056041211,921,TPC Craig Ranch
9171,"Villegas, Camilo",775,CordeValle GC,sg_putt,0.7346040295006785,2013-10-13,0.0055530308015761835,921,TPC Craig Ranch
9171,"Villegas, Camilo",526,Cog Hill G&CC,sg_putt,0.9126379440041346,2011-09-18,0.001104706227876985,921,TPC Craig Ranch
9171,"Villegas, Camilo",649,Hualalai Golf Course,sg_putt,0.5319373657165982,2014-01-19,0.0007898010450376084,921,TPC Craig Ranch
9171,"Villegas, Camilo",510,TPC Scottsdale (Stadium Course),sg_putt,8.700907136719321,2025-02-09,-0.00045950006586874644,921,TPC Craig Ranch
9171,"Villegas, Camilo",762,Liberty National GC,sg_putt,0.4381317160919328,2013-08-25,-0.0015004565818121692,921,TPC Craig Ranch
9171,"Villegas, Camilo",745,iberostar real club de golf novo sancti petri,sg_putt,0.539349466676898,2014-08-24,-0.003272876532006673,921,TPC Craig Ranch
9171,"Villegas, Camilo",743,Oakland Hills CC (South),sg_total,0.1557184610828681,2008-08-10,0.0013884364989061413,921,TPC Craig Ranch
9171,"Villegas, Camilo",809,Country Club de Bogota-Pacos,sg_total,0.8686416951483404,2023-02-12,0.000286340539230444,921,TPC Craig Ranch
9171,"Villegas, Camilo",780,Atlanta Athletic Club,sg_total,0.13488228829752866,2011-08-14,9.948043492531235e-05,921,TPC Craig Ranch
9171,"Villegas, Camilo",818,Chambers Bay GC,sg_total,0.4088578610518003,2015-06-21,-0.007009677068481701,921,TPC Craig Ranch
9171,"Villegas, Camilo",742,Grand Reserve Golf Club,sg_total,5.229604798526298,2024-03-10,-0.0132892460002772,921,TPC Craig Ranch
9171,"Villegas, Camilo",244,Puntacana Resort (Corales Golf Course),sg_total,4.9066889660360395,2023-03-26,-0.019375718177008394,921,TPC Craig Ranch
25003,"Walker, Danny",921,TPC Craig Ranch,sg_app,3.306183030916225,2025-05-04,-0.0059030033825744465,921,TPC Craig Ranch
25003,"Walker, Danny",921,TPC Craig Ranch,sg_arg,3.306183030916225,2025-05-04,0.03825233186036433,921,TPC Craig Ranch
25003,"Walker, Danny",6,Waialae Country Club,sg_arg,1.8816464795520194,2026-01-18,0.0038016977997181187,921,TPC Craig Ranch
25003,"Walker, Danny",21,Colonial Country Club,sg_arg,1.670540422822544,2025-05-25,-0.005746067375061703,921,TPC Craig Ranch
25003,"Walker, Danny",930,Black Desert Resort,sg_arg,3.608507893926066,2025-10-26,-0.005959342170816425,921,TPC Craig Ranch
25003,"Walker, Danny",714,TPC Louisiana,sg_ott,5.270775042798169,2026-04-26,0.033703636442237145,921,TPC Craig Ranch
25003,"Walker, Danny",746,The Country Club of Jackson,sg_ott,3.57081678564474,2025-10-05,0.019812739499254405,921,TPC Craig Ranch
25003,"Walker, Danny",897,Memorial Park Golf Course,sg_ott,5.521754431858875,2026-03-29,0.006874116797840974,921,TPC Craig Ranch
25003,"Walker, Danny",4,Torrey Pines Golf Course (South Course),sg_ott,2.8422963195053947,2026-02-01,0.0067418978920876504,921,TPC Craig Ranch
25003,"Walker, Danny",977,The Renaissance Club,sg_ott,1.7119741538578583,2025-07-13,0.0058270198161866245,921,TPC Craig Ranch
25003,"Walker, Danny",921,TPC Craig Ranch,sg_ott,3.306183030916225,2025-05-04,-0.0007910552028950874,921,TPC Craig Ranch
25003,"Walker, Danny",21,Colonial Country Club,sg_ott,1.670540422822544,2025-05-25,-0.007616467868193311,921,TPC Craig Ranch
25003,"Walker, Danny",928,PGA National  - Champion Course,sg_ott,3.8431577566092927,2026-03-01,-0.008072254047160362,921,TPC Craig Ranch
25003,"Walker, Danny",926,Silverado Resort (North Course),sg_ott,1.7667596817655018,2025-09-14,-0.010836163884936795,921,TPC Craig Ranch
25003,"Walker, Danny",876,Detroit Golf Club,sg_ott,1.7000321804507963,2025-06-29,-0.018816255083419546,921,TPC Craig Ranch
25003,"Walker, Danny",770,TPC San Antonio - The Oaks Course,sg_ott,5.541114432608363,2026-04-05,-0.05485695651071058,921,TPC Craig Ranch
25003,"Walker, Danny",665,Innisbrook Resort and Golf Club - Copperhead Course,sg_putt,5.5024620726702285,2026-03-22,0.03131936024002358,921,TPC Craig Ranch
25003,"Walker, Danny",921,TPC Craig Ranch,sg_putt,3.306183030916225,2025-05-04,0.031300964175471686,921,TPC Craig Ranch
25003,"Walker, Danny",510,TPC Scottsdale (Stadium Course),sg_putt,1.9015078573446538,2026-02-08,-0.027088210270015154,921,TPC Craig Ranch
25003,"Walker, Danny",244,Puntacana Resort (Corales Golf Course),sg_total,3.283120562510899,2025-04-20,0.006041742676142702,921,TPC Craig Ranch
25003,"Walker, Danny",62,The Ledges,sg_total,1.7170578754698997,2023-04-30,0.005151235257183693,921,TPC Craig Ranch
25003,"Walker, Danny",809,Country Club de Bogota-Pacos,sg_total,1.2114063756184064,2024-02-11,0.0033862017129482145,921,TPC Craig Ranch
25003,"Walker, Danny",655,The Glen Club,sg_total,0.5585825753206938,2019-05-26,-0.002300202141347842,921,TPC Craig Ranch
25908,"Whaley, Vince",921,TPC Craig Ranch,sg_app,10.289575951116946,2025-05-04,0.0598923182590725,921,TPC Craig Ranch
25908,"Whaley, Vince",772,St. George's G&CC,sg_app,1.948957006692821,2022-06-12,0.013786246470008395,921,TPC Craig Ranch
25908,"Whaley, Vince",934,Hurstbourne Country Club,sg_app,3.4239483077157167,2025-07-13,0.008173916171227239,921,TPC Craig Ranch
25908,"Whaley, Vince",5,Pebble Beach Golf Links,sg_app,0.45749011548373314,2022-02-06,-0.0009799324259093672,921,TPC Craig Ranch
25908,"Whaley, Vince",874,Hamilton Golf & Country Club,sg_arg,2.7948945033543784,2024-06-02,0.007238831362231163,921,TPC Craig Ranch
25908,"Whaley, Vince",21,Colonial Country Club,sg_arg,4.30876181858107,2025-05-25,0.005821254287172028,921,TPC Craig Ranch
25908,"Whaley, Vince",6,Waialae Country Club,sg_arg,10.003235987872364,2026-01-18,0.0017442375067666502,921,TPC Craig Ranch
25908,"Whaley, Vince",930,Black Desert Resort,sg_arg,6.5955820378194945,2025-10-26,-0.003521040252619306,921,TPC Craig Ranch
25908,"Whaley, Vince",921,TPC Craig Ranch,sg_arg,10.289575951116946,2025-05-04,-0.023591098809447975,921,TPC Craig Ranch
25908,"Whaley, Vince",876,Detroit Golf Club,sg_ott,10.594333546013962,2025-06-29,0.033616744135347904,921,TPC Craig Ranch
25908,"Whaley, Vince",21,Colonial Country Club,sg_ott,4.30876181858107,2025-05-25,0.03348252429497781,921,TPC Craig Ranch
25908,"Whaley, Vince",714,TPC Louisiana,sg_ott,5.270775042798169,2026-04-26,0.022196460113009985,921,TPC Craig Ranch
25908,"Whaley, Vince",4,Torrey Pines Golf Course (South Course),sg_ott,4.418713539162605,2026-02-01,0.016032053841429673,921,TPC Craig Ranch
25908,"Whaley, Vince",772,St. George's G&CC,sg_ott,1.948957006692821,2022-06-12,0.00839056961318914,921,TPC Craig Ranch
25908,"Whaley, Vince",746,The Country Club of Jackson,sg_ott,11.089996002902483,2025-10-05,0.008283612649030254,921,TPC Craig Ranch
25908,"Whaley, Vince",926,Silverado Resort (North Course),sg_ott,7.461704094614472,2025-09-14,0.008222182047166418,921,TPC Craig Ranch
25908,"Whaley, Vince",928,PGA National  - Champion Course,sg_ott,5.125240335643283,2026-03-01,0.007558549357463157,921,TPC Craig Ranch
25908,"Whaley, Vince",897,Memorial Park Golf Course,sg_ott,6.875868180855205,2026-03-29,0.0037842341553661653,921,TPC Craig Ranch
25908,"Whaley, Vince",921,TPC Craig Ranch,sg_ott,10.289575951116946,2025-05-04,0.0007101698280261098,921,TPC Craig Ranch
25908,"Whaley, Vince",5,Pebble Beach Golf Links,sg_ott,0.45749011548373314,2022-02-06,-0.0020165753870578403,921,TPC Craig Ranch
25908,"Whaley, Vince",770,TPC San Antonio - The Oaks Course,sg_ott,10.140760775822631,2026-04-05,-0.011125919672442945,921,TPC Craig Ranch
25908,"Whaley, Vince",921,TPC Craig Ranch,sg_putt,10.289575951116946,2025-05-04,0.06792164384887218,921,TPC Craig Ranch
25908,"Whaley, Vince",665,Innisbrook Resort and Golf Club - Copperhead Course,sg_putt,9.135625331654094,2026-03-22,0.031530498589031675,921,TPC Craig Ranch
25908,"Whaley, Vince",510,TPC Scottsdale (Stadium Course),sg_putt,4.807948422841468,2026-02-08,-0.008824495083407715,921,TPC Craig Ranch
25908,"Whaley, Vince",244,Puntacana Resort (Corales Golf Course),sg_total,7.895282487181093,2025-04-20,0.02337952866178958,921,TPC Craig Ranch
25908,"Whaley, Vince",742,Grand Reserve Golf Club,sg_total,2.679939879154656,2024-03-10,0.006460962812905642,921,TPC Craig Ranch
25908,"Whaley, Vincent",921,TPC Craig Ranch,sg_app,1.6020665043632751,2021-05-16,0.022468566747122883,921,TPC Craig Ranch
25908,"Whaley, Vincent",5,Pebble Beach Golf Links,sg_app,1.7839161680204048,2021-02-14,0.0023146004450348818,921,TPC Craig Ranch
25908,"Whaley, Vincent",921,TPC Craig Ranch,sg_arg,1.6020665043632751,2021-05-16,0.015328057523934882,921,TPC Craig Ranch
25908,"Whaley, Vincent",6,Waialae Country Club,sg_arg,0.6269723617652107,2020-01-12,-0.0007508684099295438,921,TPC Craig Ranch
25908,"Whaley, Vincent",21,Colonial Country Club,sg_arg,1.613320312268475,2021-05-30,-0.004862357781978846,921,TPC Craig Ranch
25908,"Whaley, Vincent",921,TPC Craig Ranch,sg_ott,1.6020665043632751,2021-05-16,0.0077413078672287595,921,TPC Craig Ranch
25908,"Whaley, Vincent",876,Detroit Golf Club,sg_ott,2.3261060390657033,2021-07-04,0.006423541848734843,921,TPC Craig Ranch
25908,"Whaley, Vincent",897,Memorial Park Golf Course,sg_ott,1.7546937865918713,2021-11-14,0.005623534694660947,921,TPC Craig Ranch
25908,"Whaley, Vincent",770,TPC San Antonio - The Oaks Course,sg_ott,1.5687739035740198,2021-04-04,0.005451890448705907,921,TPC Craig Ranch
25908,"Whaley, Vincent",872,Quail Hollow Club,sg_ott,1.5964690728172528,2021-05-09,0.004617661631911178,921,TPC Craig Ranch
25908,"Whaley, Vincent",21,Colonial Country Club,sg_ott,1.613320312268475,2021-05-30,0.0022143953925292054,921,TPC Craig Ranch
25908,"Whaley, Vincent",746,The Country Club of Jackson,sg_ott,3.150547791202614,2021-10-03,-0.0006274828260954148,921,TPC Craig Ranch
25908,"Whaley, Vincent",4,Torrey Pines Golf Course (South Course),sg_ott,0.6957202138335449,2021-01-31,-0.004171015224540837,921,TPC Craig Ranch
25908,"Whaley, Vincent",5,Pebble Beach Golf Links,sg_ott,1.7839161680204048,2021-02-14,-0.0066839313912360155,921,TPC Craig Ranch
25908,"Whaley, Vincent",665,Innisbrook Resort and Golf Club - Copperhead Course,sg_putt,1.5908911980373366,2021-05-02,0.005212041497468632,921,TPC Craig Ranch
25908,"Whaley, Vincent",510,TPC Scottsdale (Stadium Course),sg_putt,0.7627287469883791,2021-02-07,-0.006856727039664634,921,TPC Craig Ranch
25908,"Whaley, Vincent",921,TPC Craig Ranch,sg_putt,1.6020665043632751,2021-05-16,-0.01791012881265482,921,TPC Craig Ranch
25908,"Whaley, Vincent",742,Grand Reserve Golf Club,sg_total,2.822115186803825,2021-02-28,0.0113666624857254,921,TPC Craig Ranch
25908,"Whaley, Vincent",244,Puntacana Resort (Corales Golf Course),sg_total,2.99060679928046,2021-03-28,0.007128241844926612,921,TPC Craig Ranch
25908,"Whaley, Vincent",655,The Glen Club,sg_total,1.1171651506413875,2019-05-26,0.0020684894250304537,921,TPC Craig Ranch
25908,"Whaley, Vincent",630,Fox Den CC,sg_total,1.1132619072745946,2019-05-19,0.0013193415419217567,921,TPC Craig Ranch
25908,"Whaley, Vincent",67,The King & Bear Course at WGV,sg_total,1.3583821025797564,2020-06-20,-0.007274542511444337,921,TPC Craig Ranch
12920,"Willett, Danny",772,St. George's G&CC,sg_app,1.948957006692821,2022-06-12,0.01607968027041382,921,TPC Craig Ranch
12920,"Willett, Danny",514,Oak Hill Country Club,sg_app,1.1567879787560167,2023-05-21,0.0033438089233790557,921,TPC Craig Ranch
12920,"Willett, Danny",715,Baltusrol GC,sg_app,0.6678406786681628,2016-07-31,0.0018123774925985728,921,TPC Craig Ranch
12920,"Willett, Danny",5,Pebble Beach Golf Links,sg_app,1.0976232721880528,2023-02-05,0.0015277057065923156,921,TPC Craig Ranch
12920,"Willett, Danny",534,Bellerive CC,sg_app,0.4839117036224753,2018-08-12,-0.0017748121778182243,921,TPC Craig Ranch
12920,"Willett, Danny",891,Winged Foot GC,sg_app,0.7111635699565723,2020-09-20,-0.013474847777367759,921,TPC Craig Ranch
12920,"Willett, Danny",921,TPC Craig Ranch,sg_app,0.9609308590868445,2022-05-15,-0.015535453558641922,921,TPC Craig Ranch
12920,"Willett, Danny",874,Hamilton Golf & Country Club,sg_arg,1.1250127412185955,2019-06-09,0.013587632880839971,921,TPC Craig Ranch
12920,"Willett, Danny",886,Liberty National Golf Club,sg_arg,1.1610146965002188,2019-08-11,0.005848162396980526,921,TPC Craig Ranch
12920,"Willett, Danny",921,TPC Craig Ranch,sg_arg,0.9609308590868445,2022-05-15,-0.0013941975770817771,921,TPC Craig Ranch
12920,"Willett, Danny",21,Colonial Country Club,sg_arg,3.5085407845456995,2025-05-25,-0.009619614405888165,921,TPC Craig Ranch
12920,"Willett, Danny",4,Torrey Pines Golf Course (South Course),sg_ott,3.1493581095677468,2025-01-25,0.01578160028827978,921,TPC Craig Ranch
12920,"Willett, Danny",21,Colonial Country Club,sg_ott,3.5085407845456995,2025-05-25,0.00550439856218904,921,TPC Craig Ranch
12920,"Willett, Danny",926,Silverado Resort (North Course),sg_ott,1.4727732389122001,2024-09-15,0.004804666200922522,921,TPC Craig Ranch
12920,"Willett, Danny",8,Trump National Doral - Blue Monster Course,sg_ott,0.6205149141805294,2016-03-06,0.004537391977929674,921,TPC Craig Ranch
12920,"Willett, Danny",872,Quail Hollow Club,sg_ott,1.701466880851129,2023-05-07,0.004494542578822962,921,TPC Craig Ranch
12920,"Willett, Danny",534,Bellerive CC,sg_ott,0.4839117036224753,2018-08-12,0.003979692536486705,921,TPC Craig Ranch
12920,"Willett, Danny",14,Augusta National Golf Club,sg_ott,11.76966760472972,2026-04-12,0.0010294338798062942,921,TPC Craig Ranch
12920,"Willett, Danny",928,PGA National  - Champion Course,sg_ott,3.5234096069739644,2026-03-01,0.0009567272056294601,921,TPC Craig Ranch
12920,"Willett, Danny",715,Baltusrol GC,sg_ott,0.6678406786681628,2016-07-31,0.00045193233508617023,921,TPC Craig Ranch
12920,"Willett, Danny",5,Pebble Beach Golf Links,sg_ott,1.0976232721880528,2023-02-05,4.747221967955711e-05,921,TPC Craig Ranch
12920,"Willett, Danny",891,Winged Foot GC,sg_ott,0.7111635699565723,2020-09-20,-0.00027599563946977646,921,TPC Craig Ranch
12920,"Willett, Danny",697,Ocean Course at Kiawah Island,sg_ott,1.6076835612440104,2021-05-23,-0.00032181364746811374,921,TPC Craig Ranch
12920,"Willett, Danny",772,St. George's G&CC,sg_ott,1.948957006692821,2022-06-12,-0.0011393529065984746,921,TPC Craig Ranch
12920,"Willett, Danny",706,Whistling Straits,sg_ott,0.5606235464632614,2015-08-16,-0.0013032818730016802,921,TPC Craig Ranch
12920,"Willett, Danny",770,TPC San Antonio - The Oaks Course,sg_ott,0.7843869517870099,2021-04-04,-0.0015410113053801956,921,TPC Craig Ranch
12920,"Willett, Danny",895,TPC Harding Park,sg_ott,0.6963848546123952,2020-08-09,-0.0023587701422059446,921,TPC Craig Ranch
12920,"Willett, Danny",876,Detroit Golf Club,sg_ott,9.070413330149698,2025-06-29,-0.006402268723987321,921,TPC Craig Ranch
12920,"Willett, Danny",514,Oak Hill Country Club,sg_ott,1.1567879787560167,2023-05-21,-0.006564354192494575,921,TPC Craig Ranch
12920,"Willett, Danny",921,TPC Craig Ranch,sg_ott,0.9609308590868445,2022-05-15,-0.008039914123247397,921,TPC Craig Ranch
12920,"Willett, Danny",897,Memorial Park Golf Course,sg_ott,7.289741352828187,2026-03-29,-0.015666895544830372,921,TPC Craig Ranch
12920,"Willett, Danny",241,Quail Hollow-PGA Championship,sg_ott,0.4033894447825575,2017-08-13,-0.0167369718713606,921,TPC Craig Ranch
12920,"Willett, Danny",12,Harbour Town Golf Links,sg_ott,7.356888570353207,2023-04-16,-0.030227635330957525,921,TPC Craig Ranch
12920,"Willett, Danny",977,The Renaissance Club,sg_ott,3.8898270675134126,2025-07-13,-0.0509432162548724,921,TPC Craig Ranch
12920,"Willett, Danny",666,Pebble Beach Golf Links,sg_putt,1.1289571845620932,2019-06-16,0.013663939157902264,921,TPC Craig Ranch
12920,"Willett, Danny",668,St. Andrews Links (Old Course),sg_putt,1.9833639368598586,2022-07-17,0.0002810081724257808,921,TPC Craig Ranch
12920,"Willett, Danny",665,Innisbrook Resort and Golf Club - Copperhead Course,sg_putt,8.614395916497111,2026-03-22,-0.007302597631978921,921,TPC Craig Ranch
12920,"Willett, Danny",715,Baltusrol GC,sg_putt,0.6678406786681628,2016-07-31,-0.00736745141477534,921,TPC Craig Ranch
12920,"Willett, Danny",724,Royal Liverpool,sg_putt,2.387613570697432,2023-07-23,-0.008013903149517497,921,TPC Craig Ranch
12920,"Willett, Danny",921,TPC Craig Ranch,sg_putt,0.9609308590868445,2022-05-15,-0.03556692640443877,921,TPC Craig Ranch
12920,"Willett, Danny",3796,wentworth golf club,sg_total,2.3713076206825527,2019-09-22,0.03179163302426772,921,TPC Craig Ranch
12920,"Willett, Danny",244,Puntacana Resort (Corales Golf Course),sg_total,6.721761577976819,2025-04-20,0.010377001548185355,921,TPC Craig Ranch
12920,"Willett, Danny",3540,real club valderrama,sg_total,0.8355161186771077,2017-10-22,0.007249481337093398,921,TPC Craig Ranch
12920,"Willett, Danny",4010,crans-sur-sierre gc,sg_total,2.0254549887439106,2022-08-28,0.006687968834050453,921,TPC Craig Ranch
12920,"Willett, Danny",4401,carnoustie,sg_total,0.7441594147231158,2024-10-06,0.0015095744946098234,921,TPC Craig Ranch
12920,"Willett, Danny",3798,kingsbarns golf links,sg_total,0.2974527173217405,2019-09-29,0.0008681852492664691,921,TPC Craig Ranch
12920,"Willett, Danny",3797,old course st andrews,sg_total,0.594905434643481,2019-09-29,0.0006762596513070543,921,TPC Craig Ranch
12920,"Willett, Danny",818,Chambers Bay GC,sg_total,0.13628595368393343,2015-06-21,0.000180629226994792,921,TPC Craig Ranch
12920,"Willett, Danny",3675,gary player cc,sg_total,1.012876559141098,2018-11-11,-8.517701335705772e-05,921,TPC Craig Ranch
12920,"Willett, Danny",4177,houghton gc,sg_total,1.5201277252838563,2021-01-31,-0.0007597640471858765,921,TPC Craig Ranch
12920,"Willett, Danny",4601,old course st andrews,sg_total,0.892704196411185,2025-10-05,-0.0009499160204933956,921,TPC Craig Ranch
12920,"Willett, Danny",3638,saujana g&cc,sg_total,0.4402762890658595,2018-02-04,-0.0012557669584789264,921,TPC Craig Ranch
12920,"Willett, Danny",3535,dom pedro victoria golf course,sg_total,0.8239003928195338,2017-09-24,-0.0012680983551644463,921,TPC Craig Ranch
12920,"Willett, Danny",3900,emirates gc,sg_total,1.2627531300503232,2020-01-26,-0.001702063348428285,921,TPC Craig Ranch
12920,"Willett, Danny",4585,k club,sg_total,1.7605868316684423,2025-09-07,-0.00173830748962186,921,TPC Craig Ranch
12920,"Willett, Danny",3648,royal golf dar es salam red course,sg_total,0.45755745409044485,2018-04-22,-0.0018993386086052213,921,TPC Craig Ranch
12920,"Willett, Danny",3498,emirates gc,sg_total,0.7340298094371326,2017-02-05,-0.0019000766951000503,921,TPC Craig Ranch
12920,"Willett, Danny",3899,abu dhabi gc,sg_total,0.6291706097212676,2020-01-19,-0.0023437740694021657,921,TPC Craig Ranch
12920,"Willett, Danny",3793,crans-sur-sierre gc,sg_total,0.5866347881705672,2019-09-01,-0.002414608586247446,921,TPC Craig Ranch
12920,"Willett, Danny",4192,carnoustie,sg_total,0.5153031039951417,2022-10-02,-0.0026797005355661896,921,TPC Craig Ranch
12920,"Willett, Danny",4603,kingsbarns golf links,sg_total,0.892704196411185,2025-10-05,-0.0028159703514076175,921,TPC Craig Ranch
12920,"Willett, Danny",4056,frederikshavn golfklub,sg_total,0.7037354185131224,2020-08-30,-0.003159531991141886,921,TPC Craig Ranch
12920,"Willett, Danny",236,Erin Hills,sg_total,0.19612560169848642,2017-06-18,-0.0032563988708048572,921,TPC Craig Ranch
12920,"Willett, Danny",3511,wentworth golf club,sg_total,1.5526164525086752,2017-05-28,-0.004269632351902294,921,TPC Craig Ranch
12920,"Willett, Danny",4458,adriatic golf club cervia,sg_total,1.417149104373669,2024-06-30,-0.004757353624597499,921,TPC Craig Ranch
12920,"Willett, Danny",4586,wentworth golf club,sg_total,7.067038727062007,2025-09-14,-0.00533057509334024,921,TPC Craig Ranch
12920,"Willett, Danny",3637,emirates gc,sg_total,0.4387380156030095,2018-01-28,-0.005380953180917622,921,TPC Craig Ranch
12920,"Willett, Danny",4727,emirates gc,sg_total,0.9441218903864221,2026-01-25,-0.005413795112335049,921,TPC Craig Ranch
12920,"Willett, Danny",3878,wentworth golf club,sg_total,1.7002824105530916,2021-09-12,-0.00794986060425806,921,TPC Craig Ranch
12920,"Willett, Danny",3978,yas links,sg_total,0.908597734151391,2022-01-23,-0.008667723115255469,921,TPC Craig Ranch
12920,"Willett, Danny",4392,brabazon course at the belfry,sg_total,1.462499825137764,2024-09-01,-0.008784873503101526,921,TPC Craig Ranch
12920,"Willett, Danny",4493,pga national oaks prague,sg_total,1.4522980741473819,2024-08-18,-0.015992506872169986,921,TPC Craig Ranch
12920,"Willett, Danny",4722,royal melbourne gc,sg_total,1.8425439173926974,2025-12-07,-0.03207120613318355,921,TPC Craig Ranch
22051,"Wise, Aaron",882,Caves Valley Golf Club,sg_app,1.688421993568662,2021-08-29,0.009733631245715198,921,TPC Craig Ranch
22051,"Wise, Aaron",5,Pebble Beach Golf Links,sg_app,1.0776316617818833,2020-02-09,0.002724001187601554,921,TPC Craig Ranch
22051,"Wise, Aaron",688,East Lake Golf Club,sg_app,3.0138175943134224,2022-08-28,-0.0018990259103896885,921,TPC Craig Ranch
22051,"Wise, Aaron",534,Bellerive CC,sg_app,0.4839117036224753,2018-08-12,-0.0031319843678562216,921,TPC Craig Ranch
22051,"Wise, Aaron",656,Plantation Course at Kapalua,sg_app,3.206365108733139,2023-01-08,-0.01061205450540613,921,TPC Craig Ranch
22051,"Wise, Aaron",514,Oak Hill Country Club,sg_app,1.1567879787560167,2023-05-21,-0.01646421891096444,921,TPC Craig Ranch
22051,"Wise, Aaron",921,TPC Craig Ranch,sg_app,5.829420818332473,2023-05-14,-0.08212493025994311,921,TPC Craig Ranch
22051,"Wise, Aaron",921,TPC Craig Ranch,sg_arg,5.829420818332473,2023-05-14,0.009886684336069195,921,TPC Craig Ranch
22051,"Wise, Aaron",773,Aronimink GC,sg_arg,0.9814682258117053,2018-09-09,0.003863337231287343,921,TPC Craig Ranch
22051,"Wise, Aaron",873,Ridgewood CC,sg_arg,0.9746219381933394,2018-08-26,0.003110010560922501,921,TPC Craig Ranch
22051,"Wise, Aaron",243,Trinity Forest Golf Club,sg_arg,2.0373889195179675,2019-05-12,0.0020102914007866825,921,TPC Craig Ranch
22051,"Wise, Aaron",21,Colonial Country Club,sg_arg,0.4656351835202038,2018-05-27,0.001415078374874741,921,TPC Craig Ranch
22051,"Wise, Aaron",886,Liberty National Golf Club,sg_arg,2.8435375426214686,2021-08-22,0.0007464508567190831,921,TPC Craig Ranch
22051,"Wise, Aaron",874,Hamilton Golf & Country Club,sg_arg,0.5625063706092978,2019-06-09,-0.0014568616782014061,921,TPC Craig Ranch
22051,"Wise, Aaron",6,Waialae Country Club,sg_arg,1.062649935303022,2020-01-12,-0.0025118040149062523,921,TPC Craig Ranch
22051,"Wise, Aaron",872,Quail Hollow Club,sg_ott,3.6235085433865515,2021-05-09,0.013187162171891467,921,TPC Craig Ranch
22051,"Wise, Aaron",921,TPC Craig Ranch,sg_ott,5.829420818332473,2023-05-14,0.012717610737259216,921,TPC Craig Ranch
22051,"Wise, Aaron",901,Wilmington Country Club,sg_ott,2.0183782877342047,2022-08-21,0.010885061589427576,921,TPC Craig Ranch
22051,"Wise, Aaron",243,Trinity Forest Golf Club,sg_ott,2.0373889195179675,2019-05-12,0.009113238097274651,921,TPC Craig Ranch
22051,"Wise, Aaron",12,Harbour Town Golf Links,sg_ott,3.364570775281642,2022-04-17,0.008754833379774027,921,TPC Craig Ranch
22051,"Wise, Aaron",534,Bellerive CC,sg_ott,0.4839117036224753,2018-08-12,0.006319034839122849,921,TPC Craig Ranch
22051,"Wise, Aaron",897,Memorial Park Golf Course,sg_ott,7.2659240765028725,2026-03-29,0.005930482507957895,921,TPC Craig Ranch
22051,"Wise, Aaron",873,Ridgewood CC,sg_ott,0.9746219381933394,2018-08-26,0.005076546875902699,921,TPC Craig Ranch
22051,"Wise, Aaron",770,TPC San Antonio - The Oaks Course,sg_ott,2.0263313576644646,2021-04-04,0.0050072386964349,921,TPC Craig Ranch
22051,"Wise, Aaron",654,The Country Club,sg_ott,1.9557903075170284,2022-06-19,0.0039036284969178863,921,TPC Craig Ranch
22051,"Wise, Aaron",893,Muirfield Village Golf Club,sg_ott,0.686703394995133,2020-07-12,0.0008847262296046482,921,TPC Craig Ranch
22051,"Wise, Aaron",746,The Country Club of Jackson,sg_ott,6.960055542970652,2025-10-05,0.0004991285940117497,921,TPC Craig Ranch
22051,"Wise, Aaron",21,Colonial Country Club,sg_ott,0.4656351835202038,2018-05-27,0.00041153075175411177,921,TPC Craig Ranch
22051,"Wise, Aaron",5,Pebble Beach Golf Links,sg_ott,1.0776316617818833,2020-02-09,-0.003115806491607042,921,TPC Craig Ranch
22051,"Wise, Aaron",4,Torrey Pines Golf Course (South Course),sg_ott,2.434221996674048,2026-02-01,-0.003722644895544364,921,TPC Craig Ranch
22051,"Wise, Aaron",697,Ocean Course at Kiawah Island,sg_ott,1.6076835612440104,2021-05-23,-0.004203220841330601,921,TPC Craig Ranch
22051,"Wise, Aaron",876,Detroit Golf Club,sg_ott,5.221256104126629,2025-06-29,-0.007224484856934345,921,TPC Craig Ranch
22051,"Wise, Aaron",514,Oak Hill Country Club,sg_ott,1.1567879787560167,2023-05-21,-0.011088114442352496,921,TPC Craig Ranch
22051,"Wise, Aaron",928,PGA National  - Champion Course,sg_ott,1.9215788783046464,2026-03-01,-0.020234764207586953,921,TPC Craig Ranch
22051,"Wise, Aaron",873,Ridgewood CC,sg_putt,0.9746219381933394,2018-08-26,0.005172878341925864,921,TPC Craig Ranch
22051,"Wise, Aaron",666,Pebble Beach Golf Links,sg_putt,1.1289571845620932,2019-06-16,0.002225249771771387,921,TPC Craig Ranch
22051,"Wise, Aaron",656,Plantation Course at Kapalua,sg_putt,3.206365108733139,2023-01-08,-8.002587341139127e-05,921,TPC Craig Ranch
22051,"Wise, Aaron",665,Innisbrook Resort and Golf Club - Copperhead Course,sg_putt,1.8304958615273428,2022-03-20,-0.0015084104120305045,921,TPC Craig Ranch
22051,"Wise, Aaron",893,Muirfield Village Golf Club,sg_putt,0.686703394995133,2020-07-12,-0.0029873311723065334,921,TPC Craig Ranch
22051,"Wise, Aaron",668,St. Andrews Links (Old Course),sg_putt,1.9833639368598586,2022-07-17,-0.00524467315695795,921,TPC Craig Ranch
22051,"Wise, Aaron",921,TPC Craig Ranch,sg_putt,5.829420818332473,2023-05-14,-0.014822219418383194,921,TPC Craig Ranch
22051,"Wise, Aaron",510,TPC Scottsdale (Stadium Course),sg_putt,4.178707705683973,2023-02-12,-0.015668335099357406,921,TPC Craig Ranch
22051,"Wise, Aaron",98,PGA Riviera Maya,sg_total,3.306183030916225,2025-05-04,0.006942670481927724,921,TPC Craig Ranch
22051,"Wise, Aaron",50,Corales Golf Club,sg_total,0.7681996344830163,2017-05-07,0.0016381154603548492,921,TPC Craig Ranch
22051,"Wise, Aaron",803,University Ridge GC,sg_total,0.19339897420195362,2017-05-21,-0.0020218082103550016,921,TPC Craig Ranch
22051,"Wise, Aaron",108,Prince of Wales Country Club,sg_total,1.607446958889312,2025-03-09,-0.008395420922262848,921,TPC Craig Ranch
22051,"Wise, Aaron",742,Grand Reserve Golf Club,sg_total,1.339969939577328,2024-03-10,-0.017268334646332952,921,TPC Craig Ranch
25002,"Wu, Dylan",5,Pebble Beach Golf Links,sg_app,2.012603503155519,2023-02-05,0.0234306381409585,921,TPC Craig Ranch
25002,"Wu, Dylan",772,St. George's G&CC,sg_app,0.9744785033464105,2022-06-12,-0.01075954410627899,921,TPC Craig Ranch
25002,"Wu, Dylan",934,Hurstbourne Country Club,sg_app,1.7119741538578583,2025-07-13,-0.014744831587477237,921,TPC Craig Ranch
25002,"Wu, Dylan",921,TPC Craig Ranch,sg_app,6.522807278674235,2025-05-04,-0.014885324554834545,921,TPC Craig Ranch
25002,"Wu, Dylan",921,TPC Craig Ranch,sg_arg,6.522807278674235,2025-05-04,0.0077746217875081305,921,TPC Craig Ranch
25002,"Wu, Dylan",874,Hamilton Golf & Country Club,sg_arg,1.3974472516771892,2024-06-02,-0.0015664127912665665,921,TPC Craig Ranch
25002,"Wu, Dylan",930,Black Desert Resort,sg_arg,4.791328090856462,2025-10-26,-0.004272984239413172,921,TPC Craig Ranch
25002,"Wu, Dylan",6,Waialae Country Club,sg_arg,9.266240245927715,2026-01-18,-0.006482621577936502,921,TPC Craig Ranch
25002,"Wu, Dylan",21,Colonial Country Club,sg_arg,5.894489411610115,2025-05-25,-0.009605304201493444,921,TPC Craig Ranch
25002,"Wu, Dylan",714,TPC Louisiana,sg_ott,6.411480827882277,2026-04-26,0.017997188840481994,921,TPC Craig Ranch
25002,"Wu, Dylan",926,Silverado Resort (North Course),sg_ott,3.9281847310834683,2024-09-15,0.01749478310916242,921,TPC Craig Ranch
25002,"Wu, Dylan",4,Torrey Pines Golf Course (South Course),sg_ott,4.703546670010978,2026-02-01,0.014548623379456978,921,TPC Craig Ranch
25002,"Wu, Dylan",977,The Renaissance Club,sg_ott,1.1896357651432707,2023-07-16,0.0009238599801115133,921,TPC Craig Ranch
25002,"Wu, Dylan",5,Pebble Beach Golf Links,sg_ott,2.012603503155519,2023-02-05,-0.003000072781619124,921,TPC Craig Ranch
25002,"Wu, Dylan",772,St. George's G&CC,sg_ott,0.9744785033464105,2022-06-12,-0.0031303740510857415,921,TPC Craig Ranch
25002,"Wu, Dylan",872,Quail Hollow Club,sg_ott,2.297437476392113,2023-05-07,-0.003868015666352542,921,TPC Craig Ranch
25002,"Wu, Dylan",897,Memorial Park Golf Course,sg_ott,4.656897677210157,2026-03-29,-0.010299251966371247,921,TPC Craig Ranch
25002,"Wu, Dylan",928,PGA National  - Champion Course,sg_ott,6.780276727816468,2026-03-01,-0.01393627978589537,921,TPC Craig Ranch
25002,"Wu, Dylan",746,The Country Club of Jackson,sg_ott,5.649310533040633,2024-10-06,-0.01714390629997509,921,TPC Craig Ranch
25002,"Wu, Dylan",770,TPC San Antonio - The Oaks Course,sg_ott,7.871769169220513,2026-04-05,-0.022902161280958195,921,TPC Craig Ranch
25002,"Wu, Dylan",21,Colonial Country Club,sg_ott,5.894489411610115,2025-05-25,-0.02334236142076742,921,TPC Craig Ranch
25002,"Wu, Dylan",876,Detroit Golf Club,sg_ott,6.195621089904703,2024-06-30,-0.03276755123126614,921,TPC Craig Ranch
25002,"Wu, Dylan",921,TPC Craig Ranch,sg_ott,6.522807278674235,2025-05-04,-0.04201494889304608,921,TPC Craig Ranch
25002,"Wu, Dylan",665,Innisbrook Resort and Golf Club - Copperhead Course,sg_putt,9.758720949446603,2026-03-22,0.011691254575782977,921,TPC Craig Ranch
25002,"Wu, Dylan",921,TPC Craig Ranch,sg_putt,6.522807278674235,2025-05-04,-0.0017387402380754028,921,TPC Craig Ranch
25002,"Wu, Dylan",510,TPC Scottsdale (Stadium Course),sg_putt,1.3213410668032586,2024-02-11,-0.0035166555331597855,921,TPC Craig Ranch
25002,"Wu, Dylan",244,Puntacana Resort (Corales Golf Course),sg_total,7.408163132321301,2025-04-20,0.019116412294222052,921,TPC Craig Ranch
25002,"Wu, Dylan",65,TPC San Antonio-AT&T Oaks,sg_total,1.37753319687576,2020-07-18,0.003507595152576279,921,TPC Craig Ranch
25002,"Wu, Dylan",630,Fox Den CC,sg_total,0.5566309536372973,2019-05-19,-0.0009113715697840871,921,TPC Craig Ranch
25002,"Wu, Dylan",62,The Ledges,sg_total,1.5908911980373366,2021-05-02,-0.0017315489684510106,921,TPC Craig Ranch
25002,"Wu, Dylan",811,Paiute Golf Resort - Sun Mt GC,sg_total,0.7898969228492065,2021-04-18,-0.0027644611589838497,921,TPC Craig Ranch
25002,"Wu, Dylan",67,The King & Bear Course at WGV,sg_total,0.6791910512898782,2020-06-20,-0.004277692973947985,921,TPC Craig Ranch
25002,"Wu, Dylan",809,Country Club de Bogota-Pacos,sg_total,1.1104556022783416,2025-02-09,-0.005431406073155529,921,TPC Craig Ranch
25002,"Wu, Dylan",742,Grand Reserve Golf Club,sg_total,3.154076179825153,2023-03-05,-0.01595728893649963,921,TPC Craig Ranch
23656,"Young, Carson",921,TPC Craig Ranch,sg_app,6.7146227174851445,2025-05-04,0.039236336209935246,921,TPC Craig Ranch
23656,"Young, Carson",875,ACCORDIA GOLF Narashino Country Club,sg_app,3.0080570172775305,2024-10-27,0.03454745918878276,921,TPC Craig Ranch
23656,"Young, Carson",5,Pebble Beach Golf Links,sg_app,0.5488116360940264,2023-02-05,0.004217515900169,921,TPC Craig Ranch
23656,"Young, Carson",934,Hurstbourne Country Club,sg_app,1.7119741538578583,2025-07-13,-0.0033171968094607433,921,TPC Craig Ranch
23656,"Young, Carson",921,TPC Craig Ranch,sg_arg,6.7146227174851445,2025-05-04,0.0554095463876663,921,TPC Craig Ranch
23656,"Young, Carson",6,Waialae Country Club,sg_arg,3.952192427277378,2025-01-12,0.005529224299608571,921,TPC Craig Ranch
23656,"Young, Carson",874,Hamilton Golf & Country Club,sg_arg,2.7948945033543784,2024-06-02,0.004071278063480792,921,TPC Craig Ranch
23656,"Young, Carson",21,Colonial Country Club,sg_arg,7.055333241891599,2025-05-25,0.00033648355099860606,921,TPC Craig Ranch
23656,"Young, Carson",930,Black Desert Resort,sg_arg,4.791328090856462,2025-10-26,-0.007478489663968221,921,TPC Craig Ranch
23656,"Young, Carson",926,Silverado Resort (North Course),sg_ott,5.694944412848971,2025-09-14,0.023329155064535895,921,TPC Craig Ranch
23656,"Young, Carson",921,TPC Craig Ranch,sg_ott,6.7146227174851445,2025-05-04,0.020506557485846188,921,TPC Craig Ranch
23656,"Young, Carson",12,Harbour Town Golf Links,sg_ott,2.2734405870301617,2023-04-16,0.008720629395835235,921,TPC Craig Ranch
23656,"Young, Carson",928,PGA National  - Champion Course,sg_ott,8.115564970354326,2026-03-01,0.0039793855909332505,921,TPC Craig Ranch
23656,"Young, Carson",5,Pebble Beach Golf Links,sg_ott,0.5488116360940264,2023-02-05,0.003626580022246643,921,TPC Craig Ranch
23656,"Young, Carson",4,Torrey Pines Golf Course (South Course),sg_ott,3.3004507534414764,2025-01-25,-0.004079708259828298,921,TPC Craig Ranch
23656,"Young, Carson",872,Quail Hollow Club,sg_ott,1.1487187381960564,2023-05-07,-0.006197144164362293,921,TPC Craig Ranch
23656,"Young, Carson",876,Detroit Golf Club,sg_ott,5.479856070774163,2025-06-29,-0.0068239090108847536,921,TPC Craig Ranch
23656,"Young, Carson",897,Memorial Park Golf Course,sg_ott,2.40659153515054,2024-03-31,-0.013596719464231844,921,TPC Craig Ranch
23656,"Young, Carson",714,TPC Louisiana,sg_ott,6.740308445068983,2026-04-26,-0.026345105298419644,921,TPC Craig Ranch
23656,"Young, Carson",770,TPC San Antonio - The Oaks Course,sg_ott,7.703373929044697,2026-04-05,-0.028538285363227986,921,TPC Craig Ranch
23656,"Young, Carson",21,Colonial Country Club,sg_ott,7.055333241891599,2025-05-25,-0.03947658612649737,921,TPC Craig Ranch
23656,"Young, Carson",746,The Country Club of Jackson,sg_ott,7.78811901572956,2025-10-05,-0.05591423992132027,921,TPC Craig Ranch
23656,"Young, Carson",510,TPC Scottsdale (Stadium Course),sg_putt,5.812881130993629,2025-02-09,0.015675244710928408,921,TPC Craig Ranch
23656,"Young, Carson",665,Innisbrook Resort and Golf Club - Copperhead Course,sg_putt,3.8196823602564702,2024-03-24,-0.007068656067614794,921,TPC Craig Ranch
23656,"Young, Carson",921,TPC Craig Ranch,sg_putt,6.7146227174851445,2025-05-04,-0.035458522960789746,921,TPC Craig Ranch
23656,"Young, Carson",62,The Ledges,sg_total,2.7039012611028057,2022-05-01,0.006657687764490178,921,TPC Craig Ranch
23656,"Young, Carson",742,Grand Reserve Golf Club,sg_total,2.9969757294418766,2023-03-05,0.006342853654152949,921,TPC Craig Ranch
23656,"Young, Carson",630,Fox Den CC,sg_total,1.1132619072745946,2019-05-19,0.000983917538945434,921,TPC Craig Ranch
23656,"Young, Carson",98,PGA Riviera Maya,sg_total,3.9384780270069317,2026-04-19,-0.004019722758928151,921,TPC Craig Ranch
23656,"Young, Carson",61,Country Club at Golden Nugget,sg_total,0.9376741115073225,2022-03-27,-0.012798532660242612,921,TPC Craig Ranch
23656,"Young, Carson",244,Puntacana Resort (Corales Golf Course),sg_total,5.25966147887898,2025-04-20,-0.028783488344965878,921,TPC Craig Ranch
17881,"Yu, Kevin",921,TPC Craig Ranch,sg_app,4.684202334031987,2025-05-04,0.07208835633367615,921,TPC Craig Ranch
17881,"Yu, Kevin",5,Pebble Beach Golf Links,sg_app,7.645951943607229,2026-02-15,0.03561032390211421,921,TPC Craig Ranch
17881,"Yu, Kevin",875,ACCORDIA GOLF Narashino Country Club,sg_app,3.0080570172775305,2024-10-27,0.01574739985630532,921,TPC Craig Ranch
17881,"Yu, Kevin",656,Plantation Course at Kapalua,sg_app,3.1152031322856195,2025-01-05,-0.021182043882982046,921,TPC Craig Ranch
17881,"Yu, Kevin",874,Hamilton Golf & Country Club,sg_arg,2.7948945033543784,2024-06-02,0.009100956621976788,921,TPC Craig Ranch
17881,"Yu, Kevin",21,Colonial Country Club,sg_arg,4.4556698941896276,2025-05-25,0.00858751106539703,921,TPC Craig Ranch
17881,"Yu, Kevin",930,Black Desert Resort,sg_arg,3.608507893926066,2025-10-26,0.001115311030627124,921,TPC Craig Ranch
17881,"Yu, Kevin",6,Waialae Country Club,sg_arg,3.4752882272983747,2024-01-14,-0.010356285477773588,921,TPC Craig Ranch
17881,"Yu, Kevin",921,TPC Craig Ranch,sg_arg,4.684202334031987,2025-05-04,-0.021352816214688704,921,TPC Craig Ranch
17881,"Yu, Kevin",746,The Country Club of Jackson,sg_ott,9.849331431710127,2025-10-05,0.02304792964751575,921,TPC Craig Ranch
17881,"Yu, Kevin",921,TPC Craig Ranch,sg_ott,4.684202334031987,2025-05-04,0.023042780095907493,921,TPC Craig Ranch
17881,"Yu, Kevin",770,TPC San Antonio - The Oaks Course,sg_ott,6.628727850271892,2026-04-05,0.019373412824129698,921,TPC Craig Ranch
17881,"Yu, Kevin",14,Augusta National Golf Club,sg_ott,1.6358248631077188,2025-04-13,0.004928276824603098,921,TPC Craig Ranch
17881,"Yu, Kevin",928,PGA National  - Champion Course,sg_ott,4.592155363380362,2026-03-01,-0.0007013117741038255,921,TPC Craig Ranch
17881,"Yu, Kevin",5,Pebble Beach Golf Links,sg_ott,7.645951943607229,2026-02-15,-0.011279561475683137,921,TPC Craig Ranch
17881,"Yu, Kevin",250,Le Golf National,sg_ott,2.884334972106428,2024-08-04,-0.013996526805214227,921,TPC Craig Ranch
17881,"Yu, Kevin",4,Torrey Pines Golf Course (South Course),sg_ott,5.796788218400173,2026-02-01,-0.014045973743124046,921,TPC Craig Ranch
17881,"Yu, Kevin",205,Spyglass Hill Golf Course,sg_ott,1.7438680715231738,2026-02-15,-0.014137247781000846,921,TPC Craig Ranch
17881,"Yu, Kevin",241,Quail Hollow-PGA Championship,sg_ott,3.329407502951579,2025-05-18,-0.01715639132782239,921,TPC Craig Ranch
17881,"Yu, Kevin",926,Silverado Resort (North Course),sg_ott,1.2277057460856342,2023-09-17,-0.019113440496609152,921,TPC Craig Ranch
17881,"Yu, Kevin",876,Detroit Golf Club,sg_ott,4.015635601722187,2024-06-30,-0.02012608890466661,921,TPC Craig Ranch
17881,"Yu, Kevin",897,Memorial Park Golf Course,sg_ott,5.197498326065254,2026-03-29,-0.020185594782229234,921,TPC Craig Ranch
17881,"Yu, Kevin",21,Colonial Country Club,sg_ott,4.4556698941896276,2025-05-25,-0.021789482318876934,921,TPC Craig Ranch
17881,"Yu, Kevin",714,TPC Louisiana,sg_ott,3.6234592342610146,2026-04-26,-0.027192172240576837,921,TPC Craig Ranch
17881,"Yu, Kevin",977,The Renaissance Club,sg_ott,6.040688022271992,2025-07-13,-0.03101764222704051,921,TPC Craig Ranch
17881,"Yu, Kevin",510,TPC Scottsdale (Stadium Course),sg_putt,4.491540064190371,2025-02-09,0.024969584404932108,921,TPC Craig Ranch
17881,"Yu, Kevin",665,Innisbrook Resort and Golf Club - Copperhead Course,sg_putt,9.404981258605801,2026-03-22,0.008542356926951725,921,TPC Craig Ranch
17881,"Yu, Kevin",921,TPC Craig Ranch,sg_putt,4.684202334031987,2025-05-04,-0.008072680642861055,921,TPC Craig Ranch
17881,"Yu, Kevin",656,Plantation Course at Kapalua,sg_putt,3.1152031322856195,2025-01-05,-0.021438193055259645,921,TPC Craig Ranch
17881,"Yu, Kevin",742,Grand Reserve Golf Club,sg_total,1.855760084366587,2022-03-06,0.009411740746724424,921,TPC Craig Ranch
17881,"Yu, Kevin",61,Country Club at Golden Nugget,sg_total,1.875348223014645,2022-03-27,0.004477343400195303,921,TPC Craig Ranch
17881,"Yu, Kevin",62,The Ledges,sg_total,0.9542278310420688,2022-05-01,-0.004184886704961927,921,TPC Craig Ranch
17881,"Yu, Kevin",244,Puntacana Resort (Corales Golf Course),sg_total,1.3684068508277742,2024-04-21,-0.00940915591048356,921,TPC Craig Ranch
17550,"van Rooyen, Erik",921,TPC Craig Ranch,sg_app,5.259962580995617,2025-05-04,0.13396826593506697,921,TPC Craig Ranch
17550,"van Rooyen, Erik",882,Caves Valley Golf Club,sg_app,1.688421993568662,2021-08-29,0.040286067369710264,921,TPC Craig Ranch
17550,"van Rooyen, Erik",379,The Philadelphia Cricket Club (Wissahickon Course),sg_app,3.3177749455416157,2025-05-11,0.02223510178523536,921,TPC Craig Ranch
17550,"van Rooyen, Erik",5,Pebble Beach Golf Links,sg_app,4.234878114742089,2025-02-02,0.02085612785187259,921,TPC Craig Ranch
17550,"van Rooyen, Erik",891,Winged Foot GC,sg_app,1.4223271399131445,2020-09-20,0.019071367459087576,921,TPC Craig Ranch
17550,"van Rooyen, Erik",688,East Lake Golf Club,sg_app,1.6943418242066095,2021-09-05,0.004673545646257663,921,TPC Craig Ranch
17550,"van Rooyen, Erik",656,Plantation Course at Kapalua,sg_app,4.401357024352759,2024-01-07,-0.004994900923495716,921,TPC Craig Ranch
17550,"van Rooyen, Erik",921,TPC Craig Ranch,sg_arg,5.259962580995617,2025-05-04,0.012977371916128216,921,TPC Craig Ranch
17550,"van Rooyen, Erik",930,Black Desert Resort,sg_arg,2.9870741438934285,2024-10-13,0.012242006680435282,921,TPC Craig Ranch
17550,"van Rooyen, Erik",886,Liberty National Golf Club,sg_arg,1.6825228461212498,2021-08-22,0.004424134324215573,921,TPC Craig Ranch
17550,"van Rooyen, Erik",21,Colonial Country Club,sg_arg,6.146762180304226,2025-05-25,0.001864067088321903,921,TPC Craig Ranch
17550,"van Rooyen, Erik",744,Torrey Pines (South),sg_arg,0.8151747109591491,2021-06-20,-0.0023218855453443162,921,TPC Craig Ranch
17550,"van Rooyen, Erik",874,Hamilton Golf & Country Club,sg_arg,2.7948945033543784,2024-06-02,-0.006065730812361434,921,TPC Craig Ranch
17550,"van Rooyen, Erik",6,Waialae Country Club,sg_arg,10.179322683222392,2026-01-18,-0.01930450295183687,921,TPC Craig Ranch
17550,"van Rooyen, Erik",926,Silverado Resort (North Course),sg_ott,2.4554114921712684,2023-09-17,0.017852007941112146,921,TPC Craig Ranch
17550,"van Rooyen, Erik",928,PGA National  - Champion Course,sg_ott,7.795816820718999,2026-03-01,0.017069853987709587,921,TPC Craig Ranch
17550,"van Rooyen, Erik",379,The Philadelphia Cricket Club (Wissahickon Course),sg_ott,3.3177749455416157,2025-05-11,0.009770320641003045,921,TPC Craig Ranch
17550,"van Rooyen, Erik",5,Pebble Beach Golf Links,sg_ott,4.234878114742089,2025-02-02,0.006255147939286701,921,TPC Craig Ranch
17550,"van Rooyen, Erik",895,TPC Harding Park,sg_ott,1.3927697092247904,2020-08-09,0.005477689308552802,921,TPC Craig Ranch
17550,"van Rooyen, Erik",12,Harbour Town Golf Links,sg_ott,7.127738579331621,2024-04-21,0.005079627191405615,921,TPC Craig Ranch
17550,"van Rooyen, Erik",21,Colonial Country Club,sg_ott,6.146762180304226,2025-05-25,0.003045682472728604,921,TPC Craig Ranch
17550,"van Rooyen, Erik",770,TPC San Antonio - The Oaks Course,sg_ott,11.227650307005389,2026-04-05,0.0028174320164589682,921,TPC Craig Ranch
17550,"van Rooyen, Erik",14,Augusta National Golf Club,sg_ott,0.9442608570012471,2022-04-10,0.002506718137097764,921,TPC Craig Ranch
17550,"van Rooyen, Erik",654,The Country Club,sg_ott,0.9778951537585142,2022-06-19,0.0007324368012192131,921,TPC Craig Ranch
17550,"van Rooyen, Erik",697,Ocean Course at Kiawah Island,sg_ott,0.8038417806220052,2021-05-23,-0.0013334114626669534,921,TPC Craig Ranch
17550,"van Rooyen, Erik",746,The Country Club of Jackson,sg_ott,6.052145928029454,2025-10-05,-0.004207902862636884,921,TPC Craig Ranch
17550,"van Rooyen, Erik",872,Quail Hollow Club,sg_ott,1.9469532746046827,2023-05-07,-0.0050782339766767,921,TPC Craig Ranch
17550,"van Rooyen, Erik",921,TPC Craig Ranch,sg_ott,5.259962580995617,2025-05-04,-0.005883090979441538,921,TPC Craig Ranch
17550,"van Rooyen, Erik",977,The Renaissance Club,sg_ott,5.554399201196151,2025-07-13,-0.006010056606448429,921,TPC Craig Ranch
17550,"van Rooyen, Erik",744,Torrey Pines (South),sg_ott,0.8151747109591491,2021-06-20,-0.007732633380754803,921,TPC Craig Ranch
17550,"van Rooyen, Erik",876,Detroit Golf Club,sg_ott,8.100004096891947,2025-06-29,-0.009845848449647619,921,TPC Craig Ranch
17550,"van Rooyen, Erik",205,Spyglass Hill Golf Course,sg_ott,0.7897806739328027,2025-02-02,-0.010411988588777645,921,TPC Craig Ranch
17550,"van Rooyen, Erik",897,Memorial Park Golf Course,sg_ott,7.635877576489055,2026-03-29,-0.011039941473513165,921,TPC Craig Ranch
17550,"van Rooyen, Erik",891,Winged Foot GC,sg_ott,1.4223271399131445,2020-09-20,-0.011135893835189517,921,TPC Craig Ranch
17550,"van Rooyen, Erik",4,Torrey Pines Golf Course (South Course),sg_ott,2.114091898889316,2026-02-01,-0.04798892390827978,921,TPC Craig Ranch
17550,"van Rooyen, Erik",656,Plantation Course at Kapalua,sg_putt,4.401357024352759,2024-01-07,0.021285380186602722,921,TPC Craig Ranch
17550,"van Rooyen, Erik",921,TPC Craig Ranch,sg_putt,5.259962580995617,2025-05-04,0.01724942590073334,921,TPC Craig Ranch
17550,"van Rooyen, Erik",898,The Concession Golf Club,sg_putt,1.5415591836000346,2021-02-28,0.003217936401548539,921,TPC Craig Ranch
17550,"van Rooyen, Erik",666,Pebble Beach Golf Links,sg_putt,1.1289571845620932,2019-06-16,-0.006900888415863382,921,TPC Craig Ranch
17550,"van Rooyen, Erik",665,Innisbrook Resort and Golf Club - Copperhead Course,sg_putt,4.979141534199019,2026-03-22,-0.01662495172086664,921,TPC Craig Ranch
17550,"van Rooyen, Erik",510,TPC Scottsdale (Stadium Course),sg_putt,7.773620538696956,2026-02-08,-0.033925805504582955,921,TPC Craig Ranch
17550,"van Rooyen, Erik",742,Grand Reserve Golf Club,sg_total,2.2261961376418595,2023-03-05,-0.0004473010460684391,921,TPC Craig Ranch
17550,"van Rooyen, Erik",244,Puntacana Resort (Corales Golf Course),sg_total,3.8912546280512066,2025-04-20,-0.015019175345960825,921,TPC Craig Ranch
